8.652996390858206,6.621708413751627,7.039794021650273,-1.945616032097941,2.053604582653602,-1.592296606248633,1.861489789074103,6.742648957300410,-8.634520509995129,-3.880843778874628,2.954370141069273,3.382426356634804,-1.278216173384749,-2.282868037939236,-5.769688304301404,-2.583942542302191,1.685607241190821,-8.074488641284901,7.655421556154430,6.439138325611019,-5.167830972550065,-5.163961514018938,-5.810518324815988,1.208883086109825,4.518040275221304,-5.676362326130560,-8.676502562968324,-7.999758085174311,5.420216124582533,8.251188875574492,-2.461972307878710,9.394984621337702,-9.883882923058314,5.609140258034417,6.928000220894425,-1.841539776004854,0.049648856578106,-2.718123827519339,1.836446174338395,7.930642533066113,1.193996815120258,-7.755198188746252,-5.859477622079030,0.834505059798545,-8.221289986305093,-7.333643621227863,-7.114553000036963,7.032018650014564,3.557659375809695,0.162323919417469,9.844496542884599,7.573743920651118,5.297218454702863,-0.369013804252516,6.196177776761971,-3.322352219918907,7.635683215004235,1.642955114875571,0.363121701756114,-2.395991900769139,3.478967445727806,3.472280330011941,-5.646473608130488,4.442900401944208,5.339459063276017,-3.487271572574519,8.363776629672287,-5.804713463074906,-3.378048689117232,-0.314995872712311,-7.291443219883491,-2.178686755883383,-6.551074830816992,-8.806142688365581,-9.386605660023173,-2.631244293840780,-8.011566345275385,-4.758611253961885,5.296648132416696,0.952472688450145,4.162144528420761,-6.623485783178074,7.301473221759458,5.356369351707350,8.451539074864499,5.065971715577023,4.240692927701438,-6.720340799771329,0.191274120120863,-7.090169342065882,0.468022976181048,-3.602120656051000,-2.800616385828343,3.195230651229778,-4.436622753377928,-4.836496624448920,-2.605140830919728,6.895300814933599,1.545104395561358,8.366392361923040
7.681985890261313,-6.688291140492963,5.330303057147795,1.692303966609872,-4.072675006655522,-7.445517500520983,8.783657709489582,1.693364765696172,-1.467153038530391,-1.283868597848999,-5.318098064136343,-0.774072292828707,-3.152527363622982,7.577807692214282,7.369947527629968,-9.337898523961885,9.713954590388962,-3.516725264384510,-0.150106136919423,6.580832103032456,8.620284032175768,-9.192981777216163,8.813808540917385,8.417640435953146,1.793435964125292,-0.363559402808495,-5.892913161811057,-8.974058237522645,-8.509113832255920,-9.190461611661823,-5.632289687576606,-7.177745639801789,-2.601103263987889,6.074710741202143,7.459631979699811,4.160568426965813,8.719146630971682,-5.940642317508789,-5.382386564160500,-8.032261778909731,3.296545303185784,-1.222603707685135,8.634428089196987,-4.574812087231390,-5.036065715948541,0.978862689169009,-4.964739334471203,-6.386357224787274,7.217555065095485,-3.345650856525644,-7.216786395954504,9.939736423795182,-0.339709069860263,9.288270384676075,-5.898990728826332,-5.443626765538485,1.357441530464463,-6.757059882566613,-7.493069651997882,-7.089662579852614,-3.061480584807919,-6.770208303481229,1.044579730025871,-6.378562655399089,-5.033699678678993,7.250425840966347,-3.636717211967888,-8.396409283151778,6.408593383053727,9.401021309619168,2.684036323896382,-3.950674454579904,7.808236440529104,-3.852857427117986,7.059418774350601,0.080554299271425,-7.879741630499996,9.830091595863522,-9.828092656833265,-6.204841011985803,2.829473826127277,-9.660649709163264,-9.365421187394556,1.459242168033462,-9.948987453018884,-6.303191831692949,2.764945481950221,0.699256256644452,-0.710801644004931,4.223393917266211,-4.081095325781215,-3.995960858975025,4.843128727800657,-4.813550759249638,-5.616423373494572,2.152737691755583,-9.138277526354022,-6.652814447406479,9.402988346840758,7.929590670845023
-7.998880420962065,-2.723337597579847,-0.523332688764196,-8.741103348978502,-9.300176855142954,-4.969921008797633,-0.507772885179305,-6.577007273618756,4.176667065579210,5.956167680039673,-6.486415351839970,5.232153194071461,-8.666433748148263,3.266501286129774,-2.590858059426504,3.105634971169470,4.240832126477052,-4.338972697624439,0.048037012219432,6.860102345481970,8.486874180253501,0.897105537928924,-0.357718542345946,-1.477105383341819,6.637341792940546,-2.352796197417777,6.655592777060939,2.958286871220711,-3.381579467173306,-2.066035784300723,9.186700083915767,-0.441932887688715,-9.762189188426316,-2.914678444474605,-5.610915427710452,-6.940054645017410,9.405700091847610,-6.067324526257187,-1.967556696283388,-9.331821504038489,-4.143508263220877,1.151973935392011,-2.742200160961730,-7.425292363938560,-1.602971907933949,8.737460533268919,-5.759069780876289,6.294017444656038,-3.909700645267260,-9.085377193495676,5.277635858039149,-5.011453902652363,-1.615137359441148,-6.052662881290798,-0.705062089448468,1.745559208824663,-7.297653022467196,-5.663930641952508,-7.760236090886703,-0.858131576816197,3.468540137041900,6.439900297340721,-3.185222237588894,1.258705816043173,-1.670967424397713,4.450911193785325,-4.624091340134264,-9.032948682446358,3.153304526216797,-9.121262153942265,-5.479639103064282,-6.370317402299137,-7.595321696454920,6.654233194049812,3.599390091855666,-0.317766924633535,9.915422173294854,2.286649149201391,-8.120017154166261,-8.746336866872056,9.090413768330677,2.911341767274076,2.677542750874020,-4.372982042699871,6.544588259380671,0.433742353396545,-5.301903599418107,-2.607307677740698,-2.380197752597557,4.532239346692064,-2.710597072506609,-9.639773243406839,0.702588054821087,-0.651534710788566,-4.122638343156115,5.484983575435491,-5.150592144077479,-4.766362693042128,2.555070655321934,8.590010243469795
-6.903772149537952,2.963331700675838,-4.648398711928854,-5.538880027090986,2.125711116155726,8.615405944512894,4.942473512581051,-1.712802135678768,-0.308791283653578,7.112606539512196,-3.309690178748745,5.283925716036224,-5.189577151220943,1.123233912638826,6.332256771021804,-2.394345820402668,4.042246981448844,-7.671206479621229,0.941186833492772,3.914153436514688,-6.663588790311983,4.877205247491114,-2.417457943599257,9.399288806660930,8.349374024979422,-8.745813837682419,-9.975198618778355,6.445489992534096,5.186100967374333,9.989733856243166,9.561395603695164,-1.437876729443410,7.741974090597836,-4.618289357303141,3.315333874716673,6.061318695710888,0.162889777439075,-2.840514462055006,4.814936058289923,-2.177413982238246,-7.233204849907811,-7.054137228658190,-3.524725208001207,4.453305609916448,0.593729154479384,3.857240532573625,-8.707123534117526,-7.631353698627519,-1.494711032345089,-7.391543571062941,-8.158557556342545,5.544928795630216,-7.906211406274243,9.188370834789119,-9.727106953876362,1.293190946544554,-8.892579743787920,-3.918966365201298,-0.121808799415771,5.172979699004808,-1.166112692666761,7.605235114616448,7.483709180197799,-2.688699497211573,3.657080851864771,-8.719343392889920,2.662826781443560,3.955534786652315,0.492141506816521,8.213941577766196,3.500691542741610,-2.255761554641738,3.698184996956870,6.692639475348308,-3.724519372594115,-4.487210583603862,-9.919682318518799,9.359711250423231,-3.919762643678300,-1.286398223048202,1.272225393274367,2.805239647273281,7.393651285895604,4.625481911313678,-1.274201076834871,8.096019466315440,5.356506402098455,-5.724329424387520,-9.963741288113470,6.723865099112320,8.856799504372376,6.325432092132033,-6.208115021200711,5.599122595798931,4.120584232869419,-6.502263351781803,-1.738565922184815,8.136794268418793,7.644897614986682,-4.715585448211835
2.673489421969453,7.905697117661010,-8.999065529013224,-3.545920615015092,5.617938093410739,2.869949670544818,8.897814139300600,-1.682740735235475,-7.164312637905783,-7.939832328051393,-5.636791113583371,1.382087446218989,-0.937972597693349,5.835478125457929,-3.197171668109449,-3.700802932528376,-6.177575140181554,-4.769913998630086,-3.756762584970479,-8.240692394207699,1.521918548317343,-5.632760704087505,9.910926127797737,1.981584320584602,-8.129167722796121,-8.081170989712074,-3.426942688262614,2.061453483666650,8.868580382935548,-7.468302275232855,4.312064019280273,1.293040582088205,7.200819698677286,-0.072234490336832,-1.079362442395064,-2.651992127811768,-5.284951689328423,-3.610286972504326,6.482129211478764,0.746027891963978,-0.877085415340826,-0.775739908695325,-9.328611862501033,9.333234770358274,-3.117222944948194,-1.840595115996560,4.691976095814548,-7.060803717428827,7.160052238085260,-3.352134476473879,-7.247241165002785,5.415101007271160,0.623413754506023,9.358719060307156,9.440551810832247,7.920814660492642,-1.976238396481788,3.725305685672520,8.037753833139657,-6.294371345424361,6.693887199947003,5.454812349444504,8.797672855349539,-5.240390375512352,7.183249951145054,7.417950441734625,8.174170795887701,-2.815505490404695,-7.871679393913896,-7.641651922612313,-8.206864389990827,-5.242618546554625,6.314611399801159,5.695648894628452,3.619660517396854,4.723905880869424,-9.325875713580480,-0.829250661288354,-0.491982016885260,-1.281916202842559,-8.190789926535810,-3.696497723893451,-4.760603632295215,-0.537265567430858,4.649333391423369,7.005620460109753,-4.012853820715801,-2.990429899915212,4.550090915208280,9.143173128046321,-4.360043854418299,-5.902330604431461,-0.008827015466865,-1.474238167534427,0.991569847544294,-8.045541210350365,1.588006738545927,5.769595691846670,6.233427767842738,4.411813566802200
-6.781296512337878,0.715014300456351,7.747441329087088,-0.565878249008659,2.342677985374825,-6.613874091009436,5.243665623618924,1.671484303938913,8.943906171529711,-1.481227365485175,9.800386875589741,4.677753304250327,-6.424824953594193,1.535702758401413,-7.264002087213379,6.083921825183413,5.107963393296636,-5.623820896183027,-9.074932283920806,-4.082789506871585,-7.236537562720626,-3.169102407425919,6.975514635703831,9.123574029793492,-9.315520341776612,7.801454772207087,2.945185626123614,-1.698573094754245,-5.459761058682955,-3.523688608052256,-5.960371164448333,-9.962897570260612,-7.837179140069179,2.289180702310619,9.003196336416185,-4.802990241486633,-3.199237075850359,-4.171089122366070,-1.469512163315150,5.023619819770547,5.148477334770259,7.634263897568015,-1.221227889712699,6.129439058970739,7.903448474854407,0.609854772029152,-9.169498386690101,1.755334901296138,6.091076553337665,7.593459250936554,-1.598989275078594,8.117107056871212,1.881308409588652,1.963254636420528,-6.220191449432503,8.519327634913637,-6.849769249579863,-1.353546056710215,6.559426056171812,-0.393117547150464,-7.408793597750350,-6.678334614826078,5.827294008228874,-7.832671934781152,9.111661112250999,3.324599749426252,-3.752969557212387,6.480377382157883,3.434940852909527,-7.780738804436316,1.050462184389239,9.000385396192449,9.621313437605000,5.045750828719376,-3.940854045590214,-4.402004758005678,-9.431143725811948,-8.456553285090237,5.607785301858270,-0.140397538964177,3.978156333979882,1.336785879975411,-3.902519281347859,7.704669121081587,-9.191191131339938,4.988052091176957,6.367985171816912,9.207891886160603,-3.366104110445598,-5.007541111381519,-2.875395014823883,-9.271680190653962,-7.195204936925876,6.255319049328357,-4.966666614955251,-0.784740646245286,-0.044107278388083,0.014976347321820,-4.970030121906261,2.785463296708466
3.841816619398294,1.007212386052176,0.119188027341014,-1.273374313170951,1.902282584076339,5.017866345152433,4.198601345209340,-0.259096204277430,-2.414751926453953,2.017695123161538,-5.320429092931844,0.927632108345600,2.281136575226771,0.189839969597394,-0.072957434634066,-7.928056089484190,8.190380192633778,1.781682902786816,1.421807303994594,-9.211170468421860,3.445380663948633,5.672200237419151,-6.312524645065778,8.033969382354339,5.743295538668585,-5.270983170289640,-2.691540179214678,-0.073999456062424,0.731631481470405,9.313513670657198,3.862554846665294,-3.018452688653817,-2.444717046065694,-1.009432306636686,-5.174787623523116,-3.657199485132852,-2.308798887648338,7.147531375454538,0.794892084483038,0.626532698783716,9.076394956725895,2.620080832176059,7.746479778313123,7.839552141560709,7.115302276284904,-7.893642164932366,1.565181290360202,2.901501438997393,-6.935371790313383,3.407040975286664,2.834412388236515,0.603134528572355,2.677980117670922,6.184546801462542,6.811128756421393,5.343413395761026,-1.828460240589392,2.671862603649789,-5.988592320984032,5.298101884679070,4.919185795782731,7.339058702382026,5.750052181677818,2.639505326556058,-4.870155956091846,7.274806578000756,2.384867074198944,-9.115177338389085,6.220215580982668,1.794186332104989,4.155533065598231,-3.856629483756347,-3.017788060229312,0.050393185857589,9.666788358682151,-0.592490905242876,-6.450165694376300,7.701841447108972,-4.416854597472666,9.006638765870520,-2.920556056019357,-0.403724182223399,-6.918279634001124,8.241523892586081,3.573280500668215,5.262196401496354,3.938505843051823,-5.663789633465701,-8.399027929866389,-5.541678296177260,7.676354059007028,6.968510648929346,-2.296019772779800,0.159554480037682,-6.364659993460715,-0.458747904721724,1.038115968224872,-2.537528907134634,-6.491772861056808,0.554304375989062
2.404307035827957,-9.094588277781758,-8.929239786824008,8.735475154150368,-7.603021153393364,8.247806611968990,1.150034281500925,-5.900587365369065,1.147575648058851,-0.401438423592671,4.904378335537128,3.223364388643981,4.568631163438360,1.047741267734281,2.184802590701437,-7.629782581876514,-9.649609812451793,-4.005100860723648,-1.510524132579420,-6.696224140698250,0.006092220216392,6.623636585975831,-8.641217846438876,-0.489507328723640,-7.490373266081711,4.033197748798186,-6.790542090480711,-0.818493833235994,-6.820628948867718,-0.704904728901248,4.514825806998120,-5.240229982603437,8.527004088520798,-1.425807062746456,-1.038941443707493,-2.474935166929308,9.773201327093787,-8.563769970125151,8.623395543621491,7.128664451612281,-7.382096072711100,5.145015924507689,8.708355330841574,8.013813075711727,2.061457123696171,3.945285677443851,-4.061696726751684,-9.903874018652159,-0.369409983350877,6.407350132704256,1.409389126590661,2.534738528037632,-3.252928470256970,-2.953826119157741,-9.338339320016972,4.252821730601504,-3.426547768362229,-6.162678446480800,-1.557054552312106,2.388285722155885,8.464444754438837,-1.273432593207197,-3.637789232607158,0.037092224434620,-4.185764599807317,6.194569594316761,-7.185813136453971,-1.145072201923817,3.624359251245696,5.938496311416694,-7.454144160146883,-5.858166701941824,7.884646327166529,-3.996381904158040,3.560196065164563,8.794802351015647,8.661590882155899,2.428145708243552,4.785746126781067,0.894829761559697,-8.986325226162782,5.988981579952551,1.308698687715722,2.196137255446049,-6.496443106138907,4.355048387597529,-3.282424046539507,-9.795028352476049,-9.070002617858277,0.797097440563281,2.458254596112070,9.947352804693036,-7.077285934910211,-1.737893473697739,7.800485935384188,1.403004497808553,9.994833508877004,7.940972686976984,-0.104785712208312,4.467054415551727
-4.498867874983765,5.233210846594289,8.447521527026346,0.153219224402946,2.921982799318574,9.271879859065137,2.323652678761892,8.046907076125642,-1.801393972501659,-7.982183555976357,-4.305777769750700,-7.711505921227733,-6.815425513946261,-7.698294308693345,-3.045390887250800,-1.794878211546392,8.548531382029548,-0.396984035889524,-5.568464624316793,-1.042958025436073,-7.183827089967075,9.623557763229563,3.754377068588102,-4.465947148415179,-1.155569876366187,-2.491790932238427,-6.160494560393515,-4.037415060345834,7.939013566586652,4.551635005984965,9.019787046080609,-5.902606325543996,-0.584144099480275,-3.828545080304185,1.202234536554631,6.862285423308151,-7.781520965584125,9.701983041795046,6.916612134616468,-4.721010206427570,-3.038876029605538,3.551046540347084,-4.437931572774083,5.506982828262224,-8.306922482614297,9.888190636232352,-6.814198870066457,-8.800210883527448,-2.315285856522074,-8.753786603928845,1.933459815010696,0.271648383935450,9.745176315055190,-7.419922627233571,6.633550844210131,2.543766284700625,-4.060540283595464,4.337466496641401,0.183467194243509,4.259179676940262,-2.980042180343356,-1.702652685641763,-8.835489876144432,5.300544996666670,-7.651122798659129,-9.263198653704512,7.428020239828783,-0.812870723838287,9.417649710633693,-3.653449036348011,6.618880796923573,-8.057335684926453,8.454799428345659,8.661239519110769,3.666518494008674,-4.813832664165291,6.581672430432942,4.905671320086093,6.202463333303811,-9.477442288292021,4.820508733795288,6.673048716469630,2.190936086161159,-3.874067917723732,-1.147128786564839,6.657897027162541,7.277877455714449,-7.996686351449556,-1.697542408309815,-1.260205314801654,9.871905833731603,-5.979294439152476,4.765339445969424,-5.993723654234318,4.796044164652599,-2.019136729863371,-5.684984413581214,-8.649523250770692,8.219408678695338,-9.535619978247162
-1.681155802031768,7.019701430655136,5.824861194033414,3.981386916486136,0.539652042811717,4.393780267618247,7.309910316800316,-9.319254629897157,9.192476177418918,-9.625536964874703,-0.915160852798421,-9.954378473213335,8.105988484599923,-1.721121601159663,-6.199448518498469,0.900113649733932,-0.260071773890990,4.082289674508949,-5.817328676279468,4.839216313539865,-7.872233838466518,-6.939227332316628,1.787575192594195,1.929888595235962,-1.458787428959731,-0.820664066199537,4.431865702686022,-2.919789046272887,-3.713836899790777,-0.542386147331626,-6.374409361315665,2.826318822448037,9.111719605011224,-7.234360977998822,5.272403288915790,-7.983740883334498,-3.696833508803579,2.307161462426610,0.818428498850704,8.835780854667640,8.656876538387962,2.381564521033155,-3.758750094452974,-8.987424530519926,-4.386086264379278,-2.608928663445933,-7.607808520558994,-9.960071390859948,0.480387089248751,8.132949155933204,6.859414243086984,3.439493823170885,-1.239434582157237,7.525867126792239,6.386507790548578,-0.621023584656442,9.661863533076158,-9.686519843878614,3.785109443034450,-0.864256529601906,-7.939866557731490,-7.332852561500760,-7.549229563203901,8.440324153441779,-9.099220884520909,5.783656722334099,-7.327753803546939,-4.645872959314755,7.145686812761447,1.397740794411186,-3.615059828407268,-6.780218745010778,-1.593667258239142,-2.385181321011506,-4.246497557056892,-6.046149081481604,6.046093368913429,0.090488663228518,-1.268586313419638,5.958207151883059,3.413099782613582,-2.181527784296426,2.099001772418019,-5.268684144059696,-0.897133233794889,8.659247181020220,8.318109039477257,-9.126739045933789,-1.149482366847172,-0.752702355800087,9.674481573569448,-1.288529959956811,5.653625326570346,8.350288145927557,9.949254591414302,8.503433829372376,-1.105884379093675,1.460328894166601,2.980306597549131,9.171109482192289
-5.733946310153293,-8.193245220945860,-2.503178457758084,-1.081601602853974,2.519162134776128,9.354651758790794,-3.637259014452690,-2.139903727332404,3.959337643333571,6.751415933135924,9.107631936311900,0.640989658202447,0.331029504146640,-1.370972916547604,9.417657414109957,-8.849492034120505,6.004995696145635,3.034336424475972,-5.162327597154926,2.808849363884153,9.609151374188258,1.997255904477662,-5.947566880482413,-6.556413571029582,-9.845778344661337,-6.422118814068362,-1.936454546005315,-3.107004645152065,4.053646455999328,-5.293737294678234,-7.959184510725836,-6.510811606577027,-2.551954926278204,-5.368543880179857,6.459805142640171,-7.617054346019083,-7.979580129394739,-4.058770281895963,-0.991151743429251,9.744737143827397,-5.885584108026984,1.265205147963782,-3.616440088443980,5.654532540093859,7.638088677656555,1.116469563303903,1.381635674944979,-2.628371758898349,5.234153666094114,2.402010264423950,3.074385735457817,-1.022709742942505,1.808893053662699,0.195089159363370,6.417325115618258,2.682918190568406,-3.739789152166373,1.005429969741387,4.361895427380198,-9.763420476794991,8.667326671483568,-0.504871608291843,0.991047602975163,-0.767300929438040,-0.421960199921735,5.575879441736227,0.098273047720944,-9.066708960114552,2.397274672122219,-0.012301136539552,0.032589582290557,1.289293656569015,1.603762969766400,0.149245113708973,-0.618546653961960,-7.490401081191385,6.224215448666772,-7.034903126992051,2.621929306304814,-2.906720242596014,-6.667813301004692,-7.454453153209847,5.584130727008381,3.605167502754224,-1.858228630977944,-7.912484783209388,4.257273811467265,8.368558281125146,-4.735888203779131,1.641980763443842,-5.853520067812172,2.599545731247233,4.535752004463838,5.518119805225830,8.847704079563027,-7.958192293438378,-7.750146929378914,3.909943787227450,-4.505852585590977,3.822186895990761
-7.626357385602867,4.093943625772958,-2.945917666520456,-0.163685239507155,3.265731042800983,3.672398113289958,-1.544685891402358,-5.311955921206108,8.198914031423239,7.051695079041586,6.934325323111118,8.554406394818056,2.138097093419828,-3.480210284384073,8.886809608298535,-0.392390953085586,-5.811909031165944,4.065939937035969,-9.808043956870030,7.651366123159075,1.062345818378086,-9.973460412761064,-1.918858199326447,4.617257104257266,-0.727823713476113,-9.562221218972775,5.395121233713532,6.396595473362478,5.368734173637593,8.516585586045341,-6.926414848248054,1.974877191309721,-3.960435418740991,-5.754156800592680,8.741941647542003,1.832179768369219,3.838844498026841,-7.634760381011065,-3.633407659033326,6.662843772644365,4.738289519920185,3.888424042831284,-6.608826566043398,1.436690742156239,-6.612567757039161,-1.072445855794237,2.641753374880167,9.587962415025903,-4.130561617027578,2.493258119827296,5.318938973640959,-1.424065570048503,-5.497605686985398,4.101411822788087,9.466362561233701,6.743419867543054,-5.143386992247856,-6.041951862797619,2.608323687988625,-7.680481624523285,2.747046066706085,-8.119186144420748,6.956869248268930,-6.614214400947310,6.187024191562202,2.083299138835699,-5.027232491737110,-9.220617909567999,8.686735651963623,4.570963045808119,-1.742433098931734,3.323312956740791,9.166376537024096,-1.202042172684303,1.569279927620231,9.151785156598798,5.453440867257493,-0.638830852596630,7.647497437686926,-9.130203389150701,8.261412250679822,-6.726517879512894,6.351554345317819,-1.719013720040316,-4.671046275498821,-9.934669364223526,-9.165435033420533,8.585852325626735,1.365674643065846,9.755733554946382,8.167716355100911,-8.171150087758591,-4.926033360137490,5.174200100283510,-4.052588635041312,0.435146311306355,-8.849241079142701,-3.940954823008163,6.496124888883987,8.770575559860127
-4.354923623173084,-4.710865273042630,-9.725402972683515,8.877921978447400,6.506203111978760,9.484611028478504,-3.540542421560026,-5.907162249319815,-5.945074828928778,-7.872292386686597,-0.749560129117025,-1.506306595390505,-7.868654053744464,-9.559833538077285,-5.116743113842608,3.352416730471411,9.446304344974020,7.340545773837537,-8.829929793713267,-7.722420059370886,-2.208249877778363,-1.188952763283806,-9.574386177149108,-3.041894127362761,8.904417947615691,-7.234021096378518,2.866808597361196,-4.678114442479395,-2.893623404579440,4.964082537077701,-8.091909743553369,6.300526645338657,-5.921554359611642,-2.756381507738603,2.384948112082100,8.511755383488367,-2.206905837220687,1.435872141551133,-5.391657336118185,1.836058791084964,4.251080737954275,2.299393326388531,6.819272910440230,-8.539985303009285,3.174314535292071,-5.434564048758991,-8.385765125827117,-2.737559186880853,0.104231286722648,2.104251890334908,8.922264610254693,-2.393625815832778,-7.675804021176105,3.524606209091473,-7.128099771860268,0.834019960726184,2.269067832176956,2.073131713796631,-1.871258732027206,-2.160126215461229,-8.460915791069237,-0.913485705323691,7.898058417835859,9.425761551632007,-9.853138831234979,1.064423348074614,4.826258058378535,6.001729449518269,9.177875057198616,5.378458039969887,0.600042831945304,1.786405308632586,-0.905982900825268,7.593736475246114,-0.672196367094458,-4.412037075679347,0.258206127793578,0.746996243608766,7.418440134501886,-6.106801939022932,6.866414993536157,-0.428147596859919,-5.979556734578207,7.023783961037999,-0.981596269214142,5.726435125899282,9.205868463362311,-7.172855359733170,5.515299902766040,-1.107106492330438,1.880753196491597,1.497494378337116,-1.549105607360211,3.214337814596533,-3.553374466266479,9.661768312827633,9.384088112902827,8.123934699279378,-5.065051584456706,8.567408665249388
3.683957320224270,4.316527414426963,6.429958258884973,-3.232802776974846,-5.923810671853147,0.007254713230260,-1.189223690280869,7.549359518375596,5.667437887754165,0.332322519071255,-0.652878640726694,4.547079761297038,3.006652576693014,1.417498344509804,-0.412293700477672,4.067547288006725,-8.296217458512231,-8.936262328784979,7.769870154879943,9.747837009461438,-4.819806438968324,2.674806718477535,2.367077304862580,1.069158360236644,-5.363440346496184,9.875382512863489,-1.571989538128406,4.002322307382967,-2.151517830873065,5.105650180714790,1.543165537604754,-9.600949056806483,-7.747211889846817,-7.615516747515381,5.013700703333585,-7.769819007116691,-3.412702971191452,4.493833730365886,-1.533706027267797,-3.977439690430653,7.141480838163773,0.494463710162982,-0.074740431444443,6.296780231914752,0.305258299145903,5.449108382250037,5.713067841456951,-0.253807890945408,-4.368862660706214,-5.130398028808418,-6.145213723254280,6.413087963568451,9.213149012200919,0.674438106955918,9.825647357630835,7.941624979728097,2.543204009765098,-1.880728309218942,1.419917983170915,7.137290363185652,5.302104406759005,5.452823339817765,-2.527202192236942,-5.155866528280666,-4.167495594545858,4.092637972573879,3.904567754512714,-9.039570808919343,-7.890532867885563,2.492643045481390,-2.371216575863990,-7.567121079687748,-6.740526898567756,-4.748219433385145,-0.103752241810074,2.586574092865739,7.011737840397828,5.171971682417327,1.302570662343463,-6.915198893259838,-3.957524426968176,0.255159837114453,7.867402546115990,-8.945775768606271,8.983616046180764,2.011358972027368,9.308023926877556,-4.073805960670742,9.410896326452644,0.102208337581525,-8.672660294168729,-9.700059146961497,-4.648670424310726,-6.062129865198074,-2.201285510693182,6.736345468221167,6.601257866703744,3.980882717327297,-9.458666792822260,-0.560599566780201
4.747971014044278,-2.487118798436123,3.455618034042505,-9.438526664858859,0.654892519209975,7.806629924633391,-3.815784486653602,4.990733799039331,-9.162302856333440,-2.456615273419624,-6.693725086220339,-1.737226721636571,-4.662034961966349,3.412561401917333,9.918632054187782,7.124259403889877,6.695057940056198,6.693609492579103,2.794686126253946,-7.940520935787330,5.550301060468163,9.940835831057274,-3.581476923604154,-3.738682391063143,-2.817499690062972,-5.425313943439399,-6.093119466225043,-5.371251568601865,7.485841943859480,-3.268708780379432,-2.752592375508724,7.296251938356445,-5.106300995418316,0.858778841016106,-4.382382865003882,-5.998773906470216,0.854837194577616,-4.840348544729967,0.648396409702537,-5.925045857679421,-9.061642115152369,3.140744986358206,7.115680663352084,3.841387146780670,2.613758376857014,-2.859717215198565,-7.083646507085499,5.364902192816050,5.337769967407024,-7.922849781776870,-5.578200142148512,-8.838446844549869,-0.278736148823688,2.291908320402911,9.881967797496017,9.923539768279571,-4.718846123537553,7.654738403552770,-9.716341636558282,-9.137822671613382,7.713553234076720,3.895707518555218,-5.442593261491071,-8.267394770241445,2.527195517978820,-6.200351224858125,8.781962131146340,-9.528837598342516,4.985439516215509,-0.552596802358869,-7.672428351619960,5.483347161767362,8.968059499705589,-3.219708312708356,-4.115190521717606,1.538069151681151,6.208766309931995,-8.104114619438116,-0.099923839742182,0.169244090028986,-4.935602307115204,9.046804422811572,9.722200070324551,9.111303301133663,6.197694562419965,-0.204624951955871,-7.238739818240740,-3.360229345730854,4.469684916502958,0.161230566555645,8.719966505151138,-1.124787746843232,3.553923031366665,0.301390080413857,0.740074732361283,8.670035774013456,5.277456767940571,7.455575872686985,-4.687622831710334,6.407105530519580
8.859595475058828,2.049165738241109,4.833702290270875,-5.543270069809331,0.707199502412109,3.443338296410356,-6.862362346975781,1.029532799399774,-2.353973732462988,8.834236327541333,9.864891677776576,-4.257785321422601,1.228565204446333,4.072576777043778,6.307540368786928,-4.733534689219745,0.682740839764502,3.847242043548725,5.673918789707139,6.129009116168028,7.122767452760954,-1.822101881244773,-5.113334201326804,2.508473363423418,-6.647589994321654,-2.258234015202605,-9.706332374219590,2.675333425428967,-8.756671496027462,-5.780450950942628,7.595616525758604,4.845429472239108,8.567997244004047,0.457241243177810,-1.426592603490406,-9.765611496915836,3.217455385068995,2.326318034207331,4.638069993459307,-8.423183576479040,-0.114175571198547,4.058225232898787,7.657414944396471,4.587432903539927,-1.843023655440829,7.642423362575141,-2.917264725616713,4.263681809279543,-7.167427645687319,-7.223324959216466,6.087474974766725,9.392085284564033,8.442851504124530,6.505453199566567,3.726371741834802,-8.090227164350603,-5.965387346283642,1.388339519147916,7.228352318043932,3.170178430628061,-3.145617638897851,6.770717436387411,2.991838008233511,-0.355403157035390,6.493685686028023,-9.511237722456210,-0.185871586372702,-3.056447329887857,2.617148699809782,-7.442098065620055,-5.591882853421756,-8.086557912395687,-1.958751110745878,4.196212718372937,7.439140969355336,9.312320369475334,6.599326004877700,7.317788108722606,-1.565763322034444,-1.333484262014702,-0.572647456753710,5.580961656989132,4.780123560675730,5.149957618015808,-0.312389501879544,0.218196427581534,0.360079455858763,8.450265045495073,9.839211562264914,-1.198561935394016,-9.903021224715031,-7.279506911069022,-8.681287821698758,1.824028820595363,5.914529220504562,2.057884340594487,7.930806840982225,0.050288143813313,6.622574882046447,-0.100621519202175
-7.730899052090821,1.718877382907229,9.541276433385249,4.212526760889947,-4.576990118272651,2.085728960456274,-5.700633412192171,3.333998294359215,-4.935970523543696,9.083896747165866,-4.024041710322535,-7.794366569408078,8.950476959348173,-1.637205900652033,4.623547782560886,-5.189077918745446,-0.133716278920522,8.618210266178792,-4.490931401773961,1.340806942371524,-5.449581471349170,-8.097795761911151,7.029810875646227,-0.295031033356981,-1.503102981118975,0.372802618812200,-0.909375479043836,-7.727010951973377,-9.912372243380238,9.143782907129605,2.636677586613752,5.267364402728983,-2.679838237220276,1.613215999597273,1.205339210989916,-3.812152254245751,1.274632719179124,-5.986414230084791,8.334807016666215,8.961892991476073,-6.488477165637859,-9.670870922970408,7.703719651669154,0.208665965355411,4.219941540814354,6.863616586624907,4.175721894610406,8.748676565436821,-2.750526017996950,-7.055400337014415,5.710842519629631,8.007998555423885,-4.308058289724121,-0.043460036738045,-5.465198448624216,-2.628756405370208,8.895720563916683,-0.398101134282381,-8.380357762207538,-9.522977072842650,4.995348175497401,-9.534514168013072,7.767845666619795,5.192323397189867,-4.624986450620181,7.617133880710963,-8.116934422413829,-2.274081824698541,-4.016364973653072,-8.365769562722814,9.239847747346584,-5.292292781080308,2.266859683738593,-0.609561999537302,-1.126502319495158,3.517034505996573,-4.172088779263925,-7.115293788895674,-3.564790072341304,-4.377094676957068,9.843242285691879,2.839889061851801,-9.758752711775829,-1.543693852350840,-4.290234548570801,-1.438463658555980,6.142325798928205,-0.228197386559795,-4.574193748857986,-3.079709340806048,1.809854752722501,3.460645719429730,3.224072804764589,-8.199473529288696,5.463448235777077,2.763691245491451,6.947931303181239,-3.344887957772551,6.413300709193429,-4.774896355619385
1.007423393558547,-9.581869065134805,-5.846617875584046,2.084809306483207,-6.869769536584799,8.087744307146938,6.521869211041967,9.587817274920546,5.577862945271709,-0.229561395354178,1.159728016695873,-1.249623389627502,-7.758960315972674,-6.536013612325091,7.136919080951461,-1.935636592117733,5.820358037937837,4.613732116224604,-8.408390132322552,-2.086544791506519,3.727805659005208,6.941070664229965,-2.673213338183023,4.812645852449752,-4.791715944716630,-8.723831244475724,-2.190823750522506,-9.883597947061149,9.138119336354606,4.374331663804437,8.946783774040711,-6.303665170377468,-4.439330625585196,-4.612899248058357,9.248986190105736,7.662007849688365,1.936889467713186,2.883407174358375,4.054707384340713,-0.092978567990265,-8.643505028754737,-1.493930850151921,-2.287898032429569,8.564113562706794,7.367936007379281,-6.494160071167889,8.062743261052532,-4.556559733252721,-1.098025486086303,1.499387580685326,2.684342203221640,-1.402454822246870,-4.184072382819661,-1.767376673752153,5.200429594425454,2.217672780933118,-8.167524317448553,8.737327733028888,-5.034618689154968,-2.891773702924512,4.533239181569657,-5.334543020331985,-7.397477007571823,-8.560387226039492,8.287054457096019,-9.079836016412637,-0.304930871487786,-8.108313219987519,-8.415397876947207,-7.455304308158395,6.737482214994635,4.863369289968290,2.158392828331113,1.792757929522859,4.921521170462578,2.099969059708510,7.240160781677524,6.494590018876160,2.271815305201287,-9.660730635650047,5.601188242721268,-9.573941380271108,2.978580228312424,3.545235395332497,2.949219317148952,4.522122393268592,-2.788897167672372,1.314058501745095,-9.577763722031474,8.193670803059234,5.590358957532635,-0.547677736149843,1.511652958838685,-2.577231512659997,-3.502391117407857,9.548300102086269,5.994648116879013,-5.466581097402379,9.740875500491065,4.298560518435707
-2.030412410754076,-2.732623579056305,5.307632655501788,0.420328853477853,7.698700360410584,-5.325118416937831,-7.969830257174786,1.201875759502169,-1.455452126907508,6.617472426803740,0.388238421077530,-2.161983678801931,7.995478948172593,-4.211746296025815,-0.066894738938053,8.660407280471119,5.508377112624229,4.691818684169963,-9.915854479321091,9.870873357573483,3.776015371235690,8.857742965065640,-6.297762500437356,5.109817509954341,1.741202558457504,-1.567220663959318,-9.905619395712007,1.295385129579987,4.887209955070722,8.310943406058101,-6.706874668432978,-9.535637023623337,-2.865625710795456,-9.990890256461395,6.748669433993896,2.464786556848967,-9.162073039159557,-0.544429068205046,-6.356771166098101,7.108094394530365,-5.212855626767512,-9.990358564042223,7.676107831248753,7.106843525253876,9.068041425184667,2.420907027377128,-7.833661368995917,-4.404917443016108,-8.876022743655623,-6.503735518274826,0.420036451665640,4.641815314464006,-9.485814254829295,-4.570711504307603,-7.646600009350331,4.858741605944335,3.210889114426507,-0.833272646798878,-0.909458025358331,-7.838234313783843,-9.732655405950572,2.233449558071079,-7.157038868093664,1.167993623568380,6.627033423232401,0.478413643790226,8.122650152335130,4.474804037688420,-6.889914146308604,1.821948309029571,8.027414517275446,6.368436514191735,0.132517282168704,-4.800731162290446,-4.399056359055933,7.178760667668524,-7.118657652421483,-3.786673174450248,7.068087193547992,-7.892286212981912,-0.652303865708060,-5.374380675863311,-5.467163598137372,4.622037076981723,-4.783354001310299,9.794559485649465,-4.084896139355518,-7.785367100913342,7.376517539997526,-0.191745498509913,4.387269898562778,7.170471377602031,-2.681667104745080,-9.141043792303758,-2.550146350575528,-8.154992399997369,-4.286637284237973,1.484052661328171,-0.028725706378729,-4.205783196810032
-7.756124487957939,5.523431747095477,0.790101968762251,-4.104121966979555,-4.619728438191732,-5.551708705119673,6.855436094300927,-2.405292493582780,-3.073424095365935,-2.920260443208893,-8.556924818692144,-8.414328071798113,-1.044925346503069,9.892081603216795,-6.129833850806481,-2.892092252247416,-2.946675784942037,3.339408808968843,-3.496092718798101,-5.185778033495354,-9.814975527032761,9.214654449287703,0.574402455749661,0.798525126700467,-3.864095338178593,-4.116562485093387,9.025739563248884,-5.818216815320492,-1.156224624178844,7.210429255587556,4.536410236566592,-4.577596485502866,5.859095488362872,-6.644184599817702,7.672500499658764,-8.778169201010193,9.398805601049883,3.254114225437876,-4.748754524755725,4.545653885410436,0.462057309550708,-1.659088558389055,-7.815401914137743,9.150389625067405,0.363591531166863,-4.467628352011806,4.036162016175176,-2.338044654741895,9.293726139511726,-2.157873354285227,7.383929718657086,8.895654880404599,6.432903793575676,3.460473776588074,-9.747227489078465,1.616642533281139,4.943043375058863,5.383805315852996,1.719717138678657,0.293656329162655,-1.449742127280960,6.743251780520762,-4.165873218943988,-3.399987950037051,4.336781569295180,-0.468269438964100,4.444623054419928,-6.324093521549264,-4.932384514145460,-4.295962193638221,0.695691967727068,-8.892918999816985,9.680215583131655,-1.360616884469026,-4.989146414895531,3.949325352822814,-6.088037412378908,-0.371834326729552,0.903509584163357,2.985062606660517,9.439473603671164,7.288426888409798,-5.171128811879841,7.208688369414261,2.351717184205022,-7.936896987318727,-8.827763831107243,8.731048111679257,-0.230978904907417,-2.508401851413542,3.989027821172025,6.369861221581495,6.679291932456749,0.911519646352179,-3.850057241233307,6.896874807441691,-9.353727197949894,-7.351195554348726,7.705597550911151,8.615451672146325
0.516278867190845,-2.562726085426390,-5.641402733106029,7.978416652263860,5.908184073730609,4.184839765417918,6.726392585192777,-5.710863758028659,-2.509082704017347,4.295430818591125,7.181233755231709,7.416667332189125,-9.373985411372114,-0.746145607877548,2.414661342838230,-2.222255125925163,9.832505359584125,0.024831062620088,-0.197471531424565,9.415193670699409,-6.380968196428927,-9.299189462917658,-6.528633365843284,-5.191744800337057,9.881783830509395,9.240636721584455,7.676998913542636,2.884333785926961,2.666839044552898,-6.588441681199237,-4.020137689737815,-2.941347825799672,8.722923361460232,-3.364134967345973,-2.182782947517607,2.447730487002051,-2.352443562680985,2.497756926397223,-0.888751016224704,6.852139073151719,-2.021464326456536,7.417760794986705,-9.882773127128598,8.249393431983854,-1.830188866615048,3.546782315119559,0.632831131284597,7.483479560631562,3.892173208142770,-4.803244547986301,9.456656059920075,-2.776024814783087,-7.717360807565044,4.554411681789317,9.453625659731152,-9.219383166743441,-2.250700442207982,-9.776432272047646,-7.138655157924663,-7.046060322983390,-9.009534790589059,-3.918662046254548,8.011152762781904,8.773631177368266,-7.303794522257901,5.124944043199362,-4.524035104151887,4.995451738771827,2.297795272525626,-2.996387482542914,4.588420862208917,0.987176601019989,-4.899534946394175,8.876431621360538,-8.149132791749484,8.455688876104052,-6.337404176728086,4.805885665226125,4.114491832069426,-2.393894695063745,2.104893384794021,5.382732650978548,-0.245852152509524,-1.715349615880859,2.019329510865596,5.877891586156089,-8.614080594842438,6.142999721566909,-0.861506000454996,7.217357853457177,2.470079370936190,-7.913575230767657,-7.411556262845005,6.144309096715311,-9.364160963314493,-9.454919124753939,9.641225770640364,9.193001241814112,7.166201145281718,5.171607267411069
3.601488055888067,2.608711202136805,-4.827931438721618,-9.761959038679400,-3.699123483033777,5.542778537262929,-7.837543601121880,-0.984898809456352,-8.100753579106438,2.245948916422851,-5.860110567466728,-2.032581279325476,1.750426939657190,-5.918991776329962,6.223014978584676,-8.031330695038154,-5.416539671772657,6.558749078050347,-5.567179109065186,6.541098804270099,1.475713811851239,-4.636286458653629,5.624146457634236,-4.307977711427570,-9.389139985480417,6.237077650930246,0.935883654549807,-5.264625114860046,-9.392513473857589,0.812784205076989,-7.920102635136026,-2.372572671864768,-3.382367067532781,3.752435365425082,-1.172526335805673,8.734388661625438,1.066065247396008,-7.396073619640320,6.575483364731323,-1.202950082910260,-5.754439575955574,-9.016077758859623,2.428797252815563,-3.421818443287914,0.053952365107948,-2.945027166099798,-7.455265658550942,-8.543605450777216,7.339939175818536,4.304339796825419,-2.705071355269166,9.080969640462662,-3.761397403778595,-7.465239989538217,-4.985228882286787,5.864740215457706,8.806042741831245,-8.555667080897496,-9.382555436487632,2.171974763054504,2.478566913150891,2.871609106115773,-2.840006602356722,5.644353095840017,7.280627542197024,-9.289584676017320,5.702352397002080,-7.042280675866596,-1.752892486147067,-6.033391787388447,-3.710547030916147,3.016595206329264,0.414576329287028,3.200604898477962,6.220303563583009,-4.569174552769201,3.550315624006597,-9.870637059032255,8.315121724881280,-3.979002173318051,8.538768975610505,-3.891995788990674,3.997160737048908,-3.999413390455562,-9.258858353180145,-7.267866163773489,2.839998726570263,9.449580342402008,6.162234684150640,-0.149547521293208,-1.598192788364493,6.308360018287370,9.296897739241736,-5.248134135017337,1.094479556184570,-6.830924170186636,9.392889259654432,9.276816228891335,-1.388378142051511,4.728945357442422
-4.144766052845634,-2.384702203237632,5.639488174303583,-3.251790906466394,0.720749967863899,-5.408842887268484,-8.166170209128191,2.102983156666964,-4.758096250733981,4.757376720229161,1.969005028034342,2.198803845359850,8.978728416252039,0.428586586568988,-8.810823566630965,-3.102499545026229,0.193926296018281,8.000501981704065,-4.430023460758141,9.076082084223650,-0.280276098378721,2.658457596205018,2.934083128228643,-7.714265426586531,-5.800228377880911,5.638885545163291,-2.757316653134573,9.080722588318128,8.560378485861129,1.938303677410989,7.836695003790769,0.780667389784664,-9.783389357307605,1.154131339520262,5.701617524993129,-1.476206447543547,7.145495261655768,-1.109368061149109,1.160089919733254,0.443286536347768,5.631475707740996,-5.339987215867838,-6.052941801899880,-1.326830123295553,7.957790830405102,4.461626472671155,3.889521315944117,-1.204695677184091,4.248653200315749,2.009456133731046,-2.228278559025196,-5.985778762427212,-0.880049723675409,-9.506620469338218,-8.541629582633711,8.290428800590274,0.646287911861354,0.733437564818573,4.683270152794838,2.652483987912611,-4.223296931776092,5.803698825269715,6.649600659204985,-7.743533299299362,-3.119716212649257,7.007509808979780,8.033716398709633,-7.869648737111785,3.678651832755325,7.298215000143760,7.277658607814313,-8.660500627509144,-5.479393207136443,0.375888221996716,4.946878910793615,3.432090999282039,-3.702217978885757,-2.451152174073234,-0.731857642144572,3.301086108754742,-1.720602738294076,-5.366737399634037,3.677446636483248,5.256566033547870,-9.205539783954817,1.992453270866587,-2.812654526444566,-5.368350436314755,2.054090742906078,-5.385583220137389,-9.916529185692598,7.379568622884420,-3.776696689536701,-5.857417553626911,-7.003788622839893,0.686083708539471,6.281715302394844,5.782826588798820,-0.208735778716285,0.510090998514688
-9.349726405368541,7.111645811859916,9.338784116954201,-5.021431443191653,0.480584297234262,-6.891399637494575,-5.461247238929731,-0.021278778991665,6.088450378892148,-5.102190469113641,-5.246058626028393,5.730253959650941,7.777700797267368,0.261527271891284,-8.521351712395164,5.216621972988047,4.865920257947820,-9.949651958667381,3.177180458974526,9.121941687853433,-3.004799819281749,4.650231884629779,-7.517583404691923,1.776465708131765,0.718651058016778,-9.476647743870812,2.356254209671683,-7.405170155709815,7.763160473548169,-0.408882880245706,-5.253903798397301,0.945497050292172,7.369981331872996,0.457308953392230,-9.002926050767162,-5.398210088158743,-2.750848677902544,-5.259149249254440,-0.561221557351834,7.755131195647824,1.882860521811079,0.125994017350797,-2.740542480075689,-9.546255041175755,8.856817734298758,7.747687190186369,-8.069173046053209,-2.961023014692739,-1.951696885782166,-8.629446587429966,9.016858518516361,-9.615221453293954,0.339448117153950,0.064423360624957,-2.890091557854682,6.439630207908507,1.745258780873582,-8.652661569034484,9.433856741404746,1.531259519175032,-9.886767183744888,-5.567369065165265,9.270479091412227,-1.767014822419403,-7.617596095584462,3.204076073899625,-5.719370258650180,3.045707316395896,9.590777406294691,-9.456732885839660,-0.638428605023240,3.096352687580534,5.397603209509237,0.395272305760537,-4.002456516578706,7.440713858689662,7.999423257583754,-6.192497761434320,3.460687957474136,-3.188977202920496,7.069557248409662,-1.380598061442605,-6.150917834453482,-1.260314322387018,-2.631469748779132,2.070739002971722,-3.236813213099650,-0.406750522554784,-2.979872937122286,1.410756080523720,5.424758076855927,5.741173766816539,9.464737646328171,2.186106350671928,2.744513773110004,-8.143863889345811,0.362651976144114,-2.258385565839891,4.321763855485747,4.367478269092508
-2.001169956619487,8.510808507398803,-3.948437772214861,-0.748546760520812,2.313780206929795,-0.019828120539536,3.165889275197920,6.868778416172759,5.712663043550844,-0.962815418963007,8.051798428666046,-1.399085424099550,3.792510797991843,-4.177049398303236,3.315109318913754,-5.725161829647416,-4.458530612065347,0.592006242500076,-4.801041915518698,-5.662464882524967,8.757867968673857,1.447074394448792,-3.281525309456432,2.505381500362278,-8.684591809804676,9.685428128520815,8.768391476925373,-6.017722293417838,0.063284208246078,8.223408439469868,-4.617523873194758,1.977445767319310,-0.687151490186089,0.134787005366011,2.862514091391441,2.845907647921004,9.623983955671566,8.104240444411545,4.931216236547558,2.029965971907263,6.537372458835907,-7.018554070277205,3.533688972660812,-1.563228414146117,-9.825899553747126,7.967841588411552,-2.173958819300550,5.824537924340763,9.573918005737593,3.105906369016704,7.287108526828625,-7.939285959507176,4.918548867221128,4.312604453870254,-3.205649838957855,-4.617629487825998,1.028541918329999,9.960198931447113,-0.062782641711859,-4.076550275248789,-5.681843727857718,-8.438287036673222,7.400284080014107,-2.820110661770867,4.909523193838513,-1.715447191244692,-9.122589912140500,9.512402492559680,4.179276363450962,-3.956294476483535,5.844109661180363,-6.025884359256770,-2.867019181146055,8.938669145665141,-6.524975151427577,-6.030832675237329,-8.134197845003953,2.721004071371500,-2.519042593250767,-5.954045760260933,-8.403531840666666,3.875616322781282,9.636433131694631,-2.133291447140351,1.029323680077692,8.125092392561889,5.408459802855761,2.530822491140835,2.878403860197906,1.931508615334538,-4.460942671681747,2.060819077779467,-9.979918389145475,-0.874314964095220,0.249494484845489,7.070199246095196,6.431397659509987,5.553556039000028,-2.910518789326131,2.694648160641393
6.621588023278569,-6.283202401336794,-1.617101877276211,-0.679263307348707,-1.804190514029205,7.314727780198442,-3.632555494987595,9.878075539539793,0.878395544276703,-4.685947667199876,-2.792969425110932,0.203447280738104,1.554476756315617,-4.827525867520390,-6.804691519848927,5.805647539078564,5.962789837516967,-3.369522919833710,-4.297619112822808,3.196335540868295,-1.282642132996934,8.718083415694235,-2.024057811816662,-6.378733693347147,8.835825281658739,-6.830487210356104,-8.299333449292806,9.625688704812735,-2.512558461749695,-8.327525784121486,-7.034965478365800,-3.639396958793409,-9.804394279351804,6.909188723912209,-1.808027618997762,1.603578349582815,-2.595930843998264,-0.600790352480043,2.294885268978819,-7.125850109599508,1.487221195891795,1.282059989678961,-9.150333425956330,-0.067195272205343,2.802087830643201,-7.275542294063126,-1.950223097091259,-4.633176704981659,-8.527079573145024,-5.101309438439891,9.238720282264936,6.726113509193713,-8.216355609951203,-7.656633289411731,-1.096908897609296,-0.018496455640520,2.874022967602798,-1.757935038355630,9.121266090604074,4.186548713936615,4.329635240600693,1.286632039170508,-9.093559940492570,-1.757778711514714,-3.822986704908764,6.249848200827202,-4.012343974509012,-8.375803288474026,1.618062792409985,2.679023513443351,-5.106673843263896,-0.761002471793152,-6.274437322355933,-4.499705899666491,-2.268201872729703,-1.939048694330934,-2.593814682083046,-5.816026384314394,5.166148229105472,6.341725646724299,-2.673634445406443,9.342818447731446,3.763634464490224,6.034659779747436,3.693350842438353,0.959778344175437,-2.305318124757736,9.075103697383554,8.798224587000568,0.143161805188267,4.724939939899491,9.488807822682773,6.842538477680399,-1.139851878336199,-4.542723891279261,4.617479800806992,0.385052632537441,7.964839412015309,-3.224147538368342,4.327760796580298
-6.471955351712227,6.463048314644485,3.467466356932441,-9.728423031404665,-6.415749256293699,9.471499998175929,-1.958289814143757,-5.973993554798169,1.719814030240594,1.910554816766490,2.364870381531031,1.966577559744891,-8.271775880230338,-4.773705850304322,6.884966629068632,4.803394648916189,-2.283003952688494,2.128540787424555,2.641408303036176,-0.927784601515407,7.090608875701040,0.823387552133871,0.881833238785363,-5.112270247163622,-5.997258723170004,4.987827760629246,5.774959978507466,-4.970401929218530,8.950529126067011,6.526537306096046,-8.895685396674470,0.276801291957939,7.266910172307973,-0.438279285478098,-7.371733544114381,5.127825679805284,2.033275718604003,8.933845500935458,-9.885351602150694,8.902591699072950,2.260539583695840,-6.527440941633415,0.412939340857401,-4.255236115966177,-2.529050369219206,0.821584268975691,-9.875252817055671,2.774485408661304,-1.528455508300073,-3.995832240964883,-3.495328721163952,-1.082411103550236,8.418075606746637,-8.265904572891928,2.405240125613661,9.030768656521534,8.015043021960462,-9.945215788990085,-1.530013474768868,9.033366003059818,1.375147312040703,0.695447373710760,0.947167597175266,-8.939753240287695,6.220965861914006,-9.969420483353314,-8.477911352064362,3.383490438748167,7.792943760792291,-0.972393866556750,3.433686687051319,2.243649447124824,1.996061016217670,-5.813456507426896,-1.185649402790601,9.362375749020430,6.743421459253742,-3.290886309593064,-7.131522526348791,0.095884923210921,-6.104108355321836,-0.087993111963403,2.831589132789823,-7.100586529495059,5.521110577281485,-0.076849185014371,-3.743304558608780,-5.602395824109547,-6.875490904009318,-4.666500011582848,-7.930436272831667,-4.849105133717120,-6.156511068847957,-5.428369693519040,-3.963042319830981,8.516531263762587,3.320461574812164,9.032902717484010,-3.965754533312873,-4.980426933103212
-5.240560657044739,-7.743533937976796,9.244808553080379,6.218394335836109,4.081489897051767,1.644176011638427,0.014773807627913,4.800885501995529,-9.195860026230129,-7.203204706316364,-7.791780982827856,-5.452326402370382,-5.145764731021245,6.096901475574860,-1.191213888056229,7.116715145907150,-6.748366109556521,6.634672692266562,3.390572734007675,-2.475327542876091,-7.025234494613184,7.538533709782669,3.569764540751809,5.669081619794509,-9.646112410364484,5.758620968421139,5.035331727821838,-7.940357828112557,-0.810529117659211,2.975715513057819,-3.265363499284399,-6.796793000315606,-0.358685174774857,-0.883125958223355,0.978492130215830,9.732963690389283,-6.745400569904698,1.931438491231388,-1.372404413195236,0.783962354860561,7.928002765829369,0.691553839173180,-5.397071089678461,-5.944518650904014,7.416117522356377,-9.784842574772160,-3.732570740925025,1.290135487207911,5.671105111265124,7.710368257581660,6.064803396750857,-1.019914945892378,-2.254465442984062,-3.444986067799912,-2.606618384686056,5.867848643315201,4.630078486188655,-8.890014410951753,4.867772380860700,-5.119868068961122,9.295945277476235,0.719599216568280,-7.817927885809908,-1.680812634364784,0.464226394477137,-5.277583138043720,3.667038891825655,-2.254408115685765,9.249389265865954,4.450497697688029,4.445414399686587,-7.162790029765862,-1.524011474464684,5.820121948200477,1.237950986555047,-2.288507102560269,7.424568878101507,3.134148454245649,5.724945313085030,9.367738620243628,-6.217021034841612,1.230698858750753,1.774236555223696,3.890452892709522,9.408725400530894,8.919262604362611,-6.727739986517040,2.992127765776713,1.933798275644296,-0.325339241718952,-1.429901179293005,-3.255973660128619,-2.306870313510134,8.373387198889397,-9.304960941797127,8.905676165403701,-0.015078058025260,4.652989194713406,5.052729641283818,5.519780884923417
-4.663562167605829,-5.867935485741176,-1.968303594050550,7.512465304075299,-2.146334731182680,9.504706826275402,-5.671310082494127,1.047821109096645,7.553321065470406,-4.904086861391457,0.359299036294061,1.423363247141937,9.487990861286189,-5.945462250859610,4.152699120705062,2.630236794098590,-3.738163681593251,-2.933420573081758,-0.861943525075390,8.443013284933521,-0.951325398387102,6.630974625022265,-3.520324606025643,7.407571412807425,4.209370179197517,0.171718069026658,-5.510331800841881,6.707065021558488,-9.201145868660802,-4.728519670382618,3.892393322420231,-9.903803780288991,9.406537957710100,-6.495554076688778,-2.067196327366105,-8.759603388932234,-0.187229139497049,7.023017287972486,0.419746103805458,-0.390374564583261,-2.879925356404859,-5.024740857088982,-5.822815571115340,-2.366733890310460,-4.514544046792237,-0.310628435436218,-1.163442518718927,-8.590240135267607,0.725294644298582,0.351087826129817,-7.162251795458994,-5.293799231036265,-3.247151535824957,1.797226447953388,-9.368903491708240,-5.763775795714952,0.238824078172916,9.264734114920032,-2.915415274447659,-8.303032540479764,-4.780764575785699,-2.794720657008254,-6.506325269410671,4.089021675090326,1.226048649956839,-0.091453198093783,6.837159336131744,-9.501657005671515,-6.058102615967256,5.297883668569877,-8.059634229027070,2.568836439641814,-3.245494462405601,-5.343527721464820,4.247209560158087,-5.088244045673934,-2.193809309301507,-6.978316288351532,7.642020116709876,-6.512513919338039,8.075255195633545,-0.019726236438144,-5.235502837807468,-4.244215273390775,6.038999527353042,-2.966257258502292,5.540064765047108,-7.170053933271337,2.985546281971276,9.916159385014744,7.520357156631661,-6.543980943435690,-9.989086234667797,-3.072336883148948,8.509228574109059,-1.703157691827231,5.708451551316786,-3.885705586277062,4.110328903378806,-3.805392132489134
8.746137333420435,7.166684233021300,-3.289872530956020,-9.980294635458158,7.878223331226152,-3.210530025914884,-3.804410443501693,9.717370024759525,1.159331410674127,-7.515193999434155,-4.144695614151517,6.387695873526543,-2.826809670131716,-0.552884394834802,1.104479451515953,0.556335248740298,-7.002679354957739,-0.851910657622046,6.768664551711044,5.794333743346559,-8.961027409183638,6.289298893326063,5.850193289515531,2.297157466765583,-2.508644907117570,-9.562814583139712,-8.321374504612709,-2.080443912984493,-4.755805025048150,-7.157015448883626,2.042148013118002,-7.158825264018976,4.147332904052497,7.608603790919755,-0.128829722045287,-2.105792661211576,1.892636855125339,9.022253858793686,6.081774577868483,-1.504154665178918,-5.475759942235696,-9.609873775941116,-6.695072267894957,3.403700617682004,5.612653412587335,5.843867133392353,-2.139662444964276,-1.511582637462849,-2.749166891830526,3.181081047651407,0.230423950920803,-3.741497906919708,7.751091308166689,-4.790298202116878,4.104740578958273,9.628844211956576,6.240669591661728,5.252279203425697,-7.774329056652880,1.028540682618278,-1.003033079374308,-8.484111839069332,5.563564020828435,-7.928445941635021,-5.877026920425211,4.583944503768729,4.961655446761297,5.255429045129336,-1.924952163371511,-3.624020101178584,-6.749158417509628,-8.521729365622747,8.828417690013715,2.983168288201361,-3.427196030304717,9.075786380216869,-0.485641700667315,-5.697354292199346,-9.303150275237147,5.790798206514244,8.297620457434313,-2.477698223910416,0.586542796809963,6.896999789351870,8.091277560182931,-2.243368606702187,-8.350506954325486,-0.495632884872755,-0.146091493733138,-3.087310505880179,-5.377101563627837,4.587617088850308,6.664293358431099,1.174576817981025,-3.350601161307248,1.948782874374135,-5.971815957492808,1.471441100489779,5.649178933010198,2.782697608522781
-5.831215440554580,4.759135821908909,1.287808826503563,-9.994498821288989,2.558287473466507,-5.176451266091391,8.587406465774457,2.522429104861999,-8.971498738454052,3.003827012269440,-1.745897170718901,-6.195508402616539,-3.916125701241633,9.464578451300408,-1.081303984626331,-8.142357622112538,7.677035077642408,-7.277327813335138,4.179368458345339,-3.656122997289959,-4.988572263388029,2.734941091097554,-6.903390503118880,-1.700076164628015,5.942526242019037,9.488129324424158,-7.112945402457331,-4.271610989615762,-9.283559165050800,9.001499600323399,3.179162771743584,0.118795010016211,-5.364107135610611,3.383244258557934,-3.504113462145653,-9.080555861180873,-6.381944322026905,-8.900960903836804,-5.068783309421738,7.028878248217747,4.986167324687322,1.827075301068064,-9.882815888683094,-7.524417447670110,1.699935846195348,5.349937878701049,0.961122280476349,0.686496882239160,7.071748660269307,-9.174571010487327,-3.246834388129225,9.879409723673689,9.429973536312961,4.940652806063257,-5.695827426817868,-1.363015798198848,-8.027226608591725,-7.856417665202427,3.867518489654744,1.430574006196954,3.529591127480165,-3.005801414242624,-4.207571289303629,6.576218421829864,-7.008186253971131,-1.418596719893969,-1.112931598628883,6.183434035119639,1.108889516162385,6.063605785243841,-8.457783909256108,4.790156242082027,7.047528328414415,-8.013266897087314,7.498967877513852,-8.100416945255116,3.609945203298464,-4.807192102863351,6.557398477463622,-1.301379112146773,1.244909637453242,8.943259385922133,5.055250740109859,0.814403006417447,-0.535788065842693,5.495677671341381,6.307343121140367,0.634892862968497,3.950598447670078,-3.238411342152476,4.123518965367506,2.987281811418663,1.712989809966196,1.447054102959402,-0.437191173574224,-2.259132641693373,-9.143321174284393,0.533418078156210,8.833103143955640,7.703381314915344
-1.983997958114461,0.629709431067315,-4.304209190831525,-6.761240410054159,9.682609450445902,1.495336438792837,1.740437823383285,6.135273226373876,4.806271941403217,3.198384203895701,-2.591580974839108,2.853381939899508,4.492349065499436,-6.488840524989579,-5.969538324783663,5.622445946900141,0.374929683084446,6.101251534559601,-2.439240888734524,-2.222350575912322,-6.995856771250746,1.532646915269556,5.272309271568185,-3.261045655332833,-1.856736100782010,-8.116802003429859,-4.067089835282474,7.287908742008749,9.831443302861722,9.765365718093896,-6.538139915745241,1.136959737184771,5.747937756765925,6.232592952181410,-1.257963186858666,-3.976060546640645,-1.996791612661774,0.734788144260525,8.492159333139941,8.838914130688917,2.298528582632271,8.696162114533063,-8.541738096382769,6.200371983421302,7.952001364378241,8.723811795833608,-1.837786312320425,-9.839323179204120,0.223068118749696,7.082368281877276,-2.467379017406195,-4.216429251307671,-6.845450277854559,6.855575861952335,4.214553673469002,0.680833373580398,-4.941120142341646,-8.927272817994464,4.992115582010266,-8.055133549082763,2.054311302769600,-2.291969878559121,9.819215217238821,-8.494725986619216,5.219731221070846,-4.478014707129878,3.546362302156172,-6.380097750638694,-2.679597592717718,-0.072740428899936,-9.918199300167830,4.562691374787510,7.049535548786562,4.221630946404584,-6.134482388155478,-7.141724784805785,6.710115846985044,-0.886499195899329,-6.170093978856965,2.777672318565054,4.362832294335860,-6.946197666974580,-9.236486159600172,-9.430084113195116,6.875501427180104,0.835241200706538,5.215762859166812,-6.371998744894025,-2.117767633658502,-3.931420965256882,-5.015921603306534,8.090143799529194,-7.428001530815608,-8.152780288525019,5.173775275310575,-4.121412621487068,7.624409643072692,-3.223119794345816,-1.007183471936731,0.117530235436762
-9.591567357112204,5.256851792194510,2.143617153450759,-3.383103707831445,1.160734569310311,4.664970524986842,1.836172081953356,2.857191407561695,2.814097035588075,7.906149433928956,-7.301211999461509,1.121898665458460,6.108405435410798,9.695144844091075,-4.200584873853166,-4.639060553602270,1.354776734990896,-3.895228851255550,-3.114947333745026,6.632902430915429,-0.433903797102143,2.568334438539594,-8.447592818288793,7.024110915761121,-2.632995402726319,2.223099180229518,9.974123945658956,-8.492161548973044,4.996539066196652,9.467923154622273,-7.716184313321552,-1.126549275108763,7.783849371791508,0.902071702957647,-8.869476113841765,4.788600846298612,7.987705544629481,-7.260391110125795,-5.366093638713738,6.152659140600345,3.361431288325864,4.925275246241757,5.912184988194875,3.504683482336503,-9.954181694518631,1.872045535989383,0.167914481054597,-8.320931472059545,0.319465554133618,-1.691541544130741,-8.621899942336750,-1.365325467916453,-3.779586439943181,1.675885231846285,-4.219358416734236,1.165727678574575,-6.198721315265619,-6.521965741674530,3.591361378874840,-1.692467537988303,-7.253098043060353,-3.221429329288011,-9.390700769283665,2.444487456769657,-0.775010155074064,-8.424123540310486,6.111264567563861,-6.920180897747922,-7.963328428068161,-0.065970541551161,2.048061267803469,-6.154142191872102,1.205580628810758,-1.364222064553772,-0.333557198671020,-0.640544505594189,-8.010459448794496,1.862619563200274,2.455702913897062,8.757491948428932,-8.017856235292648,6.437005372351660,-6.437120284458038,9.668531050114247,-8.918391225947230,0.708049497388414,4.481122762931090,-0.572937241323251,4.370713432376041,1.104727807794589,3.834819570668596,0.105996860964483,4.166891516690900,-6.863293780581499,4.778246947680394,6.969044200578661,5.628788980404787,-5.807512421658676,-1.482650276201056,-3.404293761262487
-9.983758238731205,7.602789728348242,7.933770911701664,-8.420211757754446,8.640764560242250,-3.509732256478637,-4.633294749304051,0.938553920079791,-9.105459264090630,-4.089951900531106,-1.282793123735498,-4.288542617447186,-5.112714767401386,2.701441925661074,-2.721093805690790,1.930413834396456,4.117250542541495,-9.655852059568266,5.469521304681235,-5.961726475335327,-6.853775508446578,0.185186218820919,9.070931081466249,-0.713625069949465,-1.395888160865191,3.737435451745949,1.372136948547256,7.884268321951598,-7.042191954251249,-4.678969690714920,-9.991838239041783,-7.553999705139378,-2.712568729613489,9.519790431487859,9.091917160007412,8.485914649815008,7.647676643952192,2.614582106541452,4.329960443848384,6.112578611696918,-0.248027907213025,-8.726107413605135,1.543284899579778,4.738996846666135,2.269551041274633,-6.353503160399379,-9.741709385057133,3.925515235710225,6.523140297860284,6.045048755010964,-2.285086805741789,-9.434943698090372,3.429059269836509,-8.936345910045681,-2.428828837841913,2.997222769556551,0.271745648200453,-3.084253632081762,-7.552075671772343,-9.855316042137103,-3.686475558547402,-3.939196246971797,-4.439681227676409,8.228791930606118,-5.351355992308107,8.419154621672153,8.498617566795360,5.860369667356721,6.375072442734940,-1.419084904175250,9.121876523742859,-5.286413718404377,-8.783996576705357,0.549801053297475,3.964541270628740,-1.073469381343680,-2.395253782757552,-6.245170043785651,-7.720673274921220,-2.796590294884814,5.031667203617848,8.793644980528207,-9.951825772232121,-8.892123454578387,-7.913368689712792,2.053672218415848,-4.627097270107134,5.330389040598309,-1.832540117371357,4.655570354676343,-6.918486086454365,3.729113868834030,8.545263065431953,3.456968331537427,4.312663543932453,8.712393333874026,8.315761170852337,7.243895762678775,-4.249954829350178,1.923629531159968
4.117375918035089,7.110539773609720,1.680622244100810,-6.953324388580436,6.552762069072681,-2.929943755735049,-0.950763703913033,1.922767386218904,9.647945135238125,9.478437060687813,8.042245649871727,3.795557639835831,6.127814198833057,5.485945009446000,1.073271383648763,-3.121932497182305,0.887680855573107,-7.044472314720887,-4.031399251752086,6.863539701857192,1.313681597028520,-9.944783053308315,-5.925751231428887,5.317883036901307,-5.797414331491364,7.874707730901385,9.981437119680606,1.670793610999013,1.581649629562929,7.778695946701475,-0.106546156375058,4.903654377635288,3.821148396629841,8.929012726062172,5.746357288779722,5.967218692274773,5.452258605257443,-2.260554571578850,5.811108912320302,5.001417965714607,4.745302672286559,6.986466415148044,-2.368857531034100,-3.648373985875002,7.151935098146215,6.432010925964875,-9.200871478055783,-5.486935472265242,7.287092355430996,4.200942150948958,-5.912613233289177,-6.048122561172407,-2.963342804390225,2.195591095800435,5.332136818543161,-5.820444544842047,-2.672878693220053,-0.014945574890287,8.014530997134226,-9.333360686115464,-1.927695520872870,-9.413722091809518,9.598590550630870,-9.542398006199623,9.329219291494326,-7.799985291739970,-6.064120668176932,4.303292632512104,9.318599334449502,0.491865520952754,-1.704061670298607,1.356172764783416,-3.827365497069259,-4.749469427128680,-2.290959900037395,9.002514122894734,-9.996064883128019,-4.665782141837893,-9.411386183318960,-1.475070808884706,8.581007800094060,-3.212766590914260,-6.500139923573118,-6.389826929004608,8.235921526936277,-6.010051918404338,-1.123683177073749,9.976665300637084,5.356898595490797,8.986128917939759,9.620662854816906,7.222568013749950,4.637974088801503,-0.433086003774832,-7.191889729491859,7.066855117900182,8.356547264885620,-3.055450751376629,-9.113325445579271,-3.251786106924621
5.787842415445464,-1.795306626880826,-4.789618712146506,1.450301548989843,-7.000481906174826,-9.518671283732839,-9.828997809088964,7.077348735794434,-6.932332385311191,-2.224660613756120,6.015486035425070,9.707506692862879,5.522601962130141,-6.173813911963652,4.393571392765224,0.958867672682807,-1.484076838415408,-2.660274672086111,-8.560793776358647,-5.142530227188892,-6.047954623591487,-7.164217209295430,7.226226908671588,1.467191696965147,4.291145534983002,-3.911200533639374,-6.032334665087882,2.467354651032574,4.915232224804399,-2.203612896079290,3.738450431908158,4.723889824234755,3.324634385742462,-4.584298360162093,9.710521958687195,-5.884132382095107,0.050495388709255,2.303293637819388,-0.032437207327581,3.095749845097256,-6.681323976585237,-0.063719267372544,4.480267997729651,1.163335053321092,-3.639671598114589,9.269230060247551,-0.204838456424470,-3.787037702213293,3.960931393784769,-6.678023224940626,3.416853018668451,1.374152858115117,-6.175149648211013,6.825106808991116,8.013171225063189,2.224867433744848,3.838859630989269,2.530331896372353,6.467456164956094,-7.061298292105890,9.246716285516136,7.999966447156769,-8.148465842393387,4.177231620752501,-6.066582561744626,1.822452855977714,6.156606608225765,-8.939593995724618,7.216704243653627,3.156186300406858,-2.450123820596435,1.668068302734969,0.529822387746295,8.571068241155562,-6.685035950186922,-2.766951079322033,-6.793663220660222,3.155382526412895,9.860634326515473,9.343520923456186,8.238728272150645,-7.283728916164751,-8.768169784762456,-5.062841518032140,-3.178099672588706,-9.731991426893959,6.136070119494384,-1.572346909215964,-4.954528832200187,7.555153194431313,-9.742012327054830,5.336457308736037,9.591529664945753,5.767090595057052,7.849464605240122,7.628221661811743,-6.657276030197082,-0.229149352547193,1.240442393723210,-0.183893412437381
-4.227334917855678,-4.169108135469357,6.789048417613721,6.809735343017572,-9.874336674913380,2.782501423973144,3.376490995684694,8.875527452220759,6.953642098855784,-9.414413932835949,-2.815346615835850,5.045272387772252,0.675064645806527,4.396841160082584,2.388069831415489,1.376325352938961,-6.250739956031244,-8.743675110487072,-9.851129616415095,-3.659885268162226,-6.565849374261927,7.837954385601662,-7.871500871555712,-9.952883242797119,1.365946496051771,-5.673120088174672,-6.751209589938187,-4.123582319529602,-5.433196968343244,-8.882620942167474,-8.869590880676167,0.837661842972548,2.713068706788423,8.259786718058699,-7.819742626793378,9.152711712650088,1.094514108288910,2.342271850492455,-0.104843315056266,-6.661845328000481,5.410434837457119,3.903831942921329,3.054145046721235,-7.409697881723032,-1.913742056677494,-5.587678571841632,8.719461110499751,1.103794566364467,-2.204205372816568,-0.458527350073606,-5.320696362250756,7.194390893528876,-4.476634989234320,6.089364126182765,4.985585679464076,2.369703421454265,0.011595749128155,9.541641817540398,-2.443139844302360,8.894211189433609,5.508513625282369,-6.839993701125435,2.465707579274930,-4.788670840735227,2.819154011144251,9.553730050450703,-3.355737014496456,5.947237402091572,0.628812417287508,-7.793740514389476,5.826061217819174,-8.245181671570293,-2.898489906945065,4.969483978278358,7.262097331589917,2.513079505165290,8.459854390116504,-0.825900329398335,2.852718244356309,1.235443352382106,8.581772460551420,-2.573318921744320,5.019248232892487,-5.886470081792494,5.241580721187500,-5.523143957593990,-0.467896564839192,7.495147543495506,6.172963398932843,5.824492900416718,-7.387072814943984,-9.458933169149621,-0.487593324639263,3.349340539553602,-0.199909106261408,-9.568978420053114,9.614408148548868,5.848532739266973,8.381378613235793,5.607540948518013
8.961225988067859,-1.227896642546298,3.679983838935710,-2.440958177055251,4.524160538496986,-4.780705933387446,-3.443056768436092,0.762444689081924,-7.312019015127865,-9.021530573052200,-7.813767507205118,2.456498874901023,1.552317584957612,-7.076325633266707,9.553491587883450,-1.842320573003731,-8.501058142248201,6.122096591470068,-3.389881969218392,8.348897521431205,-6.263365252737277,-7.371339506548040,8.823751171676378,-0.879376476732130,0.715503688957879,3.541333264673128,-5.612735398430805,-5.649181898014186,-0.338714763687218,-2.289658220201359,-8.934499231505505,1.963799318579763,5.164270722803096,4.747640053371684,4.437082476166781,8.293367253746769,-0.200349144587866,7.114209530803226,5.307689623240162,-0.243154252899922,-7.120730560398208,0.536682394906462,5.633001359153580,9.917033731531028,3.192747207202082,-9.440182290741493,-0.715202486764801,5.984741936292803,-7.979600585183492,-6.191332966329137,8.647820804566926,5.645549000835006,2.660197996786355,-7.732312289741811,3.909583873014011,6.550524801715461,-1.919530314593711,4.502878034701347,3.658290655580450,1.809873155997684,8.953290363440637,9.784509693969305,7.356509843865869,-3.994771862208141,-9.945163924994295,-0.886389527377387,8.161523324095754,-4.913820801122224,-1.236903113064420,4.028582614314347,-7.710696681429711,2.699306000374449,2.263648660942508,-5.159102443125447,-8.915003327097867,-7.448581357120743,-8.014917816458594,8.865681678697349,4.215448495877141,3.575850011071687,-4.630063964110070,6.476838383693561,-1.810636743623332,5.943852618304419,0.785616887442078,-1.597588082154545,3.883727061665931,-4.303711291710886,9.182437621707496,-1.311894493187468,6.889734016005189,-6.373030231009400,-4.171512308758021,-7.583845775205815,-4.208177374486710,-5.041747770684283,-1.148670817711439,2.681727764461746,2.147990292540703,-7.458266216120526
7.672541788456623,-1.779536545859809,8.123344489579413,-9.085972211773107,0.326075977153756,-8.906539348220960,-1.048858913500224,6.889893282445936,9.617132318448949,-2.084143381214735,-8.074077093002130,-2.639280273722198,-4.150907259034751,-1.546276992749041,-1.403008519201347,-0.692360734912668,-5.212736029830549,-0.643690050858517,-7.852554270570645,5.414789111868641,-4.741829656388421,-6.014897288970849,4.271695128754660,-7.749957270776262,0.923321282827805,6.579640428195429,-2.800372994722851,7.054511997602969,-3.466731790586392,7.284760938083501,0.456740312677290,-9.870375947185950,5.807528975940224,-1.679232810798702,-4.244309865497726,8.557724283945294,-9.419298272267566,-1.772363231891511,2.517085595715674,-3.243971462530650,-3.084110732701295,4.104396390305132,-9.855900349556991,9.405333166750058,7.685916154215334,-9.618303984326689,-2.402072628553686,-9.702286833791050,4.541713062133537,-1.134966213073223,9.506446566753265,5.420943579746210,1.452993570111268,-5.244491897851167,-8.262330279262219,7.886032734897277,-1.757197139221290,4.213519547747103,7.965929575234966,-6.388680252720214,7.740595722469035,-9.320510764728628,-8.598972081395967,-4.145171909852323,1.591230668947929,8.595606236883203,-8.468557776499706,-9.497210383656615,-1.276202209870005,2.759500321680370,-2.695521181758506,-5.894731859708817,-2.348620301193753,-3.309330338775993,5.460627508199545,-3.365396858210734,-4.119694857107701,-8.758872015247235,-2.411487854220507,-9.452211646283500,-2.546785960359803,-2.375368691749761,-5.707893266732864,-7.063802099014096,5.104392748726491,-0.398565787554702,8.295750884447834,0.415838823976735,-5.382451548118841,6.542050200615069,-0.718370422210061,-0.105886801508783,1.341096541682303,-4.479916741334032,3.129187968097007,4.887614329803112,1.994246645143134,-9.826653048198784,3.831042725073146,1.335624982158635
-9.104412932425349,-3.574010545817239,-9.417080614262332,-6.444951638854521,-0.050321025471593,-7.674614173103071,9.246033730631297,-6.177908187478877,1.432970740060282,-1.379459509051653,-9.649030785877306,2.719267859108003,7.376657667327706,-6.909490793288555,-0.206930720740189,-7.059175486242173,5.238469176698114,9.569969335896946,1.632949274633189,-1.649770561385775,-7.298506149875461,-3.833214556723552,-6.013198577967962,-1.181085375122844,-8.506808991152209,5.578268891260468,0.393420336938721,-4.191020056981833,2.381773103306104,-9.967238817962533,3.994920436588272,-3.925648336503529,9.212460885526887,-0.250873318981558,-2.528210733720644,-8.301355991754971,-0.227972351398453,8.110224521831253,-0.030525968313198,2.252475133707462,1.837163630295109,-8.263724139203646,-9.626036188813744,7.090376760556904,8.493449810707823,-7.726163047303015,5.534157780608515,2.227442670095359,2.325079718462955,7.830884819308384,4.501452003820974,9.891157153459016,5.284306501876179,-9.730277987798424,9.453260787939570,-5.824488181094740,-5.652242449153151,-9.589317197517243,5.021376298831846,1.860172784073642,0.101327031624930,4.890652172579117,4.855884271328234,0.167315478447199,7.139088099464207,9.387806549339921,-6.160858773929981,9.362869459229326,2.960709514518474,4.094068234176806,-8.692776286921777,8.453511827292100,4.251058927395324,5.316244584812498,7.089061102566539,3.973855196548556,-1.536576994626770,-9.699546112798432,-2.420287499956675,-6.474807024712188,4.389419690807813,-2.360226066801836,-4.138651682019416,-0.632759426023679,2.534187849117188,-1.005528906662239,-6.279162554757695,9.634581489311326,4.117683789692386,2.029143641872921,3.200338115736550,9.333698347306218,-7.148943943387369,9.893746696524829,-0.567494022401071,-1.605216775510847,-3.478219335360350,-6.302241174589507,-4.228139330017997,7.573477633558820
9.464455753866780,-6.560157099307093,7.467531942724378,-8.702912469486147,1.894462920680942,7.974490454975957,1.411624216923467,-0.694902464062197,-7.825957756136404,6.238524063601094,-4.665042657575516,0.480297234112960,-1.219853092967686,6.674126095232896,8.491394950922764,4.372864793673770,-6.845002808716647,7.455257573491419,-3.096470866115427,6.483885953453793,-2.645286599958387,6.669080288485539,-2.823957547837477,2.838086045620178,-4.446130386549405,-7.419894547673465,-2.810892930588842,-6.007531931009582,-6.770906938123147,2.390793483553706,-0.809731368499984,-1.375192958782840,3.083906983095828,-8.670584028335339,5.792103896078185,-0.256536429586497,-6.156399339851426,-4.453367395668142,4.773758773410101,-3.161560937004269,-2.909747621961949,-2.160576596921883,-0.401655811387762,-1.707451514068980,-4.560490827256394,7.925783727358400,-1.207757993867348,0.202199432759196,-3.734268285852911,0.696540075226391,7.120497624676716,-1.323086273421048,9.723410826543095,-6.436961364386824,-2.176880540526098,-7.851210421962538,-5.239443166023436,-6.689019752025624,8.442757272802488,6.932371153183912,-2.983386281219405,9.933598110073554,-7.287536062548030,1.279058147678278,-2.844209494835153,7.796414599431813,8.614440262036855,-1.204554843546257,5.099807473408656,7.481595580836469,0.589943010032075,-8.936742644051076,8.146207549697511,6.333228744953956,3.332697276263652,1.597670955875671,-9.583474955571793,7.984667362553331,-3.586011127476558,8.344688007040439,-4.196670770652162,-7.265575284444667,-3.682842322439457,2.037338711032916,4.967679122223515,6.809004584168001,2.105464226189984,-0.374242080951394,-4.549995103382876,-1.697028450348402,-7.395694708730942,4.576384493784037,2.781183354991247,8.957614205459571,-0.586472597072250,1.204784141784511,-8.158695854273921,-8.797023340017510,-0.204482630251746,9.945299439545281
-5.303667788701125,9.348394093625039,8.626782415569039,1.351219782853610,5.027252080832563,-3.577180764061014,-1.113783240898412,1.290525734293514,1.552822870385384,-6.758240001946543,6.138943848107566,1.873883233835754,-1.111576187273561,7.541637247762665,6.529135211605940,-4.148349760635184,-0.808057112671044,7.818626406358653,-9.687913151636696,-8.360287770617063,0.618342509454051,-9.993869765691938,-4.159167380459429,-3.334198585747538,-7.910355442891975,-0.672461077245277,7.860497491954654,-9.767296862338135,-6.759213578530032,7.733458386609257,7.082085311455934,-0.241310761607513,4.316679428825532,-0.893403668768451,-6.277292533388252,-4.362044967148089,1.403083618997456,-6.119082924563324,-3.650490097254706,-9.598536852387685,-3.180909176775129,-8.348596722477978,-5.813040888857892,5.734235023084462,7.170677401206852,-4.248855094295068,-3.912761210697249,3.154049583466271,-4.070908226782359,6.986248267383726,-1.485178622082138,-5.147970256937741,3.274464503551581,4.089736244315983,2.317115675083194,-0.309380760600602,3.976968786257958,-6.618742372800863,1.566738372703124,-6.799234718415363,1.772565242229266,-4.751777007789475,0.014613614462862,5.869875417925401,-9.952727180960864,-4.589971531048054,5.424569928989090,-7.891843992033511,-7.883487590130052,5.565941449815028,-5.241870827332090,-4.906640360608989,8.432106341237226,-4.320375560706557,-8.255417780136852,-2.419448153194668,-7.948475906300558,-9.079711806323088,3.060944147265030,2.316216965900262,-2.291485654850045,-2.257407943977499,3.160097846395185,-6.677228269264132,-0.754026132059746,7.173322403019171,-3.448063063265849,4.028789664897092,-9.471907174864020,-5.409892264674554,-4.452633168238509,-2.335572491943909,-5.993850914647174,8.925470857780962,8.961762388095018,1.309171830531168,-3.951212721871626,1.218178936438591,-5.993318077774477,-6.025447628957643
-7.869644078820155,4.485818347674064,4.625673780785425,-1.815159524261778,2.621024073935352,-7.972183854859988,-6.695001627927955,5.776239058007782,-4.812830597688702,4.273035911054670,1.806491299100710,-1.696750645359311,-0.901805464605854,-8.255554663709557,0.886749067922546,5.866996834111742,-4.577172732881873,3.643603221667490,-4.929563025460966,2.467036992056160,6.273890299116161,-0.808607580731231,7.149955298820313,6.087121385921751,8.000597687205413,-6.599590222910336,1.861430780598232,7.347339954213446,5.315853647015420,2.327051332146002,7.039378250640496,2.292301322638640,3.853051338870738,-7.198556566890286,0.406053927893979,-4.411718289989912,5.349524829377028,6.426843375124001,1.397701436308731,7.324254121858239,-5.146768761475860,-4.394127472726479,2.041663912298972,-5.798772794472608,6.159362609065255,-0.381832960156396,4.845946606833555,-0.685163109175065,5.877037163508911,4.914775027177900,8.508748595313882,-0.371132145051781,9.460408986716207,-1.097772437633751,6.953151050425198,8.962978092567997,-4.237984429436555,-2.755822608707119,3.032031302665217,0.077858371690134,5.469667181039577,0.952683096711642,-8.063431889598435,-5.811738841214284,-3.495730674710831,-4.335040118427553,2.997187895003586,1.990727355581736,-3.720583267986814,7.412726874556913,-6.905239201043956,5.017656086139411,0.265032765050714,3.836144819195436,-7.404703726127995,-4.680711170758403,-3.942115777792303,-5.577547609483178,-3.308084925911146,0.305275233520423,3.392849104466018,5.765070561112285,2.796003190983949,7.547481337970467,8.650490816375779,-0.479532893638837,8.349057213301215,-3.694032198799233,8.544258737486395,-1.375114951350421,9.620692857333108,-4.507714229897219,-7.617737228984436,-3.935075323389878,-2.218328294460070,-7.991516641668015,-1.112480284502350,0.972060694291496,5.980305299499546,-6.573694927805676
-0.777302340174886,-6.398364329053503,-7.751200640803417,-6.079978910910770,2.099784552904559,1.084565739070085,-6.328236676542359,-3.969897587626292,-4.593855539891118,-3.799392510548081,5.001182703713143,8.339080640615787,-0.109106359861400,-2.984765963179335,-1.836668121354787,0.726512397423368,6.865335424567057,-6.198206902020587,-5.859111129709946,-9.240084128521657,0.442369865841306,-5.093185430062004,-6.245026970416408,5.061156074726970,-9.712392776540613,-2.991696584527224,4.755330580046639,1.503109574735790,3.134508551822957,-9.224808629572914,0.248939348898352,-4.617910206227888,3.205636321360121,5.289331363523853,3.920470048936735,1.390583651714174,7.355690448606200,7.675704923934955,-8.745517946222305,3.306228022301314,8.079621904418236,-8.953550312430050,-4.676585480983720,9.398839372230029,-9.299901898813639,4.422061163735172,-8.142899610922393,4.037328638699069,6.778775640417617,7.057346528884700,-8.772200238076600,-3.233024301022325,-2.141506770585657,-3.644411988596770,3.895041521297953,-1.808269741522789,1.331621013931040,-4.599105050161341,-4.291003619041167,9.798417156458754,-8.380715362831722,7.614126364694151,-8.387534438551176,9.801143762044568,-5.317063958515858,4.879651172071199,3.399086960188530,1.441598246957618,-1.928833323722323,1.978743979548963,-7.722661955694139,-4.650015061869834,4.345013796508706,5.051667410017819,-8.628444337622598,-4.823909893695053,9.629881385789098,3.875275009640935,-4.231841443631305,0.828863081604929,-8.193321408569755,-5.550730277163812,-8.451276125110034,-6.706973651161170,9.094124138791486,8.958901035166495,-4.929664029420005,-4.012656500589397,-5.950347812131058,4.492744947563573,0.191327901030110,-5.750851645696510,-4.459853293570526,-4.393952941929551,-6.492978246716987,-2.029631528121215,-5.177192503557093,-6.972923091723429,8.525243093193225,5.627275690483366
-3.565384196830454,4.122952383538967,7.752091452698018,-2.944450150329605,8.213399773660996,4.091546567490333,2.114078561364485,-1.913204282793956,2.000213218475302,1.520863267068879,-2.616047106631907,-1.977770541559316,4.098749476416664,9.975457502910587,-4.152890356837345,5.480322074547200,-1.548077280606929,-2.923164182373434,9.074695114405788,-9.226903926805644,-1.891825659900272,9.149020674761157,-6.225082646299855,-3.472142736749864,6.357129538328511,6.539569639304183,-6.706682693872303,-3.797988371031014,-2.615709518480984,5.958471199511910,-2.694094498778230,-9.541646172173852,5.636352771177553,-9.492986270893692,2.577196548683055,3.288265490115842,-3.521702809479576,6.673710258613848,3.249432014634895,8.977799629009496,9.702959111773655,0.441985784141581,0.160041067746011,6.525591314173511,-6.622730326014466,7.673840672211185,8.955106414656232,3.368200227005024,6.828211844383468,7.416647797202710,-5.172141777370955,-1.912783227090983,7.062506399872678,8.282541739988261,-1.490465924127218,8.335705406499308,9.173469057837636,-8.725964992758961,1.906232077652504,-1.734490165634128,-8.880912688110476,0.139369770396577,-4.772664279487766,-3.963081994815383,-5.784122207512754,-1.455759343532444,-7.371451938809566,4.631863171579818,-4.519657093070326,-1.283989615318200,-1.855807995849224,-7.266530570379617,-6.046551602153785,0.924007093011451,-1.095487283856038,-5.372520190458003,-0.341957837115691,1.020285134852957,2.432284064171078,0.676826027305982,5.421223636666852,-5.393892229121462,7.621780475963821,0.063337470133622,3.754160325445572,-5.072249600425383,4.512691235390971,-1.091086794156062,7.866524827542761,-9.087610962969331,-6.610046693286526,5.224026882803692,-3.405411928751130,9.767680296738668,2.761149756390500,-8.439433528779681,3.962248956678515,-5.417105993876317,-5.581156723607892,-6.171195603451370
0.123672133603222,-0.721508576834013,3.164560772818684,-3.408963580418611,6.855043284257658,7.642338140845521,-5.622116938911881,6.875304766765840,2.371699118932334,-0.104142705527796,-1.955382311231999,-4.924885078065778,3.948260640089673,2.189759363813884,0.343323255819390,6.838446589728118,7.974831993924852,9.134505018239349,-8.333978711616808,-0.650756899613461,2.071146994391427,2.007637664512274,4.891934337983779,1.866379287916731,-2.476440840902942,-7.347437144938556,-6.559370278291150,0.280850042414563,0.313428938618248,4.479808650165433,9.155526150412495,-7.435350547608344,7.610726293727826,-3.888865416801146,-4.978641309434475,-0.437187526972217,-8.418319784233903,-6.489595722911590,7.753869855945513,2.029269704433061,6.621879466766394,2.923448808229610,9.462269524024354,-1.342803867931066,-1.149097192420470,-6.708397905615180,-4.661039678582817,-8.737605100733832,5.144566862184936,3.519876616540124,-0.595968622719180,9.531080386426297,-9.076050147033868,3.476993917862250,2.663694249557839,9.408617057993737,6.250073110283822,-1.988244438282930,-9.978246186326096,-9.812625059820100,-9.890488053644743,9.574643712589491,0.498363040117411,-7.052609125779585,4.672517774787847,-5.324199476300977,0.644362891162441,-7.555111063189218,-7.526340057008887,-1.527853073119886,8.845867399966391,4.329079760002610,-8.460275116748919,0.693490069948970,-3.015851613462086,-8.570801387776621,-5.509541423537581,-9.277016816561909,-8.325775260292676,-9.556807101930943,7.423171585750691,-3.389308474672132,5.768826304785911,-8.540941557329976,8.795372933428546,9.494014189828917,6.314235014352452,6.028185586317502,4.703620410684366,9.256300078737048,-9.797026942765077,0.006879094436403,-9.964882092456826,0.114082331198713,-0.609765404864024,0.184514501634649,0.672963528070634,2.072372783427301,-9.889104703266989,9.899154484371426
9.193858715483923,-8.370864473341275,-4.952468033601065,-3.320051646262527,-7.194988624728302,5.479243554766027,-3.389578226766128,-9.837076027762897,4.690064716731086,0.218110389185766,6.238667623174855,4.237466717949294,-2.138098247233275,9.621705167822249,3.800161727061155,5.836641942412484,5.326044893345296,-1.042461375238851,9.455606606198181,7.078392254856972,-2.720562059232956,-4.925284614005506,6.075319135873702,3.828062204136803,-7.660257031244613,-7.271936682909457,-7.336314270691629,-0.881702833104029,-8.568113915459925,-2.791577188074641,9.170351076520571,-5.424832897423332,-6.617945574174140,6.659493755770171,-1.972594861259511,3.225610109854243,7.278568350214286,5.630004481687569,-4.612688078101250,-3.097391748698318,-6.833737290202695,9.103297687313095,-3.028073434060421,0.339747390624286,-3.658760968809089,4.491776386312683,0.049542990892871,-4.539354578015084,-1.729239835763325,0.961393975314158,-6.559519330459143,-0.975741839551347,-3.941891424467341,5.168798665221885,3.009796587230316,-9.037898649594423,7.577337831281753,-7.346611656398760,-4.686772997575632,-0.893736564079370,-7.720958563374509,-7.242131837886861,8.590746770868364,-6.990637509669946,-2.473573012371113,-9.818820071658791,-5.585373007293111,-5.276627072924467,-8.207642323665855,-2.052680776166660,3.142747476760224,-2.407285809469375,0.302649236274828,3.968079293748731,9.362032069462568,4.376790494327876,4.394307595232981,9.890714986851027,8.211292088132261,6.360600058235750,3.037792777036660,-9.969688702878992,-5.413371691683409,0.295277111127866,-1.785168330446199,-9.356640708654663,9.611450926402320,7.019118842722033,0.074894299357721,-9.486754542409310,6.537893896503697,-5.416233738650713,-4.950823990513409,-9.270494518042193,3.460355068210736,4.204504525859978,4.459249303704745,7.473034119835127,9.551906255759611,-3.730768429442406
-6.029835016621785,-5.655264851090558,-7.276465608829090,-6.950473132028767,-5.886343701776529,-6.085517613924520,-1.452297090156307,6.405815141568606,-6.547351241672019,7.067287264243845,-9.285651275905931,-6.758528863098241,-4.077753830504001,5.663773230091877,-3.352566140943769,4.184367937425739,0.131259543639953,9.086183449147928,-2.354197628612087,-8.269554442261864,4.787931510975213,-3.969422845914828,1.239237859826670,-0.946758707039034,-1.586440133150743,-8.828281615587969,7.677604203073635,-8.437952811678258,-4.448978064445967,1.301472457526598,-4.944949004355568,-7.266646538492136,2.401586320621426,-3.399158127681254,8.344712763176194,6.353056950610895,-5.916837242747461,7.547842036243228,8.507897639566320,3.105231240862787,-5.528706137871939,-6.090359314615677,-8.090577409587056,-9.234514214956825,1.733224416302228,0.851547512128807,2.646699606626488,1.695374201975220,-9.474923457093604,6.608854332754344,-9.251062459625190,5.987625546414568,5.788643564302236,-4.087092795017697,6.535576640979038,2.318314246764714,-3.412523176471871,-9.269679770166697,4.467390247285488,-5.994251144667377,8.548953481633745,4.210618671314137,2.318946590222847,0.477528610131106,9.350675179560596,-0.091479861188905,2.881759021602946,-1.880787130685693,9.666784253879939,5.708774252667787,9.510368609076135,5.138505634001792,5.506347013448654,-9.270107156190786,-6.886654425274001,2.510683587409016,-0.895899756000698,-6.781455425844296,0.122509167724921,4.374335672008602,-4.355722618816200,-3.914037199688716,-5.411367714791384,-8.422995197989160,8.937247417413687,2.021260680081953,-0.189609615567260,-8.250456626756467,0.351054000617463,-9.898226075678124,-4.669388241651101,2.259132824935845,5.809873181110701,-1.182245644787328,5.152579449613807,9.666984486578453,4.382946269391311,-9.068613057729376,-7.701488264434215,7.141260130632737
-3.146545439812178,-9.329623128891718,5.557540031373190,3.814538308611287,2.323541635764814,3.786431597159435,-2.504941940680981,9.683660067528702,-9.018762127385777,-0.413980367777224,3.555468852409472,-6.639992869553526,-9.762051078865802,2.947495985025464,-6.014362806995443,-2.508190772163807,-3.202813147316508,-0.383380450529886,2.829182602043543,4.059612118800327,3.654760034284980,0.851172959869666,0.710271820268646,2.164236338621405,6.063638106509948,9.946092359044339,-5.124232761915042,-4.435003791146556,6.747839783727350,-2.212938681172282,0.287207519821880,-4.383775639621517,-6.222324665918140,-5.981390087391237,-5.166606419867952,2.718964579913488,-5.227871513983464,6.274004490139728,5.308343120244691,8.139722242241490,2.154213156888547,-4.559917844503998,-2.498540608029021,4.172634007479186,-0.201159169917226,5.717490663254454,9.829240899167335,4.218957216349166,0.748112182579542,8.863812367156964,7.451692144888170,9.732375272478471,8.927433302624181,0.851606643648017,3.731201894238040,0.177098723620002,-0.187611649303971,7.844250465698657,1.757715402151771,-9.321336519467105,-9.013392349252381,-2.009653614028784,-3.906088614751324,9.722211977520331,8.770487538267520,9.257240118096352,-9.580451902168308,-1.656464714827994,-5.124972872831728,3.075630441532839,-8.799254188313320,-4.693520731666996,-0.297880364370647,1.639738031907749,9.747912504903887,7.406304128681086,9.782613792484838,4.418608206888425,1.784259987795169,-7.366867013451883,9.713798411306872,6.279238489861502,-8.554578322769302,7.782728848317880,3.962582568100149,5.098077429161403,-5.465180200064386,-9.542320328107083,-4.693281024299456,4.473851244148396,-9.969304265408244,8.606847106992912,1.519867239309145,5.778513606032618,6.457850540447133,-4.218081437017823,-3.583589362475202,-3.042822735094466,6.101663671990320,8.547814525586212
-3.951665909175224,-0.756158794175953,0.544132205327569,-5.473693559759538,-0.579082047541444,-5.824428403353679,-6.211567339999640,-2.652381386090836,9.768145806460950,-7.506437620828626,3.355808435944784,2.852731003155679,-7.453409584399385,8.936560514652328,-6.818311856774287,4.476369597211747,5.222258697088641,8.835438797702135,-5.990585777238495,4.020052600650857,1.061570019813447,-8.054806744679732,-5.297807889713219,-8.743812207287460,3.908871046878371,5.546571440304122,5.876741351520185,5.507101520860136,1.375215895987154,0.039432635363294,3.446973085373433,8.852376684451297,7.604995931800993,-3.458123387167166,9.259906990333498,-6.580287709616950,3.957440756584457,-8.028675005503494,0.384439356521398,-8.262840513052767,3.693518893982436,-1.543907936585134,9.741700760681368,-5.277023037057123,3.686064874806473,-8.485546701526555,-8.641872266247104,7.093302917301731,3.995022107309207,1.268899058101788,-4.929362362084174,-0.581627347720744,1.054638069695923,3.359170785433875,-6.222221832607149,4.565165636822652,8.267948889431377,-8.018335503638870,9.126860254565042,4.202675015532570,-3.326084994790548,2.792681177049708,-4.792511464767064,-6.925972314004381,-0.223705355992168,-4.915405217001267,4.308386547870205,8.940107544770658,3.235001546897776,1.391142593325345,0.462505805205913,7.807249537648641,2.129949396352451,-5.616574694403830,5.191259112051206,8.315902558464508,-7.015615828473387,-7.802707962029453,6.092127527960155,5.206276325415098,-8.865481866365545,-1.781703233544549,0.352096419756545,1.754062822887988,3.666238570201337,-5.628437594648772,-1.955085844108384,7.088001878372296,9.457989701501887,-4.516879416105009,8.845795350059074,5.374969745269819,-3.878291979402402,3.890881531454157,6.632400822245785,-3.281761586428697,3.657392152963837,-3.182610769531815,7.467285163532182,0.521445301215749
0.290526063278042,0.879640216241270,5.903481436166549,8.349273989293049,0.331614712910682,0.390558424881931,-9.289240936529140,-7.220885480950441,-8.850312881910122,-0.634587224161150,7.496457613791627,-5.191726419598206,8.823918274314533,2.411338702703157,6.925352654632409,-0.612924314424760,-8.730232272394494,-2.029042989364020,-2.891135237057398,-9.690129434762467,-1.051153800204505,0.156873931278449,2.392378790412744,-1.721482729645301,-2.620634018760441,1.790532003819154,-0.593141897043555,-0.747417171452618,-4.659742719328374,-3.307412713046174,-6.743039545829044,-6.829774305213567,-3.636099137940212,2.191873184523192,-9.313407497939375,1.349262543840366,-0.591648212374631,6.538528199270782,-9.835979401638269,7.344745870279638,-3.999357452710621,-0.911152722808870,4.828034631983957,2.239706523123179,3.547588074805910,3.189266437116325,-6.993267654727271,-4.798255036977775,-7.219590507219227,6.723945414933169,-1.083519446905488,2.098361671312807,0.523425573684474,-7.538428004203155,5.774071224098080,-8.391757392709977,9.348249190157208,-6.598034052351720,-2.779385022398140,-1.850976125678070,-2.297527921073723,-4.867731716338779,-6.297316987975785,2.081478687490767,-5.208959190360957,3.410540568233920,1.419516271075544,-4.641418683260485,6.977343497478721,0.554328338389720,-6.356970980182113,0.312147284774280,7.407127891257193,-4.629307348880724,-9.262889093401913,-0.168972983757950,-7.922658891122043,-4.920639581631594,1.305242447975047,-4.620854490406252,4.372472241144596,0.823208909990251,7.954883261009439,-3.280672850497228,-0.816012266732056,0.649216486994904,-0.899205009781404,1.033927854720659,-2.858155940933729,5.925503458937822,-2.665101414201743,7.963569057704539,4.714120773232242,4.734817440769632,8.397816975144256,-6.378243636760441,9.225480029637335,2.958751051497966,-9.246647640545342,1.358497152451221
8.273349570264344,7.606403397476260,-3.380664048197872,-3.229436591589696,1.151252474253761,3.251187011481951,-0.610534616326571,4.416389443305617,6.768821247506100,0.200255446946265,2.795956972350925,-0.490214420682920,2.504151847164657,-0.596107173079773,6.754416657976570,7.067332385459427,-7.193242223942033,4.609562810809551,-5.685157522814405,9.065784280065376,5.112786148704609,-4.828551012670776,7.401001081281187,4.429605942966262,-9.792191784168784,9.394637181010992,-5.966813420547156,1.821575685435953,6.022415997007293,-4.298030937608610,-6.924445869354745,1.547675289491705,-7.618445394951499,-0.080071745914294,-7.731348809479234,6.525466406428990,-7.975561705069694,9.300107812720295,3.820047986347062,-0.885813798672094,5.717280911756255,-4.201031050626489,-2.835468275279847,8.469659231467443,-0.202038566035277,-7.620490990760034,-4.408284619110782,-8.656728553577892,-8.938312311156880,-3.215724945102554,-3.390120711981446,-4.367240626061164,2.894143207958624,-6.835255076409251,7.265474975943054,-3.572146870905040,3.276555432276055,3.986198656050181,5.593489556894170,0.321796846241201,4.330289852712031,7.045493380263938,-6.676066026211867,6.390257865297293,1.704925657809731,-2.830838303899572,7.981528216203927,7.417636613327357,3.017271854610746,6.380144711119893,0.923038718519109,-2.576152138713441,-5.791495171481913,8.833844742639378,-0.225637666342264,2.243578215650206,-2.804792259189481,-5.911573574252511,3.737161066980171,-3.909993049667595,-6.493063902817841,2.316585059795733,-2.606310743680471,7.085808439051540,-1.212134856437617,-0.804350257204160,1.762801951116613,5.252155628287174,5.718212158973417,-8.346125465255227,-4.983909116279747,-1.885109938719227,1.022411440237756,-9.444418868405656,3.340777652514422,0.034628356619098,9.035544865793991,-3.415368377101514,3.668155353988851,-7.728631753444864
-3.552134128002884,-2.694898089021147,-2.951379522507949,8.654028686277449,5.543094480570874,7.499580542743463,-1.797235679013909,-1.543594685588857,4.052708085715297,6.322914000821612,-3.046004300825469,-8.296735124590597,-5.642959297836279,0.232994513320437,-7.124793436866408,-9.522845827340866,-1.503942362427104,0.097997645438184,3.759943555669537,1.839041341464373,7.589295019243622,-0.051134718999403,-2.215503453650733,-8.886055230037664,-2.902259338215347,-9.907961338335621,-8.821290417272907,2.499589196609172,-9.078358861567910,5.141376534340811,7.981804010850627,-3.650578883573992,-2.936068535695327,6.109958850495389,6.981879344113135,1.424276166641132,-1.373965553670342,-8.902340422565342,4.584049578634659,-8.663756187509403,5.017844852967865,2.136434163559407,-6.424545541568474,-8.058204732458154,-5.120219949885096,7.146697993027384,0.923135273279325,5.246990552514008,-3.428759313251641,-9.925943530211772,3.025449092796286,-4.055042110830913,-5.469595424910358,4.830198725549570,-3.743221984533347,-7.333789280558316,0.296424920868397,-2.122515769916498,4.475670765416314,-8.662506523849974,9.360748259251025,-5.416774245797660,-4.800909235019628,2.391050897353251,-5.196081953482821,2.840548457256617,9.331778139692240,-0.369713001281193,-3.838665772234671,1.581131850516241,-8.827778994383861,-7.787430759763261,-1.322254675385688,8.495091953801506,5.769601524294483,-8.499808722089316,-5.476646230941702,-2.016322045436900,-0.275504589723512,-4.462813959952707,8.938146036805488,-9.196288052601041,6.961840986835469,-4.459663025400317,-9.508471787106711,7.145294725455997,6.474617923001592,6.865986671193241,4.650946898828849,0.588370685994130,7.047316106720743,3.581521616074898,4.348401708892931,-2.190669380800627,9.027071022173438,3.490580468659182,-3.667000539849752,-8.077237123659483,-9.569286575897218,-3.986502562254424
1.150051264977733,-5.923929703246412,-5.317072115327928,-5.172109144805946,7.411252972201080,-6.054383970982022,-7.938513418245949,1.429407516771660,-0.250512598066026,-8.590749184861837,-5.169930699611916,-6.079912246745103,5.493538321589282,-1.104206865184352,0.280119313470761,-5.603438198712145,-2.934480840005163,5.040891465123714,0.507691008057352,9.993423618970851,4.452407554972851,0.602984906639490,4.152876923686105,-1.654510729562542,4.036356689611418,9.249092734439497,-0.494144530141545,-4.858925008421206,3.867966294665457,-7.641013570292124,9.393018981514729,-9.904582716551538,6.979648231385866,7.655639440731111,7.028721795198265,-3.406546059544240,0.801313630202625,8.028517974253212,1.667114022363005,8.433857264851170,6.898183142513730,-0.228651457419771,4.102521182481297,-3.901761694004171,7.730924579072799,-2.810113826684494,-4.720215686506588,-1.527700731937871,1.233941779119391,7.265747463856631,7.892322367612813,-0.749572788377829,6.914877354625496,6.307627978926767,-8.159580403192352,-4.441340295592607,3.110084685438899,2.214555266523309,9.390359449077572,-3.303965645905982,-1.029826947557989,-2.773805692890841,9.447224633683390,-8.397344753807088,5.742208781650737,-8.669642593923260,-8.677483169998311,1.268662742800284,9.605761896577860,9.022494833062431,0.221835930149535,-8.027336000842627,-1.293171327519717,6.009022513397607,7.005949544792625,-1.236049317242308,9.825212499070272,7.218664019422285,6.497481199319580,0.039415520183940,-1.337385522721801,6.267452610658207,-6.956379038542815,-3.566473086697187,5.124423504565589,4.912818276104197,3.702550378084112,-4.243433379563819,-6.849728498256726,0.633874836906884,-7.986700576436883,-1.303166838563477,-6.421645323400405,-1.384632140549256,-8.848245113493793,6.451251148416201,-0.973695960674325,8.558263588908289,6.447837294971446,7.949610655489490
-5.050283810301743,-9.143769408898319,1.598953891878951,6.881540838022715,-8.217395742317365,6.964645055381741,-8.746019717990832,-3.521652586868765,-7.453288709570018,8.367963399720541,-9.151591658026483,5.428990904354023,-8.084553739980972,5.084236254138691,7.945622875712548,5.391860129243453,6.443336608638248,-0.977927649390081,-1.545346128814113,-1.925580299566111,6.875943361901001,3.382705057941202,8.113614217928667,9.053418910552381,-0.295672605374055,-8.150470390497055,-7.298726367345023,-2.475893421091493,-1.249822609663854,-7.283910101925266,3.687701218940125,2.730111430326724,-4.914985182888516,7.721053356778278,-0.901670944189128,1.186384407045608,-1.056180179532218,-4.181180497329007,-3.502493181414621,-7.008057723578480,4.317178166354370,-4.107894739392446,5.600165647488238,2.965601817517122,6.321891580444870,5.412828504439988,6.309142359734683,0.817590371409349,4.376326400020794,1.481157239287684,-6.115646963501103,-9.803551719057404,-3.633741932144618,-7.231635228172419,0.826083406440045,2.572031778003442,5.791419334289515,-5.573767045012126,5.820792753953892,-7.885027537861791,4.782621183979348,8.132913237755798,-8.257539616971572,-6.647815203836531,5.223581603376203,-1.032528074644274,-4.977420224818085,-4.713236429142804,5.420977258289405,-0.925272794323446,-2.052163601027061,-6.059617888096871,6.096483486115819,-5.255212722919249,-7.935268974889935,4.151787476095670,-4.223932872378537,9.694916092632774,8.118077494287789,-2.974345908761236,7.780013873752896,7.946462550662524,9.645067537785060,5.886130509314100,-2.658833700986696,-3.217165187999491,6.486268570270674,6.941088450706399,-8.994503597344064,-3.238189126430528,4.691752310173850,-1.728318594223550,3.089194398289203,2.403224540312214,-6.327963831168049,-4.253592615330637,2.278698948269870,6.388822154105334,-4.917272600287552,4.838860675463781
3.185074142287203,7.697188271542291,3.201510498787709,1.670023373507609,-4.690691803963130,-5.488665834848982,-9.662320224537080,-2.936375159094064,2.288815510098853,9.493148261131452,5.014227847911979,-1.661101757306644,3.166691616625654,4.868231403059720,1.435173150667012,9.292573081368086,-0.492623413621363,-6.102724064185699,2.056247456709084,-5.119285296832947,4.658865081915131,-6.572443922431612,5.296627830824963,2.904821905703930,6.018814946764767,5.767574769717662,-4.583317508887779,0.840730416605609,-6.896798681070059,-6.323406709799809,-6.822148444723808,5.262266408170097,5.283717734761188,-0.480494005873616,1.337456496548361,4.957358524741320,-1.276069017513688,-0.075906505640223,7.693699023452812,-7.917473838278388,6.218835512381599,-8.591433617499520,-0.839058883210180,-0.353716392099628,-7.487389573994252,8.525045436726362,9.117397140641366,7.494819205497588,4.582226662733273,-7.040275253120201,-4.686039399328283,-6.516215663274661,4.440603124394229,-8.261539081517357,9.313876267776649,-3.312171510131668,3.466423214294906,-1.304594959414063,4.751098453734366,5.133375097230985,-7.434848403060732,-5.837497337230760,-5.284435046220961,0.334804248817013,-7.031783692746858,3.408170898434978,2.818991208752683,-2.962186348599209,-3.608492143679189,-9.400307812809761,9.070925329526485,5.293056000644862,-1.834569371432808,-4.892928827036631,7.615874974272710,-6.373313990671560,-0.974494435366298,9.758258382863183,-5.534583572690579,-5.610267430495015,-7.425059434605547,-5.134087535215100,4.052321652420989,-3.277887513542046,-1.894670511422555,4.498132827346426,-3.387840309921444,-1.787926139252962,-9.595637470190987,-8.668312413499159,7.090636356904575,-4.309186585678417,2.504255364667500,-3.618576715648167,-1.318537223402645,1.495960288761434,5.673689866196748,5.249880187303759,-1.912087125702724,3.330345914632808
2.915523060103345,-4.407931332565158,9.724495495075431,3.673300380751712,7.582132420761344,-7.135546953640115,-9.065257468426926,-3.485384551537926,6.140899999128326,9.488605524146273,7.003017567613679,-7.804951308373347,4.620306508178837,3.172817301981382,1.325932978975043,3.727341797375379,-3.379286326966366,-3.624358262980172,-7.806161249637840,-9.773518704356414,-2.307046923391622,-1.138716556566777,-1.267480191052197,-4.179817512093409,9.285500940291826,-7.186201462870816,-8.354003175530369,-6.338020808400913,-3.433727326617531,-5.654729001774688,-0.112311618108009,-6.294716257172905,6.748984988412310,9.979296187683481,-3.930947390685726,1.507565337342232,1.042248225835294,6.274200514921390,-6.856087108029860,-7.908043103120779,6.312812978617149,5.496560968688023,-6.089884685403861,9.433205436967825,0.919401657870356,3.514635243985607,-0.112272622792837,-2.491136290965161,-0.358475676078838,5.530758363035599,7.404820397802229,-7.757935518023777,0.983561831047989,5.022092107456789,-6.898204632124829,4.498257254759109,6.368308748193638,-2.699877301571756,4.915115359756690,1.254697376181028,7.898648424770563,9.963868805800523,-3.703725747393351,7.594256332539764,3.862752164002272,-9.322285769015032,-9.665640466906808,2.241184185207729,-4.832545827225772,7.403500861703940,-8.950795668746492,-5.357582300228804,3.783984993605127,3.825668814501263,-0.440871328004210,5.475547358083620,-9.523359827663821,-7.526322449649266,6.024078910860446,4.734370131223788,-2.239298035926960,4.824142789523949,-5.785576088402333,1.671987489120937,3.244805519975024,6.969358819190056,7.677015920872702,-1.529592460140293,-2.230846229738209,4.300255782674217,3.401031199083304,-4.623914825434481,-6.836744079210144,2.762070951878513,4.970396663024157,-0.766909122418246,6.593733856610950,2.431888627436621,8.989482491211433,-0.997997357870590
-8.134341593064413,-9.936023330147153,-3.398060979686539,-6.292198372218037,5.071794425049534,-0.290953354039498,-7.917842727220352,9.134330247484119,8.370269068856690,1.967611209491976,-3.250048337845321,-5.039342403443228,-8.666685855696521,8.890463729213003,-8.654200161131339,-8.569255433458352,8.940650140731638,4.625495755963698,0.876963040595385,0.601928932421057,-5.548386283610376,6.581811845700667,-8.291638476754763,4.261502503974736,-8.711882620328526,-0.528403856103626,-1.165622686612284,1.727471090080655,3.798648440792858,6.794717100035683,-5.163307351715856,8.224609483050497,5.178839020247137,-2.649086436243366,6.970384639498498,3.976761895472521,4.298579968820711,3.100276440311244,2.912779041125527,-9.918473771035464,6.597765864304019,8.780639839071103,9.957842268584734,-8.649754694155975,-7.270840745758706,-3.661503099824066,2.906257488241726,5.967414040946222,4.147593301209715,0.407040941031195,4.706414477059568,2.031621304948626,-5.314691535404825,8.996334232434766,7.515376731417522,-3.798770670262430,3.630662951069050,9.711894836693759,2.788163101469696,6.102162958333508,9.088227314257587,6.987744728406284,4.893136929199004,6.165535039153326,-2.172293760694293,-3.174073236084900,-8.181756453523800,0.066702096420215,-4.141521194697646,-1.081861753793188,1.138052470331106,-6.121926510399165,-6.703300975996155,-6.173237776615781,9.592375041970786,1.997830216892247,2.944961922262797,-5.751363582900632,6.837296587467293,2.831351724158708,-7.452018207851109,8.922609992437213,-9.167576773117974,-1.568701264559632,7.432971398456122,-7.672818717740166,6.697050555210499,1.324886014721731,-6.681114685212539,-3.036471289292384,2.262040420326965,0.235479464279242,-2.931878555192475,-8.942686201988934,2.776081983024557,8.731190043838374,-8.154455047573677,-6.951956107649016,9.074842744360602,-3.314751810166991
-6.379807560242807,7.163805534579932,-4.445613325451292,-1.383981800302280,-6.656717342511877,-8.509784290316166,-9.278130511981777,6.652413051820826,-9.664603002029789,3.236005685124377,5.508863678433553,-3.921731213484117,7.960944652262722,3.199759044848673,1.088423855159462,2.007667918076327,-9.141061129441983,8.374800235524422,7.727304496770234,-3.813589894722538,-8.108040673208169,-6.314667278146311,3.368327882435583,-2.715186054073100,-4.030840003906119,7.813082960054253,8.403725574257120,1.095332305037884,-7.326142289691355,4.766086767991949,-2.145015741761473,1.558242391573259,-1.229363197370567,-8.190203265031625,9.927424705434593,-3.765885770478821,8.563008424660616,-6.881084305965190,5.827617723275516,3.603496766577228,-2.853903530081478,-7.677831849307790,5.343117867806029,5.596803663319193,-0.690710112843700,-3.215013794883655,9.412017943392350,-1.432975756593986,9.508859803447361,8.123810022243649,-6.161078753232310,8.194349605773571,9.794750410488877,7.524109297705927,0.605874370584560,3.530860057777428,1.824479464260493,3.401201825390622,-8.401954391495877,6.010554123816249,-8.591101582123564,-4.189573699384608,-3.540224796256806,-3.358739897451352,6.516458519655401,7.210095086508662,-1.646767576283136,-9.225802596636859,-0.435933146876886,-6.190474865166788,-5.728191336697446,2.684355558586663,-5.659992208900729,-9.972946265104536,-7.455414209227054,8.109028407353549,6.519348503502961,6.192892999116353,5.889239982629729,5.709296620052102,-6.172508221236761,3.096514376619359,5.492499904598333,-9.414740496532419,1.669914979286524,-1.916826174745170,-0.372423757302986,-9.410943904915010,6.682627201937720,0.749134470143758,-1.632299748006591,9.816512867447571,-7.258307734769978,-2.933230313814878,-2.207934110408960,7.665192778130770,1.189037536355473,-7.326988858544786,5.161594380977368,9.514868380140914
7.233432636262936,-9.799548248021395,9.316109391701552,0.808437774733674,6.754957150283118,4.773283066058291,-5.434109152603302,2.563639484515754,9.879273782566610,2.113640110927975,1.161736092215076,-8.339793055161969,-6.381008028235426,-5.020873520166087,6.977549711554939,-4.201094284728983,7.227464082110117,-4.675828519937182,-4.173608413424281,2.843583270440620,-5.164161945690944,-1.034084528455416,2.088474161354799,-8.860027666613234,5.421312403111024,5.619480710596953,3.858852762581611,-2.487054298271381,5.757501508160258,-9.221649795968066,9.461346984049271,2.906517992646268,6.362799974868178,5.166983689686313,1.831521715028991,1.220824940080744,8.830042306285595,-5.976100306315932,2.743315920654290,-3.330194451650552,9.644765860334147,-5.656788239034638,4.440805793518113,8.994170114444625,4.957089346260455,-4.185615147725525,6.061289231003034,-4.515197687195156,6.528175347938859,4.319889534028263,-7.961824938129565,6.731084266702872,-9.566153031727163,-9.409874209079543,5.532266042058961,-3.566004338940092,-9.468998328369070,-8.665478741945588,-2.937362204048730,-6.891530864944075,4.397105919111882,-7.591012979856259,-0.016260825585125,9.219169974586386,-0.900218177529970,9.038268007767488,-6.148347907594179,-8.267711426987940,7.156635496955246,-9.956110368418020,5.626767279909572,9.180246648545175,-2.450361068931670,0.137670941799762,0.236337876427374,-7.849549500163608,9.136345188258979,-5.618226262254151,-5.116654162743903,-4.237108189043878,-4.772647090669812,-0.286323363143769,-2.412308484965906,-5.957070123122266,8.814269263375486,1.357710353531481,3.238440289470507,1.326085080861859,5.856073298982489,-6.307347471733533,-1.898797270087053,-7.312141811447493,9.327156978176433,-4.967889323289794,3.093445463436936,-5.591051000740950,8.007847521579571,-8.956294290973254,-3.421398567085472,9.952737184141153
5.095427609298138,5.772467416599198,6.479303869239018,-6.751461500936893,7.126421048731796,-5.241212746362127,8.322089861838574,-1.747428998065512,5.904626104820331,-7.621061431976650,1.773457680314252,-4.939845129644134,8.884358013499984,9.257733650432638,-8.581046006357848,-4.022464668892319,9.800724430613176,6.692760084682298,-0.839181634833109,4.013114868986179,0.052441289955595,-3.443275895238534,-3.997683280507724,-2.243832295323602,-2.029519126918120,1.505734527560307,6.492848084995547,9.891224356453080,7.883973191352741,-0.782614387814748,-9.316271827606254,1.312308881895225,-7.195680306777938,-5.878632263333497,0.732193449040173,8.867215075428692,9.581876009358549,2.142010039808547,-0.753163744401238,-6.100471841459432,-9.158793238075642,2.970125387753701,0.725552155555004,-1.496932219146853,-6.528416380515099,2.605971971131034,-7.224279098611537,-9.003186781692083,1.224529601089237,-2.133447987591417,8.123438964400524,-3.270093508421872,5.937773432010736,3.564578575380697,-7.167416707308401,8.075091455884941,9.940656305289369,-9.659273203692468,-6.480088311552084,3.970315689787416,-7.183580920310318,0.453073174488656,-3.164039274774185,9.425033363539196,4.151069914557182,3.279445336447820,-4.274625466078898,-9.037782701065712,-5.178926086458590,-9.743780617410193,-3.287431547744637,6.182567614120071,6.067470070004656,-1.744094944502038,-6.763434677086686,9.258729919522509,6.921953313214328,-8.622431913161940,8.799029999935321,1.583477157823946,7.052360627967825,6.246532039042446,5.829381923404458,-8.367569134000183,2.264824440876010,-9.031896327530067,1.818895642353180,-2.196090031610844,-9.971269441596416,-5.915743928947981,2.832113673439476,3.345012477707328,0.286879431892977,8.850136482305434,8.384773874548415,-1.094365564486843,5.958868712799166,4.443144132708438,1.525719698851248,2.657205977106072
5.580528472634763,-3.901034404277091,7.469184818674957,-6.448962144589448,2.736959545282176,1.820211746614708,-0.952456561805908,-1.242494290324878,7.499621948704188,-5.140395114044296,0.792246284362520,-9.088523612942884,-2.424166005157645,5.034298149852924,-4.619973860568718,-4.581330525570695,1.516780308203574,-5.175033582966360,-8.555089657658963,9.136022381316202,7.234159417220845,9.855258479599907,5.206117206089825,3.743397587578691,-7.157669108118140,0.031425824233455,8.293998630395926,-2.709250822491239,7.875697613081542,-0.307916664229207,-9.918615616470827,2.102832775110224,8.732627156734274,9.150950206683813,2.989573175632765,-7.839006886008015,-9.706113524047522,-2.029476037824236,1.325589399362126,-4.118343627588354,0.114855798112510,4.490504252797027,-4.282525874150876,-9.577621285777091,-3.064736848244475,-3.677049770612452,-4.769097153493087,4.444723099602490,-7.428709692579616,-9.712317119363938,-1.663032912866020,-1.354413753917880,-6.842318028352086,-0.446841920560722,-9.383424361103764,-9.288948132543490,-3.003210851709380,-1.475309950857309,7.893605609524393,0.925342910808691,-6.648617842442217,-6.661799584378494,-9.331247912076163,3.583500237768128,-0.041983678087982,4.328738303398080,-4.007299180566111,-5.745079219436546,5.796910769469100,-1.904867157634772,7.533656168319808,9.272593002486744,7.177486202148284,-8.583320818309888,7.833117534048647,1.714987914813676,-2.911388388490302,-8.399787484271471,-4.989096155471180,-1.765133995485964,-8.506800651457517,-1.977691019752960,-0.142141462518588,7.415851757605019,0.896744462984923,3.464152499100129,7.511182426531438,-7.835295504339936,1.774537263994677,6.229503253711517,-0.500278184315789,5.591116641329883,-2.179663388413323,-1.037388429241124,-6.951651403695860,-1.806197602563255,-3.222065737163000,5.188191619962010,-4.286789590215296,-2.742985041025399
-4.834043946613875,-5.454981983530594,-0.334535465957291,2.173423591781976,-4.456002193235622,-8.231625932330346,5.666576698507999,6.296052607992596,1.212274724227862,5.204953824263065,-7.765635532136090,-0.533834679619103,-6.080478945283978,6.088876304063369,8.234294886068376,-6.163892404225688,2.023954527837553,3.335851903107079,-9.966465980440073,6.902410643870020,8.058830572756793,-6.943015975603624,1.428040658214652,2.491952635636734,-7.196183257535573,-1.247308901806786,-5.090183105844972,9.643610539865687,-8.423812347761936,-0.439771401657392,7.476804745593356,3.180922499504174,-5.217630865910794,7.491458059900090,4.263166375080832,3.035561500939490,-5.997399744278877,1.483588335281652,-2.720603894823192,5.514291978416086,-7.004408413947658,-0.209190665278665,-4.749473284961345,-8.354070138706904,-2.516996825163953,9.294961361066289,2.140511918101126,-4.376211435983308,-7.110660758397334,1.399909308695346,-0.980748711932577,0.856401498805138,-7.200936999647309,3.385518045365965,3.362069343999522,3.152529131638129,-5.430673228442564,-2.426303878038643,8.327886979901653,-3.848508818518286,-0.069074932025778,0.387312316570457,-4.917435591634362,4.226627318888985,9.541512401362798,1.951856373556488,-6.078541057459354,8.935280998255116,6.134562080530166,-9.082923967543394,-3.084783878329691,7.862245377168755,8.885471779990887,-0.731828227520076,-7.201014839101811,3.419859185807002,9.737297526946865,7.699062152113132,2.335207096797628,3.835179982715434,-5.773844601220528,0.170976996633868,-7.325564732987264,-7.003340547926625,3.681455903594735,-0.533475964439278,-5.149773054274991,-6.813937166855664,-0.078456210908611,-6.176997666536268,8.188413643874398,-1.684435882050064,9.391918891688931,3.477591811040060,2.336587481548342,8.285922264324213,-4.688674454953869,9.237605052223710,7.451590017032835,8.826844844443741
4.719081033016717,-0.409333125931227,6.842088082577366,3.805802849799695,-3.915952590321609,0.725722536720760,-3.364801821347538,6.281893077491397,-2.696357965489606,-0.853162419135415,-8.373153117394740,7.425013893666794,-5.306987086930830,7.742296853329243,5.651134624008776,3.887443435427411,-4.680289480676317,2.781950052355203,4.971336469154476,7.319575188928585,-0.049471855045663,-3.528706757928070,5.470192886785084,-3.380011127940216,6.102570191722023,-7.157267665477056,-4.970784933524294,3.260209280955602,-5.810794367745267,6.702777776667546,4.875071434113620,-5.765256731155965,9.229731365410608,-3.898171320993759,-7.027733715107352,-3.620308039782644,4.502216551203402,-1.601528193692642,-3.655196078959917,-7.972538335150832,-2.088100435300220,-4.971422098249150,1.992289759257975,0.533199910273455,-0.310531466806909,-6.335207275714955,4.565498342432448,0.719106269648254,-2.813498623594941,6.183905049731802,-4.767800703859438,3.596282255132689,0.120806459306426,7.382641891416412,-6.596956194736294,-2.903756586217805,-2.168471342948177,7.913123459157024,0.431698625465529,-6.593000354029543,-0.427000206304513,-7.675335796390699,-3.304697290300719,1.850085279958058,-7.170072064208672,4.082034691349698,2.471133473065796,5.361841430852621,-8.374965604084997,-7.292934953259154,6.485194002868656,-2.293907319365712,-4.606103758604439,0.550617756742078,2.297645271822953,1.175013818034325,-1.481131025561993,4.767126374916597,-0.987166561331200,-3.249529290366835,-1.290229705797385,-1.934839870292976,-5.391376409725568,7.669522934260407,5.108594244347955,-5.017595456913984,5.010948595627436,-3.209708734781280,-3.515158339874052,5.950535833425590,-0.421464082630855,-4.538660317049885,5.400165131219365,-9.498396978718606,5.500576737021273,2.763344241658487,-3.985421975512256,-2.090030015806635,1.747504265428779,9.886438944711113
3.962476715774200,4.784491039380027,1.948654438125015,-2.895833555159641,3.798989212505969,2.420425246740923,-8.250136721173449,-4.709259414253277,9.357001658797774,9.234126227368506,-0.726493917384357,-3.412316657133885,-0.815833780868687,-4.755448554672790,9.824017429791656,9.062241066101308,-9.271008289894954,0.279429836817167,3.140328845832558,2.946032995576678,7.477553722359932,8.557780954883057,3.476722573116097,5.309058832344409,-6.479410287826964,0.201573775002117,7.429899550592268,-6.350084249636929,0.656882757182798,-7.359902655357939,-9.773448970685273,8.882049987433241,2.505896246215613,4.008836397332541,-0.447736194226065,7.133830694247166,-7.718196299758624,4.771278128811806,5.426545093205418,1.080971963536053,1.175135419297934,3.086280644257041,-9.746452805381958,-5.457044392431712,6.785963067172858,-2.443851743164014,7.511864214635636,7.290519503179013,8.411939100678133,1.221990923038751,1.336407564777033,9.149266416861462,1.599527632781468,2.683194845688561,4.045222685253256,-7.839529076076984,2.550764836923774,-1.620544662443988,1.157243065308597,-7.168849079349728,9.338784246525758,8.362101077347035,-2.313554826658677,-9.467241210092357,-1.194511889635931,-3.837450618220628,2.075049659153052,-1.013539957344342,5.225732451982472,-0.421756658467041,-2.340123627039010,5.333052092863383,-5.893706032707444,7.427689613441810,-4.316779140659925,9.635278977807836,7.065023724371908,-6.795705705556987,6.973009201355797,1.569777024910113,8.359420579681917,-3.970745262000683,0.944642886467683,-0.420761940077918,1.542411466510762,-4.832231988454476,2.776355584693588,-0.955235986273609,8.901665948949638,8.797643792229650,-0.095805007280754,-5.539866967028580,-6.888067491665963,6.621872808173965,3.888623999428720,-3.398202317168638,-3.792573323648522,-8.928497868296656,-4.001983905808868,-8.741249321968587
3.299536166798120,1.068010193592920,9.107946677463293,-3.161578155553904,-7.516146427467794,7.482499219060902,-2.998042229954074,-9.406381953978487,2.380346821107260,0.265363282856621,3.371965596061134,-0.865894074227471,2.651873237698210,9.274451522528491,5.051149627328503,8.911554522795086,2.175843904558292,-9.440708652432157,-9.641208686858462,-6.448561093667635,-7.543772041363106,-0.574486908938219,8.230075141319205,-1.804260554135857,-6.785114054601065,6.187366782925302,-5.554530814943632,-0.251162040824319,0.225861535228626,2.195388101085179,-7.174878868012449,-9.469684809087717,3.686345257934779,-8.505464317275706,-7.559980943011393,-5.173979304301728,-5.413673488832287,-9.922169063973428,-9.906966724353182,-2.933766737843200,9.198661260987709,3.200842205824308,-0.487266714976826,8.677078629063281,-3.760031757971745,-0.581096974631322,8.368241934278124,-8.087303285258365,8.915222978582452,6.812747621385306,-1.291735632546235,-3.710085243102757,1.457127341518930,-7.990839694237977,-1.520033227527884,-3.349886220597620,0.992274281268642,7.506597530794735,-4.437426952995671,-3.369442363849249,0.714871362920277,7.635554507945294,0.894678800799786,-9.082091715557345,0.599754420531140,-5.717837622593978,-2.900208765764633,-0.429631370230432,-7.593141913590992,-5.407240607283570,2.082628278945464,-4.904620232612878,-3.782421942761472,-8.149522618821297,-1.012306040497897,-4.888072371869130,-2.241072128012148,-4.854170080536728,2.433759537932543,3.427620562311857,0.799203119371562,-5.843147657306460,-8.786388953631537,-9.929466651691307,-1.989473615662806,4.535345047820229,3.340673850498240,-4.432525284406137,-0.537176116887627,-6.741348262500235,9.811258014827661,6.619421090268791,-2.825160244962770,-5.899459033346977,-9.818292124848462,5.743457315983807,8.533604009139417,-5.720053015142266,-9.685767833705492,5.465592843716331
3.904816775352369,4.585658807001465,9.109771784524074,1.841869964404879,9.607467974910080,-5.324995464261287,-4.662094051446070,-3.876721734546145,-1.943626636790803,-7.792680274657233,3.435104061866054,-9.956898905717818,-6.225943902705691,3.042875582313600,-0.537014272211195,-2.878915842899947,6.600154569556526,-3.989932811765639,4.477331175067359,5.411626199854897,-0.168469731833191,-5.285335277857886,5.569378378775280,0.790281642294326,9.827131750027490,4.276729228925539,-8.819832587557189,8.666099410793052,6.278680570557064,7.723509857018232,-8.385043420581368,-8.543501309873163,-8.888917270644040,-7.331342209178128,8.203447231906623,-4.669441957746399,-9.145142960184717,7.025872446356225,0.614511644137334,9.333598485142019,-9.382798148140100,6.413609785298178,-0.935024277130395,-5.460007654451530,1.307346006011416,3.728851748460883,4.229280065162461,-3.538163101262102,7.567545110090972,0.389858537615384,-7.747745335913807,-4.718996185971005,5.818021754015863,3.453379926486473,-8.134578767153362,-0.966637098981412,6.037380498301101,6.634974951985257,8.278197568756074,3.571138847925697,-2.877306338806727,3.901343619798315,-6.686818824858709,2.449844508342753,-0.155857140198458,9.854327310262079,-3.479337365833999,0.160227984183916,-0.261851328672575,9.403199672188684,6.028873217561646,6.153292954567650,9.957354566802731,-2.306226320522835,6.071533941908566,-3.587061750240002,8.677186636296948,7.931010322372011,-1.928896342827226,-3.997624355318998,-2.277322374464021,4.216529114135120,-6.139044405607372,3.741522559056868,-0.213424267188140,5.522266992650231,-3.857663544031961,1.461049965923893,-7.065774239677061,1.002860523564138,-1.678464461221980,-6.625672852266725,7.423842316799039,2.131261505787007,4.647368107052792,-4.355885828857264,-6.324228576957034,-1.441568568624181,-8.146917790206565,-9.142797413323487
-6.781162703200545,-9.864213251903767,-7.813724720725235,-5.107162789261894,-0.340981866208274,-5.613496165654626,5.612651009629470,-9.759113722919416,3.549361410026975,3.086590540983529,7.304822763518832,-3.845484933939513,5.772657739006540,-2.713703905039577,5.261226469729044,-1.277691561927695,3.190020921192113,-3.090804545247321,-0.678246759282077,-3.006899240791824,-1.162672902506273,-8.929102116822312,8.235306201351314,-3.078705472055923,-3.657506947223050,5.920159325484454,-4.537743856924452,-6.405555816799224,2.761055615856318,0.922960685952859,-4.799549553331022,9.244556920879322,-7.437072782362366,-8.136670538202145,1.353189588061014,1.947302095266050,9.357936722338501,0.465655744084458,-4.960855118035548,2.724530508090607,2.930009438786849,7.496477592977261,-9.654564918619586,-6.867519281125396,9.080181345801282,3.604436890718794,3.954277905127039,8.083144610902433,5.279860093764091,1.212673409709367,8.065923499713378,-2.332652461625488,5.636754370644129,-3.205016095504114,1.983378776703908,8.332372477301764,-4.071879856237405,-5.319199201065143,9.384626848551221,-9.453397607081905,2.750880745542627,0.287975125826399,7.994707368088264,-6.253140524880514,0.598738651567936,-2.149950711392012,-0.864595816810336,0.348888592989701,-6.624855132694993,0.123934188402494,-4.614053431870772,-5.270062707952849,-6.068285574599903,-3.214158299137420,3.685334387804291,5.631235647875506,0.442928956521735,7.845853418735590,-2.659401268162840,3.403842823652965,0.135290866187663,-1.692030207142210,-4.506370287946535,1.026770465448950,3.356900851119814,-1.734946718896177,4.356201950415191,2.193904732182901,-3.736405882241116,-3.150177512886916,-4.864912281582569,3.871039983945025,-5.243447285375254,7.262937364175393,0.412755301543724,1.924810994065746,7.508817945879876,2.429569952312464,7.919110498576945,8.163944364432037
2.089061153386019,0.128292396981685,-3.578563480893811,-2.778440925201378,-0.663225121818993,5.631396124642741,-9.270383291150530,-1.013950099755331,4.753590275255915,-9.442826023929022,-0.343393329569853,-0.070164949923068,-9.284913290969318,3.996227502960535,2.843344484154581,-4.845356462127024,-0.270380687790867,-2.674939522574493,3.355513584762368,-6.339529711199425,-2.269591709826142,0.793030764230998,-8.914451309198030,6.981666175158779,-2.483196976920512,-4.582573381733024,0.574604552408166,-1.744599263778905,-9.569525353719843,9.446386169120288,-5.623954978213924,-5.650883858381239,5.589318675928823,-2.721667834809864,3.838137819296941,3.829568328015698,7.799548673041667,3.923922198389105,1.222470831146081,9.142192532982062,-0.727729431828744,-7.955360147099428,-6.315161353744456,-5.080543990700706,2.978648289942560,3.136482179937691,6.998636494361111,4.284336523253389,5.376385376127324,0.259690002341696,-9.532718512062832,-9.495210800539800,-8.318412589703870,4.811550834989067,2.018697065349791,-2.060019717180868,-0.584014353255979,9.000229398184729,6.659162809030242,-0.524301021384597,-5.857041559293470,1.344092032626188,1.674823191119208,7.140480802214579,-1.732815913266943,-0.269476344552741,5.073700947088168,-8.325306699455794,-8.791162791160666,8.416654249413934,0.859101134134164,4.291709588155690,-6.988729688170778,3.517847574219291,-7.453406698483955,-0.935790848962906,-7.754092279602094,6.185646835926502,-1.407524316938316,5.534076137247885,-8.123492371856212,-2.505200737479381,1.931831333632076,9.556396767265294,9.174156657546519,-1.828646950434795,0.989480250038559,-3.398281602187232,2.350097824851149,7.282162257325393,1.064878854506615,-8.539506134881430,-1.832927073947291,-1.875193495720406,1.182360949493141,-7.381053675416815,2.927345194452496,-8.701124468637197,-3.199488277545606,-4.159651936111535
6.859626612040067,5.371299348660187,-2.980959198908380,-2.334639949013686,-6.465859911851954,-0.621453727642781,-3.272306487490484,-4.712236626866451,-4.711996315476545,-6.134105784064920,-6.536171497683945,-6.351467770473683,-7.966160478722042,-4.032048469247218,-4.716190876754876,8.420700199353298,-4.372225947461514,3.137772575891589,-8.232608457543673,-3.643716939888801,-9.686531750629012,5.810075321181497,-0.133577743039456,4.803828249916453,-5.756947378692914,9.717723967000641,-6.776476108520450,-5.002380337631105,-9.091421135031636,9.586283644900156,-6.364459782673837,-9.159061177546848,9.409796964049267,1.963255827148975,-7.729628988084456,0.482116486540793,-9.129879408085477,2.966178470796731,2.707943133264676,-8.526426517532457,-3.442967629324906,8.832366312946490,3.065734447163887,-6.347647188702863,4.548026378837523,8.663256117296825,7.850600704483277,-9.961911122942535,-8.349832409209942,8.216873438948060,-1.957663660905206,4.660868416683284,-4.600221569190714,3.322488104338346,-0.196367770117035,-3.599865269236780,-4.181688904689567,-4.628684262741598,-5.429504935566227,-9.502603070964719,-7.765851514322488,-0.181003785897406,-6.688243494356310,-1.888166052716038,-5.310201267629965,9.152062189021695,-8.195236592444321,-5.146433007201747,6.038849546444112,6.153346243781954,-8.503764597378511,-0.084395389142845,4.721160790527492,-6.874260536094560,3.367772963531150,-0.425795614270740,-1.908005672596129,-0.827624776614051,9.290955265127867,5.169007602459292,-3.160498371138400,2.976327804549129,-4.569786629905459,-1.891887482052859,8.236054601424193,-2.758185771462838,8.615690188862150,-7.618274249354140,-2.100517513297930,-3.042235436006586,5.224896556845424,5.168000162022217,5.633776206025463,-6.720486850382336,1.330461819149933,7.176506463725005,-9.534844394186397,-4.467435854546038,-6.481318023410443,8.118636943174849
-8.277226790023661,-0.617147238583236,8.249824375339362,5.123286677645748,2.857562948535346,-3.481441365485846,-4.936347574494269,7.976222907665175,-5.253498232203855,-1.963231047859486,1.512693974047323,3.446441232166537,-3.893092850425834,7.683509092996701,-6.468772218172452,-2.087603202411819,2.232954151625124,-0.152851763255628,-7.465480587966351,-0.696369967336551,-1.345365928899060,7.418467405200097,-7.813197356777744,-5.750325869921705,-3.816529081571391,5.337556610074611,-5.717824343754094,-4.512573180237274,-0.168227307722631,4.081203665345210,-5.843383622401548,1.802380460627075,9.816050173176759,-1.833945029500622,2.696828965332486,-7.052046306292496,6.515350977423552,-8.470450693879300,7.278408531814367,2.279938488582932,5.838239349896508,-2.397083485988720,7.806243296526059,-1.471013100220276,1.703987397579617,6.694541453701241,3.481944580064857,4.310682067928706,-5.075596023588251,8.655103854415131,-8.168217146836644,-2.032138924302007,8.728392661608339,9.564693490310695,3.435096128374511,-9.089420518321475,-1.139292446572881,8.378727441409527,4.182212503919180,0.866657111502359,-6.390198780715439,-1.535323999060513,-8.279459248602645,4.778023859058138,-1.281342946385614,-0.220943695914332,-7.977799348434853,4.566964984777528,-8.190903366979938,7.748488827790261,4.260973809127023,-9.505450582144872,2.230715439594171,-4.433509480358175,3.718406283695268,-3.362435592635289,-9.918428741181577,1.583819571826279,4.395059028707101,7.346450904642310,2.491838112340108,-4.568410377435754,-0.271552557945299,-8.464325985748168,-8.030322640243799,-0.461358568646091,-8.313442438107399,-3.095166670310741,-4.361064761666058,-1.984985318152194,8.676933191857710,-4.814440898049394,4.918134619473239,7.124241634553385,7.667409508787486,3.023937327441235,2.496862703315699,-1.673947741659521,6.984006610768315,3.800076616311824
2.128584723900545,7.935738659628328,-8.249772068779258,0.908663320347296,1.452662840222471,9.665727626789653,5.747693252069881,1.306921153668327,9.237193301881085,-0.396227518988681,2.867081241107556,6.374604295905691,6.165240812503594,7.825502826234157,-2.121905152879764,8.883398660649121,4.024222632521916,-7.020561703890995,2.732921548002608,7.445495602724090,5.991179355409336,9.389140953946551,-9.627697058828691,-3.929870930962096,-0.092689251446078,6.421635306244852,4.275148584763151,2.570837692437784,8.918390139982172,2.330281910895975,-2.121416895912955,-6.170162459144528,-2.624387118941367,-9.034648914187692,-9.341887813690997,-3.486838870969464,8.700134358503419,-8.228391458378059,0.350417384849306,-2.149480317360450,7.741399406548901,-1.720162055600220,0.769550707516839,7.216812916945003,-8.050350967917881,3.968828640991058,-9.085465211555279,6.975922765687763,-0.265212534639778,2.478034292891053,4.571702944387539,-6.988084434503268,-8.263469894984967,-2.127827530004030,2.758628516866402,8.699528961331332,-7.797418148387914,-6.412619652947830,2.951974004052239,-0.813635921672653,-1.056040433562062,6.057667715183545,0.189325422095802,-0.895398345152937,8.404740103210639,-3.380484243740566,4.519635278871865,-6.128971169530915,-1.944369289255651,-0.963080497634607,9.370140883186849,9.709289927967674,5.723349847265855,3.649003061806726,-7.750550684819856,-8.575459225377136,-1.153006358292703,-2.106409451808031,-0.027001198896642,7.237423564475204,7.621538166171757,-3.465391110949532,5.166950077573308,3.647712844887966,2.376195890051385,-9.409122854331024,2.574330275373260,-8.315934149654234,2.822872723435445,8.353930215187273,-1.245708201436130,9.525003371102354,5.279950357423784,-1.875429643169081,-5.536024035654297,1.531360485860198,-5.380747566927635,-3.586987800529149,-5.869667255934665,4.726031962028895
9.708526206963224,1.170718375014506,0.346088902222535,2.422441804889306,-5.782998628471805,-0.324166136514037,-6.979088810843963,-2.148795337510576,-8.837972233044960,-9.126722570958174,-0.768184538481410,2.156175667858474,-2.829794953264642,-4.684612530561427,-0.926279328802128,6.774902641005283,-9.153885211258807,7.292468605190162,4.173233395785530,-6.035300878370986,-8.138745606937016,7.911765213820768,6.447766215913791,-3.869122736164110,3.100166791684135,-4.772127076380739,0.149136010380976,-4.136651496639956,-0.018791113446508,-9.742150803551928,-1.824274993214205,-4.596323745464856,-0.327765538669611,-4.468729967006658,-8.300902963882461,8.828363679427234,3.975967340475437,-9.106161983127883,9.251804417643651,6.782265067857523,8.431676527212758,1.049045334188648,-5.692457386592142,1.422050128622569,9.617339646084698,-2.576993149817133,5.821676977781788,1.130555692123625,-4.962809472824876,-7.273803058030326,-5.562964164807873,-8.714264269196196,0.659660998648468,4.587731407881764,3.577936821967802,-0.642042953584323,4.986930685365415,-8.779330087869752,-8.844540083748523,1.510965446378439,8.331129915787635,-5.702618354929236,-0.943042856826617,-5.975037111879051,1.265008939197131,-7.767693219917247,-3.747637671402262,-0.228076326719533,9.252140666477931,-1.551470795914840,-2.529134574807566,0.073683153636539,8.865934686810665,-7.148190509312718,9.774096609030028,-1.587802734983843,1.931173535772636,-0.812430742916062,3.649230845714044,9.780562617030448,-5.308871372031259,3.705129593357741,5.718850516619117,4.006148739875444,-1.117122342959199,9.345212823201862,-2.311823060140386,-0.879897659004222,3.586365117830079,3.828215561394853,7.770902880544110,-3.776333324826955,4.074245966627824,1.590032970775656,-6.448000378396392,-5.348250445627293,4.506544636517781,0.088532630917319,-7.443089465346031,5.365936214858040
-0.612022794186773,0.515038130155116,-0.005456838803418,7.710987237366183,-6.636401910633274,5.719760522407931,-5.297165977323917,-5.059574023291513,-0.670657667006934,1.618657593837105,0.385602599543580,5.666089416577405,-8.280598287746745,1.227335630025069,7.637112946197078,2.760547568325096,-5.627700019406277,-3.816461585588343,-2.263806056183853,-9.119886746634583,-3.515901848852899,-3.446307759140275,-9.906519417926944,-4.276498171589531,4.338315144555372,3.894286322745872,8.255605838533260,4.071977239047087,-5.384268364951302,-9.423137821678518,-4.542344777581002,-5.907565762730689,4.709910288379934,-3.376176575732130,-6.037009976604299,4.041161500682183,-2.373483765376092,-0.811221532210332,3.670355091450725,-9.501837061477742,-6.428005812979802,8.630817329647893,9.486668619714809,-1.967117020622418,2.261622753914541,-6.051398490652318,5.613184290357058,5.931525064852426,2.753178566584998,-9.579157053862479,2.443004375834576,7.140256314920727,5.134094759040263,-4.373015573495824,-4.993252906310777,6.850818700130425,-9.211554603062769,-0.677082723048121,-4.123563123497604,-2.017155463063340,-3.483910965379282,-3.122529908911609,-5.089757319714218,-3.006835827257590,-8.563768035861628,-8.714834202850968,-0.634082397700841,-5.609712461570209,9.245122235129443,3.129850585030558,3.939416154404729,-8.812011618261282,1.446433708678974,5.546357520861493,-5.156368782097043,7.036426853674676,7.647303668327346,-8.007740538966299,9.729664048886239,1.746180212620201,7.403028071242591,1.560975306843755,-9.784483434569429,-2.445851220795417,-3.692314666983048,-5.603950552434263,3.404827026621424,6.166097152483893,-7.262955067031573,0.478064007182903,7.756374812439550,4.344255158070032,-9.915922487922838,9.743837564206842,4.019000227295509,2.776273478114517,-9.383452749458179,-6.033254017271872,0.106025657407256,6.337300942474066
2.289220305285669,-9.474486329184376,3.535061833903907,-5.299818872734477,6.482135306201954,5.367603182643892,-5.791539306321130,7.451915895171759,-6.094743786147232,-2.635734790606429,9.811522039213060,9.427913798856807,3.113744260790270,-0.794134381116624,-0.444649763252784,2.113914526626710,-1.918245248208695,-4.471518407828377,-6.647044983006296,-7.282381226884514,-1.785881335156876,-6.122787757648993,-7.532685765280693,2.645947147905153,1.755085663245664,-9.111280689756789,-5.848894420474120,-3.057205764666406,2.488177221944115,-8.652079230976382,-2.824494697864028,8.929013656850621,7.979981210028608,7.840339712090472,8.365018529374854,-9.280484396917551,4.004753049775900,-8.102251552655343,-2.599459618024014,-9.899520027091317,-3.611198159126898,-9.844275272229247,-0.042237010031489,-7.908826045524338,1.959414990819198,-9.627408734708379,-4.994540815379544,0.277559596977678,6.720039265522168,2.530882612894189,-4.844896921323974,-8.987965948593963,7.626397727300297,8.003439831447032,2.076942669002474,-7.277858167357582,-4.231244437974508,2.116513662784428,5.928448832582671,-9.763102382529107,-4.697528702493163,-5.195008752353636,-1.265488646137092,-3.113373069678673,-8.396508854709253,-3.498027881230548,-5.962364023404185,-8.868253088446835,6.370761282821718,1.351638718750088,1.391134058430062,-1.838717382231678,-3.874413369621166,7.633893709593750,-2.904312847220131,-4.828761091045530,4.962769032918640,4.039255330848095,2.678541376314241,-1.776064819677741,-7.413069162715040,1.863662349781901,8.674226124197251,2.985231844292631,-5.965887059348578,-6.561137278642901,-7.538490180941475,6.497349271388025,-3.402079017186161,-7.146238737103729,-9.270534968900158,-2.152911239480664,0.204118824756602,-9.616318595260731,8.052144551798378,-0.132641229890545,3.906812002028214,-4.958804307427407,-7.040290352773879,-8.168921711291146
1.961041411199378,3.555040028145751,-7.886405692609520,-9.713353445241712,-0.624191813090810,2.214826857148891,-1.462373417517819,-5.942959999435780,-6.612271610125533,1.292725355521513,2.496467914909315,8.294592262969161,8.147866735781577,8.377220394581641,-3.635968790256228,8.008170240850401,6.753573246516325,-3.105085036118069,-0.680985620327174,6.822932645101851,-7.704457019834092,-4.469573936623126,7.259919554552393,-7.831259676210472,1.488560264906081,-4.502616942095354,-0.484293552539590,3.937161999650527,7.520766451185260,-6.241909603722799,-3.766072735401886,-3.105413682571228,-3.412673588499809,8.846473426166426,-9.728243222128166,-1.932766760779103,2.231444306591539,-9.510921324902098,0.501666653403044,1.360733427160035,4.098000022986682,-5.452046382724019,-1.266496835649193,7.750199214567818,2.153104149069279,-0.370816921666719,9.201590525989253,8.523901040024342,8.275484335669542,6.262623930483322,8.404366348190955,-3.039504781552942,6.054325260563502,7.105497323569502,0.357040558091285,-4.305780880273282,7.814403533917730,-1.747099243383490,8.631835001717111,-1.733673954389310,-4.091614771496901,-6.083784221396775,4.632028964751296,-3.741722670086336,-4.686752488399170,-3.158628219019004,8.606594545126459,5.693401943772090,-9.835360856974784,-2.921940718150708,8.915782927588843,4.423661763619343,-4.730729882333486,8.848972782880121,-1.396817690993268,-1.568523631837017,-6.889249217114282,-3.059267301319939,-2.779695823595030,-2.654468609331535,-4.633575078374761,-6.534595169739992,0.585011154158179,2.245280892403867,-9.320616598679353,-7.217986720352010,-0.822749180639521,7.790433171466368,-8.396957013189841,-2.519731325119579,0.099823723656375,-9.527921992572752,-5.861545456464150,7.589382387095633,-7.702628328470198,-9.222931115698628,6.882692762758570,-8.712574845936320,-0.810959413364962,-5.486775859349864
-9.401128819174922,3.283269166201981,8.823183695379718,1.349800243953306,9.366755093225930,9.008967033943666,7.018299568342364,8.189626673160980,-5.694711611287651,-1.675626148500504,-6.689320203267011,-7.488392121187289,6.509714162076044,-1.021983007937731,1.193912696318284,-7.980165113472093,0.500046626737847,-3.190888173385902,7.632811482446268,-8.112253118979433,9.901917394353113,8.573984064355326,-7.820701403722719,-8.511093458065597,1.145291608849639,3.199371410865462,9.523511879552252,7.440789332878161,-4.945740160966359,-8.887945556546264,-8.573507783456730,-1.253855638910533,3.783181082002159,7.517948570743890,2.212510990833492,-3.411501818372018,-1.475918342169480,-3.441300548019237,4.999900474093501,-3.757834976029370,-0.130984464798400,4.203439518295475,9.092394334376920,-0.490445571721656,-7.599153758926523,7.169921041293289,5.814659551974689,-0.242016317829886,-8.345930936309173,3.921701321910113,-4.669464880210324,-2.477391649347600,3.530822434925479,-5.203093502665590,-7.755460327186348,-6.994817676225451,-2.482021714909807,-5.085873158437111,2.908008841356258,-8.647982121866971,6.745583299825483,7.540150984538613,-4.569214745942376,4.066441232951840,-9.489254286495683,2.279121507483188,-6.414659246464995,-8.515496093383344,4.473878889939050,6.374444420377230,-3.620375011460705,-0.038387450456964,0.850178301942702,2.403439192459784,-6.617385543244096,-8.024667825281895,6.334327749508965,-1.469655374054424,-8.444876294693096,-4.878635378817997,3.550381283035072,-1.077494821103587,-6.441010300316730,7.180054108292229,5.949699751688851,-6.986157744400392,5.038174589075995,-8.773118705512587,-0.130708734844596,-7.977002649909415,-9.307595768587850,9.319428048824612,-7.844702660055789,-6.259452341038275,3.544246051481290,2.398549047477257,9.480850127603034,7.827222511520343,-6.264171956140121,-8.120191118503806
6.087657757932433,-7.063669027852550,7.544581126542212,1.530768301824567,9.632205311853191,-3.509380802189151,-5.575216312425779,6.203074396238616,8.050018436973112,1.077832783658433,1.795411562558041,-1.820448497674773,3.940098870115413,5.410207321035280,-5.257214740351499,8.201372455279614,3.020059949373163,-9.504422392369596,-0.701078425983860,-0.976942852798132,8.023145563676817,-5.744325677986435,-5.944105180386177,-1.655096687275712,0.882773665243271,6.759111691677827,-7.792391941714152,-4.673989603498785,-0.287726430254070,0.997684210782392,3.959201957935306,-9.172992978660586,-9.758223135086311,-0.954856650054472,8.241865659600627,4.084341756320635,4.186441186726583,-6.684590071264623,6.769307434539741,9.665244870746569,1.947988905974805,-7.001738896860639,-2.183653309833911,9.282504264478526,-9.838927672853405,-5.864501583289242,7.277399033584064,6.787712454275294,0.286390628460065,5.199785795156746,8.061281101884362,3.767183274934636,9.965700816568528,-3.454135124728097,-6.976524325733342,-1.574353214418974,7.692470900062624,1.897892282166696,-6.412595640617291,-5.807970898669206,-8.645428962195572,-3.999802251290092,-5.358259432965406,-8.344797898209016,4.236032453922093,-6.064364324760438,1.151830558515570,-2.674240498094747,-5.824394042097603,0.987062789086647,-6.444604968448102,-6.342004427163522,8.883157087651192,-6.558050546325429,3.818234440969636,-6.907763840226629,-2.663952733928858,-8.509970630868457,-6.898690384452150,-5.069692328041960,9.187023788843337,-1.209097072154620,1.229484456067489,-7.138676789680265,6.783162287562693,5.708240252037163,3.752924966758837,3.375329515411373,6.338176131084449,1.839607051155603,4.439730484214810,-7.482501062027600,-8.357918048277892,-1.053643014011525,9.419086487412656,7.535810657413897,-2.015916009808468,-5.104371056337438,-0.945541181782481,9.229289020061991
-1.688450163054325,-9.097743164868398,-0.155187398067735,8.531702353302940,4.164426358976305,-5.171982701282096,2.568590162462833,-9.090045811278733,7.097355810289848,3.939518921371342,-5.886867891532328,-0.883171795847215,9.597899417158441,-9.316524668521335,3.512219592680415,1.351755644487632,1.559684498552949,4.601735862477000,-0.669782293372043,-0.896774693528981,-4.035709407591432,-4.881805789914322,3.685131971569962,-3.711176815448367,-4.373108305171789,6.453644935198813,-9.711117282227375,6.335073967923336,-6.370073544152818,-9.484600206988503,4.592361393301040,-2.648193690656829,-3.538808499693051,-8.148260304090940,9.627162280352458,9.285353667041882,-6.231442680458528,-9.539224452446600,-4.672915434664344,-4.963197667599378,-5.868495437080687,-1.486435225502238,-9.030628137969238,-2.117821220174325,4.130757236961461,0.772093776834859,7.070414113533619,-3.320915090980328,2.107040719367173,-8.246882407924097,1.991165655298383,-4.733238302255655,7.832368310435765,-6.978728186942547,-8.774373828417627,2.910160624431599,0.663651187292578,7.708666268126237,0.174666394427232,8.103921658711201,-1.424700057068284,8.605618685643542,-2.317434380946590,2.103498187036719,-1.480732755190747,-8.478886947837715,0.844665830444697,2.839881875126951,5.332619848924844,1.769760794511967,6.272330593406931,3.154242025508475,2.439186932547745,3.268261328126172,-6.879074059212458,-5.864969839203880,-8.001391518615568,-3.289860879339733,-3.915538036253570,6.530997288858117,9.681862801809622,-9.585286653428167,-4.688587259803194,-5.295952312619443,1.177627081352552,-7.194154371496881,-3.973853817925930,8.647447423514819,0.206741476531141,-0.257597870252717,1.590212640144472,-8.804842093608357,6.361144586124748,-1.947823340035452,-4.144523876834536,4.143028955369205,7.747323407186919,-2.937572478861101,-1.331787483854118,6.953977270638884
-8.261241687945997,8.445551642594701,4.309399265421836,6.999784310164362,-9.962841696658460,-5.936128534976419,7.188196304557898,-4.953590854669678,-6.506423944631655,-4.957464908829941,1.187950292308919,-6.292504622691951,-1.467096439361503,-9.016251744486734,-4.628519896666727,8.481395703289749,-8.124190211745280,3.439907650369756,-5.812994672517265,0.182146860201829,-2.316434575739792,4.354958119078329,6.556179203879189,-1.046030138560317,3.755958809504866,-3.303971818339346,8.464642423321827,-3.968863507353504,3.488179973503641,-6.072546669033587,-1.190612901187389,-6.187145342139071,0.928658104893946,-8.478377791824132,-1.924476403462918,-6.448553813774868,3.195839021112029,7.148123640706793,-7.226892476670304,6.019868838512544,-8.454107673614624,7.364472104907836,8.270620629150091,-5.274087889217367,7.837163596546802,7.885064407040542,-6.511316011545649,-2.882794157423520,-6.573536054112425,-9.324904221888801,3.794298250312968,-7.854187079622861,3.201218207896295,2.788917834805599,-0.498022752851028,-5.132685958186394,4.378234014401837,7.229833653405592,-7.643231740176082,-4.947612940490675,-2.240792077761307,5.782773316933852,-5.819270084573738,3.782442482695087,6.882875180262062,-5.900955222385065,-8.125857614659470,-9.323200000289829,-8.943552783738159,-3.230883845392183,-9.247556152778646,-1.483925775392848,-0.414439275459245,-9.719774145623063,-3.408173661526548,3.454872024110056,3.152569865226724,8.189991408572400,-3.624840033539003,2.485168616287458,9.962323825121285,-7.316536074089530,7.622395167593506,0.113449245333378,6.145569868924689,8.858684640946180,-9.763272982717082,0.191054668838515,-5.939186308430409,1.455752496023141,-2.691484388225756,3.792638573509930,-5.327781573932904,4.098876469888904,7.694478283420302,-3.657119135953790,-9.378798890012700,0.590000612701012,4.064493033005840,-1.216026712338479
-4.592334254782551,0.673164380776878,-4.629571058929600,-9.218430481211303,-9.340875140305887,-4.021645033149328,-2.655282297552413,-1.192100688578595,-0.429342393834000,0.666723634836996,-5.242390850749270,7.411165137426842,-6.002559967241647,-5.086536331455093,2.975487061704683,-1.508189333851975,-6.185823119225999,3.597803353548272,-2.320304237690552,-5.382213382972802,4.058775101722883,9.556347269963087,-6.974038949871268,8.545334015643412,-7.200025638817142,4.303793356206697,-2.968038269582067,0.656537539604322,3.895369773264177,-8.365656812792068,-8.405440388988016,-3.913047541553947,-6.296006142971937,-1.049129983445658,-6.351493190717732,-6.665273627925233,6.425165148130024,3.450358564996584,-8.664127905226856,0.112598073568979,-6.436769720703046,-4.204396999061459,1.097145473984929,-9.327168413444568,9.422721331501421,7.362456205051920,-1.412736912268262,-5.995528449021528,-2.417906859122702,3.642576731308525,-9.865135287968078,3.954499501639219,-6.472374000405868,6.863862590264020,-2.582442455008431,8.283726877735667,9.765052924500946,-5.825802616606357,9.557918035243542,8.889337281105590,2.554487001168598,6.837768739188665,3.245534098020018,-2.977629216513746,-6.138964846095902,-1.027164267303647,9.136493474953269,-0.049076149971219,-6.338621954331272,9.991287230372386,-6.111167912629321,-9.632530601620831,-3.988166753337548,9.361118556096265,-7.508062521463521,-6.164410436614625,-1.681775356115631,8.939539654129241,6.831845085818603,-9.947971975605622,-3.763938370262993,2.763833804933419,0.652421688071742,-2.540811172184019,3.847094018314625,-1.732346106601863,-9.895909475726887,-0.890426090515223,-0.212109973117904,1.371663696608255,4.896256439655653,0.338037641493043,-3.449104805202463,-3.794114253710406,2.904393142489960,-8.359215877903257,-4.018876633010544,-3.968957801982329,1.219589002780078,-8.045946476801163
7.722663481780540,-7.520330479717838,-3.896179772934252,8.408464793164047,-5.750667443840626,9.675984430477570,9.451634572388908,-1.236784145999046,9.128752653755356,-2.782354289738686,-5.711484132641300,8.680141340622818,-8.333162684000451,-0.504180534798493,-6.919067081725421,2.204296656300999,7.047450890262784,3.140280174669927,-4.869437696705896,-8.664354144090392,-6.896843015888114,5.920060482586646,-7.641573883426238,2.824104017744020,1.730823474296489,4.675885598668980,1.462256564385406,7.179368647711097,8.425374434957668,-4.078785739398480,-5.194672018725233,-6.273680136948252,-6.545580048546931,-0.645098502003151,-7.758274068216067,3.595825796173402,9.013007568798727,2.835935598876095,-2.168078903153847,-3.491820663177682,5.816106014852654,9.612991814529334,6.972687999088979,-3.935244985325852,7.150327895724978,6.036011328274896,1.137214680020717,8.969756020434193,-0.859743215877151,-5.017884810576698,5.711029244995380,9.921212812722711,5.234934444778821,-8.667818186532477,-9.034573863115348,9.887491351772319,-1.392534723675730,8.481583959116325,6.707578981202655,1.529380460864401,7.083666132408204,-4.779407878261386,-9.221326912204006,7.213111164613629,-4.111040591261601,2.980391593303192,-0.857241203085099,-2.175968342906629,-6.246755281129688,6.244301162259060,1.268308412579929,-8.532032570366770,-8.484659603942719,-7.292896549464041,0.286877160081797,-0.721931212524442,9.765938884915087,8.438984006756908,5.825858417399326,4.048561637258590,9.576072827644811,7.638717602895188,-8.652115370605953,-1.600545124845695,-3.358255215251873,4.004843106213844,-9.134631486190056,3.145639094436577,-1.424032363885118,-7.626671821813613,-4.430488544220292,5.590463570166904,-3.062858546458427,-6.837038238221165,8.878123809007604,7.818215015821604,-4.378329026292837,7.212622172469384,6.742023657321575,-4.485780567285856
-3.023565804206514,-2.050015795218593,1.789341381511043,-6.494884041365225,5.162569969809637,2.454638008678812,-7.080198664138440,5.833292201776022,-6.778734998716835,-2.407462993747778,3.038158737855598,6.885511522850088,-5.634137887378974,3.708439501328973,6.444438440033224,1.682712348500102,-6.279001411215845,1.036195820251429,2.855902321719888,-7.374268818030833,-1.580669455514943,-8.600904709524544,-7.486817843360914,6.724816727298887,-5.713158357496535,-3.245374836536714,-1.260057938475622,-9.163521484053492,-0.958551502284344,2.722873540905654,-3.250430473823920,-4.248598740947658,5.268004600832612,-1.497907848692705,1.517199674004848,8.529292949128116,4.287632604112996,-7.275855351906486,-8.239846570339630,-6.101472066482820,0.093938138961484,-3.269309586361622,9.026453852264741,-3.417595618300544,7.797654051754506,-1.632062109203218,-9.026415524640459,-1.502430919105036,1.679638330283556,2.727644510050846,3.340900782148150,3.635776725060460,-0.774950151862539,2.585421480071195,5.661875207261389,0.421268190090681,7.548333162350545,1.564792060488076,9.166660452618814,6.575593580823234,3.022597369485746,-7.473496976667374,-2.033347980236946,3.660072537288590,-0.805680183078097,-6.397529867071940,7.685810129883706,-3.100233852307950,-1.268126759625918,7.119952776902181,-1.813715681400643,1.689719224422388,-6.607251928947131,7.003029916508630,-4.322642300895589,-4.535395365559227,-2.405338303554563,8.344307045985111,-3.869578971301870,8.494436233516044,-8.222273935362258,0.622203915741659,3.855837413290073,-5.002596370584394,7.751256192562408,5.643494688924376,-4.824565759059414,-9.167394179022592,-2.758487984273139,1.013322824509986,1.659487028982724,-0.879512864391423,2.015969694388179,6.347438119199182,1.048512240470348,7.698930213838896,0.327711653989811,3.440579098490906,-9.302148477331130,-4.141747177621640
-6.951985002233214,4.535773090330494,-0.037198897817783,-1.455050989730131,-4.837529623918558,-8.751618081954156,-1.662724298511709,5.119201316845922,-8.684737857982245,-9.762511537212186,7.371810579023439,-8.706231489771872,3.149768254121085,-2.150505619222147,-9.878336248122539,7.355754325125204,-6.030090181543852,6.662896389800427,3.613976637498252,8.867613975773892,-9.889073638908009,-7.444575013407815,-4.559807774142990,-6.963808252468448,2.103150735016147,-8.614677955730905,-7.132794410993535,-7.796673206689285,-4.940352417232639,3.475061924313319,3.807161212820695,2.377275296905408,5.480340487683264,7.628272848733477,-0.201194291800800,-6.534386457838648,7.799897680274292,-8.204419792069073,-1.009464758596316,-0.730921042092067,5.659099891435886,4.551417771169648,2.473068119596228,4.266208653773564,3.003526125297377,-9.342701301975440,1.858419581872946,-6.675640816235406,3.370701715434095,-9.229227375652991,0.818804423203121,6.266209325235781,-1.584904085457817,-2.309861509088257,-8.857252595401167,5.786385463385550,-1.923752496492149,-9.800888476086866,6.600689716033344,-1.530859758710065,-0.167685711625749,-5.170175165459301,4.920885613262556,-5.921895307485361,8.624336387040124,-4.152260136479633,8.843850705988753,-4.743808950064161,-2.709452732223903,-4.787571880889057,-0.785442302300499,-4.590435432371516,-8.605111099042425,-4.781074825686504,-2.805887921839090,-6.246494470516383,3.776344114016680,2.577180707000599,7.160895464781046,3.234926463063474,0.839307652867252,-7.674096779631627,-4.548128703974337,9.376266510040342,9.881872622541515,-2.844839422741616,-5.666128436024865,-7.845651869992524,-9.064999664583356,-7.212573566431888,-3.027610911375231,-9.045464412841930,-7.058078399147893,-9.407828841332721,6.510565770995054,-2.480855352215688,2.893272866058528,3.116464352504384,-8.094303255565883,9.725028348797750
8.453417160520523,-1.235128949320192,-3.349744181793632,-9.529509106295100,8.039422234520504,-3.553180645314875,-8.879140477538785,-7.096292361887551,-5.670840839489014,-8.380038403932124,3.935997949230556,-9.986559221516657,9.636087671282276,-1.904386426709470,-6.467027178101217,-1.528612807289360,-7.620860344655222,-1.135893905325403,-9.185589988808369,-4.171011353301360,-3.332658546057017,-2.861015303341839,-9.511221270438996,5.718879886857893,8.638151816633094,-2.159066185489731,3.926615933566978,-5.206433705703208,-2.681240089041443,3.786534009132733,-1.226276536530047,-3.410969362453105,-5.875257075443940,-6.738440959427772,0.643468428804233,-3.122824820894574,-8.154117010721599,-5.299635672806127,7.207148281301826,6.585021967518895,-6.896495042876536,2.658818785978767,-4.954950732084509,3.902255607210993,3.478837423297708,-5.126625166375853,6.618047783287896,6.155320732081716,-6.982413091360488,5.913991927865499,-2.403427714206032,-9.122645918309198,2.858312550208401,6.549364261044929,-2.282871809526466,8.054793940199442,5.096586139728597,8.149369181424852,-9.494359092278124,8.468954902270276,9.478203852960895,2.795008731319637,2.260399746059097,0.591810448737739,3.745815273262824,6.838773028680261,-3.499165316427419,-6.514493385018048,6.410639623408215,-6.808377058539650,3.267610218668766,6.150994383831790,-5.837710444819386,-2.728478442203865,-7.406073618548379,7.291135661226861,9.785819932922315,-7.820792860088890,-7.321209626243390,9.399397778842186,6.789204442641900,8.760929425454332,9.378604136903331,9.193827717249270,-7.318112841543563,0.449458780587797,3.231136360072274,6.738743794786679,-2.807832102584351,-1.432469782283658,-5.783365327867751,1.595809286924094,8.852130715393375,-4.548220177369973,6.244796373058730,-1.888993317436379,5.855017541447749,-0.654099165146038,-6.027284503709929,-5.448751480856631
9.494164112673204,-6.154514784336770,7.201126803104096,8.637886349139322,-3.603829620734604,-4.131476933776030,-5.390580303718179,-0.896699650576204,5.188383285268568,8.795186583312415,-5.781758242045589,-5.889082523158036,-8.312134810579918,-7.308988324617125,-6.434456465873457,1.819459498560629,-5.064677607379570,7.652588768617235,1.132766819489103,-3.899227674982317,2.169671628796596,-7.676662501761116,8.570630412434699,9.932392314796619,0.031597130400851,-0.588856066808145,3.221912723815574,1.615184588576453,0.498433078664767,-5.583099517969439,8.120475105339672,7.368369368694236,-2.949484160081735,-8.297657083484328,-7.945767918409006,6.810336323482741,-9.092081964821194,2.233574087932697,2.178251869880487,6.594097657599335,-6.506853439008760,5.743916844703280,-6.607559952449100,-2.163722149849663,-8.875404739762843,-8.194526925845206,-8.244992938930602,4.264525919679642,-9.951784731053252,1.918689624526646,-6.365797342403683,9.644166121828494,1.582205932680141,1.093687266383526,-5.310760514835346,-4.898859216234463,-9.995831005106496,-3.819095792799665,-0.597009926999073,-8.758005230355277,-3.501481556554376,-6.838118073279846,0.551482766433384,3.003038052834732,1.728394125607998,0.236146690693586,5.742565115579678,8.661447125190460,0.787625848846250,9.929538098324315,-3.272688986539021,5.878251828390724,3.362555887966296,-4.331932612859839,8.769064386099569,-9.192938192985396,-6.086499319088192,-4.941665907432902,4.780460661857768,7.336528414392696,2.519611267785326,-1.863432490743104,4.171738710717502,-6.503095925842517,6.272178111676915,-7.251040607424326,2.397647603431267,-7.031057668821741,9.406993571502408,-4.135315107042166,2.073820779059396,-9.454196981139276,5.975093519248853,-8.876183262251098,9.856499072252895,-0.249476952640377,2.733667666709570,-9.178681508278217,2.115058476840677,-2.824394966979263
-0.436893011591554,-0.597394494860236,7.362542549215036,7.135207098079807,-9.379923382265760,3.056814882605813,-1.421154362201623,4.441098828760737,-2.206553510698626,8.181435862750533,-0.369092624852609,8.905781612680997,2.502645629653450,5.319558404449232,1.689022482213126,9.272803803431668,-5.602398902249675,-2.266895935775213,-2.542544488351728,-7.340186132448563,1.326525203443902,5.304153234010808,-7.255717014069645,7.599215122949236,6.495664676950341,7.074686503751259,-6.073369814370466,5.993224102384678,1.696517121890402,0.575923396849857,3.972698089086615,4.185576443489278,-6.229831262990979,-5.053901468057855,4.790057737611242,-7.928485509644709,7.167100074123965,8.420390168474864,-8.023702790088089,-2.287920489729283,-6.684280806305843,-5.230198279534914,9.511131835441574,9.904674816309619,-0.238114117009854,-6.498795446904286,-6.095456528290162,-6.429674616643213,7.823802434944515,6.817640506573696,-2.350003459304062,-1.531033566734980,-9.343129568452394,-9.317388697417995,1.198819684297982,-0.956619428269050,1.400798162153563,-0.427263027038983,-8.259683216492334,-0.877681352115719,4.621360322360893,2.274340309599559,-9.708603361756452,-6.392444279867117,-9.776403360256028,2.317045996857550,8.611366403657328,-4.036297078186317,6.811267929116006,9.800515786820846,1.732895976802100,7.320532987495604,-4.731633926828702,-2.528191600865572,-5.807741801503477,5.655346001208116,-5.579377565751635,-2.831085783547480,9.913581427637993,-0.819037149736889,3.841315297686565,1.473407174108434,-2.369408461928508,4.667750858997479,-6.648893134416117,-0.244727926087760,1.597104661751782,-5.497375098552877,6.010432909347557,-5.896120165085637,6.838298434592968,2.956838868163153,0.621875661242042,-7.496760142062628,0.690746163452118,-3.799241498977828,1.530788910139513,-3.505146095166875,-6.907760589585030,4.848515347749288
-0.930154956325000,0.310598833689060,3.589427433422275,8.390939572349872,4.674169711227574,-8.918715352218406,8.156881534848484,-4.415074195817446,9.418125926290603,8.102139372903967,-3.759176380531521,-7.498328605723685,-3.191820327255773,-5.771715376762545,-1.290812466287219,-0.044179886843541,6.277980604273253,3.620432894609763,-5.012088171587525,-8.717196100112282,-9.430809594653608,1.813013184310195,1.067233358536638,9.294456069907877,-3.037728801178721,-1.648739660508713,1.139305677514081,8.260254651879457,4.820335750787365,2.629904412482668,6.531563197947726,8.808617810451839,-8.879219381528877,7.449611520623939,-8.399361036358499,-6.556297043937576,0.610104367678616,4.596031923192154,-7.353999963710248,-8.440981868894459,-6.458679084168497,-2.139527644734594,-0.720512383395315,-1.238446291332842,-7.548564920962004,-2.669252434036831,9.244304889739293,3.430464037445365,7.965485769876175,-5.374305543877755,8.295669105866047,0.735872498262133,-5.608025672333765,-3.567606081802599,1.552177283247287,-6.277866436964934,-3.667281908775253,-1.831295026488835,-0.766313971911771,-5.291134867007274,-2.452515061089189,-9.763970677666274,4.094417693147165,3.880818401648432,0.056098616549471,-8.139391510082731,-5.217201230427417,-0.118023397915625,-9.446595241237318,-8.933562382599021,-3.003650218491741,-9.411258124732893,-1.732736000465509,-4.994971293590648,-9.230148722298182,4.749959337269482,4.362153905318362,-6.937879454532181,-7.839301065605260,-1.084267271765304,-3.827544859163464,-3.173907100177146,-8.299516688492851,-4.439461065304979,5.508740530863264,3.725642839010707,8.244863031774379,2.863319803683904,-9.679860806086729,0.211783506521313,-5.789024155911264,-8.968503621047731,-5.420937242433464,-7.112303384789056,-5.433751024636737,6.042554477833718,6.037129055624263,8.826515925814896,-5.988425516006566,-3.762028474600172
4.665025009214350,-7.022515359765096,6.772825584666485,-2.657785025384179,0.227344157699012,-6.998488284448337,1.131452151938179,2.511347101461359,7.766453404870838,3.696468239645084,-3.601277267121610,1.995853601450735,9.479786179599920,6.457016573246378,-0.529628683038583,2.337481546158164,2.208593273140476,8.079607417831749,-0.598372609272024,-1.218540289609383,-7.750531097283224,6.696250057378123,4.941645392814529,5.697765477837057,-9.113945600140291,2.550459479356668,-5.870450292574865,3.245759204461233,-9.258914899462873,1.689294075144916,-4.664623535257029,1.926320809222542,-6.938025425062806,-0.424358447430004,8.446616848923014,-8.122145527001090,-1.462731695991080,9.982041949582307,-5.899366934282839,-0.810570023498727,9.904020315464251,1.653604962848576,-9.122225997776090,-8.456262346907504,-5.820946532991251,-8.361095415406350,-3.502099963176732,6.180128407518136,1.396970072846548,-5.991072542245696,-5.187508522196252,-0.545566012582855,6.950021391720284,0.650343870077936,-7.290725899007811,-3.942399267314826,-7.096434206734581,3.951367604890773,-1.780003057512332,-4.925787171434615,5.121720995094904,4.829833729146817,-7.479135993489878,0.176548869877378,-9.757659025251881,-9.270900570611191,0.155581736867823,-2.256199209175403,4.430629705196887,-8.067583476501319,2.610099396882465,-2.826438481045952,-9.609724269934802,-1.971988084102243,-6.845067050214711,9.593471278047971,-5.015776237792206,-9.695607625464477,2.545280515683178,-6.228977877932751,-7.158081362433051,-0.628241137609272,-4.879313539911053,-0.961132296634107,-1.050315259668404,2.634517114647267,-8.912321184542336,-1.012022591044051,-1.258999817708055,8.117399306131357,-9.769674130163414,1.533859752071463,-6.944667985129296,-6.499820945731576,-3.493375308966156,5.957376769692202,9.566920761044859,-5.739251693882887,-6.661969186440418,-2.909091515758792
-2.932749563459803,6.758360606432976,3.096024695889499,9.171710918319370,-6.046166554242522,9.634902011212013,2.023326979309118,-1.225350014422364,-8.467168917378022,3.061426317760546,-2.572337496649386,-3.073854329176527,-4.380257229163471,-7.643587456993539,4.222134127528761,7.966474925479737,5.983165300366819,0.451597015016183,6.961783907315706,-7.820954107100039,-3.252157118109649,8.100462721143142,-8.051311109443420,-1.429659670671835,7.442406328292417,-5.033359623002378,1.632565906190369,-3.281543194907699,-4.572278629488606,-7.916615796176750,-1.186394378229803,-3.151233552002013,-9.840192836588077,6.601339957534080,0.930060546866011,-8.486284975639824,-1.198383337621351,1.899078251064466,8.495721712174443,4.681702945184538,2.229358862935824,7.577892492839315,-6.322487224849294,-5.084984060417275,-9.506628613134620,-3.348187224215295,1.204575030076596,-9.316815444284892,5.035376905146119,2.795571529188896,8.158174510615282,5.896463816090350,8.296391466396329,-3.886037790187531,-2.050027245624538,5.975237149410438,5.231704527326874,-5.197553030792490,-1.685570201911951,3.721942734431238,3.618501603641475,-7.531216865539097,-2.634843130232374,-2.323993090325107,9.323069089707552,6.877028538883785,-8.345566838101234,4.467219758186827,-2.061223031025654,0.954156962646946,-8.813909179572320,-4.558172618074055,-2.667295010550665,-9.906123337388468,-3.990935709728514,8.310312470683748,7.613867453244442,3.721573202293655,-5.583619247010096,-9.953838143880153,-4.795405325162989,-7.957727707992563,-5.452790633118743,7.878760527660905,-9.633823797032765,4.092385395622276,0.205989829936719,-1.749555015817613,1.159859070554850,-4.717217376573243,-6.049949002481034,4.818252219571207,7.948439816558029,-2.072820176701629,-2.521791098432726,-4.136025039263728,3.894497651193953,-2.623136636469758,9.747120354667892,-7.113969963727804
-2.459768245979898,-1.798839514548121,8.878527232617571,-9.179662155927197,-1.046889150347834,1.918393489988894,-1.809440583978654,-6.189317463591388,-3.085884855044370,-7.810975194913315,-9.655123285880691,8.171537079543004,-1.895776900339081,5.416808401163580,-4.919792052408580,-0.316204164190474,1.888273582582563,-4.033900386027815,7.142798290600176,0.224191190998873,3.621854866233624,-7.959042907100669,3.203378502715877,-5.363311525758192,5.740063861794219,8.547947667453670,9.774096490849445,-6.734845569000150,-9.633337495835359,6.934825562133401,-3.102095212959486,9.371646298045931,-7.184579212808453,7.712132420688594,8.570094667540669,1.105710861408010,4.543892423732487,-5.562139559128592,-6.419910892503418,-4.066235605796498,-2.524926949252915,5.296743761425684,1.186260819794656,-3.450676216806558,6.246722301266374,8.589799357083582,-8.435235242636381,7.136805598260480,5.673067626941846,7.251093507333938,5.059444568245103,8.658526595779822,-9.642405932985135,2.255457292338914,-5.859412565086892,3.235920954920214,3.200132924937151,-6.331775679325309,5.474987216222107,-8.158710750760214,-6.143208011563058,-6.951406406847509,-1.521230989221662,1.858263823411196,3.967408424102397,7.189293410403359,-2.717634006438592,-8.425655208244249,-0.063878121300929,4.124967261525530,7.469975814714097,9.930279626834189,8.798613949671235,-5.035595272749589,-8.667818819437457,2.073976612885451,-4.371948039083266,8.419699171086776,0.195777444883188,-8.434991145188526,3.692133165949912,-5.069251053405979,5.797415619068765,0.686429745780860,6.593745647259730,-4.637557290108473,-9.394797310041930,5.860766684682110,9.329067727866278,-4.596571018889466,1.907656717525910,-0.054071100522430,-3.507290714511042,-3.753068920753404,-3.816677124149250,7.515526431037497,-0.177330442978894,-8.410693209083613,5.420316777086740,6.683425811800554
-1.711480163057866,3.639628047993499,9.763737174137752,3.804628143900972,6.265010382217763,-2.568549247998638,8.302843118418675,8.815493589537937,-2.452227194094688,8.214947215247609,4.814767109914440,8.495599116730695,-1.250111025073327,-6.826828923764092,1.042782972728959,-5.031143352021541,9.872622329909962,0.707302141254276,-3.711241501214253,7.443671033915056,-8.848396571300853,3.156705281206261,1.342499683589143,1.268292092618609,-2.093072903311541,1.230334803451827,9.930098832220654,8.554451799400603,4.830394650219180,-3.903070627855262,-7.653273750552869,-1.451819824689828,-2.537056662553836,-5.296027216027306,8.570515447364926,-4.486183508972266,-4.406973371267602,3.974122258456486,2.712699118914742,9.168220361267885,-3.414494300333619,-3.319133310844413,-0.386991615865750,1.186529822598626,-9.249356760902936,-5.574675258447110,1.575131937013287,-1.522095949233176,-1.174718655218012,7.880143013626959,4.221735766649124,-3.196136333720114,-0.766254006124079,5.860525385534526,4.532551096437436,1.845314884098556,-7.856871534755459,-7.346576047710334,5.039428814188089,4.008727265410206,-4.523544128277508,9.245503602619824,1.187952626303721,7.404567921776998,-6.967336120129264,-3.361081959617900,-6.624800176152257,0.272507096352081,0.980523623889681,-5.127254277805513,3.823111340611131,-7.691861798816046,-4.549567231122555,-4.521140310223394,-2.700900700418267,-4.935719358843924,1.279903943650226,4.250058710168616,2.734553026348420,4.211720558977238,1.048629447719927,-2.705073089315261,3.514040011567033,7.100424726680348,-5.388545211701925,0.506313867674207,2.000538919756059,-2.390098829262510,-7.310328910554180,1.587472328299260,3.432222564211573,6.717569285168704,9.516798391645050,-6.623471250085393,9.591305907881090,1.991400708906008,-3.173681921444267,1.167282100853718,-4.450017027400346,9.159396908727459
6.879397861566833,-8.620305384428132,-1.369841538420191,-6.643685848830843,3.119717718554803,7.244658660456032,-1.622557978308821,6.365401844325596,3.308796544990994,3.737061013941172,6.140490433458965,-9.486539848084581,-5.962182506271105,-6.270114257561003,4.794066875234034,2.541469770093203,-2.740743246803659,-6.452514363745765,-6.970535237389273,-7.668111738099716,4.768668779579386,2.931783141282271,1.480448440137003,3.532239623587298,-7.932792249522267,9.662848327002791,2.326804169286550,8.269882810454476,-1.512559500695374,-8.226741439316076,0.634401943779682,7.205974546277538,-7.222675910077927,6.354845980134833,7.788283753268683,1.693265096806090,-6.365759982417963,-2.368479372369425,1.986130911948031,-6.100111988434267,5.283278073355479,-7.812678445811856,-3.990421950512584,-6.372706508567953,-0.257913378242270,4.134691919845457,-3.799331576856719,-4.744392652301181,2.504264868251838,-4.085673485008803,-3.531892687587737,6.718850863190188,7.758914452020804,2.869643731097952,7.206633555228276,5.777756017213665,-5.179472715094240,1.313158215002302,8.084620556254784,9.458460696603936,-1.515566800996556,-5.739838250812815,1.740724510496044,-9.141007515374493,-9.170298115010205,5.242493019811004,1.577475929133495,-6.248189715532558,0.181039773660480,4.499728959471573,-7.088150313297734,-1.853043016714773,6.950853113554963,4.661684210309653,-2.936985145492939,-1.360263086964817,-7.601568324752570,-4.401198155378290,-3.991949369972911,6.588648431784708,-6.424112895043848,6.482588281108701,-5.342403333255028,8.903638044972922,4.409571666421062,9.759923423406303,-3.726791244088671,-0.940069375152389,9.199783678121634,-7.513339354346076,-9.842225176341659,7.698114565773242,3.820765633225328,-6.741787966302519,6.303116337642667,-6.794154315755518,-6.236193385967647,-7.799779485611642,0.004156737844996,7.382001267512784
6.834393940842126,-5.665013108146852,0.137795198094492,-4.036142833375775,-4.974429919560174,7.356630516095109,1.205616972180316,-7.136848471150444,-9.915209901525163,-8.376152851192337,6.602410233509552,-3.475370038568339,9.991448894216649,-6.394175190200595,0.528408468832849,-1.199221029782549,2.083789092505327,-9.512487364655255,7.162950754613359,0.048729038057315,-1.859971708374740,8.048262946409871,-5.738606824619248,-7.808690450777968,4.749691432923424,8.922325795279345,-6.577666270830120,1.345517584712269,8.550644002128145,-6.137575023516318,8.932234747809140,-5.660296576978221,4.828893773489423,3.924102205937528,-9.734979717427063,4.485697105795424,4.941071834412815,-6.632037967489470,1.802891202493527,8.059677414746428,-2.053265933642090,9.425043669575267,1.604635427581895,-5.710014826139918,-5.086988015033304,-0.937615425806547,8.909070592558873,-8.789382106857682,8.811763833956576,4.144069012902973,7.510518028901775,-4.880452851924273,9.931692577023124,-0.325246952300075,-1.834160989115245,-3.600729957866151,6.211851084690267,-2.879825259267115,-2.950245265190534,6.783118824442361,1.184725304410630,-8.032324989105408,1.243120002322922,-9.764739385985910,9.308902876511201,-4.579836886766011,-4.645173543152474,7.512795933896125,-0.423422416729309,-6.742085258941408,-8.074469029611011,5.553313177985597,9.988486628046395,-7.089960395403063,-1.685029312912503,-0.156388775292019,1.519106620436579,-6.469593658757431,-8.076394030601108,-3.422431135664845,-2.136612988471667,7.803082058941257,-9.986612875415297,-3.339031156000017,-1.164271428896074,-3.925505748705054,2.141236819568345,3.973718656386877,-1.889124084129111,8.253454718956366,-0.022375539498036,-7.877525107708627,-6.193991209768789,-5.061341505650010,-8.314118157833192,6.341928285606791,4.013964108386032,-2.706294735482190,-6.922612530471750,4.736473815768505
-9.284194453860671,-9.658314641547692,7.457509964417827,-5.177155307468966,1.990106851137853,2.241475998927951,-1.449833513206887,1.617421394437962,7.399492656968640,8.569085687082502,8.669604158976842,3.137187678932170,-0.369623702799416,-5.428690945103281,9.249704822604574,-2.285648797692805,9.714768310698410,6.884410625043863,0.621177950525585,2.812632970844476,-7.984665010159649,0.518889191891599,-7.447054524316781,-9.130734893423023,9.727803336456819,-7.562266922534495,-0.543823213868155,7.674493035022778,5.025638224716714,0.159843171759873,6.343853069846286,6.224940514980659,-1.181855836337887,-9.643803352499393,4.273745606565120,8.893464698126557,8.051464112513994,-8.964326754668313,-9.109693920392258,3.182819208860836,-7.859079798771318,5.058204160283621,9.099872041607455,4.425674275971037,-5.565134802310121,-7.054582738329969,1.004823166479429,2.759449275845951,-7.705012436209366,9.125459754668196,7.279394446229066,-1.881315302233272,6.600413774173667,0.407567169454870,9.201985176907318,7.825791260208263,0.651756601703442,6.541276409468161,0.738988431156214,6.521132909265170,9.016832661634684,7.077104610320141,3.207504206069981,3.667233419032508,7.389420954644432,-8.837882538740152,-7.892958091241860,-9.903959006755510,-2.679768201915184,1.550939839761021,9.313825290851547,7.417706749770950,-0.390023195158701,-3.911694082829809,2.712155700815856,-8.297978047324719,9.598900593037495,6.629087303156457,0.952682489547419,-9.803986659676616,-3.948911814658498,6.156137645196189,5.156358109098251,4.646740885393426,-3.615780773871848,7.154374146899091,3.762286124181047,8.110329029432528,1.093537401305721,8.238801378895758,-2.414931601457598,-1.104176993004211,3.517846448207454,-9.607898428683864,4.025737364590423,-8.982019773411810,-7.654111674059134,-9.951233015691631,-0.333143531321355,-8.410649365450764
-0.564940011759195,5.063214046660837,-8.468372442738572,5.804295101159468,1.815292981836246,3.102343836465716,-4.998022984801700,-3.792131835408137,0.972227756178302,-7.640655637859166,-1.556634786500696,-3.265049426577717,0.139016042324830,-5.265143754305493,-0.183683403191647,-1.088686061550188,3.450207806993946,-9.813660616843379,8.327531444565093,-4.069752570179201,3.787871799127736,0.844448081477861,7.064913927368679,4.657259897417365,3.184251754090383,-5.213935720454430,-0.486056242229139,-8.230906720675641,5.217631946441239,3.068320222704713,-5.753425479371119,-3.437988381260658,-9.221281295026063,-7.653258130856615,-1.514580568027055,-7.683592893909037,-0.895590134665271,8.555458274153615,-4.334378296101091,4.051684754755222,-5.485111484314434,6.157813745066214,3.049546491731586,-4.167218463016590,-4.133452003025228,-1.256943150975792,6.207425646057313,4.762498971539475,6.333512368318321,-1.407227159813127,-7.201105049344989,-8.420016026958264,0.713353458265995,-6.508614427849353,6.646243080833433,6.836217628475083,4.196805263272713,4.941510062182026,-8.142292211228806,-9.656539869376495,3.145009172240940,8.187250734986350,-5.710439045370219,-4.676558935882785,7.642462042520506,-3.950173452638507,-0.623865159745801,2.179885177927565,-9.574371049184906,-8.840573792371851,4.567333619202032,-9.137926040229139,-9.213655772682060,2.694401823064407,3.296106991471426,3.449330906439956,-2.319956015028319,-7.984225850544906,-0.489949681501706,-2.465260784897996,3.441137790172739,9.232365474618334,6.579748678991749,7.010308155771256,-1.843082450738949,8.211930196427414,6.652474072143512,2.923338191310098,0.486132671891957,-5.890654861842468,3.411438293381915,-1.383380971001408,-4.298481737334610,-0.459792388419247,6.940249698724209,-9.862934812539823,0.819554829778452,-3.275458914921295,3.338728400207728,7.491245335095968
4.111875599160317,-0.760629229829030,2.353249416445527,-7.751481950294896,-5.529869660150409,9.581214389207886,-3.132122900955833,-3.076845642431643,7.886314151823690,-4.939428660967737,0.900056803218179,4.964732251805898,5.552032324268040,6.771493425301088,1.680005155707519,9.153598085851375,-7.076344832354479,6.025293799758920,6.086273888776404,-1.021849361787162,9.151815329814717,3.563514781375241,9.021175254639449,5.280231091923470,-5.980310564431955,8.353060278254379,-8.448621088575772,-5.558486858784645,-5.230484418631319,4.680689139011079,9.699517303297934,7.487622098287712,-3.762725134117271,-3.134475685789228,-9.401458290415267,0.705672354477390,-4.275218252682100,-9.956264477226862,-8.040721427789460,3.604703047005787,0.773337240448393,0.384100095004872,-5.922518889580739,4.906169888288847,4.249852727057350,-8.749550188746081,-2.324704133252742,6.412100703737600,6.220771959256311,7.207383464340115,1.950184732616417,-6.815962158601129,5.092638616634693,-2.612824175347175,-6.263676003442759,-4.006159373778930,-7.318215374340840,-4.259724026123544,-2.422765376350775,-4.433188008174909,-3.500589213317149,6.001797463789647,-2.851008042588681,-2.861411927064717,-7.032737654784686,-5.637126387066058,-4.347253337363918,-8.902275336682255,-6.072608670982307,2.771213100902719,7.722084917382283,9.315867313033714,-5.278824527857939,-1.496624346567755,-9.358728184512209,-9.325151874454987,7.532791894211741,3.416865572710821,8.339907870794164,-9.597523248110418,-8.860413933208338,4.969950599424562,6.215969921345593,-7.665407645831410,-8.808991298828051,9.632132909277441,2.081139242430844,-0.417506903602520,-9.287641521424179,0.707054954957782,1.684462431839096,-7.798956763656014,-3.869195936849570,-6.670791353452675,-8.425488453411091,6.803142956328752,-5.482184600722859,7.906437326349980,-9.706831677856878,-5.726812186740881
9.074683985543572,3.711625458665900,-3.191785919645646,9.747158807447548,-5.325592748178511,4.346644865828429,-6.034755437935941,-4.347801137366907,2.710221144479677,-7.571361997407625,7.050716215210475,8.554053243589664,5.284290981845752,-7.370031410023561,0.356682899645753,-2.192418804433702,8.319333450094977,-1.355162268123935,-4.045444873193054,4.588683659995187,-7.407992709237701,6.690855035609363,-7.828218743146231,5.010625389264538,8.879068212326150,-7.354924731647808,-2.108569923154153,-5.762252330487955,0.352606799167800,-9.978495083189635,2.657084557441202,7.166329864892852,-5.618582258524249,-0.327682939291851,4.476027676233400,1.825244476261783,7.073140182643041,-0.158973776292813,-3.541056973682936,-4.570764583645596,3.403539473911399,8.294183233234389,1.766040763368570,9.747951600489117,-5.891370911426224,1.118976929602422,6.127213185366102,-8.307304020750694,-6.684705337731806,-5.566545609791387,-5.398081243253579,-7.136502454239073,-4.502343754064557,2.524902367358930,3.895467203432188,4.995441981511588,1.704372423180523,3.710912373603140,-3.846250479500453,-7.612005868187373,6.181101922490594,7.229787280315652,-9.230689743153404,-3.821159878814752,-7.996499035260802,-1.808480308141116,5.457092294794583,-4.324930369405893,-1.195868579055432,-3.968462525570660,2.127452638257717,8.369238129217138,-8.022347341208267,2.200630739887185,-8.424576705483428,-3.739817266293062,-9.223101332078599,-6.321031443681306,-6.214996389320144,9.885679954148632,0.369798388019881,-2.471048214640124,8.333166286542376,-2.443347970831038,8.209500787878202,4.300239838076569,4.094495673771984,1.377433701540527,-3.262003049499067,-3.361386627587954,5.836816505637167,2.377205511674628,-7.547746537360467,-7.971083212295273,0.841691839962079,3.203697987495850,8.746368865852936,-2.107702654419629,-3.114354114397559,-2.007718057895042
9.025162627451941,1.333799469121853,3.240330699888862,0.297701676119539,-9.048198296904173,-5.714512714013038,-1.163338603578559,4.307937842115452,-8.927938449948202,-7.189816598887369,-5.870637847982545,8.189941968322277,0.189863721518959,1.509977163480706,9.519410767774708,-1.961466921742110,-8.966671148108002,-4.823140169524070,-2.505748217021154,7.874164547721765,-7.349418820296501,2.450186588725487,0.793512855993566,1.748381915975072,9.206077635002124,-7.035404959698304,-0.983191036139274,2.584592921468314,6.884359191398396,-3.510176477685274,0.495017397906881,-5.724354709073037,0.355764097423370,-7.980829769391469,9.588777173893263,-4.804308026262176,0.976883890817755,1.856398636965471,2.793735771188997,5.073607936038877,3.461554657655903,-2.731517420092066,-7.144423103460062,5.025066375053452,8.186495842418225,-0.037091466154756,2.645250877128881,9.431723517378703,5.576086031972666,-6.675878214477695,7.118190060108656,1.857147104632013,9.907220297403871,-8.401343037710017,-0.786792736051414,-6.901397350191852,4.610076898027177,-3.218931249004504,-3.118653430941142,-1.853193242323290,-2.043292740040384,-1.960799011754908,3.562779228553602,-0.743200976438816,0.818448363340236,6.455408346974348,0.090816786777951,-4.261683069639828,9.689467607060152,9.009619782289221,-6.733776930985722,8.520135604171880,6.301510256542596,8.653787715065455,-1.491992035358184,-5.019725212870294,6.302546564191189,-4.270618308174685,2.393716942455999,-3.148948971156096,4.603196465665869,-4.532294785700413,-3.490212199068243,0.806177150124988,-5.901312692627565,9.049287409506675,-4.300623584982963,2.061116616247450,2.362001298592407,-4.982754011035584,-9.098189145824303,1.460504593716960,-5.012819357731688,7.159465046549528,9.566370790567213,-0.904944682125162,6.341545651566186,-0.830195536668457,7.457227808301603,-8.844745645258495
2.522423121336935,-3.464945940072606,7.515444842024532,-4.923682632561468,-1.969801012639065,-3.345691155989376,1.104781909033489,8.007756014669791,7.741188198722696,-2.962229254582923,-6.132093062645141,-8.214238755206678,-7.956579340756358,-8.447603465705258,9.321085099977658,0.357382851583711,-7.601337263208618,-2.923871978694452,7.669266925035231,-7.140062671062548,-7.410556191691240,-1.465084279098471,0.211721217412057,-0.078732896412870,-1.879938880237766,-9.772237219625312,-9.728471824851743,8.047034652519322,-9.042071165389281,-5.160433669543718,5.512115630832618,6.988387965034629,-4.448791501756713,-8.057887917015016,6.208935239989867,0.345679963347798,4.352021149092058,-1.303277111718115,7.838656370001448,1.586614556670220,-8.317216173665905,0.968140073225230,-6.410577929561560,-9.974234700621821,2.048011853790555,-0.438664293860366,6.102216652192684,-9.204389758775278,-5.565623905188279,-8.000356817695529,8.803300821404417,-5.068152264533019,-9.211595012995819,5.507611053436266,5.198643163545178,-5.125646701233739,-7.442475459968674,-8.170232068371616,-7.762929958015727,-5.958486958441709,6.322336515656488,2.654153445228662,3.151407146084672,-4.348426869153467,-7.444006515942181,3.608859656995655,-9.299137509620889,-2.142674510524582,-2.156836328445277,2.343105429868007,-7.947609731941188,2.952526106969753,2.278557298156176,-7.029324741680392,3.718548315219071,-6.643793865879797,5.456438057874795,-7.095899683762459,2.079836097204947,8.440821971212515,3.804642443358050,3.381754507272506,-8.050748223968586,-6.006003988667645,-3.258073602624602,9.853654768383514,6.252714169695878,1.452531385246896,2.091515042814221,4.365359530519260,9.438329028840091,-0.790731803057170,3.224615019904382,4.747963354795726,-3.837478621923706,4.086395502917110,2.759134615488206,-8.145576955924403,-8.494547395947984,5.597937699575590
