7.765467590159812,5.555972257463079,9.164948423326912,-0.698279109507263,-1.668369983115522,-0.244803714762867,-3.596794627630109,7.115261425046707,-2.133229402982666,4.383503542548011,-1.505853655228822,-8.124162906119077,-8.640508711093194,-5.522909787504791,-3.324453495246709,4.145477328414415,-7.096971997003390,6.717137984038423,-8.796345158878198,-9.902444090735097,5.564112787916910,4.034977153212420,8.184459173115730,6.197803460384566,-2.034645559949595,2.686405745858311,2.672099873975442,7.088560863930468,3.044093703406903,-8.333476247680498,-8.790620441092019,-2.585855626051410,-4.695316502419249,5.027130642163533,-7.100369001297575,6.796192337668000,3.523715365080992,8.074541837295342,3.039043107792615,-0.522637178360847,-5.214349315545784,7.661005500122972,8.038951093888823,-6.090219486137183,-4.890219153386495,-9.565500099471841,-4.468149176533136,4.999431240102197,4.701365006795124,1.692944235598679,1.335563314215232,-0.376892775943972,1.627510135207565,8.476598930108686,-2.633701429774707,8.288967047415344,-8.305525152066387,-9.580132949733702,-2.116919564784203,-9.147258086329684,3.069590976304122,-4.426835649871290,-7.271884014237897,-9.188104861744424,-0.278748477334641,-1.884370124708783,-9.318334199371510,3.339424035110824,-9.457479126251634,-5.070073680892184,-9.942119737071591,-6.914628900119801,-4.024146951896695,1.822694465473703,1.342697565089017,-0.025910253204117,-4.893907823950072,9.118455124080793,-5.998351857932802,4.646032233107453,-1.516791543359622,7.800072907212915,-5.225686296364813,-1.292907458324766,4.616538036389848,3.321761452257217,-8.970579185732694,-1.707077147182368,1.766049863101799,-6.638928103718829,-2.128283116547687,-4.854696153133036,-1.285943241684768,9.162920979140253,3.333023112435932,-8.795581217013609,-9.770101432140088,4.159380087594178,0.425857192905490,-8.935081398957671
-7.412524963211979,3.808555672823818,-7.033188847256659,0.736746234948916,-1.966144406284913,6.662255571229821,6.188049141242693,2.186390996671676,6.617894568481734,8.758852309391713,7.396784078250107,3.681959866923952,9.015353096277462,0.644469876145175,7.739729959401028,-2.789949590930075,1.656175917405012,-5.646632795590776,-3.709883628739949,0.327148893374584,3.706243767431847,6.503429842519232,-5.690725862313466,6.953526803108467,0.306944808804335,-1.212100606508191,-1.961774747951814,3.700794772925253,1.914683632585579,-3.630433934100060,-0.047939020064295,7.297407342205958,-0.846469608039440,9.663275048276578,-2.786879190745884,9.343333656369555,2.099168203201092,9.807107073416336,-1.684925671366436,-5.105978239948996,-4.237908308945038,1.553123838361984,-3.761261340039848,-8.231937823059614,-7.403303065789990,8.316611574051702,8.208466660507469,0.262580198764324,3.106108352226070,3.636900002871783,6.369736249721250,-3.823467075328240,-7.520755475921728,-9.479344317798297,3.107189254153601,-8.851593892930190,0.559933768773710,7.404556608520082,-4.833511679304925,8.447726123165566,-8.548027845991546,8.012726042617004,-2.157667387085265,1.839735637703498,-4.679186848225081,2.687460056691522,3.548181439497835,-6.282871161558568,-9.898496156484903,8.126651478058129,-1.214698044031477,2.789648240427589,1.546264497941047,-1.581321935823908,0.289089699519469,-2.876828682468304,-4.854524757000451,-0.813056998992383,-4.867007139182218,9.605303273864958,-5.035525673001688,3.265518028608593,-5.356391423547812,-9.195012178613357,-6.398868148730569,-7.464069841029968,-9.119372792358638,-8.369409224416939,1.563599615181136,-9.231529071429527,8.884932008144663,5.593399914061417,7.676322628439436,1.715017756257460,2.312875037021961,0.976258997776016,-8.470156663353324,2.185296280615137,-9.837348303431188,-9.353774243413671
-3.850649262015700,9.981296815432479,6.917354697927557,8.733148010462077,-1.546501966437299,8.909583233375692,-2.444652393584197,-4.775960556725167,-6.970137740287255,0.551605563862239,1.392072818704937,-7.440786711272180,-7.771039511123721,-4.870053169122852,7.109940477571964,7.922077104025345,6.323308525020373,-6.856983295708643,5.873427497742965,5.355975712484177,8.281169638127508,0.507710305579330,1.242101569726250,-3.061848642716464,8.229571570404065,-3.957450819983306,2.742701317944988,-6.827130515619064,-5.348637096054565,2.716390743359824,2.857778067089559,-3.679870504949103,0.074951138978548,-1.421377708871072,3.181348422255930,8.045565817944350,1.294815006001826,3.877305976610280,5.377039923972873,-5.732277551697152,-0.898014690965427,-1.065655659375150,-4.204520458561887,-8.259406180538484,-0.199025270908919,-4.217191978345420,-0.208776101161501,-2.586447620843653,-7.033320120204245,-9.862507636418743,5.745390832343082,6.272051826584029,-7.109027018303104,-9.281840506595758,5.060671835914190,3.890131499307959,-8.439215982166786,0.377538644359474,6.710505500035588,-4.508427702853838,-5.974754091958154,-2.275372986331452,1.721270258910355,-8.667683577577156,-9.599391706008859,5.596643729337385,7.339733973826522,-2.814855996950325,0.656641956406785,-0.434352582934384,0.161161202959812,1.931173600351020,5.510905687928327,2.025578695574357,-0.853780282457555,-6.476632260916668,-0.472505959340101,4.219866406914557,-4.865302984028936,1.360077292087576,-5.877425469187790,-3.043790485593241,2.344521915187743,8.827308742839392,7.328662244701579,7.411778563542239,-9.634448603583659,-0.501692926346163,-4.826932912350284,2.871257919092445,7.843454930173230,7.311113017383629,-8.738376743399904,-4.903153243672094,-3.961689813273876,7.470830244366191,-5.835871106462056,-8.361278398887288,5.638622432306617,-1.324104151353911
-5.175378036484677,4.152584602164728,-5.084022002059796,-0.824303517717377,-3.413731340342004,-2.548301911245754,-7.152888729192672,-1.678667162216900,-2.328203284280315,5.536004559232385,-8.135276210446239,-2.495271008056468,0.778952575673497,-3.528542041867320,1.026433260669039,6.106539231346801,0.150379914639856,-7.834816911277387,-8.238001831865205,-4.650156764100277,-8.007311275982079,4.880154956293079,-2.171580468903811,-9.240791148145730,2.698443043839990,2.635016173430877,2.219141694361157,0.058996439043607,-8.483775847719158,9.640577203918660,-8.501438222163916,-1.853976690523238,4.526911438471572,0.584081606345331,-1.744117228817338,-4.973188021993851,7.541343890518231,1.979480651651613,6.349884552322692,-2.223264653399872,-7.382705341518139,-7.163775403300696,-6.649914792819955,0.267660244211736,0.294587281751770,3.134207991353041,-3.672233233730742,5.464722612317750,6.397356944178409,-1.315734006509189,-1.072705044629156,9.780089664523256,0.154196480256122,-8.111529211869746,-6.166563404455443,7.251369347561752,9.103057842522766,8.516706344827778,-1.423256143703941,8.375166170889461,2.577307710652965,-4.999330731806159,-9.512905017716896,5.003697299708683,-9.401065410512466,-8.084923151811195,-7.011581217749612,4.593340695112875,9.367119834385097,6.979808019764963,-5.634342054233930,6.154232507873040,1.265602563313028,4.112436741663084,5.843336841588986,-0.809464937076177,6.485893981233172,-4.586687719457236,5.634247190831392,2.724776795618224,9.602978344324807,-6.519920664850403,9.560301804858820,1.502160627456565,1.247675573761502,-7.151622312804589,-7.217111572732755,-6.117508144830706,-0.956898776714661,-3.775949544465973,-0.481117751992224,1.033603524098123,7.066351250447319,-5.799681062990951,-5.261006497162938,1.511562333756020,-6.416814995830586,-8.963107962086148,6.341552277576266,7.390139206318295
5.017680486928667,2.373034056064709,-1.438150406685970,2.376609171644745,-7.249043651196788,-3.779395219454948,4.491173845615750,-3.486585778046647,5.873889923118359,2.833923444155905,-4.375506637177926,1.332748722926274,5.403544437337995,-7.551399151998841,1.068992803034130,5.187829782515902,7.085335177431510,1.608431263266144,-4.236004717500876,-9.381982723943675,-1.193869088746739,-4.349431127207777,7.906145424970198,2.228690309444081,5.317080725665477,-3.820657446897440,-3.420992216143031,-7.213020602967233,4.858883471993787,-3.420730543091421,6.077825162950866,-2.314924983072584,5.802155810115599,9.448174195860680,7.942909285521221,-5.820221999171713,-2.290493128622195,-9.334943085699692,-8.477157000517943,-4.474151417636412,6.365192602370144,-5.619552707591494,-3.583048412629630,-2.342371078140431,9.872295405549448,2.722062411166517,9.742625178963817,6.054384780315971,-3.328831173322671,-9.104358984354031,-4.642679537681769,3.159982859474731,-0.548286498432585,-8.037845829568049,7.876076405018740,-7.062948829932609,2.168124737009434,-8.976480082968294,-1.587736544036140,-5.658040318144084,-5.486627945491895,0.467122637964652,3.219188858804854,-3.805579791280924,2.921247576607426,-9.790827675102244,-3.538683240024452,8.816205277996961,8.466145229245722,4.117373654159422,-6.008754816477271,4.426053352588122,3.612178085344532,5.897841247001189,-3.656566167011041,1.434243817884600,-1.741962138275335,6.518434659486726,-3.794227393297520,-0.481852688479849,-8.412650017714585,0.776530154040769,-2.730527975483900,-1.002426083258719,1.869316002102659,6.767228152459076,7.215938719878114,-7.147480089127971,-4.164843083925374,8.362079170702195,-4.381031379412333,-5.044829059417426,-2.955369743460150,-4.026143717876838,7.221544776191660,-2.433948223149929,8.284110072403074,-9.158947276491993,-0.466190158633157,-8.569671941046098
4.011769295751410,8.743087667244524,5.099444804222982,2.814079417179380,-4.543951165807167,-3.560593586959593,-7.267578481072827,2.894540499472084,-6.700748084075649,-4.786931645874118,2.644050219693966,-0.762058754666272,-8.697145276926852,-7.147730913050568,9.143141423191633,-5.874200597599161,-2.586056269231481,2.477518719942120,1.343741552565451,-8.358874060865142,-3.825912631859863,5.526806630334187,-0.486922211595992,4.884383644294097,0.733468893262554,9.142944592871963,4.116007892160617,-3.605788696330519,6.145774900149757,-0.783042503142916,6.159713437411849,-1.746944448682214,8.464057882286465,2.440242276417688,4.687355088033859,-2.575176636637401,-8.638992592076878,4.291476980889531,4.685560470653726,-7.956808508378288,4.904663661367225,-3.052156763333027,-8.140679578499459,-2.482184169838177,8.924200629716836,-2.678621705612141,-9.934937274899202,2.262867608436919,2.066101382877687,7.171933901739717,-9.025673837757076,-7.245441008764186,-4.785687369338653,-2.929669280531096,-2.720707003004044,7.191294480244835,-1.462342404765721,-6.841593113215851,2.848683350574341,-9.357701597365375,4.427814007732263,3.756094282554338,-0.663420812039865,-2.137654253053897,6.656985474039661,-2.395577175988088,9.758603379435328,5.707647705081065,7.283871109514834,-4.201454560166056,0.230599095162114,7.175377645918310,-3.759209304962512,9.083603583799196,-6.588440519431618,-5.671169088608911,2.291816508534861,-0.051708599891050,-5.100490917908269,7.498219588307865,-5.027131449316881,0.445491195119507,6.317329029795406,-7.010505651359978,1.781355550048433,1.574410494233959,6.501545441418958,-7.175200142597862,-5.452065910505837,4.076910044199309,1.449687234743472,-5.979585546505836,-9.644567988363029,6.865135444264297,-9.520429040254129,-4.866090939974612,4.018757440754392,-6.905720333418353,-2.100512638154514,7.979978046803243
9.778199180477586,-2.411568186939965,-2.408432948938531,0.654844326642481,-6.270135027512040,9.947501058383878,7.461146306599169,-8.922594260012984,4.895473930761058,8.999529778326011,2.880302848647265,-5.361022965921352,6.907322671985717,6.169276486940362,9.721633275584722,4.190256602427699,-6.895143059415664,-9.851952742192511,-4.462584648319734,-9.304147289950659,7.115754831666735,2.303911390077158,5.740335189841300,-7.092488062125466,-4.394646809867444,-5.181810921656478,-2.034980409142211,-5.070552520090468,2.974026433497695,-2.823412360942655,-7.575214872115112,-4.695385427336118,-6.955164899458093,8.842855888082926,-2.565909175407524,6.333830564821820,1.997014267210599,-3.943088818533649,4.463431295763687,-8.951083262176493,1.791540174806769,3.234995552649684,6.808398908055764,-6.673886945913960,6.269817253280721,7.225310213203244,8.589280986823674,0.907098604611864,-5.889156374032220,-4.184185862675469,3.014609332437637,-8.586417708889218,4.209950342620854,-4.844918882088633,-3.899231065048872,3.308667850629558,-4.275266693671513,9.064379473910570,1.231583027605019,9.113831070423959,9.173560622993545,-4.374620522754724,-5.575253566414196,6.754490145885118,7.290532832954099,-9.831385106552300,-3.879807759166054,-1.393513272987740,-7.609958750672039,-0.451834953534114,-7.317556244257208,8.193825061086507,1.316510609045789,-0.570812028386673,0.417858390440550,-7.941573579184464,7.236685294782728,-4.687686149730165,2.149350710367443,1.466640094395315,-5.991541938178671,-4.960652209156762,-8.724238441264349,-2.138328279786002,-4.910948220615190,6.359005418499947,5.105903097476890,-0.228552001379461,-7.855663772481289,-4.655397954947318,-8.583068223737031,-4.762928654350191,8.844711127625487,-0.107233947773986,5.509620982696241,9.479360349809525,-2.907533592938158,-8.026355224617873,-5.567505434263136,6.494178038835877
-4.728394041977413,2.534101470965792,-0.442412146969771,-3.836180529986944,0.999471531614413,-9.918657125894210,-1.936483612233189,7.758573760161894,5.348940836921743,-0.311418962398697,-3.053407211397290,-0.709986632964725,6.130123818168705,2.422237828132772,-4.367330984605024,6.335472574043834,5.030534585586697,-7.432827080313791,-2.868608127535870,-2.406462597125209,0.321591061889951,1.372153501841876,6.460647440930288,7.619302260706466,2.541255433901732,-1.130128344233235,-2.650686586862239,-2.040442960110724,-6.985388776585266,-0.049791694224394,-3.241163704315813,2.768620898245542,-4.159125923724584,3.479697956870123,-1.669789080993434,-8.053489148206459,-7.838715826249755,3.089354414857805,7.938730760994183,-1.903200063959167,-3.951869826335064,3.669279311011424,4.403322421973821,-4.654418699000549,-5.100026898221850,-0.414989518867317,4.025980563517635,4.002984853360056,3.870373316465743,-8.384549339448167,-3.839606117506347,5.908722987628733,5.849131651006115,8.233541501457857,-8.990236695556639,-7.446897735901830,9.271133077759039,5.722374505962499,-2.126441819047658,-0.838001002705372,-4.293836000191071,3.185027100060594,9.703881150889764,-3.997215425014642,8.366732420904931,-7.077381154090658,5.613997620943973,-3.298244697800714,-7.427493117924193,9.022304430847289,-6.996037326509381,8.917652880152218,1.532461886281730,7.829991657806147,-0.493060106090859,-1.070884435600764,-5.901388443160696,-9.895299647823546,0.596177927531496,-1.587245334449934,6.462602554712497,-9.827203878120756,-0.500186278895836,-3.645365828122484,7.982433992356967,-9.663757265282841,-7.881866204484735,9.834089737509775,1.319945637995854,-8.607719561111599,4.805892107482324,-3.805227067514552,6.400938345061341,-5.846571237040019,6.042490225826747,9.086831476569273,-3.430670027533777,4.444949278411997,-6.400865404423812,0.114450951595686
7.518772185099220,-9.516423902327238,5.908877616957593,9.698248441100919,6.947988106311826,-2.278469831871595,-4.988817260695924,1.660893536142785,-6.830338059849268,9.630507475798691,-7.639266191996724,-0.729091833056232,-5.771357386569751,3.927481465067382,1.893154186743766,-6.510891877282852,-2.106483036609843,-4.802056408295428,-0.438505211797899,0.711868597255682,3.032925308838903,2.265602766825241,-8.393418701682654,-5.006758662785304,9.881759034912228,8.816232186514334,-1.404189355569494,8.406902389804529,-9.544314122213731,9.707400520255256,9.022095860044285,-8.903419461845029,3.926089649159261,7.837162991751846,-2.600352895722018,-5.834674563924640,8.557602994461849,6.118113253114728,6.999623357709513,-1.203979938900302,2.061816241208289,-9.779223439371187,-7.185421734329356,-4.978933261454383,-0.245077464148654,7.076690724969708,-9.737837428238016,9.344493458599853,9.053099755193717,4.465454388471056,6.699759286932021,9.851256401415906,-2.016931932459512,5.769089316120411,-8.745579891641757,-6.373574522573982,3.295529596753660,-1.484411729642135,-6.345026632918424,7.762928309230173,-1.672222108289901,-2.936600518914483,-5.020062027913898,0.750294765699394,5.284785299539955,7.111102664473204,9.166049446549557,0.425031403182150,7.073042618535542,2.171532217447149,6.838608404993384,-9.492399527703439,-5.157121244165166,-9.625704679393642,-9.330203222318644,-9.065026440180894,1.757962417507024,4.126713883190885,-1.397522184844499,-3.840161863118965,-1.590969630601576,-9.471477848232015,3.571992186114592,3.058577580085641,1.383197670022669,5.990289312925199,-2.503365331585936,5.500413167504059,-2.376712374226497,-5.399792864498245,-4.126533113486468,1.437365372166914,0.536831147389346,4.508694962075319,5.185321943887928,1.148326392875635,6.749802946575247,4.531012741254038,-7.144810353676359,-3.393876273678189
6.366380573420642,2.711241395504567,4.687046585226133,4.007884328144740,7.432111559516244,3.586732530532398,-4.951986751601813,-8.249328935860445,-7.549252818099001,-9.050413941558382,-5.250803066758635,-3.763095615299097,-4.414765289912310,0.640444260355256,4.261518398455200,-5.375591392271772,7.359958111399138,-0.004616970693093,5.874841410791126,-5.324813066573093,1.608521153012321,1.339072805644255,-5.959296849697930,-8.079371399065566,-7.173027034414659,8.448400367541133,4.532600720275502,-3.196300666201735,0.197333493548662,-3.546361526667694,-8.898146689422957,-1.043828103396153,-2.982245968394189,7.683227571934264,6.530616336782945,-9.136700836497724,6.649200682001435,5.583626015611294,-5.986185250574680,7.952590109499763,-2.336203547506899,2.610377222319721,-0.572235128283864,-4.803048682995863,-8.611439954018945,-6.177232059465185,5.978394061971448,1.161689397548681,3.977668401142150,3.702115436223217,-9.656586673516889,1.208158075258815,-4.089319952312231,-9.928285020654640,-0.065841260633558,3.801906782887672,8.280947836118969,-4.274757775580009,3.642980400307160,5.034036596669484,9.312439927937319,2.780409714619301,5.982458869641876,-0.130825743455921,-4.934640944777224,2.049520634321469,7.177013998563002,-2.413384773612699,7.772654858592453,-0.943423167950449,3.230960989976612,-7.841927904026774,8.187616274041151,-5.613828066365878,2.450085756105905,-9.949928440528664,3.239730005848058,7.012822385554507,-0.213688980395597,-4.387136770581320,2.669005643035939,-2.077995981715102,-6.776084862752684,5.005776750180393,0.747159532093614,8.217815294734933,-5.530755874344811,-2.800201077883624,-5.717009354639606,-6.405247363622857,9.737400036893440,-1.345473081112470,3.171913151503887,-2.610532862132208,2.019247301361522,4.755064774713766,1.467335366979057,-9.912450657570691,8.112913715329338,2.926447088581268
0.222424937741067,-9.419217215708056,-7.537760120693759,2.085173169995615,-7.398469528135903,-2.860980480498130,-7.711506508692594,6.510904108696046,4.653915612311511,2.385294809693052,8.799486164572951,2.616973665682668,0.710480249718623,-3.291485743128899,0.959756826133798,1.322783561470779,-8.534524627461179,-2.447132545871820,4.031894474360397,-7.849044987831054,5.414557410882830,-6.603680998875618,9.038080578530820,7.266124000640644,8.557001683255919,5.822226917661569,-6.915511795991915,-1.729392865297898,1.559714974013600,-4.469770898178234,-0.639632157232787,8.145249097632895,7.232617992942142,-9.712757639888341,4.843408834737241,6.654557700894234,0.785940317770674,-4.310349667451998,1.827470990496934,1.881894705414673,-1.971053472549720,-3.896845969711419,6.804868438821831,7.603206791653474,0.479995900402495,1.703034082382700,8.946398188339980,6.384685878174427,-6.713165836766615,4.216641524857829,-5.780994772391761,-0.715451393190689,3.128432502247371,6.275813138748909,8.720829863550520,-6.561860902029379,5.529790473953380,7.520305494128561,-9.644666001492986,6.010044210086296,8.461330666778217,8.492698531584615,-1.067844924768217,-2.899872216730803,-8.881282025768451,1.170358326098597,-4.461161702824638,7.086046346201414,-3.001519396391159,1.787056787180902,-3.192581908027630,-6.642554811959251,-8.335734672339976,4.936025843711304,0.422404402082119,6.269040746886152,3.461005547216729,2.158296604408839,-7.084352995500574,-1.533889270628334,-7.109249042059391,-3.914272537146006,-7.183790243655350,9.123187977080008,-0.150874221147747,-0.283232112210218,3.835062031077761,-5.066301297710210,-7.276909728309720,2.105833918377884,-6.315056106842396,-8.085646577691305,-8.678441162933641,3.191285748558570,3.171657149811860,-3.039458708120353,4.351474186068820,4.451778184300233,-2.712635459523602,-7.109799600401947
9.122900279275786,9.957875731935097,-0.546823681343929,5.837371986732027,4.204592202758384,-6.828182959418820,-2.083171753898498,-1.558562424053937,-6.419395554653171,-5.040123253256519,-2.102149181738289,-6.845495184462771,-5.797972989044673,-5.215991355745770,-5.882955543897273,-3.813928149961980,-1.687632623486978,-9.516367334445828,-6.154675006053565,2.601704835889954,0.433246878598343,7.853637135108528,0.148613229048507,0.639634553335885,7.160715844127839,-1.526324049607501,-0.436718063621385,0.136601359591598,2.162564711365933,7.633487652196710,-8.519021194460395,2.647672839355389,1.184272182255690,8.986713681825105,6.511004733426020,-8.589078823446766,6.011733814685488,7.804041406089329,-7.934872486236307,2.299731442510653,3.901310751899290,1.693091720269226,2.095446564393843,4.279130751615178,-6.101735304292526,1.744448711096515,-7.553869689316695,5.356912456799563,1.648013168551046,0.569833087997836,-9.241664862385546,-4.461978555979207,-5.020430937919144,-6.677763066855746,7.378102497131206,0.262853437951907,-6.027124582363685,5.184809706325561,4.458704928592914,9.712298384132200,3.260336401062681,-6.349686834632394,6.362986888518073,6.151488184993351,8.950203587135860,6.856968918195992,6.135486878986459,4.676401555308189,3.747496014071658,-1.212466113847682,6.069493934261942,-7.165494809857815,-0.528300086959185,4.895517122522719,-4.936243985969617,2.313492688399098,-8.636704113164903,-3.434553305752372,7.999339533963710,8.476074633420378,0.350138879538385,-0.865568849001779,3.483700029321540,-3.304395278230958,-1.054124375284992,7.591961712112468,-2.858764692493816,-5.366871183901289,0.865644098629287,4.023128129678785,-5.031765255716651,5.639178413955619,8.465538247223130,1.378795817477503,3.322118293011396,-5.726423325779426,-4.613561492992200,8.135019597959076,5.338219105076295,-3.767024063194910
-7.293110613529297,-8.330713206982248,-6.254106998881195,6.125858163860013,4.650494344175220,5.132677292741450,3.249344589323988,1.554031965824523,5.413723172835185,1.265111899704063,2.439697617409891,-7.594517731740735,3.294642941757704,6.988054479444401,-4.007234231742363,2.577009206918762,-2.005412188563874,-1.125263635867192,-9.287010901879798,-3.527555800584866,-0.418206515295145,5.684718658913841,9.904641697270179,-2.113162588088404,-8.811692159234132,-0.390666921550714,-4.126319432668977,-9.628377856938375,6.512076675018598,5.390116497135013,2.843012624983851,-4.057717962408381,6.357723438724957,-6.120393059853200,-8.436973978909304,1.188159247079534,-3.704284990480467,-3.536640552907984,8.002446778729563,3.205072022905636,-3.022487619714640,4.137160976453343,-6.781525362077985,-4.760920837391045,3.729265970993087,-2.045143564306374,7.776595929402507,4.908092812368654,-5.280496657894435,2.338500055900649,4.794797475880827,9.950956388617676,-3.633194829951332,3.044450803574861,7.242462412220640,1.352399824416574,-0.656459589329918,-6.764977236254445,-8.409937650146713,-1.416530411459034,9.872695230612837,-9.886205989101951,9.985937000189480,1.461309300252170,6.964840265162771,0.511819979484354,1.343636533261424,3.134547940756345,-8.610230146820667,-5.965639708153827,0.980064363018528,6.259640739317192,-9.956232137849501,8.488408457350129,1.786076096080386,-8.872672732891671,-0.891754181515088,8.559665155512818,-0.700637111912192,7.752610964332749,1.219648836565108,1.606928030285832,6.801120037866628,3.478694856730069,5.964742628398712,-7.889294480954296,-9.847941754099356,3.833441230690367,3.366814394020981,-0.677853589337234,-5.770389506009030,8.386462731517589,-6.117739718244626,6.598396506803638,2.929455586829480,-7.666407887451900,3.900897513880658,-9.705189112815622,2.086566612149227,-7.893854424519415
-2.556477578925431,-9.133159100015311,-7.997620877673175,0.937035238520824,7.083477769635465,-6.196005803214730,-3.826661906990061,-4.644588530080376,-3.730570494203313,4.489291030143413,8.806081866380747,-1.021427020298200,-7.449803655470905,-9.194380733666092,6.221974877812475,-0.654106181054082,-2.465095069086116,1.432822106476268,-9.587552264436130,5.294246236840829,8.484724789970969,0.666103574431611,8.436888637817979,-9.061460607569668,-3.246072956341360,-9.461393185864637,-1.278853943840790,-5.799784855879171,9.598721369348869,6.758698582773643,2.190821503096007,1.035867538690511,5.008126229462590,2.515516757584653,-2.450713567749712,-9.909900804740474,2.036483576384322,-2.455249002415614,-5.504392935549882,-9.221445462252083,-3.072300427158638,-8.950664702228906,-8.229710896063683,-4.284356688006204,1.036573863911926,0.561659443517827,2.925617392894420,-7.935227537446794,-2.091976185083331,-2.460846989546637,-1.807955347150390,-8.151371491158754,1.522696038939177,-0.785775473332922,0.981996437224948,2.985476643795939,6.309951819499638,7.358671701826054,6.951744093782899,-7.976107243685744,-3.974046743383088,-7.724900179430181,3.227172439108665,7.193242617776349,-7.295937100360320,2.244584977059411,9.711464822668539,-5.038784260760600,-6.813940915141174,-5.132545581644299,6.137461975376716,6.046492687603909,-4.495503414480724,2.317820867171260,-9.602202876816627,-4.571592636667310,8.361150633328780,5.325696358734081,8.768167006230179,2.625612488035351,-3.014273080401892,0.143452654098549,0.072431822718793,-2.160115163814407,2.921648345532448,-0.545950477106059,0.606975308849510,-0.155845255362179,-8.369455925492566,9.609762610905086,1.300731670334878,5.160357757458895,3.401609097613234,0.509143923617874,0.036765112097566,9.587140140924266,-6.602200759391305,-6.638522298568363,-2.976538818221459,-2.977355433502336
4.903613972103248,-9.505730056695326,-3.765017839447509,-4.012648385889475,7.775530966625993,-0.801478401974853,7.419281662149761,-0.619866688608097,-4.210044911847999,-5.010408832972177,5.195557749157746,-2.980116184928050,6.605028753738036,2.617316850659346,7.267354019073174,3.268859189729291,3.502437372287206,-8.238463384841443,1.250411952560411,4.929935816436970,7.080771949493890,-9.411645579576435,-6.973909807500169,2.548918365641569,-1.084732679042853,-6.049047969823409,-0.033439774064083,-4.948748367854030,4.410155662209149,8.077570180796801,3.223924708653829,-8.142010326211880,9.084781770654072,6.283728721258932,-3.045623784997725,2.199171474960803,-5.721561046689747,-9.239319360887661,8.306272808569886,-9.579738962654105,3.338353242824290,-2.661730970377903,5.554483452700952,-6.089571823096669,5.478275136067854,-8.284569777608013,8.162382194222168,-5.216543165014227,0.972715662550582,2.862058688610798,-5.615318060081651,8.789429404445155,4.680294433849410,-8.590840298910617,7.894218414032327,8.533578519859518,7.894423061878769,-9.960014114238401,-8.769753272267769,7.318426475553341,-9.045627747225444,0.962760033340386,-3.855105877243348,4.955805761790872,-3.478039615494888,2.090490606121287,-8.360658588540385,-9.716322710533598,9.254473535843861,-1.420340776800765,-5.456719203003521,0.850838129536427,5.567172339028087,2.618450624943943,-6.887891324921527,4.558129654162846,-5.219810203714261,0.048909393493080,7.956020627066636,0.886431997868325,1.761139876064108,7.859388770275316,-7.463118791454728,-0.963455481433872,1.821509434744899,4.460193821167010,2.930936172432277,-0.215709949519736,-2.507914228109678,5.367347526921138,-2.751696898785577,-2.977829267144787,0.807740390867888,-8.895306806761321,-4.888786698799419,-4.600558499830816,0.228920147337305,3.223753107509317,-1.926265728821425,0.809955772756236
5.205928642685409,-8.140605801232317,2.701894191509870,2.157961706455808,9.101608116046865,8.364148186250020,9.947387215810977,2.766725299401095,0.038734873398090,-7.095678777967869,-1.172965299607005,-4.787484189549220,0.371664731394656,8.734653919804757,6.669244744754135,7.447050703683370,9.596978674513480,-8.335770817909467,-1.380759756667720,-1.364178280906678,8.956062130026289,-6.565577126434619,-0.226340270513454,9.684065979120668,6.156599705391042,4.159913125473249,7.809408613944509,1.123849292111213,4.467710381385821,-7.593786309639794,2.952528233267284,-7.723577740106373,-7.877273443851863,0.620011107611951,-5.176388582788130,-5.478424494713437,5.935816818082495,7.793749380720119,-4.727971582181770,8.975012988450878,8.209950965826231,-7.975257402979770,-6.606756008973004,-6.875816007270965,2.929133113509685,8.145687365698173,4.812322816719362,-9.766289871393903,3.879176487481345,0.223811734262160,1.404960952572250,8.429343982488366,1.428632431041979,-5.388146927216731,0.270567356369178,6.219230194088503,-6.010322571980849,7.276249058798900,-0.793436301784830,-7.080603854980385,3.420960683691760,-1.659839874765064,-9.217787585573854,-9.730178771071532,-9.948115424831022,5.215358348746587,6.044714042182775,1.028217261565189,-5.489506371054730,7.561426971338904,-7.509403070829435,-5.914655766073571,2.173972656453023,-2.474200211950635,2.625756189524495,3.233535998058510,4.539430521825752,-3.380357525436130,-2.005228787669298,2.530372834400083,7.634536738326759,4.953086220103526,3.137041803258382,-7.607396809995459,-1.327321332634339,-8.927062378009600,-5.413603572017105,-8.982767201184060,6.408557182084465,-2.367063484600747,6.000417831436724,-1.867853303479585,-4.215978737340087,6.357814638337793,-3.953441013361267,8.750136275107437,-2.656381022848684,-3.980096863637628,0.694412133103073,-5.118537281888762
9.847326536697537,-7.146939352999393,0.036507768179943,-5.118905518971959,6.918577101696293,1.071402027826924,5.065531448721474,-4.847315887021595,-8.141023292363720,2.607084087205635,-0.733894072997259,-6.734495520942341,-7.648289140208508,-9.506771830310132,6.128003656452147,-7.630809097549111,5.981353771167992,-3.151483522163754,-6.861626789077302,-2.452817829392409,-1.740763851224065,8.727776962991701,-8.295500511382114,-3.720540110230579,-3.035375388393275,2.045014419677543,1.324616322532217,5.780654262816762,-1.490686261604715,1.383624448940434,1.598375400113650,8.993900626418199,5.350206252637037,8.480793615679225,-3.578184125910981,9.121840698335678,-5.598405134821840,8.543832105489280,3.690079079621686,-2.303192580536519,-8.488735633605335,4.663177387960019,-1.693542778027959,-7.689528825362064,1.754862208177347,1.885351243413576,-5.031361750556879,2.813616696166788,8.358616185825177,5.177689319352341,7.934817830087162,-8.575775561292733,-5.298778604133978,5.224546524356759,4.282546688188924,-4.988414468571937,-2.489264834699050,4.849419425246499,-0.019685935557117,8.161256511807959,-7.500586977692498,-6.600024297821729,-5.852819982562063,-2.305345711322144,-2.718535632000760,-6.128681480797631,-0.638471880789751,-7.429782898029083,4.243265570582588,0.421713570373633,-4.792183811876399,5.294767179925298,-4.382086837762024,-3.496576773390274,6.211977887187999,-1.056709502973481,6.857779487277284,-5.844456830910274,-8.644938520871111,-1.144766993432363,0.229494056151328,5.518280585855651,-7.010108009520892,3.643544479460541,1.364701956652612,1.058428420079265,2.337772208265479,2.861735454827626,5.835135813767112,-3.875384467710030,6.402834558259176,-6.087864623757573,9.091027440528016,6.444954177513534,-9.933257474679259,-9.746648482801834,5.688450714963047,4.405369592829231,-3.788704778242586,9.223872279353579
2.147587577002735,5.228140150755291,-5.929537640137161,-4.497247537307234,-3.718080667230756,-7.951220144025730,-2.256725563983426,2.403983340010372,9.296897965740790,-4.164813041481672,-3.825826821737602,5.883827319863389,-3.747786973692849,-8.613782684920718,7.572093097714433,-2.113086825075143,-2.284284916528565,6.970802652505871,-4.729572440041824,8.510255152802582,-6.319381773840718,-1.593791492555143,-6.660502535807870,3.537162485674019,-4.291829031113146,-1.722473158893331,4.939177863228291,6.522586279798908,2.810879615616903,-7.194731682235231,-6.213769459101766,8.263350587335189,-0.197004668647496,5.783754465698394,-8.804150986867594,-6.920815456822762,8.565173884596195,2.037879671615190,1.049586845033092,-2.110575192020581,9.533023114616469,7.154180122382034,0.444915295167585,-3.220012044573693,-4.827120819708046,-0.394767050353257,-5.621980871487722,2.816989945330192,9.371607446837469,1.077659631312191,-5.449468119602732,2.779613542244110,5.518158033131488,8.883187298387615,2.754214490175720,-1.288973951490345,-0.589028365057832,4.673493866852095,-3.905353127420077,-0.073697791578734,-8.757016795077163,-9.365891746052597,-7.634615700186340,1.907730931420454,-5.641762638275429,-0.928499705219025,-7.584429682755294,2.191980820644957,-5.666007132861455,8.855371878389725,-9.523246207042071,-3.380198689732845,-8.340482011532524,4.975951970384042,-6.006349084536615,-9.541856921285934,6.671185570278414,8.215077679147967,9.485739426063148,-7.004403315210586,-2.848592057196155,-3.057868793901040,1.336579170792627,1.217314434080389,3.669001679758935,6.347340130414480,-7.741993915602654,-0.049977538720514,-1.657488792851503,-4.217980157515029,0.700427143543550,-2.535895606740937,2.712358922659616,-9.979306206939082,-6.848841857538059,3.535662550009409,5.572017408554704,2.653266153011920,7.127173084516791,2.620520810548596
-9.323883327776862,-9.250981476165489,7.959814313955452,-5.228677535469788,1.263274197934779,7.617915424400742,-4.231873625458979,1.119686358136214,9.006601455641427,7.083651907717655,0.069308649082076,-2.831872465526950,-3.165073583648390,7.446190239275118,-7.984889999690258,7.749228630037141,3.216595007743903,6.884548868587977,-8.015955149074866,1.105037306649805,-6.648150993294530,5.841408135106205,0.995619305539650,-3.517104945916650,-1.744040070417082,-2.690278390944183,-5.169205810441275,4.034652786286291,-1.208927930243664,7.560557918294105,0.848287175909190,-5.341608355617595,5.749636263381305,-1.145517560794529,-1.676996416966020,8.226369487610683,1.215566324405392,-4.524391770218259,2.914071312666850,-0.359355312159813,-1.881386170123506,-2.940594412964977,8.395560122648387,8.511228194918708,-3.641502627584101,-7.419907434875306,0.934756240564660,9.223482564215708,-0.466265798585487,-2.646417025053887,-2.786256125494424,-2.984916552309702,8.885194638641181,-5.700139165266127,-6.575287627479431,-6.774930817066958,2.724667371025509,7.356791931359144,-3.807366766863305,-2.935829310963410,3.755898088276069,3.968180829377481,-1.106549817685909,-6.674081080527485,-2.899939736187978,-4.736988602707015,-7.640867741008730,3.047602943384685,4.707360834419351,-7.556420141893150,-1.531667351208553,8.738301172207869,9.719580136171096,-7.003694233265731,-7.751846241248326,3.427638646750690,1.851293586163553,3.913914494763389,2.603204860297719,0.235335338459153,-3.221816976329103,-2.965645442936253,-6.597688097331613,-6.481514695705066,-3.669114430477920,7.762899373172850,-3.115237564688629,8.096300722609527,-4.853735507153507,1.957161289492353,-0.011040345680673,0.361773254318365,3.124487244447501,5.967400609801544,5.761511987304752,-6.803592291027116,9.912913380363229,-2.487023184714074,-1.988601609232406,-9.009872924152083
-6.032888089444583,-2.213193957651969,-7.419071634914709,4.223625561055353,1.402561269564339,7.482320616849123,-4.530892564101636,0.243383470765524,-3.530365946851521,-9.890206079100569,9.508643984398574,-7.291122745134480,1.940811549260586,-0.285208071038742,-5.396850804077027,5.987874368469040,5.850125433836219,-3.463839801580029,7.710432480781201,5.000983181400358,-6.557881584668975,9.100206249934608,-4.970955924024645,-8.865767881453612,-7.022640956601103,0.694893606527343,-2.299764068195231,-3.533985085280240,1.202523347427142,-7.545943917996403,-1.664276099153039,7.651170077701696,1.366556308331312,4.184002822679764,6.562567256336390,3.934818291522674,-2.261248080540287,-4.388630649931329,0.629840840880389,8.093624801156778,-3.186837968413146,1.032188680721038,-9.502023788920866,2.160117312170355,-5.031755869949266,9.174255625668074,7.800442755766191,0.050277848359599,7.176098357930130,7.566814307547961,-8.286602999789192,-6.316206074569162,4.152017400643251,-0.470761560320456,-5.386423639614232,-4.042447193445482,-4.396289698854224,-6.033226886605911,2.841451732622742,8.346184702550662,5.659641329644698,-2.292378458188544,4.319277993833541,8.025648851724249,5.355655271776175,-1.324378750064547,-2.768984510748195,2.544397710072266,9.643664235619070,5.141325789495106,-1.071747252603073,-0.518353045227059,3.733624502304307,-5.559360281935977,2.608504196221748,9.682159590725000,2.757724997586008,3.812675889715884,3.781004517839561,-7.825285132059472,3.120455514379305,5.653309899633792,2.613021824304036,4.057011752320676,-0.874481564708667,4.715563537907546,5.115614301233787,-3.996816633463691,5.955469583222545,5.561201501184476,-0.322339692293227,-0.357184921114570,3.918226201189110,9.961006440661976,-4.069023676310017,6.589904169415785,-8.024845547021490,-4.858385732384405,3.605739677485351,6.245695154715065
-1.968757605824676,2.875038539401046,-5.003170900527765,0.315112389479431,5.466882245120326,2.945354894701829,-3.871760047926895,-7.378898380390679,2.158990895316785,-7.192007738924772,1.374181775283706,-8.997951097161067,9.346658660703039,2.568171012147729,4.644169024619513,-8.425996739244926,-6.374786610714906,-0.826465016849756,-7.599662889809626,-8.218441903620910,-3.409141471521135,9.439874479129639,7.722577174702646,-6.253109922032529,-7.103452638013561,2.734819378823863,5.150737837988801,-9.803141261921253,-5.686076154230482,5.708347429182385,0.795052100282092,-0.267876640085996,2.714650514688550,-8.150449472418265,9.529908240363135,7.136696906320413,-8.841073659527403,8.257357144366289,4.221715092825720,9.337840520011376,-8.934065819193968,-5.447506868132144,8.698697639618295,4.496668711261131,-1.379763682399409,-1.108810418770245,3.838039879260451,-5.719641522665306,5.887968830109319,-4.155938910516197,-8.636520849202041,7.361303888544661,-5.703856720745391,4.972136092147736,-5.014066434544803,-7.578109181652144,6.150851351600036,-4.624248239306552,-7.897151009332138,1.954728778502430,-2.442199625648394,5.876629583868088,7.221671612870171,5.266022728916591,2.257483235542006,7.552918097799783,-2.980111585024479,-4.251782376409203,-7.588116665727846,-2.528324981427326,3.766634521364772,2.291839838553493,7.101540015068618,-1.114419292109702,-3.114474052470559,-0.168701050802877,-8.644294900768696,-9.638800469137951,1.820450260527055,-2.678256861975790,-5.897714396545062,-4.684592779109238,6.103673726266109,7.215474829290550,8.623747691223645,-4.295426264948805,8.603255194991718,1.275587377475640,-3.474474485524159,2.139317193425338,-7.067736235868494,-0.394306099282456,5.383847494191736,4.778534289069857,-2.244236437383014,2.918899094429628,-4.910955785619024,-1.101253748035189,-6.982701378541114,9.066361278040493
8.176713619448968,-3.149548785181788,-6.303570849192073,2.848549370659816,-3.563216012762968,6.527566456293172,-7.537650069536608,7.008292190694082,-6.270472842488537,-3.967300247125340,8.610981012173021,-9.270149937098305,-6.235054945284473,-8.522262931493650,0.887804859503600,-6.441956121445617,3.322251974561865,-0.237575912625820,5.837049960263059,5.940281508690974,-2.541148947667747,-3.448667180018699,9.352971402451821,5.979800311111001,2.980829712015131,3.685086218469673,2.827613271067587,-1.145651346546277,-4.564703237029217,-1.493123317611179,9.214617104590999,-4.867587704671901,1.948384089870515,6.579679153975523,-8.006914121199706,-5.470500942538776,2.672985258743424,4.537050657260602,3.879481495867147,-9.545120004307041,6.455264397854549,-1.700925779254996,-8.326612453302651,-2.845965714853975,-4.245649085047630,5.906471262182446,1.473036211758840,3.350431823095521,-4.173282064241275,0.640770003446798,5.504450560511140,8.202638482441337,-7.908226156410816,-6.061076407229383,-8.688043670020537,9.156296808509857,4.643546107079020,-5.892758997216596,-4.343739842900424,6.609781235719534,0.116581179131066,-2.900991787571359,-8.150570526815187,-4.941929791528739,9.739391807347108,-5.500865876655967,2.764197149263728,1.846048599420673,-1.561110400381915,-8.018031044861278,0.507011696875832,8.941602818796134,-1.299937272300916,7.929568880820760,6.106658797514918,-2.311159521436759,-0.896878569975762,5.215974575792739,3.499981170974230,-8.352617114102772,1.613740448619279,9.440821913409700,-1.760335799445400,-6.702172899606724,-9.316100146688822,-0.454263143831355,-1.809560030034183,-7.157067558220341,1.109333894004257,-3.059302366733123,-9.610508114291301,3.526789413687407,-2.252120384662222,-7.576880901397032,-3.877446459571614,-7.411238282323048,-3.064408154967452,3.294349084361111,-0.622299634700525,7.561621220144197
-9.521006620332512,6.716031771218869,-5.294622366812789,4.934751598673559,-3.519639286561571,-6.327071637857205,-0.322331146425777,6.310321654831704,-3.955889976123577,5.450494431899065,0.720854347230802,5.965041430108688,-0.715866290052583,5.922737107603858,-9.877025900886853,2.489078708032899,-6.362287905786348,9.956937105201579,-5.228695624705582,4.881677579262609,4.116800838150303,2.515005842269638,-0.353672801834586,8.423596390333600,8.831441221264907,1.973464856186414,5.447078615103564,2.358946459075748,-2.561570371911507,-1.909821927411441,7.728433485849081,-4.354137734020609,-5.410842763796926,9.000304138762772,-6.191859286545949,-2.790235108509798,-3.272276666840734,4.126732240227646,4.297092481503507,-7.369930706258481,-1.938229550899106,2.424669500428640,-2.415461857475036,-2.226113259271894,0.624000504032161,5.973216333387523,0.943560341195438,2.879011935563119,8.228245366204842,-0.395951108565027,-4.693829449365925,1.229032164606066,-2.953649551623174,-1.178852605549833,-2.763513143583953,-8.126319398089381,-1.442304741541889,4.314850882945173,4.923952429940659,-1.465774088447558,-6.333693714145734,-6.223732664465986,-1.590246181439374,-6.751216358542564,-5.873153252805130,0.920108594134692,-5.149560068924854,-0.864089306476785,-0.221436718174726,6.773069831764122,1.970784243697354,-2.729522749970570,5.748316436727531,2.664418719601784,-6.053223359534446,-7.596981955218032,-4.286673190369925,5.972340798324531,8.995643018889062,-7.570791407814712,-9.404010504006957,-8.862413171684656,-2.145774649978747,9.272401245094422,8.264540925154371,4.320344534553044,-3.891566391917978,2.585042787932338,9.286774426205717,7.913994604202340,-3.486452563611233,4.026450081037257,2.390452782372005,-1.013879551385809,-6.621434105155657,0.887312226023786,-9.316253714333094,4.436340993155280,-5.396265681451789,-9.932217998420473
4.664182602297286,6.630204100721290,-3.122015646970244,0.122804408324841,4.001525321415132,7.528308156523281,1.500715501751465,9.810291331220327,7.027346401621134,-3.713174693050254,-0.647101793146225,-2.577652051532874,-3.933977975776262,-2.748966833873663,2.007909469685440,-8.042345301122422,-5.646588709616827,-3.163984698483158,9.706986077816715,2.402088719171495,-8.532457994339515,7.030626932008758,4.951104046863195,-0.836231595731148,7.709402156746748,1.857961600640021,-5.440210581227425,0.278884164828625,-8.870459424281565,5.951037190748039,1.492285043232391,-7.317275202994377,5.689694794648997,-4.779016924784314,-3.280356790416706,2.954037105369871,1.236740088259452,3.322877200140637,-1.243073215708527,-5.342983269744266,7.215717310389074,-5.777733795665984,1.645212425803313,3.338530783920362,6.638549311377009,-5.726066019496940,9.400007275944027,4.320960851337981,6.209299617529027,-0.032015564044585,-6.914752422285162,-7.405614687595801,-3.783575579168890,8.502109518628188,7.608219209915216,0.738005093728935,-9.895172005459038,0.467916568845881,-7.699706310514078,-5.921761180331277,7.790134809241263,-4.352049957186404,-7.093190478461652,9.143340435007133,-6.430260701922419,9.421538326063956,4.993976610437073,-1.220562074262119,4.266388497699474,-6.924308452301407,9.373350193824873,1.951996901755413,-9.596029521729740,7.037768017734173,-8.870296109159298,9.498721203503212,2.636611021322908,-3.117061190143398,0.151820937427958,4.170081744713984,-5.172338375372128,1.263134605298086,7.470069804285448,0.380075290451764,8.575439800684524,8.429306902295963,3.509747529176813,-3.908180860935939,-3.519425495563013,7.136341865478595,-3.421133685507607,4.597218041341627,8.282833401096390,7.202512418077404,8.192084185836425,3.064687046879156,-1.088852051971848,-1.130669417296414,7.025229890816309,-2.292981630651465
-1.771031433649309,2.066943468562730,5.084923100946463,3.977432589793350,-9.390061052719144,-6.926506601852738,-7.703146344759015,8.340073593891301,4.290797269868225,3.681348614035006,2.465186629684908,-6.661689909042911,6.786922010144128,6.990770332231374,1.507587766168630,-6.600776475477186,-8.879408781495092,-9.936982438831150,-9.392769457374541,-9.036466724567360,-0.063061981219148,-1.770890102453286,6.821978687026693,-0.742309343294615,-2.141548839490697,-4.481820540668688,-2.783137228975601,-1.811045279259069,-1.109342023779947,3.423162647322648,-1.452869880419616,1.761030282528973,-8.253074184512712,-2.993007888627924,-0.778841708846317,-0.263709709205884,-5.188608068036313,7.401895651390412,-0.839926440314338,-4.260881751876200,-7.493604809169163,-9.982093372273530,8.601704307380988,-5.308192121264163,-4.792526093198965,2.969735798285907,-6.673464853528808,-8.393597095014973,-2.246678800380247,9.265460194316205,-3.291271932644937,-6.714364035057409,4.850363975599176,-3.527615109983930,8.084258412254510,-9.684017718275674,-8.767018747822600,0.047136884814645,-5.699074904945403,-9.487654875763091,-9.282429268249208,1.701838908148339,-6.199882478159031,-8.049659337656259,-6.065186109022404,-2.509537237169543,5.544872983664771,6.211319729137692,4.927976746216672,3.785826041713703,8.369588613442531,5.699767993807296,-9.734141873894080,-7.313912503486000,0.174149281308511,-9.010408893823513,1.040207280032083,-9.048811619369932,0.488127138946592,1.393539436194953,-1.162016649656222,-1.268743731066166,-8.265827517128827,-4.860043952813937,-4.103038713526774,-1.342638848146018,-3.931676157049113,-4.341885749536145,6.696726377569220,6.344514166439936,-1.636103480774825,0.207940893819330,0.697256030079432,4.395766901757206,0.619384638490249,6.557547658489732,9.441679868197049,9.752723857441183,-9.222161678073686,-2.561435815063479
-3.608867211756415,5.571641608836490,-6.215683409921089,-4.264264582993764,3.495226337672888,6.297617699144517,4.208110124851551,8.405557936097555,-3.442937276171023,4.096507775943357,7.210764816402946,2.462824286043286,-8.987631284119713,6.366125983102449,8.301687836876578,0.355223860619070,7.126910518538530,2.443385735126633,-7.870325468194599,-3.856252490975843,7.287818509815786,1.667762701616081,-2.476599306098082,-4.462060521301239,-8.580987208051825,-0.800225889357646,-4.782504176165638,-8.259476928897058,-3.933371424493446,-0.659084717378811,-8.922537183416718,8.022857218141045,-7.089966068542168,3.070959025534378,-2.958071499765353,5.158497388990927,-8.736527906620832,9.280625947716047,-2.674170123326977,3.246671142611673,6.064263835469397,-3.205564814054855,-2.384324200905481,3.463428327346119,2.623923066002487,7.039113679323449,-6.789408463744346,5.232356524756048,6.536301868590638,6.927588339810587,7.533217843898189,9.258178911172649,-8.386430935684373,-1.266197477347713,6.228650248010659,-9.764517782852957,-1.939621896276380,5.637257785869307,0.927440472990284,2.103557380171386,6.871765704966087,1.024475054981298,2.656132978966943,-8.908953090144195,8.264049772841272,-0.085111207211297,3.058908814230321,-2.681140400820299,-4.837235133363404,-0.183278446063841,0.925980579785769,-0.544081873031031,2.194085368033205,6.782198615306726,0.367346780801929,-0.105036465249533,-5.989960510268775,3.752643148239285,-4.456519242463752,4.423615198019080,-6.126083876708779,9.503452317416354,5.436094032762265,-4.689197199867863,7.270765676560568,-8.506996289871338,9.462661211796295,-7.269267001140848,0.548800856050685,0.638673678963499,2.954609035365648,-1.815078935925600,0.587917218907947,-0.973605788490435,3.052013864106282,-9.056415084025652,2.428747455478677,2.533552994347883,7.238769098530035,-1.453071955716940
-6.297704921410783,7.906732756919784,8.119703024793214,-8.172141630958627,1.586777245383452,-0.080102868702760,-0.706573227222014,6.615193999972082,0.025246856060983,-0.894624610556580,6.074664618042966,9.583888653925637,-8.389925374533675,-5.964542571752755,-0.133866980800699,6.455525964850626,4.216543844176739,2.051287938963895,-5.108219315775711,-9.707919088998462,2.570157626491836,-2.248410901728628,3.614324815072219,-2.500941925475288,6.154278248474448,-2.427721545806580,6.759422938683713,-9.221938025300151,-5.594757269696031,-7.102211268225758,6.284860699026634,-0.452193733773836,9.189864320522382,-1.105594431343025,6.223888988996890,-7.880485155600960,7.505895339049001,-1.902665917293007,-3.938796588473963,2.686439799488261,-0.065052344605894,8.590015504545882,1.183723450601635,0.531738940104276,3.104910721653269,-4.756314153661060,-2.846986324448570,0.085420426501923,-2.548396200260827,-3.352729540717412,7.149721355889966,2.380249562775480,-4.976454722306531,-8.183601550076869,-2.199308521202878,0.408893006253173,5.501013079774369,8.057827442456428,7.755422975931516,4.572026831262132,-4.070079404141920,-1.915579042733897,-6.501551742170606,-1.398282547772299,7.916069355501868,8.542692325923909,-6.422189853968929,4.843568383303460,3.850305017979345,0.715955887105403,1.798935744840730,5.560306488062301,8.996515341777748,0.000227768254891,-9.784321928117921,5.561093480993708,-7.843620583804998,-8.985969699126278,7.938211495730535,1.960261572431477,-4.934936115759870,4.797456515428824,6.733052344561472,-5.061220343743069,-6.532848415475372,-5.275282698812434,-6.970620308304438,7.769367416266380,-9.168422127045858,9.481017387470651,6.062844738287115,6.054985742763780,-4.147146088279210,-0.567106419528260,3.797067850172791,-4.910353860726310,-3.377677498160705,2.895658843365920,3.155879798413853,-1.299991083618654
-6.391396107732248,3.144677214021151,-2.279329057083379,-3.961587140043285,-8.684269711549819,-6.157104398411026,-0.361086274282112,7.025200783992197,4.433615173262940,6.596585405226211,-2.901008506091076,-8.618512683931012,-0.255589784828899,-8.657763999377330,-8.403644913598896,-9.198063304325952,-7.372274687472848,-9.034693363292728,9.866574796601366,-3.636698158044361,-3.929386651384126,2.782852373476157,-7.653187858361497,-7.074330539852809,4.704529499716188,-8.273611140679302,4.321520224075995,-7.314231137670602,-8.046359447731685,-3.092624745286415,0.104690252073226,2.319294567991808,3.645393089761752,-6.301087188340526,-2.854809734123808,-7.556290248145205,7.019083057859671,-5.861583623783941,-7.243058213650546,1.480549868873071,-5.586393644857566,3.226123438237146,1.448567696921037,-0.190346540092687,-7.975506913529373,1.010746267848450,-6.479569449518081,5.688718329251000,-0.227325120316316,-0.666576502683183,-4.740433858568879,-0.854692472749354,3.980992144972429,-4.932410856422040,0.787294873010921,-7.422506971695524,7.269401777822626,4.227811674336673,4.460227917829338,4.538225878754776,-2.907831994436481,6.348896402255264,-9.133271633833949,-3.483179433284842,-1.895328358705051,3.381160740994710,9.311793755684413,-8.688989217876133,-8.596382685687114,2.782140100583739,-4.923889396600307,-6.803034170231133,7.301236004453379,-7.737344500047110,5.314474864032920,-8.880907369645550,9.403569061218768,6.635691108773365,2.023668948561426,9.386087501302967,2.038489576824700,6.960154718319384,4.644460295373030,4.469482398494849,-3.788527752381712,-7.912864474080448,6.304381786648872,1.769160886550704,-3.765438336117139,-8.709460845448429,7.726531025988013,1.292968946716350,6.885308927189467,-6.151884175703984,-8.511244196827530,-1.769457785143977,-3.851762670149990,-3.524556003121040,7.738915023112995,6.983677351198697
-3.790373738813075,-7.972803554803067,-7.104093275652266,-4.563481089721981,6.202245795305366,-8.279871719981809,-7.081938777099069,-7.250575195309416,8.328466179495827,6.119602794166269,1.643418201252917,1.733106092905727,1.395337670604000,-1.998965433169580,-2.745672186711472,1.086071275407184,1.298068658821169,2.651967805436088,-0.170084577359921,7.284943537626294,7.375456259129709,-9.393382381514336,-9.592966097988274,-7.099226284895592,-0.518568572844414,5.158397812134156,5.567060792631715,3.419847925174853,-4.114686818950251,4.071373758728692,-7.638711358498242,8.761175346707635,-7.302379794431355,1.763873221034393,3.987575269479802,-2.215181756070810,-7.883046747068931,9.176121883561940,3.980839144144587,-3.414546229253066,-8.372333908129541,-9.300396413255385,-3.459380937145731,-7.312153979664431,8.473488784796302,-0.349822569081816,9.381767622141751,6.352619305975811,-7.731763925259978,-7.051656051586253,1.615272370815530,3.535175753214395,3.614144927716271,9.361231835945922,-4.917449327527428,-5.619294620930868,-1.782105577947750,-9.400655895916707,6.594487864219996,8.810215473140534,0.893660442870699,6.398505617209395,6.912394799834082,2.989566725814846,4.802989281087962,-8.905471660567789,9.091773064423844,-9.119498221216826,8.783133482000242,3.128414763710907,-5.831255846268961,-3.221637060226379,-9.765555049763710,2.416307901841709,-9.985011875889981,6.874412432460492,9.488062700531582,0.743445448934704,-0.197360680673269,7.593978618861005,4.927271983080670,-0.639803890477795,5.128846467043093,-1.639799020576163,8.578641868114115,-1.870772621610069,-5.305835106888564,4.851823942133910,-7.054358881623592,-6.120290336840175,0.475628534545740,0.091829891421110,-6.367585043223376,-5.437716012431462,3.345575252441416,7.836059922565319,2.096537743520397,3.990060580186805,-4.741447180506244,9.714527121632329
-7.922876502780545,9.748121686422259,9.526460970837199,7.017170967495453,-0.090732460900131,-3.759875938119775,-7.968240927161416,8.260363332110487,-3.277727367676261,9.696686340282589,-6.123191268904162,-9.055785732356199,8.685758395939040,8.095843763439969,-6.062856216391412,5.774159651841153,-7.012352533491580,-5.624924286998471,-0.947825049691538,-9.275220888688519,-7.977083663500101,-7.104822483790150,4.702510139404083,-5.716404100569619,8.833274719440240,-2.566637586912826,4.946291372682040,7.634613543035030,-0.303299813811908,-3.500461391666967,7.797107637024308,-5.736801069597135,-3.904089463652383,9.570193736228024,-6.718313336911268,5.898849013720346,4.410093096149945,-1.867588987265121,9.605043973429531,2.454540062171766,6.940339041692312,-1.020479057304890,9.767069151160662,-6.398163660179803,-2.823650379203812,8.060903071350992,7.572588682631352,9.523553101868821,-1.434098971962335,-8.364795712936273,7.798160494930745,-9.528992696023019,3.915980525187360,2.781719529644647,1.362886413319103,2.260477352512339,-9.877827251472656,4.350643798425862,1.362272931020357,-6.055460400574246,5.693943113616683,5.193337985206853,1.971201970933315,-1.249843316680927,5.671421864341596,-8.511973573666427,7.078203917190301,1.673629804011483,-2.687576539989312,-8.902970207502294,-0.309547919544158,1.754095544954733,-0.938973690911940,8.462351324700631,-7.306402332715844,-0.254931611258920,8.986820364184680,6.389716954906987,-7.155728406914424,3.125245345531987,7.685416855618133,-7.708635271455890,-9.509323389259613,4.478709830977168,-3.785304821592574,8.844713635289349,-5.046513724132002,6.457800630586902,-4.361346305484719,3.642652365468335,-3.013347338473769,-4.644929680717640,-2.502354796526925,5.577794180112971,-0.798442317420577,7.211183071505715,2.297550559218024,-7.585580303111701,-1.781664300527559,3.835559550544703
8.707182625344618,-3.249107697961162,9.087544892848712,5.446194101441664,-5.818361227204798,6.888227228234886,-9.312309693173679,0.717596093461491,0.282517392497780,3.904660208371544,-3.612805122519312,-9.854988959107807,-9.889235949916468,-3.468781161855608,-9.169824872237202,5.159005144812522,-9.672907544637056,-4.373750883850594,-7.878366871659431,-3.012403464830498,0.367633767214954,9.618273139573731,4.178362164353986,7.867967154103177,7.543622264701547,5.208352868904978,-9.919155944503398,7.303379976144132,-8.196494406721648,-0.125641125448276,6.789851016323553,2.641381296929852,-9.061655773507837,2.888758102744617,-8.228946909271230,-8.880132984121929,3.079581510766314,0.790170068860183,-7.965999652587337,-8.807465904505774,1.740085907453942,-3.728853194800399,-3.344286697700078,-5.670415911630789,-1.740176529038699,-7.381841220934742,-0.350867463165780,0.473516385170127,-1.264046371978241,5.425389593674820,-0.418707144890025,3.236398751197260,-4.038709493608654,-7.392702725409801,7.779706963008728,7.371324523025589,5.785900723566202,-4.100023807242112,-9.806344002896063,-5.398952868689292,-2.966381526629625,-7.434634301597627,-4.666150462604746,-8.516341711264868,1.821636041398619,2.378296776848195,-3.148904201343912,-9.089150777896471,8.766726156393673,2.371518901108441,8.494496201025402,6.645650831756441,4.517913481457303,1.340384872233315,-7.777421343438036,7.311283047822950,1.185036882985477,8.903561955577310,3.559132232256623,-4.077855967471981,-6.581320189542133,4.932854673187441,2.501718877772763,8.563343382930746,0.532191094264391,6.626135086927277,-2.796778823074140,9.669700241956004,-5.806882312355484,-9.793562809383729,1.159190146896908,1.637136179874346,7.270784877984653,-2.562924064100496,-1.598873075875570,-4.046718785798269,5.700304803316561,-0.357943471405544,8.642306244968360,-5.091439140892633
6.646161595248760,3.964049507148417,-8.370085603672164,-6.995821212641903,-1.338495969204313,-9.419184407204055,5.438615980110447,-1.741760184014327,-5.170933577191055,-3.877143710929349,-5.142505102214294,4.980946732722760,-6.224325112618800,-1.066600296636317,3.447166321998498,5.311774263725454,9.670691043494728,5.281435549304295,-6.810306954988288,-7.615520826416635,-2.029385210163182,7.273674803686173,7.862251602320679,-0.316756135362597,6.494124372387425,-6.422885804364833,-4.179973419027521,-1.736754182017213,3.272830284734621,1.038597940403998,-8.549125186935873,3.550601298265070,2.248013658224286,-0.742802020046156,6.303357606070605,4.549148119963579,8.659184038904503,-3.966936024045904,-3.593227683103340,8.379582345186286,2.778136055614233,-2.883739551470931,-1.689218431835240,-8.195555097669216,-2.645923723789110,3.852152743976243,3.460911297213071,0.428154894483548,-5.512765374942723,4.957972861399412,-3.623839071568375,8.666560469472010,-3.860510729500250,8.357898572093454,-5.633268332616042,5.494218998033872,-1.565384100839797,-3.861750539739049,-7.413503286871426,-4.641854735716199,0.290647694691195,-0.685309526524691,1.198343925594473,2.737162104709975,6.271721639108932,3.864855558606028,-7.884562929183653,-7.005096013665257,3.951975728414466,7.560112088486679,7.153473820769307,8.017586733026249,-7.419167717315491,-8.672935497255486,0.559631709654546,8.847291689149912,-9.373615340391908,-1.029157504762090,5.711117801526663,2.008338521308943,4.838479794432955,-3.731451426608658,-2.781381727525536,7.906320593787232,-8.704714916363944,1.354632906682598,7.413215219807242,8.403860579812839,-4.616731240818437,5.093909297065762,0.237854035257747,0.519109171593893,5.084919974397856,-6.899949091223181,-7.525544549806218,5.547337862682344,-5.211247987870051,-9.785281787859770,-9.647487183992101,1.663377887837141
-0.116529787505332,-5.754138714890682,-4.068687760900797,3.481081077672084,-1.432489924545690,-9.813647834152157,-1.402210418991112,1.851794083169382,-6.044510943520987,9.814884037944459,-5.889972467778430,1.630754504700993,1.887412921262344,1.283910900449353,-7.821770749160290,-3.983321832137385,-4.635473912271884,-3.150336008065137,-9.677647778962301,0.206401811878523,4.354518082803335,0.789307190520089,9.518048059882616,8.492579892696320,-0.098197704014154,-4.050759414111013,1.966834944504409,1.517902497808002,5.948214750284544,8.335188630182831,-4.294118099733256,9.498182642950795,0.363496805818997,0.969862256212409,-4.461494052332591,1.297499646575208,6.348964821994738,7.505997055316861,-0.843541732397400,-7.664031710735493,3.741206081195244,0.372742866908535,3.998119809470289,7.519410986494254,7.154823747423372,-4.144168967253181,-7.943860469632682,-0.143494214674092,9.038087644298010,0.006552572476812,6.254938552588566,4.042048381905463,0.940694378648990,6.168856329436906,-5.958996525221134,-5.566714072185633,9.693449567333264,3.142383897255725,1.486287565923989,4.432525507314049,-8.849766697187842,2.514127860461786,-9.709734216678010,6.182797927711338,0.468611465170774,-2.346124582475372,9.522726303842820,8.914640859734227,6.445406795612364,8.111923245970740,5.170503259880661,-3.716946388585800,-7.489215176047768,0.192851685630712,-0.492244422152915,-3.047343924858890,-2.602640712666060,4.086157295666659,-9.195396450961193,2.015576086529673,1.054393967353542,6.150563489387288,9.719971915159341,6.714923927417903,-0.257108280785499,9.598099904017317,0.294037586991212,-4.731942103263346,-0.701729519144834,0.458367422579213,9.134401222396452,4.624338602943858,8.976190239574478,-0.716596018745616,-8.536948661211332,8.812851633668906,-2.186304622244075,1.602988241799615,7.691916428451247,0.441592386985825
3.948928454158915,-6.518749375724678,1.664361179553040,-4.394656738571681,-5.559979227975389,4.020579572312792,1.809568983585887,7.097450594534369,5.420165643936185,-9.932791369866576,5.457076944346131,-8.530748349744240,-0.530200563872308,-8.857503326526796,-1.965736123335454,-2.943517161299358,-9.324788477860505,2.065395497018738,0.272424408850707,9.249243467402025,-5.655336645209264,8.668822869593406,2.112079203682898,1.765035669491233,-3.008103383459709,-2.907672436358939,-1.952225603326543,2.209923118149186,-4.472485172808667,4.024649499563393,1.244940909171637,0.447972995982180,8.261483832805531,-6.826092852583461,-8.860177897527162,5.560477302068389,5.070219638240697,5.911880608304452,0.584222681181386,-9.626829146942660,3.175831700914120,-7.820057587508035,1.996342544050933,3.586701594235999,-2.736143970473950,-9.614520229870427,8.484801724594782,5.407591250245616,-2.504727181400906,6.821413770476997,-9.818071465348389,7.061476436291088,8.576002834440928,-1.731928755455790,-8.817065751213693,9.627908675743583,3.494009436785898,-2.772989725547676,-6.635277705304949,6.772633104031680,1.337946717261886,0.693559350453333,-2.215486702501495,-8.399769965413384,6.354229629413656,-1.474889745400702,1.119958242867105,1.171511692144598,-4.784210420165962,-0.809718408078446,0.213268318729128,-3.436123091841575,-5.107136348238903,3.941143288456912,-6.129905241923559,1.410938936786248,8.131948230923271,-9.993262432429944,-5.875289253120835,9.337414448460994,6.914827649019230,2.181473842086598,5.906545020991276,0.033129771625804,6.778869550642487,1.558391048327962,-7.443204611878002,-2.185408543448137,-9.222281754029783,3.876829349397418,1.817568424166140,1.781905691062676,8.212799633863568,3.888601277067988,3.299849056014160,-8.005119320847601,1.910691481562933,6.486065742079347,9.938663266642425,3.625978999869648
9.294225646609600,8.368482625565406,3.090774951921954,9.416670578722830,1.608070940383229,-1.464167424280248,-2.781691739985090,-2.556012329825876,-1.794783319207445,-8.507337881836039,-8.903548047323133,-3.564930152296286,3.074694844785714,6.644532836839417,-5.587505458310645,-7.933178146587235,-9.228609235796746,0.275175454794050,-3.266141210526534,0.486114856297313,-9.349583836709119,-7.089616396599525,-3.212206763394705,-6.036625067347387,8.950613778812688,-8.467472566174974,9.144091641586844,7.867419811421776,2.092750313674500,-5.540278600711785,-3.060252883689336,7.647253516003541,5.131835362569673,6.687124202905494,-6.944645142635815,6.722472074481914,-2.479892729154701,-4.000775626734640,-4.809119619986529,-6.757154751907255,-1.363802005558174,-9.249428199379615,5.824051722533268,-8.095989825973994,7.842543815544744,1.380016573582486,3.775901432062781,-4.751223652389676,-3.369118557568638,-6.427736845224354,-6.025912253950878,9.016155796951864,1.157689977937839,-2.858022929709138,1.472147464163108,1.370363945464717,6.245962018734584,-9.939178517464233,4.215081064468349,4.297930372875303,9.429173011559485,7.906312978386968,-8.964745400946692,7.952862695979452,9.818649217889369,-5.629045089132767,1.092792544626697,-4.399801095124472,-8.312179144078621,-4.621840079106998,-3.637269574710325,0.215249737264848,-9.985006309560271,-9.458959904192540,0.750578024633818,0.796410176007257,3.789774294905843,-1.936902293029361,3.288813223054269,-7.814070011243361,-4.290287961162380,0.348070729271379,8.016391805679504,8.346235423228769,8.219011072857167,-3.384231299955324,-5.458193870868923,-6.621069655059484,9.518864764842309,-3.290777917009211,6.522235002439547,2.843297951065830,7.274862370833137,-1.329756250960649,-6.589631598463750,-5.741889911530269,1.472730442626906,8.140755875583420,6.417918871799916,-9.372618652455758
-2.034270540158758,0.065661123604166,7.149399301515643,8.600202286477817,6.231259988368393,1.376475186156597,0.770446218121867,9.571873668611453,-9.866577875036553,-2.284021123110325,-4.311133890252448,-4.651475676938714,0.282383702982536,6.061443251477861,-8.160666735979717,-8.235858105824168,1.236827666667512,2.121255332545166,6.186309127566766,-2.745167318947795,-3.764047516444188,7.867129896967754,-0.522770141163969,1.025321861667594,7.267174221707045,8.339722045162638,-4.597300611154827,-7.416074066798581,-7.307437971279906,-7.550793000386131,-4.230587873936660,-3.573412357397365,-9.686333767422017,6.306810632211885,-8.739995702516390,-3.013709284923520,-6.042191537995036,-3.828394070855596,-9.220951918709382,2.493631119561154,-9.515876106511207,7.361253223360581,-6.857349655474980,0.724577292169927,4.565515935284568,0.789237506880287,3.787809787466990,7.647355275318116,-8.671048498926170,-2.499775357735730,-2.787303846210200,5.727380063540963,-1.126372103495543,-9.838757406134608,0.864808826446630,-9.299155396504320,4.951271092118908,-8.524593124261376,-5.028297556347752,9.816679658750648,-0.481384680770226,-0.467957215227745,9.959823358286926,-0.982072402392379,2.881332459845353,6.849522520817292,7.121859813919666,4.061690579894872,-8.211493432624264,-4.096035400942606,4.155056995983408,-2.622414909039239,-9.657460887903092,-6.873915273790576,9.582523389310744,7.937963851736868,-6.662670020086860,0.321719411252561,-9.226227255253935,-5.506233561701926,5.181042272380791,-1.916781225784066,-0.678164418552424,8.300576420838247,4.701518814272278,1.381827538640310,-6.694324389750365,7.881081749041449,2.375119896759861,4.451990333826661,-3.187103811642378,1.205675033597927,3.189810250792206,-4.080760606498714,-0.857528471484093,-8.594203841439205,0.497918071956882,3.061231218219135,7.830965789137434,4.588653611729667
-2.143078347142458,-2.978129774726639,-8.674691691497596,-3.865091318378305,-9.719533497396547,-7.922161658622430,-0.497475683288997,4.426431133584625,-7.667931645496640,-4.099243780881528,9.861128783644443,9.044822174610630,-6.387720962188974,2.034187093385555,-4.460870709159011,3.770004690353355,-8.112654776906185,-9.020679713766901,5.317170855069053,-1.468901945997885,2.745906085589789,-5.143007673117753,4.638031218743777,-9.913739055702269,-4.927994281614446,0.628676415923049,3.363683993145658,-8.473687792660098,-4.919458850678828,0.541236063607116,-3.672411162402963,1.854154668171608,3.700151088056938,8.295122448222230,-0.124137776695342,-9.265443938853659,-1.793905377606610,7.445580113578988,7.493317974617991,9.235468663912926,7.469660138979879,-9.578609947854002,5.432527086749639,-4.764982299088119,1.870632736538571,8.601611654031608,-5.275740587035145,-0.427185258424171,-3.231869732299090,5.797769675544826,-7.158549944927528,-2.198941803782414,-6.280788930603595,-4.319456889921616,-7.542689154977253,4.738002291669412,1.793017817055560,-7.378636537176872,-6.001736899190195,-0.231540116883579,1.600582673594868,-3.053879618449806,3.404566128482944,-1.880105121396005,9.590048981421550,-8.490759614715992,1.690629642224987,-3.581252074749397,5.522857367926498,7.660838050383834,8.310102540982886,-3.112976272983214,8.079874076031508,-1.700047286780995,-0.378881083530430,-6.890432303615681,-1.364293969249999,5.906009234256533,-5.491528087535873,2.370938235217306,-5.195061189284676,4.964855234311237,7.568078387661078,-3.240737084466359,4.874320528274874,8.112260923022486,0.266452310769729,-2.154185070996604,8.991394020980326,-7.354926652574354,-1.537801494528594,7.903842934210502,-8.479125402356708,-4.465555675628956,-1.901562725254850,-8.471772127438598,-9.602290549823591,-9.414212347396552,3.802991757415308,-4.030564964548999
-6.257734573360276,-4.844382891960328,2.735756066444392,-3.730641620295671,4.989514835654120,-3.777530566592922,1.442329593810994,-7.792986398422106,-4.398399137410287,5.870728056722825,6.096506592892997,-2.916426194471528,5.976314507853502,-8.373153299568441,5.126525748462834,8.164014827624349,7.292272334753161,2.862314942165883,3.385100645134873,-7.145275626906251,-7.615292894329477,5.237562211339545,1.376429606152010,3.862412526545068,-4.808272357795149,-9.403994250648832,-6.239001113589266,7.000017396241681,-7.866804243449801,-3.702211234842294,-4.218543443067109,8.346224021963742,-6.184431746063071,2.544183110026403,6.034850728821848,4.872080250629367,0.006172741189783,-6.499562207134433,-9.687907020807474,7.438735128647707,3.456484733959901,1.862102995731899,-8.023229800386854,1.600119841722947,9.313498634790943,2.901791138637632,8.914901862104358,-4.921012071394715,-8.838758920943214,9.273540411127236,7.692719457264303,-4.540431649938997,4.968111337538561,9.568226344272247,9.637325759518632,7.918949111785963,-1.482801073115292,-0.149812858100777,-0.204998158003686,3.065531713805445,-8.052952401567655,8.097632914010060,-0.673068232951913,1.473322066276834,-5.402025979164589,1.277797897429293,-5.793540339986889,8.017167416666457,1.424243374019893,7.733870796491196,-3.025200141902850,-6.946847041719424,-8.091240180384832,-4.448005890976157,-1.832954753572798,-6.682565116250703,4.477334133135768,9.592769744538664,7.722588792811159,7.861892450224644,7.692136547359496,-3.519145752061825,-0.836050524598345,9.332614786388230,-4.522398765281139,-6.927035257480078,-7.825397558314753,-4.124184656284900,2.490066365052057,-1.455603121064858,7.481424891026414,-4.590600390149673,5.396189339771027,-3.894277764344752,1.816441460573694,-9.640444476683715,-9.881220451047250,6.083428149493148,-3.716695352192265,6.269813784193918
-6.498501635498455,-0.477613057956868,-2.060597135945750,6.066902241642460,-2.534736223017000,-3.398556357870830,8.257144443551773,-8.168680262680883,1.966350973642331,-6.774915499917682,1.106541268860672,-2.099993846601018,7.165014229376904,0.167678861433568,-8.949107574332169,1.424332519098355,1.441956248988625,7.178573635627636,-6.528452276081929,-8.419324666607723,8.525996349022719,-2.389043537522239,-1.104903705459044,8.266792235883131,-7.593910486223461,-0.223235810168580,2.355573890476908,-5.108531741228739,1.221335334898534,5.443397640170605,-2.652292203307618,0.023627143361665,-9.091504338332397,1.680028666067946,-2.791277537168606,-3.078349757844238,1.619632340302370,-5.642261497609331,0.130029121130818,-1.072653004026403,5.466154067121314,7.114384748531343,6.063332594422953,7.195281497040622,6.823569304323204,5.435158845403979,-1.185152695649785,8.634283583088006,3.285386375717554,-7.558840828546369,6.885723684985571,4.489538678176451,-6.741830252717609,-1.382552676424913,5.328730497595238,6.348650925908860,-3.472071292656866,5.732766615938479,-1.067276199869555,5.826410488268575,6.751194283874518,7.270563058767255,3.196070876052410,8.561264580187139,-2.288499750383148,-9.831115556899006,0.740811483785793,9.229872582763207,-0.915959491120015,-9.488045741800207,6.619362678997540,-7.095160864838117,0.039319520300747,2.979684025844733,-2.579723154240754,-7.658909603716511,0.157311742719550,-0.698333075499596,5.662871996201652,-6.636945989392933,0.593733339978780,0.737444747540961,1.892509540507215,-0.224161880942580,1.898502599743185,-7.049914226866734,1.598437609396640,-3.450611027561692,-9.615670849614633,6.296541833036592,0.172543423028081,-5.571729159248441,9.346792898952465,4.067049334261723,4.656252525416921,3.040956112872792,1.555529243078153,9.351358858455271,-6.944284906378377,-7.570448437737602
4.593150369047647,9.360718795106774,6.230154700465910,6.617137218500201,4.930905016823104,-1.257059788798145,0.461578570711179,-6.458375068807161,-1.703894147698218,-6.786091573229740,-8.967642998911444,2.783223579108476,-0.524356272359670,6.006683579191552,9.590169187868273,-4.888120525530799,-3.150455205193019,-5.699105741223958,-5.685469108390199,-2.021108189078453,6.106194168153145,8.033060323399205,2.952986590989589,6.293760718697484,-2.095846086960805,-9.007519682892568,6.134613017362479,5.826755671823152,3.464882834188160,1.216164593968976,-3.895326877009442,2.222755568844430,-4.416873972426647,0.417945722161360,-6.111377609187021,-6.438232865234797,4.140346344832700,-6.682954880388044,9.253217304513605,-6.613323068726922,6.452665388581273,-3.272670505806143,-0.998907188121558,4.010837726388557,0.882583408702651,-4.064551340067018,3.329200138951013,-2.033496698659027,-1.959197238554484,-7.460700600855137,-6.872711250561377,9.591993603105870,-5.882621680045164,3.484621312980313,-0.217317681836033,4.585720262283179,1.151043989793415,-9.247418882506238,3.143699268656718,3.845047754087968,-9.425360042909482,4.526487554778349,-9.715174076959281,6.882494950677568,-0.466185600994125,9.407692297854826,-7.809147184124441,3.642486647959917,2.317114613260365,-1.828443129163251,-7.289961453488112,-7.508423765867612,-9.192300622446602,0.622256297194969,-3.325627884786346,4.658477839028713,0.936202531121600,-3.187189786001023,-1.599399636085623,8.757333136826169,1.662349724968980,8.925759419606226,-1.117997045458557,0.289082954137287,9.299243307873613,3.948263797381999,-1.531456277166095,-3.556613800094310,-9.697737788823655,-4.799956476538769,-5.996900379122172,-5.844817422060878,-5.826858289261581,-7.473433761083397,-7.265806013620097,-7.707158045709437,7.398183130807819,-4.449168140075221,7.544073512168652,-2.233761674628822
-7.751981242963398,-9.762528463909090,-4.769228911263388,6.832041153989469,-2.032113177628744,3.768254417681101,-3.582740313562020,-7.654388720875134,-4.903837207130673,-5.076680489692016,-8.720521777378785,3.796524802264415,-4.248874148229282,1.790616478990451,-3.493206451785491,1.175027334350553,-3.126215582212852,8.803197617371907,1.530796818181681,4.524775605019457,-4.378875381526084,-9.405387303122552,-4.337052890245405,-7.672656964209146,9.246011505054128,-7.218460429943390,9.275914613663119,-8.182478106091901,-6.302431484743256,-5.251179964696034,2.465763775082998,4.411084680511028,-1.982572184240595,0.846535494701207,4.494680435386858,1.644929870047157,7.763050821222187,3.579894010745177,4.350738282811793,4.705326689564215,3.279593001476382,8.959744328665987,4.089655729490957,5.629368755407549,-6.742516878229763,0.046446863576882,-9.635830045768932,-7.910915657368993,4.624185719104844,4.490589102627885,-2.228758672237872,-5.497516303633110,-4.141695158066767,-3.666290043252740,-4.574389611441207,7.198252382040835,-6.428954271724234,1.557063088440909,8.930578514939384,-2.124748251163768,6.261853813009829,0.795102902589985,9.572599981874390,4.861523517668262,8.191021245528727,5.608702073768747,-1.672091351661686,-8.926766761670432,-6.417605982287871,-5.583007154343054,-3.927438389545117,-4.699059708118498,0.443116739815395,8.416912183268291,6.398407546180643,4.314158523116969,-1.622914949315877,-6.872899871554241,4.557523423260648,4.656688070772024,-7.461800740254027,-5.672226108721514,-4.119495999028460,-3.924081267049601,3.048540650706952,-4.983323546221168,1.888364511218889,7.555616561244726,3.341712188145191,-6.895624678042931,8.395214228870053,5.514303486754315,-2.085977513641049,-5.499113214548133,-5.926577241424993,-3.425110954638826,2.783663469698867,-2.071405008089526,6.741564314925835,-0.764702761014194
-6.019159506487535,5.930668731519011,-6.167539613124370,2.572592825744630,1.565467248584181,-9.341746247659319,-6.301959789920241,0.402768419187042,-9.511445968354176,7.375353757109917,6.740494846202584,-1.169989072066286,-4.697060392818713,-6.020131084421260,8.095950929309787,3.149922195304145,-9.628826653219569,8.754161814102563,3.404314924097312,-1.063918853000004,1.365134284893536,8.667705099041910,1.411028741338335,-9.993490806024933,9.895132030600205,2.616437429900413,5.676756006334131,-0.378312123958924,1.362504509854926,-3.231065136788387,-3.679375260269008,2.476767102210374,-5.673556538032065,5.069206158841013,1.012745095916658,-0.576347652256192,-6.432025149516052,-3.198285947779727,-5.682968580377141,-8.166615498552252,-8.380361713061513,-3.725080900219853,-7.617962800034094,-9.279799074814143,-2.395959830804575,4.843675901232064,7.686807834874749,8.755877575945018,-3.782230410395631,4.702804491441556,-5.018835608702112,9.374329165118350,3.388585432905526,7.528200962866734,-6.270118531571935,4.317965801584053,-8.513245268211245,-7.140064283093923,-7.689171434149699,-1.921111426084408,0.822691246585446,-6.235869978292379,5.050664791625110,-4.758391951321077,4.066001770753768,-3.657264452250986,6.157945549020223,7.590564325059781,7.347485717232257,8.819606677844547,0.934220672854838,-3.351789996364801,-9.444916439795472,3.927805936270737,8.159137583185117,7.925100647658400,4.093543484122330,1.627333453433359,-3.016800423278001,-0.109476951502918,-7.553275421685677,-5.427199378382737,0.603479100485906,8.742225265850877,-9.901054510335054,3.642588057487162,-5.021591837569767,-5.434383314191860,6.799855870216117,-7.773901760942676,-1.852890409130746,-0.800841891334155,8.331502467548038,-9.587513127569064,8.387944565687583,0.676269343406975,8.793980086652475,-5.828998632944995,1.817351686476345,-7.897761991874455
-8.175070442536034,-6.025074276734141,-5.982635540116952,0.952223825145271,4.220993409980538,-1.340036834123616,-2.427758058181273,-4.506782200831014,-2.964046891482425,7.040462898243451,8.727795736004339,1.958914657956976,8.104521423031066,-0.026274774586524,8.266066929454709,7.106126088931589,9.763404388130926,4.024653698188104,-6.176981792545919,1.692361804271261,-0.195987021963449,-2.027586999886655,8.714077485470376,6.736961856887390,-6.660253921822656,4.531264668080832,6.436732556108268,-4.495616445339090,4.987069697100509,-3.532008208792721,-4.624805745722311,-1.225051493555132,-2.081203427023990,5.525929931511484,7.904428643942015,-3.780603231613537,4.486213423164640,-1.595792154703787,3.764423512379476,5.673819318201737,-9.664610449177092,-1.748599883187056,-6.645412629240399,6.293500451388855,7.257718751250263,-7.304122582446714,-1.914572205159859,1.754153699891258,7.426077748787311,4.388728234276122,-3.695612627552274,-2.926528677353797,1.183954823108319,8.104801678865478,1.248754769872777,2.526594217999179,-5.459522391668639,1.554810311970638,-4.803114557926600,-9.833149774132846,4.231284265640946,7.749611143314251,8.805440978733703,-4.905585895068841,2.234772455361842,-1.916486301553441,8.600589215967176,-2.833384017679455,6.618627235726962,7.470382871691687,-2.959444330102152,1.388736499242123,-5.047284306274308,-5.645687569337083,-5.311139993920337,-7.574110179942686,-0.875559068085657,-3.857268869789159,6.533442162545064,1.748610416415426,-8.928619685009846,-5.925971312637337,-1.064063288900783,-3.037667416549952,-7.303072888474460,-6.823333551808883,7.053128547520263,8.786611023421699,-2.929578602375407,4.415395320016632,-6.799864207544523,-2.499575088498944,7.422194142434044,4.000163093228291,-7.479012675286465,3.055490327308556,9.686175801577544,-2.739788994303034,8.851744884856313,2.781689256908475
1.189403386858636,-8.468660291480939,-0.743629034488588,9.797697946864638,-4.878900054274857,0.211598969108950,-4.656278924530907,-2.562279443379706,3.741159900464741,-6.163976941698596,7.143924012110467,0.233949158820401,-6.839159226955022,7.512114433259423,-4.281979059547396,8.003692227714474,-5.879474039172101,0.968969354064965,9.208358629959918,7.914982680352558,5.343422193843816,1.714558598563411,2.891317370814555,7.641900449847547,5.899427441549570,-3.616323715037506,5.989093832235735,3.770293191357606,9.492489601962387,5.800569442433737,8.378291951681550,-2.362364959209151,-4.081654317267143,-5.314263515655608,-6.099954492704431,-8.910765129707958,-2.188916378650387,4.076361500398766,6.619411480602356,2.862932504337937,-2.696926335103818,0.781582340530278,-7.527887299744842,2.539112287889036,-6.702021727014769,-1.200583318938051,-6.142856407998645,-1.639414066646587,3.727457151223508,-5.775527706283614,0.898826528725927,3.084369176091538,0.755290229289827,-3.972672173823096,9.467926495820670,-7.124509676565385,-1.834297598442642,4.413116330371061,-9.728005627028899,-6.237670602977463,-8.055062354870925,-2.232634349830533,-9.598481936817382,-3.475611677911862,3.414857355405514,5.963344569154845,-4.184836612998395,-2.912632079877080,9.144202257881393,-8.806839089333886,3.319515905922046,1.898380909980805,7.013696873368801,-9.964771787983590,-7.099979829863701,-7.758997973153178,-7.957221896369242,-7.361404297574801,-7.979716483358692,-4.906355287929449,-9.450874611144261,-9.475371530136394,-0.377002638380501,6.120197371671214,-4.383886701748425,-4.886460707185567,4.966323786503144,-4.824130396018580,-8.947065589546332,-4.342415400756101,-4.083480459327378,6.801241796330167,-6.233073076684128,-0.865571983912726,-6.889467805604978,-5.515556104092926,-4.124731123837582,-3.837030848615084,-0.955618322329904,-7.504453412441485
-2.556719281400173,-5.973360414473746,2.774008992378684,-7.758888597164191,-5.083616846478693,5.080544447541136,-2.674858868758299,5.520118442704193,5.297480615059129,6.097981692342323,5.938856714257277,0.933610681676591,-9.369744776415853,4.014156717748891,-2.018621827986893,-0.972909498308752,5.502048641179272,-4.534933107876070,7.664992523680166,-0.497498180922308,-1.449741608755183,1.130545238289129,-3.834622438752875,-2.018249578279954,9.296036637379604,7.041536493601782,1.056189939761216,4.472754213797831,-1.061119581391775,-1.874448136781568,6.702131968160533,-2.202455896830953,-8.891824051010262,-1.684024124023837,-5.780775242968403,-5.795672974979382,0.187580886930274,-3.068427040844657,7.467853857190285,-3.488897068874204,-1.783057724482621,9.682731175720029,1.684172600874474,-4.766114485768700,-8.065142670002416,4.089712653150983,-9.435234709917442,4.909271461897738,-3.094965404309624,-3.584424787633012,9.656576280715903,5.392838068496799,6.754908520128492,-4.004167252636098,4.021890204831420,-7.550696212230161,9.316691862389323,6.729344089351493,-9.197244103379239,-0.222772815624918,6.670465651335192,0.916787922056654,-4.770375639090023,-4.817274127528817,-5.982761003653183,-5.004296045554566,3.736265781049974,6.653035536709645,6.024314494361057,-5.811219524827034,-5.742775495862229,-3.929427813728248,0.737365850436326,4.370632535313492,3.522574009158802,-3.374179624310079,-8.426076116807836,2.762390668133449,-2.189931579207229,-0.229552340687762,5.668721914279457,9.443822645321813,-4.001326236032662,-7.407924822904493,-9.044684836675557,9.324176957754901,0.133252408285450,5.008863018217703,7.691781620134730,-9.544494124410425,5.403528776377209,-9.720927985523947,-4.982777501253873,-4.969299850544608,6.686357893201659,3.185751318538268,-2.162486861993074,4.174544234240622,3.358409225435643,2.918599116427764
-5.002129712959023,6.618353301719335,-4.810257935498430,-3.551988605572367,8.459215471312206,-5.964745549743338,-3.205570907955240,5.679660462109767,-3.774524824468825,1.332664441207251,-9.410129973003244,9.812822201567855,2.623240335139151,0.666643848280689,-6.062318295032565,-0.400883578940608,4.063862230734511,1.639383935111256,9.070795183961490,5.602063240608917,1.191035533241314,-7.527793672888700,-4.817177595098860,9.048797447244770,4.527118194361400,-9.189914772075035,-0.406447474715275,7.267565171133093,2.068904943579158,-1.706719827537182,8.250743171088743,2.324547716010334,3.850517045048106,2.292964079338118,-2.386712288670498,-0.701715778741672,8.301141834817237,-2.315179583783651,-5.124187601738472,0.689890782850007,-1.026524065198364,0.515232636324725,5.403198561407008,-9.424798389094191,-6.494216058427329,2.232958321263837,6.601965739263630,4.904262936873243,-4.375939615813893,-4.162280022489870,-2.555529009164792,-6.389088951950777,-3.340265863600536,-2.100065242774489,5.914618066323952,-3.188406152299954,-7.822609839394204,-4.018690357492487,2.120026645189528,9.232874827234756,8.085746646353115,-7.508067046492444,-8.167075704869493,-0.991057669673925,8.598677760014745,-1.692383747489234,-5.941083903910975,4.016426953407368,7.890487079943533,-2.349090394996132,-4.060608271276025,-6.084350802990812,-0.861808344615687,-6.881305304757439,-6.351244902374280,-7.583792109309087,-7.183835225368682,-2.881222298670325,-5.315945055233968,-0.697258864899462,9.325319219324342,4.179174401732750,9.011165036026249,-7.238108685760551,-9.553602353690389,9.118236739229719,-7.913571740680512,-0.423607803828592,-6.608959979955560,-8.307183317126931,-6.521318954922190,1.378296018730698,-5.183270549788544,6.073857571188171,2.871560101613069,-6.270389084554764,8.148601100174066,-7.685658263653461,-5.062706852380996,-4.904334280809966
-7.635581119787025,4.712289622890022,3.269087279296309,4.454543934677000,7.936466434875186,-1.955898466953093,-7.461837568660002,7.053859733010015,-7.845993279352945,-5.287673262210184,-4.320028792911987,0.728559215604571,-6.155716498548380,6.085805616815655,-4.373578271223282,2.505505483321924,-2.851636067640486,-6.374407653230236,4.605139826074772,6.569623809854683,-5.558087976742330,-3.678429986246554,1.478424918974168,-3.523762399456734,2.130869658247516,8.027957417189057,7.429444567101619,-4.203605510957422,7.948442319452624,5.609473533493512,-3.942198810466417,0.180702543994990,2.415331250948450,2.837257185804136,7.837702629905962,-1.931926262172230,3.226250733553522,7.296578837857520,8.670665539342039,4.575446451525739,5.784082834396981,-3.220540788002419,0.214209551033340,5.024281412318656,-5.064182008911859,-2.927293226464370,-0.399548567019615,-3.769390940942881,5.044213192014109,-4.036877428294535,9.586274379748374,-2.154773691652210,0.021059219168652,-9.660264923288938,-5.579541334676216,-6.833411237809059,3.091203383975378,-7.818869563882823,-0.197228724112959,-9.171378422438575,1.425736934411734,6.786324321197313,-8.930625329771157,-7.732784979265269,2.307537528330965,-0.056797131830347,-3.578869967502896,-5.502063147146661,-3.569977074611268,9.280907267369788,-4.835932811606225,4.242083463586217,6.342253240039931,5.924774996779568,5.380278800114882,-5.594729179957596,8.363563077174497,4.731548055355075,4.608037142733586,1.130850884771217,-3.270505430346445,5.323062502232149,2.207095411760676,4.073431236450659,-4.063778499954531,-4.888877373012701,-6.615186864646365,7.023783656901276,-9.213272839256977,-5.954573154182841,-7.809095373820723,2.890293142864707,-1.117750824993013,5.681786492773158,-0.276998925477223,-3.050435529913626,-9.693862822879471,-4.087733053252087,-3.311615417871865,-9.837155823994582
-1.379876717091822,0.478228654826665,-6.715804210584189,-3.645561720368153,-9.459179703851762,0.785197673309490,8.216741925373384,6.731875271191793,1.356550407510291,-1.411874915311015,-0.300847260361108,-7.711668184041218,-7.233479315284090,9.433348397210999,6.395959726757649,4.754137440101312,-2.971659678986709,2.131464055483985,7.625697796429542,-7.428782270081244,-2.938536321541361,-0.359540453270583,8.067038756289797,-3.369084863356068,-5.127583034493359,5.814593877840315,-5.883959672709363,9.203041293684663,-7.356544419163626,-2.974090072492248,5.118596031138825,-9.531503471129788,-1.216392517155514,-0.126674912081299,8.823277974758177,7.052816714200389,8.429590043288506,2.527536315884856,4.030868828592943,-2.168907903779102,6.157330647282485,-7.024925764646904,3.972930548363269,-3.046997241255884,-1.752602791977971,2.139283691574509,-2.938561838929972,5.584664346725692,-9.646910913671736,-6.326230473630252,1.014039485112235,5.381552895325113,-3.170038482075938,-8.587071849621605,8.213095587482368,-6.114227197739082,-4.062028113118674,4.093831013162673,-2.728349814784754,-3.303659055142449,8.681168634209808,-7.224810098278094,3.426235551207654,-7.752266577813113,-9.206574087250676,1.870843091514544,-0.531958736223901,9.609074040214530,-3.720225319415079,-2.472878115641231,2.708954347581972,-2.349454281447225,9.926189378878814,7.759500055216197,-7.940355920230157,8.434799327808328,6.117386733399698,-1.690109632741450,6.815348274904213,-8.509012441248931,8.958021598641384,-5.101423722998122,7.274915128004011,2.456074142106285,1.186897542946937,-3.913933019203091,2.045953708493913,-8.699269877169208,4.846657188951420,-6.774098181189276,-3.573240697974020,4.821827658716948,9.187400906390614,6.075577320403738,-8.926694764121914,3.945048943338174,1.945685126539701,-1.971786927177268,5.080063319737977,-7.832272408743728
-1.527995177088906,-2.835368990761005,-6.142274634115854,-9.998002675622775,-7.022688520153415,4.722014478377618,4.713864720596867,1.610313112473616,9.279880983786782,-4.460695151726330,-1.770161232253839,3.836683930926338,-0.445622281253943,-5.073753516648038,-2.519525239960689,-0.916153949639668,-3.130204517525379,0.189665486012395,-8.710737232185908,-2.301881566147063,4.100254198392467,4.556503356260116,8.047152808533582,-0.666643651339019,6.094160810658195,3.893269520000832,2.908408737316517,3.466497960332831,9.360541561954800,-1.143069286859419,0.843321957274464,0.832872905057451,-5.379870441287364,9.299302336682260,-1.974384565004021,6.499076499912615,3.686323217334664,5.978713986129588,5.449561963756892,-7.651275874308996,6.525965653107765,-7.656491906526566,-1.743916893449324,-1.365391546328912,0.618327262864868,8.912618956715605,-5.435932484684858,4.388066717659528,3.964600868214397,-0.441037148823868,-9.803624244309040,1.024663844246419,-6.673593347661666,-5.071744549790980,8.147658787598161,7.290877739960319,9.449856662384288,1.228358381068107,0.931254446941365,9.184454804103840,-9.501306376375602,-9.771886271071841,2.146418910032200,-9.883442644303317,4.105985403074863,6.230862869069473,-7.342677158233450,-1.794908773523291,4.148232629815475,-3.907218394751730,-5.117829125715218,-2.769674941666134,4.657672643081698,5.725627694832632,-9.427604501609242,-0.378604105184282,0.930631505931023,2.914397403482955,-6.658271060968454,8.952643521236560,6.375564660415062,7.629639987993112,-3.362217169500634,-2.496744269312474,-3.240727971115134,6.016432060269111,-2.206740443987771,-5.694728404417873,-1.149415123817599,0.230105429578924,-8.422673544432868,-1.029201578456298,5.251386235865452,-1.707278005263184,0.305254629402452,-1.904860883402620,0.831434906921727,8.296889352224255,6.158881357973797,3.971095754654424
-9.589815104746588,6.647177300043655,8.322207318626692,9.362126921471980,-7.994970854902328,1.000683895755932,7.657401626836030,-0.229604359930654,9.059833412553473,8.768925254530544,3.324885827255804,8.828253152016046,2.374058248590964,-9.992349428679486,2.561277975220658,-2.329806197803725,-9.553481878336530,-0.610043595675966,0.177382709117818,0.509059235490664,3.247627345136623,-6.655470056398918,-9.126573365572819,-7.989505191818944,3.177131663315633,5.712232711910875,-3.474555853711960,7.245783745657707,-3.054277221058697,1.996479896994277,-1.077647773347206,8.527835765482322,-0.048980752683914,0.077674558693346,8.105839397066116,-4.686339501124605,2.390700988841887,-2.519293117974202,-6.199283003727079,-6.646479909795293,-1.951214853847782,4.839516850294297,-2.575211017143482,5.452664626146035,-3.196787096106471,-1.132804947478803,-5.337085250549789,-4.166009076552884,-7.119347489689929,1.370121442759116,-2.537786100840371,-8.324262675384627,-5.726934544966038,-9.455030679759520,7.685110775836460,2.307398980283960,6.005072103519275,-9.207208440793204,-1.440660175325696,9.379186964756400,4.540114307982336,3.301391700333678,-1.377298520042398,6.745513321677159,-9.719613753930904,-6.870544711192519,2.511860655062598,5.678459320476213,-9.695721730597359,-5.264201825707959,-0.301361789928068,-4.109556100629021,7.725793996066596,-2.860825440023820,-8.270852912387909,-5.641330286998087,5.513010782907163,-4.980906980676696,-9.570869466182774,-7.537158979875827,-4.429617772440828,9.602885770754046,0.788608439268659,1.269268747724219,9.583488795024621,5.362688478828447,-9.955361057175619,-0.723369431953408,-8.076396508661777,-5.829317880067237,-5.871218464264560,7.175493363836857,3.470030738512012,1.510549678054712,4.171186065464900,1.702495083495482,-5.686327662006276,-0.610897381090428,8.790334685473251,-7.397160051319140
7.069878260375816,-1.120144507721392,-5.019849002990324,-0.892480053088702,-9.958764607452522,7.910664659459965,7.426373425735150,-8.010427373699276,-3.090018983699721,1.539638730816694,-8.622606772177640,-2.322602394086843,-9.961706299532938,8.131459757626224,1.428387223619827,-2.914908008893340,-0.874443059429559,1.619987860426086,1.383093472021617,7.838136657028095,-2.083465234976140,9.593083504065923,5.658999916588707,-0.409725175200821,9.223852545908628,-3.615569971447190,5.020342650603302,-8.467468259675643,-0.188785298642502,-5.993612504184746,3.857850077160716,0.331208902278362,-0.080175390239322,2.119107266932565,6.589581484826994,-6.011059957812113,-0.685948606666273,4.511939230196994,5.129612865040869,4.023105185174183,9.218174719529404,2.901874492667151,1.696911027165026,-9.962792997176589,-7.290075540591181,-8.387041006942901,-8.421702486844868,-7.000551790618514,-2.204483158389142,-1.168063410473479,6.218632966056767,-4.477730630089731,1.071502444209429,-1.366548569164266,0.791588049040534,0.310674553418869,-1.912727447427629,1.699399801118632,5.673168704776952,-4.185561731502467,-0.356040647274137,-9.374241350663565,-7.423341251170470,9.810441170781530,-2.251757591254179,8.415754118084852,1.525236082714574,8.699450233117389,1.841378383620080,1.538489251412045,-7.756864585969647,6.272643488800796,-6.343122167520456,7.883243503788542,-5.505841026343070,0.774202414626490,-7.891006039681338,-4.699539808754238,5.099706266788235,-8.399337967026222,-6.342061584641316,-9.159515301299958,7.402688700072147,7.115384912554109,-7.666629092557757,5.357369855573570,-8.619681321901238,9.866579177057503,7.062357363862358,6.609356099582307,-9.740411821058796,-2.363250551149325,6.748411578759075,-3.291320710898034,-1.551828889908633,3.246906082584090,-6.020445910047522,-1.937932735410657,-3.273999418196714,2.421437531220562
-9.431010064233256,-1.740799337288465,-2.342522997391175,-2.868161940851490,5.035512405162510,9.107819798460948,4.143511650378374,-4.932911328129610,2.276561687564964,-8.578253162310927,-2.904296087784408,-0.775983810536562,6.822747341854065,-5.577022115773462,-2.112568667770923,9.365816031865716,9.912232029631827,-5.870618404745434,-7.970021682327689,5.511789523772894,4.402913642986380,-3.932767938116171,7.951780077599139,5.741486679550743,6.090693242752089,-5.382165190282276,5.693853314167638,2.219838150541344,7.659099357910890,6.747531330517166,7.424108803021142,6.982991985381283,0.447755823038310,-6.552855899255652,-6.748876392829615,-9.239469567269028,3.943642262310011,-9.870485570072736,4.779403919506830,3.691276438364632,-1.076510405582685,6.976094656529757,-3.037406580489190,5.171882614616798,8.779466070549475,2.285074137216093,-2.984788858656633,2.113605048377050,4.835491017964880,8.719694285508833,1.978159907183763,0.220799825707441,0.571621376032020,8.295415914309412,1.228144258430678,4.849881268729444,-1.452939224707366,1.759004379328147,9.780575313680920,-5.317993570100333,-9.492102745814517,-2.860851640251704,-3.494673840858877,7.092218879324371,-3.379743630934458,7.959705119937063,9.345176732784751,2.516733550949901,-6.981431064034660,-9.206694370406833,-5.941946927903510,-3.183692318504779,5.284080986132453,-3.645573155289474,-0.225717838679753,-8.295545165169436,-6.481700583587977,-4.805557639440307,-6.610859140639893,2.025892477822005,-5.008728759192831,4.000589112605423,-3.367828705639782,5.347946117415690,8.673048221434719,9.584831063497113,-2.924051350137469,-7.661695224902168,-6.699830551737376,-0.959389285306074,8.355157975623342,-4.999808845254485,-9.491662511576031,-0.905170779193432,-4.016130677170933,4.463391837515127,-7.210686047987735,-0.001373742862620,1.834771314266270,5.357585556678393
-6.308574877405617,0.376223748272649,-5.487760392064274,7.137329297988728,0.914073678324829,7.503860497750409,-8.850862181226367,5.351886120820623,-9.887697802932268,-8.679775664782980,-9.918172600925114,1.527731451252530,-7.303462953577807,1.397184641076997,3.616883875979227,-0.795342690825827,-7.627759417839775,-8.818663643612402,-7.915773815375839,0.098913639458853,6.175119136315281,-5.743347046600986,7.309943760082305,-6.285194963019958,5.596867106615370,8.313258656093907,-9.929932780915978,9.296126582447780,1.201280259220871,5.898853611500915,-7.325590665756351,7.541400991873655,-1.618334235679891,5.870873352297188,5.972752985711852,-6.096245489242140,9.867535007860113,7.165886170639364,-3.243479785401751,5.125270233779972,9.376810266796817,4.599787724306248,7.618136084283361,-9.788277206778812,9.778172123909535,-4.473099068238559,4.756860451281158,8.960746543325044,1.141449775943693,-5.656540508594523,0.939089227632934,-2.960644155666032,1.581567470303732,-3.679862307933339,4.214016975991512,-8.116221422244905,1.992679448747964,-1.735929785101851,-7.568893833588670,2.719738188024380,9.232785155053897,8.087063244091969,2.967524194231190,-3.548115422801851,5.871836008889188,8.907636669913149,1.528940400925215,1.779082555035194,-7.049938719721577,4.093399979100900,3.715087408536856,-7.778241552192908,3.417820842009791,-8.561539740050550,6.629386949183356,-5.690730853362076,-4.191975094003027,-3.273795868078240,-0.697690486984065,-0.427887135424017,0.932590390371480,-3.984929148060614,7.615287893952907,8.849063141993312,4.222422850361703,-5.649437514539546,-9.854088754114427,-6.312382659456192,2.320006270010742,-6.126693186745298,6.982618088428630,-9.403671493734326,9.228139710402623,7.398407914065718,-3.350996875428896,-9.661138493015430,-7.208670884791275,-9.124449576734214,4.757970404002066,7.294012679678676
-6.764559806594499,-3.969111411471293,-8.539514653012771,4.531073715458046,-4.001033962133873,7.989801010026028,7.572427329450740,1.991379080421112,-3.469541279936628,1.930132187201586,1.534576812950894,4.004258277704537,-4.694001994912627,-9.462727262264517,6.122814570537145,-6.894361034657164,4.234721428459807,-9.459899754105138,0.296523466554442,7.225474722739232,5.979577953725352,9.386224372121788,-1.656910116919207,4.459534571220019,-3.255430974961033,9.134550274955622,-0.835223551304647,-3.657486306911992,3.423000975166872,-7.060853606174826,-9.283279598207809,-2.025999690097322,7.666393412034033,6.718578098854177,4.699782867503519,6.063858224599279,7.882056745526999,6.458893617567920,1.701785089004083,0.909672712665195,0.531025425800902,8.239071931557181,0.405543642246290,-7.327880273995461,6.990411043742203,-0.161938458207349,-3.153005269166325,-3.548437695769060,-1.037881270495202,-9.671170016121643,2.934755374184373,3.764711897811653,-5.079561404206872,-7.151395053418208,3.083938920381806,-1.396343982171267,5.245814224142043,1.930555830470066,-8.310663613894034,-8.096982946182989,-5.408931291928667,0.273177724046292,-8.478782068619422,4.028434326613430,6.864900318901405,-0.441101338296509,5.482083898232268,-5.131390731688789,6.676745296729553,-1.959013793986577,-6.215134331744469,-4.733451693637162,2.385003023456758,-0.242839476311620,-2.406795535960786,3.633233931606307,6.137713142523790,3.702050489287455,-6.867508279772365,4.335530659643856,1.260943136963224,5.390649229892134,-7.520051725016428,4.291814151687365,9.373026870232778,5.772093675200516,2.481402455088153,0.043371025779120,-6.243709578504621,6.464426633489005,-8.288531710743307,1.580896810610961,6.463846507063437,-5.874930479055633,1.466141383120434,5.873822233083771,6.312471101322199,4.622065246570052,-6.060581078475440,-2.291235221257379
4.328206033253533,-1.262762385387557,-5.397164065504989,1.497306634651100,-1.349862742099134,-7.818193601409358,-8.457774881021134,0.367356796913707,3.264566523792702,-7.342798093507970,-9.276655650857322,7.066025232021612,7.579161170331396,4.140867742753937,-5.875021308350035,-8.392586093253797,-1.649210446012576,6.750147579214598,5.603866771675909,0.404334494287673,3.490965821184703,-4.940812778043455,-1.965321216414321,5.886426070786898,-1.787426212681297,8.746202192341624,7.178211111377099,2.038029215885381,4.428814000638585,1.040899593071194,2.350386021074529,8.148940455150541,-1.768706897654415,-5.465832065993068,4.274475825851624,-7.003628484796072,-4.295405520380893,-2.235261304827116,9.434861315622697,-0.158498744581967,4.704223012293234,3.207914035094038,5.778110335210149,9.178579355617924,3.525885671912661,5.041155444600440,3.448787876758974,-9.012505218976072,9.180019367727017,-5.290043016707886,-1.689626619981592,-0.542805916272446,5.420051828564294,-4.172941619466524,4.275374150791178,-1.132068330985172,7.417663239745448,-3.861076379506160,8.945744156298204,-7.216553990812596,-1.572107357818080,-9.270583006679461,2.111431002571752,-4.564726217771904,-3.047917922405839,6.427168797828479,8.782990082801387,8.390624693948769,-1.200525128929142,-9.208036194439330,1.535131719998608,-6.310368825685606,-4.538051211686389,-5.221363873974358,-5.697224382507351,-1.694706919365386,6.059775549234839,-3.039609724809722,-4.870405373017346,-8.357739125737032,7.893575331156281,-2.616435037778024,9.994537747397956,0.426137840407515,2.393723547328539,0.663943313068103,-0.968990225354581,-7.424989113205274,7.245828822963023,8.977465373336685,1.981501359363968,-0.618801003275395,-7.261020496863402,0.616441526855782,-5.361599427171305,-5.232918186176456,5.976010338853254,1.442017246507405,8.912122444355791,2.313615893036902
1.231725945347300,7.466398412586305,-3.138495525773275,-1.948421630298549,-6.866957617936325,-5.455580574715782,0.576847784009937,-5.493501268453245,-6.250969814702600,-0.062467580231312,6.222517652267474,7.918991310661795,2.408096720743231,-0.726090439662281,7.859728999383808,0.749895143186690,-3.088917967654354,8.144897705980853,-0.278895454664012,6.481873807456093,-2.860116540371971,-7.878218791096645,-6.556335606889105,4.564467034195076,-4.016462946688783,3.746927899721275,5.191308614042127,-7.434403486106715,-0.160735952673210,1.517472231318637,-0.115601532018824,-4.005465508113561,9.543731683087930,-7.335031786297234,-7.306083118210891,-2.375388519893978,0.539603220201005,8.843142213106304,-5.006887467308514,-8.257150335609904,-7.867190443039361,-2.844889685962211,-6.845991916931082,8.620984245596802,8.273231403343370,9.707024625512297,3.590268859294724,-3.513265778275743,-0.503808918619995,-8.121554554464671,-2.871211430000356,2.181107371932660,-6.663365500425005,-1.095121864460983,-3.398745974889938,-2.536007556661264,8.312425509746589,9.431508486420036,9.699997599958440,-3.867822581787326,-6.215459040458740,-8.969107615478894,-0.879665039101008,2.160160354346308,9.534325034895371,-8.622167476792399,2.160970994790743,-8.337525009011888,-0.408402157137459,-1.720482771080942,3.122976551170067,-2.051054668528513,-3.157066658019943,4.644423053236551,6.077003038477951,1.283518288687542,-5.261484616843594,3.661938164079540,8.722479962848880,-7.078000713016703,-9.720485317095962,-6.289644662890317,-7.478170628012255,7.455430790452219,1.734317220143865,-6.811074088957303,-4.518085897531591,-5.375979850003059,-8.573321379126899,4.957797000166288,5.556583995951328,-6.412410918267204,6.957606140852597,4.748283845414417,-0.206746489884079,-3.831247336695832,-4.526942559755291,-3.826550029648947,9.582909859664682,3.915070601931168
9.649536003612745,1.510348685000720,-1.020251517218803,4.927233412689562,1.642167731655546,-1.525179208957653,5.714479618352385,0.260726024400961,9.568823314843744,-3.739305898786938,-3.519313420055436,-7.596852993151490,-5.325374419840450,-3.849982638771221,-3.650180781828743,-5.394456950227671,5.657202333861921,-7.072230573930112,0.764295614243984,4.261070679429013,1.296215558202572,-9.215428266669770,-0.502054169689611,-6.011454341919733,3.377827321472239,6.727205074333440,3.004785617723817,3.878775989076681,4.660763826282370,7.210105048281068,-7.893298357149683,9.773333971089066,-6.489384754727685,0.698056491212846,0.353866833080032,-8.920984975191292,-6.000255510605466,9.838045020516098,-8.832215942878578,-3.024005487201817,-9.320534323779651,3.610787317944297,3.403641305030474,1.209969769399304,-5.882508276352326,3.167370463320045,-9.051097039149322,-2.941307380080351,-0.690657850487941,5.171164133269725,-4.299796740624846,-5.006959267546853,-0.735587790278258,-4.154011337380079,3.228418720191968,-9.934789526401900,-8.793157877634908,4.389895184392769,6.455943791129808,5.310879803468838,-8.631446086803944,6.736186472073690,0.679884369326842,-1.360462056995001,9.689541141686831,4.609723000523049,-9.328067820443021,-5.664793942871665,1.816177361246076,3.571645351678846,9.872350291336616,6.651096520843382,8.224052552018335,-7.966347994421136,2.470837352917057,9.645640807700765,0.681436117160462,6.614286018454880,-2.788510870935283,3.255458430502953,-1.643528459082674,-1.278449755905811,6.420125798747858,4.272607199402064,8.554282068906161,7.603115307094235,-9.473119222148158,1.090598021386974,-4.809260631644133,-2.645750985706920,-6.240059642584179,5.538735616489683,-1.457678385681941,-3.736378576956167,-0.008769416215198,-4.652357027334015,0.741675238255798,-8.685240592732962,-9.997075031983966,-7.115548223113402
-6.629609105899621,5.234158408197631,6.916929719023624,6.365202163672578,-6.072061513126044,2.736436195483069,5.757927166348553,3.940139091671575,-3.320426342949783,-4.864812929468448,6.438426019916900,1.154984850387290,1.477649843928470,7.828762201143981,-7.251553078161743,7.835594132271197,-5.712241833168061,-0.436437131908871,-0.553040968901053,-2.385920253375935,-6.607745187494030,7.598071260451231,4.730093599934953,-0.966617106992352,-0.759005684635936,-9.268711779862633,-8.689624077062408,9.372805957669051,-0.437326510232394,4.644595562049824,5.597148469158634,8.747881690093088,-0.542597366569851,-0.391126685532528,-0.209439467184163,-1.407321306879703,-1.223969413527168,-0.110952455458541,8.339018311738389,-0.961083834652811,-3.358841355353674,0.611001410616387,8.300708987933223,-4.534251829498858,-1.193893083971139,-4.978144032684851,2.948148504178178,-1.116838857562460,-2.746566274780522,1.410970166051730,7.538110151364716,5.621019080287169,-6.585457088075266,-6.224280281063159,3.663763763546910,-6.738334601886651,-9.856875417928510,0.557105941684181,-8.268463147356556,3.485565865562656,-0.446539444938505,6.200973938650481,0.933094365448193,1.863976403555723,-1.174079159525290,1.887146513099452,3.631697468562059,-9.518390371638992,8.840569694165662,-0.112274599265369,-3.423408818470774,-6.969458602404903,7.453037039662384,-1.527577445476645,5.855097503672283,2.305371600467769,7.610234479960866,8.570469608377433,-2.620484610777003,4.019334928907845,1.220962337232113,-2.262556595763434,3.163224633876192,-6.783740251859653,9.390364816549173,1.473790077601242,6.880542687723487,5.319224086739329,-5.922679839830738,-4.506899261095958,-1.381458604320258,1.369191033639908,-3.011514443728216,-0.245834059485849,7.832269604706728,4.700067645108941,9.163645243157760,8.639026397503244,-1.201704847017368,-9.336374280880879
-6.486306241480470,-0.511055069868387,-5.741060085228744,-8.338938103021897,7.278886075709661,-0.048174879471441,-4.066531397206021,-6.712781068844674,5.764776922545350,-8.850830003959940,5.918794675523525,-6.120956230899035,5.668797261467887,-2.265635695160427,-5.104118245021199,9.153654755674332,-6.414142787392527,9.332350728738170,-8.949077287695054,4.083091472106455,-7.020382715462549,8.462442662208712,7.512615703143773,4.604087785404287,-0.126864139961864,1.342067756141896,5.795300360953686,-4.157121702905289,-4.946897590648653,3.157406695384248,-0.031220454090917,8.708994970896146,9.105810958658367,-8.313051918055068,-7.633389470575949,9.641227001165912,-7.700194951698718,-4.753493424546935,5.508780025119647,-9.242366576108632,-2.923355745768379,-9.438583009886191,-0.002463744921089,-7.024916906963041,-8.708581448036325,5.665095280845573,-9.554919087617000,5.601893266914416,1.818509660004215,9.712936915211380,4.709927942185974,-1.347937228899623,9.010363241928307,-7.551700536358378,-6.704267203475531,-3.920559069853304,-8.886184632018407,-6.881904775489951,-6.744293012161247,6.818162772544781,-3.652935693262894,-3.774171519630805,-5.804369354280303,3.651277059399883,8.376738039040731,-2.604182660440106,1.308485516586920,-8.448344146848392,5.966251823798537,5.919829635140720,3.913190410353341,-5.958894942636467,-5.471785228968802,-8.418939722013810,-6.148950257617194,-5.732019981118923,-0.554030965360523,-4.023229540459933,6.343207782768427,-1.915583043352314,8.310906321431233,-8.908046202554651,-4.770833603091289,4.817361495449934,5.292282100722456,7.770227944182732,-1.863891220475251,6.189866384732316,-6.960169099488452,-8.532804295171916,3.483450800978813,7.503442709422316,-2.754271207902582,-1.698303583598058,4.068526750462215,-1.367663098060953,-5.079497093299333,8.927685594742535,5.593383970033605,-8.195328972454387
-8.007629325528447,-4.615645958159778,6.521440169447384,4.045277886406922,0.219113326559379,9.547593129749995,-8.493663669502222,1.204009060934512,-0.118518613235715,4.762090110168014,1.239035509883927,1.073596001839494,-3.852059736621327,-7.934630602600079,6.052316068034138,-5.206790683831606,-5.281302510396372,-5.768955623046375,-7.842875948061161,7.673702660032621,1.118240525962859,-7.417068888321616,-3.014304434263817,-2.750754494160567,-6.256052900772491,-9.028111536958384,6.211586487665876,9.944301599558699,8.939339353658269,2.339387809442528,2.860764156464601,-0.373590256686027,-3.039529763120670,-0.315215064691341,9.215709357746956,7.336782017000353,-9.599673713792461,3.029541473579645,2.814362756322534,-2.700239017289676,-7.004664851813507,0.355227764543262,-4.063685366755028,-0.946405241273995,3.131459997219370,3.241052625972870,-7.391563093938503,6.094038817273898,9.185051253649576,9.646636498725240,7.322917368983379,2.508343267757912,-9.961172242118181,0.917902438832698,-9.133925109418071,-1.941171422607677,-0.195374294362434,-4.535414122359192,-3.591166340295477,0.596267883981294,1.341251577563460,-5.481123783674262,-9.076889368586663,1.277918205510629,9.893172314634317,-9.655654155953075,8.335355853549451,4.201004011910305,3.708549400028975,7.319880332421651,4.777834397191771,-3.277041759212622,-3.812822387769157,-1.238580590878176,-1.654180149847733,0.006991812214768,5.805175828586952,-6.387750199362435,7.243167098062262,6.713025596109290,-2.713597515326138,-0.269399087246880,1.566712025671668,7.016942025734462,7.466055761207397,-2.893583106918234,2.246099845265073,2.151268431789086,-9.029961171905519,-4.384506225653864,5.072401316488264,-7.309251834890333,-5.934877705146738,2.997591637158980,-2.419296517070190,-9.726292374085652,-2.250409070215198,1.745635889618724,-5.546360934901722,-1.402388256518744
0.745212206098291,-9.543716890888083,-7.362444725219930,8.278593675770104,-8.541929784289932,-7.794495733837801,5.954146647974346,6.720187934319796,6.033197807762576,7.436933396293270,-0.211848495779225,0.862803349885100,3.545065949820369,3.473662318871781,-6.077217542263584,7.142652486375173,3.510280026777197,6.826487658491406,2.630855400156143,-0.630653422946201,9.604154659349057,9.465166849033189,1.350982146713973,7.664726305114016,-3.974165256303355,1.866718761340685,1.959428972505087,9.736769869857206,3.541617128092131,-0.500177818579306,-1.485179276444731,9.773004311899523,-6.770125933693349,-6.391204299137431,-3.130651991943701,0.061572034054151,4.533796135282898,-9.026980096455601,5.022881738973412,8.181827519081690,0.695637345021265,6.678035166607728,4.111645095447917,2.300882144672316,-1.841145751049140,4.377009722937588,0.933643214968637,-3.844406747866172,2.168510518738348,-8.762205346809493,-9.534892618124511,-7.758788268577304,2.914383965022726,5.849816883759615,0.914874429300577,2.634878105810689,0.530398595641921,5.949376298929836,5.753196244955966,-2.087582971552910,-5.099927556574746,1.800187283508180,7.657230678584202,1.294206265841769,-9.257149418160608,5.119740042544983,-6.176367054567359,0.408674018213338,6.643416084123363,-8.055772052108345,5.621902814954421,9.284063122816239,-0.893863105186592,-7.329736069426332,5.651554462461464,-3.367139081685973,5.618210579629233,5.955818751138580,5.200391333889025,9.165267020764428,-2.231799470368800,-5.808199450300306,8.342384046469721,5.489455532637585,2.157051145951559,-0.330459969432443,4.585954494581637,4.757871481467397,-6.417339444589524,2.609428778448443,1.715044962303359,-6.166983374270043,-0.142432060421259,-0.908631646218121,3.599940227034960,1.033953946831854,8.957415094657922,-0.510068005487947,-6.196341598481090,2.737047806050297
-7.022400432507965,5.579532849666355,4.443258424382066,-9.309027016144753,4.789590282322177,3.544823737561902,-1.879857683416827,-7.703188211686840,-9.103394040948313,6.323969114789097,0.256798178063342,-1.579499556438444,8.572745786926429,-1.048810346259012,9.292424400932248,-1.115353032441861,-1.219006320665454,-7.616359048023773,-0.862264678175087,-2.313065446133910,-3.657095122216001,-8.066710889435559,-6.497737471861013,3.325850730237965,8.977903818805494,0.792327946900102,2.322582191690739,-9.209253658757486,-0.957118074606031,-0.784579203170640,0.678709630808328,-2.424090103063228,-2.363381994519114,-4.478674983316704,-1.829719879022239,-1.818591592520718,5.889060637227281,-6.560433740498661,-7.069388297345347,-1.388996071684144,-2.747261099476845,6.066338308463678,3.170842833015588,-5.409087610070196,-5.539052641827212,-1.078116575289245,-8.089692052526356,-7.222337491940623,1.572107433735903,6.137134614321422,2.155999438275064,3.542186579969824,-8.706057122415778,-9.389925573644902,-4.434837383026444,-0.794332857206443,0.133926050004458,0.053627639288280,-8.546800820718063,-2.841839656800868,8.314031639376466,4.663420242035233,8.005322122012799,5.704001525790691,-2.979602645404311,5.290160310910732,-1.533556355239032,1.073937686103470,0.204434655526615,-9.718586572948118,-1.584552100818620,-9.785202279431083,1.582505508457340,-7.281037571444897,4.234833437893217,-2.303652261161082,0.239854110347233,-9.360305738462696,1.825598878298361,-5.227541502298854,3.392415570476865,-1.825705458100561,2.204865510067048,-3.666531611996779,-9.955955281680067,-8.498900965101637,-0.345237632762448,7.065353596100824,5.023479679254148,4.320285563251167,-3.167884434793555,-1.604937344811589,4.846786152274563,1.019152779743395,9.786307706088635,-0.682017439868641,-9.848400278321552,2.141496503635654,-7.488968024932785,0.626559659231701
-7.768816109457404,7.820919827326829,-8.495042861251793,-0.299548459214773,9.120780485526122,-8.373221195863687,-8.687911928583510,8.293430487971598,0.062208226730615,6.654292443424811,-2.453736829034199,5.306138307969984,8.866595573535236,-7.994822833477524,8.289335688903318,4.951266020139640,8.595885983109916,-8.665106047948729,3.391499925203650,3.485394332649125,7.228023815406090,0.736698943814149,-9.884547190014921,2.835244038833363,-5.840611030946972,-6.270494433772395,7.214113347465879,9.466673561321418,-5.710550560000502,-5.013081478431038,5.267905071836786,-9.387202745081062,-5.344116657288760,0.166311474752305,-5.615846212883402,-4.603852661485483,9.803491728696038,-7.393151560303474,8.822761283418256,-1.422145911191375,7.093675282729507,-8.906180734362115,-9.888053973472486,7.889307811911085,-5.682749158653833,-2.316476372594297,4.215445580068325,-8.456016205923650,8.382810915031641,-9.787504250792809,2.530050228124365,7.060242800426817,-6.969475407566925,-9.498340612379350,5.246342750013635,-2.307388460477866,1.981650252575220,-9.038023254092307,6.023284609112977,-5.602758282377492,5.262754294845157,-0.244185496098391,-5.787476033893164,-2.916209868205152,1.277921746484845,2.918530483185489,0.769141624302634,8.076214742945584,-8.984887364005750,-3.505707396514928,-6.289947780491585,-2.807139449953599,-7.431683372487403,5.943026613533785,-5.345311852209448,-7.804239821320000,4.440515061390229,-6.556344111883399,2.920858984834119,4.260700932765271,9.850773769557200,-5.710962590626192,9.904941392659826,8.260670555543001,-9.156411722580064,-8.962166831880367,3.566471068327965,7.946398674201120,1.441676852818738,9.958726264775656,0.043616614969032,0.871134096988284,-6.560733374615200,9.103650864516396,-5.341762390297726,-2.798696664860183,-8.626714098945063,-2.633085425501019,5.550053005197704,-8.366977626061669
-5.652905981971720,5.828442325731251,3.370941221461711,6.406040348925419,-1.955765269746061,0.575380070801678,2.419025688521597,-8.391681067161015,-2.988260460655505,9.379524151575474,-9.380469749520142,-1.399280451069556,0.018879324967170,9.087974912285123,-1.037993900541352,5.445195268194967,4.931550082269357,-9.242786534193792,9.582027239813652,6.520445498382838,-4.129837165565286,-5.216514232376945,2.091814368109032,-9.787667207184192,7.447419334107508,2.272409268609593,-6.245899740688046,-9.329787314946667,1.904945820195383,4.519377461698500,-7.606746138719283,0.813978850685590,6.321342880372271,4.797936907785068,6.551554043047137,7.244845041889565,9.840616039070632,-4.738829276718306,1.015275162813152,0.455903996626777,-7.059570790488472,5.177163615698159,-6.998802786463882,-9.321545466812989,8.793518276944216,-5.894261825220275,2.636511044028717,-5.806566509360986,-4.548559219445543,-9.223231664588345,-9.700928107175990,-5.017903096061234,-1.428772761373763,-3.600558835066556,-1.985003927634722,-8.561250327376662,0.681679798794745,-3.513193364652992,2.910180184020392,-0.651661027955008,-1.772731284821475,6.133011508133965,7.867374745658847,9.466228153360618,-2.577207697942344,1.374537024056121,8.928898530636186,-5.456180913879973,5.396516055277187,0.603008396695317,6.005610259456482,0.886388140901587,-7.325597378892326,-8.779264672131735,-1.781883082848717,1.122057914277718,-0.159733679830321,-0.765035514689210,6.163998425760969,-7.698269646586294,6.351048547678168,-3.895617278684707,5.019681460011984,-1.752929310622523,9.773941012108725,6.483330296123164,-2.086266133434562,-5.986025341276109,-8.037697168870041,6.429295589748815,9.853924007745075,2.063037629878684,-8.041251329301936,-5.442500267737440,-0.153282071548222,-3.128033923874753,4.337254296390039,-2.301084648734477,7.318861246844484,-1.126799076614750
4.496754138471834,4.009517667187492,-4.120005492530375,-0.775762356453422,-7.866305507691440,-0.287197745335723,-1.774600909428472,-2.157372955689070,8.991288282495219,-1.139754887057631,-5.095730947122144,-8.769693633957969,5.929660552405648,2.112591777775590,6.832949789982035,-7.117850676441395,6.017985616541306,-5.346212938647119,1.945664137122844,-8.966132045448445,-8.698529959547741,-2.389715193966548,3.443746521301414,6.798038575301145,-4.318863551993872,-6.421027392216367,2.801207682901190,-2.967330474923586,9.248512102244025,2.254767376841107,7.678597979514077,8.721981144019203,3.623093928672077,-8.763790632007975,-9.676300026319149,-6.367837205636864,-5.026605435580953,-2.807483932376456,7.614520472136601,-7.775206987067906,-5.167131805760179,-0.372333467764641,-9.967353891884814,1.199650575448814,4.213757759454888,-0.062576294075697,1.298317457500982,-9.970400590701141,-9.807420344368044,0.045911155931741,8.868070852056974,1.470755816902432,2.566345425738255,2.334155927557386,5.069290850321655,-2.713917462822286,-2.651131787443941,-0.768579117164359,-4.289453610885639,-3.010892791997952,-3.001121768202582,-9.418950981590156,-8.516543589515033,-3.366061471278026,-9.923126077458486,-8.448366557213928,0.511009671946045,-9.659037870805129,4.275985542297711,-8.355705775756142,-3.164866566525017,-9.355947368103308,7.969861869284646,-2.486494443435834,-2.710098412380000,-9.829593463070660,-8.112369653371021,9.304703543329563,-3.801651313006058,4.539315488446709,3.935074824996654,6.364817107126356,-9.770249676885065,-2.048323227001894,6.196440453590743,-3.075184348841096,-8.107528615348805,-0.965684056235689,9.781738321301944,-5.267127260826657,0.624567469426317,1.146602580910317,1.453692901526018,4.541589595607647,0.676040912683460,9.563744322463268,-2.523615300872923,-9.466375653651070,-3.471660268874150,2.224153761750316
3.860895227467783,1.857161298512855,-8.139623886641070,-0.126720019947943,-6.583794521252453,-4.390333317358852,8.905740756184578,5.200007819058641,3.634923922060644,-0.731521004888489,-4.064017035347809,-5.051821818800133,2.441435408145816,-1.229442328023062,-2.448808101850235,-1.697964055221263,0.967405433096298,-3.963633488858003,-3.465987914339386,9.890223231536574,2.270457766164443,-1.796638537723814,-4.146644153125393,4.207269086198719,-2.820159375103152,-2.686607014172533,5.638227301610307,1.147934255035564,5.969165846509746,-4.545148405769133,-7.207197662164038,-3.417762716843131,9.170195660279518,0.459811940790875,3.121251452279630,6.135588144354703,5.399010121138277,-5.216501021931634,-8.389124142965452,-6.857235596438045,3.404363754445939,-7.248801934415239,-3.573163659884449,8.728021134028168,8.527728684687691,-3.722388231741382,-6.285005344776097,2.398205041204493,0.462113067418796,4.943367207768212,-2.933019139237483,8.933698927321412,0.952410354468455,8.943413653888431,-4.069277538987464,-1.344822174283923,-0.901278130048183,5.479129996619768,8.074482369348075,1.720274917237587,-5.750026467103472,2.973223517439845,5.952321504791858,-1.046947266560927,-3.757366202388854,9.082067851316260,2.381856198001318,0.308932456317939,-9.584690795001030,8.509563887707582,9.013641197493921,6.570639684466173,-5.212404114315072,-7.443072007446117,9.313122254599197,2.618756753811358,5.345415228212902,-5.068114904985121,-3.822518955708265,0.201168287511040,-2.254737462417598,1.257137046094229,5.757410703812766,4.696777304689416,-3.053544605991867,-3.737176338783213,-1.449523606170700,-5.934689504389949,-9.283422702782165,1.102679955188568,3.699656207997645,-3.868935287885218,0.301401420948430,-6.225109261038469,9.748352058253790,2.415622112839078,-5.847449123562960,-7.645745003739073,-3.909980644724960,6.646511200421013
-2.785874731344668,-1.651463952606916,-5.708258648417606,-2.254388671947309,3.374189995851090,-2.585996008493829,6.819881500992274,-9.926884943203142,5.611688114503226,-2.437877629811256,4.586170114048160,-1.219417837160787,6.599101521149237,2.563029491986144,0.987568958184378,-6.548727995150829,-4.708367597599459,-1.269555860143566,0.038180291797003,-4.955361452555085,1.310163138324032,6.197256952330182,9.153684971164246,0.373293629025888,1.836842858183909,5.400957604417471,9.239815950575966,9.364885881046192,-9.515483930145070,5.465788750519527,8.806891977247957,7.112411137545823,-6.494675892516604,1.446210130208271,-9.290719181780352,-6.748237838557594,-6.628392067739308,-5.618354511888459,-5.680013718822483,-3.238772301518713,-6.018153908212063,-1.330908993569810,-2.876080762958590,7.875308227392143,3.764778733380080,6.918922868718035,-8.743466197914717,-2.094810257113709,-2.543298601031296,5.247268736377302,7.109394031671496,7.054216231551354,0.081709923688067,-2.343101962703626,4.336854450488374,-6.658216185358397,6.908084563247410,5.051879769880511,2.025758572023296,-3.887236620041159,-6.030348687858778,0.392449157005224,-0.181951858713630,-6.734818418554271,7.037015428615906,-5.838196987681665,4.003949167872303,1.616543354672418,-7.762263008643446,-1.930864617534398,5.874681697079829,3.443400743825551,9.095189347079003,7.888113711258097,-4.309095290035005,-5.472663903914823,-4.236399220824579,-7.726400431250216,-7.409277564451459,1.862400698125402,4.708600835713195,1.379583733241610,9.755854661511776,-5.565515990095758,-8.199038951913888,8.885264409277017,-3.229657916639579,1.109335162584518,-1.731043553567792,0.541161570395207,-4.142205514549067,1.313863447667377,6.569510433975442,2.283512157944141,-5.708204649952615,1.219171243015440,-8.035765941638243,-2.434746484071672,-6.139259787778515,0.917057556133955
-8.544046593832126,9.835002259764050,-0.067738384014792,4.822916920116299,-7.390382084312073,8.567291585105973,-4.947587024376958,3.438073594155128,2.350841258572478,5.276622933355490,-8.817832037493574,6.586919824200553,-6.180017707279692,-5.060131181784944,1.775075960563582,1.687114843735975,-0.591189291635947,9.986210985073619,-8.903009665649094,-6.990512714957468,0.579705866472629,-7.765175371868914,-3.600697329742227,-4.582063030569900,0.742635118979159,4.755026613633330,4.674929088798619,-9.214634134933863,-9.107954177236925,5.607429789958370,8.305555197751112,9.735790240808491,8.308229643228014,3.196668447951419,-0.891539687542686,-6.053445082978987,-8.428986739151568,-0.582619472804346,-5.840032901357324,-4.121837240735684,6.903319497791106,7.646384712298655,-5.244760148584577,7.625490642123292,-2.317987501916175,-7.080694539047647,-4.351364873083439,-0.238256060204350,-3.431007994960808,-3.856052156666266,-6.996282820779697,-9.812977586310357,7.936626022903081,0.525648941563530,7.397275233885480,-7.243549585332172,-0.959402981593700,-8.181170404984904,2.938911164324267,-1.892590286094119,-2.100845321103330,-9.674366212730533,4.459749782124538,5.705668070681503,2.038726432335785,1.606106614366556,0.554246011051053,-8.683862459994549,8.611703408293419,-1.219018803816763,3.711860287418258,-3.843356341500357,-8.129142347253635,3.207176671623026,-2.112567985719824,-0.560222027137382,-0.240683388681919,-1.466934048716304,3.601531402816384,2.186168635640712,-0.733003087858432,5.581456277061383,1.735034141471125,-2.548840651711775,3.159103417511577,1.196823323339730,0.100052687513159,-7.571103746330277,1.900483109000046,7.905550472686251,-8.517442684328064,5.126064526785569,-0.248878558941749,2.887562705141578,-1.925482438049762,-8.295032487308410,7.793182618864133,6.828620988235361,-1.118238474163730,-6.975842251733919
4.679168652412569,6.234648359611043,-5.515713999862299,5.791781338382622,-3.404794336476231,-9.565530631844005,4.867732589871046,4.850236410087414,5.078068917549420,-7.494456355852737,7.496262832301749,6.224106062516068,2.308522410033827,3.917321460920817,5.785033538101379,1.981822780938751,-0.169966303979903,0.151899700547153,2.779896860090716,-0.260098924032008,4.375726470397925,8.305965905082672,9.496868691200579,-2.381097664316838,4.212863039749863,-4.075137444520244,-8.988207122015510,7.762520185929915,-5.209648381097393,-7.127188791263235,1.948043747458676,-0.274784354323604,7.897234073897433,-5.938731433081797,-1.680441395541219,-2.391808735871155,-3.891373721140379,6.946614514178169,-6.907277437687633,4.597433702448914,-2.020898779951206,5.198624034272232,4.823135498793270,-5.485460925575771,-0.481979099765368,4.719033981584314,6.283818470513690,3.654391443166379,-0.321376478837308,-6.397952127698785,-5.871274421577315,9.787535319909018,6.539872834824120,-9.529416988096370,-1.481658947639268,-8.221827084862882,0.185513063099801,-2.127698079946185,-5.164325008878654,-2.114062038964335,6.914415155821686,-2.158814212273789,-1.018852672434633,-2.763522159712377,-0.570661252528684,-2.154372506719300,4.876749514629726,-7.930196279972098,7.671699027932782,-3.067187313777398,7.153963912610426,-0.846501674491012,0.269902269635015,-3.268209776458195,-4.781213076937229,-6.000480735083706,-2.787057604857641,1.822619592368333,2.561428000100324,7.349224777726732,-1.850548509015074,8.029868603435141,5.412675885041489,2.564784814510014,-4.895877976579990,2.685928262223619,-2.284463819568212,-3.021289876240458,4.661704414719560,-3.273689450432471,-9.713256005918339,8.209658335078576,5.277270924135493,-7.484491812660677,4.331715937172966,-4.576213618839223,-7.292429477573417,8.905009670971513,4.239913779285532,9.146346738373662
5.109182737560186,3.072381730495248,1.597376562561443,8.810829494810612,-7.109764903486253,-2.356436218576445,-9.829108452801558,4.981832120878927,-8.098981439469355,4.184598746781880,-1.410964870683809,6.303183024366021,8.086863253249856,-4.055578353607043,1.142414602269204,0.048504064210949,1.046433352327300,3.369180345396900,4.768152645140347,8.652593206975894,-0.965346671886246,-6.939686871426691,-2.756540143906814,2.952102128186242,-7.119552174657287,0.162205025110021,-5.071569445249877,-9.760351215627406,-6.075384274914793,5.666144899324983,-8.018937077717315,-2.164558123308719,-0.956475879991000,-9.510960038505505,-2.292642938470668,-3.057647582796905,8.014800343905645,-5.322931988728950,9.535051656651575,-8.431580747449985,-2.670157180357813,-4.969421046096645,0.566342266395090,5.998525844911430,9.621792651395818,-5.754221057640054,0.886279729218256,-8.260411078707930,-3.039391540578991,-9.952188190088449,-2.131379769711006,-7.733604138094330,5.428710551391791,-9.813192502459039,-0.075711651178469,-5.063476609310764,6.194479758227381,1.716964162776948,6.624711679500674,4.661337953610934,8.567856020551446,-4.573535040451205,-1.263465241114147,3.859408826990517,5.074574504599909,-0.088366046915416,-1.139196800553641,0.536622616505529,4.200680835277069,7.356833930281464,2.814251525278005,-4.386302346464195,-8.342977114608381,-9.370858819018714,3.645145056404157,-2.826889590999810,-6.511811154598217,-9.879386804271494,-8.651655859708010,-7.548627321905979,-9.031376283684732,-9.200510338249689,6.431461633639838,8.641685618528157,5.883853142651494,1.633028031654447,3.715391092957622,-7.548624094385950,-0.217574597759139,-1.009731198821797,-3.258063980515029,2.589013881207498,-1.282213039716407,1.146081555649705,2.353667796380517,6.372333194915704,-8.720144781380469,-5.692158320061306,-3.350405675407735,5.818977464877655
1.090419970819800,-7.462065165172296,-3.611798323966806,0.164162276907220,-2.717117243421219,0.662355509772517,-3.186170524992304,0.277935260289583,-5.988301633772353,-0.640166487562830,-9.955042102444910,4.564997880600281,3.799426223924696,8.691893371657791,-1.024685865950978,-1.850509734058177,1.349324190173959,-7.273063406627795,-7.178576598765662,-1.134953085070586,-5.838016143867291,4.272581303634873,-4.162082274509453,-2.472687456701719,5.968181684845227,-4.940039915523002,7.921485628966259,-5.337998821039216,-8.727897304470378,6.052946229084323,-5.423635242046323,1.982555779658441,-6.578223359691777,-5.393923199069182,-8.384331338854853,5.152159568505976,5.095891601302856,-2.487584619175762,1.320927018716635,-6.124632031867863,-0.890806953061094,6.266490871695137,-8.211957405602210,8.038585543589004,-8.192424656638586,-6.999354329942957,0.331249555586821,-9.679119067450909,7.555393285553549,0.209626234707557,-1.999463215947269,3.129584501985365,-2.881132254345853,9.776561709760426,-1.200554218820514,1.500764440874322,-3.949573333594114,1.529686855444908,4.524176353495534,-8.374502240419124,-8.379224144980213,6.277226840624870,-9.666584979395161,8.972021411592284,8.029417888235400,-2.692309658479455,6.829239902105478,6.733854599532524,-0.184705768961557,-0.749321624741448,8.094626147786165,-2.972601787742050,-7.548777970743576,-2.691384287606564,-8.253392258528411,-4.557125840316787,-1.438118361022759,1.851258049982089,5.249788453431181,5.448146621635688,-6.927806056969898,-5.028773168844127,-0.345830254200488,-5.387590773089590,4.150924226147092,-8.364132150959570,-8.844545141817886,2.080410974969823,8.516630659847550,-9.798615866385363,7.093981175371223,2.240468775169424,3.561067491125966,-9.867546726393732,-4.339963356818267,7.449397325860616,-6.405431788669881,8.917002502839132,-3.132492272288461,8.666991015910405
8.418397228815355,8.612346831228631,-1.248082222539292,4.028913177334768,-0.930942415924470,3.689802270154011,0.773378646758520,-2.832693319543901,2.097101201226181,-0.150698105942810,-5.975097030241818,-3.838772424374515,4.146202691570222,-2.863337973917353,-5.905148165821334,-2.207994730767878,-6.218733079313827,-8.357048480277163,6.057096465216844,-3.709454208813003,-5.350442593425580,-2.760531252351745,1.761740017402824,7.054557090215873,-9.739466721929354,5.479983802644679,1.838247910300010,-3.066046259570079,-8.275206188882304,-9.687229645930627,-1.218721789490552,7.232324751389950,7.193569046068667,6.416725639470609,-3.364458126149357,-3.637989474933465,5.935771056065418,8.104195188180714,0.224162170003968,-6.495803461835541,-0.509550101109612,9.936986138332177,9.402601517982585,-6.578830676259726,5.383318091725567,-3.246873959657801,-4.383625565945463,-1.797217434443185,-8.812288144005331,4.347990857968810,8.465055284659407,-9.071177084804138,-6.462506910654282,-1.793002381000829,-3.557512834622479,-2.532773039281166,-3.893556582442670,-8.215283864371079,2.040866221848132,-4.035238106217904,1.424909891496407,9.412215111224388,6.499186809175956,-0.609504587818314,-9.807201481051832,9.903769929988677,8.007857863971790,3.574670288544407,-2.099237466060755,1.329046601420558,-4.933226181506763,-2.158734190187532,-2.389424276388262,4.203474913407323,2.564418320656012,4.615885544497605,-2.825850925006133,2.829198231399774,-3.580368616859184,-2.735800366556784,-0.394227738882979,2.020447097126592,-9.709009546722999,-3.267934116481907,6.988846379333015,-8.739593592875213,-1.370784610654631,0.231960204627937,-6.555211479076036,5.750313735456523,-6.557177466914421,-2.692005314378861,6.243456757130080,4.905265688160640,1.656117683420469,7.918383361735181,-8.117429514215992,-4.335162652807019,4.655316864529105,-4.514054873767419
2.875094637372811,1.346884189783353,7.437955826858587,-2.709825030635315,-0.867801743298509,9.930070370793562,4.771352789602144,6.854864839356360,-3.748395312138100,-5.568729413682449,9.146679668243024,9.575399664848753,4.568670406374402,5.089277214427559,3.045827082311074,2.688064916456112,-5.276497623433261,2.916730056644008,-7.410838978698040,6.435348652190637,-3.843603913070561,-7.161652977246522,8.597512969130683,1.575085004712687,4.717333878362439,-7.038903450385581,1.775470508941959,-4.972591810121624,-4.758721090009579,0.420677039048009,9.562404360194190,9.585925095193350,-3.082610483225594,-3.984783942236061,-9.041210670435316,8.607746467491168,7.524583589441665,-1.639091532332644,9.053754940972148,-4.753292807386551,2.068826142485653,-7.362653135718311,0.672387925325776,1.790075891535603,-7.588679538263195,-3.189294705724759,5.736643562127661,2.658806758531082,-7.346203243487100,3.183766749244887,-6.770906346758419,-2.829124462938530,3.040961195779456,-3.301339849204954,-2.306944166422591,3.042148670709805,5.652842595926797,-9.423576468306580,-5.166457638389900,-3.612446854643975,-3.866083092586024,0.753759295731138,-1.364842100901607,6.970685070913262,-9.534824518985412,-8.248064257942984,-2.164259514591357,4.073168936491133,3.953674751399699,-5.499386541453816,-4.387485976748033,5.453701899250966,-9.549370477553133,2.779147340466768,-2.002885319636471,-4.895145756035113,9.149834335702703,-8.509399889072995,-5.284612258755137,-3.600292831981715,8.644237516278050,-4.929247370933048,-4.727071812502873,-3.447665039670786,6.529119808039006,1.271556467488198,1.403908955412634,-9.758820925599341,-3.406507349347949,-8.205637932780148,4.787219699804915,-1.547454692203909,-3.639922102713453,-1.391555905836947,8.956130669636991,-0.391075622835045,-7.847300071370800,9.331242862455881,7.624930826691781,2.210243738297596
-8.865711535824698,-3.739996877541810,-9.615530680202454,-1.531108775413042,-5.468534136742534,0.499107550651557,1.670338099033181,-7.987157552642826,6.670089933748155,6.228905218512899,2.829684465096353,-9.195121187610148,-7.142059707014328,-0.115426499732187,-5.627610658867472,3.942851083092753,3.421240103056139,-7.361019849195838,3.577179410074853,4.422584669617514,5.022365612718207,-0.356834649670352,-4.997312517741812,2.249748442203526,6.984991438444386,-6.983413878923843,1.350261454029756,-8.298535354839434,4.874935031304339,6.565346263793728,-8.181261685999795,7.878985637381049,7.687883343376225,0.270876614604829,-4.381236480679318,-4.971262787990187,5.378396623868280,-6.596249526963136,9.637595096227077,9.006922573286925,9.582558250099943,-7.922462837627792,3.752873170812743,-4.433278239838341,-7.261627950698825,-2.120811295564511,-0.751165213791005,7.328374844842866,-6.859342774083412,0.629249379011817,7.781373521217738,4.580779171801080,-4.839026273473459,5.791383627033625,-5.954928805271178,-3.801789186424069,0.093750150402245,2.908781564826574,-0.628171490496623,-6.699861866214336,-2.685237946524557,2.878845431701267,-9.781442754122729,5.268297266174686,1.350007018707855,1.438810863210019,-4.293182386779772,3.566105604198171,-8.408551416379648,-1.260272487564055,-2.399991741724914,-7.621394400833488,-7.326759695461500,-7.474132823347936,2.417722676908021,-7.634262454784584,5.566778759890610,6.771797486942440,2.745643309317652,8.403789694147626,-2.859478130406822,8.219469686847528,0.312089123772790,-7.040519077408531,-6.785220010960238,3.217133331580243,-4.160750410969789,-3.083241566261132,-9.180163366762862,-0.526818250349843,6.002446484284075,-3.268595687688462,-1.515308192604074,4.613484881968155,6.571779325870189,8.249617272739339,5.734744567996851,9.557042708115539,-2.236066452439067,8.510332746062989
3.701769115405522,6.004641984487687,-6.128812809977157,-9.011673763784527,-6.146461039024766,-1.829278326621504,2.333943487224968,-5.948925871658384,4.706708927809549,-7.594604911625749,-8.462396792054061,-4.222383409863997,9.168931069508410,-6.855805115513459,-1.747084744074741,2.576403140245580,-6.580069264862713,3.994041229806751,-0.488207375262197,-3.048439726976417,4.844212550709488,6.341699999529219,-0.195774501927325,2.288551167539250,6.317826643646217,2.452416237466650,-9.265779775504477,0.197169438369668,6.660082292245761,1.635843373858412,-4.749916209492060,2.293376860105674,-5.891757371422570,8.455569605792121,-2.917652188086586,-1.396824868298829,8.273190685558689,-0.657048575158134,2.223945063891426,0.656968245322558,1.919846934000422,9.726341704519587,-5.556622389433623,-2.663729299072573,-2.968821224868236,-5.194253751776861,-7.763787702856537,6.893486647550407,-2.712908178940260,1.520555867371558,1.035743272224433,3.554158688394001,-9.688101298994720,-5.920730572092094,-6.100567267131353,-9.394458219072444,6.917609040285285,1.330305618167159,-1.684814147092858,-1.619923750182028,-7.495496825740551,-3.267255103984674,6.390982346698998,7.379582495853491,-0.919202058293711,-3.594617550757791,9.304310456538516,7.762398099804642,-9.974502274294505,-9.330407510840640,-3.715222335802231,9.834887778901329,9.207907250220494,-1.169148721392677,8.546540891946801,1.822349851602336,0.990069850972224,5.675595144568605,1.048976390897220,-1.760294215993632,4.900511440990456,3.670814214322071,0.441709534342117,0.652434673088901,9.651111160261284,6.850723464020252,-5.091052804648459,-3.872037755036306,-6.458895311843971,9.359397836822914,-0.768056102973295,-0.043897803778435,5.097997081071576,-3.772609704020224,6.354027190036010,5.795717161425866,9.008420656064352,1.297695965604637,1.175087418521182,-2.912035666242265
-6.184130263871987,-3.641221608580903,0.851164727989683,-0.923444735172616,0.818642765115074,5.952484621794248,6.540364770112298,-6.745734277462954,-4.197581692644978,8.047766406375676,-9.865646353436601,1.387180268350791,8.818388352162149,1.915409579173179,0.981505314386382,8.329853134936887,-9.723312225029957,8.425995607642250,-1.837346564374052,8.207115581706510,-4.632643659800828,-5.103371073832498,-2.267850432947767,9.769790237224793,-3.739440004188870,-3.469710838060478,-8.956105077754600,-3.771009934563030,3.155337699041684,4.448506029648486,-0.127242470867177,6.629803271255412,1.317732048887692,6.876051855288015,4.047866083247847,3.450248467732902,4.558510037685785,-9.639453684504266,1.016430093957524,8.147037355490067,-9.055172510648656,8.142172057521648,-3.968140193712408,-1.447550154481476,6.937198467419922,8.766621952435099,-8.354099374442633,4.848556439741357,5.912754265422620,9.857382409075189,8.733587007859359,-5.128097414462179,6.897698290639582,-3.511554080206110,2.564433040086769,7.469872072770666,2.523053974323153,-8.350615825398949,6.424470518580094,-4.525472444010086,0.442848362978856,-5.389468791860250,-2.316167528397619,7.538216993089684,-1.881423892138130,-1.280840463259835,3.069164807970191,-3.300110264211806,9.335019065688780,0.100553510023381,5.141513181622257,2.153562013125745,-4.304682029028337,-5.753721774841319,4.274870032723474,1.484870604695121,5.280296436160723,8.850548631758645,-7.942640260853597,-2.075736301387234,-2.295444080521141,4.004786746617286,7.937465118894430,9.239551983739879,-5.234280602295371,-6.798174239459698,0.735227578528315,-6.686164657738461,-1.770296443407393,6.037698372309162,0.501599783286807,-2.434321117266538,-3.335989559356360,8.297576920572588,7.750704824598255,6.201175053586422,-7.853732538240275,-0.987324889440423,7.351739359086920,-4.849412866906293
-8.261998494646736,-9.430598173304636,-8.062136387286339,-9.328320814935493,5.306469653449179,8.348849985038267,-9.175726456594944,8.459306392144363,-6.683991026695299,-4.318959232998494,1.553160060997312,-3.424087829327478,4.575866246292485,-0.275434586130965,2.447828629852001,0.182356146980396,-9.915163248388541,-4.179767024547685,6.498455706606794,3.818398065593072,0.186767985265044,1.805387139619103,8.131837314990843,-1.814202696198631,3.005770886954648,-7.299839260817476,2.730953086396120,-9.363336893548521,2.523816082087059,-3.651824318295049,-6.423987912118989,-9.451767639324748,-0.123188724757719,9.643804185337284,-6.282374850700645,9.340899418627338,-5.669688295161921,8.285553756080123,-9.972839324670542,9.373350146025736,-7.170469948055523,9.813415112840666,0.235349549667648,-4.899819149195725,-2.293692785146857,-5.445304157510211,-0.428972477485081,3.085824672821611,0.616293180693166,2.641756523534331,8.415867504471752,-8.136628785566026,8.023780211504494,-5.169487794408807,0.965960783764828,3.416857419348494,0.209677393317428,-3.536249445731041,-3.686838105257326,-5.094688836971304,3.519616090622016,2.965189485076628,-2.171001000327644,9.548735752838368,2.753702057907972,-8.887552536825247,2.048236037891279,2.501903943668539,9.215161993543017,-8.864806576957884,-4.079744227996498,-4.028814647359800,-5.067514455705727,5.233366984676021,-3.786116388666832,8.614939829178397,-5.975319827937192,9.910727325688839,5.739886630359791,-5.713627844759513,6.306400550269899,-8.204950904610548,6.100412518525321,5.086491081167981,6.866660883587393,3.653606215651129,7.639007998774559,-4.136224453884738,-2.807184385756251,0.659858159533940,7.716970674509589,-9.804348361760319,0.481997995014527,1.479446874231908,-5.312062190938514,-4.354292372113681,-4.604660009904904,-1.666209114028977,-4.168694877343382,6.615088340561751
9.832849238530276,-2.878314058205966,6.542040258534499,-9.222248460506661,-6.632073759382006,-8.338437396917659,9.089212457429657,-1.241762012436958,8.861334413048752,-0.325139823657450,9.713201628872294,-8.965720609322167,4.342507441382615,7.056617984903188,4.347569806786213,-3.964294141143858,-0.267106969020743,-4.299518795856714,-3.707914775457716,-2.663109469850897,-7.306078392678210,-6.173371950447168,3.888800139421448,8.468734589242114,-2.056573774601398,-7.542898576444577,-3.961591728305358,-9.267782001254336,8.361794283258668,-4.932644308583580,-7.541824084168695,6.052895099664561,-2.974561727874232,6.959849552014500,-2.799124074324659,4.822839904442917,5.747665138600354,7.000570018870253,-9.914855133751788,-4.512483249699352,9.591250001580029,-5.284150685002052,-7.157488409012130,9.205296719172793,0.934311769729559,7.193804694864166,-1.126820456256731,7.770012434047104,-9.942968604718398,9.574887649530467,8.724266843942441,9.409424066406466,-7.080277826604828,-5.505230348876866,-6.022467011446988,-4.226001830286847,2.271137161498727,4.546803440554221,6.914842562599851,0.696552985237989,4.741323352609726,9.525592001221042,-6.543087532532692,-6.146483695438423,3.700752746510105,-7.959867982851605,-2.598259065899473,-2.320784719461628,0.662000181781364,6.722767881314926,9.149306351654612,-7.220957813245921,-4.655746176667055,-5.410591645918748,8.527236969051856,4.348001968036945,5.175861803869136,-1.679322362319757,1.329274644054529,9.516485325248993,-5.820228940993317,-1.375450235791714,2.842413562494579,5.443303174623280,-3.850706752111255,8.234804983821331,3.648369610693008,-0.618018938411209,1.274193290558403,-1.840007049718961,8.415590395705571,-5.654317669158542,-4.956392054790388,2.049633908476210,-5.318530109019037,-7.590837798355676,8.872088635402623,-0.998747144276473,8.743154962818075,-6.532669374671933
-5.671198196609105,9.197101640739412,6.700611680790171,-1.829280979426839,-2.378481971886128,5.856197842180324,-2.226531727180181,-0.814107965918456,-5.827846234010325,-0.092128143514291,-5.413738220979338,-0.845264782776137,-8.878623883336967,-1.990556602736781,3.529843129921126,2.960927218863901,-7.323606367870705,-2.127028030668658,-8.095916400286860,-6.738866581384944,-7.479842094080267,4.210342497411450,-5.436819705311819,-7.633762882327564,3.360089534817149,5.353809056936338,-8.495965956729631,1.516707252262659,7.846837155671377,-5.208331843477256,7.252200595090944,6.869950461946559,-9.454656462889059,-7.475948298304933,-1.425806955703575,-4.532083881249401,-1.923129688540788,-4.629898576741236,-9.438119633084680,9.052693229044365,-1.796011179727424,-6.675581257144472,-1.834284584627117,-5.202662263462683,-3.999384488768483,-0.556398549907822,6.270291183744867,7.927058690909480,-2.550442226657328,-5.362331921789069,-2.393233056486848,3.013220759834809,-5.857653186927749,5.490751058323477,-0.013999562120667,4.569836841482282,4.104124436828286,-6.666249982437503,-7.075041866872755,-7.778281116448344,6.783002973991778,5.261163751566087,-5.200839914003139,9.792002815089834,6.516141575146403,-8.496995230563622,3.123990990374212,0.435103170250201,-6.406556039064808,7.719659005877265,1.076475208683775,4.602845646988044,-4.260260994504915,2.116377187728425,5.919670896492310,3.314904198962559,-6.927731965910069,6.415400529610082,7.699582986084124,5.330988197343530,-1.869203353586810,1.872999307693075,8.416023844451985,-3.190753767368511,-9.659104066716708,-0.253895116686909,7.403096964555285,-1.509355489691950,-4.887589105403150,6.930375076854734,8.862357986957036,7.007475702870106,4.818148204932521,5.719419801940981,-4.987794626698545,-2.771468212766861,6.689765637843035,6.672097530425752,-0.183560702016980,7.961642073835872
-4.032886790623927,5.510415410562102,9.464344698974980,-2.201456855653028,7.088852333452394,6.860268908164223,8.963957890705604,-5.497877236023241,7.993241566390811,6.664912465954078,6.763884014640325,9.399734751080150,9.877253916358043,1.288740872676344,8.621397009285104,-5.884168370362126,8.263299733250502,0.811739465977993,5.496153361389531,-6.632946273517851,3.794140254986724,0.844731255623380,-1.610800732206503,-4.685187995363291,-0.038344887209231,9.032018673431843,1.638560468274823,-0.458437363802064,9.325152790407046,-2.898616106825303,6.179440227962417,2.892235589182889,-0.196781502580421,2.588969826989185,2.741645069566275,6.716145951933768,1.508882327460995,-6.793253336142122,-4.483611987462808,-8.076759637229445,-4.848315824916414,7.798425460462013,-4.231341194114943,-2.773913307155400,-3.990113301743823,4.189742283506943,0.429405187181725,-0.389816177568150,-4.849885614668614,8.087581014971928,-2.246406801026155,-6.896563348771814,9.450305681192578,-8.206228049257387,9.118051134397192,7.049822970435198,-9.205756544071376,-0.001734576913378,-9.586008299101206,8.528405073627436,5.009714640101368,5.769342826053323,-0.785171964991736,6.108005805190167,-3.657409422652735,-9.046306069580226,-1.163490218049679,6.828945577808714,0.755809691561584,-6.285663369341252,-9.620379084607222,-0.496237798318610,1.930960470709230,2.807464981608023,8.690664510737637,-4.215549077803722,6.783366192784417,0.139162192537983,-2.667786752899195,9.332792700082610,8.669528732290541,-2.043695197060607,3.356839791339201,-9.851718785858958,-4.185915624712113,-3.014985130138388,2.260719754494067,-5.551420794962181,3.449563292183242,3.039747323811044,-4.595135720655088,4.694313010465423,-5.881026183903771,-6.155050183438171,0.373452877460034,8.528214520044600,-6.413272824067673,-2.711930751076705,0.810891853536335,-2.522699844349847
-7.999821824878328,3.397513762358335,2.090660218992969,3.553425160849679,-8.426716755875219,3.047839471550919,-4.976422158215666,6.532193679386655,2.087850235674559,3.416775467343507,-8.346238100455869,-2.290621138219571,-5.189200874266260,-0.946907406418291,-0.384076977130913,8.943145529831082,-0.978630170550376,-8.512712845686462,4.307354960403867,-8.690768570598014,1.039152449470272,-8.746164049113700,-9.216192767905085,6.100977575385489,8.063475303020262,-2.290367252803145,-5.131908565200474,4.505834381637326,1.459862779382810,8.434046401813731,1.551154667574274,-8.294420209007418,5.137237023265719,-6.661516858435501,-9.398156520552966,3.344280231965735,-0.406343367244329,-2.896773967558879,-7.907827692930169,3.546807268391678,4.503646823439556,-5.629891927743278,3.521944783235909,-7.576845523690048,-8.456985743120210,-0.603992649448655,-3.661410417126278,-4.996532667047551,2.861537329241203,-5.942129736517541,-4.944847855686110,-9.971588287929043,5.598480649068948,5.287409916214704,0.295141507976437,7.294383625762645,4.255032164574995,-0.878379099546542,-7.217726365332542,-2.144612642284301,9.923866416622364,-3.831286252303308,-5.703389637070238,5.304885642571184,9.231369691389098,-9.878403559182757,-6.617843417709260,3.814264855780889,7.459947413850244,6.215182113744586,-2.346329394988730,7.490611155065380,2.309368091792756,2.522360080255126,-8.849850319135907,6.680782670097695,-7.464345300002502,-4.200001482109165,-3.243854116829747,6.536167397749153,-3.986671355535170,8.380388504594542,2.043111826081796,-8.714600469804905,8.294773563086867,-1.277098224567347,4.402776314751112,-7.677226442579855,-0.742218644029847,8.288143105627469,-0.281225020282019,-0.547450637029748,8.382171270233393,1.714102584667682,-7.104517370821435,-7.886131558042115,-9.697492583027030,3.667803617845385,-1.127703090639592,-0.537526894930817
4.337560578790473,9.883739484571347,9.074683279634883,7.627990965030506,3.290036039615883,-8.697884261690433,-2.397434212510305,0.998369460104612,9.769659655126752,-4.428258414122577,-0.217182167203235,-8.141448519833682,5.740848303403830,-5.188205125760586,-5.219117708224421,-7.517002251913256,1.508734477592565,-2.051723079758487,-4.870912163716586,-5.580866883048580,-0.385415389743411,-7.754574487343698,3.380262667301681,-5.893060056778023,6.270441069575114,-6.937071997857000,-6.834942166752754,3.256152385246249,8.068852916362559,3.635641279628457,8.365417717028329,-2.008455758602237,-9.952870943957793,5.153617779503817,2.614089591679429,5.530730322889818,-4.490288703078855,-1.728054084861091,0.696734584014681,2.653113516137054,9.037515414954445,-4.522357921091816,-8.157319238448579,8.062394683814162,-6.525638989533372,-6.751678971280866,-3.635546802348825,4.189304641104929,4.793040534879081,-6.125693429139012,-2.609388217566688,-4.231333063844042,9.831072427879093,-3.554269938605989,3.863324823375592,9.629310178117102,0.727222482866512,-0.898456855096295,-6.376791611233202,7.482554658791397,7.215840935709320,3.891817504141432,-2.290464249953706,1.607364489697749,-9.694891446542249,-5.912291932884188,0.416642614498848,-4.444590769412516,-2.503956808659140,-9.761763816487898,-2.237441471347521,-4.116937392877063,-7.406266984499188,-7.979010033583311,-8.041568141956594,-3.948317964316201,-1.467813547540864,-3.840029187701162,9.237869613575281,2.986956694859435,-4.031547594548650,-2.586796395709845,6.555686287282530,-6.688613632131579,0.800881108807111,8.082569491168240,-1.839429431186437,-7.234189224899694,6.905218770975633,-4.035118388732187,4.846869130281053,0.979667059591865,-9.618114191864027,-9.177540932144851,-1.508011134970769,6.640212346349550,5.798492523968971,2.561765768564685,7.802554946602843,-1.247106954260635
3.527258383368707,-2.076227888972861,-1.170284059017490,-9.269759307726584,-6.647846234412764,-8.033555164606822,-4.744945748141200,-7.651389364573258,-9.657488207702601,-7.332683962678381,8.214338083807078,-0.540438359341469,9.315899105434589,-8.043378681326121,6.697127499402562,5.436145033024488,-6.982599041122803,7.227390151409526,-1.751661620414534,4.495492691437191,-2.998573569147487,-4.170655487492525,9.483113865509612,9.756546083429264,-1.225521878313337,4.396690364953010,8.336734032181205,-8.571480606578216,5.028385269275525,-8.004406943334146,9.688061494505288,-5.902815557632179,1.043123916391773,-0.068793721463525,-0.794383050984653,-3.004809613497475,6.908574645773442,-1.603748700159251,0.127876574824759,-3.338718663569686,4.452707942590457,2.096579781550577,9.382309872353730,3.567526699476893,-3.690287734751347,1.734108740319169,4.371695925864378,0.225527407876740,-2.739751788315059,4.102009515208556,1.602685156323449,-4.499044733738318,9.336695394954063,3.133401319578443,1.503198315772989,-0.389622621591851,3.935243219570317,3.090511934568445,0.479119797265962,-2.473375805638113,2.734362984350387,6.872605522968790,7.855816449157295,-1.731850584484613,0.480305707583145,-1.182047376222888,0.736894858372796,-9.277983865711967,1.365889814610846,-6.753823164014956,7.569023024326821,-3.201453034700235,2.699217566784718,-2.508299773299585,-2.310649193529233,-2.906703052414610,6.826881781217566,-1.285582970485702,-3.513862252578632,-5.443437336503112,5.041070680284063,-4.947734809508500,8.547233770017332,-3.642562031277379,5.622341524163181,8.446613667023279,-8.882213549934564,-0.925454555232285,-7.599674527003422,-3.034336864559135,4.542786331022565,7.132144025054650,-1.190480149893357,-8.980802295827710,9.185043497429159,-8.865027870211568,-2.692885024625569,-0.328219581296064,7.411418139200762,-4.240448531878398
1.304277352626023,-1.111956818718342,0.686934756943687,-4.324423168808272,-1.072865067062622,-0.308546745679632,-6.959748366257161,7.580010003134543,4.174134596343002,-9.133205510696012,7.043699593504268,-0.347239775808150,-1.812089674817031,2.357607493876834,-7.533101292771129,5.467632554009445,-1.041699473278019,-6.732822143354178,-2.609893585842816,-7.453513132869716,4.055357129405067,4.897711495908473,-0.842451428099713,-4.191640368814187,9.644434567395937,-0.341773027128296,7.559784033405215,-5.583954871242232,-1.324907070501173,5.523623013721506,-5.271636404888767,-3.842914226236294,2.123577838382641,-9.966640748120184,9.805414196851675,-4.868332677312726,-4.313447059556141,0.155485361306731,2.678927779332570,2.375628083569127,-8.720156547986416,-6.148374824332987,-9.000652937813916,-8.204228148222285,-1.789127039433168,9.482935421911701,-0.834804720592096,3.873340400992856,5.944360254217500,-4.332536454752991,-1.650380399248901,2.987913647401879,5.475193951337543,2.315533549039214,7.413737975684857,-0.857847250554546,8.940435227464913,-3.307255106402309,-7.565646618198638,-6.906126470078611,2.712355831968727,-8.702656744130447,9.849580881712892,-2.830198183921535,-0.176011695193107,-9.605212899526048,-0.788050152615856,1.187911433866578,-2.925995411188120,-1.556803064743434,-2.476846868287734,-7.599033546429861,-2.712058417353791,-5.599297212502401,-2.778206513450458,-8.431320634435286,6.371527161849059,-7.423787597631351,8.728531026257361,-9.125809264967764,-1.773556093573976,4.397866689403038,1.046479261803448,-7.479628974928110,-6.397119109406559,-9.497095742670679,-2.437906494190512,6.142633113916631,3.744851141962304,-2.600456429123064,-7.560766172196336,3.599063009245542,7.250563895360070,8.394712564599295,6.748667366579735,6.921505453481917,-6.656398245297930,7.814693278060300,-5.395379414360884,-6.842383734538624
-2.535100069548322,-3.133357417118883,-2.091120871968258,-2.178480994974857,9.818246651610171,9.368339585359621,-2.412216278237446,5.350056334848116,-6.797956151964293,9.806095898079704,-9.409963926956635,9.175952626417232,2.990361560051934,-5.360537566057502,-2.681810180177542,0.144478298297186,1.929028663513625,-9.755833476408162,-8.411934846514221,-4.865771705455256,-2.686210646683422,-7.635534509190798,1.332336418658732,-9.526037096821323,9.847530040303106,-8.635499210079791,1.145598208214359,8.465050012918351,0.498689977721181,-5.754718473095444,7.149657653953327,-9.941401196513834,-5.885630369759578,0.516704401473930,2.589910871972663,9.605263353367963,0.668924379841471,8.917264675765750,2.385024076226991,-7.224996141963587,0.858243484963857,-5.980115526567387,1.108449679958923,-4.667207952541950,-5.680742596452351,0.184914241849754,-5.584084606521817,1.135471192388003,1.781367221857462,1.802617861180378,6.491289287741843,-9.439765049317860,-7.934224148349998,7.153501005937887,-7.311964532342349,-3.122762092531772,-0.778023723622436,-6.585755490591643,-3.401902285092651,0.191956361920136,0.148015869538607,-7.936050348499530,6.557556365231235,4.559238601771971,-8.675282770143728,9.387077696157842,2.635237030274036,-4.799978596104779,-3.104526583913342,-6.368865373774515,2.659263186301688,9.390243392124539,0.756975998491916,-2.331648925449780,0.301727374678864,-8.831165769741078,6.025124994703834,-0.763295691283821,9.698691363429401,1.185441919876560,-0.360354404709209,2.767963282496464,8.795985337592491,-7.603125954409389,7.381605442254411,-1.135285161548076,-1.279373890980233,-6.590340732576063,2.614432719779522,4.731005354795400,4.309388658473519,-7.809276221659984,2.729249998100547,3.881980655709487,9.194708592098976,-0.291294793211655,4.362045089124500,6.188684625027101,1.559759024934991,6.764096461265055
1.232107599410847,3.500968520510161,-2.328727907367676,5.726509696986115,-8.758958042038270,-9.466868182352140,7.832324793049946,7.420744323382316,4.427403270537075,-7.791087162603723,-4.463082144115713,-3.554935057619463,1.604550691982578,1.247455948537885,0.509445827727880,6.511089580989715,-5.211714752104941,0.764366939081718,-8.702870386872650,7.036323791693260,-1.195852327869014,-7.951573449210388,7.145086368909908,6.909111674855900,-5.271208600769146,-8.510057055236137,4.797671280516585,1.490001804597263,-4.488003802406024,9.383454085331685,7.341060916024020,-4.331744636380432,0.193850742148580,5.284218722245122,4.592628619037740,-7.492751677324742,3.356357469410815,-4.848762918982246,-5.420512446075905,9.173595712761834,-5.723650794960651,3.828361611939087,-6.566333035592738,7.170878761817704,-5.127801062362645,-6.256020443038515,7.576225428797400,4.512720316818781,-5.582740144459377,-2.110144808810547,-2.160659552937483,3.703848621495085,-7.877834138578345,-2.680065198624540,-3.687699717152544,8.959161294814784,-8.405752853519671,-3.115905820817613,-6.055439712749577,-7.772395006362256,7.641704039585321,7.938817967772259,3.115314865846619,-2.967633703432226,8.348943128917668,7.011704604727992,-2.575801698545055,-3.718226594914798,-9.563149619500432,-4.445591422007453,3.347910902470810,-7.903198666027727,0.021485618412104,7.342459125601888,-5.187365363548397,-8.291118835199400,-3.235153918079106,-8.179383198800693,-6.175383397901399,-2.140187336166837,3.530988335203384,-0.260452183723514,-7.013327609437507,5.464538386044461,8.761007083702530,-3.938452220263819,3.715454317977247,7.375416305130916,-2.346607263031506,-9.396225288497472,3.195639906842443,-8.423133192388688,-8.932222231607835,-2.532621704273932,8.185628017331144,-0.053838514186316,-4.681611183815027,-0.980561489980262,5.846337199675251,3.120773403201731
-7.679020451217409,2.842686319688125,-1.002344617764635,-5.873559787084297,8.541133157027161,6.842288171654282,8.482239371649577,5.396564561159789,-8.214639700740245,7.703528183024144,-7.207704613815825,-9.089321388073717,-5.756340954121521,-7.215007246666055,7.323800947700356,-7.020769227004919,-6.510003858464184,-3.839318707898325,-6.851094272377305,7.329955330748252,5.982557120168661,-4.960722907281710,-1.738903879695608,-8.359575210853990,1.019854154628639,-6.703185303296955,7.221751140745475,-3.963120162249673,1.831730269079333,-8.615872939521324,-6.195997880582651,9.711599352086211,4.228029344416342,-3.883519483196849,-6.940845321305423,1.851974581647671,3.717594888436270,4.904785294802567,2.501811593403103,-7.828176860747398,-5.880364211768281,-4.716738576409729,1.600475237992766,-3.089328729445575,-6.190133857431266,-3.363846311299006,-3.665258527287552,-4.097821029667594,7.007670229356634,-1.123265761319370,-6.319829809115680,-6.211731023686397,-7.836122362164765,7.471468493477225,-4.329968061793174,5.758666291717315,2.163811904142223,0.288354053002614,-5.957418905416767,-7.861176269012857,-1.737077405817368,-3.977631289975633,-5.842678972464737,8.792358281481484,-5.859503056612756,0.538641528861451,6.052260457276979,0.413846685461108,3.660812882180675,-2.960336706371500,2.764132704151370,9.934013142076882,6.089490250284602,-7.021666735776153,-8.817330626952886,-3.930092644619922,2.983772581971106,1.698832127338756,8.658140408436303,3.175658415442781,-7.065412405664442,0.026837818216531,-0.569110013360143,1.764082604510000,-6.178078220172162,5.092629878784525,8.769157421268421,-0.388970035396239,3.311327943379595,-5.465066285469633,3.516882665894517,1.587240832241983,-0.142786242875200,-6.071932312307366,-5.935389242744660,0.328649596253353,-1.917244330124584,-9.134638219494182,-8.747744798738992,-1.214844202168877
6.112311341747947,1.745917162386782,0.462374854866718,3.533441580050546,3.984617293824531,9.409105318356595,-7.102211280060100,4.056868556225176,6.597214986675045,-6.681892694511471,2.276371825508576,-4.759817789315997,3.356759964972294,5.181227242797934,-9.888045099671475,2.329666272401107,4.333406928683477,-5.774306676936332,-0.980940516684875,9.350508979474903,-4.889326434764588,-8.306534826029608,1.819198840375302,8.708303516586291,-2.524515319077356,-0.810509703627030,9.024366920056785,7.843918431596467,6.372475976624226,-1.651014943068830,-3.517900685705744,-8.956834330749821,3.081609983372742,-6.850799840286122,9.428877353404303,0.496528634972179,1.664276990695111,7.027980445261196,-9.610922699721412,-7.581404734602401,3.124638101415032,2.904203186748298,2.688496785683467,6.760776710012145,1.756997263369783,4.813647425451297,1.500323891814340,-0.772236030755582,-7.188816535134926,0.635605153901375,9.597831552653595,9.135575185156736,-7.679704542412720,6.691050712560987,2.437825046440212,-7.806434269112799,1.692776884911707,0.439100013441838,-8.616447227021329,-1.734684907533190,-7.123395829215367,-3.711832871479233,-1.302884071302516,-5.438613947561453,2.824376414707119,7.757174786008221,-8.784773744149977,-8.049677778290166,0.262864160846055,6.118194128345259,-3.828875433067362,8.085003475932758,-8.987882965166342,7.583733301501990,0.970978708756565,-7.261005929784337,-3.223436639743403,-9.616707560179847,-9.742851059241868,7.149010044127916,-1.445216315291422,1.164678445783451,9.053293793725054,-9.250493852520867,-4.168864490181214,6.780024509474416,-4.165213979580368,1.986076984867513,4.528750797506628,-5.642344975145781,-8.392532348963870,-6.455408647262233,-1.455410340279197,2.441311890793793,5.424525328271335,-0.539817611884105,-8.682722100918310,0.709812425438853,-2.540186077295892,7.090197497452060
-1.940070907769343,-7.751645149305329,2.128049493135704,3.637079798634765,-1.455477311510602,-2.887740643907463,-2.610714782456538,-9.238606205368905,-1.264044218249207,-6.140884397165181,-8.984421397361322,-7.175067883434425,-2.910306751591820,8.651442825502667,-9.435765166745036,-9.750142303571220,-6.366056717428878,-4.248050032208665,6.981908004264895,-7.624937496761392,0.543438953467758,8.251400955724137,0.885593513105755,-9.242247918051072,2.146983444757456,5.096616885044142,5.390356726589989,7.701197998537065,-2.988458958289071,-2.243446946775491,-6.297005843267643,-6.466927831286480,-7.409003064436412,-4.760031824344935,-3.240957601382766,7.291551923000625,-6.754724551942703,8.565519705300726,6.637636285706240,7.088226220545565,-2.578822996467665,-6.860560671843919,-9.874682757213382,8.951248083679772,9.882513635913629,2.164379515117506,-5.882067491753444,6.974455211828101,3.565692377507869,-6.862560206150419,-3.235098101611459,5.223092651321345,-8.651087067163946,-9.345098322285285,-7.476776190867820,0.756426171065897,-2.795656070696397,-0.238015283659315,2.354298548317523,4.228421331435337,4.421273851037981,-9.888104520811448,-6.529464589336156,-6.376856693640929,-0.523086369654820,-6.579921947112832,5.786149636811510,-3.217770514578213,2.479187534392320,2.116142810679793,-5.770982133996951,-6.762421349504645,3.376842402552153,-5.291033830718554,0.593584750489738,9.088326891318189,-1.680551222973026,-4.209485105411408,-8.427517093613115,7.102571034110227,-5.071090270932284,8.172476829446154,0.204085249536085,1.452487306181606,7.432552467140642,0.118468396625239,-7.048494516255401,5.281652110612818,-8.176961075926762,-8.756226857240980,8.749158023734079,2.494538560373343,7.663219967684210,7.080996430473895,-7.852357393351603,-3.168681743295316,-4.985920713162511,-6.832975759025741,-3.666109126536952,-6.292040389805762
-2.738527280530838,-8.722006147119455,-0.646549991615686,7.536636330863807,5.376044746819733,-5.980846028982254,9.233896907976721,8.765993857909546,-3.268762376095862,9.123304269713802,-4.627780632406520,6.290910323065170,6.289307733529739,-5.768797139996950,-9.418385853998357,-4.770601777978881,8.527996867912567,-8.831984108732176,-7.739644351187092,-0.161668287113109,1.744111393449808,6.614668736002535,9.000431362371121,6.265901425033551,-0.444390065626534,-9.365963474153819,0.811584474580442,-0.921577766445555,-8.986098535486473,-5.864114675546432,0.083598997235946,6.678920653544797,-9.350833901128791,0.145915290536408,-8.730866747952374,-0.179762842468010,0.617726938509673,-8.980803623067807,1.698591593993219,-1.649632904854005,3.217905432926543,-0.080122091539412,7.684797906240686,0.353778229265041,-5.548797633571305,-3.867294731384670,-5.499219465491874,-4.352330961856645,-1.822749404005934,-4.809494612667073,9.532557596022691,5.537791385037377,-0.972172793839352,2.345855478427294,-7.469649995660415,1.383786129735796,7.429211057822855,1.157758205199499,7.895312633368682,2.772041119713007,-7.879929446249061,-8.579057080013069,-7.614933690772374,-7.531779971745706,1.036538966106185,3.824278960774601,-5.826392411357770,-6.660252406106819,-1.153446916741736,-5.038634612451456,9.397503723417362,7.061556058210780,4.172371166425329,-0.857774314480968,5.709723525453201,-3.646857651406778,-2.925380493582431,-8.210877752037009,7.032747490679835,6.704507453120186,-9.589390526104154,8.160827253700404,6.650348549562835,-4.633718474182920,3.227386644384749,-2.523131146838685,5.776264253566893,1.149286026174581,7.393061341004774,8.527584271038922,-6.522817741980321,0.119685752455950,1.777045723777849,-8.717826981920997,5.569283510371847,0.387209257618215,2.344924278742695,4.329727898475809,4.011273787871135,-1.060922987703732
0.459976242380016,5.382191414421689,-9.938163908611873,-6.158544281591720,-3.703068885438247,-2.332616219538412,6.330954704553889,-8.679515169944974,4.475881747741893,5.910674705913406,-4.054497351597421,-0.699101577432316,8.899046483799253,2.367394134032949,2.861678058557157,-6.122886361833196,5.805636629169054,5.283107243486949,-1.251406860341170,-3.588510945803809,0.920166300764695,-2.074539898647332,4.708325498213222,-2.768609000606537,3.076809686865063,-8.203615953107217,5.479542924861269,-2.720606010023101,6.475927611673381,5.843694043290647,1.870632305546414,-6.529954217268193,-7.079459967112212,-8.909626207854334,-6.774265678320146,8.527808089988209,-7.908284098185137,4.230040144805486,-8.761932278943561,0.294923116120797,-7.602332063115879,6.096864183601120,5.544486520726618,2.654547504365759,-5.149611525182958,-2.369072505240046,5.776036298086227,9.288092040824750,-8.076459494185999,0.352511154594161,-7.898532664957423,-5.410505934082983,1.644026111987236,9.502464924010571,5.387370505231633,-6.325750958456866,6.911881908618387,-2.600161659373117,2.720470558082599,-7.001079144775231,-1.247678555553877,4.016253229604130,-0.861102221400500,6.258661604460478,-4.851211471082189,9.623852845978440,6.840109352957569,-4.915634006698002,-8.847136798643806,-5.068450114209783,-3.137690567770981,8.779548415495626,2.558925394241033,7.158274479347071,-7.899265074062976,0.685287603390707,3.971023776958615,-5.186189969083943,9.952343254109785,-4.602448907003160,5.894991546715120,-1.968947585023999,5.495359377319957,1.416129216207448,7.411255830143645,-7.675168854806627,9.822485752957203,9.713613175861106,5.715529330213879,4.734709343794915,5.583865704770080,7.247415205942051,0.480690941879537,-2.276961917475660,-3.612777475529391,7.427997692300195,8.321033418689346,7.813546578612009,8.079026156656010,-2.543908412918099
-2.087128144355588,-2.863450505364648,7.315419747843134,1.896244849518201,2.653730702245667,-2.064208397287826,-3.135061942566935,-9.194089905700910,1.796238910857081,-3.198428782007356,3.926750642219538,-5.549645828791654,1.045560359574207,0.320516584824059,-9.542115419296980,-1.978383948961486,5.060775007091449,3.024257646988200,2.294416565944131,-1.389604947324283,7.636509028043349,7.185756468884477,6.863789430395325,-6.100792593416036,1.157278230915280,-1.073180098284173,5.642512519123194,-7.135050402882015,0.968159443443046,9.781414765530482,3.459782353462300,2.118094471761678,-3.468415029285428,0.820733440521334,7.250212261526233,-6.702398954647872,5.179223108818382,9.220521302052564,1.340483090079928,8.806076296751510,3.140652705371194,-2.054722174510440,-8.437027223854738,-8.070834925439112,-5.933749522214031,-4.990959000970463,5.349314352240723,7.370164851571893,8.550764093061847,-5.414751298766527,7.452791737755973,4.079521305819897,-6.897208136630260,-6.018806145676678,1.844859745274297,1.093645453636395,7.397335537351584,-9.674907160968822,-8.637711976034812,-4.478104498081830,-8.292342167353997,5.640215024406899,-4.542947997836020,-8.925123932331401,6.357621636553638,-4.625318169824169,6.049774153563114,3.004290800350534,-1.028381134565084,-5.295989025958383,3.963488696864360,-9.485738618841264,-2.198676108734421,2.857961724963644,-5.671781704314965,-8.623850528123917,8.122547164733106,7.217102706189522,-1.056480886239680,-4.900139436345374,-6.792465698034555,-0.685542491143853,-5.379017624108712,-7.441797838115141,-1.383774262830013,-6.384362551210499,6.528333913040360,-5.701221418413899,-9.760195840150725,-1.036274686502679,9.018294076011941,-4.739930800160796,-9.049392360134229,3.033115633096227,-9.067364553931398,-1.077885412902981,-0.300819710230090,-3.088588798780114,-1.704826589490056,-5.886100507010800
8.809640265180263,-4.522776405678563,-1.899966098702695,2.478002679911327,-0.863448540433502,-7.340254209252706,-0.448331972585198,-8.584216744266534,3.335871108992620,3.367683829513332,6.288886859707802,-1.340832614406530,-7.658925764395612,-4.155006979448137,-6.931967656945377,-5.380705966725811,0.532758232047858,2.138315321627182,-8.548077781152102,-1.035492667707416,1.196277328899765,9.308469213814082,-6.310453897101342,9.354661901922043,-1.470967538011523,-6.426408825191185,1.443563194963449,-8.467149324484296,-2.814449320459762,8.145693178631664,1.467456136465199,5.407467144395889,-5.686171791413244,4.835426931910725,7.979075013784229,7.981991533424221,2.920525248982901,-6.342608040334681,2.633212267283845,-8.213416645121484,1.336103771174121,-7.051509014907158,6.958037149454423,2.209805474485510,4.246217217546890,3.302815331513521,-4.766179434088611,-5.814446088605654,-1.830551541334502,5.968467476599276,2.966944904583375,2.300271617382187,-5.755510275311813,-3.147038139297901,0.887708947546237,-4.992096225972997,8.333894321869828,-3.782796508478643,5.007088856510345,-3.055802775185253,-4.477396240006682,8.249767930272604,-4.609834869626761,7.260776318160353,-1.446134425540631,5.631489839263523,-2.124046875712933,-9.926157561847349,-4.983788629533253,9.883070665786388,-9.378415884713061,1.507734032826551,4.106571910711057,-1.351585828122905,-8.635785720998081,-5.867572911971591,-9.133427778908175,6.833601421112828,0.150767051631650,-2.951030662969143,-0.395842483029501,-8.378494815111335,2.742222221414440,6.470455718729060,6.206948223105893,-1.386828911395245,-0.696879044878076,1.677112587736289,-7.657544957115226,-9.524284320991022,-5.801832781658149,-0.283011578047903,-0.813065756023617,4.796848274070303,8.456777238166072,7.820758920382815,5.594894795356787,-0.327642847673676,9.548174085133990,8.293917903601130
-8.905262600586859,-7.476424723471935,6.053847761593534,-2.973438622670632,-3.248499813603543,8.700520850622958,2.753261530953450,-1.364995452549934,-4.986934740768816,-3.221742781541939,7.402807148613395,6.212787993877448,5.003099044703879,5.655068672818778,-7.203776443599472,-3.423445215261505,-1.205895601094031,-5.509414932117123,3.350334739148309,-3.857070885261383,5.340455766907084,6.546034220091286,5.025567490449760,1.412698599692090,0.489701641724666,8.404337400193171,-2.355864754020269,5.025382346731554,-9.944161920736981,-9.250462512489436,-8.367824954817006,1.325457394369753,-5.196003250125503,0.803976735508765,2.845831981764903,5.819984009032844,-6.615206012626313,-1.942914567268240,9.401396313341447,6.556622859215523,-0.256080840999303,-7.929735732085124,-8.924010306507654,-8.296004867550597,-2.093641154618727,-7.539912564155353,-3.105448952445009,5.076487302043194,-1.026950243686798,-1.226377052980496,5.212695791225087,-1.740702082677485,1.688064823835093,-6.340745532430248,6.161649799178150,0.453223144767145,-6.035301771467061,0.712859416887699,-8.164006484829136,3.214926424043984,-4.333796664622489,9.886654078275164,-9.823822218241014,-4.521847793280145,5.831704248457276,-4.925249040778952,-6.231218463621733,9.569017352800628,-9.016475059502248,0.722576228499765,0.112440681173105,-0.175554571002362,8.154906316931250,0.121600349468860,-6.085771445699044,-0.441477824635939,-4.143384983290066,-2.947408713914452,-1.242115963040247,0.656343225123951,-4.493411391870978,-8.295758931508114,-5.645157741784123,4.468555276144528,3.144116504274116,8.373165436128922,0.377111773508755,9.111461201280232,1.877266196959969,1.489799945591653,6.086162130447608,-6.457038689038981,-1.216166614321061,6.539239922399030,0.517807274742699,-4.965657908388375,-4.157703929406075,2.114014999620114,6.237797147139513,4.362749578435688
6.065833017542015,-3.048456639829913,-3.892855068393935,-6.130129391460852,5.859935727697181,-4.985687964842098,-5.798794527792146,-6.097373455386325,-2.053698361562068,-2.110944761081759,2.623813889409352,-3.279178540061302,2.138478615400077,-1.803689758534739,-0.055831098808461,-0.215865482390850,6.530914910519822,1.891092085469158,0.401186592675284,-7.642304866791585,1.353685269498078,-5.434090377758347,5.230335984496275,7.963579165320652,-0.138694674745960,-4.028541053030734,2.473205063990921,-6.716720442362019,-7.868541015048686,2.010136413136649,-8.640624493783807,3.887079930405591,7.431918478354397,-4.306312435785225,6.817542123025500,3.395697995794698,-5.444478214261467,-2.905897161016568,6.494612431190699,0.554409253838253,-1.229278728762775,3.150778057609783,-3.797697429905349,-6.459987334122395,7.861107817057306,-2.956827188426317,-8.334595976254596,-3.643250879926796,6.282305760617398,7.678693979301269,-7.438142628790865,-2.840298167496124,0.366885559594351,8.670483851859426,-8.589161763677524,6.393398394148910,-5.815002307716362,6.543735781431248,3.471177593809763,3.550328290268183,-1.330558887246408,6.660156644641738,-4.211901078075133,-0.314280395253528,0.664191590286061,-7.848476095249985,-9.967325988499706,-4.349435460094295,-3.496758211501357,8.004375867365752,7.685237248777142,5.355928263807211,0.070976719941733,8.930901169007161,-3.823485822662962,2.571272049734755,-2.305244579808243,2.215610487527757,7.552553270011146,-3.854736414989608,5.288063637853055,3.268020789681035,-3.649654016561740,-1.062206878637625,-0.430996506615042,-9.053396144372918,1.252379983224392,3.783932010749162,4.267037859135121,5.269020456986816,6.274058757209296,-7.923388147284891,1.642698586651591,-3.372248833166347,-0.721886752273020,-0.700073173536822,7.786260076966261,2.083872188470920,4.100644576824799,-6.880402443468703
-3.612569230688325,1.606995218011981,-4.800254118160961,1.640060391226640,6.319166126686987,0.029517810496248,5.205550054910365,-6.077489772088294,-9.647750325021429,8.059759555188929,-2.518853230490119,-6.298850464472285,1.102879098426834,8.171774619436619,4.630830364447302,8.539213699148373,-9.304728081518704,4.621471153125519,4.680599409313768,-9.342891904750687,3.453200237993403,-7.312806265063969,0.383413171583772,1.414892037259847,9.266779436487141,2.080150412673387,4.172165979230702,5.425658931631581,-0.950029079744176,-0.034581415870893,-9.149893348392105,-7.351409456099949,7.172177999760191,9.215260108690696,-3.637017258858471,4.223405787608813,-0.727150930861910,5.950306824842347,-8.379867464599497,9.661793716857744,0.124897140221659,-5.033400290287247,3.824052891912064,1.184592953238944,-6.958812785324877,2.340353927907245,3.508850181750685,0.607875430255241,4.754858544017541,7.771870371505031,-3.896916264165482,1.302713111274636,-6.433980374288173,1.144140476626536,-5.174460165235509,-1.074239495088772,-7.480294871417694,9.771145367753437,-0.021801914960477,3.774192048061572,3.863709374166914,-3.687364743078123,-5.552815514589255,-8.370281112512977,3.545861237499665,-4.216080115875789,2.469239514654081,-1.019288852880422,1.197365974854620,9.199261481468056,-1.397879404291725,-8.050063191767618,-8.860951519502118,9.529393770089317,-8.704128685020272,-5.781034313456570,9.919502424241049,-1.071743905847434,-4.500112002182364,-7.837732122775471,9.449531693205703,-2.218842011440076,-6.975663003932613,2.324809455466774,9.339499345701618,-3.407622254220469,5.366828577698396,9.660835256643832,-3.404408143691220,-9.196840345122652,0.781178229260949,-2.282814720648581,3.861038874170291,-2.777208416853352,-7.921462066618387,-6.116536717723243,-3.203937234325148,5.793111281023569,3.549390833183022,8.874489955062231
-0.500126412271554,5.533592947503525,-0.090243514832299,-5.760442677847005,-9.131709568466436,8.430349644546563,1.385713552121487,6.132192922796520,0.763809478563513,3.884636050612702,-6.749611473751898,6.772023655440098,-7.552566326820685,5.738903700895516,8.069656069980056,4.089805245384518,-1.804898383598140,-4.197921270557428,0.429942489890260,8.386390128551433,-0.868206286254999,-5.697133723064431,-4.751361654305910,4.720225010424333,3.233401280356865,2.134457193371034,9.392232584489875,5.755357598665405,1.394873555663118,2.977633387184076,6.654909084225171,-4.683759791940250,4.636472754597126,0.099685278624001,0.048933514455298,1.171124161174543,-3.157624734653963,-1.138502003178321,-0.986946173439671,4.103921991072728,3.354002115713612,-7.521876654485409,1.709555267222154,-1.183787631098880,-5.572877601775533,8.608329146511409,-2.684388803918283,-1.931795056633007,-7.728467135396238,-8.557826265510890,0.186945063018300,-9.394499391406095,-3.026534573300932,-6.854102294578763,-9.403063060532997,-6.968754440728528,9.403670805002236,1.085228524052742,-4.343507502031613,-0.949822279285916,9.956293045474915,-9.822857435771104,-3.396410353601462,9.571621356539190,8.825946536762931,2.902700977716046,0.973808492735291,9.718223211203679,4.505377014591986,8.391617483414780,-8.610920574253671,4.447569615968606,-6.878813080814561,6.152986495916540,-7.235270283617710,-4.141020541800941,-8.915300992389010,-5.491443425700197,6.507013333877527,2.142370056286394,-0.189066010202044,3.138257741902212,9.270881672826214,-8.172832254643161,5.851536285017945,-6.615169538422112,9.723579507886150,-7.552595243872060,1.274733795817726,7.874959759801161,4.755098166110276,4.472685249332125,-9.411716468316564,-5.682189200714552,-0.310618873765758,0.580492089489050,-5.805195899609483,7.131739767486167,-3.000921170181727,2.172714887002044
-5.268171872149681,0.600114367741210,9.358051178681887,-3.252409272672523,6.195615603347392,9.617064205496419,8.234849219882662,-3.425791475867051,-5.101162337945080,-6.519597371009327,-8.508396724332352,-2.959885082288734,8.636279552669848,8.259161022707236,0.297008729431855,-5.487046217926368,-2.134669774386175,2.351148821031339,-3.247074275169350,-2.821005192388705,2.183573537267938,-7.577963991763681,2.380439159402794,-9.012129598716548,-5.705561676133324,-6.716347867247592,3.169206211601312,-7.346380363611056,8.309583212074475,9.996454159954069,-7.634360337453092,9.423077421913312,-0.175930968254898,-5.135749049371965,3.377100487900702,8.000315710705731,-6.901283678600776,-9.590391690868351,3.303153061991786,-0.373897264891930,3.684463399707328,6.908070151783892,6.171554756611044,-2.255468863376839,-0.899856508645936,3.797727676040825,-3.928139537436389,-4.764520166641879,-6.221404478160744,-2.312088690706029,1.080158789782111,-0.475219200813262,4.358624742381348,-9.632739332166459,0.290265556605423,-2.954706620301430,9.149404385896574,-8.072686000927412,-0.902538475369152,2.867057622618123,3.059605759379942,-1.908284125129889,-5.723016217203536,2.934492896896419,-0.632397015022786,5.595400987191088,1.977403774373984,-8.020116764186874,-2.973260437056511,1.354086180853709,2.465749848125631,1.172916621475775,-0.978604314500824,-7.024560092943293,2.403958088226155,2.414626154523393,-8.019479217276986,-1.556623524325635,9.367156501311150,8.745002881185403,-0.502958812342257,-2.556612872544619,3.204727320331784,8.889723157042635,-5.955721898959987,9.939754969722369,6.303333744962256,-5.076893037962105,5.062003691137800,6.946892263898697,-0.943883255308045,-1.021368761662384,4.278067379784114,6.413497974908843,-5.075406441171911,8.145527447536335,9.130787388357458,8.765320018782869,-1.040162217508648,-5.387463340777650
7.479606369583937,1.732309956197707,7.124669801986695,-7.694696757238752,6.657510778535926,5.627578055140157,1.032212447303840,-4.494787065988040,7.069172241879961,7.988069394404967,9.664131502810264,5.631119485689876,8.893227411581115,9.310334907057467,6.162133521123891,4.763181230787763,-1.417852365045375,-1.553151326538512,4.945426960310371,-7.033033464709789,-7.746894319220887,-4.975199563935531,8.571512486488771,-6.371454942998184,6.629167527673157,-6.594161363916848,7.703493964364693,3.970016856705659,6.941201706412269,0.683690751291632,1.080948057499629,0.968072222294399,9.357694212858327,-1.918020556969541,6.746126894269615,-8.765600799638582,4.825292163251476,3.778284366774685,-6.874593499828370,-3.309881382258135,9.133544649308700,-4.880937673306116,4.908148754524762,-5.813870650243230,9.733755995963758,-0.253057148092520,9.243333880520371,0.262631929923575,3.928754584570369,-8.965465641431186,-6.530108338571205,9.139636156700000,-9.091420000971336,-5.946281154627428,-1.660052979624890,-1.931382607658080,-9.072341109816849,3.644759775664570,9.814826666007466,-2.393532947942361,-1.116903383151520,4.505142118868932,7.630386432469511,0.055446622639652,-6.444196844153087,1.133897649427107,-7.939979942789474,2.174281072335710,4.855287753800599,4.975665973645372,-4.210216579117347,9.958041892172865,6.223854630783361,-4.772688830947067,-9.026638995810499,2.335349262647949,-1.037199167414860,5.678764008498089,-7.095968086554631,7.512713541260318,-0.328946089558382,5.618350226888136,6.681218289393932,-2.077530268440009,5.189959888433297,6.833817755581705,-7.257992444291395,8.930978815331592,-1.848755512839277,8.883571978198646,1.541967518051063,-6.048443114099031,-1.157215162240554,4.005466781701863,-9.545170831674465,8.550543266113785,-9.724419075898712,2.982106000905860,-8.153686674748517,8.833118239709584
-4.020240028493443,1.731352720215719,8.542504119609028,2.706224865512002,7.124971987526941,-6.018934321859724,-0.395844522641131,1.319012502467899,2.941596394820893,-2.416928169610106,-4.470454497584049,4.215748717036096,4.144813490634402,-7.168693310007226,2.363402755521824,8.355065302838650,-4.077423945196069,1.887539419496715,3.987372691943191,-7.441104586138625,-1.502588889756108,9.872766306171737,-8.564848680418415,-8.401838002775932,-9.919622022583198,-8.180757812866817,4.167145884998099,-6.701704911670030,7.219799433641008,-3.643592519098258,8.232110755631034,6.454278557314169,-7.104520512724671,-2.724386106523651,-4.106345417840876,6.537141396417276,-9.003069745019321,0.423727008208212,2.495416362965548,-9.860072162798195,-5.132426327855519,7.993384007587679,-7.712774304919916,-0.673310620087355,1.962327662139531,0.343539485788773,-7.643004403833904,-2.658799502368961,-1.129290115534300,-3.546271574045989,-6.054804740219318,3.776661676168992,1.976738326277525,9.429510047851821,9.873976892427020,9.796050975250544,8.622432872192633,-5.160071259985983,7.302607768267634,5.242816967049018,-4.151934788215915,-8.480325836531284,6.711835646511290,-1.551988320164785,0.675393758353426,8.195338743422834,3.709666844527788,-7.738504634662227,4.563635458703008,4.499574768602114,4.810893067362072,3.163304551528254,2.115704700307379,4.318478738522886,-0.436847541685243,4.767781744216379,3.682326666400840,2.252236378691366,7.432628061080862,-9.314269982436421,1.834090860975534,7.788607494294645,7.970389657059592,3.332162048577921,9.056012121111582,9.826656262962345,1.133920701189306,0.747981894883869,2.654876078937271,-7.301183581151980,-1.113380177994667,-1.661928370410806,0.331538362998733,-5.742366046466667,-0.104132733711742,4.130856918117258,-9.717496170817569,9.163308641555993,-3.396728592967313,-8.684472823416787
