4.339799277802523,-9.072390976417150,-3.969564722523470,-1.780309721591834,1.095228791964580,5.801489407459304,-6.577735530534248,3.492410216572363,2.100569431403621,-4.449809719477624,-2.474593326296914,7.001613444847159,3.709746349062428,9.752382527618451,-9.704001429791266,-0.273660451754782,7.864138278402308,9.800404291628556,-5.475199375633306,-0.199770590453326,3.330405265932992,3.647827154219570,-8.410883953457542,-6.712182186854210,1.266813325732043,-5.348772986533879,6.744503089835533,-9.117428729493129,-9.768775491982682,-5.556094303742243,-5.540898483953212,8.345522944980434,-4.363873666785891,-8.898914808095030,-5.736181216448042,-0.939499134127576,7.863791063230892,-1.279610137078464,-6.885267824320042,-4.956310683118925,-6.740505010493480,-4.348470076371534,-0.848662322839250,-5.562644993690000,1.214994782897868,5.150276943091720,0.987526453389409,-5.503942728646878,8.556574744841633,-9.973678582080343,6.080585670503215,-1.411129558132124,-4.315616001350129,4.381693609329535,0.756213607235072,3.356306847551700,-9.560122521984749,9.233086699948217,9.195043552207370,-6.701820460609104,5.555617965753079,0.715941308499451,6.538096109459261,6.510399401915986,7.468383821790944,5.027481538788031,7.712513371761538,1.011023045526656,-9.380040622206028,1.128695844160909,6.667349656996048,-9.757823294093617,-9.762130513778363,-7.771073709897807,5.782214820287138,4.956739709792139,-6.326209118419676,-7.948809257544156,7.386803392262074,-0.850027222763131,-8.258892560572960,5.987558914458550,-9.244708362455196,-1.539443263925357,-4.801147206872624,5.653163676580386,3.983090789318959,5.824141687828071,-9.520861390285573,-5.963415834410036,-8.536503552422374,-1.944048940555980,-0.708707031518504,1.110070910688792,6.888094226200643,-4.868946426266845,8.005523617150509,-0.740324517237262,-7.853728302979180,2.596631330587195,7.817796320575873,-7.694156849142592,-7.924478765669789,-0.637515825191679,3.852753373697745,4.027793354658105,1.026309418595829,-7.776762959501915,1.080511751291095,3.079557519574429,-5.548500854714864,4.844396636730732,5.784940070547446,-4.139950867261182,6.126056519957366,4.030628029747568,-5.412172010372938,6.021360143403506,8.296961258032201,1.586321043199030,4.481352322338637,7.437234589450650,7.026151300097020,-1.951578882065661,6.227369715250983
-3.498543559536422,-3.466546734773301,-7.423684005464118,4.144890112667918,9.137593485716369,6.900498055862492,2.014991365618446,-5.315806765446913,-8.557420724469315,4.250217706960047,3.409954783777618,-5.963181123700041,2.540222162947233,-5.794625941798146,5.015318906608710,-2.699350339952405,5.628882160100318,-4.060763610032678,0.712672908985329,-7.251869554559239,9.604834535095303,-2.816640441032385,-2.293432603736473,2.168359002727410,-6.973934083619402,-8.681425779413861,5.508997066765071,-9.340935433655522,5.641235968349957,1.396588776891527,-1.412862620337451,2.545678807990567,-9.841138748427360,8.271208555374447,-7.873559465307640,-8.501394531047524,-6.615734291548209,4.488146218627683,8.428934327408935,8.421875955178745,-9.181647529208281,-8.422329760351673,-5.763845620323631,-8.876078569038011,-9.688715346243866,4.715609977408086,5.780382602266940,-1.616993491296997,-2.100079354542244,-0.800788679794334,9.451675080976774,-6.335306107257653,5.360941895290360,-0.402276609500261,5.313712995823131,-8.850578874588258,-4.562844742749055,7.480350583838909,-1.640058213011407,-8.837036450191098,6.358443563587930,1.812525426703960,5.393032431090145,-0.230526898494572,4.084501835919092,-1.041572382248932,4.385087767912717,-5.556268382819343,6.019604611419819,-3.791890658569126,6.798579365980050,-2.999137286034150,1.011393674515002,8.316421051188410,-8.996814507259286,-9.221487490032183,-7.282260767166850,1.800649070487310,-0.938647224207687,7.244713707687335,2.690036871880146,-8.142273839408574,5.126614852683986,-2.915981924009847,1.046856881229283,8.006133242199397,8.085252866669506,-8.403809859217510,9.238944203646973,-1.284749295384932,9.362149341010813,-1.820487801617750,-4.687881342532750,4.835556086179915,-1.694499344929778,-9.980782212995955,0.560146089117531,8.791321587943695,-5.523126580323600,-6.518031951394379,-9.371640215296615,-6.352185921771221,-0.893134348958993,-1.135045134451616,-4.695902436132265,-7.646593866676374,-9.134981015461857,-7.389755516004661,3.898077493262484,-4.126641203659100,0.506385340396545,3.684984185677042,-1.553436992950715,7.985979655961508,-3.640141551293238,9.000316381082250,-3.011058178132422,4.027815667537276,5.376421219448282,-9.873197029838712,3.267830739475002,6.996966167964867,-6.628369001894965,7.412022630648718,0.988893654873245
5.354302446691561,-7.419028251705240,-6.168680968449134,-1.395784049076163,-3.769482616325859,-0.421893460300851,-5.009432741170288,-8.167027442155458,4.300060054866266,-8.035925012917380,8.382108637849964,7.535231969595312,-4.828674455874902,-6.219855016889180,5.101046677705813,-8.301889984503434,-8.038406986255337,-4.347093612274526,-8.255457135115867,-3.689843359455322,-6.625638337902058,-6.011099298529650,-2.859558217167633,-4.974785052764574,-2.976765114561428,3.269071257675956,-7.227173496015215,-3.739718276203465,-7.471719197489288,-1.159290893474171,-8.407175993503675,-0.831047567188554,-4.756363210615479,9.465786881096211,-4.664225998406031,0.235770369427113,7.515838573388741,2.644625084800506,-5.606564294519925,-3.841331619247905,0.201101500565342,-8.544529784083352,-8.858915915600269,-8.104478935907354,-6.151138530612257,5.349745427923221,-7.657213487493610,1.304927530855542,-3.531677677439918,1.511267260390641,2.127797716893960,-2.042468971697846,2.173558355662596,6.038163193242152,8.767278930381220,0.915411774594999,2.956827162676479,-5.821807613691692,-9.028599744870986,-4.157175770210748,-1.877521127597761,2.389031737791743,8.233191860456767,-4.051364701667676,7.513952998099398,5.127616876474965,0.093457430742523,-2.522693560608859,-4.161392053077437,-5.429800220349474,-8.833235034466718,-4.926807832268922,2.588954880925080,4.825989661723515,1.328568926816239,7.591307311289103,-5.245926458338150,-0.812881177843607,1.964961308254139,-6.931203030963466,-0.939109847089878,-3.921736866171763,-0.888028751441075,-0.765827414995075,8.535398696849391,5.445346512924443,1.887464255383973,2.943450068328026,-1.805589764360995,5.443664265564296,2.410739990987572,-2.198850135814212,-9.937798867285380,6.984717833212738,6.468371231132007,9.092830180295582,-3.870312841392498,-5.560340394760681,-0.905939145879236,-3.816088753325748,-1.957999058458649,7.472430500494035,2.649672115667048,-6.053946449676715,-8.516927626502719,-9.040986399012565,7.640808975700679,4.571103536331414,-5.891469297637268,9.883402380878458,8.402452939735912,9.717714188482912,-7.960710404465170,-0.245528440287554,1.105039450039094,-4.369237420392917,0.863537739156131,1.995501463962722,2.200692119134013,4.550279454162167,-7.839453417121705,-1.875410706229959,2.449842709270523,-9.390587150649505,-8.670130195222423
-3.224473305793428,9.613691190253146,5.117967597148995,-5.051858913518121,-2.954409556680346,1.362912427411578,4.864693642777286,-4.131081456957082,-3.276577937014686,8.104330735587620,6.841763563958924,-9.109935328663285,1.036869892272900,-7.968577229198440,7.927867785346400,8.857528254383901,3.070565137779099,0.244166592665159,-4.694293170648196,1.054207919676809,7.677155892106651,-5.793856750475880,4.133534085650654,7.102090986805969,0.133644939529756,-8.738083939638607,-7.315161555816707,-4.451945975287817,8.286262227951912,8.798058576729336,-5.869048069366971,-2.958047187582320,9.940775045569495,7.374052345730398,-8.784937566683857,-7.421228305328922,5.318580294448601,-1.684882387189827,-8.059811756393946,-1.276150258925346,8.764552974778319,-8.866245911399655,2.578366917664541,5.914011028399127,1.687469205330917,-1.181602570141100,7.705034983695217,-5.896644183828192,0.644845443855733,-9.531831927786470,-0.511561813189800,-1.233384161584395,8.085726988566435,-8.742449361228404,-3.688714690331024,9.129349326339867,-7.759107650558919,7.807762574015044,-2.346567919572151,7.836550855967044,2.942906849024995,-3.257205009363715,-1.076072108858828,2.808235250184033,-9.609463951449314,4.322169793805276,6.935846821025955,-9.249181153861377,-4.780380182886718,4.862884364196137,3.546255741518728,1.916829945292545,5.552520404661362,6.088460499427672,7.258133095786732,-2.714585201545394,-8.208919277904824,4.754753403646779,-2.023951405685938,-9.276231255942369,-2.269215274644345,8.994423714116358,-5.574825396499588,9.649307729094364,-1.852375507079060,8.301960081971345,4.779877575156672,-2.716718495827375,-3.974288497027453,3.411571988219800,-3.540851518312371,8.962487634784331,3.682058640102920,-3.971358127772044,4.530151188798470,5.149862963777995,7.773376295799167,-8.763274228053445,7.817062970241196,9.278931406127104,-5.983785686540005,9.626502189550731,-9.096726139662492,3.652193968386456,7.416351381117931,-3.904020725966777,0.490539015186982,4.873123363514914,1.093619017788310,2.648752316354910,-4.482708371340518,1.951378075997656,-2.022234735318300,1.508012694432416,1.726127348056384,4.257808908966638,-1.062279686393497,5.759885660844070,-2.234156777918894,2.211262523512502,2.572158165664774,-6.521136090562418,-0.531263760573903,-3.450825083474475,3.069129227222758
-7.938039280151963,8.651138933473565,-4.817143703932800,2.495722510205479,-3.391025529694853,-6.077526599085865,5.504249898680802,-6.651709826395569,-9.836875787678839,1.526319051609962,-1.451684166887093,0.226577220331095,-0.888828418425675,-5.302968661178891,-5.449417263841032,-8.326898162099994,0.277571803550803,-2.818766489814748,3.146527546964254,3.760103884567121,0.217948838270898,6.008704672709165,9.264111626962290,-3.301716099853160,4.540552610664294,-7.654448245420545,4.063367959613139,-3.984144593675101,-3.578394965347725,-2.710000308901375,3.483755465635738,3.359418997670192,0.920759776914666,0.817661182214042,4.844141376741437,4.155211926102600,-7.011379309117965,-1.924985602954223,-3.458694610343600,-1.156935484180249,8.868420458128938,1.697435250512749,6.870874238203953,-0.404287043561160,5.521335152722237,1.033542629639790,1.293490885195485,-4.997655586334484,0.783785004036176,5.414298368540553,-8.971088101784952,-4.531872323035468,7.666420390913590,-4.016843887273009,6.683835196395410,5.413300323900994,-0.930211222813188,-8.430455138924993,5.213852472632205,9.339076254069887,-8.981212213666378,6.288520881030383,4.910825938378133,5.586295060055534,-6.846887930387052,-0.261954235988908,-2.399022408622273,0.474273786132301,8.371426122673139,4.794911538712391,3.244732093353239,-0.455318664500211,2.011288090853343,1.957544980368887,9.640162702269603,-4.140538542103338,9.633078665562941,9.319253066852653,3.262235879398593,-9.273035787288226,-9.055500143596937,-6.074651154690153,-2.247007969777384,-3.867216385597787,3.238576977089815,1.756632320181879,9.324600211061910,-5.109270743254681,3.146404589592445,3.488467765513512,4.209855450313057,6.086878507601288,-4.349229498512632,-7.571128248553533,-9.268772619750445,0.669790906511414,3.595295475336931,-1.439170344758852,-2.830618599908695,-5.126379406272211,-5.177503094362268,-4.432445026459537,-3.134453021542704,5.739594667553366,-2.801471051808726,-0.945217978773156,0.577130549079802,4.412684252901526,-8.887206622304102,-6.671957990188824,2.668439949093353,8.599808429951075,7.267578015501108,8.339839420447404,-3.878180275755319,-0.990434522274860,-1.147595919450691,-8.718771410955215,-8.979002887629710,7.716704724193484,5.777049811935919,0.502034455448204,4.330162544323830,9.066385803220790,-3.069195107267147
-1.870223815684316,7.460367461518114,6.527488087080247,-3.675021002775607,-2.505167854706545,-9.018579797101708,-1.055953251823770,5.531707487704400,0.433712973389985,-9.624276558940643,3.348647030007426,-9.850853861170412,9.491675166295739,-3.247736328542221,-2.273950378417801,-0.087051893570729,8.638940721029858,9.080336296928756,9.403274479468841,-6.164345966485283,-9.606490113303714,6.119189862934988,-8.220814147066008,6.190974203227849,-3.057945089511320,-3.864681671543037,1.431993811411992,9.877896468983963,-0.528005591027391,0.424483786105780,1.850822995558055,4.714253336056951,-5.218120034481172,2.775883273631987,5.012872979640148,-8.698510903128152,-3.091208752365542,-6.235922663671385,8.911616254914371,-4.311885359506638,-1.245117430318935,7.343523716769688,-9.325925333082456,7.445797833119435,3.738956799274815,1.815619865477887,4.139001911674731,-8.045827912345331,2.713979783638305,0.110444984100548,7.548474053644966,6.109946862125433,3.075345045603603,9.961192567329785,7.349156443300412,-8.230965804645020,-6.709996350365339,-5.365851903593168,-3.442631813360578,7.928770528310402,-0.562535309578410,-0.968204291517418,3.993797253557050,-8.496838942929735,-9.109470185958504,-4.353334324074711,6.842900904084413,-0.430393303610757,-8.579100352120918,9.446855248730436,-1.313507143097599,7.748341863489618,6.387896964936264,6.798256379867141,5.715553186279795,-7.533384332433306,5.866205639705841,-4.779840651745482,-3.008058671900608,-5.524186721914182,-7.523845371190989,-7.715401654871783,-3.389616777413183,-0.790767000486014,-7.734964863471019,-8.200956581606057,3.821773678005968,8.560547930386132,8.436017996531408,0.672688461713056,-4.091277934501523,-8.103849653626565,-1.156548843716600,-8.698552848512296,-0.389451261435097,2.171165050179457,6.996974628485813,-7.841037178418855,-6.197172618311337,-2.381862797972312,9.953147024124537,-2.406312189062916,-3.368436519091951,-0.163683103117521,-5.622794387590790,-1.921842452236151,9.601672661334018,0.826283332996011,-7.016951978890686,-0.174965852177680,-3.165724508390479,-3.772474904778695,-1.472411631744537,-6.957244905876296,8.650385766565392,4.862808996620615,-1.019407464143470,4.616809603722077,-0.892119767292813,2.053108152985567,8.712624805934315,-7.266946653552484,5.839547286770895,-5.861783730370639,-8.246168321686678
-5.570834181909021,1.665507273709984,0.070211022789195,-8.484553556340517,-6.502025486813254,1.127986415315634,0.859500919413712,2.172809363506472,1.942546480454121,2.177291907046754,-0.919383573083906,0.720458179870560,-7.232311448709701,4.037490070920082,-4.373590377846051,-6.413123619951846,2.168303705834200,-9.464187964572586,-3.552387921947318,9.896990713342756,-2.840395477950808,0.356376752997145,-7.464933591390224,-2.756159449701949,-6.180690093036429,7.899303565744365,8.222122486697263,6.065106403975321,-9.625020096129944,-8.555190157648056,-9.135667040435607,5.603207210907478,-2.817349254298724,7.326959062402885,-3.769781963793783,-3.780180286867387,-2.044877597315620,-1.660267186937347,0.202642569817094,-7.511898724112842,6.412546246237579,-1.448149284330785,8.409765921635980,1.233553861610925,-5.871612130637609,8.986028159885457,8.432048698489581,7.543765965596965,-2.764320960547986,-6.727923081859752,7.613002379448297,7.922470876315913,-9.770305341154852,9.322729010276237,0.400401542386904,-3.263797048628289,7.942766241947176,0.653355643447650,2.385938136774694,-3.418628376056958,-6.246840210326338,-8.564561167760887,2.667458462213689,5.117408273888222,6.155329475113106,-2.449550091845252,3.894584681492805,-2.756485998483673,-3.197361011819925,-2.341020213974936,-2.618364405978719,6.492680631575055,-3.130291620594825,3.797409744670679,-5.517290055213893,-2.034914276166497,8.910320570648626,5.995842701248652,-4.612603904010126,-8.413615931526719,-0.375212756899314,0.958600916792776,-0.187472322667297,-2.798840626676482,-5.105133357740897,-4.713081224984064,-8.054184602534079,-3.633267812994056,7.385234670987170,0.149115136320642,-9.471618897064788,-6.853873029083950,-5.069027184558877,-8.926702953957404,-9.918785564332326,6.276664784514459,0.959458845625417,-3.081141008395911,2.834808334686494,-4.322689598862127,-9.759062786740822,-1.327058542591242,8.836395998213323,6.457379383664620,3.975019822977499,3.552934478200561,-4.095448112443114,-5.251128092942960,3.486770946815474,0.666563682377477,8.855138557137089,3.243110783192103,0.371318745191335,2.065234398155845,4.211295675675352,1.244547335826001,-6.821220432665465,-4.739190416910690,-9.216337473400840,-1.394363507482501,-3.302588777587358,4.884486507427720,-2.668104671140958,-6.283618197466092,2.421921195920305
5.628544018543826,6.096508599131532,-3.391498019892905,3.066768881351361,-4.997606960315535,0.179663084103359,-4.062031705943118,-8.035471825879817,6.964240820139704,-7.199755209717297,9.421789907604513,9.974552493904220,3.949451436583068,4.492570410954910,-6.654504906950685,6.560172837441634,9.418509726331589,-6.869598891279489,-4.564675482857055,0.275827348204844,8.284862833723665,-0.600093917507930,-4.050385845768094,0.541298296060564,6.504326045302648,-6.342886362890714,-6.296084687585582,-4.694709285078041,3.781229188054834,-9.508861994725709,1.646124053912688,2.334267691330510,-2.775091960689839,2.502732622367954,6.596798079924323,8.757377935610215,-7.568411527070065,-8.478380326701886,7.751127622235490,-1.995807458397588,6.552270351826522,-2.847259123904948,-5.953207001993343,4.679426306823160,-2.352960512268741,9.494122279132160,0.535501402975969,5.428318153171034,-3.609777390799673,8.604387978973016,3.388629853299419,-1.453480049672976,8.120880280170752,-5.651033357512683,-6.564544216378296,-1.736393880948368,-4.583876854605586,5.672158757293108,-5.300865425641876,-8.944406109703669,9.090815060896183,0.982809678994194,-4.293554968438713,5.597807661261600,-8.928719502656939,-3.208113309912147,-2.039942766253722,2.680503378528121,-3.656844696920666,3.157269330523590,-8.427961092635528,-6.331947050233566,9.993577309572025,-2.429579107827548,-7.669258090904789,9.058040144451823,-7.783595760886963,5.596954965817558,4.392003402594042,4.468056763532012,-3.425837119797315,7.086558648599201,5.092952300245274,-8.331224544495727,-5.383894380291039,6.928376420800248,-5.539956731287818,4.552013836885934,6.565200016161008,0.364212831732127,-3.713450758167454,8.002679437534454,2.439670064987173,-7.069525053089761,-8.829464528307447,-1.281403675747992,6.662707406592993,-3.263935642647901,-6.732197994223252,-8.309681174446602,2.096312274270488,9.638001221825132,-6.264089853530730,-9.395084200721417,-0.812919376118069,-6.510483013819488,8.000924764540670,0.408251120843419,3.161086105776869,1.024489928917330,-3.850335288666804,1.812761071248834,4.584658423524511,9.036097287300031,-7.618006252950417,0.701140868089162,7.906265028815984,5.177241677339413,3.537567191934418,6.938549809935900,-0.540868215069095,-0.487704849313221,-5.752264334087767,-0.229356055930056,7.050131548183064
1.534364276113156,6.675381256866647,4.331549903811178,9.133575297642210,1.352012938100206,-0.451207024652833,-8.411299915613100,3.586439616743464,3.156363501827499,8.171404124925051,6.115504571825717,-4.420969147124607,1.304312684482348,7.389488753320979,1.295986982496993,-8.245186120142947,-4.560038785452352,3.539573738966302,1.629837097951262,3.629366850644356,-2.020078885356624,5.911872661583741,8.153463213525264,-0.754664764299299,-1.935888753808985,-3.841125159607628,-6.361413169406191,6.330291331904213,-4.446882378132719,9.691876692207181,3.809745413270162,-6.806896902458472,-4.373219306627261,-6.843892622119467,3.161423913592497,-1.141998856466575,-7.143348626144235,-2.442610386952708,3.117587787237628,-9.162593297922283,8.837600491490271,0.564822675372984,-0.002974201452453,8.482460734966622,8.458494379309140,9.066845294794174,8.638704895362217,4.319170803068266,9.645413599620532,-0.626698851984795,1.635086332169326,6.421354769498453,5.113190956298508,-3.843265915855700,-0.992538205605447,1.455172980194641,-2.789788314166712,-2.099851310355916,-1.694310596680925,-8.149935266766912,-6.132761354477743,7.542575257238575,-1.807381181696574,-7.058491286730161,7.916631277282640,1.134396490529817,6.604763245608240,3.972224074737319,8.512269998777619,-0.876376381598636,5.440306828105756,-7.767510430808637,7.557739646965111,-5.016723267882625,1.835565955201075,9.580711590577419,9.309151192850912,8.157205775498444,-2.379095836485297,-4.918638786498935,-5.922266243697982,-5.376114057350037,-1.757675624026779,-6.754397296994707,-8.668018070471092,-1.087912657025580,-9.933595636633168,7.017387059110920,4.553228231583560,9.974487176328669,7.125478284506123,-8.133214302255066,-2.520029366450364,-4.978270680996594,7.359718993279468,-3.500659894364848,8.716956496300241,-0.798488855727458,-2.512415572542404,0.506305036763017,-5.916141530884060,-1.691387668478153,9.196838918215683,2.374963616410088,2.662694860639487,2.336548962599929,7.988392159689997,5.977228926637137,4.100570552860429,3.245898102488990,4.743506086884683,-8.635679113224432,3.630533093213071,-2.774885181464873,4.642437298934452,5.746133471934300,0.202845080284282,-6.503183230675447,9.627403891411618,-9.621630682214859,2.137627820881027,-7.924217222554866,-6.882375882853554,-3.719726677455832,3.569524477990743
-5.218730848458741,5.100408646455939,2.538937066257079,-7.659997107788660,-1.663770904307079,8.275280808738394,8.809891087732943,-9.447868261518890,6.631073138189457,7.592226357384543,9.061958739488777,-3.117199734692973,9.606084697166271,-2.572596264027000,-4.584587655925311,1.242804271009383,-3.050453846482521,9.702513347437346,-9.398101702821258,-9.666283911576578,-2.197174508943156,-2.872014699778209,-9.587511187502994,2.704015546369568,-4.251062637151044,-1.742689225666567,5.583982296126015,2.284460857747600,0.640768358341877,-1.845860901477888,1.624025802168765,-8.251539372153404,-5.422397580687890,9.056346480511714,7.710960873588185,0.294307331505959,7.403851080159697,2.495253617023117,-2.133237108188806,0.762137427599011,-7.846423752240417,5.898955476894267,-0.945842661127564,7.436607523476948,-6.219291178002035,-9.385319874520675,-1.649600287690729,-0.133469168454901,-6.273624087073546,5.634920081755242,-3.507203154444706,0.683515918693526,8.123337340276624,7.173706297561434,-5.242124504970302,-0.973052269055257,-0.577021093526218,1.776824152917396,2.007745768768995,7.226874096836468,-5.168438832104751,-2.511268136818979,6.892971267444832,-7.493878274489902,0.433025209096796,-3.906253362303779,4.799492626676955,-0.138109144419928,-5.842783179167352,-6.888291220347485,-8.580662934690483,-9.096340840609265,5.990178244884374,-2.756453363652424,-4.823521737431474,-2.474242219776221,4.177346563030309,-5.721641199171934,-9.527806009155400,1.816263879352524,-7.049820383153471,2.022396201764472,-5.208601824353487,-8.172752756417152,0.207358652865558,9.371265444038052,-9.642674006644667,-6.764922261045827,6.180646484964317,5.573048327084539,-9.248416451276329,4.692627912348454,-4.734108344004692,1.687091573621402,-3.654332163270604,-6.160940752290431,-7.176549150186351,-1.917321881847503,-3.240603482047765,7.838731166637416,-8.475910521980518,-2.630439631726754,-3.228104022672492,3.288603634304090,-5.233705036234930,-3.488363825268401,4.910156145400386,-1.422050155429526,5.305583716739935,-3.067684744467747,-1.375966546590771,-5.526264370413491,-5.742464640754077,-6.935749987574873,-7.292788750113837,1.429870717004624,1.658419884972808,-3.696478575565846,-4.872987993853988,8.500819409085203,1.359987928516420,1.277260908290657,-0.460607238616337,6.024524817604469,-6.368029068175007
2.328553665480868,5.890861313662864,-8.779988786326246,-3.345396220412549,-2.180543973060014,-7.472792406989084,8.652526261621297,-5.424279799912684,3.537653715688680,8.471320654185451,9.703827870666682,-0.942820565248430,1.851417949127804,6.002102408467913,5.588344641811547,-4.003106283674638,3.715313959037070,-8.945448335734874,8.175540445849297,-6.409043056406118,-0.609369310077174,4.018775875469716,-0.855963979210738,-8.718905648323442,-2.440415701548915,-0.339250648038474,-3.988002497151360,8.749616708247135,4.983388121950618,7.116564591429707,-6.309460814198101,7.936436645188529,9.143943027474066,-3.110497251662792,9.070944837987152,6.657788975183372,8.954648275174037,-8.300363050622572,6.386315735126463,0.819588097101590,-4.211855490070137,-5.398315627747456,-6.440074178725999,5.846912916658155,0.380966256048845,-3.718423766090993,-8.227363298748880,-2.629597521982266,-0.803951864828857,-9.574429184573205,-2.107467806957375,-9.232989114304379,-1.549423498057292,7.620193899373692,-9.043273047577149,-1.895322517785349,-6.670988751250222,8.602426565784256,7.686310803549343,-9.550558764332424,-7.020628714329183,7.719391521774504,1.888971075753405,-1.276432240693428,2.716195435236379,1.611689212035438,-9.856689464399910,-3.857301715990236,5.356528934647011,-7.516116976958016,9.469752672325949,6.196968965604512,-9.254230265838217,1.883104161513693,-0.819150326084920,6.836282343256631,-1.376117931046386,-8.244180510630144,-6.999790239970427,-8.102689742930655,-3.273583459817921,6.101365134708825,4.604462070688713,3.601477646293707,7.301853573235018,-3.220572474711199,1.759786206903218,-3.899177027162473,5.046407224847409,4.940984477717890,-3.419839355878196,6.724448057496907,9.392249197831944,2.890291626512314,-0.601461703803650,6.605412330357062,5.797020917072441,-9.944690117940736,-2.760868456758290,5.554199284394665,-7.930639890311060,3.007710926079641,-4.000466499472044,4.593325048715309,-5.955258362049585,-9.772943592873141,6.374178596900894,-9.064132178865751,7.561098371686420,5.939422063283581,5.534210095665912,3.586564207597302,4.184052118002402,-6.202468559405904,-6.147033124537352,6.414071331769524,-4.034465198126491,-0.445261650520788,3.614669526537707,-8.016303516614263,-4.669228990372865,-4.325937491347755,6.800550762234334,5.464950220261656,8.066469978117912
-3.627583598929625,9.125402651693108,-3.931884202468408,-0.859856079306631,-8.697959514358907,-4.832717876022430,1.292067445308103,6.997976973590777,6.422488117334051,4.170901709145483,-3.351981261451589,3.465205649838536,-7.478816228044039,0.324593396484367,-2.167405075890036,8.704913204958139,0.047265056844177,3.643565316395465,-1.499719546129064,7.708566094085320,6.196113888038774,8.977810072572499,-1.881652493412950,2.943399677262269,-5.297195475099179,0.208945838011960,-1.803171675588056,6.616808762509962,5.935420519639429,-9.925198243201685,-7.049259402589019,-7.033774403047195,-9.260446904025564,-8.544168190880105,0.118591222994844,-0.455861534710651,0.851699006221764,1.293713603610396,0.633727187010164,1.804446164740618,-6.703839227613346,7.088154636199675,-9.273603456881919,-7.550408259945360,2.896304059461949,-2.157051708737667,0.318371159268374,5.077725152956170,-0.988518115016907,-1.848774633363679,-8.050678586076693,-0.063579176875656,7.574720260104751,4.040792818049340,3.764835726663287,2.901568831390529,-2.829995957228951,-0.421522748417683,3.040219441839566,2.118746019086471,0.173040439352977,-2.342534575191547,-9.708997684824665,-8.561408810249755,6.179172071838302,-6.478738844219278,-3.529110601967240,-6.317998885854070,-1.340338817622278,6.761984979198321,2.484018799137907,-6.399113599447805,0.151685670056294,-1.879019768079800,7.157483427621820,0.642335814169524,-9.127415710768268,2.136481270431013,9.252937132566935,9.976761300521716,-3.330229381717508,-4.194484650395065,-5.681297630145821,4.988417811598261,4.256075237458329,8.935976832017886,-1.615166045109419,3.775167261103217,0.615063576162084,-4.419927093355131,2.477162862466018,0.051572028369316,-3.393596756578978,-6.676494306588438,4.569679856266141,-1.247327280002805,2.124091070471565,-9.394508869692260,7.268573945127880,-6.607304650855845,-5.952139654249446,8.159395986335035,2.458768457289109,6.682051558071972,6.809485564592155,-8.931861375761130,-2.477557313571761,0.989414558653328,-7.497399179056819,6.558235452625109,5.473946160433044,-6.394915536255326,7.918063838434183,1.808212804331351,4.026687090153677,-9.393803887937811,-5.431314843005007,-0.845748352598259,7.404412582251496,1.276064919777038,8.273868629975148,6.491429880072307,-0.837133310778118,4.378379478540657,-7.401312136663234
-5.480853566266470,2.694711183986042,8.372196059902869,7.735709445179360,8.659388171671758,5.331652398951071,2.398231401563232,1.992705840076280,3.995017488470424,5.534633324978257,-0.011994044210395,9.625385055679850,-3.822347605644898,-3.147379869076337,-7.711568706472905,-5.082483873288042,6.713005034226949,-3.296667185248412,-8.329573063663570,2.162460483818169,-9.441683603266073,8.159836048304108,2.449352347830942,4.831938685963042,0.146446205837291,1.384317465944292,-1.030483448324869,-9.094956605261240,-4.308697135478905,-5.873285834970439,9.782406332807195,-0.831086549724670,-0.506170069199355,4.633159272173375,-0.521571385565716,-6.253051844972166,4.345619108706693,5.516420547098601,6.438881162096973,-1.688545076439208,5.180181576386900,4.466858462436081,7.013642690371601,-7.511286231612553,9.019509216913878,3.764992806019755,-1.954126842128215,-5.704660796481824,-7.181105917747526,-4.404223849119169,6.852238455149088,-5.258957596761573,-9.604099262544306,-2.706481339945482,3.063658429333847,5.903580955328113,-5.082687988118755,2.838782474779917,-2.237034247524998,-4.285705169091976,-7.205577776459801,-5.332806680754274,8.089887347865151,0.845602832840754,9.295424534666932,2.194541065634311,-6.465923247293778,6.729693025432919,7.713738191005433,-1.522626886656397,3.670686589292805,7.971006462810983,9.458645765982009,-4.374081650286488,-7.071608821987709,2.441969102775296,3.812614447316367,-4.619880711837341,4.623533632098770,2.544171612861184,-4.503121757696469,0.710131552515794,-0.505117179825216,-8.924027080070617,0.252901827907943,-3.517358965999926,0.830900425504851,-2.544834766643396,7.926872493255239,-0.251774794352146,-4.216133837785621,9.850738063803735,-8.100668483419799,8.304665764053539,-3.496122992749207,-6.636720620825118,-5.737370298420410,8.422333539484079,-5.280956561261274,0.928794607653376,1.161418971426558,1.467113567822908,8.203069312294314,1.156928537750295,-7.539644935349116,8.705342212459886,-5.465054285797541,5.679045221875235,0.402096741464090,-8.030829355115161,-0.039669599815632,5.765374985556226,8.653960856907272,1.523703483483382,-3.236564630975076,-6.249786731810998,3.072237168068593,0.959958887973368,0.111026420200771,2.621005232668431,6.209312804151132,-6.298488228264285,-5.812563852973271,2.468957679912867,2.398897544154703
2.622628735557848,5.595363250203938,9.803615183948114,-4.703186808339554,7.966264107153481,-4.071874423112643,-3.727141744323072,-9.670034726216079,-8.450037913168538,-3.534518784845231,5.499324192711317,-3.948558055603437,3.412137398208815,-8.604825268542967,-6.236581215117312,-4.416534579152119,-0.683869932286960,7.093539788396509,2.907061845553997,5.213466270802055,-5.594460420634513,7.650028101750802,3.314881806186383,-7.286186731102610,-6.515139849738572,-3.920970653392075,1.367270703617702,-6.983252510827828,7.523416541341089,-4.879315688821784,6.815837670632948,-6.682935357486210,-4.234244523306396,7.748608440326326,5.645456307397067,0.860119221894491,-3.082677991500216,2.287690377982859,3.373665243118856,8.428755427059905,-9.552185367721432,-3.844887652094464,1.589186008513403,8.746635905640151,-5.719006895504155,-0.604943228989503,-2.956231493515295,-4.356745323435812,-6.576884871160198,3.138537871911723,-5.574748503307523,9.859157599796383,3.275131544384113,9.116510751826905,-3.553263815894486,-8.492393445786892,-9.000337471551045,-0.869337817077270,-5.431186201480516,-4.502879395854209,-4.778953231175804,-3.779824543497545,3.272367811665141,-1.464945259742441,-4.021347056180648,3.522943118895563,-6.374248685964621,-4.148699755108083,-4.598862152336840,8.969412271886817,9.518083763542506,1.864286314950858,9.261478390728740,0.668693658157768,9.809535795518084,2.862029440107106,-2.167207989545719,-7.841350768326576,4.031175415535962,-7.043025152816805,-3.944455694712965,-7.122962362281717,1.531764945986808,0.094502497723079,-2.209698123272990,-6.309517508166063,-6.264343666438701,-9.162773981708538,-2.800501240440649,-6.136776528942496,1.348566636664863,4.300209465678615,-9.366020512117945,4.413466566279043,5.429050139491871,3.152451065815999,-6.649675000296043,-4.129589938857452,5.381826207203497,3.256344485512564,7.349494816073701,3.357012820756962,-2.102964069840096,-0.612646421210306,3.462304326454825,7.157164700897610,-3.304206243505369,-9.219895171276848,8.912254701828829,-9.360763773223233,4.397195400369803,-5.628801469431455,-2.231171051225194,5.739160022540323,-0.946780872246642,-5.616535970303318,-3.751858386435140,8.899824491589847,-9.950725841948639,-8.612268449839062,-2.557805513379316,8.476916488891344,2.868782591831495,-2.577576421440453,1.299305186442794
-4.385601130330188,-1.618113513224003,4.349348682193456,-4.796260776296304,9.117836887326821,8.861759605608153,3.235222596082433,3.862596232164124,-4.794419652028501,-5.626724198498598,1.329016657131065,-5.679039511294322,9.077105237935179,6.559874836744697,-6.434987414852353,-0.454933099729409,-1.833284327362939,-0.314286811397686,1.359338192014480,7.886270032610216,4.908682517337011,7.329407032743550,-6.145246566109339,4.957017846243266,-3.026116039507734,8.207443958547991,-9.499268166061270,7.842228314942407,-5.478329337093624,-7.374252084206039,3.558340603600463,-2.467533397454389,4.543789625046575,7.737552614612618,9.427249528079862,5.185036110332250,-8.936400680009420,8.589915778408496,5.110457727436748,0.926932222171102,4.101467446448716,5.951426233830759,-0.639623570399703,0.031693235561900,7.472597733777341,0.112179498806997,1.216713192643175,9.164240644172345,2.380233627872885,-3.878770347490064,-6.797598565011764,-0.019334038091250,5.541227032130395,1.774157154004675,6.245476936807762,-6.665402253123784,1.266591911529893,2.172170968544929,4.418755823548342,-1.588859849473437,-7.722759380055455,-9.499022487048869,-2.071490646361278,-0.723200623507033,0.558730628641781,-4.801749561420950,-2.667948113937233,-3.463583434500728,7.793000909082963,2.149748560800750,-3.334151258296297,5.289893472132828,5.723477495175084,-6.374353991868462,2.679459862969228,4.849058458273268,2.276651256737882,-8.277769295241393,8.508360474377611,8.677946578272159,-9.850029141978142,4.988027163228633,4.768903169741382,5.011224670022898,-3.281138115271736,-1.296736995852822,2.943119408097870,0.855501815909870,-3.794359185284826,-2.503278813722467,-5.263996244553155,-7.685320362096181,-2.489032077750293,-0.063443866704665,5.335995021950264,-8.588036996735175,1.169687836408958,2.190651097740409,7.516071771243084,-1.211913218489457,2.245721047849500,-9.361562164324233,2.400613775661171,3.743740991419616,-9.437417917297271,6.801905494174321,-4.660815369895879,0.230741212263494,-2.005088897342803,-7.755040609999215,8.347509090367751,2.034467885334433,1.532550551287116,5.700139335355166,3.224683517869178,9.534259243074526,2.551905056102669,-3.828361871183706,1.421794912266099,6.145726470069029,9.330046095751459,0.339579814340013,-2.823550163928241,8.729431336539719,-3.380711634494300
1.955741407868796,-9.704024880103407,4.403419267536151,0.224467226012116,-4.439120618843029,-2.564096485978720,-7.740499125145302,-6.069807644404966,-9.847208081906478,-2.274087895028776,-4.588949247552878,0.055148852474517,-3.166378595569432,-4.389243892117616,3.878421200822274,-2.250365215744474,3.309307048587392,9.862405022091664,4.115117932378848,1.052329166265002,-1.017976412076019,5.984161358545691,9.200078255000356,2.174883910622466,4.938701251602865,-2.189878564327410,5.414654849916392,-7.387542714695774,-9.417024408137603,3.611416048444314,0.226450990103061,-1.465268434410905,-5.957866941945293,0.909064519288680,3.570567001827449,2.522641154355670,3.144658932074162,9.273261812504494,7.057374312240977,0.825231589814528,-2.065387196768011,-5.705092499439908,5.176604681280006,-8.911969907283391,7.490318104677080,5.200147447476462,-2.974411417271949,4.686328368392545,4.498654499820848,-5.434145361659390,-4.736110793539206,-7.736929574844038,-9.811341197929746,-5.725950273440543,6.102135745941172,-9.360135861944560,4.637746449197870,-4.476338435016041,7.205103588185644,-2.804028480389515,1.591368873244360,-7.401628945570682,8.331254775930613,2.244803650809565,-0.530838469869522,-9.195399511756344,2.782861014888669,9.340501117115892,-6.324735101489667,5.673376533464815,-0.966698785424976,-6.136857989563580,3.934266957543437,2.190779975178643,-5.196678250718179,-8.938280828711360,-3.424040022030994,5.463266868980059,6.683537974400874,9.408748733473256,-2.362669592402611,7.259634661251109,8.368051599328421,4.061432201668740,2.303873575074631,-1.687002575494326,0.317994290816779,0.567805509689414,-8.146772736949634,4.963904745842569,-7.328777414736802,-4.922816617165424,-4.847751847158472,-0.049805577447621,7.933363748365934,-2.786184376632672,-2.542315940242701,-3.807425613651787,4.253029695497473,5.606247993296883,1.347639370909992,8.833415999031430,2.816396545275934,0.668852758146025,9.252352546100489,-1.308091574643385,-9.997189844730045,8.955594314798180,5.212933783865981,8.940262264151201,5.328848848233857,-7.970160121951874,4.669383772544025,-3.209801938714962,-9.383592404924322,4.025977653292291,-1.398720438500881,-7.876172804066472,5.716675179848405,2.039641891982040,-3.926318737902621,-7.769625482814575,-7.986761538155625,-2.563336126006607,-1.868096343331944
3.929498134200900,3.878227651329393,-4.961261929992993,-4.657511574769306,-3.552408247678038,5.056698833831877,9.455469635529255,0.326906522503684,-2.009302845263390,-1.634135422458872,9.485897912275934,-6.656363860636190,-9.585945060328605,-4.787903689537774,4.812354846301009,-2.201044802760304,0.999813032627896,-4.260024323816671,-9.593949958592209,-1.810362767556850,-5.986355311822873,-1.711748666449537,5.281938890028195,2.981803837382229,1.610838428940745,1.061516440746271,4.288848547183202,-1.536107365648050,-4.715637224189475,-1.676350143675734,7.946713862276599,-8.574133446058006,-9.362186472028791,0.373542838187555,8.380558679718888,-6.286681721346881,3.215356546130327,-4.447945269766274,1.794371320819966,6.905326519033032,-7.140594569020966,-9.527190810379869,1.221908106600187,-1.382105802043698,0.885202824356600,-3.769753546374066,-0.179260929753136,-4.939923068964005,2.110472560333621,-7.271376204663095,-0.420028971927778,-8.951538173865650,-8.341863750059266,8.620774042616738,-1.141267397962816,-1.072483242135831,-3.382568333904534,6.301116273010791,-9.519666039919521,0.372325602091157,8.676897614327086,-7.578838512069472,-2.267391429740617,5.008808402000023,1.446279834581381,-5.185953516127675,-6.493556806702523,-0.848813163305122,-1.533174991486590,-3.643648135004685,-1.605347220065825,4.245083103877253,8.776380094449532,-4.538866289797497,-7.444083015090543,-6.347605105036043,5.361902642852616,7.168316314296629,4.757250493651009,8.169619963667735,-5.167706896411155,-8.374031147084748,9.646453098556215,-4.153542890121797,1.769742548918583,7.756959927833609,8.491266461684464,-7.932789022658899,4.545597124514298,-3.314192122708399,9.872398336862890,-8.947744370117821,3.513398856902521,8.577244447380970,-0.917895053512293,7.445067707187114,-2.604030182289650,4.012037590420324,8.858238723760358,-1.222784792468318,3.749890309464071,-2.574699716404226,8.032303604840273,-6.921458756499039,2.188009817589471,3.874533752047537,8.017553962424156,6.155712006185148,-4.983556122418720,9.629393405680563,-4.528255485141564,6.060451682104347,-5.517563870155233,0.124881638425194,-6.912682232718488,9.222499193365532,0.618940469853991,-2.534931135497825,-5.552929634239265,-2.920123170036428,-4.737275315305447,-4.189109097095209,1.923186959378352,-1.183005901976999,-0.565959148644433
4.473714592057526,-2.481381408963566,6.670690513330793,-0.777220232463197,-5.261784570295072,1.077752378168666,8.051775433118117,4.047438100663765,5.714830077705173,-5.273583535292414,-5.668381388165516,0.206276881016102,-7.497661581778030,9.330633069144390,-2.188523960421655,-6.759662053989630,-0.052695986035028,-4.669407866164867,-3.973615409618450,4.661389597112276,7.839634408838140,-4.452700754674779,-5.816328383803522,-6.085143451010808,-1.104552661155552,9.890525815079112,2.430881097242214,1.425342201530990,-8.731820892084459,-3.381625582046253,5.353345424732458,6.027088214995231,-9.049061767516557,-4.609993752725576,0.719063065150788,3.700918839075175,-4.330166819555627,-9.479898649871201,0.365193116416176,-5.345474920407305,-8.417218046163706,-6.910765867482760,-7.689253209753959,-0.001371579376059,-9.561164431480984,3.280266070376767,7.178467028515673,-4.667510001346318,3.419891883529031,-0.903355240757797,-3.490134084266274,-9.530304166331444,6.936500683723558,2.591102986753624,-1.806188745685573,-0.716710816543051,-0.935645001599246,4.849565930189119,9.558229579608103,2.701713038096429,-9.392284874086194,0.778865004839256,-9.966012737419714,3.597356536077658,-7.964186439842623,4.061412552094412,6.661124543410033,3.432939206077318,4.702533187354682,5.649585552919639,-4.225885189992756,1.417561924323847,1.005997465741736,9.529574732711797,-1.719638136505360,-4.273961441891290,-1.669498341489660,0.169012913523275,4.100424282520525,4.318688098989792,-0.403855247519340,-6.109659770610896,-7.595572593115940,6.865780471893927,-7.068182420432882,-7.308947057378870,-1.059222419079173,-7.116205834680366,5.344734420623098,4.133610586379802,7.417181011820574,7.857468216794555,5.964722542354853,-5.775520128380194,1.951302646048250,5.722177158135967,-2.492037095058512,-4.171551387313448,2.821102121636283,-6.501806095535178,4.844423975912306,6.479306207808840,-1.407141989904300,4.081836244154333,1.989834745151864,-7.486696546798816,2.685972891165189,6.626875571298541,4.774897442826633,-3.396866124583626,8.853619652828726,-8.132176554888824,6.105939448493206,7.501875213684770,4.100861325932891,6.365106460306862,-7.019943671074906,-4.441223980882651,4.344124759986469,-4.759592178141840,-1.360460649887795,-2.291793256768311,0.429524762422242,4.562749343861995,7.139403858108750
-4.454054521407964,-1.015725250409572,-2.004859115969396,-3.660698492813134,-1.818276653076381,7.979505175477485,-8.213720855772785,-6.017244744801840,-8.051589474914129,3.682111538172691,-3.045409738534053,5.862965373728192,4.271188316855184,9.931869452586405,9.673768490764012,-3.862721899432815,-1.798370438720919,0.881435726047425,-7.839121934780779,8.465668629123130,7.047876807039149,1.137641684719856,-6.288431413808522,7.214977559625623,-4.367743353636140,5.660408802908321,3.272984233997853,6.670613077003317,5.947715100221524,1.069359603991300,0.071187079418626,8.537458660852121,1.311219935548600,9.613233417997119,5.579698673877274,-2.176373816205039,3.332974550021961,5.647324543666215,-2.203984703757249,-8.873020488197739,-9.503972064918713,0.272941192649888,8.663001878294686,9.696924057983029,4.558475181580786,-0.544746148004787,8.541838601763359,7.968108787934803,1.959210418580124,-2.291771049846392,-3.520313815223554,0.953653713190830,-4.009007754893839,-5.108152904480516,4.777465248944956,7.773753134422922,1.049166448960928,-8.090265266892535,-2.970213018216779,9.316915112573771,3.015278807759863,-5.594550243554246,5.304541975961342,8.585541916107339,4.688807959375993,5.979348754883141,4.747454466304802,6.974231632216469,-0.997937562169644,1.777363612673579,3.228739959059766,-6.691157941859059,-2.407307528799107,-0.965176587878551,-9.327432500518654,-8.611292201296690,6.526264169306643,5.725214176353937,-5.918944886535950,2.040193033813919,-7.146956810748588,6.656357054424848,2.184169927394656,9.221288018051492,-1.332131293620833,-2.768584062168228,8.136002934475528,0.970076297956597,-1.849165907168205,-5.767920654856695,-8.275596483606725,9.456920103885114,5.580719851963567,-8.795030679073450,-5.050114811666308,-0.793082215489196,-3.504854424357724,2.388714848262662,-6.992719658475782,7.558559461424238,-3.080056831678679,8.396625807061181,-9.715245810699130,1.258111954895391,5.384179566114994,2.163270165857829,3.840635133955317,-7.524947622071458,-4.462493635720699,4.688958390379748,-0.488551768123845,-5.082519999332328,4.794795053803394,7.528854498775630,-3.680781136761297,-2.554513394051776,4.060836488430290,4.268890000543156,-1.970403261313177,-1.759325558269406,-8.218222647741229,2.554474160376504,0.145757917454898,2.533290738490257,-2.103767244400661
0.237713823733554,-0.605033620980539,-9.750082244310185,9.379749108082002,2.348862705450752,8.387072919284236,0.516541304181805,8.983931587882431,9.680522505472837,7.175771118987335,-4.918440447388612,3.542158499475601,-4.662200404683898,-5.468450096126041,-7.623218020302282,0.210170927039723,9.133929913488430,9.668338771941432,-9.079849544832408,0.342083465979101,2.100750460749749,-5.140112201045930,6.208499778266148,8.760206534104700,7.914966351619601,6.409797326437680,-9.273816214661217,-4.587371274187659,-7.289290663494574,-7.903903917428011,-1.657952668033520,-7.640457760704549,-5.566726826325450,-7.058774439956423,7.331408789431112,-1.861316911675662,5.622199536322423,3.119175678121023,-4.106679409440448,-1.409925281613493,8.109766335346279,5.572555254129664,2.014358990859840,5.421302179399563,5.471848134262675,2.724261497861209,2.038544192721758,5.811515121655610,-5.232612572104514,1.807635302604840,-3.202919219599442,-2.854181008491312,-0.125327698767865,-4.467976684879263,-7.381364325593005,2.188304215167271,-5.605066079516321,0.918491088510869,-7.941794223504410,9.887101837896548,0.657446831882897,5.535679430196328,-4.875219352038888,2.014153881629051,-2.163351105261500,-2.883246306483505,-6.256061733677543,0.500649670096225,-4.098017898043988,-1.513756817837326,4.096869686651154,-6.522103775761757,-2.730632548715213,2.167339059047002,1.554969917284520,2.461228395177733,9.901519624355867,-2.361458991483920,-3.060884574215647,4.208304520468877,4.489650700263827,-0.434111599773370,8.338128801488548,9.777634402239855,5.371140680428326,4.657493475355214,-6.379911038178805,-6.926349392035758,-6.872528197749075,-9.728936980159480,-4.858191479803821,-2.562144679639284,-4.433843403908194,-2.292892647790293,-0.502821100652538,-3.837588733899038,9.091814998210669,-1.718536413798763,-0.159470745770161,-5.545245021167244,4.680532414237861,-8.200208965150370,0.311525147259786,-7.966177470621554,4.545014785659218,2.881461751230850,9.106834651913921,-2.251800690316717,-5.100521483936557,9.718532971459833,-5.375678564852196,3.187719595061358,-4.411268123961014,-8.160626987252551,5.406895508603341,-4.570983989296604,-9.969767299939038,4.931739182607245,8.556598565702092,2.131315654520867,-4.109534222319510,6.242439314940100,8.820090193589330,-3.429553928159605,5.761969378986578
0.142919781048290,-8.041326673737339,6.719640819441942,1.601506225916582,-5.179427670946297,7.056405594536965,-8.162605437798181,-2.415874675435727,-1.195808833948186,-0.669931853154642,3.213565290230328,5.434500765871173,1.323911840469844,-6.311630332789166,-8.593075813596325,8.295678960242764,-1.449234297524047,-2.192160556315386,-4.735737941414458,4.158280202365086,6.823460134925842,3.492970889186541,9.907854911531174,-3.846323925965677,-0.434961722721440,6.255749239766889,0.373881787658771,-3.012275822655887,-8.877695218582122,8.541059696846581,-4.916586266745226,-4.905467308746115,-0.282006973757555,-4.566339911871942,8.655087163102511,-7.713056494672292,5.051224691589152,-4.669927497080546,-2.883127382136035,-2.634536497428419,7.072288327771499,3.617972192642796,-9.561736309419341,2.317743256994664,-2.888087941495849,-2.047046975139115,-2.318140052061279,2.435280290629411,3.609458946128335,-3.144046619347474,-0.739717458208853,4.746994241484483,4.705548643363889,-4.189820568086368,-9.369738745543852,-6.590665063990171,-5.472011581348648,8.848604246410265,4.041329915210913,-0.195030496960335,-0.861041545928011,-0.198528210529410,-3.642012560953772,5.211027827583838,-7.069576429870521,6.767021088538925,-4.476934943345072,-1.028304768699389,-2.660192215071744,-1.172746027622617,0.839357149132207,9.025128952569311,-8.603330989466935,4.616605578338635,4.164441976578120,7.464420098492830,-4.682547844630022,2.383764473207048,-2.508933239988611,0.836784243276936,-9.677662797633488,-3.350152857979289,-8.239930278960717,4.335442035439915,-4.564785097925688,5.014219100778652,-0.438960281659181,-4.573400058350561,-5.417312739248663,5.580431937900146,-3.787354374678815,-6.086603403641235,-0.004318385931715,8.843308075219333,2.059112656559991,-1.546839021567894,-4.109689179720988,6.388727967371707,4.086986554869814,-7.037132436270708,5.331935816352804,4.838331406228203,-6.745190193905348,3.140756871408916,8.509387817810659,7.202726239793598,2.245372583405171,-4.126851938065414,-9.165308360388874,-7.859662388556876,-9.547530662822229,2.969451842984579,-6.121013891645530,-0.862014086768216,-6.621850033990933,2.507032736097258,7.965342712357867,-3.575570075350814,5.915687255321089,-0.038139520354136,1.783277866330168,8.377502521862695,4.451400568251916,8.637033753041159,-4.837804015787337
7.804813646180271,8.472161514967237,2.767668038104352,7.642019703165634,-7.306549732258921,7.683265142834834,5.814647517791284,-2.709515447320245,8.847143587315188,-3.461700482991279,1.050967925568431,-0.663949110438226,2.001722530480150,5.353985420808600,-1.564228919822339,-3.653071150453568,2.503482914120699,-1.123646573770813,3.986462411630104,8.930064809392132,1.360061819698046,-8.091967387174568,8.852768013011232,-1.527018533456916,9.958608666392269,-2.439183945377302,-0.219313499753085,5.291892817739905,2.675366867583568,2.217625874877168,1.890750583651448,4.222726272602305,9.695017536183968,5.393002337786786,-6.554008223330245,-6.691754644435351,-5.824930015485688,3.419830834266504,0.972050084449059,3.148824047701934,3.730575667597089,-1.872198950210628,8.929517019941663,1.172186626385301,-4.670608180971600,-6.480642229030520,5.131810940750036,8.762547356880624,0.473191774789246,8.284170586068218,9.213245535266378,7.908083266212770,-6.772459990855870,-5.794949489958712,1.426315553548514,-8.966804265742187,-3.496523699812355,-2.098682889831124,-8.343775336077950,-1.158837850428283,-1.041820560536365,6.061499002033560,3.232009985643735,7.112153390792368,5.634611183270113,1.523746683689458,7.224441640286859,-5.447031325057528,-2.713106069692868,-5.004120022340257,-2.344228754593543,3.511400889342241,9.732977043170663,0.637530228016887,8.588154668992701,-4.754217631969313,4.508611565668595,6.167668818129581,2.336241428318658,5.251810570212143,3.257559524795523,-5.684798375415737,-6.248765951530919,1.129992277261572,6.046586330998068,-5.836795614516561,9.171273946514535,-6.750143297023399,-6.516333926198707,-4.751373739602942,6.115056660951087,4.516883739818134,-9.772338671143562,-0.205944737919332,6.326842289300384,-5.616040654336068,-6.359568925119139,0.118416385627594,-0.858847388594931,1.102597646366972,7.215617560122237,4.772613485102129,-0.436385831686316,7.711367659942788,-4.061057269256542,1.522100687572934,-5.420777315135295,-5.476458844493949,4.347184837869872,1.202145466564335,-0.829434049030997,7.520904442586890,-5.324435035554778,-3.777021559948155,-5.542827384201525,-2.223368099424037,-8.835382659050545,-9.041906068522012,-9.637281030938924,-3.006752365901399,5.198103981440834,6.654797263235974,0.363636657389231,4.019116072408019,-2.886526171597761
-2.829993657560936,-4.853468568206809,1.187602311594224,5.315191193847351,9.022410380054154,-0.725187267861283,8.475739681150408,5.858766626421097,4.861471612001845,-8.265516675733158,-0.379735143422371,-0.780744237067232,-3.531143677834800,-1.259688475330353,-0.267243656445782,-1.670419963799842,7.564324714753759,-2.695593007814255,5.327122707434640,5.859521145448740,1.321904348374387,4.566403364254814,6.871854954331699,8.483535509325968,5.318563177837152,3.939238689908853,1.922991363473724,4.046978971615701,-0.058537373429955,4.064408680811724,-3.689015697349493,-1.206408085002382,6.414202339068250,4.749049586959547,8.994199444292825,-0.724639610170863,1.531490861205075,7.206302881091233,-2.737995106029850,-1.116341804799433,9.651040837138513,9.457392482964025,-5.532243596720791,1.159043033956531,9.808767262797971,1.021384651797799,-5.413456907800585,-6.047842746140901,-4.917294204316405,-2.746412048093845,5.777694146777591,7.433385308058192,-3.995497150996419,-1.230018426368513,-8.179046808562418,-6.912471288861397,-1.037421382240382,-0.967618955613599,-3.743373359178581,-4.647094028580970,0.676105800949561,9.025293895531071,-2.961171727093919,4.841993330864415,8.166375213257254,-5.531974829500017,-9.049519961242179,2.655210968200572,-0.123120909167527,7.658129383605413,5.533476762184073,3.083780703521855,9.583171080278024,-7.426520755116535,6.879738510393206,-3.962587270912228,5.483811537470821,2.262246897817411,0.168545183298097,-6.671907044725787,-2.657885435893046,-6.793668866748101,-1.441215478897277,0.331861752543883,-0.760670105031714,3.109066132185706,0.233829461618960,-2.763325260732974,2.972533601100988,-3.359788110276654,-4.661839927813396,-4.650511269337105,6.737617287813784,6.352871778918686,9.083395014361560,1.931890547381840,-2.758151481829429,2.806876155227071,-8.254676952513281,-5.374941826649408,9.793785394859100,-2.736822373396652,0.808805915517752,6.872303981986079,7.876230528606463,-3.360653069336223,-7.428292545178408,8.481068666155721,-3.218326461147926,9.568203381583647,-7.948347630101312,-5.098661424881705,-1.045505239229339,-4.298300423213430,8.569097523950880,6.732026309268150,0.037776447937098,5.645858971002040,4.388257499670210,1.684035189810560,7.705845256718810,-2.545877950880775,9.725340243719007,-5.017904554118546,-8.143980983147433
-1.983761425611236,8.041878042861217,6.396207092874970,-5.624901294105564,4.710063813896436,5.179023348463780,2.062073205175070,-6.124941426225472,-4.987319733346833,8.716536223124802,-4.068982873948221,-3.082895234137586,6.763721071328732,-7.462040413878941,6.788415471828287,-3.979020810804002,7.593303464142984,8.580859726462965,-1.067441939292666,1.909257814358032,9.452550667975594,-1.659217768784888,-4.418534031482102,-6.092207729297865,3.244987018557259,-5.973663605011142,-7.025070357878141,-5.731420711863151,-0.506568211196562,8.883301721343642,-9.284090704163875,5.536393975072729,9.458421924615511,1.624127710868082,-8.702440481424604,7.850783504316507,-8.340757563781755,-9.754180900148429,-4.987516433759898,-3.183251740634105,6.997430240479265,-7.072168200926356,-0.126728819313149,4.214288931738599,-4.219335578971679,-0.327123304057382,-8.115896097247028,0.838109330460139,-9.278521752769409,-3.850158119010104,4.295898107420285,1.379788846688230,1.796836913344041,-1.181958808899498,0.965441649549144,9.708883873067364,5.515424133910145,-8.072025358096004,-7.174064099495874,-8.972862118473552,2.602520513413838,-8.492191095940383,0.017325482432515,-5.953061856892039,-7.171437931910285,8.831902827664283,8.903164882990168,4.434537724499181,9.484659663162020,0.745598410239419,-6.146685071203910,-9.877957771817288,-3.858141431750135,1.269595520542559,9.716300647951115,5.718332720658690,6.105139830579962,8.140160570483825,-7.829994644930201,-2.779634596904767,7.947014254768220,5.187621673351803,1.681509395921143,8.965504352924818,9.969178569161567,-5.846929787925275,7.949466837571176,7.481318360109803,-0.579768928763167,-7.016563053513987,3.715176373639039,-8.207914908924124,1.908174903446490,7.216121699616757,0.134988099785227,-9.812463195952674,-2.592492583714825,-1.412436262306283,5.012353369252551,6.889130118294474,0.122160090140573,2.644345756148020,-5.201693148562989,-5.138673503620335,3.233986312171865,-1.279551177998197,-8.213627635937328,8.569841597294182,-6.214404268166800,-0.584328057139809,-0.551833671507499,-0.600469770465661,5.849734057062719,-0.520333255103040,-8.340036586444864,1.141653620745483,4.474683557691533,0.629022281968652,7.149245169150255,4.373508619643822,4.392031127464101,9.113061036944185,9.875872882929634,1.301758564162107,8.632340961101381
-1.061519797375352,-9.024489024543797,-0.634754172459228,-5.289891667667252,1.091346389024313,-2.115088047193474,3.145394693108642,5.906473353032675,-1.575294412606157,-3.306478222093567,-5.840867399174316,4.484718175266678,8.301894697563913,-7.789612316694798,-9.090527100371919,8.584091914439078,-0.241349090559863,3.931037300024032,8.776800382134905,-1.426509443260251,-7.619857665878307,-4.510130192822624,5.713026614183459,-3.727394440267753,-5.604156049059532,-6.526990942359552,-0.772291577512121,-6.700305019970911,6.339718963302410,6.198746271408034,-3.193634515382493,-8.064392946479435,2.409427875145960,-8.011635525319900,-5.551990756762795,3.510936323160667,8.317907871303085,-0.324432910421953,0.104614943722165,-7.670334779372920,-2.390930788801744,8.253823117498754,4.803902084641987,9.519002897525809,-3.825827239320104,-4.331964838107267,-5.693821987833497,-0.034353568575048,6.076598383949946,-9.662914350297223,8.965952778153358,-6.698079085095676,-9.232329493128921,0.979664780608234,6.878858038839450,-9.647649927033941,-3.628268722308254,5.831924145989802,7.751681847960683,-0.056786753992883,-9.195184894651252,4.105349827276738,2.385044261712535,2.712450578814440,7.235145093262801,3.550798923960857,9.639728916482049,-7.449751198270533,6.816756503007383,3.751988515634437,2.248845381508159,-0.412905673319647,2.796305678786581,0.246150399086360,5.096694946161119,-3.727284803628348,-3.737813211806225,8.187614206966256,3.857263592329755,-8.369209567649484,-2.747935221735959,-6.206303780829407,-9.806497735081951,4.061560090609229,9.821949215564448,4.009830694484247,-9.652342610328830,7.258754742552291,-6.977679905431115,-5.850751801225318,1.701775128368361,4.696962575993604,-8.796494051290093,-6.491062613014909,-6.929022204112125,-6.566500165692823,-9.913983741556564,-0.620904493980701,8.790819974598783,4.062982281409935,7.226654396094602,2.488777545357175,6.553320100413345,-6.975967788445285,-7.991278346384245,-9.927051145550628,1.517730300299151,-1.124475539522294,1.857830015615757,-1.929802889505543,-9.693489094288225,0.004356060945216,-7.966917246057288,8.894483215563906,-4.148589639663729,-7.087886698897108,-5.307884030134121,4.084189582938222,3.349849047974509,-6.891343837367206,-4.995326833681871,-6.972518219665373,-2.717435381710853,-6.792873311445346,-6.917482460969162
-0.342359432642560,8.713992375114511,3.765577014887210,-9.031925452408638,-1.339268958656284,9.724598455684884,-4.775084264127405,-1.318706610091988,-6.712923417469369,9.536880227401056,-1.053679138178271,-8.937595442145302,1.275065911614275,-5.424406254444967,-0.474464111158303,-7.817761378837469,-5.293057687155313,-8.128823702142679,-1.087964088703036,0.160058508857118,-4.823069246119465,-8.109094219603508,-3.224674118460575,-4.348168218044757,8.771772512941965,-0.660358971718150,7.069805914067647,0.679413828495818,-1.370087988676048,-6.552129416979517,8.201361195148721,-5.482330596422356,-2.745738007583443,-4.405236459120731,-9.343211825140123,-9.645422520019753,3.304489757280791,-3.754085927369626,3.169620984025501,-6.139306622154512,-4.076748503624157,-1.313988177793357,-1.711476691950296,-3.967359911985553,-1.913871901562604,-7.297952826714285,0.424720021738995,-9.395616259054329,1.275345452711601,1.017984535048907,6.445284017276137,2.521789270696837,-7.294550571463798,-3.058442895069254,-0.378238332815936,-4.967730119069569,0.933272750653089,-0.566852763583590,-7.306481836815539,-8.846034394383253,7.352383553289453,-5.158697411423523,-4.323396173755667,-6.816432878108023,0.507565031388257,5.162358150156262,-5.919663643418516,7.252553234945619,-9.323102935898170,9.970415609273331,-8.099967397037208,-0.073163568629056,-9.494228374826090,-3.296966565365098,-6.203933453749244,7.747846435430915,0.057723599017498,7.197390606239953,-8.874497142873041,-7.603744533363259,7.667145927311058,4.310357936337050,-8.650677886534286,-8.776712076587421,-8.981555163218980,-1.792261749295323,1.741796624473990,-6.174552813989733,-2.127672162068257,-7.381352406780961,-7.405541343930173,-2.095813035022632,-1.968993891712440,4.566386482313911,-6.443753476542529,-3.450946879426167,3.491677720658416,5.552035706027745,-2.146234127415965,3.648612063278831,1.096821851102607,-6.569780241731138,3.476596922076588,-9.073729209713974,-6.416643186004924,9.936051343343543,1.042658378538315,-3.493407651691691,-4.502315006000854,1.745761693858352,6.078271610326510,-7.201276478815089,2.736186646554369,-0.482346748912956,-8.871552583338321,-1.039345625289286,-3.262166259460242,-2.628878709901111,-4.515995721835530,1.880388463491961,-1.186851115626178,2.393983942531349,2.970419508761289,-2.150169302907616,-0.559409380102347
7.987868814247424,-3.540316824008187,5.833694706599966,4.970331688830814,9.966008004805914,-2.901589015253416,9.050013427452487,-7.694203533771811,-1.074697881155259,9.924668912213217,-5.365225990432261,-0.493615473115943,9.416194967352112,-3.848418287003719,3.766338599231862,9.420805720775853,0.220507879025618,-1.854503317810249,-6.907274589642734,6.693865409735146,9.533656244143497,3.287869430931300,2.846419619641233,-1.015168686413181,9.684226113764954,3.458805535646475,-1.758583727872242,8.554259868541653,-1.824999653303745,-4.611634786932415,9.102564809774474,-6.056385434883964,9.465519169322519,-1.559475741727013,7.874281267685511,-0.244179007975276,-1.345009988059845,-0.471755271158736,9.375735617184393,-6.961900612933885,6.961632526060189,8.237551608410630,3.260535614997060,-6.130043518838630,9.626361516532064,-2.453509333767712,0.561360665187028,7.737716668361742,0.736540821812227,5.300897960654584,6.269481050082067,2.243506953799464,-5.453157286498174,7.640579290106583,-3.438146634616109,1.449274262629217,2.556833428179610,6.393767118450867,-4.236222396888472,-9.118714662923754,-0.177479569239088,3.316522990102369,-7.732814636551268,5.676678542452558,-6.944274447150455,0.449203116733884,1.747771513841025,-4.651860942023966,-7.092842545635971,-7.785896830692229,4.765137679176048,4.067181729993480,6.480698342889166,3.254456653682652,-1.506175579890384,2.281370174590776,1.683913560042976,-3.003799567464009,-6.334368416144438,3.843672199203372,-7.845331948795371,6.880309407688038,-9.212874857581838,-7.110585343548992,8.366524393542257,7.051772479010808,6.994970210347983,9.498526373458279,-4.507801810556844,9.337711897402553,9.894454464410632,2.056613396857980,9.530320202473231,-9.367532233814625,6.424401896162284,-9.049027279912599,1.549290536305426,-3.659521256233075,-5.596008857442769,-8.398523276680805,9.724190442088982,6.591954421718970,3.919035511610197,8.283427818170757,-9.948909395083163,-9.927342788410535,-6.045205509053806,-7.990959055217157,4.506821355962627,-9.425946935875881,5.534686822851985,6.448801160179439,8.497077341027769,1.287897559158024,-1.314142739028181,1.140426015467161,-7.031497621637641,-1.059325420345086,-3.550644201685909,-2.178992550878154,-3.430366708641976,1.402362272265714,-4.511461345308705,2.561821652631760,-3.713080495919088
1.245311736335671,2.756233886134394,7.811866555036485,-6.677142372399145,-1.298783497671693,4.366844174326570,5.344559947166038,-6.951922530276693,3.373163830643284,6.862600883835825,-2.142293540411046,0.004524724221682,2.839134697835167,-4.200879388221368,-8.586127320876034,1.857201662598717,-5.100145247929784,0.306133963992073,-7.885931008782492,-6.241749731815522,-3.522139129960458,-2.045316200810234,4.145601386784035,2.149352955624380,5.746944960730218,9.319536522029683,-3.491664053106891,0.345288443757125,6.799321235477606,-5.527250885418693,6.100448584466754,4.084582935683883,9.858128482103488,-4.275684187565498,2.360955619045084,-5.439395645243030,3.123311910286731,-3.135139361203477,8.205084998025022,7.922235815960068,6.204429432042719,-5.900955648674491,4.458576033131552,8.951552124985394,3.013668962570023,2.708890081157058,8.117766774105153,-3.019656147004442,3.076311335536788,4.614207713349304,2.689418892559933,-0.187764926848013,-7.735082854967283,-5.711504369191543,-6.070355824368634,4.025183082588185,1.689153461002789,-9.655525506565933,3.153580825085589,2.441417938010151,-8.545822189427328,8.475676236626800,-6.081777489830187,7.062493091137494,-9.267089694434894,8.033941222053748,3.447603705138583,0.159730804747653,-7.822572424982710,2.596512072844872,3.615634385106398,-5.508584809407282,-6.887717990190518,-6.099804129422132,0.407325854231555,9.723118442293202,-7.114961413229073,8.268511752144043,7.760506800520947,-6.921958967848026,-9.727405398622091,0.578551483840082,-9.163117453172964,-5.752689216995428,7.520979625984296,9.377490753491344,5.139867787352454,9.362333685359069,-7.808813231442445,-5.702717833618589,-6.751383365920562,7.153321855230587,-0.740556886837068,6.076263869625599,5.511500651280199,8.896838485738495,-2.458996606216692,-3.138149993577444,8.151645512797998,-0.160407308710402,-0.223820723463270,3.297915585236485,6.121064842584957,2.950063309757757,-5.245499379992085,6.184507760519441,-3.395333791817130,1.637800320858641,0.947540637574658,-0.421752690070708,4.804617941538021,1.501832915314274,7.576767258140197,-8.275682428010603,9.048164258413060,-1.857743927386410,-8.896893933732004,-6.729598384909456,-3.309675674680832,-3.166559256458587,-0.149201046160666,-8.457707377253525,-8.488259551172327,5.733728712828782,-9.362580465175105
-6.858860398623414,-2.210578021111314,3.492649981243529,3.398417006452330,3.725921583287262,-8.433011302528188,6.076010659660799,6.803985512212193,8.102026576395090,4.158744946508062,-6.077911744745624,1.308131099798949,8.631727150064904,8.906248172008002,2.143525518689756,3.690212787184855,-0.804248189803490,-6.437114922122493,3.467347040167894,0.999150032116471,-6.900779801027149,0.493598725620188,-7.629613860987467,3.837417923358409,-8.990139242743581,1.293547427190465,1.633747682317381,-1.758401819906242,-3.671079051134729,0.080351387857728,-3.538097819681802,4.924379892208721,3.151581219586241,-6.262031123462972,-4.052224578487813,-6.658161540782970,8.941509912991432,-4.191916122846429,-3.173151899674023,8.339491640081398,0.740168168231875,-4.501716203080804,0.008908681919999,6.566045315258926,-7.335832731747045,3.574384876751239,9.892444777007611,-2.059354962132216,-5.516051163305637,-1.374809417072495,7.515748270453141,-1.324557991764808,2.550016264021323,6.460423008553114,1.982784528259462,-9.227631715585265,-7.418646711004115,4.870569496189825,-4.238227146006741,9.695437126055733,-8.864446412628748,-3.292984758839916,8.220063071019506,-6.179445528434537,-1.590559217911096,9.030981543868645,-3.665044278844447,-7.317957429192723,-2.453000186641450,2.264429795961121,-4.872656070906345,5.191616130812962,1.137947686156833,-7.763020317190367,-0.441072776683207,-3.468675662061442,6.795420542549316,8.583835017746310,-5.764234913910928,-5.953633914577525,7.583344906943196,-9.302684569424462,2.886563465698320,1.960257407690381,-9.788187279255169,-6.804431608177399,3.108659172157704,6.604800151594944,2.749420774198414,-5.745811900940099,-0.329451831707395,-6.295350211056620,-7.803626219961915,-0.026536989982169,1.375692891483112,0.310048682133047,2.295560503947234,-6.088560236812337,1.813079002968259,-0.514385098078458,-1.268539636591484,1.112059688602294,-8.517826213714063,-9.601121132140801,-6.470802827020059,0.471728097198262,-7.135078267228685,-3.006074317119793,8.942708723845772,-1.916962337585078,-2.645936394159136,-2.135386257954945,9.264089546548263,-4.439363259919977,-0.098864810324153,-5.738211008833860,-9.089174991765741,3.421898190675925,-1.266414816915951,-6.037393076007202,1.958958297615103,-6.166947828659845,-2.643989759859227,-0.137451927002260,-0.019216395202609
-2.933718319709540,-6.713359707254547,-7.245521505470743,9.926297049295229,1.562282456656883,3.140589065308742,2.370358882880200,-3.850372010796619,8.663934235128497,-1.855607274297377,0.540894024913253,-8.571334413582271,-3.330083132532653,8.781656592264127,7.697126717699796,6.506928032266487,9.913534693962642,6.767742948373979,-0.427643880267016,-1.377042144958413,2.557658505129483,1.076409686309736,-6.147219374806858,7.791628154563590,4.275669148945450,4.070243972168509,7.280258540414806,-0.708302628978700,2.698086953527829,-2.115142155694723,9.989239896802374,1.131364602079287,1.529589499358543,9.034634555062755,-1.706006756069405,-5.753198432958422,1.191476647894895,1.916606435834932,5.133761990672163,-1.242087502366546,-2.351052414908706,9.705389488974216,2.548198821416264,-3.075572870836945,3.941031623190137,8.556067503024703,6.616647283221454,-3.053072663134415,2.123759270109126,-3.002403302417158,-3.309229844875750,-0.240839722925767,-4.888559042077178,2.989037794847459,7.407651191840937,5.005566242085525,-2.494440832022768,-9.578291706366686,-4.471971110821360,5.971114374399647,5.224144350670418,-6.045508868444900,6.126776461834179,4.165217777733455,-4.666791540002313,-1.762397520391044,3.679405955209115,-3.904812713581269,1.682207483492896,2.956329039220151,-6.299230382305887,-2.017344569935311,5.846519120904034,6.704003726316323,8.074869201300110,5.564835470589099,6.587011246688739,-2.220800099649747,6.664722518498635,-7.800625238115916,-1.467697055031794,-9.167584665833765,-2.736206734877477,-4.515791414512929,8.293895300597249,2.879916547600121,-6.474084498911825,-5.087214136142164,7.897786667553554,-9.946473344132958,-1.453771458166194,-1.149479561750749,0.685288475948040,-7.771650844713049,2.333216694870989,-4.058209109261637,5.877391378965219,-2.385791361390641,8.646894350200871,1.394303602855944,6.551338941616656,0.936890382250601,-0.463656147936579,-2.662314704296609,5.984254071110728,-2.672423010375800,4.004892101822735,5.507292472985359,4.652786492336373,-9.050621449718541,-0.505791709224795,9.715260581593160,-6.767159715149729,2.747262058736160,3.593871524416148,-8.465080940816311,7.601577235722161,9.914252038729664,-4.671968119999734,2.209233703173210,-2.345881852305387,8.708760293113183,6.897145317265675,-2.340392089427992,-0.115728370558470
8.270073364123100,6.596973987705994,0.844645347016442,-0.024886576820883,-7.163357596926689,-9.247591176722603,-4.525248703212242,-3.689495023840599,9.488875604154991,-6.240093021626127,-3.910880726345772,0.470664082901971,-2.950039002065616,-9.136636129664776,6.030186182809029,3.707380937352001,8.626077758190519,-9.306851545007484,0.296860786279982,-8.557321877355415,-2.639470303416549,3.685207055298214,-0.556644228719410,2.188664948323884,4.578055419838044,8.902940971564174,-9.210351536025030,-9.578377753511040,0.799421969071583,3.983595186098469,-5.387318303409785,-8.380774997656870,-5.458305335400000,2.098340585797217,-2.200007562863435,5.629023093164864,-0.949048537710969,2.369903849934163,7.431695008049257,-9.457491651167629,-7.424841419679709,3.882755867270582,-4.181833718027896,4.309469728857740,-5.171603524098827,-6.442182611248064,-1.940037306320605,6.840065102149136,5.094087526757940,-5.929829976264573,-1.911348217155629,3.152785149930343,5.284306148872593,8.094719863490731,5.022366293472036,-7.114880798011449,-3.743287736586920,-3.654187425129285,-5.152299318012390,7.668479279966217,-2.862342319867137,9.330689985361683,0.398673419965604,-7.098436120149736,6.392756433185383,1.812549536094565,5.322151235496728,-1.971778803742305,-5.841913726218153,-2.968365258030139,5.890038082401475,0.878921070855510,-4.841090818237415,-7.561066913451957,5.327268532372649,1.887842507166624,6.695349151827489,-1.763564013411811,-9.156421037316294,-5.481998625146538,4.798012296718237,0.555600569124646,5.343283426537413,-5.611089277078898,4.080191565723597,7.272552806652147,7.215501444900578,-7.863491777702434,-6.976175520720762,-8.212678468325262,-9.873809443763461,0.067791933474361,-7.109950875113578,-0.015828661982983,-1.321876825962677,-7.149186880523750,1.689767291590149,8.703372331747140,-7.808935453657995,8.496039236093946,1.936176264864555,9.176381319926524,6.521022840963347,3.283936789155078,-2.498386898980371,5.853658053646713,-0.083753815566913,4.989586579788645,4.419983297586008,1.174720348246936,-5.246063389496638,-1.058270911592309,2.271806952937812,-6.077459475394516,-6.876981257368473,-9.240898023462901,6.989171163207718,3.099090205163343,-7.106113761052111,-1.913036729002449,-3.416752924100184,9.748383028192432,5.150463385424644,-2.358780437600383,3.615258610474335
-4.922690978565103,7.804163294909706,-7.512302519157760,-6.211143507225978,2.889612528712831,-9.104994395365873,6.415008117586719,-4.951614232292705,2.808185777658135,7.719350287248027,-4.883360666529972,3.894280940748946,6.189865888941071,3.697322919955191,0.811119878733228,6.188051567251822,6.407178803952384,-0.021426253436177,-6.854389025424583,5.254976529349101,-1.167299731501629,-9.212399220575698,8.067651135888600,-8.494575108565508,-0.179859810967407,9.977971194570241,4.052173756826198,-4.966313033526955,-5.770395269097377,-1.029284664944385,-0.347916981399957,3.509864381252545,-1.751673237200098,-4.823272536963494,8.216098747037922,6.287613343363727,-2.243011243412056,6.585920085999945,-2.462263175893820,2.601328366129749,-3.849438694339133,5.784354148243958,-1.976535690286783,-1.626813369633098,4.446730405494046,-7.042227054335994,2.464930138133649,-7.533838839731921,-4.705220364865430,0.422727293674697,6.144096826551724,1.446718043624442,1.844376696885444,-5.745369804112180,5.760677211592551,-4.297613441474724,-3.243235894779762,3.057069359718394,-9.781507844316536,-3.428941519507172,-1.937029982828836,-9.721417656027045,-9.228642611001538,-6.542329050260149,0.537034542669169,7.828853051506123,2.151120792724017,3.826051544447182,-2.516263089791211,4.677527380825284,6.813235061195879,-0.506421163196125,0.333745007789055,3.365141184415265,-7.434755905152930,3.558315863508007,2.971934032725036,0.827183547384555,7.060181837180718,3.919313054722727,3.673201686074652,-4.476226545305828,9.736174991556240,-4.526650157830105,-0.038260088220524,-3.183282745909213,-2.623025637991789,8.008288162278152,-3.518418828954271,8.508447148331562,6.473798235743686,3.886320781099567,5.385555931062903,3.678971766232015,6.009421488069190,2.831152847475881,-0.935392089642328,-8.756345000792965,0.830494754564361,2.622444667696122,0.620975610974019,-7.578197202262650,-5.316892959712662,-2.750614328217418,-0.255020657626332,-9.316110883995268,-8.175129332572260,9.296649999557395,-3.913527545476581,3.395276710067169,-2.355101351168896,4.348477011521560,6.607383332018752,8.475081876015370,-7.773262200075699,-3.696533965839548,2.220519347003410,2.810271411306369,-5.785881378457982,0.332070364194784,4.145100892237036,8.770377356197272,-9.092984642742987,6.362951499656806,4.305232270468025
-8.628367001152213,2.334550961364615,1.710636539531226,4.475173626308502,-8.396882765940054,5.555188887182737,-9.422509394803962,-5.370786718816072,-0.700998622593609,9.255275169977146,2.968705235356577,0.582280419061609,-9.343512123913333,-5.458371863751481,8.402178350554419,0.774828558730306,-1.241858804690860,3.107420575479997,5.525176334211903,6.852149995648258,4.323668039830189,-1.278215963005348,8.166293567824972,-0.743798504961774,-5.864472354543895,-3.363115350258830,8.102739923120573,-4.511819860239770,2.611532922834932,-5.034870919224563,-0.587338995314717,-9.538740315400984,-8.202546143521481,-2.125653836004768,-4.813920262282389,2.690562469929702,-0.523841158739227,-4.963812033487203,8.492954952740334,-7.930349147432601,5.850317275103421,-6.761034705730369,-0.576666208330042,-3.160925054703229,-4.580419308402619,-5.018031869811182,-8.659874836842246,-7.572711180789553,8.474651792076436,2.850475853331689,2.194666415328332,-5.925833819058994,-7.845588579488920,-1.230385000042556,-2.325301125448577,-2.713673322675558,-5.486157630904842,3.438991601558406,-8.294619309281053,-0.694057095224077,8.457008592220006,1.166424562190432,-9.859476311177993,-6.045445354177379,-9.838582109309232,-8.196275661209761,9.618824212064364,-3.641964483685278,-6.426550787169827,4.862875238339017,5.404085859807372,8.744517295098053,2.394639059887094,4.324410114747881,-8.031787705765655,2.232752806653597,-8.902801417505717,0.239144925049452,-5.356809059756951,-9.334537679271087,-3.604518037805291,1.876381221839054,7.795548966744420,1.248617341899820,8.887862131020658,-8.694130413315186,-0.854354722003819,3.322541977131554,-7.648201064824658,2.153961583039646,7.487737503972664,-1.156714789351872,-9.337467786538001,1.501703066662554,-1.265036686216616,6.228696795693839,-3.795218496969525,6.444866894909712,0.403194589746754,3.674452772128145,-0.013701658829037,7.104652014592457,8.696534348636238,9.799851557698499,-8.133964210869982,-1.657035900315030,0.911271508732550,-6.117089353800226,6.573752826984169,-0.613762695024047,-2.439647506441891,7.029654298617540,6.662696768172879,6.818073792347363,-4.510733495412389,0.544717000186825,4.407588905861740,-2.560622252884876,-1.946030677230668,-5.569329598557047,-5.280785562774525,0.160247444928743,-8.040737664502718,-2.161566573130401,-3.126771428649267
2.355420087298057,-5.978072003893613,-5.545765914980681,0.563605277150348,-4.676877404657265,4.092002455185401,8.327613384928718,-0.079825292387607,4.877996899322014,0.207036762066844,1.087633814525219,7.370497676646210,2.492258289992439,4.534750256776483,-5.545531086986384,8.623044660871194,-7.966147850861494,-9.440309918884910,5.391854437701426,-2.279256101761506,-7.121792138695180,-4.764974383387283,3.042641600107878,5.400289200882362,4.907751745075315,1.325015200879298,-0.597858523693077,3.961939842708617,-9.451785295783761,-4.125183483353680,-6.178271275996423,0.638191647588439,-5.590391114164143,-6.810314525366601,5.665001735969106,9.635533369389513,2.385300496356122,2.531426701854350,8.662322344912326,6.197317534844771,-4.591969227483837,-3.263238492049345,0.560894421161315,5.227089912970360,-0.838796908890957,-4.203310466369910,-1.707550400563782,0.488515308431106,0.012529512661782,-0.646798166298625,8.673027918914315,-5.307715230102287,7.004984968833128,-0.157094986475279,9.363395851653699,-1.717213933619089,-6.446642850135611,2.275262496724313,-8.448959406046235,-0.952639812818020,-2.762317678296727,-7.118932176794203,-0.881334500713692,-5.777224542367274,0.934455707667770,9.346243571769744,2.973232023362417,-5.832616941823179,-8.478694133651830,-9.262101534572615,0.915362977004033,8.110874118278481,6.969434554863586,-3.278416703051377,-7.654343777734276,4.763776314016956,8.916356365368451,6.920199153060604,5.736204156163328,5.190152126672153,-9.480244540681696,8.552665918503280,7.002803400320058,-1.332024662959872,-4.850105619230927,-3.626163541740171,7.002527099702604,9.763224874679430,2.442181247974277,-4.684406532968605,-2.521666749378870,-0.411580393410436,-2.096760220629992,9.424385915943301,-7.110558152560007,-7.688952676716722,-9.336850459947977,-0.929614621044237,-1.776123184389057,6.800308764114352,7.661967097283508,7.772487854139410,-4.974960678154206,5.912133896205738,-2.818405590292883,-3.685765825183120,3.993951118836447,-2.676206868830430,7.543293127893229,3.533970103802824,9.267103048405019,9.679926137027380,-8.316218951488246,4.643872455224942,4.255035177346539,-3.802574469104608,-1.369736556353809,3.520765541444735,-7.517033756627580,-7.762675385397644,2.848253595422962,-6.273425998416706,-8.212296375701891,0.310983214468161,-4.607145625568972
6.595657512871739,-4.447601203460163,4.877632117682797,2.349555091062568,0.563819430822969,9.956964160530656,-7.767452776875786,-8.535990717834789,5.986194375172522,1.654763769651574,6.952183921808420,-9.272992306553707,-3.840286466791305,-1.185961740893191,-1.091768659829015,-7.164782299513551,-3.214883043429621,-0.610244886887086,-6.843615920083346,-5.788350077089202,1.874556300251921,-2.699095861368686,8.097805012751500,5.912843586516354,8.296095596457850,-5.545258430794984,9.664659479976663,6.464156621736997,7.594899391397053,-7.059913642084821,-2.726515935504468,0.109826894044758,-5.547344979709596,-7.795846554014174,9.111296269069694,-0.515781120446711,-1.471188015429918,-0.773334592634079,3.716253062589539,4.148455188379081,-4.705747441114887,-8.872421225344096,7.352209472757629,-4.029325252267997,9.800930780948136,0.470650746002725,-1.341159264220382,1.759705056542600,-0.703735598289548,9.191257692828462,2.587553498505663,9.273627562240460,-0.653777521848415,-0.747063436438996,-5.657640618765947,-9.534338825367172,-5.815253521386323,-5.175323613503395,3.046343972755984,6.743975512911931,7.940286054795436,-1.667806870506091,-8.885668820158841,-9.027681443162180,2.863276858678574,-7.332544444330624,5.275436847928312,0.805532844671667,9.131694475595211,6.125327272553196,-7.424049487975353,-2.586047829988438,2.859967803026800,1.105754083913075,9.601839150064659,8.401122251114799,6.754566220522317,8.997283239065908,-2.231025864113930,8.571240980584417,9.538899747392186,1.603152595681898,-5.004283183513909,3.259714365694935,-0.099646426875918,-6.708692480879677,-6.330015344020918,7.048914362860017,-5.409725518168829,-6.530245610536511,2.617445458093762,-0.511700168352558,9.072018348125642,8.401187134021725,-0.698387127896495,-5.453959289929056,-5.613181305499593,-7.169151375768427,-6.380719466431753,-7.164838957069158,-4.163953537187384,9.886427113448992,9.168151327304390,0.591101280830754,-0.268119175314910,-0.514773881588065,6.753436348248737,-3.172923855171874,5.008325114739435,-2.060750788279877,1.275833552739707,1.936003704631890,-5.159495260812255,2.312350332442550,-1.566394010221456,5.896728619857466,-0.458274705941182,-5.748259691263433,-0.459034985648650,-8.101180817537315,-2.242880532191077,-0.059635450856348,-0.607182077017383,5.488221378478752,-5.930262194633736
-5.379426188108216,1.402026956872234,2.855945779306602,-1.311055571583353,3.525720919952793,4.871705138250178,-6.945765910197553,-6.404075649033205,6.707191071445987,5.512162680222406,-1.850070640608980,-4.521811500874222,4.890539947010140,-0.838073946925469,0.063486663580948,-7.276436236581068,3.020781149896250,-7.762519799740701,8.943047537693950,-1.973985868979760,4.651448708152925,9.468735442476653,-6.105113726561835,0.985821156857520,-4.101624391503660,6.005062593479529,-4.001778966830710,-4.366794262951168,1.807082802550406,5.908748353804789,-8.065499146468291,-9.148262047698712,5.558607943143226,6.030758241507105,6.481256909214444,-5.213753929069642,-0.136819436985897,5.543746777610462,6.106956766771852,0.955260190537242,-8.737538547129075,-5.900499739991183,-8.520090167934777,3.882591269873046,8.559872351424481,-5.087664429278349,9.586356056376449,9.197502701989020,6.623402481496012,-4.681084695188500,-4.676072486426297,4.219708668820317,2.351668244063186,-6.753281783310403,8.956961520754479,-5.113683072124415,2.158646211072380,-7.955799170356932,1.930322946365468,7.611580222895562,9.909148872079726,-3.951157357503603,-2.974098832334892,-6.126847721661379,-1.290241462348707,-1.043902718106601,5.573527035262014,-8.572596738941378,-0.653587216858526,-7.705823085522427,0.507719059788174,-5.600696991172757,0.691731662553650,7.882911312570148,-7.051211149948264,-1.655136043976913,1.680029673797376,7.226035712604716,-1.682263148981120,1.822078014862818,7.722179004171426,-8.858992828781926,-9.337283984404326,-6.009862381173436,5.937058158775073,9.782175758977733,-8.173924858152802,5.025671074515621,2.280070991617771,5.643254482840280,-1.256812166423787,-3.737245926726005,2.827557941163725,2.983694812291695,-6.122611452968507,8.134165648160419,9.572767981003594,-0.710248824098798,3.799844841573067,5.309093603508190,-5.792548354477778,-6.325543294723950,7.782194255693732,-5.409835351983454,-8.355853729581922,-3.324945119597491,6.504546377946724,-3.995948415360222,-2.289920646787729,-8.189769585539150,-7.401146626191695,-0.279195227004188,7.005086650878802,6.268449403712538,-8.366644199034416,-7.085249124896178,-2.295664953152443,6.373907367678083,-3.135267830403645,7.596623180454301,-5.220100868485340,4.824579019227670,-7.459045085199271,-8.859446809944307,-9.313838375114516
2.211159182411622,-6.887341304907901,-0.185571201116517,-9.990188612837912,3.843008203989907,-7.643751723862264,7.299352182975973,-2.451807157043002,0.362394437894411,-4.526280861505116,7.274562600767979,5.538078049933478,7.723988508443490,-9.797299924832306,-9.864441897204092,1.182198998319146,2.571567792767189,0.011796926403258,-7.312876950813687,1.011824427640844,-4.540972561716911,-6.337989200196946,-5.243848335476933,-0.514182644873218,6.115628021749501,0.163353197660690,0.726342020417562,7.559417157740164,-4.956249201763532,-6.523225894821523,-4.402375854967636,-4.610792336114818,-2.641064327212829,6.347468589760123,0.187690417053702,-9.896892454875037,5.691148976157741,-7.445905359037653,0.046487793997294,-4.351349445538850,3.007557880824269,-1.068724121283511,-9.283771983903700,5.512850770128622,-5.795761927042074,-7.901364377799515,-3.844100100480443,-0.697217606560050,-6.854127915676083,-0.535419426128305,7.594890070600577,-1.209466473936846,-5.027751756688906,7.700777668418020,6.504042155981885,4.155263277650331,-9.968573707475688,1.052802468671359,-5.776073380283824,-9.347505843047227,3.612446891836534,-0.037333510943862,-6.473755572632420,6.078984394870254,8.060182458294094,2.844639093083179,1.854838720380910,-0.506839237911301,4.636415116031298,9.558133263319274,4.541770105625398,-8.146231512178447,8.382945257694104,-2.088905731433042,-5.512216411532092,0.323380076802579,4.419786110746379,0.409340521909003,0.092271608096997,7.152316099599002,-7.342276725025394,9.742230557339404,4.182427603766874,-0.417551559690992,0.671447745567413,-8.630563675690460,-6.561973080876240,-3.879848431252677,-8.022972814997690,-1.479879118287833,1.981671467997298,6.286321461626844,-4.556054155126168,6.281718682886883,6.696190175006841,-8.967860784599020,6.852992706340043,-1.926089937615117,9.337320263842642,-2.728268529585938,9.780484927379295,6.186140615705241,-5.651633325886913,4.828055556443935,-2.688491708594083,-2.944659498257538,5.282822301258495,-6.568185686688979,-5.964010288453256,4.509316381039010,-0.911881200825263,-7.494905577540716,3.310544563586390,1.678427811529929,-4.231277437204382,3.178190233900413,4.596466113497417,-1.461470130659654,2.801321008013053,-7.864476969172262,-8.516718950813738,1.578163590831432,-7.115496302955031,6.869389205263644,-2.937547798329490
5.616639775952168,8.674074680664724,3.916678502918753,-4.689292271333745,-5.156351356991098,-9.668093937251603,-5.198030336546077,-9.617829276096741,-4.723735576280697,-1.652979845504438,-4.958972237157853,5.964598664663521,7.144914283653016,-7.817287005042777,-2.264120903596501,-8.151328525914469,2.186464632470333,-1.111035325943945,-9.733940736757134,0.196086579494594,-7.686276923152855,2.848074492508001,-2.832892818455461,-3.737629704108835,-6.289290421705149,-7.165129543721491,8.986878348892432,1.445066427302287,7.217244300432807,-7.637923730425770,6.965444797051934,5.980462543660714,8.515905499128266,-2.942194361778117,-0.679097329664270,7.559961062430954,9.855815682501731,-5.569347270349758,1.451545037912165,1.819792842625006,-9.328737098686908,-4.122500016065489,-1.329656137365415,-5.422785243591093,1.030565200034916,1.178438429288978,-2.773392148749765,3.336451615635356,-0.880615951197079,-6.096943570629792,-5.263773054292315,-1.148590803793130,0.514304900909416,9.320733389770123,-8.756237947747126,-8.695563087756106,0.735279777873503,-7.969506158675037,-9.975362907805806,8.143197124524839,9.274316195607039,6.293975850877732,-8.159949117979750,-6.277329394342049,3.249650241156839,0.990778112081705,2.052705775376182,-2.109220451787133,-0.632213365044670,6.748434300630258,8.691596464131987,-4.118208857953800,5.727623400297258,8.470186001818071,-5.023502121081789,-9.413728842875615,-1.191386388951344,-8.955073060191637,-7.916146897340839,5.212133512467654,9.231621077656509,-1.692719050246875,3.347656391394931,-8.974710751889347,0.756212429649569,5.893943805741236,6.439634854309393,-7.085833729997422,-8.457465099054112,2.302223041929814,3.913534768883506,-1.485285268914314,-0.801089287825592,-0.194440502385651,-7.955694424014395,1.145341265542022,1.124294565093702,-3.858322467746387,5.432867490658770,4.133295172528765,-6.135975648611327,-5.258413780370543,-6.562270232696594,6.290427925609031,-2.348809321294274,-1.724070426089451,-2.692909652560662,3.067825617669811,5.276375115870293,-9.255657547111724,-6.890408285302810,3.627386469466476,-7.806640867862999,8.919788800137226,1.828008813931222,4.130435706794151,6.722276312548175,-1.635458564721571,-2.516625396434387,-7.689031207775314,3.097017884249915,3.478676574776674,-3.444848804094387,6.738666921091557,0.908053309210793
-1.921819200073109,5.086011039409380,-9.571451018457168,-3.454728657915663,-8.759629211317154,2.526211166350638,9.142031500223613,8.812631124949910,1.343630103631433,3.201546911595571,-0.348306200249642,9.562608161710639,-4.860045700033884,-8.285943073466493,5.626781483246701,-3.974073427218165,4.376235101329415,-7.261029289948635,8.562839528216710,-8.176439942373971,2.369308843436677,8.795453833171443,6.174400411353897,-3.285034824042599,8.678313201942583,-5.452588406489456,8.085062480039472,-9.425008608744509,-7.484173021782912,-4.983737205318084,0.307363839463006,-1.824896940789664,-1.113019768786547,-7.693246979770438,8.209491855785814,-5.886746679858305,4.107376308855086,4.823093290764682,-4.030187537251755,-4.315561041559121,-7.918299853115758,-6.131745860220017,-9.668227650454677,5.495405498596194,0.682574025393984,-9.549556078262009,-4.358782612985874,7.273743160437125,-8.599841750996735,7.019351552514067,5.246674041910858,9.776892188737193,-4.371134741070534,-7.289769229734997,-0.092303644735024,-8.229971601959543,-0.475511313285221,-3.925168921289992,0.632480411746920,9.060913888289818,-6.661040339305666,3.694574829499356,-0.431866747205840,-4.529483437940558,-8.196880818693739,-0.430989912472914,-1.482029251633499,7.542936812613700,-6.724569961961908,-1.241605080324515,6.566360733395729,-8.597805441209319,-8.020905749815713,-5.954447200550634,-3.753493877852192,5.856962295642996,-6.567360600104326,-9.409394674053210,-8.022817557272447,-8.128158357871992,5.458878483795523,8.139109902263343,-7.847007530815258,4.226040987047741,-8.568589223452005,-6.607699422954923,-9.978120502137223,0.281542814929811,9.150116266031432,2.404470534631768,-6.979001731804266,-1.568755178707491,2.881853716511975,-9.890217178057469,5.087584261610733,-1.573933631954924,-7.908171640809991,7.575489078493657,6.169429051745833,0.370525437837486,2.070043662849564,-6.093880650682520,1.206638196897618,-5.203700465205856,-7.956847887630099,-1.607805739753491,8.546722891088585,5.877272468714006,4.895613312540355,0.573715090756146,4.667279189744992,1.687770394673471,6.366713538146030,0.943274903809003,9.658976761925715,4.051137608960854,1.625217887566887,9.336276797584905,1.069064853761779,2.993595159216536,-8.241832074540794,-9.368748895929887,-5.579522638189632,-3.843961882689690,-3.277547809599952
-6.285166111228319,-3.769669896712704,-3.610175504253331,-0.200283174757276,5.220108330390513,9.670540603243843,-2.192386990576587,5.762946512911446,-8.094782051411723,-9.687852770525279,-4.131226191991706,-0.853557233950555,-1.684630665264921,-9.409818216290882,-8.028714285353999,-5.021948011869863,3.921252653130534,2.770407390613698,7.531201584113479,-3.180448432395837,-8.606206309642005,1.303601299537602,-7.181012056625726,-4.258760618177213,3.466844732595092,9.325148877189520,6.281371167998714,5.328159941023493,8.189581106717196,4.214769625089518,0.024710370124128,-5.724366948149480,-8.641581572422343,-5.118467915675491,0.654830852067914,-8.599749003851018,0.201918950467217,5.479562786209115,8.036672656384592,-3.543451096079513,-4.350807722725911,7.617645569415039,1.682558922306061,9.495885271811069,-7.742600794680174,-2.241403639788349,7.482590257180266,-2.371740718101445,7.513179332466521,-4.408105421296193,-6.339626833490737,-0.684434763375279,4.148245900483868,-8.068346266664211,1.671459801544371,-4.947254603675264,-7.046311295038691,0.663088644198966,0.892883586011010,-9.463725995509957,-4.261882863693131,-6.411329684555731,4.178959462630401,4.843998993269530,-1.797556866531506,8.111125707589494,-1.590378019270009,5.477378955812730,-0.958342189982091,2.567703801277911,8.763205477327727,8.113919983568817,9.615024555821616,-2.028955952745370,4.586455019709428,3.816883387514714,9.257576522557219,0.963846876067693,-1.875247134603642,1.630374892115869,-4.522337214525953,8.624895036068409,-8.374071244184663,5.159461424146707,-7.595023519875818,0.758070486745474,2.744518394635620,0.645607329369348,-2.321482484100934,-2.505528571062372,-6.235221878913599,-4.687676750225542,-4.675715523469639,-4.689189062702068,4.069734995989254,1.951494274121009,-2.977459310020205,-5.486615994370467,0.194564406251834,-3.636539264528076,4.701033647283415,9.035636940272006,-1.676309003694172,-3.190239332997979,-6.973969031977825,6.585043771720500,-9.858257917889759,8.491883948554879,-2.007105665472939,9.760929824321039,-4.261495787838836,8.202916439110869,-2.011491351983654,1.286501607885807,-3.112838967809138,3.976592522240139,1.710558185063324,6.676007892084108,-4.948780594555422,4.321387428278751,-9.493831187025265,-1.669534394053546,-6.088320673052124,0.538820130019001,-7.376404317477410
3.707024693929828,3.205303289608761,0.912048885563559,-1.368961630984222,2.476974779568428,-9.084917778754658,-4.435166527181322,8.680627651000460,0.642212667008561,3.563695112727093,8.040371260054695,-3.323406833333157,-3.770444497772775,6.448415732414077,8.807764605439683,-7.045251285722163,-1.913404665950722,6.595105763879676,8.331517939727210,-8.356658592001310,6.368233498922958,-2.551712210631029,-7.351765457976396,-0.720461336077731,1.516161610828640,-9.663863288328319,1.781637213617273,-1.092442568298997,-7.492917738371354,-1.765801354490371,-9.118050462330569,5.498151368750166,7.114492109917784,-0.363954298171858,-4.653569744612840,5.731703675308641,1.356987202501918,-4.888295597623933,-8.815691775350027,1.503592811579708,8.841448352381210,9.210587571110558,-3.123450066936599,4.092674780248288,-4.167052535014040,1.846798854690345,-6.697098833818716,-8.659354909820516,3.842856863186476,-6.753896714860774,2.832931658546071,-0.695072426504737,-5.948341717981480,-8.300853710340412,2.069682799367758,-5.881476916265996,8.064651615058491,-4.567955764237643,-2.776853115921551,-9.304624879145623,-0.774579583772816,-5.107550603063400,-8.241048675832296,-3.148583045094617,-1.288180855298402,-2.742723773040742,0.334971644765790,-0.450788778265672,-6.296927591127444,5.448378132210202,-2.086554151615112,3.436454297266256,-2.494519519938388,-5.501550365536161,-6.277859271299809,-9.517506793113863,9.510529621124888,2.410045855464006,-8.761967018787974,-0.942799777697566,-9.610001816599363,0.661351755873552,-5.870974798424982,2.202372074652503,-4.569559297100627,-5.458891491571521,-1.243645473600266,6.093622515802551,-4.793094566298242,-6.943535788061757,6.659910637575248,-4.095068007725427,2.124509782564711,2.395248462147146,1.075075068238657,7.512562948346439,-1.556299572440619,3.965442207839391,4.975570486005573,4.041710638617960,-2.400836234109562,-3.072468231461746,3.145841206168416,-5.962615219030576,-3.919486679395499,2.983871977784951,-6.351498161562034,9.778684505912793,6.776032251569564,8.810597246248093,8.518661460884406,-1.391978023179686,9.433029781773506,0.392665466394726,5.885021386426335,-6.701085679358664,8.089358751496711,-2.956416535838731,-1.952673996995568,2.095119327439903,6.499073073084588,3.385741424584648,-1.278405824072236,1.818033818929354,-5.903423714635476
-0.494129051620288,9.029303560353345,-5.118443720550630,-0.022579518131831,-9.883193149841640,6.914944476170241,-0.920397902685004,8.370424700890990,1.926306892233532,-3.503691334858292,-6.195864263483147,3.043738658031019,7.709803861208698,-3.195885389016611,-3.166920034427243,-8.340878733722072,-5.045974428266495,-6.773538988272434,0.469514808509654,-0.483406675713695,-2.952181665557008,3.861429507275254,-2.680460503441465,2.781059421178851,8.582683332616078,2.680675934711015,-4.108259755806156,-6.562276732751251,2.643980780602252,4.894085491365452,8.551383774289953,5.849470364744400,9.899974676949643,-6.440013363504082,-0.692564905402849,-1.003135542984648,-5.301950455832481,-3.335427866547096,9.260163576552344,-4.988506026845625,1.316824968197212,-4.507454961627875,6.505981495287326,-4.963826227934225,-6.687280209164228,7.952503405461972,-5.868176186401306,-6.947996177185754,-6.246362291050351,5.448364472975422,-9.573790673030620,4.611853026316414,9.873397709855510,-1.377057242625865,-3.367608633254333,-1.955093700846627,-8.249142433394972,3.950219179457275,-0.033979387438116,-3.213137510999937,8.450467160167985,-3.195480320116899,8.943157750999717,0.725755367766656,8.083561660832977,1.557862872717070,-4.076439534954042,2.788026271079385,-9.057018609544251,-6.518006493812627,1.992141937284691,-6.929922722843966,9.136758853105334,0.820749522459941,-9.594773159067902,1.558179878158128,-2.829359973597604,-5.116728055096731,4.935843575757318,2.973394432449584,2.703219890028814,-3.772571731784713,3.320094734192731,6.346225414986009,-2.001990453829658,5.236684998270611,-2.117926957618246,-5.279370250938380,3.022351297903946,9.086246083319040,-9.775815565960919,3.498547464696678,-4.105218670377740,-5.925284634131445,-8.942750828134624,3.216783702408483,1.654019283247587,9.816944723159079,2.281816076176977,7.149008510890781,-8.451448306406666,-7.176021126004654,-5.498412900515072,7.236490308762804,1.886435986782317,9.776112031639556,-3.519687767521738,-0.064605714209822,-8.069241602227702,1.557782080663044,-8.765442846012911,6.720424320908901,6.664593608482971,2.087846982425992,-6.056554174279767,-0.773609667757206,-6.359640813888417,4.477169717699230,-1.359881723026863,-7.055670278914472,-6.625146105550881,7.439556994907161,-0.196149547644364,3.229919277528037,3.537534449910442
3.499931026946491,-4.381070010469916,-6.896506267728252,-5.576288891966421,9.717904498502811,6.520794713395148,-3.291919706565838,-5.693348986829088,1.200294369853257,0.199267771461711,5.600055812396604,-1.208660228118836,1.192557603758660,-0.764674889913435,3.897355887583206,-6.681624840970164,1.184714350217000,-8.211386557352771,0.558753155312932,5.100423358251188,-1.535308857870159,4.837162923482561,0.536071608539512,-2.659478348847069,-9.377807024887076,-6.093915833592163,8.174554093229322,-5.985993466262109,-8.530055342611615,-1.854846026356292,-2.137452091204146,-1.187050814274304,-5.790487046471799,-6.702432410018655,-7.712844769115003,0.668390291768892,-5.968850743966079,-0.783584458815076,5.003080731346380,-9.190759488128172,-2.992157655742036,8.841996764259108,3.794832582557920,-0.847864982567877,8.462039095468285,-6.289271416797568,3.028173676595124,1.843493647763077,-6.936535903728343,-4.123949852415317,1.557146712415019,-4.655991303183198,0.333654795726908,-5.597719732604538,2.378367892346198,-0.108129750009153,-0.608419423736613,9.635462938830223,7.594713501105382,-8.804326163223518,9.771572550884720,9.768087681285099,-4.764473327615395,6.147015294704801,6.263997766558550,2.788127249908088,3.443083652073319,-0.551902081533518,6.499337467957307,5.740587835222264,8.401598615928052,0.443365726869370,-3.025397305791079,-2.998474052503914,5.152663625223116,-5.466758221280266,-4.582811573406946,-1.289710520836794,-6.827659465150465,9.134302463815793,4.805424146127761,4.637947994581564,6.069146824731895,7.619038233984657,-5.309154996295082,-2.601622858062294,-7.845892092862943,-0.764795893056236,-1.603098582518790,0.685118602328858,-0.732894439139125,-1.315755927047292,-9.260249574745906,8.289462827129931,2.455476212923823,1.083689360555244,3.250997790577621,8.443563406235921,8.895187609085134,-0.935833975732951,8.685970239714745,-7.598679294040480,-7.943032007173610,6.061263140554651,-9.907264930223880,-0.087516749734140,0.534909799645112,-6.832102380994205,9.617650655019823,4.191739256589585,0.347850619951469,3.195328240189481,-8.934407579758147,-9.381054119138849,2.177605932657304,6.273931963760898,-1.036878315545184,4.068325835712255,-0.659701951902463,2.016874039802786,4.509553834918245,-0.446956324238649,3.484214158286260,-2.986484555597679,3.880839703405279
5.833710236184315,5.051521177800604,7.878654238549505,-4.569201073215985,-1.468091878181150,3.463680795606104,-2.475388397114962,9.306032601418050,2.575803339875149,-2.172703719389202,-1.320453266582895,5.589837451170697,8.359066286384294,-1.561079853983419,-4.621920713569700,-4.417569210039294,1.454983462769214,-8.507808619236879,-0.199581322786642,-0.622530648208384,6.276138791969213,4.188617322935622,-3.213822750594975,-1.327715806587257,3.736007115763147,2.513286135947672,-3.203082355916999,3.911861443242959,-5.447646455731641,9.557160254416960,8.703425863803787,-6.654451217659634,-0.166401543377576,-1.078188391518998,1.261930461714705,-3.662427466045461,8.313279365746450,-0.475012728592352,-9.631244550441064,5.499384369125730,5.990662097720493,-0.360759371658656,9.864412371712945,4.566325470911606,6.818576174122981,-0.509490722869794,-3.591687088055632,-2.806398330438313,-1.397609027956374,-8.230481937512724,-9.061775191897347,-3.102528728342433,9.977489380100351,9.415860308084849,3.966454880883871,-8.007760434208508,4.429553368858327,4.308433160603773,9.668265208684474,-6.502416496704903,2.163660418412075,6.966757788683079,4.986043827790144,-5.526848066365522,-2.601050970198539,-7.613553226063800,-5.844715145403514,-9.025575469395209,-3.732124972858564,5.129797704033340,-0.917337577136623,8.190308079654191,0.602076591865060,-5.835189361020170,-5.777882727887677,8.520768224740074,6.755799867036465,-0.655226458121071,-9.989958017068281,-9.414565537171729,-5.329122014372693,-5.430106204798994,-7.556189559022368,9.183624629617594,-5.154672635806326,-8.080192825401999,-4.929449164521847,2.024589921764711,4.808574942266610,-5.584409349861628,-5.435298951527514,-9.515502608418307,-7.464848424136390,-7.592836751205089,6.843693132276663,4.934486594521292,0.353584590535670,7.233434697204139,0.385637107622745,-2.374670621879638,2.260803337635178,-8.512033868593804,-5.271992831552152,2.634689129509631,7.715240317468083,2.060276452090058,-3.811833440668860,-2.925160429225562,-0.760981835801681,-1.264411931844403,-4.103256702817568,-2.270741462488763,-1.915651035562991,-3.273129257551901,8.304125338776498,3.859755038492544,2.601785127093766,8.913220951727535,5.250339877986004,-4.085541560368711,6.326815517702432,-7.783612083527906,-9.492158379115116,-9.409964119219271,9.332345631159402
0.121549711013360,-1.292140005686944,8.488169617710355,-6.811055491362284,6.116185281799801,-2.442705283912902,-3.701466965576095,-2.254921171318893,9.800046173986896,-7.958465868781104,1.307415351709256,9.845355674379544,-6.885782240162792,2.588015524649485,1.970281024004992,-3.769465528312647,-7.684350126255759,-9.526871070063654,-0.224818592974874,1.570663909823333,3.286070508909260,-8.455126345446679,9.806795037595148,-5.415277908160283,7.403694230099404,-0.949983561646643,6.802048403279631,-6.579824633468001,-0.633842279784176,-3.634736119952118,8.464280010167421,-3.615911795419029,-4.479280797619854,-4.382676471131422,-8.552121459876293,8.921161893636761,-9.438928680325196,-2.709458611520718,-7.045775209451392,5.456958713858819,5.602191532482641,-6.955668508409964,8.662842181884468,0.832223510694629,-4.522406515065390,2.747665171289729,4.282558818997122,-1.275309120607746,3.903528282194982,-6.070342237113316,-2.545873727855515,-1.773255019079764,-9.736781912294330,3.864220999618400,5.175773971678794,-9.569306524824819,-1.739345130991364,1.132951469531147,-8.652065858795552,-2.658425960016093,6.763888174476801,-5.661066557125835,-9.179234700142498,7.474936007190006,-0.098407045450546,7.486974951820770,-7.833658378239498,-3.378439341446291,-6.621846506087364,0.959563723538180,-9.570795863881605,1.701260665959065,-7.770198377008130,2.315071406023932,-7.682439845087066,-4.795259108680461,5.513239791052570,1.897775085019312,-0.480216036049123,9.199203675428514,-5.701578460541421,1.310831265014292,5.755229595016880,-3.352314110031021,2.176960052502954,0.680590698189141,6.483556285770447,0.565780724812214,5.838226212007152,-9.238222587790084,-6.661223047265519,0.730983131374392,-3.843630726749678,7.603239203691892,-7.966951514357352,-0.716398371480961,5.933105949354811,-8.365729254480863,6.475765000090668,5.054314088386487,-5.128485076148282,-3.472135761601951,-1.643697376825140,6.080068086754579,4.475054115979461,-9.099003738203098,9.689177435326684,8.091731973583599,8.263590398796804,6.933450250327233,1.157781205134871,7.808209821661357,-2.330364300826997,9.757255578983976,-4.742635235569852,5.474289863869506,3.185940322460059,3.763037460972924,-2.051483878263872,9.937559894732630,0.822388442912928,-5.571763404041992,4.832104713862043,-3.677297793385909,6.468130638784313
0.338165058552109,0.369012999238301,6.487705778502178,8.474035768049916,7.507513797522009,8.602119077842406,-9.201037572409106,-3.258772554162377,-0.496659627675397,2.983284266051724,6.029281663910947,1.771476230617086,-2.039516495645046,-0.040663728242549,-3.679228593873660,7.493377080960265,-3.960806654350232,5.093937993143962,1.342921739432672,0.231112442667909,-4.951724479669675,-0.465396557262350,6.613667419691595,5.956171783921690,7.478723502965295,6.831342121382097,3.136437636444903,8.890881494132159,-9.836479897858663,-1.883697493827011,7.229710281688117,5.037012644308884,4.474963295122540,-3.908128696925228,2.001105528958577,4.513161716554920,-4.590728297611360,-4.191450271634080,-8.896891436257516,-9.739477507550101,-0.840883166843733,2.132076513271441,-5.546342950163215,2.289149575538111,0.950228906207871,-5.553645132938733,6.520714957207545,6.058890980194846,-3.095016353809572,-8.210347559173472,2.616944972085030,5.788670144005701,-5.355890765728084,3.628473630761906,8.599779224946651,3.172345886908037,0.725280753220614,2.694739405263157,0.795578774193654,6.169951328007475,3.105634237354513,2.584227380534267,0.173731358291116,8.048080826548158,6.927754503517594,8.308353014080765,9.480267137892614,-9.572437804979891,-6.198820292909364,-2.380653363678471,-4.946823374117482,-0.924552087814931,-5.885152979293593,-9.141980145033845,1.135202479499922,-3.179853363480150,7.425459952980685,2.947779062857416,3.202847743035292,-1.104664273524868,-8.078757984023671,-5.355523641380893,8.916965376040721,-8.825388217516101,5.517593281705595,-1.381292850567430,9.976503276662722,-0.525210098861312,-2.678705320655084,-1.813493287118837,1.445190591619722,3.766175108626499,-3.698974533973491,-6.288170566135280,1.112291616347775,-1.220591818918990,8.135567360493773,2.500027460328038,-0.892474867890432,-4.330025673882265,0.678117013985576,-5.829647730350165,1.083114974677562,7.197942118050086,-5.218996826991882,-1.938249310215419,-7.663106143956453,0.225105678035426,5.146649301039263,8.733236308060004,9.738490666489326,-0.252067474504393,4.750184687158072,-5.780855323717098,-3.406379869775094,-5.459580499812891,9.396190466982130,1.222188375796456,7.151827919106765,3.166557223834335,-8.284339855863612,-6.666977850900806,7.105481278927996,-7.944561064995524,-6.788702557258281
3.907610181884033,3.019236780622307,-2.623541510236325,9.463144342027686,-7.881397744199128,-8.666576397097963,-3.223420571508607,2.793540221434622,1.682901279461458,-9.031373916084902,-4.492249629825209,9.753154440230350,-1.763745547572741,7.333239789841535,-5.367980584106191,-7.446690690423918,-1.688362773510683,7.451143660057721,6.462404022158506,8.957561157758814,1.896861720279029,-0.235412898484739,-6.316731391554704,-9.968505637536229,-9.553350637612169,-8.870823189780419,6.792267954122661,-9.368185117057621,9.589777509449220,-1.944831808380524,-1.474711176841483,-2.890995433489307,-8.814240751245176,5.114314219013448,-0.219050497404957,5.558568888265484,4.496773294045571,1.393281567294441,-4.191904306176715,-4.295724381659250,6.835826605799063,9.781741922449399,-5.554983358861721,-8.371808486441243,-2.595412375191499,-3.578286753272399,1.866376109547346,-4.457783819565280,-9.936906202638768,3.541387375512164,1.828461005330606,-6.738800150200870,-1.405438063660377,-9.881967529222308,-4.165401574410845,6.134286730943835,8.868414503363240,-4.365426140151511,6.885406717399512,-8.722761772672062,-4.882581921216699,-6.449933488655837,6.821638873251544,-6.316343150138078,-4.198432950375313,-6.804735362343424,-6.821634860629704,-8.360928463006596,6.847131162245024,-4.812035865921686,-0.101099081975768,-6.796350169532348,4.983603144439520,0.731330448586945,3.839720474764384,-8.432540137253426,-2.901946520610932,-0.814828729363796,7.847326771886046,-9.781435595922312,3.695906228262860,8.480615317423258,5.567161163762059,3.215285464996036,-2.774734967534886,-5.356316206222229,8.993370931829745,-9.717302928901567,9.770290362902035,-7.839317410257967,0.124076649978491,-6.026817058535638,1.423383259322957,-3.338399539539811,6.554371630658036,-0.316865031320262,8.831599963185202,-5.191543660195745,-5.349431259142190,0.056301840963526,-5.791071879885141,-4.140926207767759,0.990982299263713,-2.097135485955206,3.057352743644126,-2.326176192539691,-0.624516267295281,-3.920148908897339,1.674257730886456,1.750068500260900,-7.454697817953011,-1.072357356088611,-8.984522279971408,5.037859145700313,4.837017965409370,3.205515962502560,8.005752085056677,3.690937100937045,-6.179329482445580,-6.656086100874534,-3.153966905117165,-5.072904913487535,0.855523665839629,-2.106069911362328,-7.145977315685757
8.662116549374634,0.844712828287994,6.391167929290525,-6.175899383374031,3.220973452281832,-4.636893119707423,-1.129114787360905,9.351465237009034,-9.253417847665386,4.065881545766246,-3.995756311464119,9.991666134631537,6.544963428517775,-6.681166055589561,-0.809565654305764,-6.990736229887322,-3.685450540425661,-8.034654340889523,-9.411661329102230,7.900876682562114,-5.076129891490972,-6.831558784034901,-0.321603088562858,6.859216161918422,-3.851029454992321,2.660502122390778,-1.990603636310997,3.229369178463827,-5.754751114082158,5.602561585838643,9.097868372297977,0.881765728988064,0.826898961572116,0.407960343904339,-0.382485182791559,7.135661830862713,7.894206107342395,9.358721491795414,-5.046992709683642,0.453125191493005,-9.353291337961760,8.357071981964094,-7.324701233152182,6.744909490762133,2.292501359288167,1.991333085368304,8.421981535635375,-3.988628064811978,0.868006148957573,-3.571545255383064,0.787716192238539,-3.364586101191243,7.470601030563589,2.497560081433555,3.376631838659012,6.123757350313099,4.549585908376594,4.725656364815665,7.703975175849109,7.063154317923811,3.045857174928539,-6.517636036334573,9.161782796081276,-4.542411948672649,-7.717848915861952,8.122143283642163,2.227305180080780,-0.018229301812493,-3.602382235160198,9.540762539299010,4.379300401030658,7.738154747758855,7.255088249222450,1.409765412155989,4.675006478188308,6.427394020994889,8.607693605308825,5.509287693235754,-5.174429498681108,4.718565171721744,-2.412413115707657,9.760518887046182,9.190873766579465,-1.036803496591311,-8.098842939346945,4.534054592596146,6.741637546552081,0.292735774832622,6.856517585366657,3.456663052442817,0.284010186470454,7.406381731081009,0.147831775685995,-2.269262206950422,6.248675768809314,8.050586436684316,-5.061439855836829,-2.608722769164411,1.110496224573719,0.011611086965441,-8.112480603764283,5.699406909745457,-7.931993913802504,-2.954845819556300,-9.574202583213840,-5.597899080709661,-1.704126331311803,-7.449993532177048,7.337000269763799,1.804982821828407,-9.675672982494934,-8.032634405423257,-7.211079300580781,-3.050808722478562,-7.095459145752141,-3.586584373048078,1.505382382322473,-7.960276258954231,5.110049597216555,-5.526870337600906,0.972926863285078,4.761683709200099,3.677984030775415,-3.709130488073620,-6.705572413299890
-5.496416565405420,4.893143928231021,1.844598434172093,-4.268126087409632,3.490151856080345,-0.073266462826167,6.564417804023954,5.574038686884437,9.409141966891756,2.652176993506405,-3.159851534570130,-8.519970342956976,-8.890434545271436,8.808409217501932,-6.834834391728473,-2.766478509793315,1.950052495529720,-2.282911975269788,-4.540851317744218,-7.954054288595065,3.243715753386864,8.927743146179878,-4.824010013618594,-9.601748299240768,6.763163484297078,-3.440329094422152,-3.895918359526290,-8.824366204458132,9.087791468430929,-2.963700457351244,-4.876329629339271,3.200396243215964,-8.991730936165041,4.382364719715250,-4.385703357849065,4.587966563685900,3.526446908471941,-5.305850275345271,7.726116847192916,8.249848130645521,-0.588935231631066,-7.312631163666989,-3.198043759639322,3.957453655080824,5.584487816086298,-2.715336687444285,-6.241242231920716,9.843688091297739,2.898268745653791,8.421841766315204,6.376791689820703,-8.715221515880343,-8.309221249358238,5.874718827580750,-5.788475124776857,-4.732581356529908,6.708964913831071,5.343893247162740,4.385265509985620,-9.968044794596691,1.730299845276127,8.914081608578734,-1.751314841245899,2.168679304271738,7.470234797382595,-2.334942091797738,-3.843874102763102,7.822058186632702,-8.067525147367649,-4.249330315274480,-3.849615448018384,4.416457956375279,7.221468379002136,-4.001411218462207,-0.603006068601653,-9.703034163052696,-6.483406048153912,-9.524055499764950,7.131739951281016,-2.990000368502084,-3.620155225553992,7.208462952142039,-0.462935317195834,8.685020641077362,0.052666366934597,-5.090170067090201,-0.525817212642313,-8.089777565725061,-7.946573150286551,-2.391904977291817,-0.962018298737629,-6.946669624999919,6.276027645692963,7.901984076335356,2.470169998565542,-9.412538771643085,-8.672877621758857,3.373513104955547,5.267299183567655,1.798501258903213,5.486394607480706,3.787732073161148,-9.211735893145887,-7.897712607756741,-4.518012943505951,1.832822816343620,4.542820421207752,9.295378599709739,-9.220272150804366,-7.572160519241436,-0.287290713643706,-5.787273645552062,-9.051052233928251,7.962800999172245,-7.405068092449499,6.586956769541775,-1.361786037707047,5.049341932911132,-1.743244553336684,0.201362450307201,-8.811490961976819,8.857663323064038,2.029995682744278,-5.667788115532644,2.252238880729729
-2.857390709360768,2.338543429214045,8.698355027924002,-3.083087510584795,3.746530332605156,-0.630762903291171,7.542221239227729,-4.759398836121552,-9.244490730328543,-0.106055861954966,6.251417732395574,7.465615320966826,7.677215559377135,5.470625456530197,0.579453850374009,-4.314949541046531,-4.272633512253146,3.390945317574246,-4.993287146071943,-8.855917280106034,-9.980048793091063,4.332604923181327,-9.832608334163256,-7.591842293011155,-4.173208951705956,-2.605773151469879,-0.300187184801262,9.586201891116769,-3.233989153336269,-9.230085312569605,-4.180561680916195,9.713562865478210,7.490567504407007,6.068853314444823,-0.199644291760105,-6.665422440693445,5.659579636966274,-9.089556070085829,7.156900559108163,8.785982794754144,1.556192214310316,-7.621855432810616,7.269313184944370,-2.407613404976496,-6.949744998252624,-4.324217543613571,-2.567363409772170,0.571053025995187,1.584492017695707,4.342496678298497,4.111458938037220,-2.898183468606133,-5.423787957142638,8.990016701845029,-0.291432169830408,-7.916973544916621,8.617840755441662,0.366691124243454,-2.061995442316176,-8.330169388966318,1.305737544926215,-2.813381394720647,-5.439473127788084,4.537046920142993,-7.899948691422434,8.021811147637649,8.429400664733283,0.256015877014594,-6.017135533373413,-8.859365591500124,7.557231297713795,-9.550389950720007,-9.898881181759631,8.388262219729789,-7.019030189781398,-4.635138142312782,-1.927291467300380,-2.310970748003401,8.564691245072780,8.406004537258060,-0.155428255509831,-3.990683859668513,0.688922279783002,8.245885543379842,5.776960611022965,-2.976766943554619,7.633172568528629,-1.197655631847940,-1.060859459460296,-0.357377700347891,-8.022211805229604,-6.977501266243362,-2.585958201044669,9.306534289004627,-1.219720512982249,-1.189304735980933,-0.212407479299259,-8.066999925972041,-7.299699318782647,-5.188196846233364,2.545065820602211,-4.955094443610659,4.595358266655797,-7.396879970420478,-8.139840659614945,2.773405686575344,-5.799501392607906,-3.980018031261103,1.100985650097968,1.790908569543303,3.339090865274621,-8.191763008795160,-8.495545221296837,-3.217667548297523,5.745505453182624,7.940987870946191,-8.366872124979171,-5.970215211979069,5.227283150840602,-5.583025389664962,7.936864043391104,4.468024828090735,-1.018059491183740,-3.078143103774400,-8.464758691871772
-1.822725949757801,-2.283926818375650,-4.356900159767130,1.128077527294094,-2.257679487995685,3.904073047864177,-5.594501708230661,2.172924941274680,0.072698183942205,3.913846639128948,5.328293807217154,6.495358522176065,6.810269455630738,5.066831317302878,7.459680408960367,6.807646124036687,1.388786170390324,-2.617368914383526,-4.898478388548559,-4.608227085150352,9.368638794008671,1.812123200156094,3.021332112019824,5.990280050606282,9.990464845443942,6.535076117593601,-4.406542830410634,-9.752659582781391,-1.202171800269728,1.369003469253634,3.175264404567708,9.831411776622176,2.449014688714367,-1.781252627907779,2.921382717601437,-5.437365886544747,-7.086229530645700,-2.036261465949389,-1.459056286812046,-4.989919759219397,2.048930214105164,-4.762551592215265,8.081908349726806,0.117686982931577,3.480842599775167,9.862836981533150,3.179141544132513,-5.059884664138123,-6.809854537230724,-2.859229248321366,-2.411103704439094,4.103651187950543,3.695705762436267,2.803039896794404,-4.984688201898368,-9.570032853280797,-0.334937623240599,-4.092779118639580,1.479039417709044,-6.205849912564442,7.413953070954665,-9.274364668950245,-0.897770326565873,-0.747402445543951,0.594387373250189,-6.337600700087176,-2.181854141250938,-5.908760055916615,4.941953143119848,5.652181566310508,0.066485002105781,3.348069281465431,8.348069448966321,0.724826326771716,0.380089560558742,-8.499983413769074,0.675215423380424,4.646694226465133,-4.776854670398254,8.555172277482892,5.166742217238943,-1.226794347127090,-2.788855944074664,7.861946619200612,-9.576263816563470,3.509022035959948,5.441576870498572,9.254414982520686,-2.479563570351855,-3.657435236533615,-3.667559029317164,9.055516448569005,-5.094080368362230,-1.127573030402839,-5.190971617564553,-6.170076490722030,1.102946286763849,9.995792157516455,-2.079410288775732,2.219890772931461,-4.000396224980680,9.212938804940880,5.530426959015964,9.402642952335970,-2.303989968301117,-0.249330306723328,-3.561274683967904,5.791907428854614,2.062852881051215,-9.085774327340427,0.993347243464964,2.902473275647736,-1.921110383623287,5.616400595199426,8.215787719850375,5.313645427502342,8.179190557504032,-7.541024010003186,4.019444928601661,-0.885328279430702,8.053315473048620,2.994261945017636,9.853812359298470,4.742221173800843,-5.715631075412977
-5.003167949449805,1.756586472289584,-4.295916850062325,-6.046490430965545,8.549983760390568,3.706928319789952,7.533274515555259,5.460356563525492,-9.296881104410593,4.721837402860849,5.287339148662761,2.164400548470971,-4.497862385610361,-3.797433658377631,-5.631344131053726,-3.708196760239226,1.708206202844524,4.942045508508263,6.092828953732610,-6.022230582136199,-6.202186493542497,-7.589851824281562,8.559416793663850,1.666073506610708,-3.832498326239353,1.999137125438750,-4.430847634412651,7.484477610981074,8.608771700029408,9.655247311100084,-2.444878996166282,-0.899515415855660,-0.606101875372758,-4.584780537440554,-5.633632883761739,9.543396657994538,8.952223938386805,-7.021669477956434,2.449350265880060,4.867611197610175,9.354928781276431,6.696330637754290,-1.711663218538185,-2.801232192939798,-6.348956692983463,-1.813521655420136,0.828235358181006,-4.967744248052101,4.899829667462685,-6.166957802582688,-0.744877932530454,1.592057552150246,0.568017977797126,9.642475825149546,-5.106676356248672,-3.935245468093842,-7.183025621833574,7.451333856678655,6.484170188789832,-4.158507482999916,-9.894733776436222,-9.591540468608578,-3.304265659242656,-6.498707453370001,7.711969566103534,2.370006217958773,8.344177689555622,9.897718728042435,-2.874618591468579,0.355318872033665,-3.142666818704020,1.911489716495002,4.573184789183047,7.799863332367885,5.313805240475673,3.159485484043723,0.674326403082597,0.407396806297752,8.099260545897287,-2.810758970475735,1.162971543045167,-2.473862861214499,6.966741422415740,-4.417047377058143,2.116997419677112,4.881936187299843,-7.387511393005727,4.318855992805874,-9.851966750602191,-9.455479590914162,8.016168555076064,-0.113967286164316,-6.602817699404695,6.493143506153480,-4.930104180925357,3.835004017891039,9.724821038006759,1.926884267590605,4.758730330089771,-6.914883762639135,9.676022205953622,-3.884388351787480,-4.026452655419101,-2.307155660864488,-4.672629206685373,-2.137594129725624,-1.667223307803884,1.057556414174421,9.448869063517648,-9.247954933830894,7.668457513558373,-7.938598906369078,-9.870745052455774,6.715854310928087,-7.633434956783418,-1.701557998528083,-1.434708805138724,-3.489244023947540,-5.391929708249677,0.222642973992770,4.588263978767475,8.332384976933255,3.065462991248921,3.907315212068248,9.657174804465633
-1.627506900626161,2.329615135597161,0.457971961978238,6.972879830728402,-6.424260926390053,-1.264475468484473,6.655175852712119,5.218486383938234,1.930304215571933,-4.847268622428532,6.546016343344249,-3.324891034992630,1.013382326948999,-5.087519572353014,-4.566052351910130,-9.682807533347923,-5.284295065348765,-4.639925501421138,-3.075050633355911,0.691101495804078,1.811966863414556,-0.144815200823603,1.800825033113068,-4.185126281701046,-6.965550181768128,5.979074942694618,6.893061269976450,-5.913436835344723,6.442933900545583,2.454320081522990,-2.562089609859077,-0.419660824127527,7.536817440719801,-0.245757656965646,1.744345615596233,1.728129027499168,-0.944937754067123,3.598469671855133,3.768600497045833,0.610979170908102,-2.052175401068109,-6.232405718929821,-5.919972062820246,-4.770431199073879,-2.156616025784484,1.956736897594066,-5.381278171024073,0.753238921355324,0.305473587148821,8.852340963524497,5.095875358593878,-8.682694064744771,9.452443353713250,-6.435184545816924,4.079372952674554,3.297272893602832,-2.281349865816084,-3.407302489249435,3.656424379124758,2.244123526979564,0.319784237004260,-3.452541442367741,-6.842966982354286,-0.625718475330075,0.085241817758600,0.132470676929303,-2.822658510206422,4.797519367400048,3.166970470737461,8.031032163553633,-0.302005992319813,-3.508139469935616,-8.418227981360900,1.031392781444701,5.094253311294043,7.978636562000073,-7.680407737121087,5.422685730070311,7.099679154225232,-7.308451231948963,-3.489201757612729,-6.346674882481002,-7.566341112748926,8.034539861721875,6.658949920246521,-6.782638402486249,2.293167911616461,6.316209755219916,7.283150332784572,-4.937452091945973,5.151306135215110,6.121434612651292,6.250419973293710,0.620528183391137,4.225331658254891,-8.490396558703473,2.438475276205514,7.338280366643509,9.982986526057950,-9.345416892656601,-3.173399105729471,-2.492152457746826,-1.781434572673966,7.446779303176054,-0.404413373120722,7.104581569914167,-0.372767441898880,-0.789712097768394,6.387686785903686,-3.848211862266444,-3.292055183784321,-1.339570375614333,5.038268539735801,0.965827110443161,1.050794892040553,-6.861660410653993,5.139900639898336,3.487750756322061,1.483969483133743,-0.586573026379114,-0.911141869509109,2.568602730403587,-3.250584197420814,-0.604164838683571,9.008672305151819
-3.902858654032261,1.799867716753379,-2.880290413503590,6.841861271186445,-0.703325431194049,-5.082445654782212,7.772584670634263,8.198637119032256,4.765990948329694,5.767744385844804,-5.436038630459308,1.065396095881477,7.447423417638955,-4.185335426899384,-7.003833497652203,-0.114234404350022,-4.215868827739406,-6.996272840756792,1.406652091502302,-8.705139708953343,-6.558038182587424,-3.629145412947317,3.334330597952857,5.790252747143649,5.691048825083616,9.141269585179209,-3.119511226056842,-2.240278545937223,-0.778598474544490,4.670809597673205,3.390442133262933,-1.347809588055551,7.434230719894916,-1.706749820654798,9.647083098332082,-0.414183810459161,0.128918340656771,-1.740754398543379,-7.568456516591335,-6.767818799754175,-0.644250077349097,6.378925431837153,9.550328933701802,1.175593635125372,1.825527050317259,9.932171240538878,-2.149752444762698,-2.642615687826413,6.448603334830384,-5.097282712875099,0.622561190729476,3.221974236874161,-9.526163628131039,-9.341871752668451,5.717323929019946,3.192620837449663,-9.272208137623377,-1.346199154049661,5.319271184177076,-5.576690580786767,-5.619511161374064,-6.837223464136550,1.748619338868313,3.612150682856035,4.349695045821818,3.471277485412012,5.280674243026404,3.065038434646691,-9.953845075224862,4.195901964539427,-3.796752296477446,8.593359000674305,0.058760210549309,7.531675264611707,5.885932828452580,0.506088428993777,0.322002015714482,7.757785902560048,0.716588516995913,0.082807951934035,8.619030188166413,5.650106604379824,-2.293032379657360,3.631400251820198,9.356430022886489,7.282263492192346,8.389824642778322,7.967107031010077,1.890283034071079,7.192271278687738,-1.784696767550924,-7.600450481493333,9.153593736928727,3.284526568229268,8.777292088456182,-5.151612053392891,-4.158840104021724,-0.570476815173286,7.143467418250896,4.328493147761174,6.777805181921835,6.941227039828259,-2.238320281354991,3.650694567156325,0.807378922552488,1.368083143265190,2.642290452048741,6.050277796200977,-0.902357899923432,-6.195965430032149,-4.189549442094760,2.786523542041451,-3.758686221225879,-7.714186835689709,-2.673759370712217,-4.931989395692313,9.641088626859961,-2.439794382789526,0.991586925903805,0.771380089180809,-3.206458220576883,-9.147545967526479,-6.831109610848278,-5.812743655037870,9.250280503876780
-6.997134648011453,0.693792471851760,0.033655367954534,-2.299785671690184,-0.418740715317128,2.584895162251762,5.940074240756040,-6.345259156438965,4.090834088928240,0.142803547741327,-7.475395645427922,6.222559950198818,8.113059936223056,-6.253024947145455,7.032281411468759,-1.237258733349156,-1.307417170952085,4.601634983291589,4.809226379667056,-1.640867577925631,-2.129445001884910,1.674590799332673,-6.937793730497250,3.619628709302065,8.297471363859870,6.627637016172272,8.699177111199628,7.730870116385308,-3.273434192931621,-8.449253201980916,-1.649028050831426,3.921363912930868,-9.661769163840184,-4.614223713780563,-8.838435527693647,-8.441331057442650,8.831311770840891,8.770441755259284,-3.745578692453844,4.021360281738094,-3.274715855042539,-1.953107411530183,7.417232459949336,8.985238383531517,-4.701411363282400,7.964653021583214,-2.873548244086139,5.061510387417826,5.558681908102951,-4.417529343211877,-1.097407970021482,0.069674565377934,-6.026578864117981,-9.399830535937962,-0.703342507758718,2.132515251152594,3.790162891889006,-9.237531848686542,8.206782361929083,1.735685882686870,-1.622290180523345,4.223611789226819,8.186192898445860,-1.597581785822834,-9.782930262929838,4.194217840026235,-1.085137796940215,3.445252059286798,9.593232193704257,-1.942735171918560,-5.594120324454659,-4.940685893956385,-0.826676871176467,2.184410091222626,0.897505319564779,8.561188758121336,9.663900281223302,-2.584347928939092,7.698593064299288,8.801111369486179,9.657630015507905,-9.101167091093627,5.079245136358789,-6.820916067090463,-1.105919421376001,6.629735146088347,6.714538587275158,7.323335880320528,9.540767031822384,-0.443098591109962,-8.609189069103348,1.006255649238581,-3.088613847099362,1.927040691611012,7.273132191693641,-7.406746609750585,-3.428687295485666,9.289368798414106,-6.773269385227881,3.258004403246220,1.929907662844526,3.764933152790615,-9.427489631509534,-0.522833265533791,9.528947359473371,9.786200523398332,-8.014940945500221,3.574128120288030,-4.839574617459466,-9.570161492860393,-1.491557823830437,0.737364699980947,9.426110467781260,7.920534107273557,-5.393422643694372,1.014678824087538,9.865957294189968,2.687596772811208,-7.641185677814002,3.561420034764309,9.614136343489012,-5.409690866346741,-7.297702643655370,5.967247305000807,0.680681672517354
1.390255527659788,-4.413960759806301,9.001951681423520,-5.497256693092840,3.250357980243365,7.825506448725523,-4.534004974886232,5.893919971564547,1.565598731199190,5.889371424364708,6.008178983409934,5.352612291344702,9.587099566954652,-4.499030894233263,7.903258881772604,7.293639987822718,8.131536085184020,-1.389844823249192,-6.288983883308474,4.978920116648933,-7.875346635828670,-5.341206270771284,-2.920227417608632,-0.574738872067433,-8.254083869363518,-0.130085330613523,-6.130120981381248,8.233147602634315,1.384934119444761,-0.363504805627255,-1.539795720984301,-3.116710122514885,-2.744127988591300,2.877310698654332,-8.946918947386527,4.937774909943069,-2.536807177628346,-0.935694564180237,2.504579967961039,-3.870821405371217,-1.308035873452603,-7.953228604980172,-3.030151171014546,9.458622192855074,8.618550339477068,-8.405065515418855,9.745244349187598,-0.436121363924091,8.226763293971104,9.503614240360044,-0.949286722136335,1.835255102384433,3.683789512299718,-5.474491585291902,4.552758902639040,-6.687070279026546,-2.650898467901845,-5.601641161005915,-8.251525226460746,-6.090362265782947,1.127624594479855,0.076840084272348,-7.231516267949525,-2.543532212435935,-0.119469727528593,-5.292545008253724,9.960492910710045,-9.321608152285325,1.042481938526764,2.742473760575606,5.659945918732742,-9.662073545929580,-1.297258995721045,3.732127309995651,-6.890240620755090,-6.139877772971283,3.199939595458641,6.114998820205038,-2.019828629166911,4.003917491045597,7.836699083497315,2.407101832668355,3.367206023825091,8.191761387407755,-9.211396761529830,6.090971557857603,0.402606774295947,9.220820554312542,-8.560025542563762,7.094773481897057,-7.883058041404151,-5.283819239991832,5.087933361728538,1.362236002625812,-2.320395303771166,8.656596126276309,3.195851527024512,0.250381144387898,-0.380127068844203,0.284382685137114,-2.643641826675536,-7.396009613411549,-6.862019821643671,6.922694095514498,-6.142433884077477,-9.011694052851800,-5.763117805835256,3.953650209608337,-6.776267043325634,-5.749978354459979,3.619601824491941,2.345889622680367,-2.600154748262257,6.450337477939176,2.372027249243116,5.546897608655662,0.766990651762276,-8.685540382245982,-4.665191297579248,-8.116383303852819,-6.889931035712618,-5.743340599132765,7.885448142841440,7.643117609963692,1.995056749111793
-2.479797117625344,8.556919834836361,0.061289641158073,-3.732698131597568,7.154850468112972,7.927617227744811,4.041122759969458,-6.623357062350679,-9.371086623045876,-6.356024401318619,9.524067328820358,-4.578898647773459,7.824875011356447,-1.208446249712345,6.348250449814188,-8.744144824081140,1.676413446951120,5.607227347553232,-4.882832394003391,8.051264920949130,0.542703444853574,4.906093042880213,8.684665991393800,9.820538932518936,-5.710594415489632,7.018414152959899,1.544976707252893,-1.209989178508717,8.508825682236331,-1.001857088587476,-9.767145323797497,5.223172525567710,-0.519471572732952,-5.171561401100700,-2.803933637722526,1.791803046256820,0.418928418735131,-1.317257748651578,9.217223198485442,-5.360986506321630,-0.956462616199049,-6.148565369905743,-1.278056313666836,-6.445398379272547,7.962525323520524,-6.509071448988227,2.324296842286817,7.039579020812198,7.820270496965321,6.660290860173962,1.270688528194334,-6.983560344543546,5.036713063821562,-1.160219513380182,-4.402401894556068,1.005109939905820,-3.542085942925787,0.668950471958187,9.020952121455590,-9.646441857585298,-9.579583392544116,-2.147566732505036,-1.694243268799401,3.778829648124555,3.322179503662269,9.582230182413639,-9.005778589441222,-9.537596252736547,-7.376587736379250,1.923217629742105,-2.883713402073955,9.893838826443723,5.667100146437177,9.508898620598089,1.478828256053664,9.669145860442679,5.754531313318283,-8.698664365749767,8.507931604769347,-3.709801233346126,7.625464161445191,7.349920036892243,-2.377781809578849,-5.632178717609229,4.942792834069344,-3.186912438420173,-3.561791238437837,5.495326129788346,0.307966297852415,3.830442630464031,9.255419112901219,-8.276851550356604,9.233297922557433,6.555376809508822,-1.036646899167133,-6.352294726353882,1.334114073414396,3.761396873730272,-8.433209892880232,7.006427217628929,3.558010948133926,-4.536002497311236,3.630355374411579,-6.628597684005289,4.478494347550168,6.795241348329032,1.707160535434301,-3.002113659712053,-4.155126164339986,5.917382929631909,2.339207517910264,-1.783659882405111,4.746746984631219,-3.236833482402874,9.982831542604163,8.533241900385654,8.865535467597450,9.859453599739453,2.605473339057717,-0.715028530880984,2.539304094857837,-9.495214380328630,9.971483566758586,-9.471941924858115,6.122705992869303
5.841263050551992,-0.360056407985589,-7.026337133286329,9.364638683603257,-5.546138366130593,-4.396695817456056,-3.001780196926100,-7.014030000678691,7.510965893529807,-4.312979549521923,1.303988211317122,-6.873560368829632,-9.450124398353420,-6.144572141066257,-4.564239052519730,-5.597127389780406,-8.813019849184451,-9.982631839315758,9.735167532015506,-5.358258866960506,-5.778788330586899,-2.530164461735920,1.376710951513452,-1.033071522438508,6.877384234865367,6.236532924148193,-0.263510543457397,-1.084613183740217,-0.063822669239924,-4.193699808690965,0.780316424404086,-5.585967070449112,-2.247945416629693,5.669414090775394,-6.079354530872347,-1.620869808897499,8.123869967669702,8.527548313150238,6.789276274949700,8.587603798777895,-1.196039765543267,-1.892011630078107,8.173453911977905,-1.142553974070044,6.670201559552243,-5.770520002154617,-5.102840249083780,-2.375818345335611,5.676851590822501,-7.119722703809410,-9.878103631475456,3.402923804387424,-8.643484744879013,1.343127712404533,8.936137469257854,2.222134517585413,-5.625006077907457,-7.570788792643873,-5.513122611728396,-9.940141507830351,8.765544559603782,9.129729168595116,-6.387066990063916,6.092091454386132,-5.598716925099001,9.394934057539729,2.060710558747081,-6.984692551737350,4.760449721678516,-7.183407404225505,6.631863755866895,-3.328278675026257,9.759237496583687,-7.725361480711785,-1.933932075197225,-1.464267289283869,-4.369222391132583,3.938693602741344,8.204383264305687,-6.720099823700569,-2.773818149434564,3.578685312050174,-1.581291296559993,9.657131079643101,9.453150896690033,0.388883572790144,-5.492895463419288,-2.050109735376511,1.285309512639856,-4.044985963518981,-7.740471938873242,1.260669809764000,-0.892933677000684,8.719230809248057,-9.525456599118858,0.247308074985133,7.673577819414316,2.018205924505484,4.109138153746946,7.013850114465434,-0.758698084658501,-9.404481703842492,8.457682971453302,7.182416154484326,-5.322089721578108,-8.387093281482354,6.004893866114244,4.662285880399097,-5.338441944899062,-5.112742508524770,0.908505402713629,3.369390412899067,-6.519435055225465,9.894188038443374,-9.781972717026015,7.119258302312435,-0.798591673133377,-6.921299670752750,0.391930517600208,3.110880633726754,0.005498263333614,-1.491749708917450,-3.366007685873740,9.778904804262098,-2.299678808456265
-5.244296711522667,7.244768827596630,-7.141561490372150,3.950857202179400,0.611037626671319,-3.089425788047295,-4.531454414670932,9.313080072705610,6.032949398245830,5.897047510776630,3.695555635937531,6.249594732808603,3.692271100564790,-5.708953069221792,4.699986593009536,6.448767929162052,-8.100960815936029,-8.142644602014183,-9.057838915739246,3.665617913438371,-4.551218688520599,9.272456774625383,-6.937998012134674,-9.438485887951389,2.146189279709771,2.562159713462567,-7.938006988994053,-7.556100236701795,0.956361750065755,2.863634885871173,0.992757388773081,-6.627596554140213,-7.975434380723227,4.255226944786374,-8.388148212568385,7.480152878962578,-4.636484770785472,7.422927323803282,3.685457083961845,-3.310387673576414,7.670000462269865,2.829748870263684,3.487457873010074,6.675803907142853,2.577175162575218,1.242592771832090,3.182236866158396,4.882895094174934,-8.004216596822573,1.514919047553718,-7.409952776657946,5.789398701499435,-1.325905176477701,-6.830369662270823,-9.269678019962926,-9.480890630744964,8.985454196086906,3.876984605545104,6.935203535174765,-9.685947154866463,-3.179845176244893,6.420308038588679,7.834043432421542,-9.718980012501820,1.306219460502833,9.326787893951686,-2.960827041999092,-5.022110630271563,5.924908013901145,-8.941048139218486,-2.778254999532934,-2.803375389111529,-4.908573942519512,2.091068042760181,-3.716365181596297,-9.417754317640457,2.432697660024328,8.137569015894975,-1.641062083974687,-4.617919305304681,0.023278011251715,-6.337340105185429,-8.356618987064738,-1.294447598068080,2.770372199134634,-9.137098343266878,8.631537496583736,-0.878734736475561,-9.970170445200161,2.424326728840352,-3.561218124584979,2.439515863674867,-4.620185320076747,9.104258679219235,7.804085551393559,3.445875641117409,-9.525967822122588,2.275820349222764,3.166004751482177,0.582662984893126,-8.360049031412260,8.187276339538865,4.022471841923206,-5.859951335386158,-3.956494772485244,-7.811646224759192,-5.903567752832036,3.533185177530182,-8.959581574938689,8.237604913203185,8.188483616807865,6.916352414730365,-7.948382976976776,7.236696277729411,9.454077438948982,-8.809698242408224,-8.283024829533431,-9.391423407395136,-5.336716463998476,-6.872182159513733,3.291416395473799,-3.870107605657152,2.722383756552500,5.949995163705475,-7.583456821705425
-2.417109626479544,-0.566653627330492,1.626886282963230,5.566610631537241,-2.555855945299371,3.219154555893818,1.784230771951030,8.087318729229729,8.244211580297765,-2.480622320216699,-5.406314361965670,-2.632392237010055,4.552322771724809,1.593829762201844,-4.920568549040056,1.007820934564547,7.725289091976862,-1.651667688777515,5.475528137897477,-5.234772449268448,-8.613645170026716,3.363832991919551,-8.185915046646066,8.932941381702914,-0.391785989631233,-4.063599973787186,-7.566562911899224,-9.969863955659132,-3.707401836406685,-7.795646384400634,7.808145562156227,9.556390816791357,-6.151958151142523,2.575761721967403,4.312652816364359,-2.390470809236267,-3.069170572568087,4.821679328870472,-1.124428395459692,-0.263436985493943,-0.838085312962814,2.994488768702755,0.466392409586494,-0.682510297257839,9.642214017202903,8.255904302900273,-8.066782397578084,7.487101724613012,5.204121504828409,-3.905589361574522,3.578782718982218,-0.764148670874645,-5.835199398709006,-6.290415625628379,-9.145712242269560,-7.935718385478172,-8.046193971109307,9.181806698475231,-5.469554965577094,-1.200458753132231,1.502948169597628,3.792433882741708,-2.896839414322699,1.432555469474421,4.225402652383544,-2.076761748417100,2.006695037159618,-7.177718718628119,-1.174751028841348,-3.101568080566062,-7.654564007786162,-2.900215798285590,-6.798198784778076,4.528839035004570,-2.997955887183423,-6.163629472275631,3.337870140101057,6.223556158440267,-3.486213266770157,0.911077531629193,9.414890940718518,-8.745160800218397,0.889368313430310,-7.436787886579985,1.203883678221461,-2.413962696618041,9.898982254441460,-8.822755488270531,4.669750302401924,-6.924556966631528,8.714994385162292,-1.525540104348298,4.993308985609097,-2.239504958404838,0.577339844356713,-5.664840130046292,-5.189044921068100,5.778259384661549,-4.158865103169472,-1.982839300838908,-4.492199958372542,-8.058366104680827,4.748714376152490,7.642668116690466,-2.908020992038216,-9.348157763032802,-7.309499610739105,-1.605884189581658,7.640048634842131,7.494534068539330,-8.314076167102494,-3.517503085048301,1.465343720641350,-6.465241250021132,7.981162963513974,6.068020541560337,-1.775415054628361,9.834218172518440,2.457902878124065,2.023382167618230,-4.929463514718913,-7.675092861047794,2.509431095341295,1.021957745305407,9.079885698404627
-7.851102032597963,1.899117153618468,6.343939315551562,-1.397614772032183,5.601169191353266,7.754596303373784,7.519536507794523,0.768967375986009,-5.263100318271842,2.178544939231672,4.251262212232970,5.905901715257214,-1.412627484679838,8.699934487640025,8.387663391236153,5.527474474488908,8.765778252765209,-2.966143239919859,-8.554849365421397,-4.646944166946005,-5.854305561437649,2.105292527766158,6.668614548717969,2.739308187006252,9.170816346582523,-9.734649000581946,5.670475136177572,-6.540993787218687,-3.856196961459331,4.991374034601566,4.970431548791911,-7.927284328869309,9.086838655178443,-5.097360929674766,9.024826458783210,6.506857912108764,-3.675364129113681,-1.171160343918842,-1.394039120957718,-0.557395932250174,5.930335298628593,-9.823447671591332,-4.972312127733895,8.018046817772436,1.871078490138578,6.558621716850105,8.356791683718249,-8.055581422413294,4.590607772517528,7.853566618686088,7.458295477940247,-9.643327142892934,-2.629648546606735,9.278654730256747,-4.934425103325277,8.834853575321276,-5.304988002681490,2.327355400460672,-5.183333175897371,7.814511529117631,-1.772006263497062,3.866486834061138,0.858861658131682,-9.304225400666933,-3.104500826362866,-2.727505776563977,-9.058093300900470,0.503397452703670,4.586382425286317,6.598955333258225,-7.544334816538678,2.022974329025853,8.862731561359457,9.460156221081714,-5.129318710275214,3.255297495149582,8.327821208842288,-5.732336187655653,-4.161544646504498,-8.315034255353464,-8.719800158230468,7.436004861928225,9.097338161426276,6.002799189628519,-9.221303554746180,-1.104117003982864,5.568348722524536,4.491670423264953,-7.231336638808353,-6.349470571619875,-8.608015417900670,-5.457076019934959,6.864300468651038,-8.416185467502885,-2.773244155327603,1.991531821928014,-0.374169441078614,1.037504400519698,8.240155511358502,0.052051324355896,-7.959368842966919,-6.462703496898210,3.508579619545184,-3.860662152027798,5.294101534921914,9.138073890298443,1.960423502799030,5.554837247010019,-2.184823480343812,9.072822125699894,-0.445640867143922,-4.961487440903475,-4.341964869261121,9.612145495809500,-9.767796024645083,-4.442347761139316,9.174779548913268,-4.062028933735089,9.388110409599353,-1.985606791175593,-7.724653059678523,8.546717739658906,-8.881908052083640,3.422862944566381,-2.913396579555483
8.373363850004818,-2.572320175042570,-7.814744863082734,-8.261652693712556,-8.450528410397535,-3.787313358523332,-6.913650117082750,1.592332308154450,-3.714111758750224,-0.508841921949859,6.389904753385395,5.616573143130827,8.520799927449175,-0.539477979738328,2.085692826664189,-5.114971216150847,2.791231909405877,-4.768128083532128,6.450807006931306,4.586955293206895,4.836817917089151,-0.590557604254940,3.841206262902535,8.149587160226730,2.049793581922319,-6.749829039158493,-6.741006110672460,3.465412449026090,1.786037922507120,7.039053020650591,-6.755856689046535,-2.959984272068878,3.045140907752707,9.331778753169097,-3.463595059826448,-4.159935264407455,-9.700781880834146,0.797062744421027,4.414337447731224,3.048865595255679,8.561534438151533,-3.880149757551010,4.643188862603767,-3.056657085818859,1.005756744735580,2.839881758854730,4.277614704869519,-5.073539350065648,-8.623679096853428,-0.171466839083392,-8.994143271764901,8.345028912010342,-4.109644802446306,-4.507365770347096,-8.853915059542935,-9.693788129371988,1.227729938052256,6.744853119044627,6.014338440781941,5.531982541175145,-7.102683253017084,-9.268246012264729,4.242266727705049,-0.774146810748455,0.855434262820490,0.939438802724142,0.004782950286257,-8.439404638707389,-0.255607330911904,-6.103155891167178,-1.356530906119296,7.080346792821913,1.877273133879715,-9.030634232968547,-7.281842753208856,-9.167177535935441,2.609391892284323,-0.622323480609353,-9.893493372465860,-1.425586903309897,0.877833448638194,-6.069799734261155,6.066400012548051,-8.176202928586317,-9.800267121405037,-4.909098070931650,0.048555028763280,1.534261350937303,-4.804441114206089,6.418289772780838,4.990763954097272,-0.365390819324418,3.453110697041318,5.924948247337854,-1.481320528272629,-4.274384363341380,0.337280506647758,-9.833350141336098,2.893242738700872,-6.155461779401355,9.333388863877794,-3.008312080676657,-6.660664021918530,2.004231169278281,9.974387118924369,-4.025962755668546,9.914930302873795,-9.724375380454575,0.187795073961256,4.100595315048523,4.829912721371429,-7.150974654664831,-1.984468462089160,-6.831596309081622,-6.332737840727898,-2.937759282121302,1.862131391618275,4.600072829329719,-8.750388337251833,-2.548566060122111,-0.177898893147123,8.901096931635369,-4.953102704209162,-5.440285096797465,4.843423169055006
0.345992254321619,-1.366618849789514,4.099482620934898,9.422958425325227,-9.418247407595610,-3.997954311099756,-2.607665286242491,3.117787476632310,3.903203140957583,-4.276333926380924,-4.718697979215108,7.093906373769752,9.812775479489197,-2.550570111999459,-5.471467422264189,5.673914112351842,4.672052375984316,-6.420473273878207,-2.130872776438927,5.173113811666529,-2.029455301385703,9.383957135840319,-1.176681295077922,-2.021242051670782,9.732191469536101,-1.332059440908077,-6.337649932144962,-1.012348776172180,-5.346820344559385,2.527460359011492,-0.290893017882681,2.178094795403002,-3.180397337869230,4.148513276870530,-7.264566455460808,-4.320903411074939,6.769446438574850,-1.213046788484032,-7.126106330599676,-1.579363094076667,8.680643524395482,-8.511069528115176,-9.356345190041797,-4.086029952061314,-8.649608690895896,-1.276331251156147,2.015952670562546,-7.542055504755261,3.225458337343365,0.471886901590304,-0.541917585376781,-3.240752681740853,-3.628035457486392,6.683671545686586,-5.465946919702378,-9.269193898111238,2.933978782911776,-0.405211879131148,-1.407532393835794,-4.538320291207556,-5.919140523277222,0.659304256880906,4.308594471825577,6.084018677507885,0.149429160879331,2.137379565014133,-2.634262922805267,-9.507579647458194,8.305026360129183,7.102451258808198,-7.364543075870267,5.693557992083765,8.363257766554671,3.341508849874867,-2.966025502919283,0.622512937023714,-6.964207754558287,2.315270371727742,-6.906287004673983,-3.947860533014951,-1.016647549852724,6.354579345263939,8.161509832977373,-2.304202578931076,-4.999585934254720,-2.937290185328711,9.366594352213568,5.243934239351853,-3.167974923540619,-5.513280341848272,-4.299653315654009,7.599653846679274,6.340113487318561,-3.523601481141768,-1.789718811382730,8.065686745493725,1.303265043775648,2.147159883152367,-9.269515969391469,-1.483885259556462,2.900036213729727,6.809107452878720,-4.833434942255668,-5.375571116107265,5.952984156632029,-6.862349984098364,-8.367633556137235,-1.302029105843321,1.624452782673762,-2.615187847591733,1.701394669910343,1.635829130062094,-1.821128963071690,6.330616970311510,0.803047713744625,-1.174785373229678,7.904728369926310,-9.726412861139845,-2.494683013988634,-0.188243567277462,-1.142758195702807,-9.443781416205750,-9.481590467860595,8.233533563609370,-1.959605472901814
-3.490028691775779,3.101839534040190,3.446429307418530,6.920258423411632,2.428649374921276,3.926223040322668,1.938612876638482,-2.622477743342917,4.779115719607336,0.300873550967200,3.456563035857897,-7.171450817108775,-8.443515149432045,2.316676115333332,-5.661286767978513,-6.096927030761286,-4.124412440166047,8.557030897006282,1.921244954919644,6.556926600208644,-9.159819657164297,-9.920133467409597,-0.811254687699778,-5.210820589593705,9.707873388352823,7.928566983968363,-2.978503088965194,5.457961625500193,2.930897064149855,0.975038856687817,6.703179173767431,9.201327429879107,-8.019178395750874,-9.222457991356412,8.901398942918444,1.397966814613902,-0.782797441752550,-2.675002098856128,5.811507359710699,-4.364471251772073,-0.845878448315950,-4.648090713758926,-2.923245407292105,3.482607424369293,-5.167402775323668,8.714621591955428,-0.682421861637767,-6.105272104268360,-2.804706042258842,-3.265089560528884,6.302067038364502,5.764202908789922,-9.524389231434760,-7.059460660483254,9.260520418245545,9.784987740919302,1.896387465250967,-4.260445770570627,-7.825014571595963,-9.427081240028784,-9.645674249284529,-0.384793506040877,9.297776979083046,-7.822266880654382,-7.486061104169472,-5.940338112045507,6.059904137793293,-6.918730852789727,-2.900401180124417,2.282208364733938,-0.671605588663194,-5.783900505418568,-0.182743359236321,9.022395741305377,8.359046175401964,-0.212110312797549,9.819900471299135,-5.563625092384276,2.098658898372438,4.292402170582507,8.777595772556388,-2.668941342538464,2.955287205753701,9.602452475347562,-0.427532587280879,9.554182676941174,0.448128648785586,-9.112141212543026,5.250162749821721,5.784559752742936,2.084798270206738,4.863585819216681,4.478740430505235,-9.034068779539290,9.140584639233222,4.715611922006177,-6.253033411798794,-5.344996285126989,-4.511105512631812,3.143406132910814,-2.691275570365182,6.412404211205509,-1.249215229609451,1.020374074504616,5.430494112056882,-6.944450689622452,-9.874714477697875,1.124445631449237,-0.612801036429481,4.755073976794401,3.197214701973653,-6.067799592528873,3.403848103500707,6.725490408455808,-2.696393328838060,3.349577846176484,9.640605973732555,2.617361197131181,-7.737019096953047,-3.247087772078102,-0.403072494982926,-3.576735685174706,0.313687315039306,-2.172615182386335,-5.489239949808733
-1.868289345002740,2.241389343683835,8.394790577793160,-4.682782993401071,9.083986737856161,0.964084039814562,-2.280831131570096,-1.514732876847798,5.473338935205494,0.403396587166204,0.885352317550581,7.620528968847641,-2.183269976210457,-8.182017950861953,-1.991262676531738,-5.870557757932700,-4.394918989367795,3.165607994586910,-1.948681696911470,3.085095312385997,7.803146242476739,1.715795547151146,-0.550241553945698,-5.941805504839643,-9.443176569663477,-3.529756970304567,-8.738223324684409,-4.174211846042617,2.012932859606424,9.188157672322362,9.924624181214288,-6.148998765511021,-0.126323759492594,-7.977868265480779,-7.116221876227447,8.244273744081909,7.348606160467032,1.593389772081935,9.363199834891919,5.522747822061573,4.778306863770936,-5.879308631338769,-7.587427585574988,-7.078586861625597,-7.323321771138840,0.832464550620308,6.993082202667882,-8.595026178777022,-6.797257601752635,-1.225781725743831,-7.214631918314285,2.833980834478275,9.472897593692132,1.529802809173708,0.863082740668338,-6.513892453728842,3.301625842227331,-2.047911760288949,-1.598282958760427,-8.283511666498846,9.510126048706130,6.216582202825855,-8.747589052311007,5.038792284415825,-0.515413691789472,4.604517741630580,4.879175643104858,8.105739259256922,-8.651732614430978,-1.694178179165410,-1.334873445209681,-9.534763049643416,-7.119215461225528,-8.539673602450382,4.864095869549574,-5.598252076905732,-3.113994005735286,-1.645596946011542,5.338041453000667,-0.589101596357178,-3.011675964248850,-7.977597715103093,-0.175320152748258,-1.570338319674523,-6.346165580907996,0.188118256213606,1.228496646680711,-8.525499114081207,4.241799817172021,9.038835979218366,-6.589477262052998,3.288750283191691,5.684784880041390,4.474459946106403,9.701603302615684,-3.024864136093058,-8.427211712771294,-1.158426278206978,-5.667496320089331,3.589415249147912,0.410192390245424,6.735051898802805,9.198939229067559,9.315236571850864,1.746398004528340,-4.809021434784273,7.094522530120312,1.079393723349771,-6.290965003007571,2.453077133847692,-6.784237745647934,-0.273852536984691,-8.344377345927469,-5.783845016843232,6.897479332218715,2.450385563714306,-3.021919689043244,-3.125597183921669,0.501286980013919,-6.753002521854823,5.948632398128190,-1.469300648973102,1.712966979595201,1.635588525983007,5.986440218356115
-2.406134483943392,5.120574296302397,-4.630167366416678,-0.737741811476361,-9.125110923438783,-4.653343405915182,-4.789269837217200,6.660936132075634,-4.374257649631352,-4.597817032687557,0.083060891183981,8.218131988819056,-0.486036130679313,9.828753334469784,-6.662167979959877,1.815493729462954,4.159296637871076,6.971795531325814,5.269210678806648,1.309611203868560,-5.218926253933789,-7.869876061428307,9.968482641127462,6.679708984493629,4.990698190315291,-4.834353156310263,8.786090648319586,6.152950054047935,1.022689325855952,-1.106324802756335,3.025900023471262,4.091008764901758,-6.937411728342773,-2.004394495747663,-5.597861249000804,0.989112247517813,-1.111966823524384,1.376739340493691,6.301201640289907,-8.336800588902737,-8.327161001708363,5.869196960027496,3.383412033666533,-3.028508149248661,5.966314165122029,3.920247683538165,2.565733815715625,-1.315384419663504,-6.814709984056360,1.905951541936625,-2.177753343211483,-8.331496511303785,-5.288363594318126,7.326679264520127,5.766989923740532,-2.477685222108866,5.934856844708175,8.106563190463834,-2.247329488965446,-9.280248889683351,0.361059982038407,-1.107190313617581,-0.183847897366341,8.769089501290392,1.159635519585880,2.490483056222644,-1.350230182162736,-9.394963991836764,9.283700693578439,-3.299655599538593,-7.918934840999277,6.507508292427733,-5.239741550395697,-8.606053851523580,-1.917272792945804,0.466828933759407,-8.887961523228153,0.612217553720150,-7.356829047165778,1.787937904262851,-9.095857307348950,4.665031062801795,6.036285718633430,-2.609145636099431,-5.339695038362220,-4.479451282446229,-6.987219438533582,-1.447503300698980,1.899388931736398,-9.974591758298594,2.713458080864939,6.060379527925168,-8.572938861171991,-9.846417508715781,4.737073712478113,-5.933251183697750,-5.694301682290615,7.736197425680523,0.329083610665295,2.297730361083978,-9.213658017869079,4.527020773571643,2.746849952314204,-7.749445833971413,2.049703605491842,-4.683100893479573,-6.896315528483250,0.292178162842237,-2.772966261023766,9.990057400745329,-7.561070754181374,3.467817274562176,2.875737860224687,-2.106933058499667,4.376331009395386,-9.096366827730835,-3.332630338353773,1.408552158890512,-8.922642104893848,0.365336812361223,-0.304907014982522,-9.392160693186053,8.278745003862525,-2.184218576223609,9.645650453093488
-2.576418133341878,-5.598270040857298,-5.960629685892027,-6.292130932835855,-9.292714733767058,-7.093983387356479,5.900170226777330,2.598169442292939,-6.230393329341581,-2.344645085281501,3.667398940974604,-5.986697535896973,-6.501096987277164,5.750731679047735,1.078310041524318,7.877928697220970,9.515734897839366,8.840918548298148,7.137924953363409,7.408329377377573,-0.996696157640347,4.253463393409946,-5.615146674530247,-3.736153910646534,-6.820112383410635,8.361459005353336,-8.057908512225840,1.779945268833682,-8.962671520750444,-0.106022157605993,8.209763643302256,-6.391187708470811,6.991722774789800,3.961759930777495,4.219768829492823,5.142104031156538,1.024960983217349,7.035190720004639,-3.837573137294232,-2.135994546458213,-8.435127782644287,-7.964942610801002,4.567094860687410,-6.754276853027199,4.175819830759730,-8.606542671148468,-1.238106806860067,5.955466771887259,-9.973340952022980,-4.606501268714007,3.724201806284551,3.122520846734197,1.709094699520442,-5.230155868178570,0.794333916941248,2.652981283643125,-2.011090703280827,-5.580265428687285,-0.205852294622018,0.279267189639526,9.704342410636222,-0.420009135134389,6.468560492779353,9.442455839846662,7.003063291191744,6.319339679144196,7.167425617390005,2.235691833014993,9.746210352022285,-0.503337425620106,8.519483238697504,-1.162762739929839,-4.337985003579401,-4.901262164124831,-3.104220518379053,8.218812027766589,5.237294714537320,-9.370233331503407,9.621263695771464,-1.563955668991149,1.405178500241519,-2.740329388085936,-5.329113985809977,-7.909909887958722,-6.729041430041194,6.602621604447030,-1.646977385770720,5.967335075839554,-4.387119043595311,-7.379906514906329,4.794727720794311,-0.145207811014096,-6.618565853832951,0.413156410073402,7.326716455407851,5.888540104097796,2.748337281785130,-3.444682701840307,4.041126065461903,2.912763027116000,7.139192071299036,3.587498794302702,8.238041622907367,0.332329530624476,2.824451673859347,-8.000536655440653,-6.545686780369584,-3.704604381915848,-1.446082451745907,-8.409621333998222,4.189692559490153,-1.964338438938587,-4.801041506317087,2.992814212885635,-0.390579874710753,-4.998235375451445,-9.663846416522343,-2.285737174941273,3.397134700579727,3.954210541374220,6.715180660576323,0.240875447901310,-4.218246380876693,-4.427006045319066,1.502109162811857
5.752797064576651,1.505299564320584,-5.018516101598777,0.834798547959490,-6.287521340167386,0.554948751757255,-0.579818821464894,6.512985587052789,-4.662342992870561,-0.543759002418733,5.472113967601601,6.251480773477248,3.017659282404693,-0.669535890666790,8.483293946791509,7.997749073036069,-2.473967231540346,3.650635054950648,1.881581419950432,4.144222374046894,-0.317792521903950,-0.744095417935053,-6.773987743004664,5.004806069416807,-1.838276132002200,-4.309616200379169,-0.081571687292719,9.480578832910830,-8.936309929179346,4.126705453141303,8.528171745939225,-0.743763190920033,-2.759981243535017,4.287498038471524,8.335074128508371,-6.889660849707755,7.877743120480272,0.365642774986195,5.169205761412039,3.788914587431048,-5.493491445719647,-1.312338523241472,2.811397601507007,4.205806244418493,1.382549909962815,3.168365867770884,-9.916256903064976,-6.814460210139764,4.482901763524975,-8.129112779651937,-4.156309017473625,-3.932206913755152,-5.718219066020122,9.986770692169213,6.838792670991221,6.711819239165465,4.058936142543450,-6.553414406872095,-8.363726879859223,-7.645079217816734,7.465717750486672,6.433751696320233,3.396799803097858,1.640585641850203,3.416517448940921,-2.753069825264511,-2.157630191672908,-9.377655900810900,-7.614063579983245,2.402080262740929,5.781054558283603,-1.161341932991633,-8.727465530333031,8.032292874789359,-1.027944879876495,-6.107618962650488,-6.089470469618757,-2.816526003115989,5.543536846338990,-0.807062318282213,-1.605395075645806,2.288232947931705,-7.086903337122584,1.295788032411760,-0.992091309234324,0.909773121046221,-7.669717228011834,-9.274328473250318,0.317680643359349,2.286853327504661,5.156394266446974,4.592354786758978,-5.613901162977164,-2.805762899812754,1.328495515280274,8.113177870258525,5.275054088392457,1.656178190250923,-7.160516608085484,-8.308412162508919,7.533673693209707,5.317402086047407,4.867034109981528,-1.620828999035840,-8.733876196414421,-7.577893011216254,2.287387610313507,2.493587334247332,-6.017213830840613,7.709118223925525,3.980385779426388,-6.385789006013947,9.772197918754571,8.117428960095985,9.369227842022266,-1.486335369705365,-1.524398106270695,7.650051815211526,4.439213416821667,-7.744982402810409,-5.702740487776239,3.371945293104599,-7.757675221386442,6.804003390281576,0.491382580729500
-1.844548437225912,5.927718503856465,-7.897437763804900,1.955094761042041,8.799627604938408,9.896714094598256,-0.738291071162973,-7.885640430311986,9.785601302216183,4.496244464737114,-2.201993664655970,4.842546823021696,7.479305373422910,7.296801217246671,4.523672548836759,-6.880376546574693,5.887320930181829,0.653231074755949,6.518634663136421,0.597930404354791,-2.300355166620185,-3.403863918993288,-7.806353455692971,-1.831681069766415,5.816498804025457,-9.177475644720808,-4.136255584973658,0.859437571538814,1.335469112385939,-0.477961411018434,-7.973963576710044,9.543204968307137,-0.845115126914145,-6.043933662144449,-4.756035697810496,6.596200518903665,-8.203672833687953,7.134255052246182,6.279070566516626,3.730161605644167,5.877470761748519,6.839999984853456,-8.894708600708094,3.480748012283179,3.826771616081569,-7.658000691707818,-4.353633039246421,5.979949531669373,-6.737290414282089,7.118283637023662,-4.161664426877705,8.830677075189367,3.786183758599414,2.772142410206360,-6.006231976937717,8.489977173159946,-0.874533068598968,-4.265421391648356,-9.560640200353186,8.182435330636952,7.699232132397761,2.381013080025216,9.983010588634404,5.839535845747259,4.699876701165230,3.678525964176378,2.420507996111231,1.989922484866813,3.208697977103363,-2.487701120977979,0.272525495674396,-3.937467376582520,5.657791308364937,-4.502458912535701,4.688101252689103,5.789256037469009,3.975649159896754,-9.035711569662286,6.157773364790998,-3.589306873666143,7.505834655619825,-2.219743199647819,2.811656833252258,-0.193239735061878,-3.389705209538285,-9.160575522673906,7.781380844687188,2.038462502821034,-2.169011173864705,-7.285670337977262,3.765987087989942,2.045315510863784,9.720013076798754,4.321353607698677,2.411009747255036,-9.069993834148349,3.244217048506925,7.030659282973446,-8.894900539651067,-8.082287955014920,-1.138241749043660,5.683937833996779,7.171685342308791,0.657442003901313,3.147534193627751,4.727570084072241,3.309101033217905,5.994560727928013,2.575088602454056,6.328460180022407,4.023705206134171,-9.236013233187730,-7.639483737083350,0.114591994073141,5.483420431540031,-9.407813428042804,-4.460068810128936,-5.565024370844627,3.543843644485783,9.347776644205300,2.049320601988157,-6.286694834663256,8.858235982093397,-0.817327321278793,-0.057361468017085
-4.090996673785316,-9.979535760021143,3.226940884783946,7.242057004541707,-1.127925960421905,-7.682153737068353,1.552705766136928,1.163318983297659,-0.240917686110652,6.330142891700582,4.129858403473509,5.599220382280288,6.184105653734591,-1.728692886590924,8.108303015589591,9.484470421916026,4.132200845763345,5.052750879980952,8.944281780300269,3.623182628431934,0.488419558604862,-4.655208749677547,-1.117990898893936,-7.995353004074175,3.334095473155587,6.355802244788997,-7.701280907348442,-8.780096189771449,-8.426594049394225,-2.624455327971706,-6.086800768504260,-7.696085933188512,-2.373424441935454,1.849572417216294,-0.847033106083433,8.129386696356629,1.169799320740657,-7.703491696253970,-1.883821799296650,-8.817837559821683,-2.338559973635157,-5.583662082289811,-5.042928616216966,-3.444582928296831,-2.267326235256311,-2.043365267427895,-5.824754022394380,-4.582073595199995,-5.456997964108414,-8.775464725871046,9.978183946349201,0.331948794493670,-7.482596447428660,6.443763410378985,-5.113331117358171,9.510740943298739,-1.481540248795044,2.007496795169697,2.972319228440906,-8.443934584789689,5.152481852508256,-1.929388755883657,2.550639651996431,8.775226371786882,2.136340311970910,-2.560742685797268,-2.314482715544766,-8.593933700003211,8.100059223331872,-0.513042642678695,-0.038708915064074,2.786081055388482,-9.841595980832786,-1.201824772411214,3.003990332176855,-1.664176930841455,-3.132832323131596,4.710758407603823,-9.331681136637012,-5.170984390731177,9.939358308868918,-6.849636578136488,4.869315435775709,-3.227395715719251,-7.516349747372544,-2.326694161236120,8.992409670787541,-5.392903523499424,-8.346744808971224,-8.676644750074606,1.799942111868916,-3.835415798016715,-8.373687671254215,4.369929415868313,-2.812685333424573,-4.748076378771609,9.091335552806196,7.593155784109420,6.026050406334196,-3.051473628700510,8.288968255868138,-5.998358426717845,7.238394554526231,-6.751968990592967,5.791880837980441,3.352613824709902,-4.779034387317278,1.423835089435521,3.765006863996106,-3.186508997090638,-9.385756559450435,1.179763270400469,-9.691405789928215,-3.151262236860271,-8.132877407863399,9.873579861148713,7.421897350562464,5.340559313032230,-2.067811869590432,-1.202093789135560,3.233747883014075,-0.391266652786157,1.661631614290007,2.412947042763525,9.027208127916051
8.330883883313685,-5.356894244051034,-8.477449637307545,-5.017185022217269,-7.084432005656145,-9.341706986598073,-0.574767747371412,-8.618010390485066,-8.836126606254135,-5.104403634986225,-2.526710780147785,-0.558696951141620,9.554426189908565,-2.365682784689980,-3.439356630199639,-2.762375776226378,9.811238882317774,8.619876970363592,-1.142934396484730,-6.424870082547076,-9.745043530664566,-9.990635406133974,-9.049155940663354,9.069537009083049,1.711739189973398,2.729853590821525,-6.780287816240729,-1.422604158801146,0.458704367697340,4.162917273971743,7.449594457248196,2.011081710818054,0.452067546054536,-2.806999428405579,-5.413866111956443,-2.604018988089267,-8.444450281935792,-7.746183143705148,7.282606674250893,3.655406911375191,-5.774940776503370,-5.242928417715545,-0.634095951244758,0.833478059786898,-5.937515651494325,-4.729287042406256,-5.890286443200115,-4.352072787699832,-9.275349463035356,4.325144893350600,-9.579389727923907,9.729221800714051,-5.108790418519186,8.798042915091571,-5.346673335170196,-0.495193010365739,7.119933402400150,6.008934528802406,6.686468555738852,-7.884524461484093,-0.187073668459597,8.780761968381434,8.533751787197925,5.223893804681509,-8.991104060800719,-3.535385834016540,0.090411219822812,9.376406154027901,-2.985865400202849,4.582961019642283,8.809356260238168,-0.540402020996652,-5.923386560007944,1.803386820884981,-4.917736088541053,2.191953780321167,-7.224289571340945,6.303291946229329,-0.484958665358421,1.514885482364791,5.551907588164244,-6.665979251262170,1.160349682238452,9.676663811336631,-6.423791957246214,9.072400676328954,-7.262783703263791,-5.343009659512736,-7.754693069209491,4.249493881301623,-5.270806952224351,-0.574135199243543,2.301187623301805,8.758893490097567,9.480469272476753,2.526433495323655,9.171778274751428,-2.969937770456541,-2.762104449853937,0.379169043417829,4.266926754134728,7.723241871271881,-2.190241853009873,-7.118498825664023,5.040157421459291,-6.682536441567624,2.249540110654282,9.382529006974782,-7.545650367405685,-2.378518048067315,-4.586908033215382,-5.585870202659684,1.001356373133717,5.410550009828317,-2.887176090298929,-2.855375375590383,1.968774480386839,-9.206609822064111,-9.492529493565069,4.762170388458941,6.271331798814646,-2.532049457740921,3.606070201835415,0.267647340458296,-1.545435267863191
2.940034729765589,-2.242665196441546,-7.888284900529925,-6.458078193916772,3.219508152789102,-2.143478298703720,1.283223278261465,-0.040204273960834,0.035189332902680,-2.418243177071444,-5.534415985990108,-3.699700947921228,-9.387457089132646,-9.984478109541790,1.051644256714878,6.600954259655364,-0.038110498393241,-8.945116307857397,0.284050065051302,-5.684131486774322,-0.093909881494570,-7.868228908219317,3.051458062655827,9.301187740412086,1.539145358649858,6.215379255366248,-6.268293351999612,-6.976544607750082,-4.666838183080517,-4.673441797282170,-1.318184377398504,-6.091196284436567,-7.171132217206512,-6.392824334263789,-9.666069803273480,-6.247338370298314,9.868549382235042,8.395714851460315,-2.611272590406212,4.358662006748713,-1.700577549552211,9.020754718190457,-5.844369517657872,-1.146778940146564,-9.073915561497151,0.933804642247882,-8.083538268579618,3.217560386210071,-8.478742876135401,1.937029145436922,3.742208787346861,-3.051552773771517,-6.010918074057871,7.848704597426604,-9.509406778880571,2.816743511706834,6.290844566197428,2.164928688800336,-9.619646380971428,-4.688249518823815,3.714936884351275,-2.521467057179825,-7.946457392630353,-7.626128377191542,-4.368815478642842,0.342917479665843,-7.950876683499786,5.844384565280603,-9.792204622565706,-7.008698265275813,6.187041493067341,-2.330609310647516,9.234660223083651,7.272150722289304,-5.592615956648482,6.852817772917589,-8.253680891189282,3.672047751195734,7.198023590586217,-1.059209649254885,1.821656111206336,5.076747831196437,-3.493511384629107,6.079009005447237,-1.777660753497059,-0.388981855259246,-5.261869814146392,8.251063630517677,8.637396346428929,3.936345770437651,8.294554043870608,3.985330420831307,1.688731853717083,-1.172525710203720,-3.700047965829503,0.653087704402404,-3.181219220517837,-7.388141849290353,4.511317066479704,8.092947043915650,-6.138965819691473,-4.882337080540681,-8.650960572570654,8.398597316066024,-3.959406401884873,-2.483728102577707,-0.108298690714069,-0.733706224606035,-0.660115680637832,9.931629402166127,5.717650546718321,-5.459332268360154,1.653934558374274,-2.756352214211000,-8.177210989262436,3.889236635118859,-7.360650350475353,3.345598441107338,-2.952726698112265,9.366407317994614,5.018161753218461,7.043983444602176,8.192985314611938,-8.359572419572178,6.096163904442694
3.000896356133971,-5.643546313994330,6.760221359558223,-9.977474203351424,3.144187748451529,2.015728592272817,-8.728353246411604,5.474653185331830,5.632306259692283,0.050569228776347,-9.778713429128093,4.541987489010326,-1.169456632954466,9.395472176879771,-5.961747242557958,3.874119281494455,-6.754366953171296,-4.702815854181541,7.001108399391750,-3.807142947125845,8.446199621697716,-0.860187184257208,-1.762428587576938,-2.102687737251207,5.728277233553039,3.423013430441861,8.594031290840377,-4.002506988021253,5.023621901415270,-5.425035091458024,-7.453967558204527,8.974214866299050,0.913983446883734,4.928939155270150,-8.210645802459064,7.132708972899746,7.806715354115653,-4.354382938482971,3.343653239153650,8.824857416035378,-3.908600353433136,-0.286007070164258,9.061742071685494,1.937263356722083,-9.228378202973776,-8.899994873882775,-2.381313411661063,9.980198590366768,5.043315425223049,-1.594293924865372,4.093383795659131,1.560996218039465,-8.758188707946765,-7.523612401048543,-6.334962444320194,6.060302703313425,-0.488455685666008,7.406636713282907,-7.778774178340582,-5.529928950562624,4.766800511391898,7.424731384662827,8.539172175946867,-1.188381005648365,-5.181895617018268,4.548886761408536,4.121675870982708,-2.987634638815275,-1.626009589756009,-6.010341474592471,4.720948077950634,2.593337146694344,-0.798936240249521,6.243203333847585,-9.856778598025722,-7.929286913260865,3.390555051079858,-9.587257268430150,5.819794987260202,-1.195886074997560,1.744483204694454,4.102502234374976,1.943915658746009,-8.225887710355373,-1.534457990858664,5.851883245014628,-2.843274160915827,8.974638362683109,1.162742095136638,6.412875469632333,5.922046853624339,4.165079476018807,-0.953275955574904,-3.788854082498665,8.101007580771181,-8.459057585745292,-5.437674383512851,-1.004183544026766,8.471024651115329,6.510121459390824,-7.802160792399788,6.886257618317689,-1.112381252754222,-0.440588545618288,2.022879997611586,-1.771817504018786,-8.529915875858993,-8.286478498363230,4.719681244846022,-9.698930484857375,-2.641339976589007,-1.355605757360651,7.331842907847893,1.776528537958608,-1.518467605609173,-7.312886174935260,-0.280092295752636,4.884447365224098,1.882363279873630,-5.238502946626495,1.013985203446421,-7.080267897058679,6.460177248116015,1.100918426254490,9.683983628804668
-9.589024397223689,-4.118701805308033,-7.872444777096366,-1.273655341538936,-6.206970976052208,-7.319729722071864,-3.941625058287221,9.664499995589576,-8.776482812591821,-1.425941757552119,-1.493385550736448,-2.686875018877153,7.642215775643198,-9.107392434055715,5.518012756165758,-2.156654873200157,-4.123916371492156,4.409844080333347,-5.779173975796741,-4.985277078936168,-9.658450661587356,2.782234688244571,2.774738914499917,1.764117084118746,2.724110476135051,9.407776278250545,3.923376444964282,-5.838940549842818,-2.085637127902036,1.815133923485091,-4.810202995754307,5.077861974099028,9.869602701725505,9.449167540698976,-0.256808417334097,3.185892492810311,-6.963470074650104,2.089836784925241,2.421728476335339,4.992564199317037,6.735529653817469,5.172230697572342,-6.333111932166049,-7.010864005727409,-8.914310132224765,-0.411561058380098,2.839147972019241,5.295078444433724,0.598816164342427,4.822768986323926,5.144737799045151,0.137107384251468,1.379065061347294,0.712817741714529,-4.687447323215517,8.138163549160616,-0.592419981034320,-5.344615327028269,-5.934227061866599,-3.898726795379794,-8.219872370830902,8.475083872263713,6.709178315240035,-0.634458146768541,3.267419915011246,-8.786759557454699,-9.353133435456950,-8.057665189448940,2.303203658736120,4.525606837853500,2.887324231674706,3.899405593595731,4.379317938706643,-6.022759747741652,7.770230194668002,-3.199936326836024,-8.672276908095057,-1.800616455036476,7.103619019114294,-5.674961747258644,0.539654437486343,3.817003138967303,-6.491033715838197,-5.954740706975166,7.430717174891754,-3.375080100982542,0.202064059503549,-1.014135665078529,-1.926099593473738,-8.851111249108360,4.333546629913581,-1.850533602205536,-0.730528697196126,9.125587690983995,-6.795727709046306,-5.759406179998575,5.061509778200309,5.969754913961081,3.221321768906964,3.298734345315751,6.650280061566786,9.659786343902937,5.338259176567579,3.508031008826311,5.859674953809664,0.325346842024750,0.693610108907272,-4.405351782958808,9.506804768306456,-3.607661592996260,4.016045008618139,3.058605445852630,-8.574440415554804,-8.731507982797218,-3.346647123850048,-0.826535481615524,9.872426215661289,7.882269711694484,-5.724908274658491,-1.305648104757314,9.126920225590641,-5.546954926189391,-9.916102335770425,9.921966651276147,1.498393015138946
-2.978673070827334,-6.250694548577192,1.578546783402109,3.991002235478716,-3.625041497702670,0.131023153248561,-7.349362031488200,9.253852095070876,-7.891495287171255,-9.430928110473602,6.859705068846569,-7.288794918708829,-0.365673545070596,-5.466669193533633,-0.166996239111178,-8.575460616625545,-3.772708069005879,-3.759124906633710,-5.956338734159454,-3.234754818279201,8.219823627372268,-8.568770699873342,-0.425434927627650,0.146604431482126,5.835068183236601,7.254012893161434,-2.291063375457920,-7.294050975667159,8.687498919482451,-9.816984499744571,-0.804352676484445,4.206097096569195,6.591332061452889,9.934479714823638,1.734167862991312,-9.078270132574652,-7.733965849645519,3.864178505335612,-3.900783693176841,-7.467714915508297,-0.142150862900568,5.752912348728659,-4.828446581533812,-0.792282532053017,8.407343781556349,-7.576390224297578,5.127361391250284,6.591469922792001,-6.614072157144126,-2.578661102579334,-3.416818024051242,-8.796269016681936,7.438287273118785,8.599658506134354,-6.560999295140581,2.087481289124703,-0.797827898889118,-3.499036710276857,5.061608766232110,-3.813060142126663,-9.705620033514062,0.045454009140155,3.341576034830382,9.043723734241912,-0.714785919058581,-5.764570099586988,7.262313502755433,-5.089026367182619,-3.842607605567123,-2.288511842276424,-8.657171075964847,4.783027224538543,-3.861529800803812,7.836644034931261,-4.986136364007732,-8.540504348703106,4.108575982062474,6.837278674729959,-2.969781506360231,-3.676532463580688,-4.196038414251227,3.012731997441836,-0.617427739369790,-0.323305099153828,-5.360308230288549,-2.735762807022053,-7.622359920154336,5.671588624917700,-7.061845555375883,-1.302615453107453,-4.962800067337203,-5.005536845058041,-9.170478323041047,-7.446042059757037,-5.634645684221318,8.392143419100272,6.240189796801300,8.852083737533626,-6.901502339390911,-2.449799989640001,-3.041937514580308,2.481051293364427,-3.994737374921995,-4.587124906528290,6.732236695495391,-5.343385865559195,3.982658125666060,0.088660287481108,-8.528380519804655,8.076706493414985,2.937202368765522,-5.227184709318522,4.208837351957158,8.536269983924662,2.976153289776015,4.355379292299633,1.994749498123356,-6.064912331702386,3.568234683711939,4.775857952772462,-5.530472979633028,-9.545587544392644,-5.934023157278261,-4.271450796106429,3.962768308176560
-3.586567483455618,-2.314428320537402,0.206316048569077,9.779148393019767,-1.084204153592850,5.825988016852106,1.987120040562369,-4.020979350416329,-3.654535962080794,-3.432151666440044,5.834262871431168,-9.465574884837087,6.773052921300344,-0.331867916382633,0.454447619627565,-1.376167770417068,-9.330444459492945,2.496644388626777,-8.340689015998741,7.110797761093746,-4.380971707984771,0.680149755740898,0.332190525423048,-8.658931236997478,-1.155360290739813,-4.874004938580743,5.170264272180020,-6.227431547096980,7.969334847387600,-0.654091319995299,1.919663605537792,7.845004080621550,-1.281466856313880,4.167223377630409,0.994480110739991,-8.838295969374796,-0.896451165297075,-9.933385096943459,-1.925301360166147,1.186317497827032,-3.262296525356958,-6.722026535705970,3.515174742715830,9.922943996187488,-7.425819760988501,-4.199292672573871,3.731456903202830,-2.323685412518699,-5.540548948322169,2.468887237868380,-2.462311786803602,-4.802523940859547,-4.353980213143343,2.244283573254782,6.093732481518060,-7.812317508721744,9.629572835200094,-8.019027240628461,3.579531756944105,-2.206469000122144,9.435016636013007,9.153088581066250,4.871153834956512,-4.473970915816885,-1.527040598751608,-3.631531322276063,-9.841350304174007,-4.615092586219185,1.327321441166397,6.753263189826338,7.749934452665087,-7.859028697396697,6.634140185577689,-7.330824757079688,8.870157506901236,1.179838501390133,5.627657105910773,5.398340303155342,-3.942388974827161,4.317111701926752,-0.813697629342052,7.158030682182432,-2.141325736142083,9.065633539172460,-0.758489753195153,2.599470394695878,1.863049127533582,7.986210430806317,1.304732048683112,-1.061326263304586,9.827205637086696,-4.135754876547731,1.115067589983131,-8.992997905165437,1.372243818997550,-7.683562019686567,-1.717939973707256,7.491857397467513,-3.991381284234665,5.749248289912680,-1.779805800097185,1.046135449780991,-6.030312822545327,8.246360275516341,4.118749367065961,4.489599249071507,7.819314573897664,-3.586894064584127,1.621106978267985,8.182629528299522,5.117874362848326,-3.889187251948849,7.261103823781919,7.905981501254633,2.284372478179959,2.997687491192362,-3.397008954976464,1.979562072031346,-4.841418536645962,3.324894320353424,1.077629267900155,0.057510870722904,5.552691886299668,-0.662248204998608,-8.048043604734564
8.345889807249627,-4.128131037148135,-3.903384606688672,8.115193861272488,2.989812951252450,9.779185186265622,-7.110014305546095,3.750841362249872,5.019814352760609,-5.202280524545677,-2.810993787312044,-9.227267895549414,9.827635268506125,6.234109086176591,3.886782999522573,-1.229995261564410,3.936342268953313,7.949630641282631,9.850891573714101,0.795091725767289,-3.130926722201137,-1.415778317102770,-8.479853142512999,-1.700492033811544,-2.098298000040202,-3.253856843869107,1.890012985272039,-2.252010683958805,-3.657820779600121,-7.063865418616222,2.606093034401759,-6.302158349133533,4.111490743253555,7.967526559367624,8.413526615071369,-7.712700249961919,1.236471193393328,-5.564400510975425,2.950753642843916,-9.044839105749599,-3.625484021021390,5.316371446990910,-4.155717483334877,4.833017786479655,-3.338880477948074,-6.363183848487477,-9.407003600188062,-4.052448598520801,-3.186059714622447,6.140600849333055,-4.553166568639311,-4.545784744799832,9.526495139449647,-2.618440342844092,-0.885626262624887,-9.529403233687487,-5.503036093265701,6.049709157649662,-8.928001747433429,-6.160835406029552,-1.932658920296149,2.357796012388347,8.668449527816882,-9.323963296630451,-4.598181260777238,-1.992796358429345,6.063179810851906,8.289684450069657,-3.704170734703265,-3.784338549582609,7.340082006384659,-8.139760455752503,6.700566281029523,1.582733312307328,3.728717987411517,-0.961573902623185,7.468676488496957,3.353537946980458,3.411931185827598,-1.248166451194180,-8.762599311003649,9.725113280142086,-9.334513291448129,-7.912704414631095,-3.054851617094130,-2.009356131141226,-7.548705837935124,7.744807465381449,-5.415681879039882,7.650463648311824,8.256018099810298,-6.331753413749095,-9.195118003635429,-8.227278733851762,7.517978805395643,-1.517345826298920,7.498518989632839,2.575756770916321,-1.605991484954611,1.867643944121706,0.788434446644160,-2.822894070286408,-4.962945816894429,5.406090538709083,-8.212919704120811,3.267257838188113,-7.499627312946120,-3.952018094021419,-5.986360017776946,9.422023911300855,-0.269645718444806,-3.904584157088817,-9.361144501407999,-8.280806970914893,-0.043061361957740,7.988529310775888,-7.201573169920962,0.450934377276358,-9.976648895525248,-3.959255731686908,0.411875167191928,-3.864947236448684,1.318717790036825,-1.627419538081721,3.476745611669356
8.339821321358919,-9.059919260000155,-4.898612551299165,2.520358475451665,-2.128642298923868,3.427102550259004,0.011729711426327,-6.250193329297835,2.478668202960144,0.524090700704420,4.191614919383699,-8.814431038463098,6.393202532065253,1.864252063112072,2.380342203240184,-3.234154669243976,-2.041321195265732,-8.896352459303312,-1.803820700977965,-4.253318768697403,7.339606511652669,-5.187761875558417,-1.942130159110940,-2.476746990093515,-6.086263473531153,-9.085439764474616,-0.679661673452552,2.627664897530659,-7.463692529112855,2.727319663034205,-7.007179315666699,-2.443007841708735,6.440948918135625,8.390024328429064,7.072434421889703,-8.842700971796386,2.122402740570159,5.985619379344591,1.466700455263073,9.245195679952186,2.687132662784284,-0.643848983126777,-7.147171663443064,-9.142651766458247,-7.938388519881483,8.677529207296924,7.374110133265141,9.820181093059318,7.649611546855798,-9.122704947828009,0.681954996491692,6.546723178409383,-6.212822907655116,-5.204919422054619,-3.659379719868799,-1.286068509347986,-1.856230597783370,6.980787128821188,-0.922583180534581,-1.628173465536435,0.319607496889798,4.639540442676735,3.577120442893358,5.848963806744038,-1.752718659789503,-5.386367473565765,-1.697592874381241,9.627875166644582,4.336986863813067,-5.529315887042054,2.417240355477928,2.384158156647587,-5.870333468220772,-6.678325395397309,8.228412459191421,-6.029581236901748,-0.322765385124065,9.398373166490906,9.022181810435683,4.884157605213685,4.156583421347062,8.742634727760819,7.025747462505244,3.922825462771822,-4.352136424719610,8.091831782474245,-5.274438700262005,-3.192334074349223,2.914603793932839,6.074339829477452,3.465600135517569,-5.022378816512989,1.466560209043005,-0.846634437034064,-4.816899893558666,-1.225239815840752,5.875223909321356,-2.299089766505322,-9.360381663169965,7.286574361662471,-6.656943682412876,-6.955643907166409,-3.583038405546876,2.255042063963739,-7.848831908657923,-2.583809698718991,8.254853608616067,8.835452033030087,-1.084424574698811,-4.415551537331912,8.900169187554845,-4.315567402009366,8.689655717736603,4.588468574143423,-5.521893418952619,6.919389337381023,7.203967329675155,0.046451557054594,1.099299279501096,-2.044842767732316,-6.683274460389623,5.262107443803135,7.406125264116085,-9.186134066289489,-9.505285402651211
-5.353173724384916,1.626034306477777,-6.682442300126262,0.300081002118418,0.130156771730153,-2.034761543011872,-9.727738562682632,8.211953443545525,-8.234162112142538,6.770909055538649,-3.551476603047501,-4.291724063358973,9.262740674280057,4.496977626337248,3.696162384675352,1.225311376449651,-5.611075075389518,0.533981306429073,7.378919956105381,-1.219365513471001,-5.912342384906875,-6.880707733194789,2.592234460423473,-0.595795732241417,7.320042969265401,-3.374909107090803,-9.060717985987823,2.229434932904443,8.596225639371578,1.930990742673323,6.648236265704703,-3.352997510669145,3.715332877764366,7.047019223231995,2.930573939116330,-4.939260530077996,8.679500847155815,0.180748401119342,-7.790051351190370,-8.179867564022326,-4.627284976433157,-9.415937628470001,9.068377836717872,-3.635127481121819,5.408847952134197,-2.314907350948967,-3.139606793007594,8.255596213405791,-6.713792866508397,0.739741553396538,6.436199056908698,0.984313325952435,-8.245368593820002,7.348579456346108,4.358253789662076,0.682787503699840,5.014678075729179,-7.865365367200877,-9.027259560996567,3.762360301428524,-7.040071339663379,7.729380673623069,8.024594741924464,-2.338305211815552,6.476475291616371,2.084042651035020,-6.788260838262687,1.700945424726239,5.514956086260600,-8.879240228721940,-7.330550963065861,7.648952853254233,3.856895400253519,7.600447539039475,-9.778977106983231,8.807522352278902,-0.719815317154076,-7.365673960451177,-9.222346363695904,4.754238530487216,-2.695669777427725,-3.680190905234875,9.587342094297167,9.083768717356580,3.804359592909138,9.479566021914515,-5.900089725922070,3.024261766305035,3.669999771840617,-7.104678296314391,-7.230629520270410,9.447071357334941,0.279071058723170,5.986006635153265,-7.030774272773970,5.865497588031044,9.484176841925493,-5.980833533710486,-8.545405498227936,8.999392842243211,-4.952287428863473,-6.040753762813273,-4.774940302289257,-1.394056919038018,-1.379902596580077,-4.860030716529065,-0.585898035783924,4.998439730808633,3.429127325152821,2.574583155931286,-8.700504202288009,6.405534576289018,-8.471952386582080,7.001833999972916,2.243231193324593,-4.726256712431165,-4.913277619981377,5.431166743758860,-8.769773857043603,-4.793681827195022,0.046597398079079,-9.722465195683885,3.728512615463266,-0.731618191135563,-9.137980622275595
6.732683591225346,8.679064254066965,7.369832717837959,8.069186094259511,7.150692025997834,-0.633016990373720,-0.790307293267080,7.322113598824128,9.423923852806993,-3.018630287840496,-3.394813306373057,6.179293345145712,-7.918912835682073,-7.405170673001409,-1.157690581574244,8.432650568837118,2.320316478632854,1.371751471035553,-5.214537262125667,0.759561465557283,9.365176630386561,-6.626820960888253,9.997329844511881,0.545692320260711,-7.471887276074531,3.914195860910263,8.876890131063803,5.644247349104496,3.177831408402593,-2.104956730632399,-0.625650275748830,3.806944718336517,-5.901135586317350,-6.121038522299278,4.664892003487482,4.172474411892486,-4.740530569332277,-7.202723162851543,5.672023958426850,-3.007451494058340,2.812859238691921,7.034737845810120,9.123547475201622,6.374300633249398,2.069889031371314,5.897321682760040,-1.591240685758791,1.131167797448438,4.364871328791502,-9.177443432362832,-4.098346167898452,3.566302705329514,8.640447183623024,7.981759000007440,-1.788064682842865,-5.572022845507432,-8.476576495870656,1.753803640584087,-6.538156121265914,2.219555710498597,-1.732933980347873,3.416763857364192,6.420818231035913,2.452584988835183,-6.141874342129579,-0.620365930728365,-0.542004794829417,4.980484668603442,1.585867116826316,-1.146860107328372,2.777218537515850,9.366415547917018,-8.103209488953675,3.319219586849897,1.752405550470964,9.565201668114991,-0.714144848208436,-7.464305445641591,1.561054441906798,-9.750798509305190,-6.649015221488686,4.461658017545059,5.719126423518091,3.449869461383772,-6.500174842672461,-5.658271131905661,-1.702892908461539,9.611737079943701,-2.452129644588872,7.065103911563924,1.514813871105796,-1.917148102976576,-7.742607625207136,-4.788173179851832,8.441940366074476,-6.165093125388184,9.663330367335217,-5.832606453331257,5.834522488233640,0.077671347986762,-6.936582633515805,-6.783154740860784,4.714379548004571,2.589749783276163,-1.872122595187026,-0.783979093812654,-1.181533900966244,-7.980187189179466,9.539378733025124,-7.236498813580834,-6.012225671422295,5.390563007957862,-2.169246496176624,3.149245192254513,-4.156325450228406,-4.683142150406205,9.921453796016490,-7.049177718368620,-1.701415116931075,-7.575582966336118,-0.860031554819415,7.998433837068927,-3.699573611430981,-9.695216251965494,-4.186375951166246
-7.648719576187187,6.528562810441471,7.564916228501623,-0.477863469516999,-7.231049123762780,-8.007155362986529,9.063195313985773,0.805058325435287,1.125536970802399,-0.940463286674738,-2.233047804985535,-8.774661821683821,6.132478361706294,6.896984893264232,2.151076188073421,-3.174589280959310,-5.729447775419299,-5.315271438593692,5.367851741204346,9.394833341106978,-2.444593473106995,0.446009729320165,2.513411320143158,-7.414144629593615,-9.669828969948542,2.256585057921130,8.795565712053556,5.664222698418982,3.357590618094594,-0.284898744966469,3.068747065018908,2.876250617007035,2.989649525938134,4.256326933094307,5.979540456068964,2.446915057273941,-7.412751700344351,8.678651745464325,7.261559092117750,0.472248324713956,0.671484308446257,-5.764277295831999,7.607544411806586,-0.561036195095305,9.245429893215960,-4.985373431502637,-4.535846645125689,-8.051583545043311,2.308995481917522,-8.382046884198548,2.031187486033485,-7.347127821982564,-8.961055074710846,4.537063832802396,-8.416529219561689,-7.519857187690362,-9.195018314752044,5.183972263812679,4.961860083094773,6.733856105611700,6.918106869167570,3.390139138376867,-7.061430346237499,-7.691394200800166,-4.097690212937164,-8.659681163780757,9.792869300897827,7.780307017792644,4.683088135501523,-4.406914981014345,9.645326439366830,4.736691304668003,-3.035851747183116,4.866879353159948,-0.280626527921344,-8.320792879534554,-6.203949696977373,-4.558762182062401,-1.383356735181680,-7.619665506324173,-3.276862111042147,-4.166028994736375,8.757154059189759,-8.374542847712101,-4.576297520313544,-4.957826628015887,2.384621599659653,-7.674569286395601,8.868138718733093,-6.446470613984976,4.625741425236519,3.368755688089545,7.978604120766374,-7.692160372583179,-3.924912201048814,3.956632401316519,3.719398373451810,-1.193455554570704,-8.036112878975477,-7.963332369737712,6.422118808094769,-8.388038957768218,3.575869346198552,0.978605908302246,-6.374579669638766,-1.781041977599550,-9.513818181720755,2.453225394742553,8.406674810935055,-3.880209834941713,8.683708894983198,9.118786729579973,8.494576864417155,8.952315895645778,7.606300103863123,-1.723986137498773,-7.371518373791892,2.465551192100847,2.079072605417270,-2.856433098774993,6.646721597613180,-1.255650900816061,0.762652176786727,4.151208227472319,7.667209798433269
-8.603697831597170,1.572452794279013,2.765463289610665,-0.835216931076650,-0.221000508989073,0.761173670112306,5.217946126077461,-1.719567292902582,4.865493675658850,2.306462149377303,-2.130176765477907,-2.620103790988928,0.546341911765126,1.769391794654760,8.656417792996319,0.359687447784937,-4.065415008639127,4.868379525640300,-5.356696688886499,-9.465453567680713,-4.146959746738689,0.298446497081846,9.747421791011959,0.637672028289280,1.839300664280852,2.360763369706579,-6.926176890457077,-2.038333554436067,6.643827461789712,3.527562924560840,7.947192492739138,9.267284216482828,0.148923483439072,-1.796663499147446,-1.833706798243323,2.680616874487924,-9.918366352658595,5.293073309177174,-6.264376602422777,2.137241997348909,-1.392845875581967,0.834220096911725,3.409224036648714,-4.358089997025079,-0.029072998325832,5.372445014858393,-7.537908733113459,-7.067956231642755,8.747817152722554,-8.253577961213916,-0.415864676450310,5.650620690660144,-2.098060575980605,-9.632278845713362,0.285023452595961,5.932385814401941,6.936064078866529,-8.830794281516825,1.606520681602294,-2.077556669205922,-4.338592174409768,5.967332279491693,-0.347895564441227,1.578540144760524,-3.045735721027604,8.738039118928160,3.044799782766592,-2.845072769877632,9.583729466877692,9.039262979645905,-2.557042490698240,9.474270419029711,7.648111721482010,0.772639620620774,-8.864070726668098,-2.970492200114196,-7.747822280804484,-7.089083143413431,-0.840973847752126,-5.621441665504879,-5.846990082295935,2.574746988436651,7.812225417516053,1.097213380305384,2.735873211603117,-9.582797936243166,4.337610100063392,5.980538751632938,-1.526270256497316,1.820647160125841,6.518684649863605,-8.712855448973622,1.048612589245097,-0.687218379862335,-6.748650657746406,-9.058674931353352,-0.915573179533817,-9.146764438129445,-3.533549889621622,5.956080216153449,0.709862183791376,-3.128547274359099,6.128138036312802,3.699588210868086,7.882378889004514,2.053718052389165,-3.280976027020193,7.766197792123741,-9.426909343819636,-6.204930287565120,2.535137597320576,-8.461354477255462,3.064788840901894,8.533550817065880,-3.470013315451985,0.912396460895096,9.445747264621602,4.418097525621425,-3.009861050730445,1.279851025271153,-8.815374609974633,6.778985525766167,-5.196922806159876,5.049822728887923,9.614783737135667
-7.838662747134235,-8.201806165065143,5.652246062957783,7.069282958612590,6.257871856578458,-9.902481784951934,-8.208786515740670,1.903601708475872,0.558299655900283,0.509207938690251,-5.833253426967431,-5.223213927815706,5.200104244282507,-7.432288201205337,-1.607062373552919,6.575312127084239,5.272055128206365,0.569910810906398,-0.820827536953619,-7.385671692858482,1.776249518032731,4.790614513155042,5.948556533232249,7.093111421376303,-9.944551943730646,1.138706488819709,-1.691496134326162,4.011381747719485,-6.641831058466705,1.856806842432183,5.118772975838564,-4.787618073934851,2.667053847339096,-3.014197275684989,-1.905501292625509,8.401247699964024,-2.528662820854950,-2.766863963939450,7.786335597109069,-6.921427582355326,-0.778413137064256,-3.081535876329093,-2.243291791096878,5.210165301372218,-4.398060079463518,-7.493553622321539,-6.517516819639293,0.157971906342890,-4.285223380775117,9.264036231693861,1.760172166702134,-3.798972370886702,1.737359889362182,-8.649200278427539,-7.915220344668478,6.667814776830223,6.274631223411763,-5.113445916336250,-5.210230033529307,-7.300500474672842,-2.808004994432569,-3.791884662725233,-8.566099911143459,-7.293413290585693,4.665560336799333,-4.631390669779920,6.558022237747124,-9.952124829274014,-7.617963035272506,7.913667999794061,3.737380482935642,4.320870983736722,-7.031290594986341,0.172794291601345,-8.680085443692713,3.947174361495094,-2.720520557194559,5.884977220590050,-6.926185071521149,2.419287168936572,8.576755143157254,-2.065714734555398,8.494625159224466,6.380816216483463,2.882791890546585,-4.829296861177752,7.788182091829430,8.254709402441655,-5.137477718624204,-3.579084065581926,-6.325473007224733,0.030100510051076,-3.469473107761017,3.961318287021340,-4.805214456288780,-5.084606459859176,-4.871619630001327,-9.042209846445605,6.497948198447205,7.862373453110763,-1.605057237258142,-1.584531762980196,-8.991610711454229,3.592173041354661,-0.667561541396511,4.215424381070408,8.920849673975873,7.252479612705962,5.706696602696139,0.816348510983119,-5.570430855850750,8.522291905083907,-3.896792646186979,-7.627514624499916,3.419030976839551,2.479621399930782,9.746638989089217,8.789539199074344,9.372568228033504,4.665937808450929,3.547782031854947,3.636662939826333,4.137353816069274,5.355863731149380,-8.244248553378553
-0.463462810372262,4.673005286637075,4.547845392473207,-5.865926208006105,-6.508679004075873,0.439004070364035,-9.494123511317207,8.577865928714793,4.564180213712090,1.554434676328949,-9.577443493399651,-3.109082386631156,-3.369424858503032,-3.531755183444316,4.285496903078771,-7.834625175695278,1.004184981891875,-2.173035760816955,9.683077621864928,-9.703025807297809,0.170920987857716,2.378294972233467,2.486628675779667,3.989463986480787,-3.802771015002793,-5.789795148243099,0.294282261407714,0.872845332003958,3.909759671439815,3.769712354217338,-3.192085307512739,-8.608512301937703,-5.924151933345714,-3.558146558980695,-3.410214865208399,9.887539241589316,7.176529903153131,-4.949873641906539,3.904980338455463,6.521547952443392,5.669032616141541,-2.720746245759338,-5.916947979829739,2.512154586368231,7.637981811322362,0.050767421124538,-3.201400482389516,-0.562699145830493,-1.878132714056079,-2.194306510220379,-3.558192769681591,7.480611025840279,-3.674751209645642,-4.202669805986590,-2.631405614042652,8.379991307867400,8.036364734266577,-9.632356793379415,7.431374321816978,-9.579597915862996,-3.406412869196906,-0.879605879780218,-4.118467588817079,0.053209047364408,-7.048888487682765,-9.181362424154072,-0.942653871026184,-9.789741278120347,-1.121169907115240,5.137498708721244,-8.726720921105148,7.597322735212469,1.591172513614719,-1.616578053260616,-6.890059756668647,7.142484996651511,-9.538309329350161,1.898784643734079,-9.186135445724300,0.670966057810640,1.232264880002937,9.565144318466615,2.382214026827608,-1.763225766970322,9.580739573225731,8.047068358616478,-2.036734689379203,0.102445385019186,-6.001090826439343,-4.490890349070124,1.311789726345914,-6.803485354376193,-2.570902059552001,0.545825355895442,-7.436622590712774,3.043421441267775,9.171253052123390,-4.911089965786484,9.210655486853209,-5.174091076526983,1.998001672043657,-6.451895800437793,8.436786661634390,5.618070183080983,3.924731110484295,4.041615688976687,7.952622310185056,-2.903963511468890,-1.980674120726784,4.568582450886520,-8.770270761086419,-5.643665229695392,-3.517947954448903,-7.298394517475668,-3.753947652860607,-4.256056618858207,-6.887694942562009,-0.188345924800942,-6.832077972697617,-3.850993117495389,-3.709277578015058,5.081230043786674,-1.009761311638384,-7.107428479958930,3.290482335093138
4.767362279005267,-9.173378500608981,-9.150418097334578,-8.634819556754692,7.008353483264465,4.663461001640059,-7.996871053671633,4.742901920920474,4.814874920856450,5.218014395010890,-7.199018815172995,-1.189757089416721,5.429748389980396,-0.741096633038424,1.709514018194136,-0.908016188677507,-5.008670657423258,5.671114619388941,3.706499172050428,6.907298715914948,7.426819646078112,-2.259217230324131,-1.147966173570634,-0.134388736830225,6.531223400910392,-7.484285203278962,3.937516732901734,-7.354121277449684,-3.129074116451116,5.865582373145394,-3.835436481993801,4.878063399277774,-2.498437488389422,-4.096267615825226,-0.341157953348919,-2.009474430676283,1.641943684934262,9.296425555059002,-5.259454302527315,3.363940097790604,8.235353519963184,-8.348484444040274,-7.297248272135038,7.935660472642986,-4.947264021855027,-2.487473915107728,-6.124263078516581,1.584090190817793,-0.963399402891703,-9.035783067334961,-3.212405032335393,-1.541629053529572,-1.414927716104806,0.662960374962125,-5.478975831254049,-8.701184797607358,9.058037306400024,6.794228489066267,8.548302655145772,-4.277330043950287,-3.640075612702447,8.977930773232107,0.183455184867993,-0.643553226473228,-6.407595180319046,-7.519197721743501,0.298022207528314,1.458112839527878,1.039249023377051,0.747141710287467,3.174872755275516,-2.388053135717401,9.150008053974481,6.078420399715636,-5.372745904007614,-3.155011905407797,-0.208199984918991,4.684086515984776,-1.994102524080944,0.786906445045821,-1.664383916682176,5.599215787800375,3.482167669254526,2.405241114328478,2.494518014234057,9.911760294400523,3.093013758427565,9.025823972799518,-7.155887734183473,8.568166620074528,9.355706443491748,-6.402874800546674,3.177567599728855,-2.724873079076911,-3.595426523758167,9.558544931095099,5.091008790211296,-0.626449504059561,6.261614770999945,7.186803827222271,-4.106940800833121,-5.207771786792570,-5.175595223153381,-7.051427837923976,8.123669801030953,-5.336154686558780,-9.542031339500948,-3.118017164776068,2.851649764658639,7.654725797702021,2.098182544001343,8.692109739410402,1.593998450754363,-7.145852098373807,8.374666581804949,-9.485664339434940,-1.282522622780590,7.561315425093554,-4.942151462411291,2.526724198032566,1.486905680300278,6.777948997782797,-5.095166641218228,2.923539693880993,-4.134004365081139
7.806271943252320,2.714823307589123,-0.055088676115492,2.962825016972870,-1.504877024668488,4.269443981501780,8.747485680728317,-9.721307652480879,-9.883025069679503,7.582342605526904,2.632436484662801,3.646775499148573,-7.890259058826679,4.430677210642900,-7.231377749459140,-1.476209885566465,2.880714338488758,4.623153420147595,-5.571209105148231,4.270072635984549,-7.712917374656749,2.199321413653109,-7.636987939873949,-3.289130642552411,7.797627902320119,-6.307270065121637,-8.295478764431110,-8.878835607172634,1.262150230955095,-7.874094979081758,-3.334752424280327,-2.192172063852880,9.247885575433827,-7.712803610829384,8.404057095044333,-3.214920980723339,7.735781196740884,-2.549431007450198,3.105177043368988,-6.654306516511015,-2.296304109185668,9.454312704677118,-8.216821890517656,-3.286134914551426,1.753906948677100,-7.340774511005792,0.101888493011003,-8.238247263299389,1.717403623580902,-3.564305221899722,6.698602327137550,-5.794860861081328,3.402277161911611,1.142284993906589,4.263396075389654,5.513536370624264,4.343904848152508,2.197939098886879,-6.163134539438428,5.655179408507236,5.915591370680570,-4.574527246717331,5.178314929056341,-9.765329507645731,-2.899297093205606,-3.971545851561644,5.007407031206535,9.319762823117312,-9.988564228936971,0.525912979503730,-9.746251797553015,-3.409005659195867,-8.365521529525799,4.999340906211899,6.538096643440120,2.836464972215262,9.297560101125509,6.722691776057875,-6.757216565293653,1.420542492703486,-6.415592236135568,-7.899412524112601,6.182575752469447,-0.217645566645041,8.078873860815726,6.254019007942631,9.079822171236923,-6.443554502136730,-1.481257113414216,3.457017790750854,-9.409919227518850,-8.483270689473095,6.026539860176459,4.092591923238979,-1.953967599810632,-3.841503726145207,-1.387904926338294,7.431618660270004,-8.907736617923131,5.357298448499904,-3.606906412920930,-7.332294697682331,7.503738439523453,0.017924936409042,3.058025778950039,-7.857490424673628,8.892700801353374,0.080769521787420,0.206941595224436,9.188240604749829,-7.709393490914877,4.395779834602738,-4.500946735407821,2.384395166542557,0.563790212461697,-5.228550126696296,-6.181131298458280,0.100779862051786,3.461105025372364,6.298011250143063,-5.372058009107469,3.249800935776694,8.015761309945511,-5.677109565951081,2.165530024479969
-8.822677552592141,2.255268327380959,9.190430980524830,-9.171106393857922,-2.967734213963866,-6.817553052424151,6.558002611930313,-6.705740980388144,-4.068391145537083,-9.735923699121896,7.854360448137214,-1.511628109889003,0.006628708034031,-2.477095970875749,2.090459797082742,-0.189926097537969,-8.861233388899791,-7.887570356249212,1.420143122027945,-1.305913355001682,1.487910405132366,4.287723846528264,-5.169891079801840,-7.432945488182026,1.443239869090775,-8.806140276982457,-4.221409209391460,-3.954050567518836,-8.443026016969018,-5.934821996483191,4.656246410386281,9.505600095856504,0.877615837456116,-0.787981307813972,-7.239480316766203,6.714939877111984,-0.886490206258500,0.265835502411868,-7.131527170687358,0.377894598677067,9.610480769842017,-1.090526514183898,-5.072105563482257,-4.503801398191962,-1.574569433716135,1.972124599906973,6.511998144242462,-2.014028481228090,1.841882728542574,0.291450443585555,-8.618789626664773,-9.599028489228621,-3.759275725336262,4.722483111210838,5.917905032600331,-3.332155984039655,-2.738579626964959,7.355534033839881,8.727378119966126,7.980176172952863,-1.909627784385739,0.717665474388038,2.446593628770293,8.661501177187208,-0.743184553623689,3.300604926447082,-9.046641571881233,-5.900787977819826,-0.503382897926414,-2.165227351636656,4.041241930077764,-1.215594311047319,1.948698170475076,-7.475782706154355,-0.970801393364125,2.346218941390951,8.340669086107539,4.841132929980887,5.076196151951626,5.022693094146028,9.034200516248980,-1.763759896548665,5.162936065329301,0.028946649748187,1.726933677094973,-3.387537302506354,3.452367857345441,-5.296367616818052,3.449186900285856,9.861985029880845,9.761901426245569,-6.897737507870973,-9.751290877197347,-7.369654883188154,-5.696216492305965,-0.154426648871866,9.688429665293860,-0.218635303030082,8.403591463794150,9.294521232005348,5.294249561117827,-9.926348277542560,3.744190200709498,-6.424186821664975,-4.942929589079768,-6.374513026924413,2.079494632979548,-9.050593890393133,-8.894139307032642,2.995580026699150,6.030749422429317,-8.458706921342625,-6.725767764323940,6.936333664946794,-0.507868312185050,-3.886468967217991,4.736594877120798,7.281666246720238,-8.235319840267952,0.107177636946760,1.736853446036928,1.781275039543722,-3.975378007729999,3.184868005633479,2.322433626083420
-3.355130338906667,2.312368211035341,0.171829811337165,-0.542349178646473,-7.330015604503128,-5.443791015078585,-2.552743230899606,-7.585643212788888,-0.365413360188079,-5.856563040794514,2.712390569036863,-7.452353453357361,-5.588689622094451,-8.707246396791037,0.642131070286245,4.126449076702521,6.305650375767502,-4.365691769482147,0.745694433398205,7.134283838529672,-2.077485418627429,1.688699857570764,1.400532402731447,3.504581620452267,6.337282730661823,-4.271325353093019,-8.876816740845275,-8.362547938072016,6.796274953266575,-2.249044260989774,5.611516479964651,-1.415329285542526,6.494700544402331,-5.013210702269375,7.112928907666898,6.638559127046989,-8.661861468557850,9.846742009195545,0.170699051314273,-5.089759303755903,-7.406645360542838,8.788100508151196,6.184668777257031,-9.300463164562165,-8.245891789833655,0.239238267211146,-0.822068379110004,1.987467442457964,7.238007191803021,0.945591294394216,-7.524223461462896,6.009992856107299,-3.090070107665723,0.510402722780491,5.205387552149679,-4.800115482449536,-0.397266798020503,-6.545165473708002,0.104514339197756,-6.435447121268338,0.175880429415336,1.074356758828486,2.790972381537657,8.774717773849247,-8.204089966143266,-7.266579216598286,-9.016492201251145,8.401524304599764,9.225806144037008,3.838647654553291,-4.623149121509112,-3.587503359347193,2.540971983485489,-5.533271850794808,7.961421775046411,9.655987653903694,-1.495288661761778,-3.642719839849143,-1.522744923845615,-4.198332458089000,9.745096618738522,5.089410255827412,6.227841008280063,6.854426717884404,-8.885868466319948,-1.843514352823039,-9.978407206132987,-9.074517450339155,-9.261397570815330,-5.021150260744818,0.347713118600366,-0.519785013620790,6.829138578276147,-4.523813236321280,-7.569311929145293,-0.007491719695913,-0.626632987794418,6.695393782794131,-2.405628125139430,-3.995741414816236,-0.307922642140490,9.922761355177904,-2.248553616660072,-5.145198844542156,2.112990073560681,1.572801635087139,7.684199910337398,-0.384226539201896,-9.528011409278186,9.900033707317434,2.238665842545483,2.901687058549056,5.782982176657928,-1.144128575355477,9.221680927806965,2.110997163106717,2.116352923678864,8.549735573982421,3.265285036045773,4.154137915751100,3.137074055837878,7.344491819670921,3.368868518396440,1.766587215568229,0.604817096366661
-3.637784838917069,-5.245684319036794,7.273098367179937,6.655208443456765,-1.471496971838416,2.110436878012960,3.585088098844253,-5.138547940246698,3.904974977240808,-8.169120276324666,5.660107547158855,-1.010080541283696,-2.349540261478433,0.206126333325358,8.609004458043927,2.784378664594191,-3.118571231594458,-1.116723369281038,3.621214378262678,-8.671225562686253,0.980013303473410,6.183156761175951,-4.831809541150298,-7.466871644181523,1.335151756220263,-2.465738522996903,4.318504695726819,7.188622395952283,5.442279336911099,-7.297073239658866,4.874271107657863,4.307687808562498,-4.582903517171246,7.576465763594225,9.760149758306568,-5.336611060743895,6.745166639070490,8.472774516636612,-0.211067995445633,9.986503320054855,-2.386555827244270,-8.790052855482882,4.060115486720573,-8.290876102733918,4.933651690257596,9.831838972278270,-8.721083009522157,-1.179625531030844,9.176778467440563,-7.431013422714992,5.927508976171739,3.758305809422634,3.447431053274226,-5.413369857784556,5.210456618549340,-9.487168227207022,-4.684987517680783,-3.271322028103834,-3.510465362748494,7.746285504251567,8.430625302767666,-8.795115803486745,-8.129534226077222,8.736733635466752,7.257658093446697,7.642566143952291,7.074592345255009,0.432433652749191,9.057772524613256,-5.695861820507570,8.739854522832523,2.340056364294892,-8.338587501094336,-7.217430887277692,-7.134032407648395,-4.076019168324985,-6.570883930791882,-0.633495083920661,2.415650749600630,-4.705405677153303,-7.071709699839008,7.020154480556869,4.634487622810814,-8.351709726371073,-8.473483715970062,-0.222013242607424,-5.955353736381898,6.350410963872434,9.389153877473163,-5.995080899669283,8.657100609602523,-4.663580972813703,5.472749040205914,-3.707261453050887,-1.376598503447017,-5.752608871232749,6.533803974276228,-2.700117532491833,-3.208204293314671,3.114122444426632,1.485454337142651,-7.056106857379294,6.733898705174280,-8.457718619145576,-7.195620958709251,9.110330584509391,9.503348604166199,9.904449814776839,4.538411530147100,-7.343063973808047,-9.356910099205829,-4.865538924734071,-0.677638614265605,-7.828034752290229,-2.509086802670886,-7.042160162593396,-7.093290752197441,-2.935064548342663,5.872443101284080,8.316462513439692,9.249318292534770,-4.067952307834157,0.754584609607541,3.309012119176613,2.990707933564158
4.645119695623306,-7.161280135593742,8.267863105703054,-1.060817866648522,5.732895547664347,-8.729697361995633,-5.934511069833819,2.063457352877236,-7.252351911763110,-5.475848501904689,-7.813647274189995,8.822786670003460,-6.815604834408995,8.915408858733631,-5.711651088229219,-9.897646561744844,-4.137293376353131,8.903473759228021,-2.606155887094308,0.196095475490324,-2.002496572786885,2.621240471569342,-3.465611694547992,-6.487433447912625,3.833403916977998,-1.011901574388743,-8.880753452772014,-8.929807279017508,9.360917975295063,7.491930670424537,-1.000896439665482,0.632962605708274,-4.424002079997919,9.636560915569557,3.027464649534712,-6.942780673305209,-3.861039783945348,2.490985380284666,-9.586433361637901,-7.859674580072873,-7.675845920543177,2.009819095023587,6.873415326516309,-3.498116065753689,0.955159246962587,1.186368592857487,3.301006432841847,3.676005604288321,-1.904804905522003,9.874213521963476,-1.449151761271539,0.548669303452645,8.223400831654935,-9.608053803800985,-7.163748636954985,5.595157805401836,9.347552485955301,-9.260236937096430,-3.967883712787410,4.233419409148997,7.947951641275147,-3.956108947128214,4.891872679883678,2.186959223413286,-5.302740123556862,-0.176790731963038,-3.718909812482560,6.462293262816615,7.760834248318616,3.834619168005695,0.962312742116080,8.000859165920694,-8.423202104122190,-7.325342074805475,3.790160080078714,7.562066609745944,-6.372466530879635,3.196250828063310,4.734858013107115,4.728317206070249,-6.158249700067378,7.742650890488989,7.972437954205397,-2.431609829703349,4.874891329264642,5.918216026297108,4.614029300673170,1.494510455746248,7.730061388988375,9.027461954971571,-2.010822510063679,7.047738039135005,-4.398710638546075,3.893290984304187,0.425801397409479,5.641618909932010,9.133228268161094,7.277962787714078,1.046215245443332,-7.576069424981124,4.644512881570806,4.598128437753797,-2.554527256027681,-2.704946401332236,-7.620192438220192,9.336291932231724,6.131686585947740,8.159306484504569,-6.792791425244610,-8.634319341643792,9.629224238992471,3.557149566627853,-4.678230206991891,4.427873642063737,-3.341658800076925,0.170930043760887,-3.689445740828834,8.537138986701429,7.679348742675355,3.989625200113680,-7.548799521248513,-7.295754514759844,5.624993059871244,4.125162061893825,3.969765078882695
-6.667225060949917,-2.803492619548300,3.700201199331655,6.898874064306014,9.442674152972252,-5.342507690358877,3.352755908048803,8.730297003803322,2.442788829264552,7.680568170825985,-2.741166769662266,-1.151312182780909,-7.778632760608415,-0.101688244057474,9.926521106836962,4.682899433795676,1.049582246407411,5.680944799133364,-1.729411635302391,2.209171901757900,-3.543252968635404,-6.784454435694355,4.194848035316838,-5.798164677384783,-2.502344701424235,-7.693820370708537,-1.328223663398674,-2.739140363336148,-3.113262788258602,-4.615145369677660,4.438422961736610,4.455094237883234,2.333238407936038,4.686764754220365,-3.420814342385952,-8.437578185704393,-1.704873132720353,-0.539167479832924,6.455711359704544,-7.010715104560441,3.141804212594767,6.284189147198560,-6.094799258202917,3.716492148135028,0.187099675819194,-2.613121071216053,9.962421180309111,-0.013734874186111,3.997353459613684,3.145491894345975,-6.752898963871086,-8.947856411919094,6.314950984522799,3.083600617205207,-2.602650412937056,2.819924181841419,-1.955796106059424,-3.685057583238869,-6.762313396016138,-8.690886851453389,-6.373566612090391,3.589346055623036,-2.553967642623334,-6.013890581046944,9.025435418917130,1.899742192333028,9.452118436334217,7.240404721162463,5.003597783554980,7.163242804024982,8.730428687782773,5.599209149240901,-3.795204412538553,-5.250962054395858,-1.126622129339037,-9.752311123603315,-9.086348941597922,5.354136667260507,6.873140409486801,-2.828517084529832,7.314461681975818,4.516364463317711,7.438008055892126,-5.291367951056342,3.190869142959933,-5.726869609377401,-5.583283942476013,-6.489568708550317,0.126367199950243,-2.634874712604693,-1.832435718807714,5.681301100827101,3.385419114299070,-5.426586430496904,3.220311261892061,-8.893111495555546,9.151497894415247,-0.730444692548733,-9.263136245677355,5.946566469444834,9.058125032732459,7.968922686808291,7.750584838810024,8.101498246851587,-7.064003196399158,8.107057208598981,7.084828635557358,4.377505349785071,0.512626723299700,-9.267690269081797,-4.449106752820353,-8.664328113685187,-2.030365925145345,-6.539866410916986,0.304094817433473,-7.042647913181519,-1.126171792494572,-1.332629942249032,4.183557763397022,4.067005357271217,-6.103007213702954,-6.471720313973135,-7.405405524994444,6.372060318386936,-4.549973274162351
1.267564282482914,3.243127585435371,-1.437914928973727,-3.292540972049389,5.073068783580748,-6.015371180813616,1.027502674329368,-8.046567657817825,-5.093638944877830,8.571992068985040,-9.548925811032074,-5.278384415180510,-4.841876260585051,6.885520903852964,-6.626926317236725,-1.112856013489811,-0.278982164225477,-3.100747913449795,8.040202505630756,-8.811825765512154,6.921502745960485,-7.916092038447056,-2.808737275572916,7.811804492934890,8.194610469279489,-3.765406887364964,-2.394480974436894,7.831614079109478,0.872522410842020,5.561304594624232,4.969510366395323,3.855069106261059,5.324560839328434,5.010888655078329,-6.395868609097485,-9.658187787275917,-3.150972532919589,-2.258004924611415,-8.547779399539976,9.883959436509077,8.824769990814399,5.728438895352578,5.397678052979352,-3.869425605281760,8.183753536973299,-7.649043039178387,-4.118292836025028,5.699266526409161,-5.682682390235443,0.099722348143359,-3.245658334483816,1.552323937637050,4.082501103768015,1.433899740016813,-6.976233056015300,3.267236298792529,9.320679073992075,1.914830705107819,9.411602436861315,-7.476418059062143,-0.810494946465345,-0.002312658467591,4.281135518299369,-5.118423008411814,-0.160372228729010,4.194108388524826,-4.214342011271497,-8.701289291099810,-5.203815585037395,-7.736535782181562,7.384284299944532,-1.797045441285324,-5.665151114927223,9.918459253224711,1.961834962479861,-5.414183758084848,-9.436939654724355,-5.530304907816063,-8.953750282077543,6.391171901523592,-4.983728465805894,9.589602600026204,-6.206592273026866,-6.061370357282049,-7.453003373772249,4.014326971913807,6.438111315773568,7.806445036728448,0.770568206966267,2.697715387306481,2.964548843736187,-3.038698265856159,-8.729458471275057,2.493409894595837,2.350148232841750,6.275883328501628,1.810173398327050,0.168877910615972,2.684474978813629,-2.966651954657991,8.702980093514036,-1.448817410936691,-4.236428904735511,5.425973355709495,-9.995430787905786,-1.734433251667376,-9.731496624173717,-2.694776275443667,-4.204632842463845,-9.872153829979926,7.747590851334365,7.343617034065666,4.260094672539875,-2.177629301102142,4.879368243130280,-3.838598243244203,1.108266598913179,5.108785130338765,-6.825821924169329,-4.937284253919715,7.970854173263444,-4.821114218533522,7.631548845086360,1.355201883143176,-4.876012339608426
-1.237250026134319,-0.582216139829246,8.998441672270722,-1.947930599462842,2.631237590609416,-3.381664673580778,9.826310625733939,-3.151727054535971,-0.401317252441443,4.080993164593650,-4.583434271494353,7.151297831960669,7.886149762034854,9.501406345965684,1.810724390281024,-3.988947282710726,-3.465018020225353,6.919860682012661,-9.421951418365797,2.221531001878319,5.932983735412931,-3.274346227687650,6.453373379319164,-9.992438105545141,-3.445055024106813,4.309747564404669,-1.452380002126915,-1.007504093616374,-7.156814044265730,-0.020534702211668,3.223077001175715,-4.763466831587957,-2.377300043152570,3.245418991906304,-4.525081556036568,5.249286386285215,-3.642044111626371,8.936556312714586,-8.656215379866135,1.839427289655616,-3.140155772367013,8.611298316446423,5.701521220538979,2.764512275072470,1.149145964735258,3.698248873782568,-8.436092505884034,9.626675072732272,4.384251345278585,-3.905644370988915,-6.333181902549876,-6.394722724197896,1.720136367679343,-7.194771903884072,3.334805243412882,0.927073144525991,7.257518624827156,6.711307170845291,1.049624512801577,3.202376925531400,-2.495744041131800,1.924407697051326,-8.135373985243566,-0.927321026495687,5.271117529280311,-4.046514800841505,-1.419955178041343,-6.387204276601333,-5.652644799157532,-9.073581495864374,2.900955975845353,9.768208114138822,-0.304500073933237,-8.123663007038077,-9.198390723162614,-4.332514142110789,4.621246445281987,0.037708722834516,3.441520759738149,-6.713935266500785,6.918537735345346,-6.038131212884408,-6.149233240950915,-8.504218713247278,-3.353532164236994,-8.249324761235750,-8.472553938418439,8.401705651404697,-4.513351640813510,-5.784900829994973,-3.725408057852060,-8.279085222427394,7.544773705102045,9.976311836069868,7.898074481323064,3.927611026449364,-0.621961549622521,1.547050594591708,-1.198180033385674,-1.642280396604059,-0.465854947873570,-6.841921061706917,6.914963913426252,-0.921521194710017,-5.478412658149335,-4.684021877652533,2.920009198728630,0.526337656298745,8.893386934928142,-5.266251380632038,-4.886080936225867,5.337930626186209,8.065884782439593,7.121492239835643,-8.000406821751973,3.783734585998531,-1.299429648991254,9.786031516036513,7.687306648274685,8.999564287702032,-7.817742027861265,8.001554674903495,1.557412598898996,4.895348963878627,-4.809729786835309
8.565139735808497,-9.312481468266583,0.650444639717008,-4.818946263724482,-1.605553071330066,0.217452957613624,0.327421616860233,-9.950189665644187,4.372731048813145,2.191939123112190,4.000743719793537,-4.415636205400617,-6.375159315734306,5.698061794382012,-5.015728123399946,7.047935236469872,7.941967463921891,-5.595479335421318,-9.692735532748561,2.016273730142771,0.673679562780352,5.512075947563154,-2.806286324120277,-0.885715857953018,5.117096490637925,-7.020404105507887,-3.000577602774062,0.117627013487905,7.550488961864204,-2.564567640727404,-3.796830737253902,-8.869501093057988,-1.588236362576556,-5.959456709647799,-8.125283809748122,5.971322070993148,-8.223568580852954,7.711330130963713,-7.348380820372924,-9.480463695781904,-4.806297811921116,4.918250399383592,-9.427690096464840,5.876076019980152,-2.584152904484225,-4.326518992925248,5.605105381684162,-6.245302953635439,-2.901252339313116,5.632796489146843,-9.720823865943780,-5.756021226633578,0.267800659613158,-9.333782495492526,2.392162981252405,8.744442046397026,-7.813106888687143,5.011901165378511,9.844112585554676,-5.490989255864385,-6.379620879859758,-8.119119051067853,-1.362243573470412,-2.958740149793268,3.588924397875665,-7.510410790058168,2.976375326078792,-6.663158822885908,5.122766835290491,-1.622413899128624,4.942611750449119,-4.506705464289082,7.629101908066723,-9.014421351339145,-9.437727493074332,0.541909733318731,5.464810477939650,-4.226503306651431,-0.163095147807610,-3.682650034536151,-6.196390386581257,9.014772206456080,0.202993328851605,-7.354391531189899,-0.827990655746087,2.880134587567657,-0.794997679351596,6.074484777749532,-0.649400373953885,-1.720574423335696,-0.091519370266882,-7.234244198448954,-1.569062674142474,8.060134148996283,-5.579413064338219,-8.798012069905186,-5.403409537194639,-7.334358531028999,-3.660720019375006,-4.185312040800770,-3.157283955698618,-9.955072039979822,-8.352651685891564,-3.087674057692955,4.953196461539690,-5.441759552499754,-7.188976193255352,0.137040106767106,5.824748931282841,-2.618858878817694,-9.756771504882067,8.741620007443743,8.104898436972835,-2.499498235797642,8.415871393830248,7.512808515341568,-9.480233672997295,1.688202886383745,-3.944319400366291,-5.315389446706583,-6.701712382697441,-3.967208016798544,-5.419653176262955,9.046915157570638,-9.433458770961995
4.557612480434521,6.274924846654763,-9.262335168810427,-2.643827322761410,1.701005583756942,7.754762074138721,9.668516676331734,2.417177202502444,8.318534074290437,9.281707889256992,6.262347070412286,-5.452895358418095,-5.641666572643254,-0.218825339446635,3.739748023739256,-5.720150624181635,-8.896932531843158,1.867384292909284,-0.015572537720182,-0.775337567189485,-2.430234232842945,7.908153057455380,-7.526305372274518,-8.732577163188074,-2.037999177691687,-2.165194790342840,-1.378141773443238,2.828210323108419,8.541147582787879,-6.595551850731551,-2.552446639369848,4.478450786737380,3.481296440710803,-3.131873006166892,5.188094839390027,1.450647737943935,-4.751767497011450,-1.846163099661931,3.796086669770615,-8.274084479866170,7.951294919335655,0.337214621147696,8.870373511899466,-3.495543507783596,-7.978283171483933,-7.905998976418966,0.047179548712247,1.471697348108838,4.279771520872895,-5.150116946903887,5.195470743803556,-2.143489253908221,-1.042554380292028,-4.363371843812653,4.665565118080613,0.338179867025357,8.507842391914956,-3.553918915724863,-1.839163582517804,4.392216017842843,-9.475980931343202,-2.908346489255056,6.645971878723028,-4.140389004141635,-4.416462734481659,9.375292535947843,-2.696385360905134,9.830231533542790,-4.104993098144663,0.471538667092833,-7.972345298713803,-7.630048485399521,6.076082298119083,-1.083311632827987,-4.962345071751654,-5.371083426584013,-8.352783097142602,4.715856369290407,8.938662928021440,6.713077719293430,-5.944112038430267,7.872384385871719,-3.350832997381492,4.461972215395640,-2.440234147226901,5.554004968265300,1.532140151830623,2.253031217307900,7.107507392086916,-8.359539829078571,-7.452997596595861,5.911209174161190,1.693515588406234,1.072505473631214,1.836448034778428,0.160528542808906,0.425954075346951,-6.599989992147224,1.854366949447620,-1.551391039976572,-3.538454876917934,8.920526419130233,8.442132927044465,-8.241794639955820,6.139975177253906,-4.311364626757079,4.834292086933356,-6.138162428482956,0.669783884802841,-2.346519703229111,-5.921491570268723,7.448152594937316,-9.542977490233222,-4.590958564227330,9.070925850326876,-0.091991589756743,-2.398740744959030,9.504844615668095,3.738843645478958,-1.004828483924069,-7.450567639002388,9.199507808552269,-1.783315709197460,2.558545797053824,-6.642394628254527
7.819040856049220,1.657610525307041,5.494172497609920,-5.455070870476173,-0.493589229317077,-8.460905875720723,-2.509285360254712,-9.605502527731151,4.367870805185699,-1.399175911977215,-4.591927084847651,-6.684128280008927,9.917300840372086,3.521512317110307,1.068619775146757,8.091943716844494,-2.304859013859781,-2.831302721853817,3.335145076237303,-9.028102259667360,-3.545013456468982,1.938827854833452,4.223324364879090,-5.988125449759352,3.447709401159543,1.621653456763667,0.550800490363230,8.815885492054971,-2.559633023768186,1.143910793814086,4.110051609095784,0.612050331684822,3.419609790413020,-5.167239682543030,-7.073802798708257,7.145525524948869,-4.607105911915177,0.794286735733515,-4.097116456640113,-5.722002826987733,-4.949822924828160,-8.353493250515170,-8.572778951459865,-8.470052787587591,9.874785994462481,-1.811185543737624,-5.912696185239296,2.842080453380193,-2.031209847951110,-3.947743293743824,-2.913008956293261,-4.538810902940438,0.372185790196124,-5.489997090572363,-5.190274542527947,9.923744075664843,3.848267930091247,7.184433616705551,-2.354239675128287,-6.237974661846090,-6.194793929844817,5.726339338771457,9.318408262494195,5.667214091843176,-9.997238980549483,2.250656220097667,-3.986461504052111,-4.607870433852690,4.437217711270307,4.485873000328034,3.560353807554229,-4.352644736899802,-0.654245333865230,-9.440842871543715,-6.659028319643614,-1.239152830656550,-1.523154766754741,-3.094459957054358,-2.749733002126334,3.191189656808014,-8.640777274595006,7.469702482027369,8.597682286428721,-2.666785661603028,-0.666190324936375,-3.276867850742766,6.821285415820075,0.646056635521733,9.812038009396048,-9.205298946967115,9.496803019232175,-1.821886865803430,-7.393553565837207,-6.732288603350765,5.119046396405656,1.595753889593787,-0.403836979870826,-9.793809276197171,6.736908902879001,3.057162413241816,9.447707162177682,-8.787062696541238,3.226184722466352,4.057583359892075,-4.433186822379762,-1.409792610730920,-3.947573764376122,-7.784561458977580,-2.140436331674920,-0.385661845218442,4.446279925592195,9.924710262623329,-3.356671904128201,-4.971125892865822,-4.853657313924787,-6.068731097501865,-7.557096494157147,-1.697661526050140,5.931942565844274,8.685232358835549,-2.214262862346786,-4.641896160005599,8.434631378922607,-3.379518027148909,-1.420660536290715
4.096427112244918,-2.543197410073585,-0.117861647407324,-6.518583052518530,2.416388159692946,-9.017850043706696,0.251500679545668,-1.445125855211529,3.328371146938910,1.238549518314107,-8.581241487169455,-6.438385871639721,4.096460764118222,-6.347209015356572,8.915605993576200,-6.707620156358651,-6.949632934365444,-3.618888097898552,0.922695784043476,1.817801369982899,-3.800022899614071,4.174687483596520,-8.591383893038770,-2.965381612457339,1.788653673160066,-4.354029839474098,-5.178652202398903,8.870090681247451,3.650242115893825,-1.617411767254024,-3.237028613715546,-2.519806865370271,-7.127225862863947,0.551895632799329,8.159897168004203,-1.577206902430060,7.058288890528218,7.037588358160004,4.653881432198801,0.810982252125825,-4.991440472703365,9.965783288934823,5.808505087118970,3.222576944840048,0.663736862516311,-9.221110024955834,8.025366169567750,-8.309598395642430,3.219331275031625,3.157173797062411,-8.983592992447527,5.940288570442062,-7.932884673381897,2.904808810267575,1.391667031957253,-8.707307848582344,-1.106811603933320,1.314279367594562,-7.033529877834670,-0.974809395474832,7.327641089712092,-8.614743465415692,-3.988443575826766,8.739779580474213,7.410558587318487,-0.131765172837238,-3.994399092255321,-6.422836784184986,-1.423545222281488,-7.367742235868022,-4.668190755949519,4.276047552855381,5.748037816758458,-1.367767516566582,4.669436978403441,2.813779479619868,8.666710715602363,-4.051805747177413,2.017850389142463,8.789427730955129,0.410060468083003,7.675532352665094,-2.042164546160494,-1.033510021053443,-1.682829224228106,-1.530911326862300,-5.605059322466643,0.641630705381171,-5.455033173464225,3.322221519111404,4.687938104619793,-0.805063151845321,-8.116545490595733,-9.383632985688743,4.370280538860570,6.062675453619988,1.698699378381562,9.287764984707742,-1.935509576945993,2.846216015706016,1.842729016876831,-8.810473832613548,-1.879121577836361,-2.601478122509726,0.058208958948558,-2.897596254932062,-4.788586451677794,-5.495557750854266,-8.890532467114687,8.231727209197626,-4.038966992010709,0.624014277122800,-4.959397945920571,8.599528682250678,9.900857126619115,-1.850450314555189,-0.888026830558717,0.542621932174681,-4.520629429688174,-3.886361906107386,8.438362193877051,-5.788935010266356,3.837365100684252,4.873530202392073,-9.629589560044653
7.104776860230999,-2.430248475183263,-3.440863346079201,-5.069851339731528,5.092503264659349,-7.640286669480445,7.588791256017096,-4.083068162117740,9.984394571573635,3.653398998744217,3.266093084212226,6.911143718211147,-5.049783774298866,0.208299310051467,4.001471190363201,-4.817463661283119,-9.501376238125934,-5.150034354283946,7.524530949286998,4.460905413149074,-2.880062560672423,-9.483975997230665,-1.418891301705553,7.813769447365150,-9.780142860915335,-4.679097930054182,6.889587173023578,0.083913696635971,3.402119160788860,5.570235209413973,4.303818045430987,0.357528634895841,3.774677706252643,8.501962460257705,-4.172164276586900,-3.680129768054281,-1.836575181344983,6.776917399937382,0.174750306707278,3.623942138234304,-3.084319240087634,3.797180877710975,0.233254190697531,-6.296866940152849,4.347271407936411,-8.019306370281008,0.521936564754171,-0.984794323353373,0.137023239435942,-1.471474276297879,-6.950266316671168,-6.178378108278024,-3.584033105443596,5.522745850828073,-4.875166132911055,0.545547437096200,7.361438669979417,-6.155387106095612,1.813222289768772,3.144611374804445,7.990279339644637,-0.689138373801390,-2.224717677162800,-9.763689678303628,-8.906777865568332,4.641429440395321,0.769624649212791,-0.250147428282252,7.920251149167424,-9.527721649817771,8.126602448140169,-7.609516852926975,-8.384802072627647,0.061906544812933,8.431466109510694,-1.746566477082631,-8.722533612608052,-9.511046845084053,2.743927292749797,-5.003669885317379,2.250577625630793,6.311156994060990,-2.430373493500342,7.388765799157959,-0.633296401251576,5.914503540646587,9.937621249782051,-8.821491957872619,2.474564820869208,6.252716320084733,-1.770254203075242,7.715953936325040,-6.741732019457098,-0.839150780738544,8.532947456603100,-7.402813650552018,6.122277893204203,6.155584352962521,-7.046469301838547,4.592392313771658,-6.898334878745147,2.482195539347050,9.777421698088936,-5.616946242243990,-7.355183093658977,-6.806179396231522,8.828245120910665,3.702414545489088,-2.326508339873135,-6.689132634243049,0.096357081569792,-5.962256869761120,0.206623735550684,-1.127456599983066,-3.468099651433270,7.300704403216653,7.070041241314510,6.122650576027617,1.546827347911142,1.315414743224332,-0.065301017961449,-0.928272450255442,7.562536154986734,6.464421277270635,5.295655360214294
0.448829656552768,8.521659614080519,-4.557244636791260,-8.792117189589039,-5.596745718881602,-1.988712732763053,-7.242361643526634,-8.242242245307745,-0.259722474596288,-8.859031627392229,9.968415656623051,4.212588629237677,-5.394734777338323,-2.155422595393965,-3.931287871098565,9.194918066828450,1.718544121025483,-5.591749443152391,-6.694518229970024,0.238866641710995,3.189753259309951,-5.220280884450228,-7.617528010714631,8.048015170484373,-9.085014530454188,-4.132924240786089,-8.822936235471149,3.408883415283810,2.684437906293407,0.459727807617829,-2.034089218783388,-1.082661666724452,6.606378150926574,1.696211801124900,-9.370793051365906,6.396532039163588,-4.682303971226052,6.982868692347186,0.601542505412043,1.581738900348881,-2.281911143696926,-1.140455777743870,2.796797322454793,-3.749223495954275,-8.244222831411802,7.871456258072634,6.572056365313554,-2.123523556287661,0.083052994508702,4.237446824427453,-8.427434838729235,-9.146663215814749,-9.664646978923493,-2.735060667856515,-3.673070481741583,-1.536479239598803,-5.968322397430297,4.394275297275065,-0.411651907778946,-1.284644342099220,-0.668201887446164,1.467420536824882,-3.680392824609562,-9.876563931508134,-9.798456185206172,2.359259568646008,6.480051397521716,-1.158768692078995,8.772652413860705,-1.703513267820924,-7.788177888005999,-8.960786917266878,1.494946691658122,-5.771839417050666,-0.209400118582479,4.816346303826641,-0.358982979417712,-7.733063819099939,-9.009645593111157,2.086538335161789,-3.599889235018281,2.785153866467143,-7.459245245996636,-0.874501047427010,1.988130987001608,6.339747632188072,-1.135619264125731,8.860072774206738,4.401587903171853,-1.935050434130961,8.554741785992032,-4.256873903440344,-7.966238019049701,2.368486467364001,9.751214012458181,-1.144588453833222,-2.597482355387040,-1.059478604761448,-6.574014598525029,9.786775473096476,-4.107440777606170,-6.825935425983392,-1.578459096603194,4.797893451181910,-4.150424110663580,2.815015774377635,2.011701885698763,0.965273002783764,1.923211963246231,7.625129267894447,-6.290672507504141,-5.858323037874202,-7.542967892861667,-8.122272999526086,1.219628806940683,-5.380978178134339,-5.842682955795904,-1.692330961670834,-9.360700415223189,8.974984793864238,8.486040254867188,-9.619599908672301,0.074580818422287,-8.327350438025256,-5.490125432888804
8.162041809797035,6.587652222907195,3.382265223743923,-0.750705104049540,-5.189542543787542,8.786999961619138,-0.008857587711546,-2.001284570348445,-7.161201943382583,-2.738188863583773,6.326204917789934,6.766091400613092,-9.447178942021232,-5.242717360019322,-2.394255359318436,8.496170772169439,1.475695998533373,0.276627489508774,1.929217585104531,-8.375661577473521,5.116776269712357,2.949745774874019,-9.780232199201562,-9.071149128577007,-4.303429468276092,9.370400859118412,4.569582035006103,-6.897914570812683,7.982566362986429,-0.868408030853058,-1.857932140864914,-1.986292985894867,-7.201664109016255,6.922874552509398,-9.915899975458389,-2.727519049291445,-3.553554134925512,-6.100845600201000,-5.909903672344241,-8.481989270070422,0.543258433216545,-3.688126912390159,0.486365323907144,-7.128252524915448,6.620284154979540,2.251836911808576,-4.008944759708992,6.190749912998111,4.174560500490552,-9.834372251095367,9.226910723212995,-4.525416278108594,7.853827504369363,-3.177775684816783,2.879658871005953,1.737717709914614,1.020360878126310,-5.944789579786615,9.073531825760544,9.261443210798742,9.753340089636684,-5.374075109208718,7.156365646203486,-9.896214559535977,-8.078404021641068,-4.382419010721086,0.877851134087891,-5.411611772017566,-2.503355019796216,7.000724511760865,4.645689500308176,2.710357596421382,-4.176205319655384,-3.991849152262150,8.398587147157755,-9.188662325342307,7.817155730750454,-2.286664119403373,-4.309734998384518,-7.370353877004896,-0.760782232842205,-9.901603389048674,-3.907866883599633,-6.389912084649167,7.367002235073400,5.231831841795518,-4.198570054113535,6.737890008770023,-9.371739996716661,0.127468672189700,8.516371631337321,7.654810528852721,-5.441059665624508,4.810898928071953,7.835162235770454,8.625152779259963,2.799258592253333,-3.070893442081022,-1.854124147329966,2.743695534449364,-5.469548615209834,4.014236279177670,-2.672998376418927,-4.676568096743661,-4.427305498990255,9.204657756256552,4.231448235165248,2.782708598270759,3.304609131793177,-1.916422504907406,3.065026039913146,2.085142733031704,-2.644942378690587,-2.073434971489096,-0.368901810808417,6.538842400532946,-1.700211083528533,8.959875379692445,0.927092820663070,7.748839617714825,-6.279396800673933,-8.864319571928734,1.792263623850358,0.400927797537481,5.547631857756706
-7.765268919567734,8.883421175153398,2.140773551153174,3.521006810910244,7.392895226011515,1.947755898156601,2.964056702516986,-7.951139536208204,6.596433407112507,9.128734376751687,2.599990365370024,5.296696328861337,-8.444303960410881,7.302418260826368,7.263148096763675,-3.420550858285429,-6.592446018939020,3.018947057183979,-2.893127537567429,-3.968586066708905,-7.918889125813175,-5.248561005160582,-7.461061133134876,1.153008521917286,0.331313624452335,4.686743635940394,6.297960387796159,3.107385695646322,-7.942958740999410,-9.800552066916087,-6.304524673929237,-3.405862189196767,-3.824095099194387,-1.442475752519218,-0.740258686096940,7.158080634249831,-8.148183353689722,2.477376259825522,4.096577593315532,-7.502884024905542,-3.265429757189038,-3.420501581574964,8.449609903376121,-9.419256693768585,0.900426991595724,0.714278936623110,9.263496067219947,-9.514116309668751,-7.744100837238619,4.614333989748911,3.703037637355642,4.331334835256262,-9.930658059576196,-4.585130181903607,-6.866581190570638,-9.847686738186423,5.436335960292638,2.413136238059375,-4.225237856645487,5.190423541116271,0.292037303539789,3.038293745859344,-3.660527287644852,-4.542118473056094,3.718557429129612,-6.477931813036739,-0.589110332193890,-2.457884601502531,-7.438814067907613,-8.203971393923727,0.435114630292011,-6.023354498942552,-5.443927830889588,3.115407831775268,3.561944462473424,5.522214445425192,-0.376735876471557,9.007560516386150,8.075592907704621,9.116358935865431,-9.802430645538060,-3.984471002336294,-5.399440171326502,3.349220955398284,-8.737699694050251,-4.970418107098369,9.403699649935014,4.500532843551262,-1.985487810764084,-2.236713605954348,3.160141404010135,-6.948018171838020,8.899893358842519,-9.244753325041364,4.649759268754805,1.616378879991110,-2.389770301848193,4.116741046860513,-9.016370175876071,-5.542989521634059,9.670860952060799,-5.636498982256761,-5.546991623162216,-7.933262725318164,-2.771367744828146,-6.525968458354305,7.387545768225891,-1.140269960529341,7.040682233545439,-5.429395217054389,5.990675850824719,-2.745600179240819,-2.445313212673077,-4.702702491032467,9.524583498249793,9.479082789649354,-6.422433265210139,9.328499281487829,-1.288758166636615,0.355965554808176,9.522584241972272,-2.812947177862188,9.510732765345089,8.845583806422791,3.953042824510755
-6.816482010177909,-5.689551503128172,7.045788400722749,-9.151030507837156,5.667123078883531,-2.587014846560067,9.649432407202941,-9.920891137079957,-9.243779385105174,-2.881806954797311,9.322786176351038,-7.891745492858320,0.397626608610262,4.178552763398624,6.265182884878623,-4.331628842891280,-1.110619513239994,-0.288272851788822,-0.718725297334522,-9.910592171108604,3.859007502479166,-5.937531095572699,-0.730076783744039,-6.844175172901121,6.316049011902191,-7.315617487298880,6.488497771106918,-2.512813726870635,6.617822105162318,9.152807619403688,-2.920931635954642,2.189517134769829,-2.520342989879667,2.910593474436482,-1.199292527728668,8.192021644861470,0.436267938532072,-8.349351196662527,3.553115945294838,6.115424046441117,-4.602476568087274,-3.291669979336806,-0.717901104412483,8.995471650366163,1.550048578290735,7.669496978518872,7.701706976676324,-6.852245070403167,-2.780433721433715,-6.973304326696717,-1.973376239113096,9.219654732722780,6.888655046738027,-3.240813686839057,6.680272818277331,-3.222128505467088,5.250266712271262,3.766942119353283,-6.731212380910940,-3.852266091193997,-9.242131269276081,-4.359755277732551,6.425249993047679,-0.993911803118060,-7.897859968315273,-2.728419024372912,1.685153135899778,-3.889232941245098,-0.152669447513162,-9.846942588920060,-7.883842193145798,4.738101001380837,4.712622995717988,3.602094711143920,2.111559963771974,-9.709201263514135,4.511820263939036,9.070978310524641,8.532703665892434,2.648287087902526,8.437727303416061,-0.234902495369663,-8.868081915081749,7.595729310202511,0.859206487866722,-4.787751734025671,8.119677334131957,5.022244282491251,1.908973396264887,-3.879501156313330,6.194256409901765,-1.095781718660136,7.203609395105552,-1.849604327593603,-1.321857318960753,3.361873855533151,8.075716604926857,8.295842563302855,-3.904910732009908,-3.963950165639220,3.193669760330021,-4.410091101388762,1.388728869388530,-5.775045842460251,8.989440048717103,-6.502602154862016,7.395756046786950,1.780708964127037,-2.226658428825004,0.571135985313781,9.946874487678134,4.479807682550966,2.289342626288519,-1.640359420966531,0.083856098052383,7.441138639757735,8.745513672887245,-9.702126903664317,-7.091069034204289,-1.996038339945896,9.573109250664743,-6.087783700010833,-4.564736778536702,2.853101673748048,-1.485615286538724
-8.607202477461783,-9.182712933083375,7.087884772324170,5.259755326661825,6.451793233540279,-7.666340946317751,-6.895168156363177,-9.083780857906989,8.922002226771575,-9.188936231698296,-2.468113028908443,-7.891650509691330,-0.766393569000661,6.560097480268752,-5.167585932000740,-9.631946184566138,8.555144570035434,-1.033770010075074,2.082636662195682,-1.414526969952250,4.974951963414501,1.701594205726980,-9.407980742706501,7.577866968321345,-8.450536348243190,-1.835062528948093,-8.215077257157475,-0.193852626680549,-9.075115770279783,4.549454707242537,-7.800504584184895,8.969945769703283,3.332005543068735,-8.217599025080538,8.300702205762434,2.701173351948560,-8.967823820564364,9.527394849484057,-1.171262810202885,5.047895334530262,6.317992398665481,9.651761047096311,0.920372811878504,-1.279824810574979,9.261370080801456,-0.785009060090321,9.214592816032553,-0.985803252889339,9.775503186707823,3.441259114174294,9.793603632221949,-1.528143811705561,2.854833309649587,8.500069430003478,-8.423161013238285,5.616767130774853,0.929668111237216,-3.873451854424001,6.577911242341166,-2.999578154712559,3.587324250887571,1.772222366059298,-4.458406517966753,-2.001985936264048,-1.738932146894301,7.485890702420839,-1.941016746433124,-3.041467270261573,2.292502014266573,-1.318565518937376,-5.290158332957516,0.153637528888614,2.582883690135333,2.799048391271590,-0.142576489505007,-2.056152043921225,-3.848528732940117,-1.828319896842157,-7.802505863323661,4.172576869766672,-1.851559024567113,1.540254257651885,-5.094055522336049,6.047492215906555,-0.635462029053642,3.278912147288260,3.843755435847262,-2.073475335017527,-5.484956969065538,-1.858501872317742,9.671230100201807,-3.965340212929291,3.613340033026244,7.862018396001623,-7.184893682956186,8.963699187639879,-6.134324176033886,-4.927293822490368,-9.737261173883606,-8.018177402270437,0.993759089076256,-3.098304368002447,5.390414409455639,7.324440689125055,-1.169184643638170,1.685970283705871,8.639240192428350,-9.442588188908896,4.001200546383574,0.319511825875527,-9.691276534759918,1.561050005190776,-2.975035300759203,-6.572597923972605,-6.185286867873758,5.184547299064876,-2.211757793352094,-5.839899897431962,8.303633349005043,4.891816441779074,5.678700751882655,-5.608735263249942,5.531119301150920,-3.094480088272986,8.351046265627936
-6.039771306051103,-3.194277264212482,9.442734354154044,6.136019478473411,-7.171060009004277,-8.147883822559649,-3.479161389054763,-5.422710674927201,8.152070613701699,-4.609988731058820,-8.479395280908308,0.841704530963765,0.500331729745984,-9.151116256018794,-1.358028550891628,-9.286925254659302,8.808919648700787,2.936743432017835,8.504237684135660,9.737135966641656,5.631406899286368,0.571237316166462,6.713176974483048,8.110575844431050,0.240306184935360,-7.253396359315367,-1.692816899814515,-3.950440994689075,-3.815078755751693,-1.179161977628318,-1.350201094872380,-3.306086824945195,-1.119048253470783,-1.871887084421676,0.454330659125173,7.833867106665860,2.894400150945014,9.047714428205477,5.801982163506192,1.858353467107364,-5.162944146093604,1.204245696997546,-5.481606521107542,4.901261478981411,6.475806017973802,-8.161208459302360,-5.124476293423781,4.039542750896922,0.980500354303729,2.717592640552503,5.820231367473351,-2.152644922758656,8.006226967123354,2.058572005125686,4.419188939549013,-0.873093663909128,4.090479068185740,-7.456126725838466,-1.357003855135943,-9.451717999512157,-4.603035175108472,7.088523574035417,6.432282410862854,-3.832549071929947,7.755672585487176,-4.191264705526314,0.464510027820538,4.910723395499401,-6.490867337453645,3.200388124598472,-9.209410339741922,8.962493538657682,-9.958346106300278,3.939471448239225,-6.380843124274101,-2.537420440016085,5.439096078746360,-2.866919513674217,7.079348020020401,9.592153262087344,4.822541487995341,-6.836653990160615,7.348577031386018,-0.957773814738527,9.350810732383565,9.636589843901589,-9.533729762425459,-7.023848454931587,-2.172306157101938,0.849744587520318,-0.831815050806089,-8.885885087976085,8.311983455017451,0.377064824983066,-2.014009240370513,9.004599221309427,6.720999740783896,3.080422314296996,-5.288422140961401,0.837182645330065,-8.155651693536075,-3.083102726902998,-9.719963867663846,3.265283606825093,0.296923072339441,-7.719950714172617,-6.957485571897197,-5.998256076428699,4.595559287401510,4.352405953498987,2.841284367019853,-0.018537211998218,-7.646489436444268,-8.854795802976431,0.189880133552441,2.658953956658570,-7.153475383716970,5.352593173097461,2.689653121831837,3.611427161450877,0.969447499767814,-7.445498516645808,-2.470338114356057,3.204738822661838,-9.506245783939329
3.916771272311642,-0.737749192521701,8.808822927821335,-4.422894529919461,-1.329969401330821,-3.603979040750716,8.165275933050648,3.044523756503279,-3.114857501313708,7.662527485904423,8.775461325307830,7.505136200352066,6.245917335235326,-9.254477864521679,0.373278348053985,-1.273079591592150,-1.648582551020878,3.705272320842399,4.873657491514784,2.046739063322809,-8.769606594487922,5.597381653244504,-3.915613864759089,2.768205339311681,-7.507688988554424,-0.954199010746787,9.337935550940415,4.965733427232175,5.525157694101681,2.179693546553702,7.981104815644503,-4.608269118549197,-1.694301381707984,4.867128811225230,-7.343792620534599,1.469590956782623,4.681396606661576,3.380099133641428,-1.339408542687261,-4.026463966953735,9.582188996371137,-5.667240230530517,9.580035067993485,6.939289828497039,-0.107752058108790,3.735479814019406,-8.615688761616077,1.275908257553503,-8.413781599567516,-1.476696420979369,4.606620045269931,-3.711004481010578,-1.127049377601939,9.957309601781784,0.176590021065630,4.190773573457033,4.394825146341422,1.216988766205635,0.433017361316466,-3.670628461936667,4.515871980360940,2.850729599257743,8.415365724912892,-9.215960327168185,3.816879201835139,5.248645699002637,-7.056930664294690,-2.939387161431322,-6.888508070398669,-5.925953284580219,5.449222286474951,0.896994966989215,-1.064268965862878,-3.964036869598340,3.785789750045577,1.318533941168607,-5.355606295707124,1.665177105434877,8.497328802914062,-9.809139810604321,5.754648457776067,-5.067686315601234,-5.505319147804082,-1.352303092685132,-1.642294548684212,0.815155235006173,7.129296117968501,8.024901556152322,5.256174380160545,-5.333438867295516,1.058952000460600,0.868811218871448,-0.161021920474585,-1.595724733747094,2.559221975415415,-3.911760601862568,6.096819613099630,-8.562343866976505,-0.635817398706589,8.775095550257184,3.043488066135767,7.830144703021475,-0.638038792753889,7.709042990819338,0.281548986337031,9.240124509188135,-5.798677728789336,-7.735196374000135,-9.938466473573463,-2.572648994300010,-2.591318196424213,-5.410280348152710,7.864339021877303,8.253803887592429,-2.885854610845318,7.938102293545196,-5.955658635526637,-2.496626838137348,-4.681379492368971,1.450819570210856,4.751973805013998,8.857353649952252,1.093747524656246,3.278314389258847,0.300040126541605
0.076322071734277,-5.297718935863138,-8.120018817014007,-6.574259815441009,-0.749031562445275,2.404295270877647,-1.739042309659309,1.076437330641964,-3.084060431084794,-0.217665370520477,1.493977178905455,7.211045479956400,5.983468996393347,4.082699047777606,-8.027173744674055,5.935863943950672,4.074480644241165,-4.640735473847162,8.787564454367004,-1.688494252059192,-0.703373511516798,-9.035379910140900,0.844813549006924,-8.719653606902600,-8.891762405196593,-7.097458102660193,-8.116984802446275,6.719396730800760,1.713353286614437,3.053724945746259,6.890188252480229,-9.633492478083742,-5.343591570663140,-0.200743449302207,1.299632144544169,-3.402794623209912,-1.899185932271386,0.583909745978225,-8.919542672623903,-8.373013266157326,-4.835233511507864,3.748519861671182,8.563628052845559,-7.916158272154600,-5.125832878604979,-5.143375456979163,-3.461944458653059,-3.518513594842581,2.802887938977962,-9.531400545486433,-6.369641811923950,-4.696775040628243,-7.774884777569675,-0.536832500959775,6.813811324549626,-1.829249120337169,0.202771268531363,-5.887590571037515,9.102231352472209,-7.075327116666026,-6.000882611562011,-7.586347588374503,-8.904297376435352,3.386153265732236,-3.096480381785016,9.969937892800722,-9.910506445142373,-5.802499857662129,0.902839687130060,0.209768781266440,-6.771633247496611,8.098727644779590,-6.864388995678413,2.832437627918598,-8.845845381414666,9.862490332701491,9.670265021360276,1.448185674410148,4.169597667361526,7.365806329042698,2.998632772353654,0.852833161270262,9.809400692692559,4.681612655918688,9.219842181709424,-6.193151466650438,1.702964660694317,4.458898552552071,6.534626248334423,2.465099579152980,-6.798597550803538,9.299176023304199,-4.385923822187998,-9.624079182108654,5.115721133985335,6.365763950800023,7.727107651371522,1.992120751131507,-4.151148487141223,-8.961359026243230,-3.173179678364669,3.785435655582219,-8.888941654604617,-7.141678259620143,-1.759911384804413,-5.299761967262464,2.215407323661175,-5.235423573054454,-4.174869638541223,-1.943384138384531,-4.559432706243404,3.232729942940004,-8.378595427790501,5.295446953397205,-0.173315260541395,-1.654348868604949,3.217714630685304,-3.442811265671384,1.360540902085097,-6.832962617476728,-5.937337522255836,-4.514274520477222,1.133785443461832,3.807136066777655,6.939058950304585
-8.735942334060059,1.326935488734405,4.638345127966589,-5.587362748243086,6.188041583120892,8.933884708076569,2.948078240924497,-4.550178508752198,-2.723195959970099,0.111892028604823,6.754677423967525,8.280249546713524,8.620110164848935,-7.685256662469189,0.962991453764380,-0.623008201820877,6.918579363012640,-4.375922900197811,-9.359415032847480,9.225977711655908,0.996952895192198,-0.026733818646179,-8.098655779168300,3.812993243210318,-5.280109719693384,6.191137749341884,-2.715847119794994,-5.399409924833023,7.426026831748231,-0.664350798307606,6.092937319941051,4.660607773818988,9.167727946286686,9.073577415588399,-5.599425719597535,3.484284565062314,-8.555693314052164,-4.434762131554959,2.615713358529026,1.220433057126462,3.650261593333573,6.758406872910893,-4.510448778464299,3.904553327420375,9.297857777948810,3.335255120009874,-8.621193373440907,-5.717434237990466,3.457072144922025,-1.675590590632840,-4.767494353904680,0.506507160958083,2.522644073647564,8.947570835612250,0.282973013802462,4.311508933628970,-8.889623756179423,-0.644740935859140,-3.695945461298993,-2.259053927884345,3.619277266054011,-0.996527314203208,6.607319578843665,-8.332207077846164,9.769072356623511,8.268592467891263,6.327181032247896,-4.887545795470385,9.588081992557644,0.939433514187664,6.074858021109510,-9.139274933523843,3.642827125402730,9.483376989561087,6.094681164996626,-3.250975525340660,2.522238335178814,0.254522917594596,-0.956396131553031,-2.185029154878895,-3.869235944128269,9.212329271832974,-1.129405941125494,4.047126426252097,7.614371637947595,8.364451647394120,7.027297139490752,1.883485479432583,6.279895593275835,-5.351492582968060,-7.535136722636659,7.440436071327806,-6.504100828718280,-3.596580500868367,-9.932950782010845,3.189196377725438,6.499493506838444,2.153457169340756,4.813169415479868,9.869585107547778,2.417315931857985,1.332286515364983,6.653744745233361,2.013856046755100,7.047260638217779,-5.520108973575812,-0.465258754011437,-8.527360712023295,-5.067235781538646,2.216055413860577,0.814348483568084,9.332222483136441,9.701412899174120,6.431389266134197,-4.818706124983603,-8.090425967873829,-5.777978789107601,0.594093569562624,-8.126242246889710,-2.842938970675124,3.982172257044351,-1.002527997709244,-3.599911705062326,-9.337249503818285,4.066493682951066
-2.408895849065331,-6.375814546677390,-5.916132359336068,-6.606176895098437,-0.272352463607019,-0.631955360320372,-2.667039871876023,-0.728831802368465,2.668186496733306,3.040326201611194,3.818633574748025,7.478998075677545,3.150455084047152,-8.084446625536392,1.545486878980222,5.252441191910659,-3.400390013049677,-1.092666811039074,-9.747102018596387,-7.029401225097645,-0.260404848120908,9.966062618944335,-8.451852756428144,-5.813113318980008,1.906992933202119,5.415180220684881,6.135281608331962,9.091011610427408,-3.414663250078290,5.093692698743350,7.802822036041952,-5.028087298490773,3.675667041182063,-0.858983929245509,5.410987824031324,8.372002012505927,2.444740372799030,4.464526189622120,0.057924025727411,-2.448862857142650,-5.421679385675144,-1.963762784020444,-5.116515400012334,-1.234896634375335,0.816698018351039,-9.409258128568661,8.242678998318329,-6.996246675885580,-0.687205198556724,5.264227083249827,4.867852117965318,5.757761031144460,-4.672937439126681,8.227188011551601,0.332769685496267,0.594251148330207,-0.105530927641137,-9.819907150687598,-4.634458378814119,6.532566429193871,0.243856040900068,3.943163121058063,3.386393135149850,1.604349859981497,9.512193045354490,4.282104015439776,-5.175465305708786,0.584162909873111,8.015456581084205,8.905511035392518,-5.340196471779417,-1.011223109976690,-2.302077551883182,8.974208302907101,-5.078618968352668,9.001257529932353,-0.948074191579211,-2.788325332618493,-3.707268782294257,4.460849646515452,-0.659452819122224,-2.264318387594098,1.122705638178738,-4.669080609921606,3.807718599812333,5.904487737612589,5.757821852296978,0.389490691320958,1.358791951359928,-5.702960244908826,-6.755178154660852,3.735868018498280,9.697367797093943,0.956822012224773,-1.513418365824215,1.932882393301849,8.866085788097429,-4.369490981173392,9.583601178770074,3.353876075057469,-7.434981783233225,3.220018341632027,-5.870224604112595,6.983778198746943,-4.302042037720568,3.068322112701708,8.448229000320243,-9.243357586857631,-9.443709744987503,-6.321720802262798,3.389541522019448,-5.517442043000376,-1.361741042822583,9.675787768443605,9.341991266977971,2.175519776238552,-5.319918983551199,-6.912709677900606,9.905219108929625,-5.679649797237049,-0.669525551551525,-6.689212748520745,-1.899696049123861,5.893933306265300,6.941021068954583
-7.711362336557997,1.482056446622945,-5.752457664585733,8.384628900624513,3.322379520813890,0.659690897504150,-4.278423290709339,1.742672227314376,-9.119809117941875,6.323888515368065,-1.771883087349055,6.740146976374593,-4.030168445341261,-2.566729248882986,0.672764882765275,0.225208409926825,3.527421584095764,-2.238409754982980,-4.339396253911101,-8.677580343009542,9.040170303803656,-2.675416851750771,-0.825938149245465,6.205968360334978,-5.395050702880706,5.400387313714257,-5.733328024517914,-1.858977356732460,5.973225009686377,-8.848974847036832,2.528579356736882,8.218211158979038,-6.555341886820880,-0.891726321045304,-2.755038050039545,5.029344776403201,-1.258866956244644,1.830490816174553,-7.717502030111256,1.706864586227848,9.970021626480559,-6.942552039262591,-0.092055193163327,-5.210870834541739,2.982102715614925,-2.265651212805125,-6.569046882407513,4.357528804430064,1.794112212458396,-7.835850803307462,5.052268747523936,-3.777123986554334,2.604264075251102,-1.354615598278761,8.447541851712405,5.526286908902659,7.563523400626657,-0.519878547939435,-9.431000276556231,-2.137736645717383,4.771426022282393,3.129637574933827,4.563770864834801,-6.780413869600985,-7.775201815098029,4.058966683850825,0.887285054708515,4.121600476407464,1.709197699238596,-8.826510623267378,-3.043141230725857,-8.020462120931086,7.259615401012674,-2.276546796841668,-0.548273820260739,1.933176756612580,-2.513827378766072,-1.570177665240060,0.592578045937310,-5.698096160894430,0.938779807795777,-1.888145217974014,6.824469738437479,-1.004966734033736,8.314376418481100,5.081635067394242,4.535355972794292,1.812498485817905,-4.470522018758352,8.742137097777722,1.821170234307274,-1.230789737963860,-8.549247155504062,2.071939368169172,-5.152410557745604,-9.703566029826437,7.838618274653019,1.010230156291637,-4.713875948796189,-3.378276999621324,6.837655875730096,-9.292280620576792,8.718830226214806,-7.073305744307888,8.323220931830637,9.447153024378171,0.218687060690677,-9.305872200275529,-1.647730168602182,5.888804359816799,1.013000046478375,-3.896530008820259,-2.157728666248866,1.689011178162719,-5.056500206607392,-2.646121907090393,9.372882033049454,6.200136022483051,-2.778800317901391,-1.415035165199566,3.938311528612404,-6.098545615232032,6.203377419252469,-9.689521780142575,0.159721617000324
0.352439427979057,-3.147224817515195,-7.922601954794287,4.080060244761727,-8.160782282661236,-2.201890500590292,-9.276676327642562,4.697551465712579,-2.391303205997383,6.801640493436249,-5.049515938599425,3.231674690224731,-1.384425920198169,5.452772306668701,5.915066036086749,-4.726125273760777,-4.985317507955866,-1.506418315369057,3.254301843131898,-6.854298522976618,2.083917296293889,-7.938539550460506,-8.317246525381663,2.031125546696522,2.205247190636983,-5.826072884847586,8.169931471509745,-5.250766631770755,-5.843079410755012,3.268411399394193,-2.758123251095228,0.674756638488844,-7.578543299327798,-4.668423750774480,9.739481162990277,3.516714674721060,2.236158762402233,7.946023696445266,-4.336271616499183,-4.864254245326556,-4.786992517938535,7.838658687662509,-0.601701631684799,-6.546901110384109,3.625312706641497,5.667245902102881,-4.395827521657134,-8.118229322424567,-8.999927795468297,1.701362456948722,-3.910067222922242,2.603486743413814,-4.375726444400481,4.810707672694585,6.977832494450013,0.777376923721771,8.108411975278297,2.127037754177996,0.583429521005240,-6.843699040459700,-7.637319544198946,9.867548845517256,8.026758509591957,-9.141319321359067,-5.956387230087912,1.477716089024332,2.102766614690147,4.673659659262015,7.941704754687571,2.072249039073881,-2.829194427692281,9.631306764912843,5.938245819736727,0.203559195152017,-4.342841872718964,5.542306468107023,-1.951969627921379,-8.469971846339829,1.670524700461957,3.716433432716759,-2.447050047937688,-5.826377270657900,-5.833490227268541,-6.430815614456691,1.172401541120111,0.924566925771177,6.477840954773018,-8.374639344400750,-7.363407661607305,1.575775500903161,-0.066855472457361,-5.236972379206661,-2.230976987802773,-0.348482438272002,-4.684027964759641,-9.600403087718330,2.917010931551685,-0.271042183187603,0.302815845293029,4.052212355831703,3.875493917978599,-3.379253197642509,-1.027367968989017,9.550756290859745,-8.600034724304574,-0.838552896719456,-9.728586809674763,-6.742585943580357,-9.989602792374308,-1.193722574631186,-2.864882197254572,3.259436237607465,-2.589027271027254,1.688918824594277,2.038903656431346,-7.553143590114719,-8.710200277024862,2.895030218858626,2.822769852689843,8.474028720250917,9.290130122269499,-8.743891432499961,2.337596309830865,-2.397186562788464,-9.702115149072918
0.203298538751561,6.792454589158158,4.182969075977525,-4.632252487594057,8.555074141037718,-1.003906566127604,2.864554746750285,5.682622595708512,-6.680505643655634,-3.456507155543758,-6.492293857304945,-8.490586982749580,-6.752702238018021,-4.396478277902666,-3.390806418576650,-2.235558995517222,-9.320621731304282,2.565010593557027,2.947935113141680,6.595622565977997,-0.341077036892388,6.128959638337626,-5.771570401545256,-7.835231638970816,4.102437552303886,6.772597224703112,-2.125028540745044,5.656697091697190,3.124238869110194,7.180134180489478,6.430465221225216,3.316239405814827,2.729540118954809,-3.557059182255255,8.304333459683935,9.487538422415984,-9.470669068379941,4.830102537934604,5.240264445106241,1.416249147466839,8.266532882213049,4.340155159647043,5.004455880163015,-9.924536237084649,-0.333432130951135,-6.220566005425818,-8.432874115262130,9.640330602253673,-4.551956594003849,8.714208029773861,-4.427120409209271,-3.577846713761403,0.286081507667376,-6.384025020640827,2.993210235194015,-1.613660138943123,4.577106198380086,-5.274589621036818,0.701634222934651,-3.341734504835978,-3.898174089386268,-9.411685837592243,-7.569510027093484,-8.800867074329446,-0.330395951417355,1.520866735037480,-0.601567810827570,-5.519336292685246,-7.066018482790149,-0.235535255903391,-1.349928257844633,-1.904138088136435,2.126856368114613,-1.768300418879225,0.779851053223728,2.910449297578740,-3.136327792215045,9.074618789162180,8.318504274851005,6.459398714102637,-9.468399835395250,-3.707868384251547,0.642578610970229,4.496569781755472,0.349192994897807,0.607986247170462,-8.702105015252513,8.011254507482633,1.667992243843138,-3.854905192781890,2.802289365706079,-4.353902808152883,5.291748406738602,-6.201938180535336,-4.650436977119283,-7.890375469806967,9.824656290707068,0.297560769674108,-5.764887225992315,-0.796783058326739,-0.327747043395135,4.273958784189077,-5.425218084090508,-8.462640742793647,3.019207059491972,-0.322701653462234,-6.400059874862163,-2.059127846962627,-7.935082243955298,9.917885934121326,-4.957994955336518,-7.871355924586383,7.051640528349054,2.719734988705923,-2.998679319110260,2.718067946354132,0.550749159799171,9.196527008620969,-8.210021290439752,-5.731204188340180,-5.494274558107247,0.283271180453413,-5.930781163481220,4.650280441671466,8.867474679370176
-4.748501436674799,-5.545851291874603,-1.129408362364661,0.357285306804400,-2.283745565983004,5.056118668792200,5.509214993526188,-7.675852322565588,0.318495653755576,-0.615133571452430,-9.577298137337655,0.064888773177207,7.318310783435887,7.461859135216208,-5.535779823349182,-0.732257655885025,-3.044483790761456,-2.890672984342848,-6.425651674059479,6.661520472163428,6.643205209254372,1.544629861219892,-5.729645808376118,8.055257891609095,-0.630253179876274,-0.392072109616526,-6.941191730523508,9.711409799619517,3.063531248453605,-8.385425224364724,1.049275509496004,-6.124789078931681,9.344918599936261,-9.364993547776898,-8.212593050709597,8.674338005332345,7.854440798535730,-9.772869849144081,5.877818982664335,2.190223011687742,-7.369184477301109,-3.215601556311105,-3.126870284950282,-3.218272554595938,-3.067837964786195,-7.011931535206751,3.475518923318472,6.673636846549797,-3.432198186022138,0.416271074448026,8.523433746408568,3.161029245188672,-6.716319658514132,7.821296301244793,7.848423666775577,-9.496966813095973,3.533047705171411,-0.487913277124310,-7.634701046354142,3.919001237339021,9.572390491184215,9.179072500669893,-5.585338003478184,-2.278416381957953,5.826838031799328,5.843112936445570,3.755122726908120,8.795331888583579,-9.458394780542374,5.155405744763799,-7.078889371597914,-4.435810602266306,2.121902728130504,-4.848598759283402,-0.091037487110906,5.630123044005108,3.491469057448588,8.691090649982840,9.353769080516997,-3.385571713810835,6.364559083866510,-0.331644047409130,-8.856400929146117,8.819066854854679,5.004590471393799,4.211612122943492,-9.502772445464833,-2.547221238087484,-2.970808276821959,2.253420156439802,1.281941440688659,1.901702363348557,9.763971503121599,9.795407842435107,6.109191428471881,6.379152934076604,2.032806294765892,-1.224832546843624,-6.823392081955532,-0.331771815363007,6.030240993800433,-1.136219333164938,-4.324182118227194,0.790094526907767,1.365211116388247,-1.871657050803803,0.303398790906764,5.131512495293052,-1.455112117850156,9.186612095497043,9.826763742135135,7.450282544558544,2.151482106488096,-6.794095753347142,6.029940426172153,-7.387472493334801,-9.887500285699337,6.063679187103826,-9.795811893922405,-4.219174640337481,-8.970013850805083,-7.696355575569401,0.224813678186786,-5.458950015241919,-3.241867573973498
-9.194940974747674,7.247588653403671,-3.030036452344966,9.266983282853236,-6.777324596725876,4.557696004912305,-8.858795460972427,-5.850108422287796,-3.892377164173699,2.829475856596094,4.507225986750178,-2.461328198662791,6.857532100352653,-9.309996743973777,7.006896698021851,8.810781377592388,-5.760485012680185,8.394185689511616,8.836644058746035,-8.844574794441712,-5.214116961372697,-6.278365652630972,-3.589831010546534,9.900665561761052,-9.189197142198541,-1.485836632646114,0.074091413590976,-4.650914758128839,-7.196618702993069,8.081901391386548,8.368606261083933,-0.886295027593377,-8.690735713383864,-8.224971199492598,5.661154739701590,-0.514694407822670,3.554769679256120,0.419445326600204,-3.322262433307143,-5.428789275343473,9.187845988048814,-3.058155427523492,0.852908663437784,0.084764054151265,-7.201591665563094,8.065507881469877,-7.070574064165589,-3.455309903920618,-5.688042740998100,-4.940873803381987,-2.540263800619742,0.774573118399617,-8.910952045421187,-7.917335665145568,5.525493882752857,-5.587545789978899,5.081727615931870,-7.914324122449921,3.602291844789887,7.849619692712920,0.414499676829225,-2.927516237054462,9.371980994297321,-0.518486007334186,-3.814048734410558,-6.853765543558923,8.032015749999953,4.094695464978367,-3.590876968702634,2.485374838463098,8.901046393205224,0.247083369976702,-6.622994116309235,-3.717945083389987,4.070448067553741,-3.587539824890190,3.917048951773889,-8.782257416737425,4.181132585130412,6.702992590260806,-9.131179858778085,9.084638043753522,-5.233354325461280,-0.207544936954987,9.202728566940053,-3.775853036907693,8.106155037305765,-0.056982330669637,6.841184320258776,-1.528142377712136,6.709930553614349,-4.337409627195880,-7.357249852992782,1.001471137347112,-2.891528806598187,-8.949001572696307,5.795710733812850,-4.695837196930719,-2.130400576601977,-0.718730030610022,6.226430801661898,-8.455276092833445,3.383620935844142,-1.614834077465499,-2.402675213340379,-5.794004727069124,-5.702455835083100,-4.956821121905191,-0.065120850438189,-0.327573836581067,-8.979206246323399,-4.064713059881839,9.708650036409082,7.547233699524519,-2.489945005680047,4.289892078179028,-4.394357078584541,-2.493397840822292,-2.619903594672131,-4.767401385281809,9.317034472377202,2.709324071803280,5.219468033501258,1.420791493607849,3.416967819805723
8.879445557546784,-8.448345598578172,9.865061366408074,9.025590271593721,8.253209933795464,9.524998696049042,-8.611382757182010,-4.688065108843698,5.470588768872325,2.296584651402549,8.617564679386838,-4.018330513182891,-8.645313343818028,9.299785469850242,8.353898386498681,9.293512936672411,-8.084752436450355,-7.244884093294623,7.349176998887621,3.795689042371034,8.807554391550376,3.916872349413820,-1.160723302635393,-6.358790305780150,8.633034050876930,-5.827109422770991,8.923132260151661,-6.552795759286607,-2.034432983694494,-5.214870362803811,3.681120561609951,-0.710476235627072,-0.415766788240843,-6.645155478868981,3.403740474644842,5.184385448413416,-2.270835910870373,9.021010215952725,8.387091404084082,-4.349207967850070,3.188974161942115,6.308590879121159,7.448063948364442,3.355458464410198,-7.048014081699971,7.032066315681938,4.352360578953805,-5.362576743164096,-7.801473925477822,-1.047019611173672,-4.497073139631567,0.705678933874287,-6.316644383121613,0.629932665247583,5.195214187271560,-0.168500963091248,2.300803046985271,-7.128490090211946,-1.918999843101162,-2.078592282729137,-5.831985466376679,-6.182765355766460,-3.887334073223638,7.197016315247325,3.253677439027991,2.268232949294548,-8.251027967013831,9.144723154554846,1.661720475054940,-6.547389797793787,1.404501921938852,2.393278002254513,7.661335617288778,2.907296428215735,0.474153501238368,-5.847328118399098,-5.380507604776441,2.822551467095780,-7.364938429538894,1.099569993706616,6.545780859577466,2.215694910081067,-7.211970301909572,0.267822373911034,2.790420477079817,-6.217989399231573,-8.724228827917100,-5.196789819538195,-0.060337314776923,-1.902023353619352,-7.574925537900647,-4.961929030797094,0.878730180882968,-7.248486527050401,-7.305632543833591,4.011059025709844,-0.915470224644404,-5.960835585272982,9.978979825033939,-5.371388597566085,-3.452683194138109,0.898858626512755,-7.085502106048372,4.918187489121058,-5.576446856047152,-6.600164914095831,8.306284599186842,-2.323983521687980,-7.725860164445506,4.158035479835116,2.088745395101508,-8.007525889517456,-9.334932791251440,0.910124134192909,2.995231576511168,-8.455742364733648,4.745752072840148,-9.375346210409701,4.165636971564462,-9.324574689250921,0.639260796933808,2.327164518634747,-1.285351962172019,-1.945453081458124,-9.289752117091590
9.890915643267544,-9.046558236952686,-5.972335627908341,-0.355723577225648,6.451280223538525,3.333769611253206,-6.950689325470467,8.600325648628349,-6.852816531061343,6.244930933204721,1.910691783531746,-6.770432126226835,7.034538568024562,-5.657224011756108,-2.347175188965744,5.796358571912625,4.073920418740949,7.480353520223382,-4.675761796606286,9.494084911559973,-4.404375915559868,6.029378784384601,-9.809046761548448,-6.782082462232808,-8.323851505230124,8.573024482826796,2.733495331047761,0.007888245091408,6.192262522941721,-3.906448063014494,-2.461850749868479,6.135254698426522,-8.825316197932844,6.194727358963391,-6.991778731670459,6.954058431529965,4.090207966084442,8.761251834719385,9.768778866738515,3.772325572801730,-4.139829427548893,9.439503111901693,4.897607950650917,-0.381028787907450,0.777904041685707,3.819596212608850,-5.040979710528259,7.222950058539602,-3.012657362704330,5.143035405559928,-0.346335496245038,1.770994568899349,2.829619954699359,7.571985352397196,8.604683467910824,9.653876608149545,-5.768424453895403,9.234081382865565,4.239224572784011,-0.404470887832781,-0.116204403839903,5.660290258413205,3.544883886022527,-3.928219171732614,0.942380756503917,4.472129018391160,-8.045465391750415,-1.122317775459170,5.944078068133816,3.581406104591874,4.026872812450701,-5.224652952082874,6.043416898891515,2.414985102500243,-6.973309745996145,-4.805463594734285,-2.776880898800160,5.889756531856229,8.587434241750877,1.533952477564057,1.627591874412737,1.457270668107915,5.253045005150197,7.581632865326540,9.497720203072245,-8.991801102855714,-6.840386765708512,-4.368028876130603,0.025453817860823,-3.502055271001858,-7.333885502177020,-2.494816430464157,-9.851079557056488,1.565168141556859,8.531955002307775,-2.062380081999297,6.812222309564163,-8.460089925311046,-5.047294052981954,-5.739290643494208,-3.074746799000135,-9.668749917958809,1.260357548738897,-2.822353637480139,-2.827533327539551,-0.754065283275656,1.176022272193812,-7.089696573227173,8.260895412013209,2.038615530399568,-4.868242209267903,-2.812022650647624,0.221642584475925,-3.679562662775513,-0.048563483656483,-2.083003356200493,-8.407965950645767,-3.867200802126320,-3.142830640395468,-7.409534549453165,9.842802158010720,-1.838546293569586,-7.070543911053777,-6.960452539599475,-3.286523275633131
-4.962336660814868,6.649066875538342,-3.855624749854019,-2.203005714346721,-7.740034348141283,7.935887471941207,4.227394024938778,9.520563433534470,-7.436218864586690,-6.736591310998108,-9.067505568983375,-5.739392894957298,0.437512823110835,-7.472668310748829,0.448084287726648,-1.268561167815177,4.506010459696048,2.823514468838425,6.377177038675828,-8.109760984072391,0.891649489042649,-0.225143459396673,3.090684930258746,-6.415895337455575,-6.000564018491474,-1.948204613573195,-8.349062809084254,-4.938575245149139,-3.224795702436641,8.109760068345786,1.861178612375396,4.140314757470145,6.382325769220518,9.838222005709369,7.310031353737276,2.925699471273299,2.133865120703199,-6.152808945906550,8.109922713469427,7.150613385759186,-7.904594444973689,-4.116499248262773,6.652637677750683,7.266983110027205,0.011332294000033,-0.395864924074601,-2.920749280150421,1.245341174076959,-6.936196317714729,3.322885459397508,9.197815190684146,3.899563540086268,-6.898683298082211,-2.496882746959830,-2.289418182148246,-5.963422431887859,9.705988446495798,8.089220836012444,9.762002183019746,9.508899643280458,0.757174396736659,-3.795831080223058,-4.453371167395201,-3.186544656141452,-0.008758713560205,3.866876981713903,-8.904734275115961,2.195592116363052,-0.324585326677367,9.581545411915396,8.293032498459663,-5.180358514091870,6.688135664909701,-9.294729561262882,-3.507695286827239,-4.942743113707138,1.029629627227393,0.068850322845719,6.540919113950963,3.444677819679518,-1.709155246647803,-2.662111678928691,8.351963922167641,1.553212917325892,-6.132145051269080,7.692806917647147,-9.079205682148888,-8.849251205813182,2.961466978441880,-5.890315313227036,7.353856048030657,1.011526214705192,-6.621893144356036,8.957862727383745,9.979975169129062,9.633474766046429,6.263121948816845,2.550719786782876,-6.263638166327774,-0.539819685531231,-8.709384604536499,9.899601780169839,4.896089523006243,-1.116681859335715,-0.879729332566653,-9.372363307406353,6.945573587687779,-0.082545474656960,-3.198382688236223,-1.919586936006610,-2.663541425060285,4.664040011303472,9.449856804869931,-6.493596382021448,8.853222362222507,4.300006607384946,0.756071344298752,1.687364050449469,8.804746913489442,0.955385572505417,9.877473758733270,5.779036276181472,-4.309689044356693,6.744783788951413,-2.884099331029160
5.165742178932708,-6.173168200021768,-5.426391855625434,5.959911803158871,6.782818657428852,-7.169399115749433,8.591269651610940,4.047619551774005,-8.438366184049563,-1.035809286710382,4.263398749112181,-4.308468178185056,-5.179684010967960,-1.829754350022297,8.629047746210258,1.134632424416690,7.625332778637699,1.896421082443375,0.157124190687252,-7.520565139863367,-8.256007200167971,3.757813677261385,1.774596850766807,6.084070647724534,1.754885500326894,6.064583769143248,-9.765407029835831,-2.832943028992608,-6.504329025182082,4.307432006347051,-1.658613683278119,-0.555718861164344,-1.791908129247171,-4.179375405743356,3.878694002380440,3.739350260935570,2.177454036930598,-1.928404896212763,0.046263628027976,5.276255011954177,-7.579300814264618,-0.990945083672843,-1.128471618797969,1.857060197767602,-2.978327821413778,-4.646548379238864,-5.058755623213294,-0.175814646695700,0.396838329339202,-1.394531166995680,0.362793430123649,8.641135063344390,-0.471695892179721,-7.273970972658437,-7.669105259752584,9.451394599326626,4.820255166477983,1.527859402682941,-8.292264454813195,-9.115333040283115,-4.428432904893594,-6.657841645977848,9.630828965983703,2.174420892941988,5.278805165617456,-8.769611369371022,3.140845009883609,3.316344788475016,8.877604292984504,7.621230718679762,8.858074059476998,6.632997372827571,3.513229686431810,-0.902915017370432,8.108863993871545,0.361804089486453,0.113867385664044,-4.613913252900137,3.418374648937750,-6.538308172877749,-8.405471780631967,1.330797118435775,6.648328145198686,4.626822885166526,2.409365141842102,-8.241607317222311,-2.765109033206263,-6.140001718852601,-7.393132859859408,6.472250244981030,7.976235148485110,8.818984960906214,-4.302651699046369,-7.884803791622432,6.959920122752155,-0.533672636240272,-4.395929768570735,9.544247267233082,8.591673965805334,-4.744320862985090,-5.411744517075833,6.881236430691274,-4.536117236035575,7.417919644644179,6.666881669546044,-4.627067429016614,1.931515052545919,7.193957158587157,-4.221746504687378,-2.845356755020447,1.094860967812316,-1.768559545009701,1.718468356726603,6.493047221489334,-2.003576019396709,2.789053322319113,-3.402873319924509,4.214235021006775,-5.320677842826555,-7.204935132501351,-2.447826555263339,-3.500754538128852,-3.519010463397343,7.469204524724347,3.580468398555105
-4.364261138818963,-3.900799632408543,-7.137199355877040,5.075107439734637,-4.201024950781154,-7.669102747074570,-3.051080087332929,5.557190244712729,6.932338615093151,-3.267268881008787,-4.077839670878911,1.831011976470895,-6.743292288504190,6.610154323657000,7.549235369419293,-0.873116514002009,-9.192220902610856,-6.564713094070811,-2.158041348287847,-2.673434228171978,-7.897600911108764,0.416741715844594,9.602379867000977,8.529552347672414,2.941077510436255,-7.958748067486905,-7.855141681698850,-8.367941944433820,2.789573339259135,5.739284636639983,-9.705375148470603,-4.323622295869165,-6.929166502451148,-9.679644201417752,-2.344393761766521,-7.666825595937419,0.510606039566285,-4.672010890054117,-9.705514960246312,-5.056329003120663,4.276659437526405,-0.171912043400049,-1.401069754635714,-3.959069977454456,1.946106903020809,-1.781736582248516,9.142480755109382,2.505244489233434,6.894189201720778,7.053186284853176,-9.351354721642872,-3.083909752265932,3.724534262150076,-6.565339410687394,-7.570470774286391,8.195196976997646,-3.034423713928140,6.963543249148788,6.894976966187528,8.320580141547641,-1.983813231785092,-0.103630532914581,-1.056007782106381,0.816215209594358,-7.257145609495743,-9.011071037132828,6.541266775664674,-5.182068634601351,-8.872129781958787,-2.619543152588825,7.945326039780920,-7.648844606307341,1.661043535337509,-4.676735936473897,-3.923157180871632,-8.689491682643016,2.129160051880561,0.935666773228526,-5.719818349062871,-9.746091351107927,-8.640973585012619,0.947213292599729,0.943363011879976,-1.376760094476857,2.441856909216387,-2.861318042647270,-4.327403370142589,7.252504371908316,7.579178100099675,-9.112024506426220,-6.061051858305147,-7.526704580099530,1.381407685183722,1.306948153553638,0.513741414547779,-2.557383547207785,-4.247008877508627,8.436256666195863,-1.808104929064173,-6.537577189653076,9.112339082374771,9.897449615952151,6.208710383580115,-2.533016875647867,-7.940815057986573,-2.021698846080298,-3.592072951402761,-1.210201038665739,0.809842442172481,2.608755955943460,-0.975270807939769,1.043433540945323,1.419798523173627,9.892946211562791,2.773513622179362,7.695178707033598,1.083115062883596,5.841595719410265,-5.118294237170991,-4.878563121908625,-3.446828352914110,0.206453390198805,4.222606940267609,-3.426773465188164,-2.355158486551971
9.726241980741403,-4.121692844194231,5.296448493834937,3.301740132072901,3.406276951267763,6.484818541803246,5.141470392802528,1.923904129313620,3.056943880465582,-0.776978846415838,8.113397980413705,-1.666065327199227,-7.026324767559067,-4.011362008128955,9.533396564740187,1.661598183498329,0.069379998400969,-9.690301368428344,3.472828602345663,-5.656808450876336,-8.545396576354999,-1.506218961309937,7.642581402622042,-0.396035146146312,-8.468404086337367,-7.854225885906039,-1.302326116368240,3.873741607581172,-7.296775103556636,2.150292269926126,-6.747400494499411,7.740737537497026,-1.501775975881010,-5.770117861409638,-5.486328023787499,1.758079029151425,-7.760295844162036,6.492139787821692,-4.869771133384512,-6.394541732094481,-2.797658543860888,-6.060427233705772,-7.839892202251331,-6.113085145649475,6.288762779730973,9.961945176041052,2.020414437273262,-3.934527237395534,-2.195859882751798,4.094289457950770,9.939295596670313,-0.050320372969583,2.184577991346398,-3.708110536369591,5.949708612857005,-9.937744293625927,-4.125173056419644,-7.614031833045840,5.657092374876944,8.829858725473791,-9.565525603900248,5.672307406747548,4.760120853725113,7.696701095165178,2.622010120452821,4.183355971071009,-3.391128030925936,2.884792380852634,-3.181791810683022,-6.454813602286336,-2.809327325512141,-0.182111597103539,2.898137720141975,-6.990147225767509,-1.467215611525239,-9.406367566226386,0.890148714830799,-8.058011583917036,8.286578760395006,-7.557825951251016,1.046522273789527,-1.994316966455948,7.731271269395066,-9.364872574913907,3.515364683670459,-3.874069378907152,-3.795129428597283,9.134340835642259,-4.171257758771536,4.990288107166345,-7.404460119340288,4.346958910411429,3.199701743108665,7.949633361702674,-8.948873203927153,-3.335704112527416,-2.179476734414820,0.649278022897468,-6.886305776245352,-7.682588343620851,9.197395842898082,9.756277481214781,5.362871074308158,-3.991781452880128,-6.116378463530483,4.507655403349736,4.843678625511279,-8.893749548058324,-6.760426601388055,2.105151971799689,-4.393828825752100,-0.511929362088061,7.157265454018052,6.534960611397203,-2.539991264131476,-2.072553097024419,-7.946436166174693,-7.547093201770858,3.782652940318547,7.155890658062191,-5.438194371089087,0.226221832068445,-3.301099661897271,-0.819359827659671,5.281245314145036
-4.115855072628349,0.774557113080760,-4.846348299656487,7.574286714799399,-2.568342202114426,8.582362445116395,-8.933041051239163,6.505846357114141,-1.213110448138959,8.420717645699579,0.516320775263722,-8.610868295698360,4.778082857447599,-8.210230599573894,-2.303440130142828,0.051099728412456,1.725084265045709,-9.858410808309610,-5.810771205209305,-3.600158776792497,-6.122870178289581,-8.088153132935904,0.616449211845465,0.755493825159759,-2.079051592961576,0.382877621153755,4.294609265672378,-3.980340058577630,-6.505601252808495,-7.327205952845128,-5.848776956617954,-4.063803212925730,9.569580126734760,2.507232830133363,-0.917820869828098,-0.257648750436106,1.890406993044479,7.699367098030670,7.083258048472466,-6.933016942433752,0.426340858658552,6.236469580071450,-5.066589110845277,-2.549781993912294,-9.366218192126482,5.056969433558331,-4.996463692435700,3.479111374026962,1.796627427027797,-2.501735109571541,3.862724916813384,9.871841747244552,7.091699103418449,2.775156381483090,6.803028446157871,5.534284462726337,6.268440510058294,-2.334217520183683,-8.933894645103253,-2.252914444199736,9.115336891135236,-2.704771385563531,-0.594415935918910,-4.728324719131347,1.112189057665457,1.588272820726932,2.513961646755853,8.256129295066049,-3.535015886862826,4.321426425949042,2.403572740811304,2.966221023452700,-1.159874253612490,0.707049241343132,9.772203007605810,-4.271771598871441,3.003938399840209,7.891162007608131,-9.945124929557757,-6.968143832605652,-5.551515805971738,8.303677816471648,-9.872707688982631,-2.892377426839241,-9.030239155443256,-5.992825292592743,0.854526992251898,-9.586807008307016,-0.065543869348311,9.453770291758808,1.266514296149685,-3.030184712444555,-3.561077471772924,-7.334465807471052,-7.908982303861749,-1.207835281613264,-1.084783042387967,3.952192486593136,4.665058688139560,1.866678996173105,1.515251760569193,-4.217098542522246,-5.463351411106403,-7.625642831521691,-5.381810405728082,-3.802640793376337,1.009047545588466,-8.249856807931735,3.661489323315193,-8.427825307100312,7.466264060277528,-5.315473581356658,5.336689697040825,-3.461918629444652,5.311178065223936,8.759342062459837,-9.020887028160052,0.095488149031898,-1.865205918157312,8.346149646026863,-4.728874049148589,4.957964403791109,2.395823301330168,-5.954627104985708,-5.861754706007090
1.557873066145678,0.711902560474121,-7.678296164286715,4.435242619137849,-1.467400830755368,8.060750584581889,6.752076008833672,1.800785557263772,-1.212892174860636,-5.737330591592151,7.611225889937725,7.115400074966210,8.792150595709639,9.550063667823995,-6.710098946454339,5.445202918237133,0.184722757992324,2.226309183345620,9.839468206533631,-3.289890183993814,-2.442979681365154,-9.653782727197280,-4.517401489182717,-4.525136825721498,0.957350750107288,7.233561061356731,6.348529854527968,-2.346590896668599,6.709462054361353,9.111178729625667,5.806063979308767,9.442039032372278,0.642914426807319,-4.555346285579304,-5.270360256317089,5.459358271287474,4.805325380815821,-2.591049298222446,7.834091983118569,-6.649688987573104,-1.273751034499355,-6.536509103156445,-8.717976061393637,6.377018918608030,1.312857589713287,4.625846788017407,-8.511785295933510,4.083560622182876,-8.698041996775734,-2.196516587009634,-3.794180708716588,-0.280771563113289,-6.479147063715680,6.752092879344318,6.678010175103221,3.825323333623679,5.247324852751838,-4.626186650441468,4.156170575195366,-8.775546508316456,-8.633665658473607,-6.207421271167670,2.283415697544100,0.404434294568842,0.868782191152297,4.192309598461037,8.247361033374769,-4.686924578144318,-6.037946947950525,7.632904237654358,-6.396685752032933,8.248560406711263,-4.773496012722185,-5.134278122547351,-8.915469893629741,-0.713628113859679,-2.655518242672040,5.972285040106753,9.975674495988354,-9.711979801276719,8.001684125517372,2.817787912233875,9.838474675330520,1.855214653476478,-7.662771940786060,6.303672922894922,3.469983662155407,1.008944396485314,-1.613598268114419,-7.949237044352557,-6.935685240826068,6.993648716649840,-3.143113609463157,-3.841496709964658,9.130077371093318,0.142200686819081,5.223839711280869,-8.100277013068828,-7.420909002994125,-0.508972510205624,-7.443259631291967,-4.277536821272728,5.960196608638844,-6.964702601396430,-0.115074760127511,6.713570856107225,-2.801060565366367,-1.046911221331523,-5.920877466670726,4.467333271362799,3.800751225155318,8.639371129296176,-9.927519975132855,-4.228164225789481,9.473907667521779,-5.757463750732734,6.973481189963884,7.989283317260455,-5.845453594239503,-3.729448057359295,4.187772470751852,-7.488735783528158,1.024520470994307,-6.328540261200826,-9.071609538554309
2.972911912214828,6.251579775691486,-0.917351240370532,-1.507738029799377,-4.692520057225218,2.061107753908145,-7.830613458513254,9.770036682101431,1.539463249006880,-2.429666848249794,5.633007151055054,0.812532861558935,-3.065163847443417,-0.819122543273751,-6.163476450635468,9.962674932960759,-9.115048159218855,-1.698578499477128,-6.938494706575035,6.090170098113788,-5.617856505021146,-1.437201091809060,-4.975347138166677,-3.609226665457872,-1.925407511546542,0.822585962552822,4.051300183825626,1.090244085447594,-8.487933652566076,-0.642711596985375,-6.802335380469398,-7.968270846816674,-1.592730039649812,-9.413756389860776,-9.533416403513421,5.886924107135172,-9.289613895224287,7.127805176060548,0.369537304422741,-8.070427737172551,0.443902034261681,-5.071759224763374,-6.530319964907301,0.257171324137598,7.717738987866689,0.561875265399616,-0.067586779453883,-0.169303941239674,9.994836602224154,6.224046542329148,-9.548738307007154,-3.003667006806856,1.217885675371253,5.226160725598593,-5.260191063628779,-1.560969289307014,-6.911773897606308,-9.220813594614066,-5.638922580668517,0.998019366899683,1.027043682386005,2.257178842528750,-2.372187160864989,-7.568865267941527,-5.055205831996473,-5.334162265804407,-0.903554404338443,2.598594108615744,6.885696059793844,-2.903029399745756,-0.847178530201059,7.817208955335126,-8.539386056892495,5.991183058790117,-3.777258601987938,3.396961148251522,-4.059513310888803,-7.226603894005901,4.051184113159302,-8.524624385947879,-7.070429311104047,-7.556243687815360,-1.495336692983479,-7.248481719060507,-2.737324388577564,4.922397390523336,-4.881677431464597,3.947339499001668,-7.555559815859110,-8.233499752963310,-0.502644442655736,-2.141712792133365,7.567907697865266,-7.559647866326329,-6.530727796076851,2.978610270089412,7.879533222435104,-9.266551767770665,-4.379865395249613,2.849719561342399,4.499701217087171,-7.122121424772669,5.368819752151580,-4.705539692403722,0.672523092349088,8.826648051805897,-2.825916935083721,-1.466960111829010,2.855774487827782,0.085970304786487,9.836392191854046,-7.815484753445485,3.235404971787336,-8.755150290613559,1.060425706420833,6.155159643998655,1.812494101970621,-5.700137562196275,0.010494901293050,-6.810874220763137,-9.183462835658744,-2.186980026743917,-8.908740024419881,-6.516366050964013,4.654605037895333
9.140891989778893,-3.409427946987764,1.014828211187780,0.767261226924713,-0.359438334704192,-7.678976855496180,6.255157022153437,-5.777661649561137,-8.299355575840586,6.044240539189051,1.601895029850224,-7.414901162728949,-6.257069373692836,5.748487881902077,-8.416409834714935,-6.285389146226830,-2.251290775628831,8.171887484290920,-2.108718120395070,0.032864281871126,2.899071126497928,-0.371021220460621,2.635096707873352,9.369144752061821,-8.209706548334758,-3.611466769338520,3.042048879159715,4.914196010931178,-6.936582666450346,6.961826278608811,-7.299414942437743,-8.282373683388167,-9.558623048946904,-0.209807051143834,-2.001209355286100,0.976875412460993,3.566906601731969,-3.937706917440877,-4.845373296215653,2.207626469502390,-0.656266574637293,-4.450268317812728,9.833691136332007,-1.144498886153762,-2.515827779497018,4.355685667925702,-3.866490844608011,0.196797279894085,-8.211026630522099,-5.570794836496107,-1.653198629069720,9.684093992984412,-7.770886116325353,-8.485042067927671,-9.452852616330185,4.509438577907726,5.385489422680863,1.935579956998561,5.102267820428887,3.319091243778660,0.521407324168898,7.967514697055474,5.989611167542218,0.165664392999876,-7.249987129255593,-2.750213269769892,3.029064338692217,-7.840198739963244,6.387335684213433,6.311446106959011,-5.518173169083935,-3.165101250983369,2.556238276808386,7.964693860424216,9.481297148018886,7.371737795516012,7.004033856651347,5.046402501873256,-2.009111402327686,6.431869584816944,-3.452138815991679,7.212343679409070,0.179705702423531,0.795229813130433,-4.188589041798238,8.656619061005770,6.248193784563547,4.499732094176643,9.314625428910656,2.706820120850807,0.107034162779167,7.722229713238924,2.049417355207703,-0.388185460655240,-8.563493451781454,0.202579827809178,8.216169061973776,2.735525001923126,8.094509628572805,-2.308065000523555,4.812979494099988,-3.506053069144103,0.799430976460130,9.285568916517370,7.950557577463311,6.907578443322727,-7.301890089162260,-1.252083567041931,-2.017316589554554,-8.693693065120671,0.889602866775691,-7.102221884552893,5.368313507640819,-4.401920772475940,-7.198791405190599,-9.548161714363987,8.622345399182873,-2.763165224324227,-5.493067723948881,0.358007751695268,-8.991225043386152,-0.761210527894063,-4.372251920946939,5.704895851136078,1.025999647922117
-2.050007575461157,-4.329527944756055,-8.848900339255669,5.792542112726890,8.563141212096031,5.525742323826426,-0.724941519534180,-3.658450653052983,-8.571638957038308,-9.372322867413974,6.018823154961709,2.515480570957289,-9.091439097040935,-9.802556399595685,-2.726490075762857,-2.799785960503877,2.093465672471597,5.503757918400609,5.501392437335769,1.429928872796985,-9.711832071071498,-6.324063180449746,3.369472657767968,5.232531477304832,4.495676936500892,-6.939702798341130,-4.499244667272306,2.727756426038191,9.519488742089504,-9.436709061934907,-3.703446476299561,-6.516345497768237,2.429190943543720,-4.800032401161170,-3.773818672343876,-3.302781659498432,-2.613671524252790,-1.880941869216791,6.275471047386901,-9.739137502858018,-6.998336788719916,1.731600435333910,1.528003478243278,4.285216645455055,-5.305948062290868,-9.875975334501696,3.234341139401964,6.035569642504491,3.787062890931917,2.127229411713113,8.596161550567441,5.019251606926538,-5.616502754707953,-5.262551776033771,-9.108740901594238,1.861333875340140,9.382980440079120,6.553892716594195,8.565190950273632,8.559793708006460,-2.736857270981135,9.564777507066516,-3.417899370380266,-2.682658372450426,-8.511923604319588,-0.324477641322893,0.009500170367788,-7.778607483456419,1.493274426578573,4.716437787478574,-8.431963119323264,5.120790620276981,6.590135048456588,-2.779671958357495,8.545929868295431,-6.792791362375075,-8.802079400336078,-2.399893105609847,6.872818317153587,-4.015428855403876,-8.065321580681701,5.413196097486683,3.988713009468107,-6.070319706284970,-0.245433144317861,6.657950110545588,3.458566649614221,4.695862970550227,-5.610909169947982,-9.713612366848189,-8.387395775749535,-2.625907284963638,-7.673245525277932,-0.214545576665216,4.808548347562944,3.010055365853777,-0.754534716938613,4.663836609947847,-0.665617157176744,-0.686021891200983,3.068936403860267,2.069505810267842,9.444730930987415,6.447878140864802,-0.163654316356316,4.723755381874696,-6.237205712026457,-2.234326026595133,-9.215458490589285,-4.613279077630137,-9.462405034519769,6.283994261969770,8.524448571110415,-9.357022656958353,3.227446556861196,-0.033120655206101,-9.109498557676526,-7.315970154491311,1.244366962451702,-1.217877954624122,0.895766152585209,-3.168390303297683,7.210794188917586,-9.427808505873070,0.494366378893552
6.890797260182595,8.894684115800658,-9.878712984738936,-1.496450400849030,-5.291937213471412,-5.507129907729822,-0.823513038733319,-8.408120210122776,0.086683994888805,-0.766757218667708,-6.463654081279213,4.733318876197611,8.133245856439629,5.347479410687185,-7.549128893395536,3.834435973260559,-8.708395248747680,-1.538275723881657,5.811876302933413,3.782792912239882,6.718274099085434,6.954398394637227,2.759775105557260,7.674883926902531,3.216468046587902,7.323040475646568,-3.886237420470411,1.723910176340596,1.474038808539648,2.868881843417618,7.260125390448767,6.786996978342209,-2.200698900915718,2.944873176464872,2.675426764946709,-6.356680976612374,4.393746194033103,6.532100313565291,-3.915550927774067,-1.627930217293411,-9.213097982231771,9.187457378310079,-7.867147621213675,2.496421210006186,9.551590062191401,2.821371530793460,8.171116539602640,3.926747709165536,-9.821232916487597,7.972901560077894,-5.516043404875763,7.454583828007589,-5.994685913225519,2.475547999641135,-6.887596510072996,-6.232806790658740,-3.526956375127755,-1.808347740484880,-4.264131981687072,9.722905433273908,-2.173567949718313,-9.619353790157648,5.833591864988446,3.551743943240949,-5.546040380052872,-0.287647633673354,2.116690286454423,-4.085230649661053,-6.822943820318248,-2.595817695145957,-4.134149546786265,-9.440439052509038,5.343364648050500,-6.638613915721741,-5.594440391423891,-7.046567342019832,-9.031752110634915,-1.676670743658432,-0.177331196515897,-0.951553239150369,-6.156602456845699,-0.188729831144720,-0.668174690346252,-3.124361291475168,-5.876470002491381,-0.150965957214419,-6.309168273986363,-2.892304879538297,-8.223817409987364,-1.834878260503139,-1.584007793194944,4.878828500841578,-5.844837105308914,-4.414798792184009,-3.395269060169708,-6.303742581114619,7.784507287844605,9.892683405519222,-2.331326266549960,9.475751730669831,6.289901067915761,6.571187001260832,-1.363707004386818,-5.004066750035843,-4.589173579399355,9.486224773350727,6.560217678646538,-7.295758203700955,3.372874917732593,-0.871662751554393,8.020885700999322,8.284247240187547,-1.346608240115138,-7.254046484802954,5.300329032637984,2.641212824495941,-2.100116444361186,9.822664070651449,-2.412417303256673,7.973632321992767,7.679158047710160,3.548866590275619,-5.567822018513773,-7.152039829369818,-8.735256686542261
