-257.895447046153095,17.825154269012657,-106.366339338562909,80.775006102876844,556.354146193053793,840.455903990445790,-254.661626167221385,381.574498340830814,-150.370303493229670,-142.326597330884454,100.274850071029306,-192.952824005113655,-420.475102081665796,270.563172134395870,15.716999506596196,252.661058333918135,202.277052737993046,606.080763779764084,65.980251006902762,96.731641086061146,452.955472802212796,150.087236183264679,-596.220366422056259,-92.874705991128636,-217.965901411404928,130.863006912092317,135.402473535260299,277.122237149226976,233.245462211637800,81.666998946420904,84.699467621966051,534.748877602105495,-410.146018970612772,125.937051259096592,-313.092185137710658,-486.832950408526926,-262.002052455506714,-143.564111797243925,194.427866286421676,-250.707854768291355,691.245617445183711,67.878649238019989,629.855090875074893,-424.789103888200771,167.303134082802160,478.876083732287611,551.191461335035910,10.001614176265978,-292.140392432564681,268.778347199478446,287.738315865317986,310.833828885263756,359.659445587657672,350.788376341491926,247.844458275760019,-265.536493968070658,310.762874344776662,-39.089332636079988,-80.506161159169991,241.602828801986391,216.435805179625135,-483.254499979966170,1.673559463665843,-154.658948121208908,-305.448048540533591,15.797053764521753,92.605231746259761,-359.765660659118907,347.904380608235442,105.923503279202905,-62.899546522417921,6.115437438633080,1017.652286549400969,-197.915830967617865,266.646954621386953,125.358359780496585,-650.717805122884442,91.549567136396718,499.812066171455569,193.272632671591623,8.259624029555958,-154.560298057061402,-438.248372991112433,162.033802262143922,-774.734853304378476,-81.000031056703904,-439.065491330421878,791.455981241981817,-56.399972048528127,-263.430471947460660,607.835511036115918,9.095063877122360,-369.317829354626156,-462.348940692432166,193.984745140465066,214.904166009273268,813.355665642633653,-224.523795114818938,-202.150032265959823,-487.773094205109544,452.664447146484292,30.764090076917768,227.879643014001005,101.941237937102471,-298.940917085253204,584.885726037735708,39.380150669929151,-605.135044452194961,87.390009970349780,-451.173334829098621,199.963303726055528,208.719368219402924,-715.399780034083619,-806.715981788495242,628.171079509038123,334.161475150241188,245.804152075135818,300.218967820779596,-183.099159322806543,24.577770514816169,806.657880061675314,-199.815924571129671,-78.431157943290472,-236.242611176407308,-132.010084300909227
301.015459273643614,-848.238654039765152,-11.704430976105343,389.586613879397248,419.620354591141961,119.805945882168430,-143.580798540352049,121.351828270158236,102.784980904947716,128.945596781095816,76.207104056422054,-287.731015877287859,161.679502851376071,201.838591162494595,524.195992629365037,166.255873135192530,30.662248492508596,233.515587136487625,-850.794100218601898,-10.234095601397740,158.896618882604685,-279.129954542742780,254.076487080746944,280.719718854844587,-323.514738390062178,899.515656031448884,-336.245094316784900,56.284192108999477,-379.984660835199691,-207.957011801132126,337.348181989613693,-234.113032300776524,-210.070677326558325,3.540717705265180,74.495990178849965,-307.779342602165002,-384.747562512854870,-369.958239495268401,139.605179459687918,-290.890505814322808,240.271537010781344,-636.640206961223271,148.859123937145256,-338.315676811953722,-583.185959459611809,441.825907512576634,449.277333379546917,-442.880227637411906,273.520221011548358,-368.646806316926984,165.883249879533821,151.523291356380810,443.573959470865361,218.272834509020271,-518.774439928181891,-510.148764056233631,-711.271264039181233,499.856058867099250,-1206.288831339525814,-351.013299724308979,-57.633681462634200,-3.995155762585355,-401.689167087014710,697.893373111767119,575.189200162171574,153.536656053164734,263.700391735981952,247.039799627702223,-365.122391101781545,10.125045682416026,139.696763181471539,400.834717821272591,231.181618760985486,325.734732997272658,-363.309251880941019,476.243680518287533,-410.027071363947016,485.166617027501616,91.790684083733268,90.221942772871088,-272.826487090239425,-156.785123219149654,290.907038945323450,-368.060571441250318,-691.293944638600010,114.968636832758762,-89.132136365487298,522.211562301831464,-134.085194972642626,213.567244988695734,563.186284520282015,230.881791263391648,129.045813306529681,-193.914369356182306,-435.825542906225223,365.738423833568675,449.035550691206936,-199.670511492654157,-74.855977864669512,-31.720080266382446,779.109775919933213,-268.629323770927272,-220.771859529351786,624.855375084820480,371.814691164187195,60.298567551926297,242.377428927064130,309.414948264430279,467.880339322477539,-274.493338677862425,159.936378427177885,307.744280601063565,-2.112213124130301,75.150916540432220,-64.187167476029757,242.462255399356820,299.250723632778090,426.880397327043283,-43.168683221716577,-249.453490203344046,-717.912746013370452,195.659795586339897,-69.117909909464061,310.774841143421895,790.278951284668778
-109.358510018130204,505.104990795503397,-113.088552890891407,-175.940958333920037,-454.980013210588311,-407.142740561132257,-447.897264462099145,788.178820858431550,953.738474479297224,196.003027854841093,-782.787189442412000,591.909442095533905,-345.865684093047435,-234.118312365525298,-135.655301877602710,-365.639039172907530,159.607911255800303,-874.095933379664189,679.884257816893637,-269.701184421633798,514.193511873353600,-657.017382429082659,757.288371685735001,-81.065452324009840,-273.805526741887775,100.065917919821459,-405.253613030663018,-441.977675672030330,-81.718626868427705,317.455912788102296,50.574083084035976,-243.729564925655410,-111.430642233075133,-328.877868501989269,-238.980772098166454,167.427621394188634,-162.865941305802551,358.378030205187031,-331.659818243156849,256.639035637431220,130.716056138213901,-46.100723672075006,386.226473903501244,-485.122553423880845,295.805709827458827,-170.106904574923732,-334.637007366673174,46.395168898400023,-472.115041204861313,-23.196442626905394,-302.754921194139797,142.104080717237309,245.329570074013077,-62.523626406794961,-662.016898822865073,-495.630901292654073,-33.244131899010092,666.866925567833619,-35.640476134828148,-418.365864314666339,861.948856349860989,468.849865690575371,-490.720426827312281,-8.100599280753693,318.684096008335985,-0.359496269870297,-532.801450354803819,306.648052506722365,-273.446761222241605,-614.316325822853742,193.789898667283950,554.170418632416613,-536.630482993484634,-218.973520789837153,-454.754915252977185,222.609484824476226,-780.620456082147484,-744.873951028296574,-271.483277712805830,15.904699023424826,1050.809839636377092,-1037.925392008857216,-229.715026329802157,-114.173721642129493,-561.787549947245907,171.045014016079904,-581.734522763084101,-498.152666460730018,-172.267766663845578,381.329757184503080,470.440914308653646,126.551378905405684,-201.126702675698056,515.791772308254281,399.442854920867660,305.220055969701775,-510.795811339589932,192.521090547477343,-205.242591389315123,-220.162409488189752,-125.042123891236599,-84.943166760120278,226.163264658095812,-49.769717651984493,-120.443325365325123,-598.267685911977537,-112.479660330903201,-179.358035529067763,232.580918554217874,-598.265217446179804,-1042.971016374974852,99.956516820211277,-512.540622030970667,121.866011649354476,-111.071709759045376,209.093535311718682,-315.334192889365113,517.800930723238707,326.230834919753420,447.523632766278183,240.362262353554343,142.180745495649120,517.284867080794129,-165.022955470543081,434.350016348438487
744.175915335315494,-488.392910461803410,-561.958266929935348,-111.065116909726129,142.565286419197832,-366.806118314102093,-13.976791051806433,-394.261643465654004,-65.266070937962553,-151.545801772776940,731.857581618717631,-252.871539841646296,-1371.363519159502857,240.367032565786985,709.326182708917372,-188.639061095653290,334.519364140736798,-25.427940872121823,-207.800753200960145,-464.020982765644021,149.436714664509566,-194.456971210874457,-160.040792506809453,711.432010588679304,-79.513810941244884,-387.081040398231494,-923.512162048647610,244.710100540689382,726.637590217397815,-349.044855073202370,-583.137043495166267,-295.458984175697196,155.731865474956948,701.246163799382316,-389.091102330900469,-720.444362461919695,121.405024181727029,270.026998705665960,21.425498482625731,240.031237892448132,-396.942361825177727,-291.127621545283262,-126.407634119194711,-527.410576376614699,-80.472296885232282,-299.477483465400383,209.309744640452436,160.825742298323576,302.390258204753422,-186.841404182740774,-50.683253599960906,-23.564089118799586,-321.435502750874605,-403.998208244920761,-251.755374015647504,254.981032224426599,262.545331271913028,-330.897163236170059,-744.072281413865767,-80.417640168038261,52.264523040798515,224.173761605770551,-75.687746645018180,487.704141410373609,555.563260734330356,-626.711027484550414,438.873722898088545,367.224851785515284,459.784815672898048,-384.441458208995641,111.176011380447505,-327.943372014596832,121.517661330648608,-21.934381398984232,-302.889255093849329,-321.607955110720980,-403.780826097833938,-495.306024372132924,267.920241648417175,233.532324049589704,-138.452064999027670,384.956891058258691,223.228661620975942,233.205120507495451,153.215225939808761,937.564162940992901,-465.576273322999100,-538.083421265143784,-47.539770725850886,261.082631401064873,-131.636250053335800,503.544156534098363,-81.639460533539037,416.739593522806217,-487.999399997751084,330.115534504380093,-126.342644593561531,-63.362834125408924,-52.780329623698393,302.068827610946300,-352.412915740511892,-9.110682323756352,275.004462071888099,51.293973202519197,233.486435719510041,-323.246461538393987,444.040850898941073,1081.381556582195572,-169.301323734424926,23.461589663053385,-29.948573944415816,-63.311417604394720,-33.291727436575634,68.209206820961313,138.934193307052112,-151.121285280124965,-180.368994557938919,266.493039409749144,372.802213615670780,518.648291343107985,-623.941378299309349,7.007581327078041,166.233550876549714,-192.388532263457165,-194.256204390124793
1.102041995146387,-3.590340050010356,-154.593405168513897,138.154897563804525,238.608265059313084,-409.165980704871231,196.224986872873245,518.477185281741185,438.599632599695838,247.687809123628057,-340.992885502704269,674.839021567372242,-541.701740264883711,528.673142981549177,-644.401590779370849,164.851317431283860,-146.737654553245761,324.656759567960080,-267.894960976232312,-226.573655376031780,353.373553447232894,-363.241816626362663,104.287937121550783,-66.554153688039364,283.711719519478947,451.487693090878054,128.016503051601262,-263.588573437829098,-2.697310625208754,17.459344139322308,-578.887959540175189,436.315838258995882,-724.034584976175097,-57.748890498014603,-198.705435620473764,10.390876282127728,639.829039177179425,-379.948866429563225,-632.868964345729864,-201.628217583622302,10.628013610707452,1280.322614680694642,309.244902195835323,627.551424593790784,322.345332001233089,-180.618281483916121,164.203210473590417,149.432586111845950,666.051776252371951,-934.367975989616411,19.692209841787879,-290.742512276140644,151.104526424467309,-58.791321286561498,105.129327269775217,1118.250409946705531,-157.700746421111063,346.630243962013026,76.066413220298386,225.553807781378765,-334.277757339960999,485.436397716668409,510.503735438626506,239.541019948046227,-169.586924529921930,480.073330931840928,632.658488110112899,-31.161923148893170,188.733913793687577,195.058509903627026,-19.259396146378883,132.995180011739706,-117.639825765381815,11.586078151285422,147.083778636835717,-147.817658542024560,76.612255786310527,98.485200434571453,-142.385729566746477,-493.806149595102852,-316.014270452360961,-164.080253058630120,400.654432540723235,-63.190055945043994,535.300112496728730,328.932255727931022,-170.691344493292831,-517.191369892295256,195.032648541335618,-355.712732409599823,-711.446868064573778,501.622692259141786,-333.545382771943196,-285.120187933646321,312.846425967019911,-198.722634597769485,334.244151295267557,383.636588220611998,181.208743159822518,-144.512737250140106,82.208827873115865,416.066577784850267,-30.067584720719434,-190.816192486570145,482.609957839593903,-89.551676264759692,428.746032557829039,173.777219842601824,-46.806640720473915,-32.451708664353987,-190.040306454107537,-157.194913198329260,-154.564522649219384,34.929956854014108,-175.863408093260460,-440.061459210040027,777.024797153568670,375.092830526413309,669.420856836408120,-20.756302756276693,-296.111968238836710,-479.355948795033896,-189.315351040165581,-377.621482321782764,572.873135226997192
84.383103926852598,-546.357581067220281,239.373255195448735,-284.939400595506925,429.631569787947171,110.765163555075645,88.804827080475690,-138.191445750802359,-317.307577580451834,-147.047246638004225,61.954360012311817,-146.453984327069151,-297.030541141374727,205.097583705202226,-677.515811610030937,171.632850149842454,-65.439705077664300,493.153686885150989,-4.493171700963600,500.039646668878731,-198.421865084100119,-664.852494452669816,-66.200944533666373,-146.813493847455334,-99.261318910630592,63.350151258912263,-322.257100351645420,-145.199438855972716,-85.209775258511343,307.920637570214467,132.357017092219962,229.848653390398567,296.349328605373216,-196.383140865792342,132.143653550845158,1196.900695702637904,-679.451047346674272,811.075278740856788,-375.196296946492225,336.747655726452251,179.110845854414947,-86.278130754164707,220.692060189067519,-382.176319257540570,163.951966966332321,153.769331255836732,-788.374837041131400,-132.441671280349851,-593.724095586638441,37.673421116337209,-9.815977591386009,190.327856044897828,-186.188438327312156,-449.657564145987749,680.793443507525012,406.344131035597229,547.069563349808959,-215.873178077124322,194.690192522408580,-265.079333889614588,-492.188052362457540,94.848089955357935,431.216046900230879,-261.776501203674741,94.140846122547515,-279.091240253504338,219.899308734745233,111.481300236354798,652.643215854140522,153.073450597880708,-421.491845092561221,-212.594952733409968,-131.073143960542609,0.489826265074718,533.084809111460004,205.617558123829241,166.871995626674504,136.578126816539339,807.961470078184334,447.718300483765688,71.741025854866095,-388.806400547407293,576.323091021277037,256.629500308407387,311.272281691756973,357.723246998332968,493.928830790546556,-85.586671737987075,188.202899513098799,44.191334830815094,140.155912363141596,-124.428002391938705,212.230491107303806,259.659129935957935,67.317671088622745,-375.413639485958811,-289.629781413060357,-598.097315485587956,104.611500060524889,-99.421632423148822,396.878975705988523,-474.336570695746218,268.477882977962054,-299.698152206542886,913.268454648601050,-401.616005310538355,-658.899362670735513,0.822578338836365,-29.613865929289211,136.689388970887194,-165.301709428102072,-59.137920237404352,-360.764396513932979,-736.896618368195391,307.605937445545408,-419.302993991127437,-185.306121951635021,365.108715466218314,-154.711837965532823,176.634350632927436,391.522596492080879,-578.022427104404187,-149.022642157240739,-35.106796716993657,202.930483777999228
-235.454680701062955,-26.292016023559043,-591.414854290123685,-115.438865568424120,-64.842006781035238,-227.359203036082477,868.880733363380045,172.983564141294551,-146.618803540356254,-339.671033523042297,-322.451424677937098,867.008281251681069,551.938683358425465,614.634030818730935,-8.309733080799880,992.529381633761545,227.024202559282827,126.760771605185369,-310.374027832965282,701.202327898620979,280.517465902037543,-202.152879455774126,135.639988159259417,-305.436149554515566,117.631001220915650,157.706705990072180,-108.830950987011548,517.082349809913694,-137.421646664626422,-154.953220185366604,639.307808503983779,398.752379484861251,715.189655209233251,178.685905202577231,205.145031657936840,394.004206090472508,74.769776159157914,-790.163988975306665,354.128996647494603,-260.676739956737833,-92.826779013798699,-287.786739091655534,-60.783604002134417,126.292056640810557,-197.516701824803476,-502.469315381667059,178.140447604033056,-17.341682103140784,-273.533711162220243,244.781060635203914,294.137270502262425,-581.693131618621010,-535.743093338286144,682.923644562974687,-226.779066781800168,4.963535313921497,104.620273692222099,342.581448310587234,-174.429727967061950,-459.229766830956237,205.065943447792591,-216.118026149060199,-356.841629098301837,604.985878072949959,703.611195968055199,136.549748821621847,-379.218064525660282,-196.433312844176385,-452.246601384408507,171.889086732512624,-112.305484966401337,-152.872487327405651,-354.168975441340706,-43.087468476219030,-233.143206891576853,190.177914034118942,-382.737616368467684,-153.599189164560897,668.397619822994443,209.920192498997721,167.901224425187877,596.835802107410927,487.261434592142052,10.551841253482113,-433.464405817532679,283.844521913188203,337.062244848821763,210.604653228185640,-759.662163173492559,-302.665931468283418,-272.856013153560525,512.024632193706907,252.172366198329172,-308.092699522283169,573.085211172589425,91.385296989432192,604.692873117086833,381.064030243969455,-88.537550250628868,509.947115037306446,242.675326971126481,680.739675854146753,-294.876923485439249,-122.709984245748188,276.371861028089938,227.021136934902302,-151.757761149568864,-61.319490795948830,-265.812369260290666,309.886099669263501,207.679437863960743,561.757382442787730,3.172377544820705,258.965159845469884,485.447479505279716,-38.079676671456248,345.290348728464608,34.016233930221198,-213.677338382258711,-43.814936431978865,75.398108976762003,437.927853972079618,-135.515905405377850,618.914625245382013,125.570815932148321
59.206718244390757,-88.048714562240448,343.991206727942597,-139.914206319190214,236.901065246447132,47.859182499209012,287.225778645510275,-412.847475989151917,-27.556208973687262,104.999648593352163,149.624392597274948,-782.422465993134551,278.488167656607800,124.962178704542652,-49.642508782731525,-19.377112316400755,-41.298908297603276,572.951569444080633,-2.869992434255529,-333.018611659730652,-672.411001804940497,-270.243620278781805,323.943489818815635,-119.436026470661886,-317.070413583312188,-50.742074348630254,-51.702648329015446,386.727082140163304,-299.427564867103513,-206.640521540107954,-162.981882655986993,-305.254066866703113,-174.302177436448602,-113.561043398026356,-163.269511316427497,-42.580735146661048,-702.583191468186669,-22.362265203073257,339.073135566196470,-196.164141999158488,-486.651665747495372,29.937767058071088,409.366004341067594,63.933252888111539,-517.175310660849163,-362.881208461357460,589.318392618127064,98.823796291790046,404.324525111511264,804.222083864102956,-43.956018727629278,403.430344452182624,-251.248645407725860,-1447.852617107424294,157.604229730935998,-36.381462989310222,-351.589868724031874,68.000110014130968,-63.237748183966289,-68.026795183792245,-936.478679095767802,4.404268837736240,-656.346890329700727,209.202510696145453,-491.703351879160550,-169.462449706511279,546.683382575993392,226.827008249562823,173.669013172638870,193.510559565889167,223.340153713488235,-457.469358025545489,-91.322557074164308,2.700762889744844,-127.602873292992712,-69.771351138293269,325.796070808791455,549.639696906851100,566.602578986106096,658.190322880414783,691.219148178727551,210.834637863443874,257.567698833753184,260.530517698214908,-134.726901738361619,-450.313271626324024,-249.013964684778330,150.419575806225055,196.172618196872691,-96.730493058067253,-204.569783786124219,-140.398241073025531,-103.883904452057081,-4.574035096584367,552.644223042022759,125.279459006294289,46.248652363894450,-113.710705842998749,32.463692042026963,-264.262323855293573,337.752125713198097,-531.513859611014254,-151.935371061975701,26.839205443054645,-946.403465061813222,392.582480782347830,-259.626872956049681,417.601941538346580,417.021225632931419,-434.139369073131604,644.317743574216138,-153.913895119919971,52.632912196896058,-365.816802635365605,296.059750697559366,526.687524314767188,296.436663097536837,-206.294649521476003,-261.487986879872039,-135.565769995197257,-2.868474382873814,-645.564415496929314,3.983111250203478,371.637853197380821,-467.111634605546328
-182.925755313947661,154.772536537965266,-186.801522158521266,-99.616128832840189,223.583875914767475,221.873098955726562,-375.046133522663126,542.036557436689350,-282.126125875904393,-695.093008769258972,284.725480715271260,353.687467862263645,-79.823808731045318,-266.810611162977807,-403.755232499597753,-330.398469969103985,-25.164726529733123,171.894407909783524,484.025585368705094,873.843435014660713,386.147086671417298,776.404725832969575,357.308069236116580,-429.760106096698507,-129.500211084940418,-178.211413910198189,-430.354132117764891,-491.700276239763070,844.602480228948252,319.443786978296089,-270.447730513442195,231.008106007258675,415.701942400908422,300.861370392629112,-132.301667098100950,128.031188919271671,-683.132179201256008,188.655558709515390,54.211954026678043,-307.237786207983333,744.250344058811265,243.640652416260252,-175.938140550467494,101.198370628923556,425.236258192882815,21.267703742299275,63.730213750973050,554.886206791304630,-200.715137951601548,128.162792905539078,-423.146469402453249,569.333650660027843,571.864952668339015,-158.468577784256865,-264.596547926214669,-16.398132503979358,-108.198068351955243,-314.980135465911701,668.261364708740643,247.934594836259919,-237.289816843274508,-364.775776162673424,337.981995447741951,294.577170120760684,365.312282770599268,486.533857217251182,-604.729290390586812,-190.682163217187536,-455.939650052894933,385.718913538456889,-103.820821621578972,549.435956439576671,734.175893310442348,-313.211676112096711,115.440687770773422,-339.409857832765510,-575.323760698915180,-128.766505064512245,625.218691112283295,1.113519821679865,-8.249375239887733,266.363468381965788,265.128369950481328,245.968869878306634,-56.203511661954948,382.977671848320085,-614.522903798717948,106.651716645394728,-712.225351676506875,22.903204178784662,-320.605873053126174,267.278170200316083,-425.373923069436728,-33.854104715561867,-241.050889902952747,496.650285570168194,713.655323916703878,-344.748077872987722,83.717416177677933,103.125015931333436,112.819479902179651,652.990378118602848,70.200977832316141,79.214869471961151,668.213309231198991,585.966467063794767,563.190953682218378,-358.515233744607997,-286.670554166666932,151.109229634715547,-287.331073332335166,-145.213549300418407,-665.161040252745352,-52.822888206075547,-119.118428910421756,-399.804314639392601,95.369868077434276,258.149688310381066,-183.680068802071048,296.403064576982558,-372.437403300919186,688.386585249692871,-309.306488291763515,-676.950537124522384,-456.954345547837931
195.142455811641128,137.966221841617653,474.931732662365619,-176.363735389793590,-23.900790581938200,66.150460101848836,224.373021046065361,416.415807653059289,518.345321060736410,-756.146098640640957,-516.902406484117137,18.271942927489008,-260.631818311516383,-317.762517673844002,-645.583136605008804,243.395643654669044,334.617096001575078,61.208471429088512,926.345800047987041,218.345306682482175,-321.321520828911957,-30.434172222199543,-215.837265849474136,-501.927379770693221,-33.330711381956498,-78.483780323859179,-356.661887882029987,197.529397470022502,-90.114933189786129,-595.473007913235392,678.442661889691522,-376.813608624481844,-193.924228590224402,-5.745263559858897,405.271070864402589,-9.152827219533236,35.580345029096762,662.797813619069757,364.854440204201637,-183.528469457268216,-250.747532327298984,1247.962885204429995,25.927679635451849,208.305010123024317,-239.680176403961468,-272.004330778486576,-363.279015060021550,60.975083951766365,303.106865311892477,129.665291298838838,-187.502989029285487,106.282790635753244,254.491472574293766,65.798711787394112,402.794495273613109,-269.715723925742680,-395.297996576826449,162.958876668870374,63.564374070199150,-217.134179404693896,-430.493451273175083,158.736351532284147,-188.963632512269328,464.478593395654229,-10.340777171111727,-79.256343930254957,118.899349416233264,175.438792289753167,-175.836635240661451,-387.663036925767756,256.621200262352943,342.440661532096101,-436.342436959483337,-560.738709032657880,-86.662156583576092,725.579350846954185,215.647405774943479,-336.444727136444328,272.649967545482241,-452.741313837178609,-421.725609062484409,133.593771201330213,-201.300284445609066,-579.298870541757765,-268.681241141463488,-240.337456924744174,-885.549564943807468,-240.308104459115214,386.857102909513230,20.975906909208177,-332.431567501309246,-630.949268198888376,-375.940937434582054,-1324.255483160136919,779.806334121803502,-188.085440812481977,-81.245871338034078,84.909172331151382,-684.959178441252448,-203.171438056764686,-6.193134851937250,-396.007989196945459,423.140254504614859,-192.645168182263575,-360.837601040079619,-262.727253256942618,68.790154617017549,-664.338411155574590,165.422964583053329,-76.694391419006067,-898.925371417830320,-944.352841483669067,-233.136048958722313,-681.907973542526634,-7.720731822053699,59.081403930529056,-532.820470933364959,-184.164521799632297,-38.342584630965085,-30.527922546173940,-35.193764927218780,-48.105606542496126,-211.611371437658022,-296.499696771959236,314.641275754868047
-362.009939237592789,247.848181390094766,237.622347277035828,-321.527078234617647,355.563774428842521,194.380197290691711,-681.500380403306735,185.649372667024863,-599.749820626970632,-201.112409427485062,-96.697020258011847,-492.489075130738456,-70.669468114730279,142.319404025270956,474.152745778324800,322.381031615329562,-287.998673381660240,89.985559508423478,-564.486826835200873,27.797452625516904,-105.489088536249938,26.068624537956367,-42.774275579655722,-508.848253236255005,324.340724623797428,-462.452877540193583,112.855205400266044,-3.899575199702201,-102.421993016759430,94.343100583660814,137.542071144041756,212.761833927313859,200.974864749616955,-319.359308862031469,-577.486282799666128,139.543964755842239,-873.195937518147048,-325.792662949493661,-326.769773113184783,84.195906874184089,86.409083139453259,-440.387576743522118,762.913856033560023,-725.040297131556258,-367.801585913777899,305.314458248490951,-325.989610100228163,-533.495983813304292,351.052982224228515,-71.287108085374598,-187.250680433038184,-83.488550306285674,-530.426454582908718,-55.462343466304056,-432.562780057476459,-266.711995919955768,404.218205288818581,-31.213387247193680,-88.684333263804206,-419.852089652250584,487.275592172056633,407.095185655155717,-258.182249157664728,107.203571026273991,-43.097781498110052,-17.414553213196555,-690.585036142172726,104.660783533397165,321.205025859180864,593.362375943978691,417.756024007436679,696.708540393343810,-28.484095256443936,-125.840156249453543,-286.874369476595461,78.304939194812192,-73.069291017876481,-573.273474761475200,-402.753340945010166,-47.909422172865021,204.002089602504100,416.401154167171569,-257.568559423558497,445.833716053575642,-362.271272715482212,-946.778050138256276,18.745494696330056,255.497957945711818,-828.913985129957723,132.863590398453738,1093.809652415718347,-535.267219562819605,630.610433606699189,334.658686095795872,114.709981976664437,116.315527087758753,-366.227884710240517,-126.108968928280362,-80.063463169338547,-7.218088637892989,560.396418097347009,216.260967815706636,-228.658970359509055,-1026.526512633488665,352.817854024308303,422.602812129508948,-252.946724401637624,100.124241662351650,206.695753681442426,124.810558016005686,316.176929610876641,-445.742300619291996,206.882309806770479,-11.378659267473026,72.987473305484656,65.853130678014452,74.154610314757321,-23.318159190921385,156.689177529629063,89.586467880409003,66.488232178957759,204.889284590300321,-415.582474619108098,39.324686400151151,803.122787904912457
187.714259275181945,-193.620264383112982,-427.987819040293175,-713.914432225690121,325.478923497435062,-709.504321944800836,635.580568597301976,271.020107325670324,537.779123578803706,-77.077271346487464,366.843134138967969,296.694516132608953,-545.149236624318860,263.551534090668554,-109.096899000229314,339.543211123328206,-525.967810226635493,-383.725773139320438,-228.216718827049419,-27.666046360767787,-300.423443637874925,-108.468387446769157,166.891148048594175,-894.970334459395417,588.582468681444539,-65.116747571255544,-649.754303583206820,6.781278765183463,66.504960579579489,-192.472928458091587,-694.304885061155801,-242.283052756414492,380.307407956893485,-403.746253273468596,-50.993941627389034,522.532326077545008,-281.087768142965956,183.797146538895532,14.054264520387843,-68.065664646574305,99.322596616585031,490.612432826303916,-771.432289874768458,174.646993863914872,-56.386631055568088,-1466.842337387224006,-62.138832429231925,33.846929473102591,-151.612122110103428,252.616538270800078,-190.625450341773558,-424.560201071963093,-156.572232044810846,16.387532323650550,-659.039040021690653,553.018764101780675,338.129128761208676,300.315385770134640,-216.787374349780407,-424.927996951817533,-949.532855555834772,-157.090860206531062,-853.625203166094138,6.069582610826808,73.186781962955280,270.016107883261895,-81.943822082472551,-170.080489690221697,7.487478201292221,-985.530120061045523,71.022983570029297,39.632663591851738,-306.513724207534381,-519.936471382995705,-709.561101687605856,-147.487432265445563,102.949697540206728,-473.650156058663015,36.760377635633397,-80.699625155380517,-1194.654590694154194,332.237783879368237,38.547617874395954,-88.239043070360722,109.352126858661805,-536.940619638054500,290.769145629141121,406.148942678317269,-46.727729372953092,-114.978426610136665,88.098242209085612,-165.948796720244246,422.559856176041421,148.716287039204730,197.547565250017328,-164.941730201634073,-678.313591583247785,-43.255712342216150,109.806377090113841,20.234561759362517,87.548289521434640,48.288761551168335,283.226825266528181,-404.261261787678052,305.124881773052607,-809.845926840795528,419.905901959095672,207.977222776671198,-255.239976517211147,664.409757654465920,616.677678709540032,299.156763293248218,-200.823920625169450,-242.395625195483177,849.680764439697441,-74.057579934014441,-460.042098660522640,41.819457637996244,156.830425198273389,15.907545718332692,52.268442735095803,-350.240514624391949,-25.001720155276018,344.613889014143979,-9.859776872293738
-119.282728094197665,-702.150322201276708,-240.200667304137880,143.817074458825687,66.311134351487880,617.685796456552453,41.805042852014012,942.816209272692049,-184.010313865279954,122.395861174700826,-644.960460780327708,183.728363080540277,280.454725219950774,428.183201358013548,-188.458930878224038,300.521551232507136,158.018482757262376,-309.221971406810781,547.858637101967247,-322.156074006560516,48.571736255533601,159.483197262051618,105.118830873936290,-91.933711549025958,408.065611042257956,687.652318267313490,-313.923312027816849,-191.822298335145689,-231.449062676774645,124.040401653897163,-63.504597711354762,304.314704295169179,81.833684169754065,-42.263881601156406,81.138218824516258,-171.566053151387280,116.764158609170238,292.029557048733750,-347.194907731690932,372.818439552575853,69.132110530561448,131.896653245528341,119.378080909085710,-283.878328458985152,557.926032024302458,-193.732094621821801,-566.045499878335249,266.998364382531349,429.090287386285809,-526.293058790684995,-178.119159324625514,-203.583309448660998,572.554505277546468,189.677693517526620,665.954714796039980,333.411676208235463,60.581457268793272,-11.271738915812985,132.384950867492762,-433.244380739062251,7.714871795832583,-712.798160660893473,264.513935806186851,335.537991753011624,506.510971267171612,455.492749692524171,-133.155931242694891,-59.038877101838295,-322.685959686010222,-38.884220924972134,-119.807889324027840,293.160464433988182,149.501096737394533,-64.506139889686025,-967.700411059527369,-128.899722645449344,-208.931215719513773,489.301652282177656,369.688189822240361,-110.153616217233278,-28.924044639250653,88.906813534943026,151.331023313480614,126.300688610181652,80.599594893016558,-417.418439140969326,-274.906442745693255,650.697809212500260,190.327178869260820,-251.505390495484846,-177.432436165617730,-580.991693253815015,28.284453015013000,292.514328216667138,-183.030972291713681,31.956594795014162,29.875074016316447,30.480008273633203,294.940213361871599,-320.779568445987934,174.772039172120969,-579.324519298921700,296.002416522350813,192.546427195865760,143.259921223210540,-211.274096574468615,-452.151591242036204,-234.676885496710781,109.703690941441707,-143.587315139620898,-219.270680187283745,-104.532653799795625,-521.742298301785809,382.218213325080740,-254.402713742658875,61.529763698914984,-259.276813243044103,164.803389819898229,60.486336600545187,16.946957445689705,-601.822004055440971,-234.854565679978577,-562.089129750343091,-352.380774942004450,233.649843856354494
252.084757829245376,675.250322764493148,-36.377275941018787,-586.556512617392400,-298.769254361788171,408.163171014030752,-87.240330836395088,365.526016278966324,531.592040773896429,35.699509565321016,81.504731406466306,-60.174601441221974,-446.348553533665495,-347.393699362419568,484.322554462257415,215.394120170290023,626.280588217936156,-510.519894423810854,62.830773996333875,-396.156226323125622,-266.981539226246696,300.446197598249398,-231.567844070101756,-356.395813163767230,197.960580363191951,-5.897950805594888,21.406548417807624,-157.628388324288721,441.415239540575101,-166.611792669336921,81.290843565227050,-254.619403582051461,146.976236960600659,70.527340727585113,-869.132223701649536,-21.107593930151069,-205.003711854190414,-52.921200973100035,709.124919456514135,-453.125615191168549,-4.522634727404501,-114.660019863581169,61.116168236436067,-803.328334134584452,31.268441305797786,40.862493977458314,-216.630013897493313,-376.866548835205265,728.408848435228492,-153.144266515768834,-246.913855376503193,-330.377629415533761,86.543572567478478,621.454987488278107,293.381289271800028,-142.297810172445168,-455.251946015133910,514.821737903597864,130.686061337619691,-715.541015438209229,52.089682104868906,363.730494422709853,-187.995130484712405,344.875269513425849,-91.421249562226421,384.226317090628243,-197.069905159972876,303.047656900870948,-485.881986173596260,-470.212404030854429,-17.598835771024419,-208.300741124307137,-79.804630754944611,273.630963007657897,-459.643774067399136,226.922093062524340,-954.870470007331733,-667.948890560838436,118.856887070784467,-764.372114567932954,-231.456870720310064,288.862673824231365,-591.025025040419450,111.411951749435062,-57.164617755074730,-167.887888286218185,-636.237686966971182,148.541034847678247,210.734832418120789,-112.864654672918647,-522.412025753183002,-297.183527651698910,67.328326776864174,-443.182632316573802,190.923862208240479,186.074162349411040,276.629885245992909,134.435728081769724,-175.147963338887081,124.858435303784063,280.666773256408476,196.406969280284670,441.287773712262720,-711.937636159045269,20.127735935009063,-282.829927416000203,439.391386117531056,94.800417528095238,42.759401921281679,66.675493545925420,-672.721788098244247,-231.675007706967563,-419.723877051528120,-469.258874627312366,114.899626710877527,81.614397961375062,-249.004441729431903,-35.368532452698851,21.915174171860190,394.270644846561368,101.276841156002376,10.898246608411508,-423.943713607578218,-472.758098319137332,366.502239017150202
-429.734540371581318,99.076721732634383,345.696148728107175,431.151962506020482,-371.195207309316856,-501.810943840217874,322.451395004490621,-124.837450917937943,112.793638645591912,91.021146422936269,-880.715406107864510,77.321498678460898,444.237541003015224,267.756085391311899,180.274226737115157,15.006756931645921,99.945068847684297,-135.340088736235145,418.777960066035234,410.148984572270535,673.599325160674539,403.239331799964759,76.372346172548845,566.414270624702226,-169.971059380585700,11.862726531666723,-579.443504639876551,132.114315882662709,-146.522553851438403,34.314800523572274,732.698131048956839,439.205329278061981,282.196545270344018,-275.214189712035420,478.797545086410423,203.633775643587654,66.030792027510074,-114.061075247373296,227.296179313232813,263.092600771876903,124.909595530494798,53.526303508554108,172.224949980018351,271.638995404816058,-0.282154951900196,375.874442492446576,-229.564804408506205,-165.447959878964866,-824.630395947586976,646.728083352780345,-246.192777891406308,-645.733347516837512,68.437879702557453,206.026323020755541,316.826610552042609,375.999651434147097,540.862390806335725,-507.113193531851039,407.518381008348626,-73.471090961218835,-514.806202583988238,-547.044823906299143,-512.330456463900987,-74.549096782601083,-589.759317322205447,-331.207457495299650,-426.268491460014388,-378.760343003976516,-723.395363311385381,479.595116015783162,320.388082491324099,-478.860786470567064,21.909243354137661,-310.275260513891737,-504.864664249696716,231.313326623419471,-309.255797732798897,341.248196074910140,20.969546774740667,317.062671517218519,63.153301221055258,-170.368616679961207,372.661016290741600,773.375416900315031,613.729337878575620,-154.383141496984592,-99.779468510338774,-289.188184368656437,857.597293286178342,-2.288962861020819,-43.914679692990795,638.871335546972205,-110.317847964481444,-595.433358797000892,42.564392325672912,207.641175647096418,-626.375835265072737,-400.709114731677346,-144.941725936172418,-557.041346630855401,-209.527029966273801,837.989710801033652,-556.359867616606493,502.948556978568831,-155.233906612234534,-391.523695866457444,-393.854739050177045,-173.067243806704340,363.419070353960706,414.123770283151202,488.197675467402917,380.862110102587508,849.454707469984555,-84.236247591690585,733.582600661871766,-66.292135667812289,-201.904041343893681,463.857284479941541,194.125752582409461,-367.492696888661726,708.414740319230418,-141.825913001160046,-292.111097578762951,357.022361953408279,-128.530898262660116
-341.134983515584736,-293.266048688916499,232.915014869578357,824.370574761650914,-2.803995655607295,-340.783854674526594,-401.818249267498686,103.455835029596614,77.909655592230010,-277.296225132347331,-266.151521908758070,125.048233606972616,-402.397739622171457,-342.953230513393748,-51.300916471068959,-553.069640530293896,-314.844428884276567,-84.502538713477634,295.243865916884147,348.097358586293581,124.391129827392803,-703.051839358511188,471.975929316340455,117.308525337265721,-6.341650030342034,50.580037833727488,-88.132965894942629,-201.075323953507848,795.709981026028913,158.038817768607686,-312.520145695302745,-417.065431661104526,255.361159110362195,206.965281627752546,458.404849639733698,-574.770841809305466,-163.519703424824684,48.332605051928709,-355.672538529825431,-321.299517381981786,5.167506405967416,-329.869501906602693,303.149217138493611,-369.253226188476106,-103.214847479209453,-159.700006084613193,362.699823305123118,-220.625535443600057,487.491233259801959,-243.574017324483492,1.396799546141054,194.449494741722901,429.448820169709165,-170.175233591137243,189.949640382665365,614.014355189473008,-208.613627227961160,-700.055686326210207,-42.349755407774772,291.624323199406149,48.374861028800055,-73.253215529074069,-434.195372887903034,235.536052631830728,-231.248313209230417,249.658771977404911,459.548358689548479,-363.402262574091083,47.486174215548751,-64.439627409301636,-536.608871269707720,255.646452109567349,-1030.466072652655384,712.074317369257756,393.487192294554404,-110.071199579715653,200.527754369059778,367.663198469392512,-705.848206641983097,-333.318360749106716,71.786808124921905,-335.028144533515103,149.902519604000332,-72.259506135115231,187.094779551335819,250.232439591238176,954.928731886997184,-245.436467015161128,102.819802820570573,139.006598423334566,-204.368668317287444,-90.393429654131864,346.540474539226977,-334.311685988766612,-40.780992285710099,-60.745968802042420,145.850007511568521,-37.469857391716715,-69.988417667921993,-350.363631002302895,-558.426818542042724,-13.631620532350347,110.440736554641205,601.666146377728069,182.943510194566954,-44.912326200084713,-458.134614167849179,218.814312886375205,-181.545445052255161,9.213978606425233,-352.439336397025500,-430.288785736837838,145.881278836486899,278.304894504047809,-71.926325806105893,320.928165730539263,408.201409937994868,-44.922509702508407,341.016563786262452,-20.434387644531512,-579.018974420415020,9.852545338079207,175.284582399082183,-126.820154710576105,369.862132140070798
-221.894568156797703,6.340110050312951,-39.580266309507323,-359.023790493790386,-44.375741574566334,253.686944338611795,-54.273493076352402,-449.562991591024570,47.562535477438630,9.746211498258276,147.528613480631861,350.473103461476910,50.363520685145659,94.660907867950812,-137.386749442412167,-37.780927042842592,-55.988433046463072,-74.167405945352940,-628.757227455981592,526.357652365344052,21.915650626283842,-110.714689592985053,-770.787330356490656,579.315647116494574,393.035740918499016,146.060590270653080,-52.573962682075106,-90.254877416111739,374.619210134852381,-280.972741770564653,-457.825179348171332,548.277126801613235,119.249467814761942,210.187360808635219,-394.731484972622013,-122.204967492095960,-110.697514387521480,339.725879098556106,220.299013064445461,-55.910001235704307,-516.142664947460275,105.042793540380273,-848.224269516121240,106.710972146797758,57.239613978676203,549.233742274391830,1160.264713381823867,237.955986202101286,-196.923444067400993,135.244355127523960,-689.268000219833539,137.922721991904893,645.029508961453871,328.819728596361472,337.435739482352972,-52.960474474600190,260.975317353820856,-487.314545624529785,342.327487894167120,671.946224170526534,45.751866426001200,-335.159476018072269,522.485796167480885,-356.149697589957668,-481.187488209978255,-110.064318409830065,451.596536474503466,-494.717221732714904,216.213592459266096,-2.953559916469526,-895.562889075201497,-393.734153971440719,612.836317424076015,103.488552640545265,249.127961142675048,-229.716786572712010,-21.797886930489064,-8.337184005119958,-83.760579955837699,217.901099556519739,329.193281072267723,364.644615153061466,94.031945676503312,-537.063268914167338,-577.082139906265525,788.822628234030503,268.188613759235409,340.401811372856002,-30.205054959664352,600.374368647764982,-613.855312673095909,-102.446470889831630,80.970675391929021,-702.605455652620662,-244.201064268137827,-99.038398756802849,208.540701569825501,533.761538269899802,-84.939472417657328,369.920486210778051,66.016638983691735,414.414240288147937,169.917966614612340,-448.567640183128958,591.722129886961284,261.925310333066534,277.182579614628025,-29.520599467882615,-176.217195935739625,-1.331044442376185,398.754711689267538,-11.691927100153308,241.996012019710804,-901.331158354817148,460.961786124020307,-730.507189972657216,7.355519272945925,-136.906579553063750,-267.721925736320259,667.854665131172737,165.015381503249159,-731.682672482038356,-480.271893325819804,-534.900851941178075,-422.555014462732288
28.302139534150342,37.081168858527477,-197.897878609356979,-217.208514407420040,-104.953669363718021,68.661422927316210,320.928710288108732,-333.025138314591686,247.128223003910733,748.389519378953764,-208.878690003647989,253.417512131757093,-281.855924264420992,460.189217213576796,46.847451012310849,84.941173120243988,421.972985937684768,-537.854018057186295,-471.494270047230884,-88.394188878068775,183.346560187112999,-106.234476818073119,239.275897725525965,-142.974373566632494,309.382276739483302,281.246956715321687,-54.691914713808849,-337.145019945295758,-354.859263220075150,-321.994392249673410,-219.546635940605768,676.539815275812430,436.509820884539977,-529.151404303046320,-86.255489453252068,771.511122237856398,-415.816485539360087,-577.747294429436238,543.827870240394532,-88.130841962433635,-173.392929966359276,-421.551047427942763,96.707432289340659,-111.425776091442543,172.706774966265868,78.548209260378471,145.529688570394427,244.747097137761955,-620.565247566629523,-50.324765313887831,551.008047182274368,292.986912980968270,246.876326689766529,309.883702531949439,231.260519743536463,559.256002836877201,81.264273143088261,361.990553409518100,-136.713796049955960,-122.654591712401796,66.128293053371820,401.145579656689392,140.190236388065159,94.980359473395566,-6.376758832495042,501.247163588641570,246.432633988065959,106.111446489504729,27.896847292765884,-167.498348665227269,-277.471179014384461,99.638484139106538,-223.037742546982258,80.459061653384083,-76.376121400826037,631.136480938053296,-268.001545237458117,323.675732371324614,-29.632454407278036,474.078485318100888,369.743222930692298,158.278919866450565,134.165861043209389,232.562351732155065,441.430966160339835,92.016888052278134,287.772418110535398,102.047516470426743,241.485544124672401,342.314921501011440,-252.272309916238498,296.885532657686042,449.417944671183591,298.824321986792711,-110.801359800527692,55.380974258000016,-416.858241143721557,-178.961159894785311,334.743716133565556,93.348733796734265,-210.357819225870259,424.871704410383245,479.594270766449199,539.745522719157293,163.872749381708843,-508.514542403232326,127.207201467684882,-267.881334685610796,439.626030602111939,-353.582411806217806,24.150758581437728,698.969755726363360,-51.549132442191237,-187.913918052036422,-224.191894340118182,-528.824181962878583,-611.065812062616374,-538.835119526761332,-88.801658863946741,-7.677851923962415,-206.291944582410821,155.439929158481476,231.503876095202173,97.660613649186686,209.406547155860466
-43.499916190433687,-390.020113064108216,-148.783555997826767,112.570662583304781,-604.608674686334552,-292.625385643336017,306.515366291827149,574.159413526080016,246.276167967037082,-169.841242505714973,223.277016315550838,611.561799800981362,14.785991078691289,-306.345950545943992,-119.983830305639984,385.904680330188057,185.752541227365725,-357.071910883286819,137.892899531241483,344.843729591657393,-437.749582642586233,707.339837594307710,-204.277044885379183,-57.042573872584846,-482.690798961331780,397.620593268730261,-351.339310813536770,-217.160929120560581,-327.558290222586436,355.858407623771370,-212.200680095125989,-432.023572719123024,167.573870332808610,228.850362636490019,236.870181964274195,304.698308239180903,754.767687561143930,384.652313323275166,209.215170806790098,60.833152809713781,307.251619850390966,256.451802489271245,-410.736498855147715,291.280980949142645,-277.991736812330089,-461.169028313181229,-392.178627191064038,8.382677496615493,45.200654426970324,-242.137573197172344,-594.738321241348785,-191.194811015031831,504.962419066462928,299.523134154345144,-267.716782973142926,331.903649882590912,-151.587085761082420,306.201337482533802,6.547028747734405,21.320939651332893,324.356852647705807,175.476078047387944,83.841591714148990,-166.833155397447882,799.633922189819259,-247.187871045184295,109.864410864481570,-426.605135124674689,-32.197612738273044,149.079815425442632,621.122017096491959,18.170494077513091,-152.010890908166232,-455.312850153280920,247.592729452704845,-611.970214024223196,-116.413928470683359,23.827508160767664,300.191791115182809,-779.217199772618301,-217.987394266086739,171.502563551239263,91.071402421105873,544.867705229160151,77.294010412342786,-218.031743373082520,268.765737387405977,-568.746403144455826,22.454073383598374,-351.510629673318590,-945.394101186877492,279.871789037878045,30.207654075279613,-191.562226783545356,185.352932260109100,485.033605495336474,-422.428001063236252,13.006784203564656,510.564359663112725,171.981559075008533,-745.184770359184540,60.243439593238989,284.700360076302445,1334.056477712032120,-176.290813882245516,-341.057269646091356,-254.068516912800760,376.510382703503581,-46.567856061814389,299.477066336248015,-155.137630010390836,-31.880964045403221,-570.502268400384878,351.410291600864809,230.496834395097324,90.513790561602733,-182.409236210673839,-29.411254823252353,290.434407458054807,-165.423395785101349,-387.514001319001352,-330.693032936564350,330.237339353687844,182.839775285359565,-553.418677686551746
-46.723936660177124,-356.076630036256802,-124.759354115662148,108.580342150338424,300.797154023834366,-162.266311197755073,-664.434055590028834,-270.782437077597820,99.895147372490570,295.741652630474732,56.869783750909420,129.678636622863849,-906.654424115867528,28.346830160832440,-60.276661444558407,131.131420633663538,-96.928833151282703,484.701563302680484,-434.502110169685750,-378.024354657099025,706.650389400273070,524.065490369669760,-325.772118808496316,-270.094385652553058,-524.553761526411563,-583.652006080928118,34.634723843277939,-250.905837105443936,587.139848963745976,-238.442763364723760,-676.939109391799548,-309.149684860302273,-421.763119351373632,-447.701750426689500,-224.947071985273396,296.310790170740347,-53.538355501047612,-54.276364836421862,-162.863976134225254,-301.936761858753869,208.520218622905332,247.592221071035453,51.239892694214774,-589.311227559811869,279.434846243286074,-17.338705627167318,-81.670520265850612,-8.633875316128922,-620.429216115608710,179.984908092284257,346.355167326980734,-283.994839855491477,-289.176322814288426,36.281215162258945,-424.377983201355050,294.715083958012315,428.769427045067800,-291.812276152207005,332.822638082934077,53.915383893105087,-0.837044522749403,-126.401956840678864,-268.581110992226854,-237.610985055557279,-29.139730753129619,70.372269325622739,-383.733882702323399,-63.446829321853883,727.271795290881414,307.076016859890444,-1064.258405100273649,337.212880570188076,-91.721033119868778,-149.287037640903804,4.621115581225693,294.395950291385191,-873.892826829303317,-208.202700706023364,-334.033191599090344,157.858055773306603,-124.732326110827955,-186.314892184313322,-251.792728968226072,298.102606321666087,835.281089279846242,-273.682715771584981,-10.469780236693408,405.746375077910272,-633.116238177799346,-560.854005010940909,141.571407998007601,-189.627589557191072,-96.728658524200569,589.886962832831273,-22.718090174943477,-369.516772147128222,33.782149691192600,-69.031791656563101,401.523684048707878,-438.690704740728449,-372.022328372731579,420.687274936757603,165.950298810276877,-369.967107133663717,145.743781101155378,631.138182472589506,136.054950985604648,-356.748573423890434,-354.491474215097639,-105.861417035034663,-278.579020720989433,51.516863124056613,-782.493297489252996,-470.373600729646967,215.958670964297937,-487.583124367957225,-117.637387482993631,-424.712513307468669,603.782478990496998,43.318417018232331,-349.325131937714957,-118.947232209151437,-64.811301836906935,-41.766260870612435,-195.054875281466877
572.224143115952415,-165.987069871847893,-210.412939985894070,-470.291993885960721,37.526137665306088,-186.093400539999408,-139.472471032693647,-151.049131645114898,315.235605654952110,679.462976370798060,-514.128621121363267,405.621511231278930,143.371996150561188,23.682608830044451,-14.337764035074123,-90.700611708212705,-122.118689578074594,-552.915072291558431,190.034743184194639,154.321125804024291,226.609105100420152,-176.950946595158143,544.026829668498294,16.148053241752535,427.694645537332065,369.997903981271520,929.383129465125080,749.348275088360538,-486.736982389632203,33.466323699318139,58.149012211201651,-16.772883679328075,-741.964082737633134,-124.977262674599160,-307.251233590803849,-278.788361754437005,947.446396253219291,348.173755311695800,-626.103552178199948,355.725882035166876,-49.546370228959788,-113.503803927389058,824.455510044343782,-11.006081451089390,352.490499263113975,-112.265957122544648,-624.282647085449980,411.728524603246342,45.002641803061380,-843.730962032876278,974.003800472387752,280.716107495622566,-1369.788634702214267,322.684997470853602,-486.951354256404386,254.716685813384856,175.532179981775215,442.149016673773417,36.488193525111782,-676.405869605379166,749.851725585360327,288.418494652146137,-167.534175241544744,480.199289490772287,444.973363104552902,153.278438406014061,-379.929172662776068,-296.576530689884180,329.358735295809197,-227.313160858576254,395.851926066333647,267.580003604517856,-38.966538314184845,-2.866314608708208,-431.994224913297330,216.144758652221924,-182.458640952449628,-251.668673813815445,-676.294144539687636,320.933067526498121,510.303521263258688,440.444608375851487,445.831382408145657,-482.618019882176100,56.142741909360481,187.641666181799991,31.430172050763893,155.013932873737616,113.026674313823904,-80.041702560189762,444.918478919426832,388.370829954367878,-79.465421039324269,334.902763647844210,-264.850225226072780,251.903032221055582,-298.258624304903663,129.366053874922898,311.628437356591348,270.324386246920824,124.509100370734473,-127.440995701756719,-268.703492924411421,571.562293234263166,-382.636032112089879,301.948327558648259,-417.910636153596442,-112.893238466395758,509.886020919715804,-202.881265224348454,352.652933643618212,287.359250618964666,209.855690802804418,-145.243099921475221,-750.489013391511094,95.955636164888219,183.411029077090603,-214.921173056670654,311.885586334305344,-164.386426880436147,186.977973245080193,26.517378403616156,329.576227945999790,-233.112929417410044,299.171890027204313
481.276551182444166,-131.031904090671048,624.155217284060200,223.652125085689619,693.614164492129476,212.361625429106567,96.409844625646372,-386.475203772805685,264.198092107705634,195.962784671427329,442.547935776488146,76.954338922335126,46.694696942434540,81.329369258933809,48.610221824816449,348.602226044865574,233.704998962499587,141.034667453001930,-207.166037226154458,-43.583098360321380,506.816331604547486,-84.428882750798522,6.343276254241333,-32.360470739510887,-190.827301324648317,-319.328448429532614,36.390614192283671,543.078316592077499,-265.249803234911951,351.242994262666627,-504.651088913607396,156.362604458197382,275.456031966630292,131.028223157693645,96.199070231357382,111.344792832001147,149.669946697295387,-675.191355035204879,289.470901134386907,80.005666262079899,181.961152643752399,164.456475661630719,431.925740608028548,-413.451686508266448,-230.286552005340241,-267.923071211770321,40.530926666190233,-465.767175454697337,-81.861156166914000,5.805034508945991,587.663597992877044,530.390701857363638,-35.600809166931498,467.395292565549028,-93.647372575125161,164.120133582428650,-338.864571226964586,-1.852330387277774,-719.826392014467729,12.016614804294171,536.312527309594543,-178.023946613575333,-300.863018511879829,400.068416535897313,387.347431664887779,322.679438878558187,-320.849448728866605,-247.511289002187652,432.322670992309213,-252.461080337987426,-300.322573439060363,-3.072708439509581,73.055275593881063,-149.288087062718461,880.848401693397022,329.518292033315788,324.973686817190071,-67.340475977302859,184.270303594693019,337.207867837011861,-176.764504493773700,104.141353785955715,-428.780734793195961,330.575861103261445,199.645801100882579,-714.021680320096493,898.854369549299804,-356.423701717377241,351.873138026827974,296.544700213611122,9.331080510800950,689.901954117287460,-161.836707580199629,327.376510707791113,184.548493355594843,-610.017691006860446,55.718380390574609,823.458587561702188,-523.626974249585828,-407.588847265568120,467.318531998018386,311.657981269898414,306.659459427954062,607.733134477305612,125.068112165161537,143.527036753441593,533.887003134915290,-305.532082374676179,84.604271756715221,-672.395984183913811,-146.717742163016396,36.612215010217071,-321.497954516765333,-576.591095007840636,288.027496565055969,225.155458326854045,823.649628980426428,-530.887337451911662,471.603824190591354,-749.852510167390733,611.544628677963715,-506.993324158241307,524.884002317002910,278.726157126865530,-307.087526843370085
-690.594135172618167,813.856394726456642,-60.118574000802212,227.792296207230549,-317.621095582931787,195.024452537888095,628.425527896578615,177.338457002350822,122.194006608455652,570.349784274963440,-22.850938948038639,234.009936701005500,278.168232501815794,-72.637904646541173,94.606236925646527,-310.608044690104293,308.560559788006174,235.305646858420062,431.673984999326933,269.376450440337578,115.787516378964170,381.015937610499691,436.687320496827795,122.637164111368307,254.142282340621506,-367.744448709102471,-137.147016213398189,376.624261607052404,653.612544989736989,142.047125957116577,61.295399734521624,651.783229585183335,440.467011257891556,122.300494037975852,213.462195209954785,60.462431643803150,145.268808152106260,-340.726239621628679,234.787804910877099,129.098108400370336,207.816165042169644,-811.893660068584154,457.949584296491707,449.737865392294623,464.596088253722598,315.315518761517410,-322.627547851393160,-261.650837697524480,-361.315542085744539,-170.902520594024509,541.566254759813546,208.919029659558362,-358.178166249329763,-320.461935690575899,243.249542717748426,-311.498916608066907,-194.445306908445303,307.829614368219552,-191.842293543994458,506.959039155459607,-345.635450154189925,295.666903113903174,302.989464330759574,-370.776003751581129,151.336567610030329,242.108630299651509,385.780049693623710,134.042454250659830,36.250559991734910,25.967806919271226,-25.364272044461501,-569.424007792456223,506.637896107739095,56.663772010366472,-48.969165754467525,-364.679453393478127,-380.881714492406900,385.544914227279151,291.465069222038665,97.117597657810578,-392.023198236399708,-362.944237637036053,5.378636053973388,714.682337563368378,212.546994304298920,-216.057034781257670,558.277179787725913,536.097157908819099,455.648301097051728,-248.118687776956392,-244.416407517159911,678.936777039427170,97.714121395543899,-311.615110312568788,320.760980110589969,-55.179448708170497,-345.823238783272132,-156.951756544537403,-310.118148100553526,546.122213973775501,-110.397652826645583,538.398556665747037,-73.930105290261295,668.661338896302823,529.591462890340836,-487.271569132281343,-222.998846325101823,236.139345154468742,94.547072956824181,255.622001124453874,-166.628576093181664,437.456175388202496,534.200785489713439,64.369066463034443,292.080873239912307,-457.863953055943568,-336.707809949888031,-51.037569722158480,-315.883759276039370,-26.848313628947533,905.803849908898997,-359.984254644802661,-198.369737574926205,-211.291669370577893,-452.756256102622160
-445.986587574871635,108.461414634495895,-839.746077960176990,106.817445791910643,-439.820704259800380,81.232764199288056,50.880054615343468,102.165173173116330,-731.661520055710866,104.837867425535805,65.566095523967689,-92.964550265099064,399.417626408441947,-140.588903205861754,-263.431407880412848,28.191700676427878,-287.719252113435630,764.302375131149233,294.191168723422152,-589.198991057355670,-621.180092186274805,-332.896978412125691,-455.046198868425108,799.469701375727141,199.228906188445308,709.791061833292474,250.535155948521293,-254.776847941217000,727.335412525996844,179.810329911746635,71.912629069411096,560.288544835406128,-459.504583091148390,201.347293579370842,-286.010366128567625,-385.948554279947359,203.796573566787231,-293.552718767367821,236.982653627852216,-411.328703712496406,-462.704937406743284,-26.080187876993129,-33.409994292651128,-384.188495473116916,-50.760673095814589,250.956462622192248,-292.041014232204986,117.854859565165299,-681.896316350531379,-280.249285800655855,75.041595738627578,-53.213535708947454,-715.312742134247969,524.454778662801345,655.420120881154503,249.361142301856830,185.631047700242959,-209.502459619724334,-105.423435170159905,224.217946243175646,192.391032187048580,-313.392712092252395,1010.417478970257207,-132.996548628352372,55.959128665345531,33.122780355429391,257.060801166471151,-158.674418764268012,-276.886400795496399,114.811068659739220,-429.139780960819110,-302.237542478559192,221.621434055337858,988.587965873194435,120.371887606601078,-180.491923429584602,-175.698485009885673,-192.466483013935829,221.006056635906390,521.169147657635108,224.033620206055076,-255.489227217321769,-4.785273200231300,631.056574431212312,765.390948831794617,210.293693272297389,645.559354629261065,-52.424716036410373,105.766853236676042,-447.189616200830244,145.898231290722919,457.439288266297069,-294.155255474254488,-126.658426789301856,39.076193715704179,-640.182396549573468,441.069298327131946,-176.084104823887316,-29.568137780054073,385.529261845406211,181.236770560425612,246.824179054778199,35.903085987163308,142.714830777997236,172.112648095806435,-454.715517182872361,-166.617945909485741,-144.054203104780640,-304.311482339611018,529.194934356630256,258.697298488896706,-355.461407676266788,168.320123013408789,485.764222025330639,-238.758555634352518,-280.204178751284871,444.701894934042912,332.532732127021916,-168.889822084086489,477.876071598010867,23.841146276064890,-90.399748738040429,144.904925226117001,-510.781302765593978,-144.382936039290712
283.370582957410761,-187.146956203352261,-365.273469838154313,-326.835712543253862,197.385212726288046,-210.477941241332502,-339.703988179351086,27.990958556189710,549.925511678059934,403.360804147457600,-614.148702862080540,500.301399260378957,-107.709436365364411,194.632698625381948,-472.113786537576516,156.736060757106344,171.900735526008646,389.315661402592525,182.936380749597589,142.491866939924194,184.379612993357568,-191.692678492294647,-116.591623850145552,79.578001380024347,-49.417979175890864,-68.515058545901198,-33.294861943575356,157.485557358483078,-320.733148669175989,-220.676601400857919,365.906332578654087,83.433375569587014,-499.769238264239448,335.092964828048821,-212.874334089452276,406.629222763170617,343.605598985504798,568.024581857865655,-105.524757531010977,699.146288389901770,-491.036025410075467,779.617324691973408,-325.385675180353871,-125.270772529177975,-13.797239880038120,-275.422000901516299,428.753544184785540,300.826500647782950,-504.643272415803381,-61.472100544782620,-115.495666659853811,342.330472606303829,-376.990188836690663,190.673947842583573,21.520128229849590,73.585456838666033,83.957409571478792,357.639350504462868,66.154184514502248,591.636099237819394,118.749562755458058,-86.634410296645342,-328.156059420334202,-176.614749036907909,755.750288625306439,409.561453618633891,435.604224607115100,-260.049695936483204,344.360654076727258,-14.969050999143555,-282.220271713930401,-447.236435186416202,-377.428609370310141,-660.063766874784278,88.235224788998465,-492.183844071998351,-12.963553422438494,-439.570187808314643,63.718901113039770,296.147502536526076,228.905238720896136,-439.794874185489675,-56.993121002498647,-1310.586952919773239,-241.234952892259315,-92.593156283402138,17.720415412578433,-616.832094407622435,-390.192358761026696,-470.192628718220476,119.327205206416636,305.624518029872775,-821.588235169920040,591.355181994350460,527.205951770109550,-677.523648544408047,-210.418233313615417,-187.076005299006283,168.194216397354950,-8.353546139537542,104.621852496239143,-303.750575626647503,246.079755828792855,257.377203198047482,-300.177721350438901,-301.070168669002442,53.235287301652932,25.524147658094805,485.530493748291406,-265.451271290489160,-9.386392249773664,-369.749438540905203,-112.520323087603288,-484.416647293809774,202.817361644209910,-519.675224594416363,-540.623076687763842,40.406790584531308,442.375946637686070,509.584308281174117,1020.070601637653908,184.439864448961714,371.629337738966171,224.640434196946160,-369.616764711937208
378.418331528433612,-544.993755593967990,-474.342354349347261,-235.735975068484350,101.799062637460040,61.425046619271342,-460.170108765307987,-792.694220392926582,-496.110741090830459,532.808173549129378,-336.481968351847229,-42.834972310022494,726.326532996987112,10.488414111003884,65.119784588177595,-69.164806477348066,56.958320926866449,357.212198395065627,-516.717153547954922,620.776087949249700,354.165381990095966,-260.003200441080651,130.036751773992904,348.824392334203878,-331.221974040046803,-58.668065922419046,-67.441643731617290,-197.473058986248788,-82.163721370635713,135.226147110846910,-251.592544630766668,38.656872442807732,399.656593073198565,228.103551357649167,-444.312724883803526,-672.002752900523660,-45.309738464695840,-204.225584129449459,-50.342952955458841,-172.370885546032298,514.177546523986962,715.184203508357768,228.943210361275618,-311.605513660892143,-619.702546883165610,211.019734373333364,385.407847606026735,480.195444964107025,-164.393870348702649,238.139291210684490,-295.375338810438677,5.458885338171573,19.503586626356114,-183.666579681506562,-276.675874585821191,312.494216047115515,218.316020735563058,293.563449524058115,401.317241998117424,-490.439708363856823,-216.053828195733871,75.042584658899401,386.355364461457043,42.268034929266250,56.320661633066727,-237.592790267825649,42.374424992486418,308.993337403054738,-18.297875423996608,-365.489040275365312,577.934731853855396,-692.275113066730796,351.874184082603392,503.772419886676971,182.465330831677136,-384.737088772039556,482.192433218811914,809.328902367187538,-47.873598704147973,481.889846143846398,466.254901672345909,481.058146677347963,-570.091353374095775,-225.778658604260158,58.304946518395568,-12.262243782599432,-209.703493212108867,185.282294651500138,314.015803934824419,560.972543209999117,388.027824138339838,-416.953635407335355,-100.979485722652157,159.157265140351655,-186.533643990290727,-493.614037381771823,186.189709878727371,35.568198499344788,-276.298311244713489,28.162995675680513,253.797756637195988,365.310582541444660,-248.875911239856237,13.743830989041253,4.450444928016978,-203.246793058364773,-152.815970318597493,-828.249319115420917,230.217137361831618,-485.164865034618288,9.002554194286152,21.957861404816395,240.991275343659311,-253.787367995702084,-43.588902035107928,576.636742048790552,-263.694099804978066,-244.734009519338997,-311.610244750707295,-362.979515542880392,237.050290600346216,696.693168333402355,143.179911332135759,30.534581819292026,-274.270302591853181
-226.704604120792794,132.936037743540965,-156.659002190681235,230.126951894455658,-332.996224805550924,586.558709488679824,-345.641443500147375,-458.167681051771467,-47.899827775620331,845.147493722845184,224.282350957911433,128.637994397692523,900.827773577950438,285.968401227269737,-282.671637206430546,588.451453689572190,89.562275496068423,168.833063194843987,585.336429306168043,-501.130469579080000,491.965178619669814,-509.038522058391550,-119.485550043476195,4.646025746984705,312.236851238136182,276.594823421920125,72.489207847586599,529.902666532503645,-333.488630640726001,-135.650110398134331,205.075360313371959,-341.232168686190334,-73.912696606057850,61.177586558759039,322.841811171545089,-108.954390650029836,625.379911310127113,-406.886117087295361,341.791838573641769,224.524533472672317,453.746154195116446,-161.672370269065198,-192.146794865362949,607.227115967468876,777.790132207500506,-402.981743824589728,-647.675040896963537,-34.123363004897541,-66.547810682856650,-198.186842624673830,284.942022041571192,-5.530663481908377,-349.840152077122070,356.074085036105771,134.911800967181904,-52.159410280251841,269.855552383309714,-217.158155889375479,-189.302513032373923,-555.485983464003766,178.784712714004684,55.338592874237634,-59.981126386273822,-282.787321564427486,-345.074215622626696,-549.957401983134559,-35.200560812136644,-124.669873929322378,130.438617366610487,-105.963377999258839,24.107114671098195,-28.606788309371822,-210.108393119283448,114.252260012647213,-431.369762581375767,514.322926076457406,-133.783351006118835,15.130425017745843,-590.510325786486419,189.477600132776445,265.455736226267618,-46.461226274892127,-144.313577695563822,74.664044485295079,282.293065196348039,378.704518340375387,-419.382713638052564,-181.925446862305336,-399.196050142144315,35.624511954563587,-70.456270171036735,176.298194540514856,-176.009078360496716,102.323558327530804,-118.814087179645796,331.688353563254452,905.235795583176582,177.476580642530735,93.319982310881556,-6.791357730932276,123.141638359623698,-341.684607083907338,101.491272940605469,-271.511761625235408,-511.425001238398465,-85.731664138361339,-39.145200249796034,-576.657713416111278,389.857025315475710,-461.707624510128824,538.223979276712384,-87.425056958930099,-419.500881129860090,-237.522161326649410,-267.265014461919918,175.415028475424634,206.539561381861631,-377.317444144534988,-179.311833884451119,-154.936979441937922,224.657980182148492,-585.701901875533167,-633.909171217813082,46.479379342833347,-445.836625720962729
-36.158335773743751,-627.637075621295821,35.729550931979155,419.542583987128182,-539.562330373008535,-59.854233342957563,-157.262406964613263,705.945198607405246,409.347690945437535,-558.686884813859137,-564.727493111286549,-268.780158446213363,-84.518577099479074,704.605700128197554,-82.409746604970891,-288.455037429881997,-296.081034379683501,470.869035140904941,160.367527355359357,-113.514084166126153,-22.816516380992894,-399.080697762828947,-36.359064661734280,249.940169703797551,614.713533493003069,592.280678468026849,-701.515895074589480,222.779567363436712,43.039415125964538,-141.354861726316130,-118.987873788739989,268.940381165206759,-139.088563857801887,108.308267722277591,86.940643051149792,-461.470663356360774,503.372530944715038,-165.192762733433540,-420.653128338234808,84.525439236277549,142.462848919175570,-209.923596581412312,320.435183474505436,-524.248467885269633,-115.151866538020016,31.865956162992166,-263.210045044689195,513.749603536148584,565.586743306432709,-35.344932396552572,261.150439454784760,41.053659362895523,-260.535291937760576,-643.824893294922617,-127.197165082325171,84.887110921664828,632.284868899967819,-357.991975884019382,-9.394440303404210,-299.260474243992007,-74.163706548295664,124.788137469443484,-197.122680233949978,331.374541765047411,-521.936758412564359,31.574768845208464,385.403990078185529,-124.231316433643983,-758.842037419438611,372.912292936792028,-765.050288279958522,429.532157688890152,-93.076553864924378,-139.511064629969553,-89.246867611261735,-196.179441848568558,-97.812682487978620,630.918917927175926,-62.282624736939169,-128.257268027483207,300.838596033316776,281.664013136501580,-232.316873836681225,483.470143336061710,-190.354545928158757,165.274287400964454,-494.604256540704000,452.040185235068748,-182.606238102598383,55.244576086417439,132.357200581755109,-78.837867199791134,326.335921372689825,88.970883821670284,414.563614675431495,551.592504716382678,-329.579497350965823,-414.941947168879210,-262.590873861220018,-143.599826125974943,433.382738033277121,567.949275719367961,-19.032984028367778,-475.045851448937242,344.507753798032809,-428.165231013579273,-434.482998693547074,827.400382903740024,-376.095126268962929,457.966957034875122,221.038801152895189,-524.968326527939780,-278.941233876061290,-397.574266295526343,85.595731239394524,-60.734846580917299,172.405002036137773,529.705173581793929,79.860259225218471,266.070517874202437,-880.774398070956522,-456.349117206017354,385.812306959746820,-273.006918725636638,401.475361299178360
228.636799371868818,-435.464890298764885,59.776983156243176,-429.705812946736955,389.385223814155893,-573.983603452278658,164.599333833348510,-273.244735968897430,-284.353666971738676,468.069503443601945,-846.907210208051197,-533.013990895245456,534.058172733482138,615.345578389426009,-179.547187980367056,-597.912575325173862,113.757534609608072,-46.245149879245261,14.350387721825488,637.067271382819172,135.540570142602292,410.724007028031963,-183.434991492892067,576.321762354143971,-919.194149159621361,-539.997191168118775,-611.265924973181086,261.473824350582845,214.215535963823271,431.585370667196628,-83.938296597536720,-96.125352159775716,392.669815657635411,402.130515455600630,-495.899714263752855,127.388846710941834,-12.215265932029276,418.750401906093714,-279.846399830617656,417.237142202493942,-137.768601480617718,351.526564309314438,656.305684876195073,-307.943250782415703,87.233360966598923,6.482816997897345,350.356805801511314,137.366513728444318,150.474972204281329,-208.597355907104202,-339.884842192186511,-47.883969828769438,488.921323149276418,-124.633976761620147,326.657290758058537,199.439180017858490,891.796041418924347,-110.268153346265720,325.023498810150329,-327.306960003665608,-126.947491037314236,99.408846471345228,624.047748029704735,89.563927038503124,-193.686396583080807,594.440784674942392,-47.769837941207882,-148.974694109720076,633.067938590803578,-64.366740110679444,-865.309017101017048,-57.978192680829437,38.399850489926969,61.663863628964741,174.946055450431601,209.525016612487349,174.470230903993951,441.393644111364551,-247.370960084155485,163.826002091419156,-237.313486465520555,-40.140408533532174,230.378739585203220,-108.444954088288469,325.455382137454421,602.573359686989875,8.351025618355539,-84.092671912403702,239.191946502202001,735.544760871504991,220.228631944894431,232.300806498844594,-450.064313867556905,72.088887185348483,-180.474642333026878,310.670173478082063,-187.935934645920355,324.358295551621438,57.145445426998151,-142.355148809387998,-556.421808991042440,-384.967748111931542,-144.415508621451437,-67.452849763124334,381.790353102626341,-210.662526103193102,-597.117643216142710,-148.572698330925419,184.556898069576789,-104.780947942314995,124.223179963487482,361.054242267842710,-190.894851512471234,-247.561486084767239,300.733321764842060,-617.789173697720912,-750.188244671764437,55.024781092292173,-575.526641225324852,-20.084752312210689,-220.409077949399688,-235.925381085697268,106.544408087680281,-133.417599238669283,-102.544053510028490
234.772708625519016,20.749007599188104,499.525199407958041,74.601374377866350,-174.521742601159133,169.239038878107095,-30.726728910870420,-221.952749573077654,26.008722686368028,-351.172970682067216,159.224756774362277,-194.370004018679282,7.481152061658051,111.514988130275057,152.438594470236296,244.586392186922637,278.321036174272251,-221.777481538795200,-286.072515128830958,359.469173451318568,519.102220283115685,208.394766836761363,61.448499139707735,-533.889599774544877,14.533743529473433,-331.924071344606432,-387.532224351447439,-299.072554510720806,16.921264923737123,141.028008570171068,46.494747152458402,149.476580473933154,-443.629369355353163,-241.183680466608479,-107.351993977367130,320.647605777043680,-130.186178808265794,-331.674884543898429,674.063668863185057,47.457833217508544,-150.652154962330712,-497.141808189457322,-430.971464511352849,547.349646942371464,-44.723777409477904,501.922895383194032,387.583427323585056,-245.043351972733120,-174.443658072979019,799.678966878180063,319.525879845774682,-249.673847120093512,858.443561687016768,530.776917647063328,608.643170803005773,168.668621195053106,-403.271555836337711,326.737789705926957,-390.050027980556763,215.161964321249400,562.944031395954880,-392.299682887301515,-675.584105426193219,215.622283196955067,383.284598098552067,-17.241711052100236,276.984119981910510,-294.031877100758891,-129.249533865991907,628.216560371028436,40.619329786326517,215.788709826301101,496.787858922686212,-489.167393919344818,-264.918852220787528,-6.739436250303321,-135.173776847635992,671.448174828676429,-495.491871147179097,-77.545616087485527,-333.738635890783939,-400.773467535576685,16.533305582544223,418.626549536805499,-396.084089479798479,-589.757120354741687,-426.830293767591968,-95.220717648930886,3.262897445711694,-148.968497024050208,439.404286270492776,-63.797981931067767,243.140398649881206,-416.960353116020769,-2.643715252108180,-188.819855825803160,-162.953816120356237,-388.721122421250300,-145.337936075689356,-142.368240545623735,-409.211157792554786,318.415380006628197,-111.468098228144271,751.077607361156424,122.517934893022868,-215.285584172269239,991.452920732784150,-268.138655091191708,43.599871136119788,452.017712416641757,-392.440747716664077,-324.095527781963881,-49.343523436577570,189.768920396875330,-197.946618066460246,15.789798085125589,-854.299348440578001,-197.409296728670739,336.881940667996673,-165.995986387845193,-99.412556480469334,481.461383471543627,-61.928632936524302,-161.888006417264251,213.562711536974689
-514.606059387508708,-25.986631066692496,-495.034851792434608,367.696355073346524,196.826232606054418,342.824824395225562,101.306780795430740,52.167439166947005,317.849291472973277,-95.397183440191839,453.355153831892039,222.967697565439494,768.417979560975368,814.341050053477829,181.826807081671831,119.896841196099274,102.883611241363383,142.363210928628888,566.006006056995602,-550.874551417635075,-64.787172909445758,-669.517374859606775,-913.598923664348376,347.133785359845376,-332.850906292833884,-357.358920950376785,443.102917761392916,381.707571286573398,216.956749363797883,23.196425073938471,-116.546376485131702,213.390133795017533,137.838306076343542,124.979819479066038,21.719630723077923,-97.704171512966354,38.788762377791222,-194.167067612081894,689.583329457817740,353.920093550282843,202.142895724519519,226.779414151524918,856.901053731576326,265.213926109044337,-629.433301187194274,705.974897109197855,313.155304355975773,-562.811959842769852,365.185363741337881,-106.198470058760705,-129.053432300224671,165.537532163595728,-244.194087997953403,-92.106316159046287,220.511315065320900,-297.385496083860119,-582.626982381777111,444.749427527487910,-556.428226947508733,-121.502294752389872,300.170774968430067,54.212792236509181,66.553987015294979,281.381236573116837,1.918006275252850,178.144089214621800,688.146039633450187,-293.915464035564867,318.964629791198718,-643.687528919100146,-62.537864414884794,-3.969554361257934,-39.548303965830947,431.761741410494949,-17.375805278177118,-175.712057769297019,115.397970222876523,-18.107407643332255,224.435200352424346,113.465112587540304,217.593081686673742,-112.599070693945706,-398.950347065324195,396.656761807091812,-593.493322985398208,49.639236433552952,147.267842359707345,27.541181037911894,517.530476550710432,45.038959981413861,-231.345481720976579,-50.468926507122220,-93.777272170511708,-187.528302228367579,43.570209820624441,-299.513308250607167,337.998950074020854,-254.912678213844799,-1.997181927544283,104.989162638878057,-377.304152930788746,-916.831442289665915,-5.042185104613868,-15.105394571500177,-546.565942523906529,-545.287485480847749,232.547963780883265,-38.514275292433808,389.328090244959810,-114.069324904391380,-532.288100898534140,222.111321341811816,-436.335356140652095,234.502730700288282,148.420766320011609,139.481793867956640,64.313704308801945,-252.599140686991745,62.209743293157054,-0.550493022451448,783.069384451240239,-442.586853343042492,208.662241649037156,87.865528186101216,20.100174147822905
-305.209268241541679,-57.518425678399346,-113.902012477109764,86.782726961325977,385.008790579701156,66.498188161507386,309.502453132685844,-123.813763838325940,228.249166567555505,511.809605287514159,-275.999161440248372,-967.309385552461777,673.936375356893336,-21.386786238954073,174.741760417740977,-69.856560616915331,-120.842319931258288,-115.659765233049058,-375.440122913131290,174.952279257685433,-180.037942754749338,91.686231571841461,-280.272606767970274,267.408040811918283,210.551146113818390,197.096532563308529,9.996473126973363,126.090732905116226,-110.898934151148637,-294.733719374294708,-286.665350839147834,-283.995957007354320,289.907470050984841,-330.398127985637700,-459.122374552476572,-150.423753121457082,113.000294075202731,191.384499745903042,222.541897792797215,-448.827988757828905,213.005165300054301,160.167926255278189,693.009462773520454,110.982807111961463,-600.973534221475120,-139.286911714619293,258.651338598972927,217.399205091743596,-56.799178660147909,355.021890645500548,-224.278828373526153,510.609678629914640,-173.376071358820724,176.450599276473611,-422.333974054450891,-321.949079069400000,-148.753874899556138,390.374035371252660,-174.196278031461190,-490.268645896007229,-335.492291848080242,-122.011904635864738,-86.333417651460834,-503.261461446848386,606.024583685582115,160.511048494151254,167.450490170813850,70.388016784104025,-528.812482817369869,286.386192926260833,-192.588994187805497,171.321429406206107,502.620108573725872,183.694785129262954,149.059161972828178,839.310753395573443,460.538244570735344,627.169573683424119,-179.312619338711983,219.281931380338392,908.234357477831054,77.037689203431341,-293.673110208214609,445.577248149173670,-518.248316818522767,138.369612346795776,-870.958528656116414,530.004344998472334,-154.792119856982879,127.238368291897729,-317.780997230176069,-429.568417531124908,438.244485941887888,-194.990762069775229,129.165810213572001,-381.755271423594877,-227.213209892090902,-30.773640681124604,-51.028175158467718,972.490092088399706,-124.192764770444896,-348.268488202449930,-847.229551156226762,394.099123652708897,116.650909799909357,119.386399892545924,-301.248370910477490,319.591901490151542,447.133048452928335,-338.542244638294619,1.454497664345691,-393.377710823961706,-71.760638335425725,187.853434047522626,274.236866316881105,373.766365578404077,-2.739348472443341,290.833067594678539,-372.133422193069237,223.310851880347144,-56.161660277365044,146.949970340113907,240.244835597111745,110.319338286087287,-259.346906056927594
105.179843519191934,-91.325263691526771,-49.403627257010214,-1081.778500851487479,218.662494111067616,305.868828189327701,-146.423115447476164,-230.731248541889784,-329.795616590864768,270.035067489487972,211.486812127173721,709.445518311766250,526.341606448543075,649.285719486843277,228.128006414872971,57.955931619805128,-287.182943977790387,-609.286318837201179,-75.779255807559665,-67.169728675721359,270.159469141861166,133.004319617252918,-254.917231787166855,-251.164305005691858,-715.724962868499006,-56.415529752013200,-120.218659737828858,338.228716882401955,-184.758120450000234,249.397943681963085,-140.205442510503161,271.462912323255409,701.696982536802579,-127.572948874790043,-180.411017055958894,319.955769483564097,276.580276295966314,279.897499670756929,-233.096180521094624,690.627940120640687,-247.950046096090489,-426.546961413050781,99.228092237854852,-78.375873318240636,285.979770077809803,-594.194234505695931,668.062231155563040,349.016133517703281,306.634755294500337,-26.520814109921652,349.865700061381460,-160.725661827066062,341.310724912303897,-530.253563004283251,-52.707799162525681,-62.512909360865152,-13.222288172073998,-242.295120487370411,-290.460409954160809,448.726304106333941,729.910829587799071,-958.881241626807309,-421.987215698320483,-8.106271724463070,475.369447177820291,945.299693249427264,105.732429195346967,19.487118832439709,208.798212469415603,-410.503067801286932,480.564468145310457,-80.717452575685300,-547.410736084029054,-182.327626156568044,-724.236348560295141,-193.647147737801959,-36.639106946052806,-402.079767267526506,352.160651656522134,666.251779926932613,-49.914940351408916,-2.027504057673888,-22.531827879468526,-280.196687433411114,-335.836790764047123,37.949823924506227,160.958697732036569,476.956466802929469,-407.355998076184449,19.597161606439215,433.352242344497313,687.493282353865425,123.134123399981178,666.199091374733598,43.820146392252113,375.230895763899355,-182.044748842134226,-28.281285858700777,421.131493371606666,0.966416584243795,-433.733762782398003,-132.050911926085149,-330.285195493097945,-236.887298392326329,-568.571616379502530,321.740488074022096,48.441648139647924,-443.096261461622646,468.710851040721309,-317.236399329507663,462.219571700037591,-17.334507410406388,-285.349132020865852,99.369917138994992,202.556591136076264,117.272971686929054,-344.018130523607283,-103.820824587501178,448.024229808585744,-671.022882744360572,341.966890633232879,-149.067511408727114,62.575741163390646,493.565321505154657,210.978818272937247
-915.117661072244005,198.376567141096046,-587.782362522207563,-579.340181543409244,-181.708160808078532,-915.879250458374031,-247.112135785226712,0.254804517866584,-841.965309316039111,421.084837744363540,-106.094756852933500,50.583987007445756,-25.984229412778323,-1128.957071289944906,1187.599348981787443,168.393459067390324,-39.308337201905267,50.849734587692787,84.444935592803731,-415.300818531645234,-190.158140736634635,243.955876976201523,164.229982919950089,228.616388546412992,193.796251052555249,-248.985356495048848,-205.079751692919643,-839.837651277764962,129.917029449777800,251.995911713939847,-86.373627298490959,224.289524202159726,-320.914870138849608,-91.592327670676738,-621.316636315570008,183.055842732612746,-87.122715608716433,340.129054438278899,-227.468061401524665,0.561690019469632,-146.629013594910958,-494.761751994039003,-213.594332491219006,-46.928972115935743,-399.603883911445905,-286.055742427955920,-328.879787831582462,-723.038115930896538,-829.956249853336544,59.876387471136034,-101.480328790169580,217.895244987246997,-408.785068170897205,-268.528754401427818,-453.251287545837840,-322.958872579768808,293.780153360368956,-6.886321352559794,-107.596657880471540,-495.164973520486740,253.861533457491959,461.316591232453163,6.467991858493557,72.574517679270457,154.143057999610022,-166.237737307486526,373.556772346609876,87.874887004440922,554.308708066223289,337.591451738977241,901.196922527381048,-343.489380582615240,505.540287423961445,-210.796040645706995,46.913987218253951,-211.148175312795303,-601.688094324601593,-320.204404495092888,-434.960344691815919,-31.253745014456396,196.657999735569490,299.512866962635542,185.544499209982064,-218.885332678377353,-509.912726175098214,-97.447401335367530,504.636370103653690,323.473898057308418,-572.898032645489934,299.730456789220796,790.228091255443360,41.543808051236766,-585.670356671536979,219.257179044268469,206.087863046185618,-208.712928284652435,-614.236819046172172,757.582755602956240,460.576988210248317,684.929996297651542,346.492801718261831,656.559758838617768,-122.287593543008157,-197.719945260377955,326.446382897304488,-426.869077492962333,-944.357058948138160,407.710633886579274,-297.501776348695842,167.964027704558248,70.347063103808125,-53.068227007040328,453.736685016943113,442.062286695177875,574.360230427699776,-79.999348333654538,-192.441469239181117,109.444125763508609,-260.639790863872349,-25.012484581578583,1162.752743143617863,-276.554414984160928,-63.875853263676220,497.096116507048691,116.229885001910375
-431.336919684032523,-255.994066747169569,-151.633419130985942,51.188208147418571,-510.030224239393476,-882.884370076224400,53.533892463974965,420.733148244394386,-205.767720572846827,132.156631544801058,-67.154493315169290,214.150891078310281,-269.007087202210357,93.398896654591866,-100.050356551824592,398.344345370695976,252.286002910680850,424.292798830027039,413.962596846286431,0.831092734904402,-211.686655262527609,-218.394443780232535,92.884546130774808,673.334961868311211,-456.388608922818662,418.550283673275260,-308.073034478733007,-14.112191573034844,-392.077214701200035,211.285704984360819,-215.162427333004217,-232.877253663799081,62.846247743830048,111.724821618139828,-364.154721444488246,620.425250087410291,283.171188145436872,-421.844707305155225,104.981201062496865,-53.061006082166145,97.264368956304750,-117.820074346503120,285.598348762941328,-184.304477635718342,451.053044125667498,230.418693920073508,-173.251403528372975,-40.907907155389637,13.774570283961694,-243.829957904803024,327.183231847652849,191.694814415760476,-602.995955665932911,-29.264953154935725,26.993503352623989,474.273860722133236,1.562339312906897,-279.857760899746381,-68.549677103474878,-302.628118835119892,-182.895854749729523,-179.455156967650197,-457.241551810950227,77.358965321484675,-98.060159116632292,253.086958597497471,721.807488099402576,-324.937255014105176,-473.117472252575396,284.357421242460134,-122.766729971976446,423.368186535494772,-681.933659691937578,320.195212867688042,-10.284050252393897,-99.242210451152005,-496.579241343286128,333.688132024056074,424.755192733302181,-515.295500037066518,211.262218154321658,-40.151690504295900,-241.402977583482595,-39.084991662866699,506.677625610258531,-176.279621926757528,-215.713421739576376,337.257533316072397,-814.240363628897967,-278.523924649596836,347.962659504723035,-214.762680032416114,-91.549500513239096,429.062602923223665,466.779889266569910,691.989469362862565,157.161546617349984,-6.846608646017117,1008.708432366870966,-297.127958285173634,769.758972340597666,477.468122396923206,257.099808709639262,204.189648962337372,-205.452916209476200,-23.166901087465689,-427.112732215344579,422.998896164849441,-103.061293042674052,-191.693834886183083,601.740131768219612,312.968543979939000,-545.089921048425026,-369.657643967074250,463.527242701383216,-368.691084444357330,45.616959962749057,-103.687991862076956,-392.753765308466598,-593.784762568113820,413.857968521042380,-328.095526530601774,-219.226133884232013,-176.563865349013412,422.852585190615969
325.146264099589359,-527.065374024185644,683.762404524499289,9.369001774190266,110.937431454795274,881.158789820755374,19.035316766204080,12.901323196204686,-17.814482298125885,-418.771168113896010,747.751350621759343,554.507829103844529,368.806936242366021,260.240467062363962,-269.056838083538594,-439.869052120268861,-159.684010332394621,78.629707843816590,-364.420513879510111,447.487015890979251,-54.765832078003697,274.905323835297054,-285.574080660556092,-534.187355628993828,-329.795646385548480,92.139910078032500,-3.245847099629962,32.875132523238086,-11.357102701120272,-113.158630655694040,-193.266296318414135,-149.402255415265785,403.154856769206503,190.578111310643692,317.066862904600725,228.749260855609606,-266.764350984198074,-185.929938812947569,70.890905028382349,-258.226953375916196,208.550103582189820,361.065453907610276,160.872299700134363,492.525147778418216,-148.398183946686004,-104.638635011483146,90.244861081515708,-451.263610777151712,-52.601205986289465,-139.567071274476064,464.646631276935750,229.671447188747010,937.820508807465444,204.626767447577180,162.657567738993578,-176.228736781580722,-6.883608483903160,47.974601448586562,85.314704398111672,-69.133135113525555,14.899021418667017,-215.016256811149731,849.641791906923459,-104.009308751402529,275.593897129123320,110.378315649523884,145.218457979284523,337.423271709198502,9.639970903686738,-379.617545501719405,-473.534541208730218,3.938308727925040,637.746915832384957,34.915487520632198,711.464930179844146,69.753161623597052,320.175384759134886,-393.655431688308568,60.005408309383220,-349.156473568411286,-648.789756544994475,-345.448540993376298,-763.931841841127721,98.629383805539689,-287.361819008011707,-374.641369020635182,-257.288114324110325,327.701562438865949,-591.558928102190976,515.389716227837653,-439.987760952953465,98.164920957368153,-716.146787981656189,-21.584737490025990,15.636953955821410,314.561416259458042,-680.846731730140732,74.209226731077393,-115.867831408203557,-550.081134722215666,391.595751766903106,213.940424939578463,164.044915550815347,532.395965356474107,640.828859836065590,261.803855531740169,313.057189422585225,-653.156749240709473,-84.931487370559182,409.271871399366319,124.506133491405933,-177.847866817679005,-477.470486826797412,90.479510030530804,-326.734290590398416,275.883186896246059,-6.823803020908557,-505.099506981842922,117.731477155820926,-356.500625130647904,-227.809742286864747,311.497514826869349,-464.228121560595810,-347.543120723902518,103.809712137074825
-156.792574370216556,415.083454103784561,-797.560718552368712,-185.887668810511542,-357.836086640323117,93.047227335071909,777.596754358987255,300.751384693394129,-1032.232945286075392,425.791469306530473,166.747696616902118,158.176840736880621,979.853255425040402,52.291200472167993,-143.637413835534261,198.056130831078093,490.710931020679197,282.558292209130457,224.484252236358827,571.101852696941478,-218.973258044396658,-198.711675971053324,322.134884839370500,403.335387420017696,-256.555432139159052,-441.710927282694911,-819.866207334411456,587.756584721817035,31.353391796634249,177.123449932694228,-294.512692647713607,215.605693335412184,817.371954851057012,-253.926699776519484,-239.549787236603635,-145.782896446729467,66.471147491183203,-347.309224114669519,-458.861252597575287,257.284055516385877,645.689809311402996,79.230226835609969,-248.697957627927536,265.156937217773077,131.221053336186145,-329.229308933650202,-170.164036761981095,108.130913259403698,27.902929750428932,-132.974635656191623,-274.775672925690117,-270.736671655688099,26.883936257816487,798.338605424889579,188.247485235518411,158.086586556691344,-393.976358184448031,90.887814042896366,143.622205292520448,-37.256964528793901,-911.453636789938287,49.827248819235983,243.904401073918024,218.311594710128929,118.998413810054117,305.839494129158481,-233.265909273941730,-76.839865332429696,130.966577205723866,393.615512812936402,77.569615162940792,21.226496677284246,460.907988317645618,-50.499026433945211,88.638048525083192,313.901454139988516,558.972997340279449,281.113223828699518,104.148393677827016,-676.787045354569159,104.678061568476352,-174.722913999465590,527.937288471120610,6.154918999257675,-52.453934835114907,-138.760808849008839,-159.372738855987933,249.843543644184422,-537.218028634517168,-374.333922066456921,156.037752958300757,91.007000852836640,-37.275560535325496,-253.325330170732713,-56.999266479064772,151.817014534482468,278.605726842070567,-6.520615758320772,-321.348053813485137,-32.448720860006553,507.223476629569689,273.095237608683135,-82.907015036631648,-225.650911310017307,623.795228412865526,330.879009806905174,-302.250175294360929,-418.848507871798517,-373.212808273905353,683.593477798456206,856.071733901065272,-149.030110401923395,271.790674052099291,105.953431482457717,470.368879994224415,-450.732246294126526,-234.068748322297779,16.217889851022612,-380.426225251802066,-210.572999570452538,156.131749704893394,-358.684765500472508,-390.696847680410769,-399.552726856810636,172.093585382817423
65.554549393297862,-175.201999957995270,-204.498556193336412,-352.093188907613751,138.273675420862048,-524.974214465172622,51.621541904656354,647.069053083670269,345.078904074789932,-498.509394324719835,-903.008999682774061,59.901990490304257,-70.508848765850644,99.996141777928386,69.323858363082934,-186.162233255798100,-88.718254147135582,101.697670832600579,228.762935037020014,316.571515927111420,-336.164527715616259,552.089086540477865,-860.001455484503481,-34.960156103273704,-512.979484818857372,-41.045880311538632,-216.684126841659577,524.282959391594204,-525.988175387559181,121.304990437874068,-921.503493881234476,326.113054186005343,-445.920570390862679,169.227112032034967,261.753975786050148,-242.736148966386708,296.532058065083788,733.307344523058191,-361.346165026209974,-331.953567680378683,82.053239725302504,1205.484434637146023,-711.448426872422260,-392.469866972252191,534.955419758142739,-286.446160867735387,140.464491317694439,78.687398582366569,-266.563749364765215,705.182948558694534,215.543560073625542,-253.774449921336668,246.440660900662920,279.924804976159578,-397.981774260977431,-219.074860552356711,593.863259494014983,-107.761159196767679,678.947556089381010,181.683863095309988,-1013.501253109820027,-176.774483089846086,262.136277664117188,-299.986430680249498,332.468938904145489,-537.128541374954239,-702.495974056491491,91.286080070552316,111.922258226979835,117.167895685541652,-71.509636274018561,198.903830121682915,248.738487140630383,-313.373998523365174,107.884853500409179,-101.898495145808653,-298.597315256064746,-461.840964982229821,362.519983540093392,411.635401656336569,-501.649745774356347,273.736210091410328,199.897446849387137,-230.269771378519920,-84.312739636347516,53.960325357968358,-529.252898218889186,47.649243558243839,68.175843252342716,152.688362437557288,47.849156577472755,-74.152504212238412,281.785913428055437,11.037447033495447,-45.444282673279247,439.293661520405237,148.992321542579987,-201.130027784874187,-905.271293531937204,-469.687878964879530,136.497510405351989,165.236118628250296,-611.538858884857063,77.527049007852042,-692.518204064315000,61.081200968744668,-357.161409559268634,-334.914443917308347,-587.360778545784797,512.849544571756837,246.754776715020853,-137.322001167729638,80.114114243347728,-1107.405826551739210,836.111523796347569,425.086025592687349,-556.428499351711935,318.737021953996191,375.178657756434518,361.001285071102700,501.817684201291968,-291.154871364788846,269.579339930758351,351.277797040681321,-157.379493712585599
268.550434227501455,651.930930691933440,-412.128002779601388,-178.539643523900509,-681.408528696591247,-123.023134792759919,-200.926362682653348,-322.293975487984483,-443.802361736767295,-95.454245185803487,362.885031584556600,178.463435052419470,-92.753855036196043,-211.272280875250743,133.104840964573867,14.844678756100642,586.699828638660847,-271.404070470268152,169.833650469401846,-148.281047566676705,51.533861273212892,-167.328962944933949,-4.102566185576155,-181.141064076623593,-22.062644174090664,108.619204540309198,-424.502968299970291,-604.630190186554273,-179.127514825243452,632.706979800749082,1016.603664926899796,419.868417113457156,-312.401466228082484,54.312933364571535,30.263082684755247,69.569997625005243,-107.288291239259593,-149.488044142968363,-114.793149842446041,252.796789327956304,337.255765490355998,277.834683939450997,-204.474490612292300,-220.512893234190074,346.120197153418815,409.107217971522914,59.467128211049555,-66.393986898689306,61.675512658407072,-563.550657446486412,-824.206473029271024,162.395188252573888,120.325339552487961,-598.589635675098975,28.598435217807406,32.742465364823296,-331.557101850823187,-2.179522450473973,261.412171158398792,77.932612411751862,-6.055881423809847,-39.300417612489234,435.065708392554427,100.649349721289113,-796.694049505015414,-154.522400431157450,310.457633343126417,-646.008917971730057,-295.832330856214639,526.412030479724081,623.290330255788263,-114.702162594003951,-225.062200339812961,-196.430862836433221,372.125566308889574,-357.567137683078670,348.594156361826208,-50.499096785288657,-310.420570901908775,-709.730062535487605,558.230717759534855,-209.241882657817996,-111.473064374235264,-196.767150908753393,-384.026043747009510,-222.751413991216594,13.345884417484015,-179.354607613929062,-179.610531006066822,8.719058896726626,697.700636665976617,531.071849269424320,-220.266497052665557,-319.004865248649594,310.523287769243552,536.688943477701855,365.200262400623899,332.707489666449760,-64.283754804278601,-297.718804776743355,476.341872849028846,713.246636746251170,444.353140564040189,-114.840041457825606,-306.584780869776125,-643.014868005733661,330.697916932343389,141.639215584796318,390.090362510631508,77.357423310976444,321.481739961658718,-102.186867723103120,527.296497439249151,317.336590901761667,-61.529285728750551,-325.903153284468260,481.760376029065299,71.484316837078921,-249.719596644238834,61.317239613198382,-113.858176556305295,-282.581880909750623,65.265266306735938,-33.566745311612834,635.057428911603097
133.122099376466394,-313.112316346929617,-338.018912351959443,-84.274613758611878,-79.784755352926254,313.106002772217437,129.652354197708462,131.347074690164618,418.464682549880308,191.744574969445722,321.813028338809033,303.081650542038687,-413.029786556250542,423.858162439086925,512.697790443738086,-3.397848821170722,148.352973085821873,-628.530490483425069,-177.287447548681655,-493.504340156235003,90.064605269259147,52.101070507127346,-81.948507043633896,0.494931093336923,135.496928933680664,-141.663229306847143,-218.620126452918527,7.225864137413994,-182.809280161411891,62.827551698762406,-303.531182210956672,-485.863285386000712,-401.072832154494108,-140.596700651325079,352.519814979571095,43.265382816704737,-437.913708884621371,-257.299801523907547,-109.116019221970987,-598.916148139012307,-954.221203976056245,-259.250709955711159,-244.309942341216129,-924.639206701878607,1054.774747081178248,-391.550396382459496,78.878196196389041,-142.288906506247258,-145.085588552740830,-177.220368200220804,-285.713593127207844,232.153173041807008,272.738292772087050,17.982566827886650,26.103778317103160,93.848659801072671,-72.244034513375553,330.299950783369297,490.643929452476925,-173.093562120761788,470.952972194269933,-56.339310627931567,-286.269792021282342,325.157484951884385,93.880203689032101,-345.828412504659923,-341.861089803325399,-501.193511930992941,368.773278532940367,9.781511080797010,-305.895202173745872,72.392627909002599,-666.918033325335273,-379.115021788595698,-350.642811503138319,300.696191904430066,-847.249831474865005,-75.293244189572491,-149.278232877438853,290.727835125601132,-287.925240878770751,559.396936483399372,66.516451474520906,111.175114682994575,-599.322357290553327,151.685968536458716,-25.308452281268409,76.860916863997758,671.109993017543843,-406.548565435380794,-733.623811870777217,110.080323725396354,448.089168848827455,180.004632175673805,67.342726345371887,-133.163229584230464,553.287490654325097,960.061503601445793,-277.684080244771451,-642.137379469201960,487.761653449036373,382.701009021096525,460.255764510923825,93.737200851234405,-297.098279418743346,-293.325347267033521,680.952977794629874,584.020277477838818,-170.006885743178543,-418.923922662504253,208.507656816022575,270.734187048727563,789.776683857832836,-104.754715013760631,662.871478906069115,420.655248135231432,-3.535460836037510,16.788019020174502,969.429871244009405,492.077715490238063,-234.238589646652059,-1040.664631071207850,495.064903363649591,4.570774246182857,608.844021620076546
-360.195115410691642,127.064350796199946,38.004841179965865,281.221863670336404,-94.045153583261225,-132.108364763814080,752.367611142653686,439.401357008833315,-590.870475519738307,152.138200011784789,331.300413249614337,307.065309460125263,-20.668522518428190,271.996641016827425,-198.313320980852808,1199.155097728972805,237.217609649635790,255.508871461860679,-606.413375770665311,299.908006847525257,3.987788462594949,822.201328790126695,499.812259757445077,100.979018609766612,249.749954913060947,1101.538576654886583,-72.950833616320494,449.109393082673080,-430.750150859793280,214.248270979461466,270.324869627225269,-417.977737724544284,274.837365242273734,936.039099708437675,1059.717532765851274,-441.421004777000121,-122.738391450870040,-201.889265718946007,-293.434458588181769,-445.241677019882047,-302.884789161031790,164.253613587793296,229.748276111361463,113.693941022980383,834.716352915576067,355.413051910538115,660.695018787172330,161.603178968983343,-103.930753184030621,-54.699282088194749,-52.279194614273827,-44.704587623853371,113.127684112885987,-231.684581120626348,-300.351125035137215,156.579714055163635,-594.183529522025083,-95.239578088858494,21.262673120435977,99.642399185254021,-103.104080580169494,-880.200515371793131,-236.304262843467484,635.833368988777238,500.648699243092153,-85.299590230170935,-382.892199012987874,-1173.852736248001520,595.943065112742715,237.324844146046075,-102.342236555068681,282.231037170060858,-137.980536253541686,66.587296400991221,-188.831007374484699,260.261848141187613,356.395654938962593,573.664698584531266,225.394903981776167,263.144143521144940,-575.167517070200688,-713.453662451382002,124.417522325400483,-428.226845108538214,227.438280728857080,57.157224976104537,263.948124758171730,243.361540801879187,235.333996945933364,-805.547228634357452,-323.400025105691896,547.603777089736241,334.010271531452076,-416.051618157905637,95.826185976337854,-426.701086285526742,301.565462225007536,772.411124277125623,123.217564548543407,-52.732163525372101,128.448922517831335,796.107917583379276,589.490351054579151,-5.638166113084033,730.565519452247941,503.810922758063271,45.326066254191907,-23.497120153384571,-49.620821877690283,-420.950323646349489,-38.867493041993697,138.838253578766086,-50.101319057822089,133.028676012788850,-153.161041519318132,7.881926700416859,779.686155298464769,-288.126255330424328,520.464031095032510,15.387510566194209,-68.697505447019097,-50.440638335605257,-815.829565329153638,807.376592551350200,283.702100452539014
222.127175907454841,-186.043642321888768,-349.690743461972716,266.834805546881114,-561.541663203398571,-480.395028324711234,-221.606259641835720,-570.981372064309653,592.382150644071658,-68.564413822099468,-320.781241345233468,-129.832384339613867,432.265909949475713,169.432977889016968,-477.328138625419797,-351.656473096769332,-167.574595701441694,-222.959691235165280,173.661746172794864,301.516672940910667,227.246515876274060,-510.550974694591559,212.235362986045317,162.398389275443577,282.365151657084652,-183.125638478839846,-43.899016358914082,-463.229401543554616,430.421422120415514,-410.776603071206921,283.839065817367668,210.658392507893694,-53.921651273448305,-191.786005696353442,-19.730735822898200,137.531749341137299,-175.916136288199283,-452.341296498099098,38.202805056951057,122.091744365903239,230.287856597458017,-171.371051097742281,14.554357873864966,-349.760954758554760,195.481484967293142,-141.534023875965687,-66.962970887712771,-61.956773426491992,-145.027895997787766,-413.424420994126478,289.344153694156830,-36.375522519175945,-1122.557484280641120,-74.594049216787482,-40.277274312417511,9.915107826737234,115.072753754814727,-286.127823628306828,95.259757757062033,-361.266367224409748,104.175406129049364,-193.167879146594373,208.707647244367195,113.890816608017204,-131.416308772959212,-158.058278724343012,258.133766311664544,-352.341097697061571,-30.976123361022999,334.260552744845711,-827.839414360862293,224.799223578469991,10.722386563426280,66.789890171147647,127.423983710031607,-337.680262283845195,421.267788543028587,596.773038890631483,-290.751243440964515,470.207091531111189,713.820934761564786,170.326697535870068,139.836832183482471,44.348302015713692,480.650286109486956,536.450388978818637,708.116834535959470,-349.039678131490916,-73.275702453009387,-421.827821062987368,572.963509561930891,-26.945774093875489,-28.777842866232351,492.121052711015295,-443.015706028128989,-309.957723732184604,-205.483424775170306,-238.206164300490485,257.861991997996995,550.013809205603707,444.214265142784939,-199.431810861640088,373.706031053637901,-203.773156379058520,544.259043949706552,-102.452354792815726,333.075836689424875,-128.633156701578429,380.205886181456435,-154.336278923346470,-267.005728103453691,743.874922054053513,-1031.625378609033078,56.927040601434811,-453.699489696333956,-529.180766084734842,193.165221942364440,46.815567517877248,-856.814290843540903,185.519905555124581,67.199415887153435,-90.143616540098606,509.022564238209611,-411.159569889814350,-408.566614540243393
-212.280157416561195,215.883480275717432,-528.060373068284889,680.812191895225055,-418.935737639725858,-412.333697723379657,73.682460866025565,-218.817015787020210,494.695776581444761,-267.253536005892215,-70.376130026460373,-116.824570120308834,-547.277223154344938,737.258264849705256,-139.628115910600968,-616.668498730737610,99.920236084462132,-52.877257788763018,115.089340171001396,252.479871586638978,-272.968066359340355,497.702442448605382,80.492845913326605,-203.529660956216674,705.752513337757023,260.774102025586728,187.534957413885564,-758.783646397182679,210.515499000711230,-313.105907009588918,219.809264603398276,433.199309374547568,291.153927784397524,220.708362301452325,408.969349996910069,-101.211858906400195,-545.303479350586258,469.226807414003645,184.362801609679650,-44.371331934065864,100.543482968759079,206.606362645215995,-51.391405508679611,-884.875286221878582,553.363261982441031,-72.695839973586416,-398.530918668122524,-368.040879261980365,18.334860017256645,729.883238292856504,-128.488760273481432,-541.807751032109763,623.386138163455257,27.418893827017193,-150.510342940699616,35.392329510326277,-283.941287388794422,-446.612672181014261,-231.295341571421233,-674.183497843622490,-191.912356865777923,-176.564141518739007,376.925740216530983,-314.605671526258561,214.281061267518396,139.272945094272842,-221.355157744177461,722.010802941144334,364.037014843765405,-37.716835579959024,29.055511344986584,-689.841091294121725,-395.767077972292100,366.526695462520593,-173.988005278208789,163.361607654606388,-352.260628534505656,-9.649694404221522,45.170033368823589,-534.604896585951110,-326.990698975567398,14.914261996164365,16.990465410069461,142.294603777565698,54.005796900262531,-408.147773195951174,-238.571901250647471,-592.137851266883558,555.510730460164268,-358.894296294812932,-176.273076229706930,-169.739585880113310,352.281062323632909,-98.946154125096882,-306.738505875452574,1.972252457226929,-195.216063461732318,307.907949028083237,-187.411170919338105,-13.964303404420150,-148.048471806078055,80.600512303754215,30.777328139674246,-540.142766546283724,-41.587868933001346,-226.515014593209457,-92.008721524928021,709.146265443960829,231.332540788139170,171.037642739893784,854.272092832592989,261.584691017269620,-295.487536852121934,48.214951046919225,329.595035768444347,102.524742373016494,-170.944353516396774,237.768258326217136,478.021406421019321,374.489146389756399,-23.990159772206823,-289.864861368152276,0.356688555035674,-26.180610239978371,464.820792679025772
110.250784519684998,-250.329058529240399,311.413991171850910,-30.259327198182667,-412.028954792132822,-131.890579353309164,253.219753231564283,-531.246292560301754,-269.207932596394528,-96.242236275057422,-279.295010332229481,-63.369475610901361,-48.368495047183863,-239.274653976178001,213.831396597653310,182.025686831524155,209.192640085911648,54.423137228742910,-362.832422078021636,-675.742473738221634,-35.296692205386130,807.914935026303510,-21.995832812090562,-277.143991254255639,721.962888587284510,601.924220455063960,-452.640024270493029,9.912862297848458,-510.919136497801389,17.924716965962062,304.310512525379465,216.797901013795553,696.415392510241190,655.868541787521963,848.120653275352993,-206.151246417646064,-102.351033329072692,-324.113665445517540,433.502584949179550,22.582204151797438,-803.124218488226802,-449.693060156265346,-195.961175773277887,-414.629715558682847,-131.526393919802615,-94.166880317718139,-287.350781399005598,-82.370329194707665,-383.737046850842887,222.466007330358508,360.576729589205911,635.520137834361208,337.960318789225937,-593.094640220307610,247.025796303009486,-186.330762789878008,593.342170375504907,-469.999738441179545,-615.828728487980925,-97.436897276785999,38.425100104934430,-197.759418407734898,344.352404891905053,409.440745583927253,-277.967820900361005,-39.687155316844283,377.239440202591311,147.424832218526348,-32.223179935287284,-60.611774803978257,284.320124637349636,-262.367808825418706,-35.940793836555542,203.891773855727280,-193.592768822256829,-194.590724552522602,-385.621374497992974,-70.838733177664153,348.838663982185835,326.805241867590098,-356.853732338256805,-368.048643687203082,-626.778402345732047,-389.515836646538332,494.198469936618380,40.296094963183542,209.416301341918796,-354.285889719129727,-88.272497492118958,1040.610114190325248,231.617680738262720,337.723797080958263,87.904939266894701,333.809640776980132,137.069518292519916,47.695093529208265,-937.198993590543182,118.634410741354174,425.013360755569806,-176.752764086811823,16.384873199157759,1066.646077091238112,233.589834096504291,153.131543045485273,-58.876569126133816,-449.928208520415694,-4.134609270064644,597.535422790720986,-672.141035106616073,-579.079988977328867,549.277967409578991,568.421724142270364,172.712705692152753,-648.007021126165341,413.859267422803498,2.841232296135114,-682.694122749171925,-364.674441585159059,694.986145619022409,179.586569872542668,-2.759470991872437,-125.732673801515290,14.982644447346283,907.693423167314336,-89.319342965473169
-336.611885379163652,145.843094953371974,92.187505452986926,796.493043705863442,489.396548162156762,573.136681263860851,-14.775638103659086,-236.928788491720638,301.647487146244032,1294.617046567117086,-363.606963731207372,18.377963307879185,-233.087782319660818,385.519305597853702,351.383197628250230,-302.696467312243158,-104.105551280347328,-11.118453159622051,-206.461759549567688,139.891466934902667,-336.029454001792828,-42.159578359732315,328.574271485226461,76.434900937668090,558.483787801704011,362.074825921938270,123.116671378839996,-382.500452663937608,39.750053628732921,-388.051155503870348,-124.255964009884067,316.379998803392255,-6.033973089837730,-1021.679755731696559,292.022313825238598,-113.523327391554673,-17.289767792439218,-372.036043177396380,269.658202068958872,-195.858217288287591,377.668700124392274,-408.926773506312600,74.188878220835321,52.703330441339183,-479.667546060041843,396.569146558966395,-283.957862111274437,-5.015540870258446,179.298834113503943,453.609974666554194,326.207568332829112,384.462076666998428,58.911795017445485,-261.740216406593731,-315.631800479909828,688.802616539380665,-247.712771262275908,-70.772926494572474,-995.221541173130845,-114.104733591477071,-32.788188412424311,-289.898074852487241,-27.096853881055051,-250.237262169779569,143.216333404411699,-213.662669995927587,20.303301834062342,1096.171679426089668,-83.374115333471508,37.569033532361111,-4.977723330425771,-54.493033230353426,150.740112487851803,863.068744230259540,24.229773575151484,337.003794764279007,-169.301624079490921,-108.189966928458034,-436.559345582094693,78.907123236899594,791.222958992072222,-43.932304830532786,104.820501129178950,205.710052710891745,208.690247961861132,-713.243464195346519,305.771469099865215,-137.437367354538992,-0.995665103600794,279.058342047604867,105.652647014334988,92.752619274773068,663.620150853450014,65.427918041348434,-433.314458108448832,-244.121535352644713,-681.444848203017386,-51.375786292470075,412.982468343077244,-481.240704590655071,434.592374481203080,144.697986120880898,357.052964591618718,70.180985784497381,362.284406001055459,479.243453154709698,-246.239626066124600,-592.623939914642847,781.511035443104447,-407.157296210151458,271.921372843933739,143.477406152178503,245.445798638263597,-47.954990943439498,-427.796100256131638,-195.909241720205671,-10.460626010056492,200.511338983170162,58.812231420098911,-461.844021270368387,-519.074383856609757,733.213751551878886,-157.766572262973341,47.063387726762180,299.021875980237326
276.506023549733357,192.747661101680762,77.660538377445917,-854.837745426817492,345.302517916157399,-48.901138734089763,312.200823073235313,-888.919146127304771,-1077.904690028225104,72.188798769428786,1025.529401939157196,-80.481007132083732,81.764102248224859,-599.561039970866773,-198.308596854590320,-499.759165166989419,-15.565815292629374,421.009879072566719,-455.641889519830215,-211.320445877517614,324.775038068286335,-91.226227882372214,-340.598848928023472,87.765803496683432,-742.227141602098868,-434.710400450635063,123.509728054533568,-44.649561080823219,480.740941669589802,23.667548464627579,683.993477532828820,-170.653812042740725,220.810115101334844,858.807020421526090,-287.176376520493875,-182.496358571559881,-42.481557189006452,-442.571673692638797,-17.903978102198398,789.684223679750744,27.569407803344276,188.686987011857411,-19.277347487415433,-20.402177633519010,23.770544706827351,-240.514068812796722,-43.353063691091393,-458.104873635501235,-143.287824199128636,-225.606459830243580,40.578732906521410,479.113315933321758,231.063939779910584,185.528397353625337,99.320638253420441,-21.740868730714663,647.819783570249797,-375.327416816380889,-282.536632834921988,435.630479919858317,1010.293076423820480,-566.066415408753301,-213.286865750364854,-289.595390621876902,-100.537223278410949,-108.505843702396959,305.735449773517928,154.419296239110793,-66.727685336428834,390.360593688410461,115.363310626042804,-742.559758324237237,-188.517216537072045,103.704095144076888,439.054799527951559,-359.700182836084650,-307.050976849533583,295.620871172888712,-153.362126111727093,160.264230087117113,-285.437210347259509,-195.644286255926090,-241.484900701262490,-408.514634131352580,-121.054685412274409,701.234507657336167,-323.926052614453624,-65.185837210470879,66.065870951425779,240.178905839710922,228.311117709401572,162.956016487969066,-165.369910085718743,401.864864680158291,-65.070994613106308,266.825595397800214,655.991540419635385,200.930874879778003,755.141267007750798,33.599507664966410,-459.925270184798876,-420.164114827579169,75.839594510074704,-243.629276790532799,-125.181810491039727,-251.961675798273063,1101.200019951973900,168.285822082575464,-408.938008938635278,-578.184041541102602,-6.924796026061337,-407.668298018014355,225.903610015891985,411.029367723026837,-209.912578079383223,129.290549391607414,1.276872163405598,-446.234659614084705,-119.148699122055390,224.813189629052800,389.235235709360154,1077.583628887768327,362.642512392710103,179.482744548837815,275.023972216470497
-256.378836238496206,45.021906929969930,10.244521367029314,538.509950652541306,-546.357687304235469,-346.315546726903449,-493.331403822900882,-31.850349150763023,-192.850048475876036,-183.154578472718185,213.181548083713665,-100.001154420030886,-76.972176768783072,179.677562169791628,-252.371393022722600,157.465279640336973,307.683770607566885,325.044169516044803,309.629118580395868,-91.224646342939337,136.017873203460425,174.356442139531225,514.861537344983617,662.921875639007681,-256.770133583616598,351.645993650075695,430.065102097850684,-286.001201339266231,-290.813716908764036,-11.479071608858600,-203.060328544052368,94.431838321916842,-611.000037191687966,117.752617022054707,-19.934940612310314,233.322293979968265,-313.539861026934375,-63.707682583161386,-251.273051588358811,-41.253239245364284,64.054985885017615,-402.774613848621357,-386.352278775123068,-797.800216140131852,526.281245379483721,81.950455498441187,-626.188689658242765,-203.309554044597292,-110.811921939789855,-193.391918480909766,86.525701855182390,-104.123302501121941,806.447890927042408,-4.075013642675660,37.488636070996911,230.126112797419552,388.541491747713792,164.402252853473243,502.487723390716553,151.079758933205710,319.119875393298059,-21.062055316183788,514.446767517661783,0.685783113333283,-386.676885993376345,-942.293423056826441,12.664757861394675,63.761224213426132,468.678727122612770,376.726028905610519,119.165092907907024,633.170415450154906,69.701397840975119,-77.417504863020838,485.735334387268267,-138.555655659684106,-475.155661353313462,-109.043398439981189,-184.385059117645284,-207.530132345604471,-621.792040194994684,-453.674966781347791,309.691184028304690,-4.425700811381976,108.759301802277065,-628.117864365308719,540.088854305935115,-78.479471832667954,339.553654507309773,622.047051809134359,540.434245352734479,-80.816285817821239,-103.521706416365362,-291.906027858057769,-81.823696693167022,-168.221212863820568,134.130162127512563,-10.205938499440492,11.903415611592806,-540.460443139479707,150.045475477653724,-190.971793798365184,-126.621068067617713,188.285533327454118,595.461334104814568,-214.068807605708400,-173.840677543933225,-49.252980495508979,-148.626994973566127,-238.218018267345911,534.537894904646009,-284.766388245596659,212.936980079477991,-25.626804596562927,-434.835531255273338,789.308062147290457,483.391405213361054,-377.130872501983106,125.637429326973404,376.205890899613507,576.809751470398396,-128.031944908239666,109.823086151572284,48.567584569791407,668.030191742316447
-455.745148997727483,3.907450065849360,-363.997214158351312,163.412733585210361,-331.290871270796174,-267.258783648914573,372.735016748339035,-672.093776547153766,-79.444237990958570,-291.434103119330132,138.382102652970389,-223.504261604309306,-352.857785900375404,21.505227423893473,-259.335900710170222,-179.636362618366803,708.722657543566584,518.591337461341482,-279.043938125827935,111.154136811569586,53.719184168130234,8.930295003046147,510.419292581902312,793.324204693988008,927.096951203923254,153.643531354558121,-76.119312597497270,-147.702736674441581,-185.711616252476489,-583.799521814709578,10.589391650659714,312.875835667393972,117.969042757505093,130.729451617405914,261.836164653650599,167.270885661072526,-518.413656791075709,33.164926210649092,283.293569473102536,366.469732355937651,-277.047280952927167,-862.872412765697959,-27.160821471629255,-228.821373485307902,-61.807221249886418,-168.056735842269518,-134.607846896268967,630.707501705050277,20.997693989474634,486.356302198408571,633.621444634905515,600.356837898304661,-89.591404293818073,462.194876161925606,-241.880420413072954,73.150073886816955,-447.599668565515117,-188.470403039323088,-685.040694633622365,239.253218626324553,-191.894249446153367,343.701283455984367,515.752810051382198,401.733216179795932,507.833826784682174,-270.149457877233658,204.023969887855174,149.218005136468832,-231.048832579258175,-161.247309947188626,-391.254220754721359,-149.425223213135865,383.248554684612145,654.261326291033583,-115.350886347496683,717.681115059417152,-243.122545848229066,-537.786517083425338,192.651728157851352,-184.792176990988480,375.724659085802159,-187.146935311148411,329.924179045008032,-278.547941586727632,-22.328714078798384,196.133544756706556,-534.481552416590262,-88.737158931010526,-291.984439226215727,-171.554098014736809,61.858048941730047,465.167611760007276,588.639274887560873,19.438230275870019,-74.305334200423161,270.753745037078261,-8.961837667155152,117.256860989044398,-44.320722429836835,44.909833442873335,-22.668886018780459,396.867698514186600,79.911216024876268,-87.030866572541001,867.898158548886272,-404.672181386504235,220.644671550070598,149.553678384555468,480.001024416356699,173.248291272494981,643.545212740977945,-70.514854424140580,84.598995653075576,-389.737095457029739,-270.499739741132942,-358.175605953910065,442.570770730750041,230.992100769795144,-74.505780653805772,62.341556549732871,-520.789964174520378,116.164841560035612,-708.195817470458678,134.364978403970042,73.828843807114353
-679.346896393803263,-195.111867174904802,-142.705831261775927,68.149644351944602,628.705432795660272,-28.520212887364124,-137.026178697054178,-503.753556193377221,153.968624529922920,267.297765909975851,-169.827305116465254,86.073956436280113,-545.584842383478986,-447.228613455226139,450.232039130368037,189.202465188392296,150.207340747724686,-79.488340972793978,-42.148844967602365,56.749626026003241,468.694105260303502,-7.647304775278279,343.757650523070708,-340.539540326430370,511.171085530388780,-387.172843186637465,-717.321462187427073,-671.417858654214115,-284.085714718479551,-211.690825663316957,58.320239038127575,210.877403818267027,-142.357200215433892,-257.128483784711023,-8.608696021104105,561.378673046240237,-470.435302697083671,101.785467823385659,-216.578950381672570,198.883742948273550,208.464560576105384,-72.625691922698707,-337.440635258874977,-88.659485685549015,-76.612923161242719,-367.242840855581107,-165.190502811984715,88.003701669865848,126.599393273707165,-38.218375676875048,-631.057958161539887,90.444116421547648,473.861344831885845,-493.244143437803700,-68.451250227664673,-99.818794822782394,211.410413870527179,855.022999378569693,32.945362607042902,158.081500669855131,209.664754193112856,363.069687503307932,-301.445555695702694,238.201659702855011,-139.879762543101720,16.961868444988653,-35.096910982517514,-300.415278212014641,493.056123697529642,-327.446290616790748,116.293095582425181,-587.999811740641462,-29.786908540286092,121.696417868744817,251.773368662097482,-58.165439740913619,-606.489315941966652,-40.463983863361953,46.851948584155082,378.313934219608143,43.237306595637392,-284.748253083688724,356.347800513621166,271.032662337829095,-9.643746996449849,-194.835670724306908,-62.266154060308942,-427.212409984634860,-202.792935715341486,367.145017656951950,455.323901960264720,112.591315358920028,-154.913583321511055,-206.903152942980114,214.800263283610235,81.242539113726451,-245.423497628574125,599.929271653940305,48.295848748574350,-218.186197155082937,118.211337624542594,97.833050129849397,430.418122839903958,-165.851438462032206,201.258478197807875,-825.839705570869683,147.565732616904796,10.292345472900642,-170.361489470301251,-91.222454272770833,-378.078664310734155,502.507703707223470,138.453749991467959,180.692033816682425,154.759763067274520,-216.845988686353337,37.208717165096786,79.881124385196586,155.535055574284769,162.683672839938453,224.546445464896891,-177.178529207572581,365.449433097349868,607.708591118262916,91.364276246911800
-186.563040710225977,322.349529139743936,-344.116703469466756,120.028732705260822,-356.212250469307378,68.046752563239664,440.115135125369022,406.667595114891924,-246.156085240608746,338.394115359449870,-325.541804369031411,179.456937086819750,-586.787144272259411,445.217826532500567,373.349393321026412,-55.183076544154403,87.874882902451787,283.406339710452528,-42.891554557027412,-449.928270273229828,691.990769113256874,-487.122016897257538,133.775314630410264,-26.806246218486400,410.931684203930047,-86.287012082458602,-359.765098127402041,-809.168684806181545,128.037301176650431,290.229928078094815,165.934395207325196,601.552766879290971,36.697077352199329,-95.889840880162112,-217.624205970124365,-63.069243720883009,112.657084643451398,-434.411796267385625,-33.913077795904705,37.135301087926592,157.954334187298087,-258.152874073889393,-520.231977270559810,-327.869127134084295,284.237189903468391,234.658724970371935,-465.038636743080247,-84.214836031683035,-29.422914494515098,-766.534153057509116,-64.007012699279159,-663.122263004193769,279.219876069234658,227.736946150677312,-365.380844185448098,169.878488090805831,460.291572156924303,50.396754843640650,92.650539795892215,-396.712224839854116,-42.761362251496962,356.346204492295158,-101.750038005510817,132.327483713203549,-113.253013336968152,109.893631723318450,-180.154671083345761,542.159233760428720,-205.176409426870606,-304.866674792238200,-2.709447005637344,234.120559317489665,-393.906496257569870,325.175504277390587,-519.551226547705369,-192.156344564075368,-504.240631516589247,-173.092871707902731,-181.669472915211998,-351.112950636867140,591.680173057538582,-116.210857239402614,-1.341288345877464,170.991237600362666,-252.933327027447774,509.909760598211221,280.308312680660265,-991.243224695102072,-27.361564220212131,104.365751928054067,-14.449823119432274,-55.264172198373259,542.374156266688374,783.230794657764818,23.882799269316404,244.008098276987027,93.695225629367116,-19.174161143573645,-687.271197904224323,185.613829326145435,-312.954552206400081,251.356168840917206,690.053271185414246,-709.994769459509371,541.205138209118672,-486.709479299914960,9.704146843061750,1043.899617066754672,-122.886764299244234,294.788183257140133,-55.512013012964815,431.654025332784727,-281.292123203088920,-321.614692480731890,499.269804749635455,-257.943981773805717,473.417101810645647,591.346824111729234,468.881254826612405,17.301161157010753,-336.486594482033354,-16.043568786851232,285.110730864480956,243.463433005285026,274.014145999407901
-490.368878285396192,189.343105951861446,45.698447281242693,837.971709462989111,35.409639588187105,18.107326104295169,484.756253828009051,341.803993459074377,-641.189495861535761,338.175117595957715,-319.552367680723705,-120.150495228491877,264.224659347914724,137.104125141656112,-149.821367559729197,691.505905631960786,281.038055434063722,597.917775174953249,509.429454810111167,-154.439491307717475,-324.625455146782315,-373.543904911077448,306.499077486428916,-170.631127311164221,141.749527804758259,228.512095550627976,-205.251419685802375,-407.405782343049395,-639.973421241436313,-204.807293610893566,524.276982801408735,186.940632794507053,279.004598533039257,29.305012145513082,425.824252313375780,-287.641898315890728,120.630632211645690,-452.479472232071316,149.819020064545100,-477.281222369865588,-18.362101248969623,359.705894742692180,-214.037294452092397,-245.005444800377887,130.736392072806922,-393.531371795070356,-220.074176451757694,-221.599184320145412,-437.190152838650931,43.592080852048703,785.236702669469537,-287.158421390379544,-459.149609794022808,142.928860410341400,-457.340965030500172,-37.446883357349762,24.600032214711810,275.226806389353612,22.479278317847374,295.180405391339946,-893.768752117276108,124.468438052094200,42.250694803554495,-116.064510678465794,-74.692271443080813,-128.831626711153774,26.237900688824539,-428.426711243589182,156.914014728628331,172.424197123760052,116.922922835628668,698.030220373824932,-397.846212589804111,303.669283158340022,246.062499085561342,-493.070346973719438,28.168971194255562,-104.574347131157381,270.865691490756660,-150.734994068287790,74.801908609407491,-402.376399774058086,73.691247239500910,-364.526529236223382,-14.673993253637747,-409.650769399292130,499.482452385129420,-449.091498409814676,-756.486186943081862,-224.363105295114906,521.677212725162576,396.778100053514834,-122.906570742795878,-166.996228130210454,-139.400005495505525,-120.314313760196214,640.029893364965233,737.331361340213562,-362.129809263749792,-130.495097415577533,294.046275102076891,-286.706993690894251,1.092159142479145,-249.619261759362530,-768.225673048702561,-20.630338484000106,-330.292372250407595,126.007324977915374,187.527643826885026,-827.381053725410766,-68.408159788165861,162.834530489471746,169.055511912820549,-202.200936630261822,99.180648000174244,58.469456808016204,25.028702397420670,16.216367007217173,25.823256444759853,244.933176649358103,239.700430164545310,-559.935252068936052,269.078415254990887,861.812013762748506,176.612819578079097
-204.768886905779340,-547.308140280817497,-61.761944930978146,299.614079119058545,-270.967328994171226,351.274973539361667,-125.681118702608515,644.849875565791990,-303.781091408190662,-174.108926978328896,-77.904687749109499,-893.856538877607250,278.937793265656467,536.405309712725511,117.977270754992276,18.328529553645623,449.126837898881035,160.505361706033341,576.151431513195234,-112.812842087980812,-446.178615073171670,7.387015481232439,480.056337937015712,-109.737548218420073,-314.103156830410683,-309.084068511384032,-218.447226136484346,-175.097861503554469,755.807774749899636,876.419656982704851,-91.938262530557608,-770.528642146727520,392.177636843584764,571.225113214097064,574.323499730301478,-79.501505157221601,727.920687823295907,-609.367614370039973,521.104546686704339,266.311079641112485,-240.129386675609112,-168.526193680811559,582.337271372509804,495.897704233066236,-459.506472446414875,130.928934044705841,213.939558597698095,-615.246036670980970,199.993044575558088,-227.790696833989614,125.105187148003552,405.087487056668294,-295.416389520354471,-412.090128282159640,-178.709711468680723,-383.835754247410705,-609.964724478679955,379.049626883704150,-88.619850027750132,-316.863960074622014,-401.694916319113190,-578.262346304824518,48.138205360411959,-286.178917505281788,372.000785213711879,-240.864813992552087,32.787155240189890,256.824654243024611,460.541582271582797,436.244431757838413,40.856577426085735,294.759490345513825,882.198348670980749,-308.497475009419759,353.600620979261407,-245.993486288102503,281.116387964287242,784.880151131009825,12.765230016652220,-576.894536951278042,39.781607145650952,579.092098216819409,204.692509033958345,683.713568069691974,-329.406189383471542,-103.070629640547594,-732.092558286798408,135.607112834891637,150.279883852833734,-617.775351828827866,-164.297403943241193,211.704807066764147,405.645597769736469,7.812979327518207,217.048851341213549,681.700420222031426,-530.481491313303309,59.689999546721175,332.305671004195403,337.810709723496075,-205.432507221808237,519.855843348378016,-350.234723289098099,60.532644337424813,717.973104223691394,-98.519569806073434,-9.692747780325671,491.966482835066017,172.278540163330916,-170.778906698090026,-414.614874517364228,169.491571003377999,-448.024554487453770,-581.429310838327979,-42.536056881833019,-330.342326133134520,-138.033806785190194,-96.535940890346453,-220.066364433076359,-1001.317304968854842,-152.381790498533633,-395.993441290006047,28.324781626666933,220.418720442122009,101.169592653879874
-374.531366494520285,22.705345549619835,243.242272916425804,357.234746366832269,97.677487161358826,-482.816765077620801,-422.339674696287148,661.298758956733082,-378.641734085098733,434.564527847839827,0.849300628478431,416.137315108347423,271.356018205051953,-418.862227590800046,798.484239529962338,461.814683945653996,432.313741606095846,-329.875351726868132,-315.078439691029700,-370.430001070337653,-232.260726595644883,326.041246673382318,308.222385545899044,-29.679792235959518,80.946588990008209,160.335069463651109,-883.161281299171264,-582.065047024627233,-357.008326971615134,393.740882731169108,-362.252279116250520,-344.383181756869533,141.869643423258481,-553.619637709013318,-848.917659680987072,1048.746003839364903,18.941665652346238,-911.533484551717038,-150.113766546880129,-654.863824969968618,546.749256343660136,-243.751994359800761,-540.544994581402761,53.083306852789988,335.035980578260194,171.216153746526118,-867.972022845218817,-52.563561325853527,485.352194725980951,-51.720921116427192,-325.283799046309412,-17.575600966691091,436.389587013880032,424.007091820525829,46.755379605291608,419.013174385377170,-62.518417156796502,-31.403128958497476,-291.411553436371378,-822.443073203360768,-53.450810940130808,415.687656071401079,-25.953893418250622,-269.300635661820365,560.449960314007285,-324.287424683490201,-75.207174260228655,167.046251042146508,127.031919496243972,464.087753810762592,518.666174455869168,443.307648829473465,-654.372168372120314,-93.654009213066317,-121.721778043875531,273.139305022104793,241.231358786772319,215.881642048582421,-857.770075872938037,-875.148419375236472,263.958867897781261,217.502376230943639,197.464108452950569,668.915644642974030,809.790387697031520,-721.467154723391900,-133.232476509553919,-66.220410635328278,-828.385681425518783,105.010755190347794,-27.768734835682643,-399.438911533305145,-226.115008520050282,643.840546328992446,-211.179844965188522,15.697448403341632,645.396679741854769,247.188018579032956,85.930026769610706,-151.300797385741987,145.173634163492324,-385.776260505236223,309.714696431663128,-216.720963178129097,-13.234723076380636,-177.095180750910629,-78.422982442317348,400.889867162110590,475.827809756010197,325.488449954654982,224.196138978026539,-187.607765683874220,-325.652698221142373,-226.461392162935709,-11.869928083918921,187.134892166629271,226.130484120159963,-72.348203826350186,-251.904575514453683,-649.153771848838687,-340.448844921366572,-277.539098604949572,-31.530269064622640,-92.552998984955735,319.469392266495674
-589.339925120436078,78.008848383615188,-177.012447351628964,400.996820333754897,20.889401988116511,141.787597297772408,-101.737069434962734,639.712660262544546,33.020088439535655,36.421290238153382,-601.527180385054521,-839.072089972781669,-120.498470694222775,523.985986087723859,224.832869076175569,-110.980546467133451,-489.510377283894513,-34.511880222841313,1462.217987889599954,-745.657839902867408,-97.277383529019460,86.279063522805870,-366.515615922801032,-630.245005010418026,-161.254264790548604,-249.581450962654316,-148.859885299949639,-196.542940550135000,190.686688067243608,347.563875798944935,-606.905579315041791,351.879419671517326,-10.870912404027248,35.442459484464564,315.010841290057670,177.734192538629372,265.133956333610172,-155.827128564017613,475.182004103113798,-367.873874898221970,-296.465582677732186,-176.880031083662487,-36.598699732526256,-53.862965803875127,-226.494191136030224,-122.096741840937938,-198.678296230634317,236.769851286612294,-672.606740710695135,-20.559261536220774,619.822152931975211,794.641215680479945,-449.488824821330695,-646.431134546013368,-16.533228436042169,-781.422592727126357,693.231812709123801,0.128121101036435,26.424052967376163,456.287163572829684,-797.024956313586472,-191.416077541086565,627.708031317427071,-345.064510011012317,46.044874336109572,73.108827408475179,145.226846400080944,239.222925808261380,-719.144735296105409,-43.283508133477511,-86.616596815967114,594.676211427593557,-664.744667654797240,-519.223008711413513,-189.521496689815052,-720.774449064073110,-129.799844731263505,233.462372417447995,65.711398225952337,58.074160839188721,-277.985659800608460,206.176168115016878,257.167083676819402,-5.280855662097456,-43.403843219710190,-335.454942769395132,-287.272447174902936,-109.360887308402638,350.667123028285403,-69.087488400453111,-126.968586869530398,87.639201282977211,110.677074740540291,-580.822349226498091,1.078944818743937,217.886185090696756,1.643399754840517,82.748276406387859,-291.322889171837119,387.607655337482697,126.002275052596417,-103.873582767535311,-207.840696787446632,-206.568357396877872,-493.602514640654420,150.633407167774038,-17.300086500157271,-403.481562709307525,-150.064639308050062,-21.138758620273599,198.982819584975090,-11.585220916369099,120.695014178836459,-538.933526883604145,511.169112549268220,-402.831224745868724,-1258.310409024338924,509.730088492537334,-451.236373202171706,-67.020888704737217,-49.939398948476040,-644.152295451870486,567.722739056193518,-304.460070661140605,6.029312621243415
-477.241751836149547,-572.527864211036103,65.531778657182826,745.530049995335276,-152.168107301823056,522.192963660895884,141.975108321606257,-194.092994257917383,119.568699874745391,386.693931892016792,707.954153672976190,-28.980192116233127,658.640779497995482,-303.677608033462320,359.522524607843479,667.233251719923032,384.914525004283405,271.600371407379384,-286.696534875663076,-188.235342508065912,-6.498368337740207,36.491848654377669,-306.785904945863251,-14.987404027275080,-205.040784228670162,192.800414696528208,-429.680793672402331,193.057953541832831,397.623592119462671,17.323374512178926,-260.990347869135917,26.566877693766674,119.624113855498862,769.878861235603495,-45.602896600752366,-29.274286439447327,-22.085152283150613,-288.132132407364224,472.806791804266595,-145.804636399625537,111.497311005562182,-331.707057287065425,-638.080021096040241,-117.572981673243206,-256.873353580320838,159.278468209812900,-409.966436024700101,109.207327796194207,-386.085737303135545,108.670990406237280,295.987781982135573,525.280452565945097,-123.410061200103570,726.378964343962366,-163.992267511745865,-355.213992443250959,-116.802399909822398,17.686432536460593,-283.421026119727856,-536.826227113436971,-387.681038357992577,4.823254679316095,218.772385898200099,327.795787016331587,702.006876796128722,-28.184434384463799,315.321876341705661,-256.676999295907933,379.984154125190742,-553.313359193123802,-301.577393320243118,317.409174249626517,-182.619084347411928,-158.771505113423245,-315.931481240609003,-414.022065290083845,203.439801296566543,294.085709425860387,148.984478385524994,-531.944952355415808,449.975339251628156,-368.418383978768532,276.131488745630747,-202.297150950581369,284.557009212770993,-311.688060114947234,375.302874232743875,-294.975873298723400,-419.129290696435021,-81.136186383507763,258.268288195171749,-437.006216037996467,204.534732054817653,547.291129558290777,-330.723252231354138,-631.633392595804480,295.167512931328531,-283.576160670266745,-963.017415274388441,-304.989302742364146,151.950782315157880,61.638772990504222,279.833803536659218,-169.006141277992413,384.014370689080920,-414.949616234033556,-48.471124684641794,-406.312039763506618,-160.204922270757379,-150.102633755407624,408.720756102379141,-130.727692715121947,150.196753995422711,-505.406416306586209,110.902912359428285,485.225197104145195,-238.403587842472120,-389.797138957080904,264.721681265985126,-263.032130470698689,-99.627108779430230,242.253609613346896,192.810039980169734,122.072031523204799,-138.421026924439218
165.293919723404628,-206.519300880027743,256.493659003740731,-105.636435523931610,481.219603003101156,-290.990080998525286,433.330695021170982,-526.573640888318437,-246.111661699333041,-202.539338240216722,169.191575229697690,-560.528482410638958,64.992189832448915,-843.092369381978529,-510.379093958004148,-709.647008085774246,-315.895215481869855,337.912854029829816,-184.945590042151821,72.686044710312416,-389.702770883582332,-219.683440638354114,551.667262238800049,77.375804450154305,-192.873565825383196,-325.627212139547282,-328.358795957429095,88.798261947361254,430.431909116764075,753.375414302825448,595.088053621637073,-457.871891525111494,320.119286733293450,-981.731474468125498,568.078335743695447,221.913924623217980,-458.635550346857769,-170.586002776641038,-84.845074503550563,46.999346861968419,555.996722933830483,240.198367981493135,61.678650488831764,236.781468694156843,-128.954666509927335,-211.286313626624406,-193.067561090064856,-519.078130445299848,138.480277774087511,-52.528109339786873,-546.966702249679429,43.405069874453602,202.275988794053603,-166.319765505499930,-164.497602931450018,530.709794590043543,124.566020394280983,-85.048764895260447,558.379358396770840,345.754040334001274,294.321700566581285,243.513600831263204,-225.780314612185066,-169.891823766630466,-503.065757993238037,-159.592201804743922,-112.274883909668290,347.332448876393755,-125.404225297773550,239.448075952505491,84.575855213195410,-327.304732189276933,279.487724892730967,131.853884078144404,837.071450329485401,447.629057799468910,384.611235848229512,616.889221088178488,440.138331761722952,110.322778762039377,151.750823390922676,-290.933446060115841,-158.085103520050012,456.580127254040008,326.908464390289907,471.722082022061556,162.638837421744853,781.934056178325591,537.814537031417103,618.228019091946976,392.333649012907813,-360.444389816053217,449.328448468131114,292.677536257651525,-116.836331498558351,6.633632048731116,355.154393125904221,-270.078258534449049,186.748425993997330,37.972172377638003,-164.986249376731848,-652.497785765357776,209.321476589934605,247.031058734658302,639.961761345290029,-101.162987849157247,381.915431115406534,306.147282861741076,-552.370640557600723,65.080256365499807,-1106.372695573787269,-316.085766975156218,100.222108689009843,526.990091910395449,-395.972531892891311,336.817519128631318,-28.093590006053084,-250.848967694497446,-61.810156157177431,284.300331116735890,142.426436573246178,63.550822470188471,562.478695266289606,16.663949310954308,128.491968529266046
-87.600716008588876,362.272584504713393,-97.333285485931924,637.658783463540772,363.792100813461843,33.501615684295842,480.218690995793963,41.474433556272118,253.112908383893597,248.943769403767078,-68.210146292127135,-53.769681216505788,-29.196321167828735,-852.503237496358338,-58.832010437348202,-326.991413569953750,-119.711265292071971,-182.350480829468808,327.157935157371753,161.242173337150859,-191.510867727882783,99.823033184098449,565.923441777273183,-358.544390365436300,86.378494651782191,-632.289566513305317,266.674321667235347,252.746579287732516,142.074092511951562,82.215573637457510,-588.799399868923956,-505.149025487863128,456.665691786328921,-513.611125335446559,408.424969433074637,-87.773709993492758,31.057544278791546,52.393997768989074,514.117224602536112,556.117811517204473,375.377473473649047,-84.667161732263537,-637.795222658705711,298.519298026473507,-223.622997097903010,-317.270146894258232,148.764877379203966,-10.603868511064210,1071.095819822096473,-67.171882526625026,-71.029569139143661,40.435037453054257,363.005562861784085,-225.965760924029240,-342.058613535755057,-342.447657171945082,-807.018109240323838,60.023393400189676,-922.412629778780115,511.405280300313052,-360.860729315997958,323.108237311357016,-125.523787722601568,-564.999257281892483,-591.436270980336531,-129.297386343259404,203.169855170560567,408.870055676738559,339.794071220928686,-107.970329661409465,-240.914503966841295,-61.766259686750232,-45.338249252377416,347.024273498624098,1032.089512431299454,-1.259906156342723,183.410312267119537,147.111019776100449,282.963259742105606,-552.475298685277039,-320.004255327116880,-318.523701131120106,-268.146330115923490,-203.747599909607771,550.996042378233142,-31.570419249660528,322.054509077406010,42.743815993766347,494.342520031582524,-191.997965217823491,102.883282890276035,-346.595618740767804,293.669643665600233,-293.256078522267103,55.485182320670766,-407.519402351055533,187.048988959530448,476.650976169568651,-250.679944493199656,-354.711697617207278,160.224970399226862,-315.007325360333425,309.156775846160542,-128.284380213467756,161.550747957739929,-198.501106372226616,218.580665244294295,-131.556522897173608,374.188822263392467,-607.169531294983130,54.705902665091422,-72.880901785643658,-43.609048874353071,150.436443528451974,-353.684142198886377,-124.823435178014464,24.387792315731648,-464.260925003484317,249.330773062338210,-208.793040229193480,3.182617326158216,-448.780098828476753,-466.561630919445406,27.826723363044948,-145.700640565294350
-71.549746837627822,365.551910997646871,164.706047907270971,-237.147923385252085,101.991624913713622,-85.343769324795886,409.421037420705659,-423.330823750473598,-522.371073117362243,635.167079021022005,483.232932184217930,-91.742464416002207,367.019452789367222,-540.755860371517770,601.276391017641686,-53.338397600323120,-119.422555732053496,-304.237819571404259,-311.336589930460264,-122.055604646781447,-528.119617378373277,-54.406326705277067,-149.494933780735721,300.463229816920716,116.342982621221296,-70.812823525307934,-178.582266413510183,-331.101545892933927,-688.625703923104993,-432.431298331873450,693.188591039574362,-246.664942717770629,-289.794587271174748,-350.489492672375491,-480.948723505426017,299.920617596512557,-178.007681581108415,-79.444801515244080,298.064030822665700,-228.057817334519143,-190.307647793366129,-581.848964710422251,-149.067994823305270,209.660937493401036,417.239854001793276,252.481452531438578,-676.793415301939262,-123.298310654111361,-785.770235418580569,150.042629363449834,498.831646072439241,223.893114283722753,-502.871163813776718,903.223519572274313,-306.268059975557151,-70.621916477611904,377.814734911815606,60.009723226873199,-321.000400027852322,-113.568191081662519,697.693506589144818,897.703795577509595,315.089670395743724,-278.578198140930112,207.781651919089455,175.810600372029398,-187.051390065510532,708.827737388521314,-116.790940981325747,-52.040539938123374,513.842856744845562,-166.594003643866444,-101.227279502283977,93.478744814096061,-345.608455759332742,-9.205519267004490,-31.293103525857841,-738.781425887502564,-372.790702258560202,-6.334939775777540,-80.239666867452470,-293.980177962724667,225.591142105456669,-372.825946336813161,-11.984618126858940,27.255442351657376,154.341306925100923,-659.333430426204586,-23.384210609170850,109.009623525701329,26.261429127646885,-13.941623159115320,-70.430501494545950,477.799083986028620,-301.025404436602059,118.903978296657300,54.581019137387912,186.903531318238265,485.714880243294772,130.343738679354544,651.704369643690711,-712.388712698960376,268.388012204432187,394.107879910508188,-616.852610279068358,28.498606609726529,115.996147293587626,-241.967162617319133,-251.582488219377723,269.046168211603003,698.969737949526234,-107.057858936177354,104.859988145802973,127.227471322298868,-210.514634031394593,240.239501767638075,-936.924506579535205,-210.041787149675599,115.613835351514069,75.588339608522830,347.932549682106242,133.982344601486062,127.565698030745139,-320.294134472561836,-278.979019785143237
192.746543708633510,-511.475729802176375,-269.764039769441979,308.320423439049819,407.798475499975268,189.861709890611564,-38.495232489310816,-5.836526298664864,14.649716158155067,-316.484362542970587,-81.358711742056059,27.937289556967237,-840.843411213047375,329.421019546834486,-320.255539337566006,-317.673940781383806,271.985749486955910,5.912821481299036,-682.148825365076959,-252.927544313590175,90.934264588071159,-120.742827023875151,-244.929519629558769,524.806814340815208,-2.287587327818802,193.039530665165103,7.860548873617105,275.792357034726194,158.266539158814027,-983.065329478907302,-457.846558892101996,195.455163436917189,-190.888838091456876,99.332937136548068,-149.047732098364975,149.568043689424371,94.415432043622005,400.949659617368923,-18.847420454470715,281.413642911249553,-348.071220728843173,331.842425612044508,27.412990456908410,-775.623375596130131,-20.800368504581421,-244.001444164527413,250.746388265821963,781.799226922659273,-153.828494730510556,695.058378353736884,278.426639233065544,-265.725215409310579,334.155843736808094,-98.307527406018124,-171.616902151360989,528.461545792263678,265.016642361466381,-472.693055351290241,-9.395830871795518,-259.496665466653099,-76.357846544058219,-417.970048842309325,8.928206723598890,238.376177529762600,172.242542003599453,-172.549109218579417,-424.680474529387425,520.548871881892637,67.433153470561180,159.132718856224983,-767.949838795683718,8.967624680992003,1.831861352399407,-184.785897414242299,245.903813050083528,554.754264100703608,-125.122248176847435,-47.100793869919158,279.236286788521795,484.073883390420349,151.306832270902333,587.668289505109783,506.397178122960042,242.687584202905498,532.486098732245523,47.522835107753416,-325.029342805916883,-56.674588942348180,53.123919215307396,-249.199249816017300,-582.142054592102909,143.510030554064201,468.554422423856693,444.835596039609698,-143.418700866360695,-532.309385714812720,-326.685388549091670,-192.535873898339588,-675.299658227830491,-398.526830261743214,-114.662836994744168,645.246053605301768,-278.306617584675735,-366.849212803829687,46.280146944619261,536.639525228403727,955.823783995349913,159.029392466578145,-63.452910386967069,194.862932134622611,288.987811149337688,-242.655317177968215,-341.501415679432455,-182.906596749418014,-151.821004945451136,-127.873658245229379,-58.175788559104930,-219.522864143435925,137.198867730741767,645.883972943609365,-320.162189272918852,-286.053121409455855,289.847601945231702,-47.036504618747571,274.255008219187289
398.431282168044731,-352.122144444091134,87.498030530375715,173.123485952503501,-72.117275040709131,172.268632088048491,-52.788479278623001,-295.532896095792523,1007.096811264790176,-148.224657046370311,-74.775357730268212,462.250312161833165,257.224978445790157,54.691422751400495,-444.863957598806451,345.385393069189320,-234.005602527963703,-142.031646918178893,-591.208930839606410,494.717661464145920,307.037067827366400,593.898259592578938,-251.664030919910914,-268.558260521804470,-271.319509210300225,-505.380319320183901,-58.906662872077760,106.982840790060081,26.634353951674107,-638.863114437368608,261.127363079846759,78.668353747719237,41.065822610516072,-14.597528259830700,-241.601629268349740,254.055104563779821,-252.695412203494044,-297.297268169847598,-638.585960719719537,37.317669305310751,-138.761921382266650,-152.712625728352975,-603.831685928237221,42.314442429542510,-233.819962042065356,-347.035017737215185,496.822627165243944,218.970061416206704,-163.763454495277813,788.596949670477898,-227.590133130378490,-307.161698025438170,265.990673700588559,157.173518757999517,753.850026675313416,85.906163384963506,-273.329097584649560,-144.785572270616711,300.078346582443430,411.057962475702197,-294.483178231271438,143.053240787162622,-282.525147034546706,128.785101603866309,-147.233724282258379,334.267987559229539,240.837851601233069,-630.269356508016813,5.335641387239747,44.543377046093205,-196.318484528559964,-1074.399398886693461,357.132083527300210,-107.861824955831707,-130.281319543374593,-72.974652788828934,108.243747554007086,-207.559402277076714,153.651613775408435,319.445039758576229,27.738992758190530,9.567835701477554,-505.117572307523119,-28.825653908119548,1436.621137391410912,-313.280610128885542,191.903982139500329,60.639959120293170,10.976665495153028,111.553504822935324,261.952186225170749,166.023273087087063,-127.194511683441220,208.322255592840349,399.401550716799534,-294.961322309541288,-649.149678952468435,-631.042436326064603,866.668280710763952,-261.233851084007483,-150.919854330097166,481.263654277638921,-269.154265662341970,473.755325405634835,-495.578700031129131,-680.868252158146902,8.410528450651896,-978.417949860756494,136.998390579800912,-184.313998656925037,115.448765586165848,760.177177303737380,-276.031080358057068,479.816796764220214,555.548924470606266,-533.661335635932801,-572.683162223166505,-366.571436246287874,124.801725860658564,-156.331039345004626,-244.115687196232358,185.772405813546555,-240.126096093616979,131.660830264393468,-377.241413431351077
624.319468646998416,-173.969707141515130,327.200011434630142,152.077864415279549,690.182932489582981,35.187099877562176,427.888369506844754,-173.305541575306307,307.695331898695144,19.843943815684352,154.390018126019726,-18.472968643585432,562.298469507210712,248.142808646551714,-202.568391162439440,-190.793777712555254,245.159366151684623,-18.735134860029039,-257.955677464074256,-383.466460157566189,-213.787199510575192,-448.291443331251514,-253.679986516991960,335.976341990432047,31.838802185313725,-213.182792661112416,-277.941176241985488,301.926038353137073,-76.178735849208834,55.949421162931330,139.373036544156918,267.753332546070226,-178.094370089710708,-330.612201693876841,-621.644327896024492,19.275393036056062,-315.179529997946872,-309.631307807072119,477.933324792113524,241.636704749965958,132.683870790170971,-403.058809241296501,-370.583825539421923,247.952321183713821,304.305453429391321,576.254523191762132,62.360070266394885,-93.785682174290812,-427.417330652966371,577.632595324913837,803.848692000057213,-35.737273205118356,221.046672752514581,-523.721200379615539,-302.914593241219677,-380.232349038300470,-80.746926344609307,492.508593111006064,73.234997010651512,-26.838221547978449,71.766910961752444,357.104566842556096,148.957134952842551,-479.107811449595999,-331.880474767787348,39.219321297968811,640.213564529294558,581.208251261130044,-163.703595359158498,185.267615628750150,-608.329677675158564,-401.211812142095198,-375.617380445082574,-8.069772898840929,333.803306969843220,-105.779311773636564,92.755759370707864,686.087041274671947,355.420074074915760,236.092482710340846,-85.490259873773255,-98.086537523951336,59.779519847122465,155.784734220358985,-419.686603585903072,-772.714691413788387,437.503879283426102,402.877835539144030,198.315206076536469,218.576630860623709,29.521274201845955,373.922348041487339,311.095499678104147,161.609688079819591,739.766316548863188,-661.408226445311584,-85.517116426662199,122.319686664770629,-629.479746479904634,-785.288059754125584,859.257994238632818,175.246779973328302,-373.548402881694471,-109.980712918190548,-140.495707389508055,199.799989985231321,549.483490952384614,241.881675925206423,9.568456262609045,237.515720074783474,503.620613791546987,-403.116788327632491,-101.235234399511526,-489.953840543271838,-1.849031857503011,-15.742189300438117,-363.063815130926002,-273.444106441071085,193.709790105800096,-267.891886020010929,165.943808368545291,-358.354311541517063,109.032019758880608,-317.735072296378007,355.522726705839943
370.124997018939155,-119.554386015611783,-136.160242405246180,48.123222962254538,-347.564611832698745,-95.349112553704671,45.493284650223366,520.710661675832512,34.842949731994715,460.314216113345537,-26.407302078264593,250.632943595937093,15.569953603056803,168.980740741448869,-359.582165401839404,172.598738558833730,235.397482889097660,-541.483613107929727,245.068819080712842,116.284330087078828,-637.342584854937058,-121.754284968333664,-311.746817675430975,356.695345833284193,77.205215142375152,102.007368100135011,-203.339482847076539,-236.373985615191089,-1136.531532480947362,77.990195444422554,-31.351021676982064,-366.775281853755530,24.471956111947627,-462.940111220718109,-572.666967517886860,-36.686071982971370,417.453175508409231,-428.782198994800694,45.529086860286924,-365.265863115192360,200.078217267442483,243.562241669579976,140.912920274172109,-158.680518963303882,-1002.488672619015688,51.074903799814173,317.501798728317340,-492.756383493718999,-663.920184234517819,-323.252106461308870,575.890270162863999,318.318919017301880,-814.948924328452790,-340.810178393501076,626.406661971965377,119.930836831198491,11.127270125299630,252.895276988625994,-173.058928122930695,-585.947447698651899,90.516960102282184,-1027.438155840982517,-124.272738171035911,247.063414517996563,445.689211437741847,698.865204686370362,633.328074058374455,-144.189464494613247,-105.624021338693154,-91.114977258671857,-118.229794731595675,73.020860459548416,138.769175423861810,-41.358394036501231,-251.614136163086272,-9.119774339315104,411.246428114730804,880.178861178064381,-327.789299147285931,317.916975489180857,351.003864663363629,-317.173899194531998,-676.932752684625370,315.356934068791418,-252.715304626780892,-565.663402960686767,580.451085553684948,-169.196798061772540,135.008158636855114,-124.859600173576283,-100.594145051999845,268.773919429555576,-226.184209353544134,158.809783717842180,-368.821821824059043,-645.619163014814717,-313.789832374183959,374.630405746224881,673.501670832602827,200.441811176646354,5.416403213564760,214.795201011760497,-175.688253439655568,-1.158680981152026,50.075114799607121,-186.699935017615559,-354.491300596395263,51.244622661005273,119.570573236712505,-9.647604413521377,-453.681237453143922,-597.602484089489167,-403.171606846276688,90.316772163917435,-476.720366130570426,-377.049792392480470,-245.813954895630758,-1040.763335890208282,-542.226435295629130,-165.313262436417489,180.094251766385355,310.200038408296564,-116.548426796111102,94.254902815283742,-11.891184330415005
503.383617244785341,-757.701041858857707,425.460080447339578,623.496840524336449,366.415425774757807,213.424550694270124,448.638027077974300,-186.648245250056959,771.565586541461016,115.268492702932434,188.869690398802675,22.691070699636086,203.958206738602456,355.090190944454037,-929.093466543609111,-266.148465433593458,268.920112015852794,-36.814716345984742,10.167049276425097,340.763723358791992,-356.526921895718999,414.870008299736526,-369.564078378919532,-391.986947993659214,-614.147831397779782,-424.334880201913336,-406.438556061252029,421.359094015493497,348.760598326735817,-246.464862231381346,-468.116951988909761,-836.370421022179812,-420.061104804348304,295.770065611518760,218.115205505872865,148.875210752557109,-37.396493442151332,239.297870549145443,552.650334154243978,-276.351662711887286,-136.387068326803899,39.840788695329152,406.865665529743751,-94.696823119209938,291.013292317693356,268.294068877400662,316.136288407455936,324.540434385669812,-178.572472253235446,368.987865289134334,730.018517667407764,315.035933670103361,150.889835537597378,-274.633790106188087,-184.332606989653812,-337.282640047968584,-232.460424907469360,674.766574820531673,158.537690602282851,-163.900794739763342,-38.022837471671956,313.148972241248430,232.506314237574344,87.565375218698435,1083.339525207744146,-27.282295800204516,-119.156676324002433,-493.438696329207119,186.560007927628703,-281.584859289906717,223.624650463504679,297.755799382023895,191.657155944650839,-511.786915192638276,432.196364892308452,243.981281425960077,215.773652211009477,358.982962835917533,642.385897380470396,43.157519485274591,-35.700232468844483,-397.592700260753077,70.144375383537081,74.043892241670733,16.979123489808217,685.683668156598515,-10.001921455030939,16.633390436961569,137.290331467265105,-362.949449697515092,-245.087196525073750,10.958311992094366,-101.594492715653161,593.731737331304203,1033.700116586105651,319.510920644937926,-47.834079651743934,-333.104971533300727,-287.553150485700655,-695.796648875077267,-52.647752669352620,162.039783156716112,-56.387116168634655,281.085577511973725,-659.846737761726104,-626.409576827714204,65.336451454831902,-506.337496941727750,446.378184648701790,-942.494394191952892,-639.822311258313562,732.950655324092963,-806.459607869941010,104.959476876468329,230.137777563707317,-207.248875561208422,-894.210474875797331,-148.783976931361764,108.103150523787505,-273.752745166415991,-229.607145073598076,-407.683151897376945,161.819611511491786,119.594843926166448,-877.697709904110638
298.138809061236827,129.338216163816838,-117.927579924043215,108.258825755023196,300.453618456141442,148.531076140925705,555.389646149419832,-147.839481311860567,260.884543343121038,539.439109617885606,-566.801020204406996,328.807273169194389,-166.325752181998951,218.832841727351536,-411.048371486459814,135.356385548570159,-415.476586075252726,432.994912406136734,-355.713030490301662,-402.842232932826107,500.616378181504388,120.970021486300695,-605.548707968135091,-563.117966631392164,558.730663047859935,471.352711849167065,-348.122088908547425,261.749618455882285,-465.928931076446986,-149.099875769027847,267.383450830801848,64.741411427763808,-922.175722930764891,-98.139431437167218,602.385515419585772,75.333089081962598,157.875434168933907,-504.428115037110501,-306.799806660988395,699.867756639540858,-192.954164211907198,-323.706502536501318,277.366486380717333,-634.994935458230430,152.009210683460680,-6.745921872750366,-402.686217561708304,317.664046159685654,137.326899718081506,-335.878463965908054,-133.028527134477372,167.952423860053813,86.869259620769213,171.496427860346785,-77.513544493747531,182.500886532255663,327.634739737938276,440.037312057318559,316.612062563779659,54.765725553138950,543.792083387266985,174.001176276446984,-466.486577321261052,-78.562635376243065,78.185372331827836,-40.851003903850660,-93.096507040740917,66.343582508363255,405.972210995835951,-368.551730338757011,470.799598550927101,-1114.497970498080349,-149.347380113227132,16.557132380334966,-111.312694071869032,-10.968192583123493,17.747473836480747,55.440098262021152,340.082274632434974,1054.593554060064889,-54.203692936025938,-319.990039612480984,86.957317111383460,505.977353540052775,-237.416526313864296,306.601388822772435,292.428374244536485,-419.184995530933008,-24.691054327666038,318.476093176274048,238.380021907624212,213.615870929251400,527.679502540254134,380.278090788755321,209.801341715826595,-363.589981114814066,181.127837556077253,-144.817098614182584,-352.692028097707748,-39.260731224789325,-196.226072424892635,-84.252159158690958,148.045482948708241,-69.355065997883528,-213.645348143959808,-678.500010745477425,216.190681797594806,740.741750969399618,-285.538538282832917,-718.023809154322748,36.543449488280615,-124.278715341606230,334.890300881060568,833.978001613724587,-419.030936550754291,611.774581649693573,250.944932039103037,240.616409026278177,424.238660024885974,137.697502089701004,-57.910309695391483,526.786178164701028,-144.821780983017362,1180.257586001372601,13.457997327673915
224.660218593955534,-228.864318674777309,-216.665001681893358,-111.573884547719501,354.921923311630792,184.145265982522233,-134.071458768272265,269.376271363415754,191.708354904703754,1208.186130026141427,319.419877181925813,143.932108287611726,26.434139374322982,58.598827962156065,242.484097324279674,145.962778934909522,-467.870432630325411,-406.210247629115713,-136.543338403113466,806.071779099869559,-412.138131393374579,365.344223872515215,-279.936059141493672,-610.436557230831227,-609.685513519679603,241.667325503583925,-18.200187418164866,242.778292461772793,-347.134967713055914,-143.903162353829316,-185.357873223458057,-561.851757081277810,9.234471886489644,-772.895167318146378,-13.628957251519822,1163.225617318412333,167.522575781401315,775.745239325404100,-186.387809380449681,-656.918059849248152,-307.465330427377353,275.327641310029492,-278.065270685218877,-622.633244507816471,85.127631502821288,-430.331332108163792,-438.700862259096994,-140.482263255479012,151.353727297538455,-503.899165084953040,459.808712022676559,25.095589815117251,-263.329267363882479,122.456751704397149,723.647835354903009,601.433571795714670,244.860570112428547,-522.618356209531498,-209.280924815381809,-536.827771756683319,148.719008075758865,-234.193800085392496,-93.666614454318974,-916.246498117794545,695.091085535544835,201.759065163541351,-563.152281957595164,-332.836110331727468,385.482535261281328,-94.447920844263422,-452.018791534072420,18.914880694628287,20.027524330323956,190.677709639322472,-4.138691290898894,964.665192132989091,557.111514054576219,44.091867671153778,-83.158873759920809,-6.277616373800205,742.404998456614408,-286.916402306876250,221.651936450033446,-87.684615664610476,266.599648516108573,583.439982844898282,-269.557453503903957,530.872486985091427,-4.766028772791746,116.880613792651090,-210.920531936236557,-311.473010732210639,220.140154620767561,301.408953887567861,-563.736878887961325,478.662547946031509,282.483658336451697,34.661996028918210,0.862399144378927,184.372234339800485,-573.048302995719155,-887.689481915055467,296.631158704540155,-548.223026893766928,-54.498292234626177,-225.750444847082207,-121.803570866516836,-410.462268881755676,307.500434790314671,263.013500038948337,287.850286173945904,38.505147918679114,-374.020331045210696,369.771699655919520,201.123360807452286,-280.866228009256758,120.176334569530837,267.910593182266155,189.060176600618121,-327.013049391788456,-251.272666717256755,77.961118991464716,193.246552919545309,-132.066688302920227,-421.061293743051749
34.991649643701479,-104.758422517898921,227.457721400222312,266.440311452303035,465.269924647563073,241.940746107894313,751.561790765754381,-662.101963702061198,-35.542064975600830,538.576746476238213,781.362635983319365,88.325025774402334,-64.696846993101204,712.629564392553789,11.623699956179351,-70.352304604308230,148.510286847917030,582.216321706335066,-592.325644406712058,335.139584570474881,-358.593974433532708,-275.163886665082032,439.120392154182866,-211.626218425226739,-530.306872417299473,338.254374148473005,-216.533882379566705,-236.113641836816726,384.233290558820158,-113.638788729222739,-40.615882848099403,-145.684312708682768,-247.082988421576999,478.474429736359468,135.595671187400683,227.861701659878207,1.112998770653245,191.844295251848450,-126.021660669767968,331.251312595143986,-159.919362770225803,234.538707875385143,129.230545278281056,41.671673967152763,410.282720399730749,227.168675610260067,61.166832690626059,-20.865808144579702,-422.128785516121582,-22.623141264153119,38.819346125005879,-155.250393390377070,-364.202354845667173,-416.056789486634045,105.033336482946510,699.872619326896029,-209.199925787293751,102.905008692829455,70.203126644189197,-650.783981385212542,-30.696873446230093,-251.173106690908980,-183.119558028473563,474.129704553149395,515.640655361330118,-335.194468970863852,334.775360270366889,-425.506248578133921,111.602695387514842,-1.249172041945581,766.037403714335483,-209.396006575283451,155.769330691156881,-76.372811493085507,155.106232076856884,-479.888197306951952,195.607622039410444,565.064853976425411,567.616046687301491,42.775620952046808,-167.302280690686359,639.137265043957086,108.791487624424079,825.022703813784346,294.938281870902529,-337.933164666664140,35.541222508962534,14.388098558179767,82.159762820819367,-187.144200044792370,378.370610219666275,-162.683155317641706,-198.379705365466180,274.385858192218620,469.739266063244486,-137.055344994225095,-271.579913699841939,-190.752292330569105,-28.586170685620509,-128.693899626933842,-176.822208970504079,-393.068615455398174,279.038711216371155,266.445214060598175,152.648193859215979,-506.976214330094479,-45.841557093709135,57.558605086739604,398.233080459720725,-17.405767486323796,222.520177265311247,-417.500689344517752,-581.210199524359382,448.086393372241503,-682.893588338427094,162.643799217626736,-393.159774138406760,-357.013529649127008,-379.529315152207118,-199.934174977731004,-44.829082914640033,482.379711655483277,-76.336000587725778,-28.969720030964080,27.331465846979331
-91.655137486212425,832.909594202938479,128.503988809232197,27.251768193429690,36.979621206371078,292.095943566975166,-239.723078684191961,-13.665906095762740,-49.138754942319515,-193.976607783187120,523.893250515356158,-81.816920334680987,152.029767023389951,-137.027388028590678,308.873276600335601,-454.938784279709182,161.453970810302167,480.258451855607802,332.204494181581708,-144.347374091840550,-380.616136588876998,283.367507473695582,121.298457187879904,750.052386411438079,-125.007910023349254,32.497094903187389,58.633055093663899,239.429286383001539,450.490066986966383,88.571953095886869,-2.127983143717916,523.150573828229085,90.108498186266957,-49.566911397424221,257.099491342737281,129.121615878399382,-517.108676086501760,-278.439547572914080,672.184862648042440,62.130868784593339,556.121191610155506,121.857486191446270,-99.015632287767176,503.215804139207478,229.835660564712271,-392.395811026029889,-324.980073457490846,87.839682118536160,458.394871348124866,625.143875201199194,11.533830021660114,-95.413344144503881,443.144930811899826,84.772064420991939,-406.967484702726949,-354.594572397232866,-435.129698670232983,-284.005285502357935,-1155.232560595979066,552.031233865279660,443.583028193282303,143.962961177193506,-22.852015940276310,-72.601421686552030,34.614464301629390,346.542627602639243,201.977009966300074,223.597393364248319,-179.499716432689866,103.731637741831932,-46.564585352863041,296.107154168306636,-65.170168474130080,-58.264994412133952,50.930309143296306,61.521994431343515,605.007345391617946,-201.554072306388946,-368.449683457869753,-148.397176392043036,-338.752519460861720,-451.354675526637550,583.833429945333592,114.043512470979891,102.100734732392652,-128.433723489541734,174.929932716763119,-69.751707317570691,-292.339997594380577,34.796469986124634,153.247636309208758,5.891566337402507,81.791115682585470,318.120949196181300,-569.954898014213427,-548.488609474459736,170.753176596386993,202.028539242457839,-173.188630300231694,487.160959010535464,-161.554859378792230,-110.721575973576051,338.952399113437423,-187.298759583188598,368.470998795643254,781.150370463105332,296.334178227688426,-204.024109318900173,-68.796066395044761,685.767692251925041,-764.857469842860041,-744.162019628628400,-593.034747176779888,-316.314653567263690,-721.597083428569135,-425.781795814172085,563.559471526985021,90.387691048599862,-245.156364281518051,205.771616391718993,-125.745152546500591,339.174269552078556,659.516790516814922,149.182259393172501,485.462503259277696
-327.984117766868508,-3.480635001107899,354.998001418599301,-152.484406611716992,-146.618652780764080,-220.094586035518574,427.874779567844257,45.084081519493097,-258.772002812569667,38.180488223706377,131.244821959924224,-17.253637357826459,-124.034102830254582,-27.970911560182991,586.293325070892138,296.799171740822544,242.189777270406580,47.478692041959818,53.193248755629590,-321.930527048147837,189.314281088230473,172.828972112379518,-583.002787670419252,-43.669582021910607,-553.162346786376702,638.762959969109716,117.116614293257058,72.552953791317151,-475.459629721738736,209.539267831982386,135.721770321901630,-118.968548710179306,269.836883772594092,675.562588381372393,38.425059425835720,-322.193058231955490,111.607687104369589,-633.155216459001053,384.206438268847990,449.648434850137164,-103.402619824934419,-937.372682291729348,515.863522932505134,118.099089701153247,44.291071305888806,-189.393913299114104,-385.818468114309383,-100.582254910246192,2.002619039076379,-79.480345190140611,559.318706225402593,-579.492487907181726,-104.920760315352936,210.085165991624280,12.824340609143562,345.902017020668666,-210.315194740125605,-524.684904798504249,-427.073807209999586,-62.330266391956762,643.970154295574844,563.362663855305300,192.048530640275033,-518.939676770039114,-296.430392100534903,-204.320645442464212,304.168205822878747,-121.860259910352582,508.991690532800135,68.134481828054120,315.746190213547266,88.574356252174908,-998.752948423574708,240.924164833351426,-127.768002639588389,111.124747073100167,-224.937439466005230,-120.909634260942880,-396.697154979396203,-287.578907546051539,-168.551199971433476,-560.157471588324370,6.835983245474145,663.416281975947300,205.237114665343938,45.889698930653182,-68.884056098056703,-94.834837347159890,474.598024900170515,-125.982244715475488,-116.488854452554605,512.370373305749467,-452.693720072707265,521.352313634093889,253.193827833705996,476.442625634874219,-117.729919746143452,292.379863856264024,79.793257007649686,536.457366114593242,-281.752952228658842,-26.143558265332885,150.568632240119001,546.143284116517293,-213.160387254733791,279.787157136341818,-43.442605124198280,856.781111822061121,301.079028664234500,-369.952563809948117,-21.075815199107360,370.631513226067568,546.371778269249717,256.947407053042753,-409.438027806954778,154.940504479123376,-90.753489228982090,28.057912833640813,-134.738231740198387,-396.985463671515106,-209.413707938015932,-446.180387799306800,-160.167653778354236,315.194409594195861,416.381278145545309
672.096435099083806,-514.465147237709516,-166.927972923880276,96.022376588872206,42.024417044723215,-17.727677400892599,-579.187324917091473,-201.026006841393723,-43.574826745102882,-155.094186549801464,-325.914431364166489,858.049808704722750,106.196519055004359,-172.172535254880188,-605.147565065100821,-7.477531894814593,-243.631829328635945,367.104083523872134,503.962949124884062,-98.177394370462153,194.188021118296433,18.725409826387395,-226.879817546666516,-52.337006432495627,117.322503576486525,65.550792492579006,-11.688439888886437,-166.889513834349998,411.567321080095155,138.085936885176380,643.858655806148931,-75.421313699454004,-473.021268430148780,355.870282621784895,-772.114557246164622,-143.374872450481490,402.999316374143461,281.606517741802918,-121.253454706922241,211.755988076226004,103.478088418096235,682.166855591250624,461.767351402615873,106.046245198294201,-293.210246691824182,-317.605067840952699,-497.990829986579001,608.547492144265561,-160.143870080766646,-89.801665621979254,-237.355989779299421,96.619936436156706,75.242232455014417,-155.711438618889844,46.192213344601839,172.475374763234186,733.857445323848538,-500.198206473517871,193.954212122274157,36.661263533244764,710.131856574254243,28.591708897607063,420.561681735088769,272.554172783861816,188.306660794990933,314.351880204201166,66.225813647152677,-404.492028129930873,-339.207759379026243,-314.750651699495108,324.530232225050952,238.471376432552432,-292.200571434514075,-891.342170909564061,276.562563391469439,-35.150118617514984,-246.675670725944940,178.045220783682851,9.990467836402095,-181.000825898692909,-150.268086275619396,71.184814867064588,152.274246168277614,37.928608995938269,427.792238528987752,224.628226205840832,220.497831786858313,338.811529264184742,-372.155218146826712,114.345969810093749,-331.524378513774650,835.184910004776157,-656.766942096213825,63.547996039283362,313.844427275917781,-317.008604520707934,-250.673089751596848,449.655385845346018,247.907389962671175,661.157672813682211,-382.965598929947021,804.393481630047290,-346.083645041337434,116.948334219440767,-356.594780257398440,266.325447095478580,527.936412172988298,117.988200246047825,147.762934953360457,-445.850545106021173,-325.843231969032672,173.546857172671821,-314.348509897350425,345.701758417619658,-776.957647027345388,-702.643890765297215,382.285000964790981,-231.292058477081582,-384.542787674761485,437.886637689664099,-182.342282318002134,248.954295508789755,448.284820529849583,86.312964243762821,-66.720518822826023
561.935125518416612,-486.083095250967517,157.293307213852188,-42.310858809008572,384.940321233828683,213.338561863913299,789.368948012595524,-388.847431512131891,215.668823012016730,332.513813529898130,-84.444738623958642,-690.450502392426870,526.741813730509080,74.763126511747402,-170.300632048569923,33.600628954265382,33.995251122926518,165.527807077509863,261.252213436143848,-368.504931163157494,-185.443958509954712,-1065.321864122387979,-573.070479129313867,-250.775046345662076,-330.955435894449067,51.754280027808754,-166.800100219054769,216.987986828312700,384.570596200709758,893.583547118393199,-78.965256166632088,96.118587766955585,564.830507867794040,-14.581228779745924,-178.054665236210269,-256.767648518570525,366.829743107774050,-145.716341546749220,146.705126851500893,227.833060007481464,-104.492987564959606,-187.377625128224651,-373.665733127598401,15.914136398478734,77.284117251688073,-99.352482433761153,-132.832602455325315,66.047954014880332,373.193540204377996,-53.181326456503612,85.911050579778006,-438.600963022912879,43.197061535178733,-337.185506628803410,354.406727575359980,676.514362423822490,-301.922955657038983,-172.985426062111372,716.834208493648703,-293.019588592692173,-61.814009191502521,-194.018399963657856,-8.671994953642308,-412.431186591178914,-548.347127635870834,190.858910234963901,572.337404391126825,-262.595909151693320,-49.202388148143129,8.986221088225431,209.857787904972668,-438.026192572116884,-483.971588065987874,220.164053175500356,470.180146863680022,36.788090100447079,48.578604487994525,575.987579007132695,212.497880321711193,-688.950722484350649,978.242751991049317,167.867449371873079,-799.304653563886291,469.151868312043518,666.388367315527830,82.125184348148466,5.598562079450559,86.730606500047287,14.084796605515074,428.178681837271370,553.147478835904849,-177.698094402252565,319.968978821788539,313.932043298036035,693.840014787313180,-185.756897530860385,326.511522447029222,-580.344089302179555,-159.573930389448350,-18.591370767962509,-4.947567240985666,-322.002505774206668,147.640488172850553,-538.817373943293433,-653.622332364906697,-538.854383793278203,50.179861796758843,109.783305457909236,186.066320410521200,-425.872135650396046,-185.547059374057511,-231.696973513878987,-170.647386127333334,-602.061489990566542,-413.875392201603518,244.545863625909760,-214.044337623593094,34.980263185032236,129.229550735983310,-341.945138125758831,-630.332603041272137,-592.353391574275065,84.556589645520020,-41.546178080778901,37.082821884729555
65.014597319666294,406.416339117788425,-260.526960919777423,-214.485690549611121,-481.779854949821015,-178.975828147215992,36.820331068010923,-210.685729467673639,131.432456290780237,-400.515598700922794,264.447878467559974,-42.165808803836512,-142.856623320368584,-358.384063923744691,-134.357203660736218,294.042974114258641,-236.018424074515337,-603.545339394437860,-316.608538691910837,299.647149808031713,66.043077184191844,88.831448795783928,1.707736492271099,-819.297508979733720,-708.725976882959458,-579.147683602208190,-191.057088786606386,-261.379357085517597,118.587922705966847,176.727759717856230,-637.137150004972682,-729.607322098491636,418.158239635144696,307.360296253938884,237.033121063871135,117.559961319530856,-490.457845028969302,-327.143084710168580,-210.962916574548331,-418.031332720907130,15.610222733613526,213.010102606108120,-468.136110503860948,92.199206125933941,-351.358191720421360,-674.301922949879554,-259.441698911594074,-182.531353110297999,339.740167533992860,174.946333674042705,-833.655826264540451,-107.854768293388247,1053.398113416212936,-544.226919253845722,-389.645837535700423,-124.557293682053285,-46.839333726172008,428.853933831478400,260.606796350320963,538.544526071222094,88.791037583707293,-388.260704447357398,-103.304747421393358,-434.737235912779056,-524.132297253317006,-250.549438360474511,-312.325696508673843,37.029561451057312,-277.895847480910845,30.852716647263115,392.373662950351331,-49.171148883057825,5.646450242067644,-513.945526531706832,-62.762657129096148,-4.161675383428161,-221.166313332410880,385.225743855826124,-189.721613809859690,-847.878819832055228,-329.627262948405132,354.391610197812497,123.395395960008898,-55.148529378998376,-106.348440306448410,-141.297440804569817,-159.758749408517900,309.555470304516916,121.525745952473713,544.784194699643535,327.297319820517998,-10.115509085010189,105.340910598475034,-169.607414503094503,-140.260361215990457,994.769729848314682,27.482683201974481,41.395344707274234,328.611923266102963,-184.295555324907355,-340.639778449869823,-101.109570581608494,-229.078260503008380,-56.748951817028534,-324.491320870968707,114.174415492142785,389.689350467189911,51.322079648115633,-128.750836824466603,170.520706301518317,351.272629529704886,404.704420579953023,369.804408268844554,-162.539928841266061,-136.969900331314250,-182.947406029413628,212.846203005640859,-136.382036658534048,-166.106847519435433,284.859217802022954,-1030.656017050362607,324.909199049149493,-259.079224958363284,-95.047813416546049,-155.027269641621615
-218.553396336367598,350.863497676077031,-195.634611767300640,-365.924710812642445,136.750953729481012,223.107000541435610,689.210766349866617,454.699847172780835,265.980336510395034,658.916795951003792,362.726981959526711,234.210680978900257,700.633360010795286,-143.566638677141611,1007.940476253105544,696.080535120418290,349.687248230244847,184.312001595530489,-97.607652670113765,557.207716729234903,193.920306716446930,349.443291611892789,-501.547611137012382,252.243909496516409,-375.665536547432055,140.243901322249002,350.381602623784033,-286.234331391309752,452.099612967535904,-40.116724805122658,-71.536623580840754,512.541333628469715,372.669935364703804,382.092153162217130,-445.396820944877959,404.245982827685907,-177.471566666223481,-8.762543680584233,854.539332146553875,-62.391216717069767,367.124716140933344,42.340837483846002,-428.448471338479521,650.291206914404370,-87.232926937790097,143.897615249158520,-376.079110552698126,-127.468093909011671,-380.390112147548450,-184.060241320660765,-273.665716026109010,450.603912804638583,410.222030322684134,931.435668625598737,-271.826852120810315,-31.488158958197896,-64.640554929878490,325.009561742776953,-455.347069449740843,-196.699655574204456,330.083087023969767,-447.639077461892839,580.425579252066996,84.867841430389419,277.383558447805626,197.896718566435993,-96.704778277104282,406.404206501202964,-310.519522881869477,-165.009379463896011,32.257014241699380,-116.402271543043042,120.080426738121602,210.999831533026736,-2.118520346691259,-651.889486481444692,-734.152712803459849,34.163546050286307,194.178937083425780,-974.763848239738422,565.772804119846455,416.314717508427805,-45.702924411931761,616.936840837081718,-688.144501273916262,-466.463406827133838,511.731385189646403,-494.930876842707846,40.070276549768074,372.429281661966456,-695.321853511938116,70.537499330739394,504.942202652941319,-720.183294581914197,-215.609751882132741,-510.931758081591227,46.833632251233553,-162.004775685200741,686.370968157452012,735.381708523458201,-483.234397754068254,223.553930599044037,89.775588743374229,-247.071965432786754,306.432866187971740,1.547322570327271,-324.661502600573669,260.404026053684674,-269.426794371554195,-138.066327630459654,302.287685051509868,-202.925756308112057,-137.130696515460187,165.919156225258092,269.056864298089522,-221.227317583531772,401.499542419869613,71.227226203654496,-144.802884041297688,269.155094189445151,-47.009947700895182,618.296435460866746,213.759019186083947,-207.224666593679160,-229.235641067247258
90.661204802025992,471.734064499133638,-385.202591397504420,160.857851931452956,501.720326088051991,788.422992771598842,335.832578926721510,-113.982195239695187,-18.294167178943297,413.560056501013378,232.260176990748846,-419.169713515779108,-283.539158735630963,358.129571502941246,-161.829588842515250,-188.184430115856145,-95.368619270257057,176.236667323675249,-115.245431850437001,-274.832802696580472,486.757865716808794,37.446699267615003,244.588080839039122,104.282720697377925,512.640889867445139,2.609301055561083,-191.627314696177677,-127.249003070515087,-780.259072398372382,-16.527817575380272,381.923878337227848,153.145057614777357,312.069007493331469,-519.945927387459164,202.384332908611782,57.503229013614742,-289.314474023202138,-380.182936493748798,-171.296553566212964,516.185342869997839,949.847924025026032,-73.988168686425169,634.619287820196632,535.047923368282341,393.759835598836503,142.440558821064485,-479.569003999515360,274.847184011621209,-329.109291228649795,92.919204741960442,-270.473263663710725,-225.721061942790982,-112.309069464092801,-490.121571915883123,114.633202689895768,545.010428634238565,514.622840763113913,-157.338444515541056,178.997994834126445,-571.616708576729366,124.998796090789853,-57.801598054201065,-613.071803231239528,-460.918835246152582,-369.940085538804567,313.153107470421787,-260.486320614493820,22.789470770915827,-198.856904459612309,-287.789194661282522,151.869327925951069,-474.367281094342161,2.018143808107084,188.207386908764335,101.721250432099566,658.502145319298052,674.704569980606038,589.851285156463973,828.326246996773534,829.411244079598077,-211.043882682812836,157.126751486953651,-257.730853988238891,485.404167545671896,470.716612513860639,365.624801937510995,120.123171307830802,876.849806059650177,-32.023228114269912,289.373961414240739,462.640950036762376,334.443271005573251,-325.562589498910199,255.270342584197778,-143.891759402502544,498.072112732511414,165.548459581070318,-77.963138301044566,289.970851143930531,-66.153737998023971,-515.227134066923554,-531.379064963108362,-26.790743258238194,30.161038222269603,-118.239602520146505,-135.325917666054522,-170.824258552953467,116.237389129773135,-354.595628605322645,464.835349734579495,573.544803667635847,696.213034912778767,502.646252071847300,-19.953589924343042,-16.550875712626606,155.143888437106853,143.139564202259351,3.263172174903929,-215.378844205389299,-42.316940243704337,254.815026250580843,534.037270926216934,-189.025374524378833,603.671319243497464,-210.949522646794293
-863.993801232734768,81.626455527866867,1124.450506346404836,-259.105061509371978,136.965099672776660,-232.740134146408906,389.397580872343781,367.963100059987141,-33.972654413550877,220.901494028293826,-35.561775016921302,-105.226749019644416,767.947771183183477,-19.352612519880903,-496.376418799199712,3.305900192503227,99.532619603575085,272.034887346013704,-307.769043846436944,82.048170084647552,-417.421482688952210,257.935932990896390,318.634693110526825,-120.651627890404114,-166.905842335637516,679.801673500097422,-90.349201940312398,1030.145108246327709,206.676545201073083,-126.430851712387494,298.793629828644555,119.914940802531589,405.329862479604401,500.645636820436607,494.361600642643907,-334.194388352796295,225.138288979666839,-497.062150495699996,444.699669132153304,111.242653902441333,66.295411284893248,309.170541866674796,475.026447558720463,547.422874059035621,264.890641237612840,306.342645165037538,181.947599555718710,-0.534461428900482,606.333013036517855,-633.489942318551698,745.407241211209907,590.601530858226283,-596.542513030393252,616.614568695005687,371.533484377385491,-787.091345242893681,191.419140345791419,86.123402243852539,272.472680726470458,-117.982611746805190,-681.915153324926109,-483.502428585866255,-329.554838659677785,156.614428114117260,146.521881147837263,559.153430176269467,-3.134740417017914,-476.837616251555175,-500.111130126755143,261.486427802125206,-765.505689947070209,961.513669018631049,-27.502193656607123,823.960837829256548,-218.869409155101351,11.238184695081365,218.014467274492546,331.248739091302753,-191.393856414380906,95.393170198151566,-298.282914201980930,-123.400672924078862,-197.696567689653477,-121.297651704747807,-124.271232583201083,-276.008696215246573,-221.083427766834461,376.071394491814090,93.283983833262084,156.023527320119285,-363.736899292852399,9.233570841113533,332.601134955042312,-13.884342287131410,618.339091841605750,892.761893185405484,-266.853325092904299,-836.239495640293512,357.346099866844952,-456.296773961341160,-87.373424860705569,570.745205889803742,145.001609961923151,-347.112608987687167,-63.087454041426525,-724.729411849443295,-121.687352980495291,-205.797089504157043,386.059256118603969,-324.662610292992497,547.071536394423674,-190.660376136812800,454.640454108984386,31.278501252766560,186.547612306523860,-6.289408432201178,90.241012698586928,-736.308215814156029,277.958024375385605,-377.068687707780839,-51.520361938210357,-162.606538340293639,-350.999016113100083,-304.863200207905663,-492.375144088073284
-234.425019874372623,92.365751941597324,60.240345310962240,321.955085364664683,207.635410598183597,-645.884950843749607,46.041370575818775,-744.339733696469693,315.328050431464078,-70.049708125647925,-425.108275702555545,-80.797139302365281,-94.581737374521310,106.980252712264615,-524.429416011612943,-761.611493342970221,535.462534010914055,458.439903138567558,852.435533789255032,486.898348366795688,62.468020964116434,-162.929832318936803,297.249996784498933,494.652034607516555,-17.639032138591698,-714.303074875651646,757.177906232900682,238.246628044182245,1071.629527217921805,-61.347142624925894,-193.797176129429744,-375.544568241504521,-319.633868651665409,225.225860845225270,82.203294714911422,-530.625387632551792,-72.787427252123791,344.547084106124316,-98.721395582577912,117.232118965411260,-34.061827859989108,609.708722994398840,-207.195111488301791,-64.224356462709522,199.883438295306860,-663.658684448677491,321.091767268174408,8.218116928174556,-547.479258640864032,268.425345902962135,-334.605165556429597,410.425608059022295,-58.972678865776828,-277.171808979550065,-275.006564937798089,96.215267645674558,248.286846001074309,-555.178110899866056,403.689642971928436,-194.554858183575107,16.225907156013637,-314.000986310885878,-188.707176421788830,-173.845486778968620,-262.961337848938058,-915.192376208125324,297.796820090599226,-377.158508025478568,-315.722634145264237,225.723077806111434,-414.159104210662520,437.782398275074911,305.709299194062055,79.511283257110620,506.394174217827981,-332.930572786602340,57.747651658847602,-201.827403549773038,-220.754355433878402,346.624426952601766,653.764642089775862,39.715186364959330,385.601806898343114,-707.959923328352716,-95.779990099730810,501.978099002078693,143.139869404061898,-90.208609039426989,142.482218750070047,372.474431934717529,-3.549218555477506,-94.929876622863873,75.579576050656584,-205.463919652469258,175.234965209275913,243.594127769864883,46.662002541652313,135.880728254890698,-495.133026136982778,-262.618280523818612,292.159764627410141,150.674646262889269,-580.448991665281142,62.839655546165233,120.288834764599386,-45.691842156456602,-611.508136393794985,407.938755613763533,316.315309890971946,-521.047801733001506,-37.095294771230833,453.716463858457871,136.004291176437874,-62.018280870790903,154.184544346336736,-76.773659053397751,340.518944073606235,461.649227230973224,-729.864249262899421,804.615269003306253,266.987794280456399,-456.704849328725800,49.647646045188552,61.225166174750804,-829.702615954971179
87.559004086721060,-84.578605453087491,-371.902455311824781,-32.652406976110186,-194.011312882912591,761.826949672791557,-449.157959644127288,-701.002527877034368,159.117672909222819,-393.446008159316193,133.420092805086767,-545.594175991488441,436.674923314726982,292.930723624135908,-475.452918287572970,246.924782554550120,-131.257908032101682,2.904776990219034,288.249627862905982,-35.287582962484969,256.603387338300990,-105.737566566627152,-605.579080456462407,-344.702089563718630,-105.799949741925701,13.244350465933962,163.985852174283309,101.515633327747750,-189.690817410603131,-552.350376975272638,-494.516414002344959,840.568097820653747,351.439064315384371,-592.249528686943904,-444.138375394033119,336.463727574999382,-307.537524205009959,-592.933083611978191,134.628626074141067,-404.284850642110428,135.513236195381182,-21.715239070986044,-739.271811469732484,-167.752621360535983,-588.059717821432287,79.293481446623971,169.670370227873462,319.941707334634827,-51.151492029768463,-199.160712586338690,531.061314224220951,372.279923738680168,-566.410965037132428,-549.867161211770508,198.551711241750013,-219.048658868896723,29.878229581012803,-217.677069275353091,-45.532407284332521,-236.876311309942594,-38.226728907979592,25.115879527798072,-181.337376508197082,832.560256900338345,-309.922354487790813,298.204418736214336,658.195145304827520,-631.201485210316832,-298.737785181479580,219.193106572023282,-331.036798446128955,-52.254606369017822,-474.300126350420896,236.021489722833337,-30.531862117513064,-93.549272807397472,169.372308091472462,171.137636033995307,283.827898859323682,32.947218670874989,676.052418152866267,656.784461824447703,-288.034351113585728,-255.002139464796102,113.635558341089165,274.834186794564914,303.871463303145504,475.968428674468555,-284.536865651206369,-304.341925613125625,556.682416439533426,-337.317808215327375,105.462112045431780,-35.992083644219313,-656.921244351524820,-131.798260480051624,325.222811295272550,-426.448637388938380,139.533070521082891,41.255138605465270,192.018589915367897,-108.679397456792074,296.035166185588878,-322.519196327635314,-318.031952778536777,12.726963804362768,-238.821945423821205,-465.569678044544048,214.908604428412417,285.869116131570991,431.223687367503203,520.214589888731552,143.859084218664862,-546.619012898272217,793.950268130464906,-278.750683665938993,-193.279649522149981,132.071418220041267,-28.776669485671505,312.040032503907810,53.159354235148733,239.171716935180427,132.673708482613563,-674.135313235584704,-178.608111840357253
-31.100073463896628,444.954615219043433,-105.478705842890193,-1.698590910307063,212.991487863680476,-196.141095525096773,350.242266340234664,-194.750602179683398,157.487514963648891,545.661223665190960,158.898735798905903,461.516190294105343,177.328958264218329,12.765609903959749,35.284755793876862,-489.672614822649678,-367.614288660141824,72.440645336088735,-330.837353416068538,22.743915154774232,-422.438008600825924,-84.935827237652049,231.431520876887163,-131.281736377664458,-221.851593179218213,-80.712210244207824,477.414633420296752,-146.871363737986570,368.304128035273891,-270.181892705715086,69.291791148979186,-59.580033950081315,-19.558269604981763,199.170421888386670,-483.032617640642968,210.823412438360094,-217.135415349144438,83.984195968317650,-74.543240476396647,151.820442941148087,-429.668598678052035,47.624563500078764,-141.154752565564252,188.868134117849081,723.356145331802281,-61.611209167216174,-151.345815272779362,581.333926495419632,-481.086528288360455,943.232421959738645,169.529756662845841,-176.434082895697856,518.667884542767524,-72.109295957061519,-21.983152821380003,502.772093003196233,256.659791574815529,-421.035597365445710,52.352690449578034,379.550049653999736,-269.733975783782114,-130.006637126015733,11.173078218764349,-1386.327885671351169,457.635597179082026,262.510296553070418,-89.651007672804425,169.966761619687730,-202.385837412867517,-586.827386259428863,116.361226611054605,-411.522731235742640,-568.767984903105230,-100.724840168249187,-113.066903089480647,-157.740994908837934,-29.402968732179083,-95.156573918582382,378.266243421014906,-134.772921792206120,454.761242465096075,-247.584651514130087,-275.146462233605689,-565.776744749925683,40.098993571104636,13.355553652343168,48.383086566552777,584.247291778025215,15.837130121295161,-221.214562023419489,172.808616475407746,360.846001679431367,436.988426828666036,873.275079030556867,615.453729919601301,-322.653511889269282,-253.710299707360832,-297.105325034750592,-495.569122521991744,35.636637068684855,-797.204281795337238,189.894154801727439,75.593932512434364,163.743157811360533,-452.440560592047348,476.450660399881372,714.200762098885662,487.215382551778646,641.057473090520602,-87.122141935060654,167.340667080463589,450.665173678364908,-125.626863792422498,-599.928648701207067,-31.648670921438139,-89.944886650521994,-87.634972115806505,94.499981073418681,-353.472928734255561,389.766290699375759,368.361065061796012,-141.186361120486396,-33.313921648390860,58.404821261858103,-555.672561581599552
-105.669389500697491,309.574621237932263,-200.728750684893214,-271.904433968759861,155.480023724453474,172.860930344875669,417.174994859693300,100.616580820443033,87.911845729427952,178.717488169136402,-321.371058735886322,-349.224224759034087,-313.384052902910582,173.474048707138877,164.015524294094405,869.584221743084754,184.892031530531909,-414.858767935906599,438.190484752544535,-398.702467828017291,213.619063458588414,-49.747970700279986,-130.998297366238916,357.507430124233622,35.881203633703535,259.492923854696471,-378.794058457351639,-4.890380465759128,-165.652533416694297,108.593037318105047,378.992530811086112,-124.409529912607297,136.985230327871960,-107.902426035574948,730.217183829999726,336.755274127906262,-765.029550581631725,383.457443390607352,-4.348575441279994,175.645108170007859,-12.673911990639567,606.266622051231820,-164.154094377352038,65.347991373553910,298.902250179263319,91.265225816961305,177.274837572349327,25.893597166743611,-204.457040536217846,131.563743818894267,-275.387340504186682,-0.461454136305456,-238.665327437124319,399.809957467951733,-175.753815267406168,-111.416550124095338,-317.435958083477146,-244.851209911572965,97.440614931490074,900.552642419669837,-219.606815654373946,87.223194098430412,423.297926112507469,-673.814511664983229,-757.161053992158145,-620.472342283371063,-413.047350330978816,54.263964411785338,50.351620395554846,-654.441465288767517,142.462485096859950,-225.757464555041565,651.959178080899164,-113.902451844723743,236.520197425731453,142.678130874829776,598.677380487906134,-1070.919423673761230,-240.906425137741792,-275.396337802680080,14.232308822047443,50.974138038108030,392.588110412396816,-319.169013747852944,-358.661220320407381,526.369494206584704,-57.391696902244036,418.469752597075797,17.318961301156570,329.671791555138896,-266.324498581162686,-414.825337081917496,-150.048617517146198,-411.292294270123307,-32.541295192035740,-104.148665502433971,179.840803323755324,209.506330511029688,110.118734982265650,379.226191146925544,-117.308239182099300,-318.038033840359788,442.413384941011770,106.117813996418676,43.140011234474429,469.862768791669112,-328.916232067711803,-25.250521542419250,-50.137811318377118,91.944384446666731,8.076562866663998,5.177368287066422,141.776619115594514,-248.544228298456858,-83.996171637669903,-218.682024639051264,100.503350618154926,60.231860382053519,-438.778177556624314,-45.291159137484911,69.151198608468349,-283.352224449710491,180.309243044613879,-253.202499958335608,269.024257078941048
76.259492133790303,-156.343592256804925,623.035021978097802,-357.704937628047674,-510.978901644405482,-255.303758209681860,-181.090424022351897,188.537988969391790,-262.679566505299249,-501.529630514257917,684.043682791207175,-78.646467843724480,-153.551208339099247,187.786211982515539,-285.144009867940667,358.566805210221219,-223.120431220570083,39.139762158085134,-284.917309579438950,124.098440336388876,115.517921534010014,249.880822043066985,154.551737342532107,-609.126606393911629,-80.258414352557438,-3.927077991497868,-351.454778736234061,-499.199006747593899,-176.944834608493011,669.184658607218921,-618.178158013726033,-367.396750855125333,128.535446462855020,-294.942122903210986,-535.036074736623505,-10.429757957773944,-483.524038887497852,-305.209303948351021,-888.078544236824087,-781.567073083482228,923.878970254203637,-333.604996388618360,-770.831920180443376,245.428365051011809,-388.307586495433270,655.938774029372894,433.535986765620976,-406.335305222979571,375.150538467219747,-541.190300021857638,32.525108647882064,-318.054617021241199,408.999247429552270,-396.165812772629408,320.789174266104283,617.485111860171855,271.379382250077356,-192.276752616230880,507.367619895585449,-153.731181823722011,-899.375590128819681,-516.122156029419102,237.042469265689903,265.202274282978408,-592.626537595340778,242.628569107672377,251.980770879072850,-661.296063514913499,-120.937509056364902,-49.824081849821269,-551.162224043380775,57.103933785797082,-275.225835548234329,-49.137350902152043,-31.751714281498735,79.000080754297556,-24.746937320496130,343.587878572946693,253.842348946855651,-762.405326833202480,-435.854953424224107,75.043890077564143,-364.828068156920324,129.769306541694249,190.740722706203513,76.821526929208986,386.222666082715079,837.221632091263018,161.364731061776638,-292.207792680619036,-745.909407428057989,166.325281396300738,375.624089679254780,-90.845036409012138,-593.399902572451424,595.897470601777741,-3.781947417793774,-877.283120316941336,677.872738486292860,-40.749071602011739,-146.495721728078024,37.350878154200622,287.818397326479158,-272.821931225491312,757.050337725789632,87.483485332779878,-25.479837487183222,-230.752416142283664,-496.607903576449758,621.112667618577461,155.408799408362427,-21.468531190237329,17.886857191934219,406.606039884776351,-664.539045717430781,-138.606954597673678,428.079360998910374,-514.194227855943154,459.849475111223342,305.909508878251359,-503.090883711146262,731.832717805882339,-262.383751737276611,-404.754616064745846,-239.581546017595826
506.656842255473009,-661.787717796964216,-265.666211866343247,-872.884945357704964,74.899543330526726,-66.292273797326359,-18.748612620422534,-307.303006838699616,-680.003322656885871,-638.095248455705701,72.080162291736372,303.063787164984888,-351.003756681678340,528.133742715207063,-491.649112682430598,428.662693983181669,555.038229281945746,-130.071351745364780,-502.899236303376142,3.525348276119509,699.001585009028986,476.047230229047955,-958.244369285058156,-719.326608498533346,-564.262787035348083,-9.219340453433411,-49.820275829669697,38.024376205208121,401.151935865852806,-261.075845106678628,89.917089035374403,239.632368737010040,-427.563084778456698,333.706536429793175,-672.351547399308515,406.815993712817885,-62.526332790677742,-447.055335793407892,287.747937617365324,-115.538364673650591,-484.395484002315811,124.622733029878191,68.261118052010886,-691.045432159235133,-591.814501112270818,-5.416091680364723,507.190748423655123,-15.031452448398070,-266.693021392928927,569.621118454757493,-231.307460313289226,-218.383643959065438,-11.098664074939848,597.827333353615700,-292.756978659097911,-275.533882922122302,432.141640127709422,720.931744428761817,213.971914287361358,-440.675199868636298,172.037807589849194,-576.247797150672568,227.660080072869050,292.587030844367405,90.053438442279401,313.359445815814183,-555.063089620312780,404.632886372265887,445.867568270250956,-350.290911297362811,-244.050864127672384,-434.564894476500569,93.864197817925358,-241.567890957393558,-334.445383009772627,501.936145526418784,-530.320490481703814,-490.399080815391358,343.443671592797500,96.804326764279693,282.431581722785097,26.020947974960318,-336.631279364071418,-114.538388826782636,-235.583809433757864,162.333014441518657,-484.302708208652916,-205.409108659652532,141.653975492909808,207.664168035545913,31.282968062286592,368.582273759241446,67.419322135082382,-71.207701989385868,61.507079729839205,135.011872560913076,97.262772325315780,-389.846169948613863,-105.542655965597618,13.484190614907000,-248.499793709098014,149.475194934229847,-358.108732790212002,-430.830776245879576,147.335903561465244,-396.743642092777122,760.435790963128170,-598.805208377882536,-392.701105544564086,-392.372908919197243,89.664443413443053,377.938495138666838,-450.141891609954030,348.351562846859792,71.974554557175480,163.887692675247081,-410.608191699172494,-174.429611126357855,-68.313286109410271,303.345353642592841,32.678142885266482,137.823930538039093,286.215240779131989,-175.629758303131325,99.419600002928206
-51.287285120527962,-78.063766686925348,-413.005838932845336,-485.734270264853478,-46.004548029524294,6.408229751082970,242.983914457706476,-97.901282140399857,-238.438080387118362,125.423502546577993,-322.875016931650975,18.791580628153504,148.862095484498468,138.358858657526923,128.604283719147588,-324.822928096410067,-234.032755929671509,-28.990946556029868,358.577814842459020,120.309440080680673,-315.015348512979699,-356.715509947903740,123.958277638228509,454.634327368954359,-105.947134049396226,60.181134713979262,-219.206902533493775,863.064966866082500,-100.528547722477668,-132.014782517187200,-432.006644603396467,189.220403200298250,512.737023972776342,2.807610952094230,-271.126285162539318,-320.410232107315721,395.262766949477850,-183.206864051380592,63.502550043155715,500.407507337441018,79.830476567235024,-491.232944206550656,225.783816430312470,271.743595971048876,-509.615127059963470,15.008067171699558,311.195310779054921,795.149525787989887,243.656146669572877,-63.801509354886555,467.928146242939704,-128.864964843077644,-354.436859233963844,341.512631024895256,585.801796458426338,-248.648412215993119,109.166305643788846,518.477837099478620,98.250178969989122,639.702933005009299,-498.496050581513259,239.367583187386458,204.116559620905207,87.317571349570756,403.851785316921962,342.474410023241035,7.319284122733464,395.867593666996811,-445.905186319961899,-1018.966173929288516,-313.517890697003963,52.659472956400457,205.915342431620900,-72.305574454317082,-388.244109544719151,133.759887727307216,513.051612807706874,-197.025094010458474,126.318928849996126,462.194698087098345,-149.980816060133805,-197.375293540353084,150.488264240091894,-316.495743644305492,557.023326946853217,359.198051766807453,201.488136749786605,214.996774885875027,-69.260282101042975,723.598085887928050,75.931471025814659,-120.176158080825104,-252.986759358662908,348.349384776261900,277.013045363876529,253.085665610159367,-426.771569383932160,-282.347417925549905,25.004252510608584,347.234309640478841,-276.110666551966858,32.255567567673829,-288.314028160847101,118.344645077552599,207.393874598121982,-223.144844375532699,-279.594152227896188,-321.384395256644666,387.393053837425725,164.269281669322282,-134.081465350185908,187.213761061676337,492.347421968448714,-343.383527796224030,-558.470252846743051,-297.887800105160579,-623.751533858479206,-314.302906163875377,-701.989178872877233,-60.294430411347470,-222.283050017594519,-112.813217288469502,-350.758108726069679,-341.961776775296357,38.701306103707253
-285.229599232562521,48.494846140308894,-258.117951089316932,9.886375625400635,330.296293892282847,-330.613853082396815,685.319517198274411,45.111724532761777,391.948293581518726,-43.505068688839813,-756.088666700594331,-44.896642689826209,213.017826906588709,687.654650137244062,-416.830338306321551,-91.499951351344976,-643.663227734938005,-176.554177911851383,414.617951253108515,-38.559924423756776,-268.642887799186667,-371.146641981770472,295.180293921233044,-0.439288834805645,947.333300322354376,150.607762562506508,895.017491051777938,870.360486788760340,-323.397037233388289,116.357547895357882,-346.554676156935329,458.101720573542252,969.706842344860434,-818.647438700964358,-75.728207685600665,417.776999362897413,-146.487531228171548,-526.688417636378858,518.101034322673058,52.635329902243903,559.971167717755861,560.479617627911580,-334.172397100938895,413.139210223941404,-397.042830687042112,-417.708466133529100,1316.112684365708446,-323.660273999732283,356.082108379166584,606.248280307426057,-147.449853258654940,247.746253604776143,-142.664715213898575,191.708700295315538,308.872186936877995,-45.322955197564113,120.259766528879027,114.208810583066608,32.808938646673766,-181.980041353770162,-708.858050458278399,274.090832200595742,-25.442333794244938,578.633158229074525,-292.008415625261307,541.821328204156544,237.667129648014452,344.754120443131853,-154.115541326232631,-128.566728153382655,-235.401081138614359,71.168859970854299,344.110374110412579,-291.453250230996389,542.356463181421077,167.532041216157211,469.907232099104192,430.835403808227397,747.592922553009998,25.225715436748466,-518.116905269401514,142.289419796212371,-466.297226747625757,-82.645076182554490,-155.919404333437058,-352.620478936353379,847.441304083626846,314.293244447442987,-541.867418216764463,258.002095569271546,477.733662005693759,-531.768231875797028,364.131776264802625,-660.613593243981086,205.597213542085200,-662.553810459000374,-116.946605678559820,147.923364819704716,627.587542967073773,-29.464764475468719,787.845892678890777,-476.721433018542086,-253.728762205286671,199.171340797297091,-20.737619069800903,147.518579348815763,-308.296826921284094,-183.244794004623600,-246.116001386602534,-289.788060536456953,561.473604401368334,173.300602316466779,-128.426585442838984,-617.209043561612248,425.593520158508795,-83.997432658607181,-140.740252090925253,-194.374737034996883,-277.135674606099712,-236.976887972740741,182.449316962012773,-109.768250468163586,57.150814929161456,167.570395526266594,-394.529871311956242
-24.606920461579335,21.067360686685120,225.808327864296189,-225.911677184940515,556.802630647358797,-41.637883355341231,268.919346960672044,274.984903255196286,-423.853443238463740,355.143811104397685,621.024197491758855,-163.274453029519890,-379.306161828454663,258.400365549800370,-108.530257563145710,-443.297908505574640,-349.918479964006337,508.832016486683585,-491.905367778923733,-21.389954048108894,-519.331126342531093,256.360431786663128,-469.927266340768369,-511.106342910332046,-794.917534867483369,497.234612254512513,92.345346271066802,789.513355072033960,-9.561404953738755,353.836379763130765,114.782949921097810,-188.817777132800813,-229.227519879815247,-321.637667638793403,586.737943859312963,317.006117488283735,46.539805893587712,-129.183290814543909,283.616601946584467,309.660202806213817,-364.536495503548167,-225.855388837220062,-48.391866650311130,-161.056125072055409,82.262025318674802,105.999652304407846,-126.224183895517925,-342.052008778101481,5.274039124469205,285.362230724623998,-218.746937810664292,3.939688988507484,640.626966269509694,586.307634422949263,387.144214254936458,179.265031166933966,260.723293154016176,-696.888333394014012,451.833825840132761,-666.985995673097477,-187.861476867863985,-617.142865510860588,-564.489287402892501,-210.072410802648960,845.054448928100896,324.151784637047228,-518.426620084697674,181.464006284810239,-330.604226232596261,573.629492482165801,168.229810326894579,459.152250358617778,-606.270015755663508,349.300278595737495,-80.949406532880118,119.360365040289707,137.730746059871876,226.352951993957589,307.583581237332794,449.523246163212491,-256.431968139996002,-187.278781222145341,347.728643348396815,618.230150014042692,-126.170366754070912,-181.318834732793732,-534.378062518216325,-243.914330980735912,136.042892785576612,-21.487450880538891,-565.997334667558334,-628.484702854478201,445.219065445893534,529.810279084237322,77.899612251840296,793.003062179147719,153.440317017603689,-1058.165527394777655,95.332981305764207,-784.115522398221742,-234.316646421027372,69.034117373456070,-65.994287931623703,-735.257874944568812,-412.850058167630152,383.672483279719813,236.114210591863866,277.139544042515922,-244.343329388080292,91.376059972210356,367.055692583167854,-491.271583116794375,-499.633944284744473,-228.356757935434700,617.156446064021793,134.280943828833387,-284.783535101813243,-119.000699970944083,442.062143988504602,-869.642566421293282,-384.986475128593725,217.626851300738167,6.776318642340836,214.627240025764110,-373.985673837447507
598.328108917726809,-97.808773088373385,99.016185981503895,478.599615330194752,-511.974630393291534,54.590887896652916,29.366724468811309,175.436317099183071,-30.990741030855276,-560.795632737824349,133.797746177830049,-515.427651125132684,128.610291299218659,70.589589883675160,-430.429483715255913,-409.149696397374726,332.534659705747458,-319.924753920201340,-538.856374948847019,243.641601628451724,-138.121567146666166,476.100087283882544,70.963141635092398,-626.765080024244526,338.317707961767326,289.172716925804025,-102.608998354623324,-15.789491744970805,-92.223846571792023,-647.653760289175239,222.089642757492555,75.486462550465632,-94.350070627320690,-69.878044343714350,803.143972604044052,-463.465143917471323,-384.462127595153959,-205.395019015469700,656.296666268717900,-410.954181019209329,-850.621341773617701,-651.663105952682486,-248.953838283395669,-467.269180904404607,156.523412765983153,38.155474615887165,-905.710051399889835,476.477258223412321,256.667253395533464,71.294675956921282,72.526463919250915,-127.950077446796286,371.847571853893328,347.488843547574049,-220.927630525065524,-37.267605087559332,-374.553111051955511,809.566204710858187,4.549210425213943,-423.565666879106459,325.881534508786729,-164.679386246493550,-78.596258317809884,-2.266231916560550,198.174504142162448,-510.084951633579578,-299.243334015640812,233.206462110199880,-508.257696904908414,-393.142667046273857,395.060463412507943,231.889311504686617,-702.907308975490309,-220.034685599352997,-103.569577295510399,45.135215989138942,-141.345981708718966,-494.258243530768596,23.863008320174099,96.102975680291109,-363.696300773365635,-128.247468257434889,161.372605420875061,83.443670083217157,-735.504402935805615,25.387229792077470,-168.903363072329682,-280.576122801661256,465.743862601526530,-63.268462865892779,-264.030254320710526,-314.922579324639287,414.363602176022653,-252.888895362662424,175.472156180158777,-293.627710536128063,-319.292041411545654,191.548522246104085,-883.817409775566944,-342.415369664740808,0.024725535773982,-138.869977201598829,215.199281438603037,-267.275756798836994,35.976191904122700,30.325277874131238,122.737082159663828,63.968005693480592,468.310227185509348,-7.738218818638796,-50.058107599692612,351.140490940730956,810.732628363697359,-74.035539900144954,-71.866999305759293,1180.720087162111668,-93.418566866872183,157.240047921498018,479.645102034420006,26.977801750341627,-374.848035135416410,254.934726986347783,377.510940532138591,-217.541811170423387,-63.064946995022666
80.767019833345557,422.261008832631205,162.380353456281455,-665.053894764317420,-596.435811064239488,-36.682073515373965,511.414965675352846,-7.026421397757915,-530.775735882537333,-307.225628477846556,257.299696547580481,192.368231624446992,292.891093133463301,181.083321452660243,-215.808647978640010,-364.973604884549104,-102.709712321921231,53.280588323799812,548.005065376625453,-54.707513799626227,-64.156589040547800,-140.910883403676507,-69.282025703228314,-609.567503299605960,-212.077897797575275,314.138944644753451,275.801945357212787,536.504562613150938,725.876561798957368,790.163305847569518,159.841540563500956,-303.614116580648101,736.425764640503303,286.827156002129414,147.893040477423114,-88.202833594882605,280.285894673887867,-786.485912342159509,-65.400233290596844,760.949990868650048,-158.019908348736578,-869.111972812781687,507.685927667279543,445.551504865650202,-677.919911584866099,75.775634524950846,-106.358917709014463,-577.274755852365729,-31.905834163683224,-471.343952498092335,-494.555543306694233,588.215404858708439,-268.793595753408226,-338.128814930898614,-190.324935264851860,-649.063998142644209,125.526882991585353,-271.984318164544277,307.329245883178430,53.071053607644274,393.597776972877227,-520.714883456296207,-239.513952661546938,20.760325352406642,-558.664639130089995,236.327072221230281,-278.255175355712481,339.477845294549923,391.013524407958414,386.484463577654992,104.551333990823863,440.991526154928238,-120.047208090739218,-237.564329707783742,520.125691671538448,420.675533520962404,163.752742504876124,699.786477904172330,390.379359564101492,-68.772683992321092,217.851839954706008,-243.912705656989232,-170.903190197541647,610.791187726418912,-138.163734609033838,221.167077421839991,641.640482159528574,-40.819420622694210,421.475308423506647,-18.901581667137258,161.697713544618068,355.317694067727700,224.387450014477565,247.057635631678352,551.925848247794988,1002.425627469969754,164.604492041778769,-419.486830548842704,298.613780993755313,78.286974022915317,-136.778694485612334,90.826352517715819,-76.428682080552377,243.472658139035104,269.800936322905216,541.992267957882291,88.684511208851276,883.843407896169083,-361.108465248531104,-365.053842964716239,253.381029229737436,-109.118156269164984,-4.310628882347739,156.801123721830010,-470.368876866818709,-36.111642511124337,183.167577179785354,-610.230334082683612,-670.609535750475516,-244.059505779218995,94.071053154286375,-126.433136867503748,-132.440484980322935,82.017228148790849,-308.911965606554645
-157.177035813025697,-641.005164154429735,237.791522588945952,321.685972414379876,94.868819667737213,-283.048403561624013,-275.396411299762633,292.004372616008538,28.272206091875070,-352.316121258637736,-243.616362655544748,-263.104099822637920,763.544945512228423,531.107395662296767,-305.154416720989616,631.694924260037055,694.861030947237168,135.164455090502116,-427.320820992325480,141.476587753828653,323.663184117747960,199.531251819361131,297.262848177941919,657.378448504161383,35.686155249438372,-128.547829307804477,-469.474898818206441,-244.787986933359889,-238.481205426859447,-280.673321113344002,74.097324509505157,-167.205979233877144,326.236766702052421,-23.920796879298209,-69.456199672511374,148.901818341487143,-440.749887158384524,-538.343089593965146,577.551172894705132,16.624952014470033,160.778195533374912,-112.362126124893990,182.333053645670873,67.074618627518163,69.403326609106060,441.979286646680805,320.236930221059197,-555.601781638753778,254.372105231378214,216.054189709432023,-423.129548083318127,-116.695566111541908,492.766627829868526,549.532216744071093,-10.829919288375180,-154.375283143185271,-1044.214204442462915,834.287413446722894,-473.369221109074886,-162.924183709461659,309.057971083963537,-207.962546107092862,-288.179946701091183,298.684186791791262,225.501703264188706,12.490150545421553,623.288160738243619,234.554148144483406,-97.444219516380628,-410.250260826793749,547.175613473839348,235.074978651756169,423.124638756433853,221.846109623369671,-285.054808082137697,158.632393743854692,316.548532042936245,-145.569860246055811,467.913644239616701,-467.725730195284143,-243.059086760807844,-205.917786740400999,81.093432053137349,-125.352166674056591,169.553240561448575,-269.269555591662652,-283.054723459538877,97.358882844961954,-156.110834827735573,318.562837269427689,-90.156073225853675,-92.784525453259121,-294.795061071522866,-332.439517836719972,113.130615300189618,-79.227317406306810,162.510436441262414,-333.494138850704019,39.300491184885118,-312.931427437081823,313.505505992738108,-498.000796890115623,153.128386404545921,-184.404950009280469,204.232543060733150,-527.428934277371695,-288.683220711991169,290.612480877408416,222.360122256515524,97.105667685972051,336.409066698857771,574.469777538113476,157.344338881368941,55.337747453315103,304.662162277355606,-82.714043124767187,-38.074487221112712,-159.065691185817485,239.611676478367770,-745.057219932835324,203.864567072536204,-138.299394647030823,-346.024218172492510,-357.676209841249317,55.367637244289710
118.868362473550633,-107.093343526451179,-309.681466139146835,-816.784923675667756,-420.843673545111983,-108.910597166876101,107.955396912494408,-19.504456855985282,97.256855045393095,243.441529423881377,567.863316377172509,1004.095463439825835,-152.460405303486397,-297.632486148773182,-160.315223547333801,409.157540853825139,20.664837648255620,331.222815823904511,-932.813393015636052,-150.199125251331679,-214.120301609995977,-191.785790371789346,-514.539155171675930,-231.263016838170984,-505.222322347559782,-405.645520155839392,-194.176820776731233,-388.498118368456744,-633.533975403700538,-269.813410837396134,-444.126690441741005,-2.347832385406925,-833.719396743590892,-93.723821929376314,-480.826315093132280,-41.861862248064398,212.152239394056352,-220.460884045334552,-310.088439190845861,189.075732214128806,233.851281772028557,-343.090180047508056,-1045.729948953745179,-257.544738802096560,-515.733313825703021,153.532582694044095,195.534105269931956,-742.908434543327985,-117.382981538111039,1.034399490595177,211.731265832445928,-504.765528380345245,126.079527377575275,606.451918240071450,41.640108350247864,255.936899020045786,-59.106106859901601,203.043659039245483,-20.677393842612574,36.061201269981453,-93.657728596185422,-96.260910445732193,471.428973016348834,-525.971711437761428,-654.250864263855647,-188.168361657122063,-218.084679854495533,5.187619910646255,-579.092086432327733,-271.527763036623867,-82.841723385661226,-354.765287649027869,-218.412421705001293,290.338629289053017,-507.471277508716355,-296.799043470872562,-174.155130926927171,-301.109588592483647,289.009350361355644,203.199152878519357,-305.997490118591315,17.804389741589553,52.396894964148267,468.900427464668667,52.666050682969065,254.441652243703544,263.638308878701082,-30.500042271181883,-378.163261867847496,293.011049447109826,-195.016365524602719,-335.124488951353840,-95.867644242576432,453.169940399823020,117.507091952088700,145.708078485578710,-101.930334205148668,-540.091201367780172,-219.239706011012487,0.355900737769275,-35.229421184059746,297.990822437332724,-37.786985994738103,-787.693465764650796,209.234440990994841,-391.382725722200519,812.104986075535749,-487.339088639061004,-163.634710281965368,278.065734294867923,139.829940438234871,-425.262191946805387,-542.611709710185551,432.364266273063208,-185.998938895050912,424.135928134606331,-107.282916097427332,-49.969454657653031,95.800771163849177,-28.752137917088639,-90.349344618101071,614.662429792746593,-54.649905480368339,-69.147996130375617,-49.280584366578061
-40.458181994986788,478.220898152629729,262.142308364286521,13.367444845548214,396.977342287906822,124.235014717909863,987.624951207723711,-346.529052134060294,577.159700362253488,202.480656142113418,13.667915615236804,12.318599589880129,-426.225835251536125,345.835936781877422,-87.132943285632365,-88.704970598850963,204.504758834441759,-400.610860142969102,-562.920994032219824,-367.285637964955015,238.732825436532835,-100.765665771244414,-344.388195603168356,-563.921157315965047,808.226179199907961,-271.941950386629742,859.377535315474120,-37.819016929025260,463.822701926290961,-403.284914255384990,266.750359214959303,671.242422647591297,417.328886074295156,-19.858520474481203,-174.542360004556713,-117.867710584190945,-380.734163491500738,-509.938154975269015,-431.096704751133018,94.051836732031447,613.772685438733788,80.579922166675942,-585.088722890058420,81.569559716545669,251.842813064604229,-405.905652696935476,264.126773498633554,-388.767859189841488,775.721194739696216,455.871939709988453,818.074354386956088,-951.144748826842715,447.150974923663625,-77.350816191013294,-70.875303372009142,983.644954548117198,-404.523954281879639,-334.948568731025375,-593.278143154809641,326.994692261514217,311.399508038575505,77.513238659875441,-10.538674705182478,-468.171111149795536,-802.614685028810527,165.100140021382174,-46.934127827953517,53.673058910253317,17.264637447208674,37.604557336364614,-91.900826184809873,-569.795375898010775,612.696312149928190,557.853435768494705,-24.254403952854624,8.364817762770851,89.762203584603270,-102.566454492713888,-71.017210813097847,-612.934806161369352,-493.975754290317468,330.441961728356205,-100.278259821270410,-318.547907736190496,157.442311234528489,-84.964922029282491,1023.641415777464999,604.080380797547832,673.161012875600136,-78.446468888317369,264.801225359856232,385.984788784312173,803.653411826833803,-104.499516275146561,23.073255760441427,-98.006168017207301,19.036947366757385,-500.636216097627141,284.760047306375384,-67.279702532648258,-188.602899081306077,-122.606922559023303,-140.399223184393605,19.632263206434573,-481.697533749620902,-56.783610904565165,155.508555811998235,88.836399300893206,615.527244999895629,-274.662398232299950,10.012226205750483,644.338697848433299,484.722340383568735,314.351895130567243,-506.129784353790399,404.881011889538343,226.419799467536251,51.945530197884636,211.553334835807703,112.398526305161425,-597.886820291400113,-159.045779580521469,91.561879284201538,440.452855488089824,303.412614817492624
-47.181109839197660,-512.888216083281918,-473.798441362251708,-19.463413922303772,-139.336385288117924,-220.715657025142491,-85.682200699345927,7.601876084644653,-132.207513805588519,-584.622472897074658,232.047955315801289,143.257059643292109,-9.734876185010057,-212.085914537681646,-537.279709113192439,133.657190894704399,279.759578332380215,119.688496028070361,-192.683473904890207,-295.420841763128351,-487.310474886648137,-291.587900366098950,21.743641324767687,59.052443961084634,-200.793328181276991,21.061678748718329,275.206563004191821,110.023236439861478,-337.433521840104504,-77.590385065771486,-565.972156700550954,456.480803120702888,-844.098709887985706,-677.726625621983317,560.856576889855319,-164.040378848123368,386.418563580021043,164.095973402669358,158.223001428893383,272.391887284536097,-432.437369859618059,443.882071478403134,-353.900412530259587,-229.801607883697159,-196.458357824655565,515.599797122415680,283.691945759741941,-206.075820725882636,-178.294141618216088,201.631429841745387,400.040071530402372,318.003837683081258,-70.913093207698381,95.167877108494068,663.887683214531194,-186.270356812297052,-407.718488611606745,83.588041950973576,-106.395654089010335,-481.471916165570462,-522.061365607891503,-553.615346927602559,681.301716769420636,25.067523565105450,-125.361123325618436,150.361839142650524,-203.538522568550917,273.307943284813916,-209.704415435634502,801.476265248612094,-342.645668990863783,209.160131506016882,-75.456329086687703,-247.814699190332703,324.809140085817944,219.514819759530411,237.436369429115530,82.953673785784616,777.196942534443679,422.910729977322319,282.795825936194831,243.501304947938991,568.761117983117629,400.413688136127121,-257.460347753883752,-375.024031463410211,-352.827518722212119,-55.005539992864321,128.872247835785799,279.652105097749313,-22.857443293188233,-468.003102622916231,-463.299475460210431,589.709466804675799,665.724426907436282,-312.892629035409357,218.601314730782576,-243.188274514365048,39.863902277827137,-614.929967128962858,623.742706347736089,77.412547765281616,-296.412393717461157,-263.720205340361929,24.871232138891280,308.742990922294211,321.848870786754333,-337.230126225032052,-151.100343441233377,438.455739003766894,-4.821771229004861,95.144140053904692,-627.348156116990936,-233.369381653921494,216.132608743690753,-290.498841354607237,63.439275959165109,153.130980705030254,-257.064317699135984,0.799557712923908,137.564097948015473,-724.082057373502835,-80.059382234470036,-601.030177384719877,-261.833961551213804
-353.613914488323587,-495.696835799284827,-676.029860955258982,160.637474629055617,227.023800259477582,-27.495418277343340,-277.154883520289673,988.283862180476262,239.235019613676542,72.448915450616752,422.892097091782261,-950.044374426985542,243.060814812567685,-307.742033322713041,419.626699955269373,176.452371565065988,-482.886080334785561,347.792834083263131,509.687995240671000,-388.027339983633738,-634.987764203575466,-199.022829250216745,27.994387408152711,1.978464114897548,99.893162743307030,-118.156283335527348,-39.823378005196496,-103.899919914024110,234.306314078343121,289.479042223287024,48.996400862670242,-400.720672352048325,-28.341025489402494,-97.614785379051568,671.568048087552597,306.710977882486532,-457.016187429318279,109.488354696725139,-141.002238369535604,-91.096776315168952,41.657226496176918,359.792716449338627,334.384021723541707,472.885418942698550,-426.421726638863333,75.244922264166917,-541.863786121218936,-347.234631034870631,-129.683766324691049,53.215029552619335,-91.940271091206597,911.365919474882617,-343.277030258773095,-285.565804018450933,-123.271543707299486,-6.819164945122530,-215.899390155388971,-338.010045817963089,-141.979034404171500,17.809817801994811,-461.101229027557963,249.857857987063198,289.931052885409656,-173.538438265795207,-139.164228887533511,-270.249475507349075,-280.013329597557060,138.607973875849154,664.056038819482751,261.318565251480550,-66.529045095129391,190.840290918842044,721.244283575006193,-118.256696741774022,76.773206510705975,28.211263701080870,-222.428565527694616,-343.962257476413470,-70.234482753283814,-358.655827479134985,490.133889837011395,354.057665888156976,16.948542689011955,615.628305963474190,-283.953779180992512,-361.302459932109400,-657.599530105000781,186.222510494046332,-287.972156056422762,-387.273115661418785,-169.309430653161940,-25.860206097429579,99.142563217144072,286.572125829228014,-258.116711733270961,355.212932043789465,-40.083404288130502,-187.419457757902990,677.881465983308772,-58.948884715167836,297.322714980011597,88.332390903002874,219.489577856770239,-444.306289678560006,-177.843222812229300,-257.666573912072408,411.836199215608929,150.518097561861566,196.993307883363258,-83.064008358843822,169.241358452213802,-313.105202919837893,-335.561961130739007,159.117338302469136,-176.558023507555475,133.084751563212421,534.120669677378373,-94.964830756297687,155.217417519085529,-190.383233986044161,-261.721048114617872,-102.723022897568299,-183.916747732631222,91.725363029418901,-340.601519633026442
-72.147430783221694,177.847243024572663,-4.497476085577603,-302.764513428538805,-399.013189025123154,182.755767712886154,296.946169666538310,859.538052560871620,96.950090483835965,-305.829769659191243,-54.026140552419413,1062.160583874314170,530.484058811114778,102.928642490070615,-617.143448812739507,-151.469073982476743,-770.233791480033005,-160.133983308103694,-391.715044765950552,230.092699800276819,-401.860519835623677,-278.946830073880335,-562.422754607254660,-259.901987053667426,-311.792513584799281,127.203603248652641,481.239703972823520,-215.962892460426474,86.045422512822313,-812.038710339251566,662.966576784296649,396.089111837346252,-129.131361333645032,-340.548892627079852,-306.624044860301296,232.709059479168928,212.638868274881702,-204.185866800372423,-101.006077613705841,-512.335888097985162,-360.468936974598137,-3.651926009232774,139.940910271807411,31.737950926500826,-157.713841669128840,-172.771873888702061,286.858963331448138,-699.428406724987553,337.109322206703268,128.344176561580582,-189.556066169381154,-948.738709515514188,-224.117164239027886,93.617950430772325,421.601810413193107,309.227207902885937,-220.805628749295494,192.462378932508955,114.845355205306234,423.625429240058793,-110.594046521580808,-529.004555425532772,-197.111336275000752,201.943682224635808,-424.224727802348070,625.446476132692283,-374.518253306127406,74.211086783763719,-204.061661366860591,570.503831985128954,-36.321047825808570,-167.337722575759727,-99.009615863229072,-487.153135619122565,-490.123125703522817,-14.239250172942519,-60.453781703471932,-76.695242950033673,297.760404209988849,54.830482393310547,-383.332933074480820,460.428197789900821,-28.867592132313355,-169.039438864719585,-310.393049705879662,205.513985828641040,169.055288307577626,-492.267151145593914,348.627563554999426,-95.107938575377545,-505.506983652249858,709.314788076404625,-487.120184610056299,-300.565122143189512,327.517236857256364,-16.255700396963917,10.291170182895243,33.384369579104380,304.972125594156580,341.241547523870054,-106.311667918089199,-157.376149989075856,-66.522119207833896,-481.249160720861425,-354.882593938633477,65.064326238573841,139.171387423092000,-281.783838703235574,74.767024748168382,-124.389342369274829,-126.347164893693076,218.461855709653719,257.648790842460357,350.946877965370163,509.725359875316713,141.837606343495509,490.104412396113787,228.551651727258104,-31.953470021248187,-243.290742508133889,54.524375845782643,-511.241174849965432,-105.577861383929232,72.330504006590374,227.651155816255311
-543.688685288503621,415.794623472761430,-490.993361419147675,-594.951691387120604,-120.544062184156417,259.813041463916591,93.632589124772963,135.070420767568947,-217.429972857047034,453.672270949448091,96.021422092365839,-198.485869565298799,-227.396158600018850,39.384552051508152,329.542911874297261,-105.778852601975615,-456.234834044595630,-191.095908393102064,344.112510692147509,302.492510786213188,11.453920711524336,-534.412393875012413,-35.173879624873578,-488.177053907390018,-458.204000050276079,-206.474084479975176,135.324370776054707,-240.260826820945084,16.881627000938391,854.817952551687654,-396.129218838731731,-57.946418288761635,-6.917838838955358,449.008317887716146,-663.489410881473191,-414.229931634769628,-720.510681635911169,-117.872967706871776,-64.667821976715715,-197.976901791470397,404.052089194774737,-159.140752077793906,712.525625334622987,738.812796880722999,162.828576472503130,-202.911664338677156,329.896358970637493,250.579418016737634,-171.313557197878339,88.471587486454553,-386.046908180626758,92.243654206594272,-100.306901682383597,-204.779487698557830,-103.807215902253375,219.494790921675303,513.680095983888577,-729.622762659199793,390.272764951209638,696.716745049574342,167.585282091666045,-152.465593042946125,375.446780297531518,-780.158677101365470,-545.316057440290251,244.381446665585372,-22.478394525994151,52.491563579288226,125.804891588136655,-127.180106678397763,170.035475816074637,-127.815380221601487,-301.518292120332774,268.520583355355143,110.883635899286446,-416.709655554865208,-20.430114641830787,367.647916373412727,-541.988428980278627,-741.461619520029558,473.021677043671446,27.972448511377792,-611.354312586969172,621.770786520481806,-278.881138693477851,-370.892263570052080,-275.887700449941121,219.396608204911161,276.656676254563365,133.487940032149083,-392.150135907197011,231.317478453695088,-435.866633207557072,93.943919678242580,-279.321338412081502,206.917028384362197,421.698838080035102,-189.267310138126561,505.848355644865649,480.874438430574514,92.855495049285466,268.076000816142994,504.736657848291259,-434.367494940755591,-91.346636037923886,202.674155486540087,676.325222276928116,295.799690592976731,-70.392986250041147,-225.351479489978090,496.667059355992592,73.980814176794951,-256.148648657076990,365.073699199289706,-208.048371236610308,-202.906363615612491,-108.353979713084129,183.435252148024887,-582.888042032087924,506.755703549298914,-383.434530355898460,217.881309757517698,-198.534435384917828,-510.424740453160950,-58.909539289995941
11.900013755471477,-543.680965055039337,1185.241160152770362,-73.412335246290155,12.134112640945787,-622.475498516183961,253.903081807630599,194.798086093073323,-38.793140618119153,-595.450669348769793,165.090336857372591,49.104212495275235,191.936616912486073,-843.656902917026400,456.763977338530083,304.951175851780363,-159.880040382272142,162.875100238074481,-19.016107212332649,290.349287580737098,-202.175300013453011,-41.093644978515528,125.093051403185143,-559.799302973192994,-296.672333262864754,-77.497670712906057,-37.964692886668161,-116.884619657474246,-138.333472407500665,311.232595358823744,-724.314811588516477,-420.457353471753606,-279.142397577178485,-64.184884022391444,-246.457116978269653,-77.389379720071076,59.064680105341324,196.491716387025093,-368.255646819007723,-71.718692344413327,21.689099861087314,-125.339814734931863,-1018.316334441281924,62.563904411398596,-764.770159996168672,-35.814752492990635,-238.911197642331672,-399.507825254999716,722.558635472559672,-508.456630646382280,-209.169147001445793,-373.471977207583961,878.481905663953739,282.364141574299140,177.785857306887237,213.189289671219456,-542.972537364388700,41.768979573402959,-79.236939334186701,-450.616744370614185,126.558633208992518,-17.854994641846844,34.781014562964039,429.474605148314367,99.868392485890581,7.380049197928642,249.807190736133919,-405.409167805152094,207.459984331916530,63.730511152773033,865.584035855872003,943.295935981187540,-6.724890163501279,198.050099335555757,489.230271173972028,-253.218336848999854,-131.240112201051545,-125.581556056355993,441.096330669389545,-287.647689656865850,634.609409295129922,-282.058037867643634,348.505990632698513,-123.802472644162805,-83.612593328414690,65.005447486450208,300.138582205614284,-87.018971028510975,-515.531120417811167,133.960494179233876,908.849581632603986,-514.528073670826416,-13.154259490713699,493.785366224938173,142.180658779226604,110.145407947053343,-229.147630936745145,-376.031819376904878,311.813797016898377,1.240530641985686,843.435416863142677,358.051162591131174,212.854859969096168,28.861736988154313,-71.665418521352535,278.012177084434995,-562.345066394824698,-139.080452757027075,18.434314581469586,-119.708762238645008,-324.637933681301831,-487.832041352330748,-355.340983256469201,345.617619469870363,-517.790865266362289,-72.939263382282491,200.152851938711763,-164.026927041090403,320.018621891147689,-199.388247643028308,-94.718538629327313,528.112583864811313,-65.004888897641251,-8.500917929579693,-567.524844652370462
2.914165966034663,-262.448163823498589,-56.876115817996279,313.958460001359867,-570.608573156090870,14.260440451896718,-638.792960234328234,137.455189703323413,330.771983066963287,241.956019068416992,-285.399250106738123,191.945458762963398,54.936651158119375,268.529716023073206,213.940172819972901,241.959410903732191,-10.822213726930238,-25.409680960308364,79.555964517769141,106.826961655025002,266.841440636179072,-201.774776558936509,187.170262952247668,163.639524747616946,465.025687358607456,-524.843532240807690,-865.849063079071129,-713.969025346938338,-270.785899641457263,239.012951083326641,-302.388862549467376,-111.488076580407849,273.272971805367092,-347.514493063122472,-72.294137869462034,161.987760512760644,13.868555554339807,26.226616947654950,89.930048209234599,-162.320771040547555,265.913585501333216,-460.476245846919142,223.450685357035042,358.429999705851856,-771.059993085213478,262.662154337177583,42.620352768126622,-208.978562358039511,499.239236548261033,98.734216928302857,-217.854320516172749,-101.011240081773593,-527.635266600703289,-328.835669447920168,96.689784670029510,-378.397314551099839,-82.558248815803708,-79.841992143724966,-724.323946485193687,-475.675323231728157,-386.970719522686466,-38.992117850439087,-221.655029917534591,-411.373876595444017,-273.522186476656827,142.128926459448138,470.454640624258730,702.463821150240165,-370.537441119276025,-171.837402548694712,-250.707510036120937,-10.295923788665242,191.615005661565704,106.201843724476007,-737.663859613650175,-126.084422809967606,83.283095409787563,196.757408805400530,-366.644138257417183,128.851869443434879,644.555529203692345,20.622214805670140,-75.802208986371511,657.459546027597639,268.005367751158531,-74.076108658932924,264.186530395401064,120.418010462271511,-825.435191589056217,45.837162559991732,-301.626509313811823,-265.433395900806090,621.969171987110371,560.800820767779555,40.186116158711762,14.347947903093182,-558.994526421198884,-393.031797671861398,-103.003693900368376,818.245861725488908,-462.004417881826669,357.992016692626180,-181.005101308309719,378.878649620851093,493.562445487196214,-358.478054319383091,-135.912037085627617,298.689837773254851,377.502558713919768,806.500224797130727,-145.009258434209841,76.236905413491257,-261.008561929787334,-442.677660075858569,157.185510822765025,301.955529514906686,28.298580823786455,80.323557085944230,330.238151873115612,-173.736479146550010,-296.759268108015078,-4.204481545038424,-268.962182458684936,-226.898825331682644,-279.106141687250044
9.767032238121374,-43.943977096765209,77.454942313025441,91.409371829274946,24.733609012945919,-228.728153600318876,-224.761716663485998,662.747736844799306,678.616900456809276,137.863520803019270,382.463297525046698,-70.003153756359836,-392.174588748677536,142.637523550019495,567.041334642738207,278.204896996721857,27.534204527814225,-562.469368842441895,-33.516873536760521,-121.089605390546893,-8.537116810915954,21.955804408320247,-49.114779421792676,152.879823030832824,-27.868833309130860,239.959519581253772,95.911507637275918,-365.590801584188057,-100.498615037749531,183.327202699003976,-191.084461528800745,53.234383353997544,-82.994211666595874,-460.924393202289082,-428.136957287988366,660.973163171273541,-368.796212768138389,22.507694222684641,-641.974610531103508,-754.089907301155336,99.089401584654951,-294.207466597464418,-208.896785446138267,-27.439086760979588,245.899485965466795,154.879976816757164,-186.084702110227283,-99.530364283167103,382.170703594368206,370.928399604408526,-82.847462520526364,-266.148588244941038,327.503151497488375,85.855216065431392,-116.015030072834975,799.784937994412189,-183.767604108135373,-400.679063555929133,264.701295307875057,-37.987610132967752,-579.669807493741359,197.954834998813681,725.970208603829406,-116.359835271163661,532.244126236932289,-15.280060658408726,-350.889537414649055,-389.898545110254531,375.055799262710821,578.474259263276849,-80.578299181527854,807.022668141541999,-104.951114512993385,12.413763857090395,259.689287637681616,619.525824696676978,-85.186504825058321,-340.493406156313597,-109.752108270331860,-892.181190834066570,29.596263791886916,156.377548361440432,-103.990104471320478,70.272159519649819,87.203731417962445,-323.719768345370369,484.856340194445409,513.052861734206886,56.514711799676427,-381.543915789210871,-214.184693105825119,74.187102759589351,73.807647277948661,-107.649872570085662,-405.966825618334042,66.263009538936927,-114.010036214634937,-922.363378449768334,855.034324686985087,638.584667962684875,-285.746044191741646,-49.272839221442567,-13.614408945402118,645.720035472591576,37.496630709575193,300.213301666438838,-85.950891797625872,-152.680002432638133,-277.561119680624870,-60.071746019965275,-54.130024714214450,69.754489006376858,-21.585696218984186,187.468412659679586,31.217439948944666,-165.094837672507822,164.527811620861655,177.692736865180052,-31.338634148849454,-294.886984486979486,-364.637604980397100,-202.430259902993612,551.298646948750161,-565.937391450945597,218.608975692065826
3.355661973276966,406.527208166854962,510.492153482256640,-714.953257858838242,957.392602869711027,46.122898227418887,632.220690374578339,361.439036532333148,-250.914354567559712,203.095601082175335,243.767284899605926,-413.871243328205026,-452.530361480660076,90.972493521447888,326.146508251137732,-34.695288636238104,-357.476811181734092,2.179191227318976,213.605404797760542,-121.191617065161694,49.438035840175957,212.528307855846890,-742.195961602239777,-408.408554820841744,-507.802155421199586,210.751272573515337,747.073064604618935,405.005082377672977,176.870637310645463,-903.798621855009515,44.489087612710904,189.727391770714007,-135.573133386914577,487.806556567789016,-292.831119507895949,-216.945549538297797,594.044509322236422,-10.551205007988756,17.314787895464995,607.573008287266475,-32.361836657440705,571.899873206732082,107.817013718714676,-89.209913519113428,129.088015780024932,-336.643328533970987,-608.554257563346255,696.725711149536210,133.720921518123930,-64.339227060530860,157.794362294883939,-156.577927924983214,314.289282849586982,657.348484227174140,10.147274323150512,170.364898872003891,-66.234668199774575,-141.059124951156520,-292.947954097898105,94.186604156348778,-4.994771961659694,-286.024872935277017,-743.323015686444364,-287.828016309767690,464.158205136620609,553.434595456452485,-207.774071172649741,22.901919765994130,-507.655201638084804,44.882318123809554,551.072059304914319,248.775086268519715,-660.735263795434435,362.613086463289449,66.696702508182824,-52.590639017976542,-172.580399927524923,-729.198590133194216,3.827926393347755,-299.900563513383929,147.203121658725223,17.137646455956148,-344.754708167330932,-416.240649044348515,-87.178988784436896,-148.895516800337390,-377.564473870381164,-553.028474798712182,494.605148852408092,-313.792339795585860,133.211396097804027,145.604193734422381,-450.545730643464140,-409.082954548468194,409.690566624702228,78.264082244325238,147.498549714669764,-301.913108841932797,73.405667709164362,-321.757735977622303,-95.235209522609210,-519.841115901792250,-270.312236484662435,-147.742321631233892,-743.735469465401479,139.364528019082570,-167.956056110212131,17.413715705357887,476.221953461297971,-439.433547870543975,362.927972476952277,-924.444750734855688,241.914994529854340,-410.734933401246053,222.419423203142799,-96.861718854948208,81.727022841968576,477.332030685899156,82.253181991792118,-49.799470732368327,-7.925114728531099,194.791066108179734,123.162031807996016,-168.489931410873936,225.879818405161870
-344.160398323678635,-507.078685345823317,80.982846150942748,-436.217112681789217,577.259310621785971,-573.904761255269705,436.548836763954569,-83.629001587330805,-206.939271663967986,-704.034578130182013,278.961604277696551,217.834669297375484,384.331831249369031,-347.097957509277251,-110.853865085404465,-191.904087495654750,-534.736013485725721,-1016.813146047581881,-390.327769811855319,-113.811080563257974,-138.134443894928722,554.439204731890300,-447.710807125798624,-273.063580780425241,-266.418187701030945,-72.031017012283542,-98.440800660203109,-269.605581316466498,419.303686064030103,219.402435115931326,-102.422650287476870,862.737199945461384,773.239344921509769,316.102354768456735,-263.574908085604704,-87.092043051840534,-124.748984683322902,-29.735966911060963,300.173035607357008,631.371507080847778,10.347715259504533,-736.765823156003876,-634.004448410443274,121.892774376579823,-412.312363102941163,91.113549403275570,40.996844955651312,32.674321387122646,-35.568879304724149,858.108771239080625,-9.053329894150949,-783.441132754631099,429.210269420670102,1221.109160946939028,-447.681065591494189,73.561259266090445,-524.836868194327508,-14.089660326540940,-202.048468005660141,-36.685022328099066,-186.427128489157809,663.499149748618834,-329.500552608561009,83.435646342927953,310.944286780306300,571.149351303187927,-630.868693830790448,-511.990199172216535,256.859729282582350,-70.739675888861058,423.232729086460040,-177.919389996576882,164.335474004429614,124.306641533553346,-549.998788547519212,424.404989999216980,-869.480370571558637,-479.292981810474316,40.182252501555269,-484.121412647251248,19.221392976106195,111.706022747216167,424.854657109679920,746.576953846103834,161.628018423153549,-344.993803465954329,365.415643883178177,256.586121588813171,299.632847930811181,-95.780987238956229,-221.133224088928216,213.240414390441686,204.015311477723202,278.487141992483146,-363.896037641331759,-199.215293171379841,22.306478950412110,305.920126911548266,17.200130217494596,303.856636743754734,-324.798293923598635,109.574276084503936,-53.585671291468820,255.579704302103153,-435.018748942417062,574.499840354603407,552.866536204201793,-328.888479270084304,230.430946592818458,187.845067909755414,-50.246581930850112,140.982326361623024,33.905066425534699,208.142696371910461,423.629594313376003,142.806092734513498,-72.492246523412192,193.787115586515142,383.859127202556863,-423.074550409412609,117.910371781505887,-330.549503375869392,-849.759277010119263,210.361935714196193,127.642237289821736
85.668281752417471,172.049194128786098,-358.507681848184404,-381.962672408756646,-289.237979704000338,382.963998902788319,-52.351634630340513,453.820481902903225,475.074782558929371,44.287030744085776,-44.968534097744779,-185.808326640318143,529.818473619608085,259.033066056668872,419.379520749583719,-271.671755297982372,-109.610590918530335,-93.900533813500644,-289.458087858062811,445.583823525060268,-349.939099900958013,74.217094881953415,-62.079247297855602,-292.980932072346548,164.880047364062932,-63.133028119928113,-216.111748675570169,-561.584347784241004,146.894995225648927,-478.304207840591289,249.883860728189518,304.325994260288212,364.711980477745328,-42.363053210398903,88.532545184372026,-10.827859049497910,-520.373596066411324,349.715694400105235,-264.950166626163593,-607.102628399506330,-211.214200921290796,71.828085089873198,-258.244501330739865,144.901265753866909,355.097843511746419,-62.246047756238710,-367.487653860990179,584.875808795209309,384.230120294980622,-169.407954129186578,-182.103348917286752,-532.217451719874703,-7.636412975266857,-72.229800889898669,408.051628063785415,124.150905284918224,14.606507069078322,-91.334753448886715,-115.655238775608638,-80.168456179382758,-39.778169743056552,359.400947947795714,-232.371887728738784,-8.013395747413529,441.717268858388422,474.235358698693972,394.565528384897959,224.518722346112725,-81.972227499284458,105.268155348895050,-211.865990633084436,-601.287745575575286,-316.045730848478513,-598.801888078967067,-565.141528776386281,-507.872726497460178,-18.890788669258690,61.638654057202849,349.599967274832693,-33.796286743856875,-87.057510405013105,640.883355650678368,72.674060241669338,-315.444409603829854,268.317997402884600,-174.383566414163994,-337.130533476434834,195.352359504892007,-4.291652746059917,-103.039841984862079,476.097356082718989,-322.614309349654548,358.194074986070234,-366.016489523648147,-58.649551059132293,49.441381904612527,-117.757816039084446,499.029626552753939,175.409797187730163,42.005024198785542,112.672344601047001,-282.148682105176022,332.648887919157971,-648.607904516876715,-160.890749803230449,47.648146990098908,1.341946675632137,445.612155727951290,-83.211666062007254,827.961178694234036,560.875208767728509,230.772763593589133,536.954029026315766,-46.533094603383390,332.156602464917455,-307.108874542096430,-602.572959794282042,481.390741630869172,234.004990582446084,360.998519087069667,-681.537118336546314,-140.923647128088106,-136.631422378010313,-397.663426290178222,471.254764092929918
-404.830187355269231,36.195625394839922,-256.923392814377621,260.584418330293715,81.723407163148863,393.156539605944147,238.209637297862741,-918.866753386904065,280.141318842067733,64.207943304876579,59.783291306332700,-263.469783751614330,70.257515095250341,-362.355244455072409,-236.316102350205171,-557.619300843768087,-587.347594153527439,434.546203955849421,606.428256840389167,-488.003454910799348,-377.857932296333331,-20.162735319221881,151.032784907520977,-93.884587692048825,51.836596331586037,-447.241748266765853,736.197589532010625,-245.780399222844181,-10.998063850028982,47.658102686595640,-31.669529244877843,222.191230069242238,142.247603392836567,76.965071359535017,477.036634600431682,-93.904575252305847,471.760219964228440,-122.931350423385283,442.286443178671732,244.840753394186947,-143.027158141328158,63.400182188119217,-17.394470789175134,308.861538144031272,-332.204740636379540,-227.768933007816969,-122.230810385419431,237.911328009638424,-497.362021531858204,241.457616760610534,517.231915465578027,627.557396436714384,-752.415449396127883,-170.923627168721595,-38.749981194061576,-628.513405571359385,925.284704745677459,-495.806644199344703,-278.458694153981469,289.702172413664300,-67.062529580208874,581.621157762621692,521.429837238908590,45.709081304149720,-13.536429817850056,245.060578293813307,-135.718389188239456,613.462324930122804,-315.022821391713762,-138.127988724647878,-280.045080907320767,-382.316515923723045,-38.654548487211905,98.622537561859019,845.670717711238240,-280.785952986612187,-78.145451734694149,519.839785647922440,193.463037409039600,366.988291353169245,228.506010403224536,-345.679406484130539,-173.815133116780856,359.893794410359249,386.872311000652530,233.232565885217298,586.979765818445912,-813.182329915750302,147.818825460386563,398.529082794015551,400.207616418537611,-429.020096628145723,158.293545479873217,310.827194033499325,-327.429413134400363,-128.438231908602972,-484.442712124877971,-87.993605912962437,469.825026123059786,604.169342923648628,225.133435556592048,-202.969475357333408,-277.451822705396296,239.806938514314567,-273.133782553245453,9.608943760015492,788.281930567869381,-406.485487730226737,-403.600663832114037,-65.147415478362930,422.938560254282208,202.430622074621624,-1193.611437276845436,-639.524643841186048,177.366375769527934,14.395338274718130,-8.659130439880496,536.178849213184321,-732.985949058086590,232.177762451121083,-109.780772306504176,32.792714336040270,426.619241394340463,-361.948209959334292,-972.547084312061543
-174.874830282113720,18.059177732859339,-884.380815751183945,79.983731732534181,-386.767408881161941,-385.089994634742879,-688.568426767335268,-158.137137598722290,200.563802536492119,-776.969340535231481,98.165291672327129,1.748683058634494,8.853409728526010,-351.072628977928048,184.728380027675968,-62.302958536247139,-175.294356314139037,-107.052511749611767,211.989464517537016,250.337182554808891,-482.474697884298166,-111.464451706813989,-140.741835897935943,859.248742705098721,291.985901263431117,35.184640662696523,-326.260231819143144,-734.669032260855261,-52.002450762405495,124.880770481966266,290.381719930916972,143.247347971698616,404.377005626009861,53.494937231285014,-53.950264133875493,-79.369201266984788,-622.329039886989904,246.204211008020678,-202.793926523807443,-594.110568485604176,435.871343879445249,168.342870243729351,81.990123981328239,-399.256306689450639,0.308520083535448,-209.840230113245099,-378.307244777160975,389.825516074261373,-688.560527540018711,694.457410161635380,-121.625092067467548,-154.685837628461911,-218.440685701618349,824.397444618765348,-382.499279374754678,367.725065247708017,846.783940617572966,-568.326460168499352,14.908773921230537,-68.545057756729349,385.378684929468420,489.357298418297717,778.535349200702740,-91.665776944552277,-8.093013939005935,-73.522219233250695,-637.306795109888185,-269.257396514234529,85.778960964450945,-211.479059371875167,-501.619147748496857,-412.775564877266447,373.818492047134043,-181.364453925978665,309.625223969959393,77.701642914618901,41.682508458266412,39.737803530002111,-14.828660391659501,-179.719354324917873,-220.699330705902952,-273.238795840848354,25.202749734362861,39.865714788007594,330.578835785071590,281.573171771826765,221.629712095571449,-3.051816946664871,196.642535012940641,-61.656428044726653,159.773282879785057,-203.654353280829298,-500.058034676551983,8.706730454504619,-241.072968302946720,-15.143907695136892,69.985174444610209,11.735838281820026,-85.084122263585968,469.459376359793566,-529.520499038209550,646.217814279531012,211.326648367111034,-102.590609806782808,247.429075646309002,-603.406694702213827,310.900997445618600,-27.788556913465293,-863.066839466077454,886.892797560031454,-489.004089597480856,251.255953753844182,-188.377090924844367,-5.373591560117566,162.794794076361313,424.555482303129679,-287.381515347419167,456.802230400419432,28.280420095211422,703.252948254208036,334.796177745744842,4.144492334059571,868.201285393492526,-308.082034360766897,-231.070230577732218
-336.372050789478067,123.590345346255077,436.726083034486919,-310.022860732111837,606.978857081756132,-127.938173429098185,500.153450121659148,-247.686788344205667,-36.025095578526894,-117.883339585314388,24.029557034382734,249.029131718020579,220.048253817789089,354.437439072426116,-51.769050260558167,427.032589500468760,-447.597809734238410,-164.985295938424514,-174.660059876191468,81.634344071219772,-210.228258177341957,41.988065801764421,284.782513078311013,-185.487719942708736,-133.005307268687915,172.152110888404536,-178.810193877673811,76.941620152816299,-90.649525973833107,676.944440003557247,688.704509993117199,148.994640724738304,-89.222309939588129,-150.445234234993507,-302.337287184993329,361.263531435503580,-180.263239555719025,48.228238390031635,-278.044706821808177,515.851761577419438,381.545615962206398,-442.558468615565062,-771.657585531562518,31.494867772571890,-72.293062393636433,357.947979569471443,-26.597558959195254,-286.838461842048844,-389.023131441523731,345.124274193237625,-638.491250992804453,-80.710626524819816,54.237030046460980,456.946435305919522,-224.016655312024000,-382.843162167105106,416.621768952375305,151.498222722779047,547.320807852496614,-112.014318846485835,-489.553336502503726,-155.908690429603723,188.946485383265269,210.394015768033682,-147.549831530969129,350.256630525158698,-459.340793038528204,-117.595324643723842,107.100044336522217,-175.544131132469090,-58.003155852465810,400.601282276739710,410.365536717808425,-44.079759630324119,-618.392823028534849,306.299174765002192,-256.995780016010372,-323.600140964580703,637.944599897412900,-37.719720061719123,-562.407079883120559,18.062145070555907,689.797919801139187,-376.084968001154323,-323.793442613484444,-264.229871189097764,370.908906771882357,464.665321651661600,400.040525562116841,80.234812523989433,183.092842593725862,-184.456726937235516,334.133593533628527,88.668283511053403,-141.224881624848791,237.843371530144765,342.568065730417800,4.489108940864398,449.887431252855549,165.551447657504582,355.829880871351179,-269.900408729175410,-66.886780048449623,-465.995592590693093,-164.313817503096431,80.728664038953838,-318.531746421944433,-351.934390994096873,-233.479100631364219,-589.815029732314770,212.567165616452513,-87.012592149531841,124.383856725681397,579.453129619470928,-108.582337037095897,-419.932391973171889,-634.265304380856605,-284.933951971258807,-287.644122503368976,79.222651725566891,-64.679739939785435,269.546243150278030,26.119294719358919,-51.828962316311603,-465.280185445810275
410.601488188611654,242.353188856703923,-1018.235291637826776,-50.573162235237604,-716.731540747263239,-25.703377055084552,-122.625209639468324,229.704314424340566,29.605563315037852,-25.177548330121141,310.761596132124225,-40.574205564275836,247.655704903195272,228.026018213490545,129.422879238781292,-3.364802395169535,125.106571678657673,362.356656705923172,55.288512481926247,-228.670975846702135,52.131118237950318,-101.934418823816941,-729.257381481773336,665.074660970099217,-520.519188491833916,23.684862515394652,332.235396203102425,413.818111645487079,-346.151573611824517,-131.036847678446776,-941.549967798430430,-180.017492103083811,8.456460989215188,515.209521970667083,110.423925841461553,-287.160932264569283,340.311295880254079,-453.588926739752083,112.265659142418045,-65.156355999455954,400.248675201670608,116.817015409723524,-736.894893090340815,-128.784964040097776,-31.743810584746651,-41.528078398309816,481.006276715331580,-56.866817082877247,-124.966870692073840,-58.889767542383964,-533.653615889558409,-76.058552744662776,406.814464638415075,50.998586971957764,-19.567702305041596,237.725667770564996,-92.948889196352184,277.754559025950698,174.770363499296906,794.962400220737209,149.837366928768517,-189.025219465387323,26.874643784101515,-683.568146317565379,-644.521368495577917,-837.016295844886940,352.574173012062602,-710.756952688493698,-238.304138816545759,-133.830813867611653,106.975078895924881,-797.145489964722856,75.173674995973357,-67.531135411498681,622.990845227236832,-214.358472292512943,386.331439141314718,35.754047992534879,-28.648311300269459,-351.392619756740658,-518.822289497093493,777.701788059561864,-450.690963532685885,25.395002263963892,-230.404185577089606,-156.645368544697732,-509.587476596013460,-90.292547348700950,399.408043875555848,5.552161390524633,-186.718717021457763,-71.318687896990042,246.630588120154442,-750.537398483663424,32.151318979088558,83.557339957736275,775.638212825853429,-240.723320725080498,-275.835641541336713,422.693222037397106,-52.194828074504841,-568.310940265458157,14.135554693867862,128.042927695635456,338.164117219327920,32.310659036903957,538.600544966743087,-435.880133097800581,58.323129477328195,390.746807054511464,96.354269416347904,-557.853126865403169,486.127891958549583,-476.674199519277863,284.675093433982852,452.053299607523627,161.832906320976605,225.699521125444477,-483.303760700732937,28.856671789417739,-148.873776531082086,54.508737482196196,185.150065368771607,-205.930919761134021,67.698131610740163
536.043284512870855,-37.078290467267564,-906.509355500741549,488.358365418642961,-470.535775530890476,231.305116684993862,-189.463910192393371,100.223019164379906,226.405081460702178,-145.349984269597599,114.808216244017189,-46.731855647374374,-164.043271991839958,237.226981823369414,-534.848921083043933,-96.851454476514135,-15.909341409845872,189.502727598600785,50.023331638447900,93.611490061166208,-84.111987503979677,-384.589090590639444,-148.166970453328361,-75.146210703538344,2.938423892706204,-31.364685695707703,614.795425239987139,420.516125912440657,46.095539763375086,-520.031141837895916,-324.185589762424229,-308.930555639842964,165.360453956410367,183.737612373714171,-637.976235200712722,430.487249342334735,-346.787693430134709,135.921236475238402,347.350121742872545,-567.447808292893910,19.167219683596620,564.312182684457980,255.997226140604198,-584.419627110967781,-711.894400834088742,-186.700577682072776,-109.368206925686238,256.087105577741738,320.625961207347757,252.869936358684527,12.265986228321520,-287.757388682432293,-361.394430581968209,141.889907700991614,269.613957415267862,586.984405099723404,127.506696855129974,211.267000194377744,-151.655157550015446,-183.809187279327972,-486.791174335866856,483.648773741438845,-348.045446466466842,-162.548121397438820,-44.152768830061554,-25.578637132414709,129.342682804249876,-292.471045359033326,212.765060816520815,-61.827518244067356,-454.180407220264897,473.338241312709499,-179.803775462847653,-29.870207946578756,137.026239545049123,-20.251568525313360,-70.435791697855706,78.875115198350471,3.275315783342317,-569.874136713193252,1.384799003038864,200.934070267473061,-30.044493214703998,-70.877303653898110,668.538249865994999,-427.189134932571903,66.770274776064667,-785.005537473504205,-70.481397290430237,-254.797423750026667,-140.148156728352035,-332.695998551967307,-179.145886911603867,-400.309522571406944,39.049918703790048,-543.619357653049519,229.305366402217146,-345.666387461975887,-161.301329610060009,133.157494740183552,-520.962243911592736,-633.972530212292327,-296.938295178228088,291.199815562424192,26.841740455166509,42.084822573305324,415.800317076888859,-456.761533287965335,283.805645221004454,7.985271486462627,98.826693244860763,266.909311849184064,-859.480836348868138,-1002.648425292069874,463.333932731634263,368.450919666914274,-149.571453128911173,263.193499078212085,-187.926990195542089,-78.980296162557025,-245.554317322116020,-375.971724388963878,38.941081457100729,-339.050486121402116,278.509218462945171
145.468685602237741,219.463496788096791,-835.905255001981686,-36.424531864158517,-136.497453417532739,712.385995291435165,70.840067180493577,-257.421185163966527,-340.429123591720099,633.312411532661258,615.429717527882531,300.890435650031918,80.279012749832248,-860.346641193893447,-207.387499029815615,519.260119421831405,74.560715845580759,-100.685333231065002,-225.937197254347865,-624.259287747507528,-725.985808846342820,-462.246081813677904,-455.258401436669772,-367.446617222170687,735.161880334778743,252.958787512002402,393.629272459927336,-233.975524941040192,-373.278917461717526,-232.814828185280447,-774.793955354825925,-285.655558479763272,-538.885658275095579,-110.499196604497044,-23.816402307192192,-420.473773160186056,572.535866444014687,-14.123850324794986,572.515131190597799,28.947551585142040,233.236049206469175,263.643642130155570,-177.703046802492082,353.033331238892288,-483.596989680223089,-226.619363491363202,83.940710986558543,-160.293288444316090,-243.297221071600831,-152.670030709960912,-84.452114839969539,659.347406710997006,-264.283358948543139,211.560065284581327,-317.689616112015415,-207.246883989062724,-346.937235932164299,367.492664351980807,-585.861737775021425,-35.652054380382211,-49.744884929767736,44.991140971496748,600.226964312391260,-229.076305912732664,-236.272307499147843,-291.931427035300374,78.874795731356230,-463.344212800409309,225.238011372433505,-753.057879625118517,607.076811756104348,-270.371303096790484,-490.104685306537078,269.083558092246790,214.304349830013393,59.928502301808692,641.097042828617873,258.925031299285251,-538.485973645481181,-658.994952461154071,57.157958269756712,631.255264909968332,-207.328603802550248,-114.303699147079541,-330.683896415833715,-354.360844943743359,170.735765162682185,-235.289141018230140,-542.860259246040982,-121.913295623664723,-184.936124897572284,-385.992073750397878,-174.409287103558427,-227.690956063366627,-355.551061006054226,-203.231480633562029,145.961977853086950,207.061133890841006,142.278456872611969,173.817360794484614,-461.705663839322824,-709.077879371961444,255.298475212000028,8.375148273331412,-463.063750453004729,-93.516499462350950,121.519872935386218,-392.224029208450588,89.204492090122585,224.645734025611688,522.476674713499278,2.779853325770308,-117.154910207177096,-216.651716243656864,-13.582856940489229,227.037522578197951,-496.399441512750570,-278.641150837256532,-574.304574976778213,-414.569068922413180,-105.633566588699367,-47.236832697322143,-69.106485822945032,81.279957139095472,-104.331736862621568
-61.922631485572751,-414.401091561719113,280.118719030223758,-603.324021710290140,654.770310671959351,-141.151176572205998,112.432775558673754,-235.745989483727158,-616.120064186754917,290.637561703891834,165.889436082941955,143.127238081804137,805.001378554483495,-131.539605828828996,161.557610049724246,152.434731310096794,-26.066835208609163,520.430100847339645,-81.274655607618570,381.610958633918756,-17.775000067389485,42.932617490978714,290.038690616075257,51.989888190716883,-184.162150692347524,332.684691007112860,147.105054918421985,513.634618630145951,188.546127029960616,-11.788686289157848,-478.259675802956053,-123.809308654416725,-33.334057295454976,-126.705978991462516,-317.599138637236990,348.372505189222011,370.731637850742402,116.535086160781930,61.354750426664729,-441.294923578530017,-886.871635866933730,590.547246126798427,3.601295282175329,498.340601638835608,-143.459392083421960,227.288664078750315,268.183051696341010,413.162825905485761,-490.594976574079169,51.989248469845563,-154.994901459580888,338.403410548366935,407.714695535819487,-239.501687109271245,107.166895151890387,248.880363228325592,-209.285403700595054,-279.831462249324034,-255.222227409387131,-65.232222675518202,-174.256870965281678,-784.423959043868649,49.893229542965273,-520.338066931055437,274.308882708908016,-20.523264470431670,-395.796223598085248,-167.452287276326416,-124.925327632118325,236.391604441922652,18.574080065699057,-100.928574296700845,251.719103236407932,-96.506784907395144,31.810429183101277,487.196194489010963,384.586220263276914,120.280606701765947,314.485107024578099,563.071123853576296,1005.506134513865391,183.697515883657843,413.807621075198369,259.936996655809480,-284.086144293971586,293.719174995916205,-523.506302752304691,718.569464806235715,258.892032770426795,-446.979586197562526,-595.575930303009272,-10.500978768520589,-82.510006694258095,-115.601322478110774,319.728273827278770,-250.104923271736027,268.795083615809745,132.066945694959770,311.571269115530924,364.873958211526826,62.754729886953356,158.908453215142970,-826.695482724689782,-120.806619143103816,203.651761569743087,704.568458793557738,-479.455377432029479,-266.583948585586654,627.905664891383594,-557.082568827703426,365.236736418626037,-134.602097399805160,-43.771651931468000,-437.111097849919702,-198.179778817655631,50.982522902238017,454.655992174045650,362.783388749489632,-98.082360714389196,-64.992222121242435,422.833515142303384,390.113959621998106,56.440401334033496,52.094638307904148,-603.476810226337648
-634.855666511251229,-463.024685844774240,-778.577680055408791,109.853345754629245,617.240066436047414,392.873745457111113,150.993110735991905,373.936295741958475,-210.588216530548607,-179.315619076909400,265.365452189346286,600.854871531507229,-85.642540767219046,-204.829915322162350,-403.598945104223787,34.068074389656033,207.859575107208514,-327.331141181606540,-87.881578393285437,-232.052746778823973,-328.400482923172888,31.588084755603912,-405.342165098807641,198.605756038574611,-191.170171213009809,469.697780978235642,-211.011655340872323,-30.397784788471856,-246.934899077570748,196.139512259003055,522.902191237059242,9.181109806126933,-337.690753202005681,311.968244211101592,-297.943286883048017,-775.909561019347507,560.285033784494544,-13.399377219270132,-358.213239476099261,54.663731914665561,87.400774737913480,141.025566009107308,173.753180188431116,42.436110417536113,560.004360771413076,-377.263979253231639,332.535515596562618,148.855372888417207,-537.486710091840337,-297.108387941710077,713.405263333859466,126.387529868561401,-118.029286242268455,-5.950599527710340,394.773462692716009,154.529020903333503,-186.255695589357259,174.858848805853711,-307.342964310349203,315.733044213946812,504.351709548014469,-402.719590077607620,-120.701893481512059,324.679546145914742,508.926222262870624,1181.504142513419993,524.490242744020634,-584.128350579391622,55.145050417843940,-175.513497092879277,193.136031801789301,-277.007109344150081,8.480279841756841,-168.527146946984573,-508.124591334269837,-433.699426726010643,263.607602392126239,528.506626306561998,-109.559724649259707,154.673135761615612,-290.612992300144583,-846.139489319608629,-117.610044951018139,239.146680489833557,294.610105807532364,86.113149125806785,879.864184085057786,76.348331561458934,361.644790159689421,-484.337436214717229,-578.331703601412414,889.645899271425833,-773.886757689331830,642.166079918791411,211.165404151405369,170.260113228754449,-21.453258974206591,70.788354041529317,-428.161920327554867,-184.114055913431798,-238.531119028774697,-17.911645814514081,184.368722108306940,172.626733856333374,-473.340937829406016,-356.283729355249534,354.269313180521351,111.376698667080035,-460.572162745908997,668.034241403511260,-604.783675438191608,596.910834355349493,-620.561062998698048,-378.600608760278021,132.218359606359428,260.702108493655032,-472.342070956686598,-253.272809943316162,209.748173782496167,-73.032534234770566,390.610800098176981,-589.253168357285176,252.629835268306124,-294.381549602387338,-455.585054452826057
267.537816864027548,51.974613927685823,36.000291479810990,-608.647405062600228,667.502571363095399,79.246338248588529,101.460056903564904,-565.840373793482172,-158.048060433837918,313.960352730714874,53.872421275765731,395.866864581423897,143.021720184931098,110.705172791370401,-183.464446028119085,-197.093178744215322,-18.487883479273481,220.290813924566351,80.093075117420852,257.924922215223830,70.441505224706319,162.236520869188212,-47.730722975058569,-534.407946818119058,31.580313551177852,47.715860233810631,272.583161677121154,258.241584169366149,27.077907114052991,271.880881220700246,250.743687803052154,-146.110348039062103,44.079166152837544,49.151172098616939,-866.336578826633740,94.117882531663554,239.012775185834982,-97.467319960105769,255.456537467312614,258.237125876460027,-34.301942911640303,-269.154658688744234,158.990417650972660,546.082113827371586,238.348690382183975,-296.706875384720377,390.583243970330159,609.689946639250934,-163.766627868195030,-304.377242791092897,-206.529145837746427,141.352404666158066,-512.252758224288982,530.334721108970029,463.686656100369987,-32.108090632279293,126.822061708552894,169.502597529989799,-354.324741684127048,-196.558957914529117,311.215290314298727,314.547894136061473,262.255038058608307,-79.196368599630091,352.645784544721153,841.518084344342924,147.934710325408361,164.174651915008667,-550.576772555961725,-381.044008641290645,607.315084062659139,-581.348541711848725,350.285482656132217,545.935158849199411,-793.208949855100172,-371.955971087267585,-230.815806083983375,-12.124742347053505,727.093822799380064,366.716442018100508,279.133670279492662,-207.110921058678940,168.926777572014345,590.183819370345873,29.453236357663709,553.519433456039565,-119.410998135749054,149.049557624300547,150.609864985492720,121.911729507743644,-429.850657199126033,-68.497545643134018,254.346682405662790,22.074204301177829,759.603277225150350,404.217202930196947,269.049241779892554,-610.206040158327141,633.701022375569892,482.511407567010565,-106.483451627641941,45.404646696876611,-138.856235767031365,292.431333974100028,283.108882204405063,-366.353337546050170,199.702098241754101,-40.340577997531774,-61.723702161519796,-274.681768778110040,445.304848660509833,-57.899577649458614,-383.731433667222745,403.936304296341632,-435.987234750837956,-317.224008729004026,20.893581371712777,-87.647756969261195,145.361278624940070,-278.949634249576263,-322.984601185883321,-30.499663887887543,-415.472724167127353,-695.694446217967084,-142.971402063772672
345.050939541853609,5.990550244831265,-0.457427543056060,314.766340050053600,-252.815386828164094,261.344356850486349,-191.913853201392925,-384.543175687643782,277.729604433383258,-404.792291257557451,734.260180727510487,384.851064658260839,-479.984745255771088,-878.520028564844324,-417.482002149994969,-278.750909423422002,-434.814249574234168,214.999621895569533,-122.071954922364341,1.832638405129825,-633.136626531984234,550.173432510646421,-428.202297742453425,35.554563634480530,-852.527975730177218,513.055330720526399,-123.539337609756174,-234.477959505205462,591.263200308089495,-301.546052418234638,-65.590373266372467,-5.141455964395487,-563.478868271535589,98.723132732955122,190.696032536314760,173.795868087331769,217.152814875482846,267.873229180877388,834.518669406050321,-234.974052881228488,-200.172236363193974,-410.675041155076030,307.617605312079434,18.688070309848523,-152.949515218690635,-141.510191632684837,-368.287202547279264,-160.536972877487216,-283.634150224611574,185.332806353844205,-85.063971152935267,101.085562479891991,179.663056763419405,-147.650903928762688,-150.478772009951541,238.593925945879704,-25.406367917234064,-440.278728894568587,446.558128228597468,735.086851618980290,438.809744925776272,604.962977364259132,599.688279261321327,-529.016059736292846,-385.590088535458563,4.767685872340980,-72.594782555318986,392.399127456238432,-167.910328999278420,23.109511290005301,263.288733342984870,-706.035340031248097,-63.506315103412788,-269.785928666370069,492.968703016712311,296.559443348108630,-345.771168682450821,-396.576339754387618,267.246173201003728,-501.086270566065195,-43.335326920832358,164.962031706970805,-19.518282504248461,415.808839056693614,195.472011130352968,-112.713965971382549,50.375011790434712,-344.788256316609136,359.188620717243964,770.005249575091852,-798.080874883675961,672.546795651608818,-384.326237188825701,131.228217698810170,595.063288015409626,-127.127512876855235,-539.622531014825995,212.252925543827843,-140.527763051427257,321.061124201115263,-244.145597268413042,685.521666978872759,585.337470910324782,210.742990536595556,275.712329791078218,486.520032351433599,678.841921738224300,-464.384627131640343,-55.076755192658645,-269.847278729354741,-572.896971394801199,-244.441735015789106,-284.460772943890959,-40.411697721921023,151.022272151334278,-100.722667770424152,-161.885384791536694,107.795788187101991,-141.312732154718361,51.275945052271872,-120.651596638740173,-216.153401239505968,-111.700552545516672,-175.754001889099669,257.401662679186700
-66.369296179640386,-526.214336115330070,-125.908942886981521,157.746433489960765,312.559741354127425,37.804717849940801,120.287105232521483,-285.875435009986973,278.163822431271683,1042.404106685575471,110.393165353481393,1.535037670157333,789.117329175455666,5.858930516257161,95.603273745882817,-132.721835449683994,423.850046734976786,275.465473969298728,-208.720924492484755,-95.974340192193793,340.998122260463617,465.786060945607460,-576.869410102555889,108.975504386149510,-219.773015612763999,209.697066289641782,256.681610254407985,-46.601236332196549,-659.807587965779589,-500.862355638565191,-350.439951149652643,-277.442669529969578,-123.080671942999118,-135.049974574423260,-51.049323126905996,71.683476100948909,727.124320940865118,497.660500581992039,-318.403359781644724,182.718017806500285,-82.658027105634574,321.923684040639671,25.926653136120514,306.830861031590757,-492.764922530895035,489.965442665751823,62.367502192795762,159.343916973576654,-287.830453819231479,-1022.812441099389616,73.220492451499595,325.048833096821227,-72.911660631979601,-128.945055646156533,654.650031434592620,174.905431242070108,-270.970760621069758,474.907681303583104,423.440735605974908,264.884039195339824,-42.005234914724852,-68.120188309500634,502.318873415050120,300.462512523259818,683.871449414101448,250.360023883842359,104.132573237788080,317.299084799689354,-158.279590023593244,-382.685422745325070,243.319271901101246,-155.822890772369846,-380.032988862766558,-461.243675980384751,140.664852574585552,295.475396669066470,926.289619563691872,313.128321225652314,-68.096441854812113,-19.504985770182504,838.135937976826426,-790.273960712577491,-600.821954705876806,-713.883151493917239,272.980704601566117,-147.836503132030884,381.157897323792213,-300.302632480913644,111.591011100402781,-145.565507874343012,-124.110387539462138,-439.874858148115038,-38.803955859630904,511.684599783455951,278.139277164242571,-343.484640608053553,-104.458966015477259,-487.264871644022548,162.009904889298468,-76.609772913756927,43.105165788301377,-842.640356608062916,-187.464183313708133,-218.646738320170186,140.793901149455422,-132.306416723210447,-408.723751844358105,-268.962742999222030,1031.206576977337818,-12.194916308006077,224.194795416534646,-127.519674048712858,348.081979636220069,-932.295954314536175,94.084205185676609,-412.520752982555621,-65.588905501013627,61.710049134885317,375.902894924979933,206.858691961884915,318.042062957605310,342.416968431002147,202.738311690494754,-448.908678565024616,-561.432845982437584
-436.108852090495589,-24.108474141357885,-137.423470205543367,-79.455695109513798,-79.169027923134450,39.094769662048506,89.933904027491934,10.579375203229844,54.646442065399647,-135.054373680305474,519.829113871042409,-461.953074653128567,-59.409678820997499,-577.131464289318274,689.741126350013019,548.831948560391425,-12.095983526101392,-86.474902056607533,-628.209426679778289,179.093410884355904,507.264186119877991,925.785034057653320,424.826376581788054,-237.674674158260473,7.969057143902523,407.507217859431364,-229.393700420892173,-110.234064512531333,443.738415732900762,-13.928228117735456,-415.916086834703037,201.085192755710580,264.616289943469894,-63.852338017992579,411.794500641496654,414.480100964105532,24.638428737172539,-96.161306940008842,-282.446670423784553,-76.711626104364669,500.147427606292013,74.631922475646562,-518.262148660811931,159.399186907380397,81.764015406584278,-345.337920133876594,65.176586925279821,-254.035624277446459,204.238145096988916,-165.046963816457151,-270.448954668254942,-256.803203857754738,569.212126293336155,-82.217168889769312,194.102038603190920,172.180179195475858,-316.380945286175290,-380.467174914066902,347.260105647806427,107.063162259340899,-351.833954356786762,71.889706009419456,-180.614802553898585,80.858456628324547,90.173500081260173,-353.739725093987659,72.160973334964055,-360.882049072652137,583.239876620443511,59.444431272116034,151.152451466229536,-676.178678833939671,576.572190524806388,-129.897818358812088,155.488214809127953,-189.898577900202497,171.549662625136762,-4.641153594500628,-247.617254270129621,-516.722350765320925,-184.416920295799002,195.575413238139276,-38.033097349844731,-85.668774175485822,749.512690336716673,-227.142306790707295,-49.650671307138261,194.326720917175663,127.772229074073181,-328.305278902746181,-172.421059569068689,79.823724471264086,184.618457565273388,-312.404149198416292,-681.383779909156260,-326.549939712803734,-587.039384237181594,-123.774055288343348,-186.106306252363936,403.355358558730927,259.102221265162996,517.909299538318351,607.073660434303520,-87.906265965641637,798.006093835873457,-163.636940055497178,179.621677644051516,-421.419456707675351,-160.041825761802841,385.880084790332774,-49.222062356953018,103.271687764804938,387.032511548248863,331.181080922009585,178.677299860364428,24.026061002104530,562.412980640544447,-209.373067108131664,-36.881300726530569,-115.614201008679032,195.639142234905648,223.070855217325914,-468.512588665838450,-142.421341503485962,-250.597573008415281
-75.978618986943530,-845.229756902537360,-571.392582278183795,612.881855672345409,0.724662310824900,-125.321467126730198,-451.068724192695527,1254.932958146671353,-369.404386383050621,376.473056597753953,-267.139372273536253,-5.939595426029531,-599.201293955832284,-773.656250188414219,22.986479291596442,-7.738110565470883,256.992616070729298,377.889899333910705,10.452050053290456,16.175626821662437,-29.160376017755297,120.382356647002609,-189.777173568298252,161.198570250732644,-117.282157405317193,325.568662770626133,86.496218913500570,216.267873182576807,-28.951614757193639,-119.082033558249563,-142.251669369025279,160.693404739524567,-552.141559059984161,-923.929873537602816,-150.852898915995922,986.395590014652953,66.256229430814457,209.466729315653993,254.894479996723874,-346.572608995819564,-443.960201151289539,482.236675593742007,-665.947442271734644,243.957694519982937,-924.240575533383549,427.230295901300451,35.065983595673366,-400.026296313301600,-223.527400095529060,362.196836203271516,-160.151672182571303,33.906954848704025,972.407879675775689,-399.511563655289365,610.531005016624817,1040.524430758943936,-496.051258370920948,-197.583535299764662,122.652197554641702,-521.235906228472913,-779.284292219823783,132.684283101939769,440.332156944413384,126.617169189126614,755.871399733691419,-16.810703721400735,332.044189481334001,423.552951020609044,272.280704876005302,600.243418511713230,-152.027802358655720,-5.908573269663734,-151.998105374875223,-175.986375399765620,650.091221715490860,415.049121159912431,-239.682291745420656,44.596061046634560,361.551801747853119,174.505308004401229,643.667367015611148,-45.859990827511631,194.427835147581618,-59.029302275648924,259.435387537422969,63.280353355931418,-70.509620618901664,-104.177764325882123,-303.985561107297258,-301.109923764632981,-643.054032489318843,316.944432232047745,-452.955558672030179,-213.568155804667072,-380.690378289623254,-345.058663047939774,-596.010348667459652,126.265245089492382,32.990095083290448,-324.462259653813248,144.904781344143913,1012.785389027778137,-561.275958159319543,445.267423004126556,457.314033981439650,209.739673488498084,-393.148793383167799,-408.316653078074978,-388.321250158910743,115.637201858950959,-281.291299837502095,-253.146586708227261,504.626097323662179,97.106538992221687,156.751191529399108,-838.282970300886859,-132.193828068446209,-515.405509575340147,402.889291432367372,-610.692258279818816,244.268416123610137,8.665927441406932,-351.525360435388166,111.685506058401643,-42.652673879957639
-633.058960095388329,270.519823922363003,505.046130199366985,-150.717805133646038,302.944536335698103,302.206356740558988,-457.178273216813295,247.690693750344764,188.819419299099366,468.515401660549173,15.175622610767935,-162.966133921670178,-567.711571476597783,288.454436312586836,-743.366647848294292,332.706802567765408,335.022410660190928,587.028385215775643,30.877275465212254,-387.723944979287978,308.663824482415578,464.095693941408967,462.565157483444636,88.528714310280122,-200.323027675078720,252.141406756502903,156.483409086988019,-235.612337515830092,444.695337118474811,155.605947361450887,-27.408731867102638,-527.125856806847992,-41.019719434130394,-471.991666535301079,-351.760945138033378,165.924025074637882,-11.928933544087645,-712.305736139656688,-30.698702489917427,-765.251192477336531,-7.109084310737035,-372.317172645761673,76.984008493315415,342.532876347453850,517.827201064979818,-45.608687334988765,514.373970935981106,234.981354984783877,-99.044479528745498,118.009501694205554,796.253953736608992,93.691163381640791,-27.829644597494109,133.562019949186833,-238.092352137149078,826.383879919433184,-284.026963461020102,-129.629556130443660,646.451937220272384,157.262963591525960,-343.383508440299806,577.910574715179337,-215.224985868516086,-200.077494778949699,451.778886525575331,456.994598918590270,-93.855084017598742,-290.295475696647998,381.520366786625118,818.039753954431717,-622.536589731535400,424.879237839083430,-47.430380805344967,-340.834573818654860,356.533430572681652,721.590343741585002,-822.646593402199869,-71.315028584922686,-181.815030133267015,-354.117294824305986,-334.410443852317599,52.503945986189201,-644.464407901180266,-309.590623804841243,321.420097164553738,245.836359423088624,-227.823536215573768,172.228253895065279,-291.248603641706211,-754.102398986968524,-468.115779516349392,564.668844191331800,-461.582140239207320,571.932365380932538,-63.452066135595771,-286.811435256033860,371.599190977922547,-539.109101058630017,599.709470432345256,369.779220264170362,135.523911072085070,185.492509479000574,469.846751440359128,427.788263109917352,244.537408078725122,919.701745618465679,658.621539331071290,-585.558446703155937,139.057734367269489,-702.222134952122474,-466.876682566426723,-22.976803092797432,-35.883381140254954,-940.531701439067433,-119.984230895335486,-147.152190290800803,-257.150383257229350,143.952820588623723,480.520375939436803,15.176297363699945,-56.419091047545166,-460.936506571740438,-60.665472196207205,-466.020313092647655,204.120834261467280
231.067216986237781,560.237933667324114,-224.254991844328345,37.279998484825875,-74.845437704968987,315.507499070290237,487.130320491047542,-188.900485477799776,146.932491161868768,592.195689552813860,-129.175340110817245,787.793934192309734,-464.113833004522803,19.998938663590035,344.535145716481281,330.991920357456763,393.241284999458173,-90.122502898442221,-552.441741456349291,155.992593698350163,415.220000236781289,616.957041075128245,17.346150922592479,121.651742141621199,1131.382894161737795,342.424016413679283,-64.206416248510536,-263.622940701369487,409.044155116700779,-93.836219141569927,301.279414822652996,332.706425547363324,-365.719701475362569,-105.953842618891258,563.073588696264551,-190.647923331825979,-652.801215372243860,568.774416083815254,280.522656765361830,-23.840140704278305,-227.151798525312870,129.245856077276130,-253.158757225881885,628.244502758336466,352.768602729605732,17.478956966977073,-127.808764276902451,-48.064244165365828,-198.937477087530766,176.618152019030845,-571.654309155773717,58.542601017269448,548.349158840090240,-294.852970662776045,223.254007456808296,-52.622050143921101,29.367561406265573,205.286179261392988,-349.394906369840328,-82.163791456697012,-103.343787832970364,-171.174142492497026,694.496127089765196,21.947650301744204,42.405698636221544,-285.418105510171756,-61.091090834140495,548.564802184714154,-94.816816603439179,-47.931322906922105,452.469755790156341,152.461645398314062,372.068233641912627,-680.669297970273760,-387.080112452996104,178.227442760844497,223.272353310197843,-23.469730480856576,-127.182537888769716,402.383504869243438,-804.307747042669803,-289.439463102963600,411.031320950214592,67.075262186592894,-100.070479571243595,159.602510415902628,624.308489331051646,-107.433288952793148,-75.907265214342289,237.691053318521881,-366.424971909146166,239.229630942911399,359.306354682101414,-429.256273230990473,664.107795894755554,-628.677419242109863,-969.071010457666375,634.099897304639057,117.027056027652975,154.699600164017909,-310.102634858768852,777.191490420858713,-264.763215284988860,6.999348712759140,542.127885312109242,254.692263426651806,-558.944992692775486,222.227499829424346,-157.348845780000886,372.948222139391078,-109.799563017958207,232.798900852745589,388.259243694053282,18.796295811273140,-96.879665601120024,-372.257607012975711,-117.504695640594335,315.703693331317425,78.158968691304125,234.240772975706591,-287.123992223171001,272.509689756744308,-302.809204318287357,502.870956196689463,-503.953986191908712
-182.521446220293797,-122.501250428292991,-86.468302133596112,49.239934242312231,-85.928862001546193,72.836387040930276,-122.695348652535813,-124.307635673751520,-85.166095912220214,669.214199917500196,124.327339305648195,-533.260218426016991,-32.441543113170383,-10.213567465889261,269.133925370274426,544.531594854296259,421.453185314107259,-215.924602190447928,169.584729067284172,93.718578096211019,497.471952681897051,-751.915290319203677,-34.722526769837700,276.324164929121025,-75.937215391652217,-10.236342546666489,-56.943315762444421,281.093854554491656,981.134022238330431,-261.588232627177206,-61.836127548071929,5.310020502599087,-180.567205530048199,-101.554970086401028,-233.791496579622162,-44.777931113355379,75.654505047962061,70.920663656191806,678.585901878797131,-193.962538565743472,-401.864041888855809,293.112617782492407,-349.614922908360768,198.616456835785129,326.375120820032521,219.519251738880911,61.977886920636081,244.007218798777870,-163.675306467849509,-27.823621460214383,-131.381782317517775,-216.352384390661882,123.916106655817060,302.847981361836617,382.948347756405497,991.531996821996927,206.420183806179153,33.445488105354336,200.127729013960447,136.722469149462967,-538.242463238930327,144.303050000286902,-181.576907328291298,-695.753233676398054,-562.216487016783844,-791.050169440620039,65.378458979782039,-114.749547221239439,165.838399007785057,234.589319724202824,-69.015091815517891,298.533117499351306,-229.619568652679220,716.444221536372197,-526.722844272237467,-1.902739199705447,-130.866298997059062,304.027205977589574,6.035063047322277,69.974059512201492,977.268885734055743,-945.973146182278242,139.500814203796864,98.524564581969074,106.988654552832685,309.950678784565184,-739.864320799438474,205.593890913512979,170.426802670720122,-272.484965379856078,269.049292727964030,367.597617908324594,410.240448146955032,-333.479024411629894,77.364286818465573,270.109996866741255,326.028556619376559,-455.470595394743953,-593.707204115804302,-476.618990250997058,-734.650299628203356,96.527272754698117,-115.785739768483168,400.444737944658186,-201.086346721465105,-624.273301438819885,123.887668578507686,-248.829603171089616,1.833162781403692,-220.476978646093755,21.172878228354516,-143.009718796772773,907.576003862094922,661.355985996990057,218.235829629906931,-18.841718554025874,-254.080005547107561,6.950665801165989,-150.346119409040909,-43.521797516116386,315.815147206929112,-0.026495039320736,248.948560473637883,-3.109831739059992,-286.441933275209976
364.559629851374609,-277.864962517518961,-352.615424706164390,-409.966432780566663,276.939610343221261,70.958606513571880,49.797095164563082,-541.665607856532461,-86.941729007870038,41.232804294581101,137.358647674786312,713.974350801565947,82.004031060305024,530.044403659158888,-258.430728993979187,-318.751318860567153,-215.593498484468228,-43.178376033724128,549.197458754762920,49.825824952212422,-148.651586160204886,166.131238244937776,-811.022052227537984,61.244891125053755,-448.487300235809016,306.284668578752644,-716.085310226580418,46.954365535364829,385.195742356098947,-417.531400230246959,-21.021029723881441,439.711831307732666,-83.125131937196869,-25.552523278099624,-615.307090901466267,206.283195221439456,51.718609511538901,145.644664934201671,25.058496354292977,-258.139007489413302,-230.695224279664188,-85.967321688917352,-82.044554517703773,208.432132545236868,-297.875417779204270,-131.092162094098370,-700.447157470842512,559.095876616426040,-455.504392002198131,284.317669543906447,-253.349944605588519,-287.431326022121425,145.650067209500833,-190.490058032596920,-155.060467048909288,594.152994060331366,418.369403934645618,-264.860416792684475,-46.218809467581053,-451.520374938685677,-716.492437171075494,-357.306090422414172,259.462429689388614,-484.043796484227755,-190.877115313658919,832.223450090624510,542.396337908925148,-66.864313739811763,44.520277034835502,-399.392893261403572,-93.080682162487676,-219.788817832144844,12.228986281222021,-500.063283389466449,-406.635644413513262,-105.291360699071390,-171.692886401947078,-341.639443985299522,-287.162718557289679,-299.289545985462667,120.012286722541347,110.372028004465207,123.043912759517198,19.017301789052286,86.963581522468274,-1.050464472453287,-100.064905718028115,193.466594543485655,-194.210462809590638,109.649753497469675,-342.101744556177266,424.527033782403976,-598.967035064886886,715.983534088267561,244.715730355739964,-519.606048015304850,-896.832084674773228,3.891042080032506,-23.852876529658822,623.467176677033763,-257.137673838196690,543.180008825640584,-33.668576126366851,344.696783704376230,-143.238752318991374,325.169466700254873,28.555996195757949,-305.192456918327935,-109.289942570663072,-171.308664314751127,-216.594149113045006,-16.432546124530688,-295.355033329537207,-152.754581426430292,-119.654196320976894,-82.527426854159046,-500.205698788265806,116.753841530474631,-441.389597842007447,198.379778586785164,-273.472267300736974,-239.355854810344198,265.988236866963518,-9.797843095753933,462.815728226930730
58.629701558840857,-504.665558875170120,587.862655241257812,-8.633444061501693,288.774005408186667,1.740659728144573,22.747810681157169,-876.713536815029329,40.218419116764281,0.733523951225730,53.587761108650980,-392.920609229102752,104.504459592748375,256.066447905599262,79.037093030699737,-137.438283458906596,-210.198272668909340,-408.427748023561549,-314.914291629794434,-275.163974574523195,-13.263165672159378,-304.172605233411673,220.263863121083688,-111.302090083838237,101.193447545656696,-230.774541154608983,269.879668357268599,-88.497626819829875,312.979546564479392,-248.266571382225351,-24.225923528770828,-425.695853438728932,-221.296991329414027,-161.141169066373124,161.829930975419131,152.307703780764172,494.564192383497243,407.601956562924045,225.646502176375549,516.656616583917867,-648.330351405600595,-198.025965659852687,143.694395553413983,322.271791521375349,76.616681383068013,339.303328809577920,458.282434465977076,-388.213541043876091,257.333389029014768,-612.571262003090396,103.959954706003757,-197.163979207029541,97.178057192574798,231.395230354035874,553.433224949348755,-183.135304338251331,-588.209168384539339,605.091617662019189,-27.575384290300889,-275.423592954856531,-325.127298026120002,57.169308395788555,335.616817658620676,-215.224247427693598,205.308928945643999,-78.425778890363162,-59.953941671115686,-6.931045681296338,-349.245894259723457,-632.144345599053850,-136.634003296710006,134.088885665668869,868.168180324545688,-102.209376592790434,-477.530830723739200,-107.610392753226463,268.376917033653967,-1.448225907686049,267.611281536129979,57.656947247601920,-292.229070339881105,34.050975066479211,256.125970302924884,-372.492153933293423,-93.092382726093419,915.448873901237107,-86.547153801527060,-63.575585698738045,77.412938168656737,447.696728828558946,-456.995292615211383,-762.281926595008713,-317.656596151152655,330.034576863146924,-70.342205674984015,362.897013724850467,158.667542431248080,-205.983105467891392,-251.540373019914313,392.878866581654336,-139.302605757149280,-826.407759988900011,-212.044138223580745,248.495855490551378,19.715935203531675,-18.674986551278081,-265.560286450780438,60.353286308646481,145.831115473843170,-34.462102649739258,-260.739500084051770,496.041273942393673,39.421791474056015,27.653997170998672,-794.582366753084898,-292.829944977492801,-102.281589124948027,-311.675640282378197,-451.789809902368290,-313.306849762190097,20.381254957944279,-261.902760528565636,-526.263807344547558,-178.494553500555611,-828.654121657168389
-135.351624192946502,-377.214974991481142,-438.141038908066719,431.226099618086778,-50.796010277320732,-214.738704357692257,311.839919117355748,-729.617531959845678,224.063213077965457,595.221154622718473,126.942496162669755,-222.670517230006993,890.969100836486746,-9.547337950868609,381.209613226941485,-282.725555460740225,-172.217290364067765,-251.883924540749945,-101.573004588971642,-189.616928929216101,167.992744707971326,-77.434864343122626,81.267764241998549,153.069217436802944,-371.335142574993540,-619.518231609137729,120.577111789787480,16.863155050296665,-177.062730933636118,517.156700287987292,-376.814844079134843,-238.984178528736095,-272.960813536957119,-583.813601560829625,142.316903677054484,186.187075528831429,-348.220494151546802,383.275713092832120,-69.612318287730588,-51.890035465591765,56.200947385661422,-203.615186805445660,-311.599211623390204,-365.124747234930226,741.235562723515955,175.311958339289873,51.120417620159145,-283.738957709788792,-425.815166893038111,-109.208406476176094,50.591268174479751,133.848628525162098,467.203855549680327,-360.072981509935460,195.709704220148666,72.598690257013871,261.421322530921032,136.685081965529832,431.557897798914951,72.787191732406797,-66.958836298299062,550.928207382852634,220.160001489571698,-216.810534262970094,-542.548804336241346,-34.301123230704562,-173.983994422649346,-19.886044490803201,682.001345529106288,-343.490076904652142,372.415580974888883,340.494015962905110,-1.189768585722630,-703.136401014228909,327.063947522656690,220.639744697279042,-279.551028125532127,41.507116591278027,-164.775307591187328,100.181118635064266,60.331271836425671,189.714726498806954,-557.483742454751223,70.908277714461505,-225.456528315613298,368.165498576983566,301.245151751703190,600.738965322250010,251.687667053135101,388.516602917992600,685.926021035264512,-318.086179940974432,809.072606163471960,794.075169279503484,420.485273245110989,-462.053634698517044,-77.179288737497686,-41.982874791741402,-310.854921302986156,-319.205008035207925,192.584548916774821,-470.143675443184350,20.253892233777336,100.115806467065340,-74.684022861194535,-213.327578227870077,73.786219548020625,264.971616761561620,158.809186277572650,-269.180681669445107,-102.613252381463880,624.036253619736272,-22.715140964701927,-334.239467982477379,345.506214133008939,488.612720999463590,-271.099648704929962,-256.692622732195218,126.046779142560212,289.513836575077448,1025.723336731782865,-736.999261624627366,512.715290462866619,398.473052098594280,-287.125635811070595
69.329123573522097,-145.712483356608914,511.431415705576569,113.722362510266976,356.155862735005883,-77.739204183540039,-2.419319863556972,87.880258655259098,169.657673351137277,208.497029727739658,-397.754152274111902,-194.844309185740883,-727.740589688615955,919.108290685013571,101.428092947912305,-231.445068840601323,-353.049047972853373,391.936923597541295,-447.133216482293676,294.520561902092254,488.205822458940474,123.381956735743699,263.573215790792915,-896.753979327708294,-106.835945469480635,-414.781990396616038,-11.065451763408063,12.472340140932996,-144.648808531911044,171.680569909905557,-269.340288175139108,182.729382775090016,89.253154460262749,-551.236630733882521,-308.371544080135436,941.592625900387475,-449.737048460384244,137.082159787666853,415.078403815662909,-257.743844750920971,155.428131182937193,-89.867261909416953,-175.852807826135148,-545.529814015767670,-141.076300292843456,-122.266906599040539,583.452410527241909,1.004190454103110,-29.717098909891973,539.347728274147244,96.931466210023672,-536.140867941901206,526.663475367879300,-670.467245327629485,-179.490380848971313,530.516713107823875,606.893528540054717,422.245169370869007,307.379064829633478,-401.089860696702885,-827.756318769012751,-231.147757625316160,-262.114508908912683,-114.815737850081348,-97.474382883411153,26.601694478760692,380.135401530971194,665.652484443213439,93.921974625652354,30.301205389097134,-325.967856765470970,263.415667818008728,-126.397185576257101,-610.274895546965809,-683.203054620640160,136.259055083693681,-502.858514390406242,478.892040905411250,353.926590332313481,-59.046800371173937,-178.052003317743640,129.201371196915801,405.709933463564084,-71.743302326589955,193.151957362622028,-779.632305517136729,176.308403475518134,445.380363974878378,58.269681422597472,-245.104042445922602,250.693724493765899,-710.718344592954963,378.468045582948832,316.690755665287952,451.424121740328758,-110.960260475599227,-238.359246500053018,-409.065219049794507,-248.301578666392572,-223.835391614753689,-40.887617097048974,3.857214980365860,214.554864603806834,-245.834039380822020,-18.203731602026423,-507.128875691956353,8.470307014918312,-57.198179956318000,452.593139404610213,-258.709346669792637,343.630531040887433,-20.423708157193019,-190.624627811557843,-216.975368590596048,354.667188979585831,-126.754438070323928,-318.047470953164861,-84.693006659331942,385.786740997995423,-354.737823393663007,-393.138597611841021,27.090620236997520,-550.519461132247784,-156.496226604407497,87.309798508350823
-67.779248351930065,-189.689482783619184,-427.541382560599516,408.497280987692250,188.731515098679608,682.176268261357791,40.213440968786152,-251.535249533674090,-667.006252559457153,-112.039093753536591,-39.170360977061378,-201.584846493385072,248.180114576828146,-744.738271242535802,-443.258553501714061,-413.686926039425032,138.647246373768468,-202.740279432233848,8.280611761550116,64.102269085704734,-449.685392013900071,195.771144112682748,207.763800996955496,-71.565440479891194,186.142219694212912,-405.542673854046143,-781.005207192626017,-455.718616035479556,604.532327769874996,-351.692103903509576,342.618941070370170,278.603785932428821,-209.177558714551935,-0.162178489209734,34.663861501277125,-515.400305702327387,-62.492026059306198,-46.076847057494717,475.838039308142470,98.761197229362097,-58.112139078532365,-565.589421739346449,422.683246991294538,112.681057513859571,-264.295530199640496,443.710236261988314,113.687026233277848,242.496661919224380,102.728899735961448,509.854460861378186,-239.703620334170068,53.633150083109676,149.210998359905915,-906.706067123762409,-133.256621401227875,-452.702488461690564,-236.252992578150980,70.395911385124506,562.445465461515369,121.958612316709008,-332.985953769996172,286.468710643503641,323.786037226345911,-320.532683303495503,-328.673730690313050,240.033667058909856,-299.167459897067772,-58.797231232146032,416.232067388634334,-38.517035292659742,386.798734232152128,-999.277181401301164,862.836699979857144,-44.108497497262810,421.053486585561075,27.413725097702951,56.165676665521083,283.103142396588339,389.646525621704825,610.999177151462050,780.778038364282224,-145.522186234119147,151.660919995619906,127.204796836985963,497.630500131234555,682.017499450661944,185.650785499676942,-78.137280355007562,25.024306767992602,170.374733578540457,-128.440310152336906,457.709914744953039,-482.955399330155728,682.641979281277145,-71.281180325567988,-206.915247041827399,-263.832857414116972,102.515006808864072,-113.224865474473617,-393.323033220344769,-9.370660344680719,293.634167069829743,35.000753581833756,-72.145249227742426,-238.727124246568138,-58.735044114334144,-45.300866159255335,-128.209021874510768,-118.403236539427240,-206.288448052404988,-249.442282987108285,580.558675900159187,114.471810720558992,294.638594317242337,143.371059778142950,86.267235099161780,-577.613225086256307,-70.858935772080557,-126.256631316733305,-345.884440922730391,267.014068328184123,203.115900359950160,-199.472312468370689,706.617950520463069,-765.114538703881522
47.411161719992755,156.300968904113375,318.851598955046370,-335.980003486627936,190.157082989602372,372.293825927292346,-345.090055339374715,7.738845217030551,-132.439961595130001,472.136566003774988,-41.849028921859599,249.232892679683061,-106.962652014497067,1022.825555353000254,-14.929466964001797,-548.415270037217397,14.883645658147870,550.600686326472555,-132.193384248676523,203.248401387866039,221.607978073463670,-48.594623970894595,-647.714863253802832,-72.089099945472981,-112.523431569236323,-305.055893044281333,-66.256915124640315,-236.914329448350685,387.532039163379295,-33.522971995716745,-98.578751914134614,706.224114989088207,-378.038671225921803,203.924317232388660,-970.635190457591989,-381.284786613493850,30.782238933343319,-328.466198884490723,-328.713977299123030,-533.252377964305083,-220.814298723116821,-409.551419389954219,149.011639748902383,-54.403420654141598,-170.800324794887331,167.649500632231621,592.718282098863256,-242.492647821112598,-67.100597461903561,-62.182432973978337,76.860185775729050,-452.875159174979217,579.680154505914857,-223.498045876290291,0.104658517260617,670.597420479112202,64.287512416948644,-192.038120167240265,521.380019156611297,-325.735615159074428,221.748689174562116,-334.880710119746198,419.393595690264874,2.790789692981786,33.501463866048539,366.819987870032037,267.297744191687912,303.934880610719404,400.748149633876722,-206.592778968649867,-323.703965136919805,-219.048867321204881,-454.138856849572107,329.229633258538229,55.867010950185417,438.602652253918677,488.694800535628190,-436.616696565213942,-215.261274532145762,459.233047112423094,489.088738255493865,63.347947537514116,495.848667913469399,17.881922659967479,-381.699358735201201,84.243221693435260,-0.145518022092602,-174.072509602969063,796.699549603057790,609.427904727497889,-503.577410356086318,404.226345110828106,358.865720002048590,19.786993985906619,-162.989898613942529,-96.138524773034561,124.909300462759802,208.783241983603773,-661.458079698025813,756.196200723262336,-690.638888432063823,149.357309393249523,-876.280617229673908,-379.892537337473186,398.291043511006137,79.417255422890804,-348.845609100286822,59.903753440124063,332.749430852493731,-611.445706672032429,247.997314850854082,-877.244901490096595,-173.633221671105758,164.217855671943312,256.603696696316433,552.273387866052303,466.001670340895487,267.259635475799996,165.911925830213079,-443.094435454317988,-513.604461279626662,-294.178740059916151,652.964844237723810,342.090419261233592,838.186347410544727
-95.883472780825343,23.315047172235879,73.762799595394114,259.053660176997994,-819.818878228368135,-515.042071440790437,-103.910315833562933,863.990042104824397,111.106852866216357,65.926135698760390,-362.829311391631620,116.265154838277681,-228.249469209404936,-213.675215615642117,228.037055369797883,161.416365424946179,-466.944205072009765,-381.994031962653196,411.589494338187876,81.012694965842655,-381.320373162258647,274.166564006034719,937.237024699270478,25.513260034624871,-81.909859191164600,307.463086234187415,381.690813032513120,502.395530631313989,183.040268960627742,441.833385048771049,-19.915707719883692,-263.268243215460586,-310.676115199096216,-160.032580312357283,-121.576527471379535,334.551939224091427,373.664402085921836,328.496441906486723,432.090177588940435,77.079729704405565,-361.989962652672943,-885.400779219256947,99.926196382162999,-99.187205947589177,351.718865765986948,486.644488226923045,-54.580811694552750,-172.222745293330320,37.848145972459676,43.583195433153449,577.714631836453918,263.985621686584295,-405.486047369093797,63.123105650326963,59.836197694642749,216.360092535088683,388.587838996759274,-702.532015202748539,-328.550797459656962,687.266180441840220,-561.622821248176592,604.657444460544184,-468.848370068675536,-813.646469475121307,-327.194573234009283,38.022329264177394,-340.414529101264861,-439.643027663375221,999.823203292429298,231.407331020532808,-117.853570169281156,585.956491750049622,408.880998881763333,25.111624318684626,-94.171271636273758,-108.028787906778206,-743.333857613569876,-377.456124625566872,-33.117430836840221,-388.893192736441335,44.853901763839851,-410.975472528093064,326.376623872559094,203.572459681281430,111.861746045627712,-45.320199862323086,16.125773811999032,139.805146545294974,426.377987072080657,-70.028348410554884,-334.846983815691431,540.566705616041645,387.298860662504978,-391.897893829825477,95.634543429318128,287.087953325359820,14.336883062931761,-146.173502786230415,173.532206904031341,-166.598823604781614,-440.012178505572763,675.091709072509843,548.477403884538717,542.818554480735770,258.255450268366133,150.011913280065272,-230.733743575954577,191.845411354368196,-151.178319964340801,-399.499800820329710,315.559783658242395,-77.127541623255894,331.457710241131224,50.928121474362449,192.284561650143587,122.481765775328910,145.784784241823445,-720.535258282910718,77.496322827078814,-805.367986481142680,266.679245097303010,-760.078335328301705,-846.719143131659393,462.929829799581967,145.158175905530470
262.177132321211161,2.014159195955922,-245.149178319954132,-147.905317778173782,444.322221413745297,750.406997965561800,-116.359052430565441,-14.834143902826055,-192.483217508855972,22.354996516545150,-344.204749721415510,57.548391447296481,9.402829600445962,-4.874126175793736,588.299291832455310,-25.759929716219695,215.692963129839058,345.625408334180804,369.805079079071106,-287.870484869631241,144.499793773405173,108.174375405940083,-497.310088751135027,148.039613049388066,3.589962570435154,87.772534958662234,241.334863285861644,-429.338454312950148,-119.551061532392595,173.946286756452679,-183.594906033073897,-317.923420079153971,-310.555717383344415,348.761006128691292,-28.234852224646488,-671.979534524140945,705.284656972288644,54.131091817429002,78.642849659976292,579.796572999696309,176.494672619572611,98.112643646635135,-123.335605955814984,351.854487813141645,-26.910394455745251,-162.621352089322613,-158.778914630477828,-139.780834284448900,223.485081569403860,-530.700539184069385,112.046731010111827,85.480676865513018,72.438112016422110,478.842439259158255,-448.215819707123273,-81.393366156388893,240.414113225017815,304.291101041136130,-290.808462795118771,313.988877268558610,779.377667199494226,-258.445905306168072,478.318334802872641,-481.495627986346790,-796.462675642425097,-95.058777978118272,-425.917510895410203,687.491530271659258,-383.169748753947488,-80.419426770241159,201.468750830701339,-353.534087723549305,240.573695273585372,-52.788900169408151,442.966887980481545,-48.927408337297507,-311.335998773338929,-341.664924851543958,-5.914136754634774,-372.985663325727671,-534.197667990867899,591.279103699831694,3.258643563455340,326.403383000272015,-516.678480698424096,227.523181196149466,-83.867505845074845,5.845438513844126,-345.399049677978780,174.183856222023906,-48.448574376792642,-225.527307113802948,-763.354247419958483,0.350362596038937,478.907329507278121,110.186374212112000,404.981049061947829,381.141779452087349,-168.256944429487106,383.176267839596619,166.159024714052123,-269.884649900213446,55.566486644538607,-534.656842667894921,240.347009261051284,657.838525566776752,419.184604985275314,413.257858682652170,250.540966214694038,240.571550819394133,253.656558261230572,-277.835634608950897,-111.062373478218518,-68.086317683189208,-226.117084021401013,273.197969362582455,-13.550633573401424,444.369176475449024,-64.411764545006122,720.244905631795632,519.419229333609564,53.921831903536557,287.261215742131242,-382.080160426485122,322.233076053047796
-256.965040168779865,225.773597733725467,32.627795072441472,-135.904437831292057,328.364969082136213,747.382146853720542,49.138536366855028,17.817659861267632,-342.316338270069082,-27.741834367902079,593.829710377559991,196.554267329263212,-275.970213444163903,30.560728770927689,123.817769753959752,-362.923433819224329,169.218708289663397,-123.011583231711356,-64.025888021024599,-10.724059865552041,-2.717892333942299,-272.721890218352712,117.392155961097203,-471.503499089890170,-10.058749958963780,-3.419480424259241,219.385428931661153,-109.659683305484407,-462.219599181882586,363.083781107862308,233.951019090990258,211.874013623826471,-597.083716370776301,-244.785220552339695,-224.478904627975282,311.900551909579008,-516.715657764505750,-376.297915032012895,55.066233482061016,-201.334608577766119,603.561749962703630,222.382197933336414,-129.855597008284121,89.489444785430777,272.031220050100103,372.648351375684797,45.705894692191407,-554.880599942836511,-108.882933511411807,-15.037083335803082,343.629886386747557,-39.012466468863749,300.705032484328910,767.530903875953413,622.400229097376723,-0.963743061934952,-15.848698776247465,212.003779559363494,192.781253741051671,-141.291930245321765,-436.142616125764675,-116.991083266783875,246.984952469867665,-20.942180674870801,440.146742003276813,812.577686902065352,-12.038395703662289,43.510567385031131,372.230877933764305,-15.382388812247587,-689.943398096942929,561.603371168871604,-237.251527263840416,585.037156810213105,377.078358772896536,470.256570309211213,660.699031364438042,199.137002132803957,-48.471197628626250,-368.686025458010704,225.087510376688584,-743.867432215141093,-226.232734693179623,-54.460892797463714,171.475367622308625,-1210.796759302345890,164.909751235782920,-157.731447820314088,-165.823405973283030,170.742432034612449,624.784349126257439,-218.612035499032032,-370.077124786364152,338.746801661344591,417.792682149331597,263.656585610639809,-407.561449946551022,342.060610941408640,224.712292822425866,-661.329303202450660,257.806690386346247,-116.444298830164527,528.448143252384853,-259.212957638104569,-275.882064059328229,-287.118058926695880,472.499717972494807,2.360339919781364,-74.033844732142228,391.607930428798113,656.682032136805788,-158.673935844749252,-940.460052076192824,515.999650254150652,47.381335019595625,-218.370485745109733,531.008717577863536,-706.291109769147965,0.703465827016836,-246.542143082923360,187.734235416739040,-311.420486106894998,-18.106230424308883,-611.925461683354115,268.174128223913158
-21.227941613639743,581.968680796834633,198.249364555747349,18.791921972158121,150.181074962225068,-690.835043271545146,-16.896325752971741,-9.442269173841886,140.718173816508454,340.934297140467550,-652.632720620225882,-596.808762625755207,-52.148430037375320,-354.801154715241637,65.406039151630324,-602.637532689897057,-133.584908582155037,147.949349248066625,-232.290425751751627,81.671155801274651,157.721634274524831,761.722615331859174,484.311989781477394,-261.625216971214968,220.853337473005610,-16.383860922421924,-122.684328540055887,-43.029980986595980,-471.332088134434002,895.801757416247028,91.580949261063964,-412.309984931248607,-146.740939236346804,172.911527568136535,532.378849293481721,-328.316656707930406,-348.798721927093027,-132.816075420719869,185.697560903922721,-142.825056449988523,262.230941516148789,-300.338678687579431,-16.492188925739107,-151.589395314268188,172.264738905014610,-287.792956941519265,621.591239810538582,-244.459570687554930,-379.257814110536003,692.687959961543925,-374.682094627650145,238.006411432367770,341.121335169158272,24.607524220881892,-457.946695089691673,-3.873023644438893,305.830378471019856,-394.926828035944197,-409.515603762439127,15.357763683768319,-155.896673333773691,-381.074907034096043,-69.370185425397395,72.381886928102801,235.244348549076676,-430.231965978989138,-190.263372746765640,-602.819673619758191,-351.567086461608255,272.043505482007959,87.253528288567509,541.068178073743752,410.709425590888600,471.885293921985465,456.788719298170463,-155.453985057173725,-273.904527249669513,-123.375735796748970,-559.720605846329704,335.642656108312281,-220.953903557310525,33.900706603252296,235.116074774024725,191.450151969270365,200.848178998089992,-43.227102920523805,703.029660920499396,-442.735142115172778,386.172724599217361,384.252513766323602,303.251673071463017,-211.172665858127203,21.019086645273315,-423.293160369252575,76.577788761713492,427.157516616871760,-169.836110641341378,-196.103937263507902,457.656552238488246,80.426241626294370,286.748928625321469,288.726798315999247,-33.680717916535336,601.810536882088059,-227.229858635945561,-30.737621406303706,280.161641849177215,344.085031167840384,-138.829287585734335,-513.358145844059777,308.687291407627981,289.207198053993864,-114.420867957901677,-383.304929660034020,107.634316331814347,333.229358042412741,232.498527683954109,-144.500493597266512,248.450573883185911,-202.347579809148556,-351.237428268295673,-21.270865039408879,-39.642491427384456,109.743846568960578,-303.964677585721745
564.176761883330300,-457.251122852141521,-336.269189048073770,-79.508857464976884,-264.788591875554516,-465.683623313385112,-516.645446634221912,65.206277142338052,382.745874499466595,-669.693510702740582,-465.530879777847758,-70.617429019954571,-544.359402504167974,306.013495691012849,-217.870111409208391,-214.885988358638258,-227.670819866570866,-283.841549586014366,223.849873292900213,-673.497382284780201,418.420194421852614,-286.406946508017143,-668.121828223187322,160.139251734645796,-195.360312491391085,125.030731789988636,340.383100308059056,425.616783861006297,-76.177233910918147,363.559158556788816,306.967871327947250,170.896269821503267,-479.878656371191369,411.371787150002717,-14.251180544856481,-102.776563355017331,181.549111609760928,280.589202348583910,-574.404073896564682,-210.633820844021812,-568.218057983440985,291.820019102957588,-128.281792649788173,-332.097387139981436,-104.576371156648122,67.916688695031610,148.390230776306851,-194.077611480839835,122.877677725823773,-218.707386475618705,-223.849778163396195,-363.678653649442708,-57.131086976843434,563.510621757363083,512.586715416457992,256.717967564557512,182.325488094091156,-741.018731324840701,-251.935809342407026,153.632154588489868,367.564498576499943,-215.406667543259175,559.853178110119075,249.121361861040157,-199.962380127396727,108.170926391264913,-7.883392069550816,108.019451618913706,-20.877312509001122,-24.632388535185200,-546.223687301216273,-369.170222309271935,414.603981271664736,420.156699811278656,-701.708442831980619,-398.364155498208504,338.430847426605908,-169.391600457122024,-425.608002490159038,-119.366893052329772,-163.047413245741893,259.474390422854924,-102.457827589811117,191.956467731624230,33.454886665607312,43.585867794656359,-371.999187480046430,-398.377803755204923,321.387351922054791,-63.363078414107001,12.907453904445504,263.865219306839322,-391.033307348643916,-506.786049431391518,-279.434616455204377,420.247808932539613,22.884838443780602,-432.072839535250523,-249.041920393832186,185.392934865758576,-168.504208118909872,391.181480431551847,-232.871781158842083,-464.588040994721609,-90.049475808329106,33.232879167656208,519.680467648106969,-114.430126823253829,-457.424385535185934,124.762618856357449,5.453548314851631,-369.907736951136030,-576.730980603908620,376.468140776318251,-275.151058260062371,-37.846789948996559,708.634458945920755,205.276447020866215,321.108529895704919,266.175956579213107,-694.437764013695869,142.580612264122863,-76.361660631450476,-362.027943433943847,-110.161990947139799
