7.414216393914280,-0.987254774506479,-0.476793114355880,7.097447085721175,-3.577111971460020,4.665359920303207,9.261926175876511,3.742166697159423,-1.705004681952140,-4.766063070482933,-9.189106689671698,-0.766924063168196,5.995770832670651,-7.106705004188358,3.856957674531715,-5.414157940638356,4.723132129581103,-1.376154194356152,-5.532648351668799,-3.028920943123392,-5.541383975111072,3.208410868657364,-1.119912687908416,-1.277076394388491,0.083490130566995,-7.782020514814345,3.325752406252549,-0.001946468742007,6.752992147594142,7.286782328056660,-6.503974111474673,-9.812357061807750,8.364908288310961,-8.640554053003607,5.662701883595878,3.311347482232934,0.728841457147629,-3.999707026320833,0.263607633795626,0.957558459959030,-8.759857698724892,-1.808880392274121,9.592860265718009,3.125815893564907,-7.610391617185408,1.397626930124572,2.128085749197071,-1.362658042146734,-2.436823592481076,-0.478422054011673,9.227159848765510,7.899326427480243,-1.728388665509573,-8.638568917507508,-0.193183881336230,9.906197430563527,-1.260214847262811,-3.758002138992644,-8.223624504910527,-5.931937569343482,-3.208175825334701,5.585166917461377,3.349268950637850,3.178127717177560,6.249222119740562,2.421637722103650,2.488666074060145,-3.301315285316663,3.538519455129393,-3.461131385206961,-7.716075170530940,9.257948619337895,-8.149254246800343,5.952063614455142,-8.420480838049070,0.552095434055456,7.965322286065131,-9.337096281638960,0.252256732075510,6.377801291944685,-7.984646611279458,4.811410979954594,-0.700762458353385,-8.145022332721545,1.225141373766148,-8.297095031502138,1.880360440943850,2.909376690195142,6.522346276306823,5.898245136698460,2.939823593229738,9.899740644024003,-2.621736899767900,-7.610359914908146,9.701462690094516,-4.958633429807524,2.427136103512366,-7.794328933767072,-1.140672040213833,9.041681170297412,4.722207613208699,9.342764840724183,9.045096768138301,-8.358135983850286,-0.542118683366983,-1.285544475952262,-6.047282209580731,-1.716286493844411,6.709855058708769,8.513623122746985,7.388806051132413,-1.516795018113768,-4.657837787663340,3.044622206580280,5.877533350014239,9.868354673901990,-7.000467920282247,-3.142716580530216,-7.327645623614096,-2.874085704321692,6.559429739285360,8.829939487274192,0.722134908241930,-1.746947492911175,3.977398662133842
3.509520351286106,6.505756770991717,6.202333126716120,-0.733033220761897,-8.318734074421181,-3.272474200676758,-1.043180946863597,7.460051314835749,9.400440339263202,-6.898357635844434,-6.080664911025870,-8.504376314157744,-1.635120222759170,6.765081223456029,0.833464559451238,-6.135682026464817,3.404192149529251,7.904272815801967,9.484786680509078,4.891317519954388,1.067010693504283,-5.390432374852654,-4.344213878561403,-7.593854544488283,-1.754971105496990,-5.651467171625118,4.843612712699624,3.167975937395862,7.222720818215905,8.693712153053887,4.318566848539716,8.299129138540543,9.553138079175906,0.351186668347623,-6.009476255567145,-8.398885173649028,-1.058102122319726,-2.205651838825300,-5.440939507063838,6.113610796572917,-6.476227185767771,8.952524543346318,0.321348113625191,-2.606784263807123,8.456063388542098,1.911964729010407,-8.482142683181808,-7.092185735303030,-7.775828511696607,-9.776825488054055,6.209229621224676,7.403581088732182,-3.424938533898012,-4.766064708785764,-9.182251509274098,6.066545286652612,5.470782686168725,-4.683075860068207,-9.460796641113998,6.241670879173999,-8.619056562797018,2.728622330885418,7.857031700366758,-4.611635637533620,5.025919569468783,-7.874480400619117,-2.030695888711245,-2.341334602114560,-9.738999226442377,5.519244924205962,2.895622158561682,6.134727664234880,-8.231681560507759,6.446925651021697,8.670005055397887,-1.895885583709887,7.659292000063619,5.456879365173872,1.943210717760223,1.530911006915689,0.242620128302500,5.864275304885833,2.935846516964153,-2.659201792225350,2.582553729983786,0.206264555196885,-7.249625041527117,-5.272009192582141,6.716317131538929,2.159206230303958,3.264718064202281,1.954655429438123,3.553364783090538,-4.973989288925753,9.246958090648732,3.128150224101676,5.801457559943612,-6.356058867818217,-1.457682016363304,-7.763845509592371,7.866565923936552,-1.992236712327504,-0.554746011328543,-9.335165104914703,5.193362343387085,-7.011021478622905,-5.810187717439506,1.513970643469865,1.256218541605387,-2.324595471223425,-6.046891255075179,6.237328971719045,-5.037522079658745,-1.675268829628402,-5.440961104978075,-4.954566771114372,6.274135175215115,-8.002064015118876,0.462031190034271,-4.123787938416754,-2.130764437619077,5.366941901439645,9.923724990365173,-8.381094030014655,-9.842427765915474
-8.830511605699362,-1.461094931499465,5.338938174984207,-2.435669366253870,-6.164352843037895,-6.183258762317805,-8.584700229204675,5.611497521796228,-7.860172907198799,-7.788056804687868,-3.113888036991154,0.178843377636586,-3.132934671886815,2.068911037142950,-8.798843087291637,-9.271511898081606,-4.550521346592555,0.205603909083854,-7.161378540090213,2.917053928751470,6.534556278282619,2.737054271145949,6.160078444361051,-5.728633859308971,-0.128048017722296,7.240023712917679,-6.894079941533155,-3.574241314744439,-5.044865060989046,-8.061420776440311,-5.133527468853789,4.469452175768058,-0.088793411779314,-6.635355309542685,1.358423888746822,8.146855653639022,-8.369542498438884,3.752148837817478,3.609670786471778,1.741726059757315,-6.087768270079524,8.829507711247608,5.143626818613038,9.207125824059656,4.208082761085851,-6.626100787714206,-7.082976647010573,-4.942265429770618,1.705760544949213,-4.870954098034998,7.592591316289234,2.733435648474137,-3.033063029825984,8.472777868802176,-6.297955059860747,-3.305375137407436,-5.347418620183046,-3.028744937930532,-0.972254508842063,2.897612110850897,-8.204185329998255,2.009107195927307,0.406476685834104,-1.019961024496700,9.985657712968770,9.033958429289633,8.901603080510533,-3.148153259066476,6.061425106900600,4.288153697184089,0.692806380709975,2.536497289194738,8.314997767999458,-6.079274751944097,-0.093180548614137,-7.494236083403503,-7.258469495049376,1.605403532064837,7.265954801708244,9.027924857871813,4.432215102905506,-4.296318079710404,-5.928114494110888,3.086636267591686,-4.454995884223932,-8.759149770428756,1.121769148069925,-5.138916772383844,-9.126488354912613,-6.577144113073940,3.797265316224262,-1.824882766035351,8.630555544686615,4.755060420713297,-0.092040123383885,0.378989310306803,2.616805880090434,8.239190017258508,-0.139166788613284,0.323969595432967,7.295705948957586,-9.387967950933369,8.332107240172714,7.538430013015265,9.523873727956634,0.467282101474318,-9.834391337012216,-8.054808161010259,7.813708791248345,7.578862270959121,-5.294280254259929,-7.495524804194749,-3.453878790644492,-7.560978125412221,-6.273771662142438,9.959548487438962,-0.260407363520077,0.631695832919291,-2.031695074229494,3.016179424069520,-6.414194350478224,-2.474273189725431,-9.088834434884252,-8.510350170282425,-4.574683023004333
-9.710128036182869,8.792903092148329,6.248075508378950,9.844243675369025,-4.722094444299239,-6.829559228882880,-6.504203093326108,0.595837805802928,5.335120947583087,-2.698024087004094,-2.051869367654822,3.307144174374987,8.552583858123988,-7.945454985643230,-2.387003883506278,-2.747045262958130,-1.089992116792772,-3.935864147081967,4.476110005509353,-6.293124437612752,-8.627076801729249,-1.655336437687273,0.452520138990804,-8.677449247253818,-4.601968560476502,-9.983601031322939,-9.598105016982545,1.672340880437561,-8.246367493440346,5.305298550692832,8.721659007904510,-5.779637114027469,-2.008497203710244,-9.677156747386253,-3.505711656277684,-2.953289805849241,2.084281126723047,0.085895510259991,-0.152906967672326,4.697978270064782,7.505981624988316,-3.644660069454575,-5.925623556888446,3.025095315880275,6.242472700085877,-9.062092381040154,-0.214286116393346,-8.288634331277002,7.463979032476278,8.729514473954890,2.166151623943788,3.801720511385938,-5.354213078500891,-9.847604622550492,-9.163262347551257,7.484473163302358,0.211310108093571,3.470144251180201,-7.650634520376829,-1.577100492097125,-8.539613829375243,7.156703922939318,-9.749735481487370,2.340188365858131,-9.636165940688482,-3.699244372214670,7.055556202436811,6.936784023982391,-4.085980509993352,-4.507880136856127,1.631120351944706,7.901910188336945,0.962151778557059,-3.147428561989944,7.182497953388673,-9.096874222617746,-9.598084712907685,8.901869617693961,6.591836137550054,-5.429494486906932,-7.368588439398327,-4.416775724584811,1.294252859985543,-3.877361838232398,4.798972480898643,7.935073696039527,-7.418519492270752,2.153049852975254,4.539876725575738,3.465300537498319,6.515175438706958,-9.331848430299786,-4.334816792143387,8.581182376581356,5.440069408473782,5.353547452380617,5.509014140870603,6.014155578615227,1.454533381653869,-3.178083584032859,2.440797696304207,-9.943863912915463,-3.119822713544959,-2.753191801092818,-8.681842946797039,-8.233765995720358,2.221189719728274,-2.464891131078904,0.810813599818957,-1.739028819939382,-9.056300456315531,4.127413868376879,-2.868506210588002,-2.373739426136621,-9.387073688827705,-9.012662778682570,8.277620972795312,-8.835621647113998,7.643403863959946,-6.042219890125811,-3.080048932220960,-4.313489340301475,8.591268855030940,8.234051848861085,-1.780000895416507
8.190055943409394,4.417081555162358,-0.920754911175877,8.251463437111052,3.034434145757006,-1.024422689087368,2.141233904052990,7.660945681322065,6.586616885877493,9.468620062888192,-3.874474471964922,0.120074601872144,-3.644326946957821,-9.576371541698087,-7.790394686933675,-3.339330608728853,-0.788202428738924,-0.118870139486873,4.739307635991103,7.567984247635398,7.593049014960759,-3.601270857790078,3.403322024526389,-7.000402324899699,8.397557619456844,-3.752325454733749,-9.588727941288621,3.807736896362711,2.862896424212767,1.881720604048226,7.732035216257735,3.934904801749495,-5.297084462311243,1.975697723727819,-9.367237366436969,-7.255021642830481,5.284572123426232,-1.257716349510396,-1.826953615651426,-2.977661768303830,6.022723763957071,-9.953986513059368,1.944343645579217,9.364589677978568,-4.436305069388348,5.578696686182131,0.106285255667233,3.069993984744526,4.482682636747576,-0.161489830604785,-7.277202952904904,4.158677919843043,-8.306491217175690,9.887006955957339,8.216414708755959,-9.198677562141702,-0.127741845062602,9.443464599773684,-4.698610548875138,-3.293792762048893,-9.916710024696588,-2.701670052125746,-0.827241331507933,6.784933147312636,-6.057136330729024,9.533901453272282,-6.691703741275800,-2.074346174440063,6.392666615994202,2.027004302322787,-8.062939709227770,-5.295279021816961,9.609591207363977,-7.970054984875620,5.606642952162888,-5.880282547786164,-6.158931958613740,-4.670264879746940,-5.166473357875542,5.363752038063623,3.963150508417627,3.349442313503229,0.984043467004385,0.011014798115243,-3.515640866679099,4.665206600844783,-1.534859181717835,0.741374501541872,-9.826328813129255,8.294309785835694,9.000320981163622,-2.666563067182379,5.669271962976739,-9.446026527799443,5.300783588766382,0.259192521151434,-5.630206460955787,4.784548201620529,-7.080030169903075,6.133953505003834,-6.093314690558338,3.633690429331942,-0.586452424386719,-4.049847864125220,-8.105865708379065,-1.372044502666407,9.792955192173508,6.898825361075779,5.695184296660829,5.164889944055597,-2.993928260932894,0.477439702247587,-6.530480700972470,6.323694375646781,7.516254147864771,2.570604316107310,5.749110660590599,9.568157327506867,-9.168785273085692,-8.156141860397504,-6.018625131243183,4.172158320005382,3.995469368884043,-3.082531380833784,-0.290980549060922
-8.692244120232026,-6.171974519216519,2.809508590729124,-8.194604754158989,-4.372850997736279,-8.329597008127847,-1.579325621388554,-3.341609729312081,-4.409919740485948,-2.750799972947606,-6.311546224998938,2.694142152107457,-0.862207478921119,5.884458290163250,7.943219037998922,7.352661735538724,-2.735943004242454,-3.206777004033803,-1.855662106588603,-0.505861111808754,-2.618169026601677,6.139707269530575,5.716285686433022,6.491474768603908,9.573859562636379,-9.794243769249357,-6.022447532722460,6.623336389988200,-2.799547608237893,-1.331958192302686,-6.525639445771345,8.629106223906700,-9.613397510537487,-2.163392183391569,6.854982318458209,-8.057087041032673,-4.736236560275431,-9.388339264169073,-7.805702221271888,-4.829578724382310,-9.474250617565080,-4.912252000524003,1.253409224687697,8.568497236616757,5.743762403542945,3.825333296517710,6.965631666321009,1.503169528642763,0.379871787494775,-5.572192106527456,-4.784452148689329,-6.973667951434013,-2.342772787915464,4.389461511006164,-4.252033870200651,2.010368085219884,-4.465782736676765,-4.561654908394503,-9.692285698609421,1.610751605696503,-5.184076406736169,0.815845566553033,-7.946741758298000,6.485303717060745,8.732068289354544,-4.337932353638514,1.125061271213552,2.447979573707649,2.811170438908876,4.392271150231162,4.228818889520801,-2.146373046727483,4.154703246225109,3.248135738962443,-5.552602674931850,-4.496823206338972,-1.754322254281206,-7.620202201946064,4.806186091646785,-8.617414886331996,6.151900894030991,-0.369008809465969,5.611661192819033,-6.343380605180970,9.729844042141245,9.150646470463755,9.326702669573070,4.101863446858971,5.789837129411247,1.604410657728405,-5.532857125514907,5.418251483484704,-5.403471186243034,9.154656883359756,5.308154219783885,-4.255928353343855,-9.080343677412973,-0.988649852096476,7.843201753975592,-6.126968342297172,2.872522497138899,8.259556902614033,-2.905995177880660,3.358037440029785,-7.282989802458440,-1.794562985119939,6.345693369494711,-1.356613783757858,6.175479788814879,8.766944617452729,5.549047986923870,-6.953625521674796,-0.505170781565564,-7.850746999019053,4.548348862428933,-0.381216448358908,2.079129520169955,-9.250812118296656,9.383824099611463,8.203959904363881,8.833638384923244,9.989052444723473,9.966801483342991,-1.518806264186788,-9.676155828283225
9.179771562476393,-4.475066231654161,-3.647694747584104,0.598800734259800,-5.121024913123637,-6.445605514984642,-0.154141095375804,5.112185374198340,-8.319509048710110,-7.437463172873784,6.680213770926159,-3.241496721075707,-1.199370654070149,-6.937192475146475,7.085539198259422,-2.014383614147512,0.491410586650250,0.899010595205505,5.705538424000153,-8.919868047467778,-3.487174015042644,4.214752073188730,-1.214400911535755,-5.586354508797474,-7.895728202335146,0.422484932895459,5.114430115969117,2.688385797636998,-6.456196947979656,3.691485162536011,-0.384473386845045,8.864360772030750,-8.288256544523581,5.848592110898158,-9.067293826787388,-8.899037928349475,3.965534116604486,-0.162746936780065,-4.420149906913124,-5.346756700156043,-5.850513338944392,2.584235091225031,-0.225706553069518,-9.712704711041379,2.957550696639084,-7.392166379530243,4.674610969978142,-8.724176264999672,0.673386821112604,-1.598414925722690,3.494342482201699,4.686408905167301,-4.179524522426314,2.660207272447630,-5.717681929754748,0.731722756465627,-1.981666282095144,-9.887267265401267,1.692103748630018,-6.392166908816423,9.314649953810331,-9.533120306334538,5.548428068083016,-2.388788654473036,-4.177750317212780,4.732230435521036,5.282213049172569,9.206931889233079,0.063565098037436,9.569959898351101,0.105428195067256,-7.444177304102335,-2.569313840024352,-0.970751559822116,-0.018521358930812,7.561043243199677,1.832658237566719,-3.049249479779550,-5.696868240445678,6.508249601033032,-3.751462326447008,-6.891412008216788,9.495789878871427,-2.618406416275803,6.940697273798527,-1.071883478949156,1.463928677958197,-0.685816448622298,-2.952503670151955,-8.530209572731639,6.331791306926490,-0.918052873290751,2.338728987974575,-8.657137063574861,-4.821994103355609,-2.785203530279707,6.169387189616224,1.431000346250947,1.864092815340076,-4.961599420271677,-0.877918285264631,-4.747173063955841,-8.236338284632813,0.352195378152766,7.398802971802557,6.117450629774986,-0.850598030272957,6.185926484479992,1.279526479835225,-8.186832591231568,4.994347950981069,9.338004203726925,-5.674498137974355,-6.346168094596274,-9.012002316328891,9.104542780553217,-4.917961995253107,0.012940000413737,-1.943599505075490,-3.837026418504070,4.243617780381776,-3.063263072337701,-3.029610270963447,6.827728959476204,9.528133546469931
-8.596937717221442,0.731940853724325,-9.737285861198648,8.034794435436268,5.049200104338809,6.619406953913479,-6.064452214111366,-1.595902787656193,9.036499199803401,4.273875337539865,-9.382151390874933,-9.052261072107941,1.428785944312809,3.850445293258682,8.294176237406930,5.079438138631660,0.328131063593455,2.823591336010482,-4.503774349255664,4.719651005047162,-7.230178629983824,8.286959501901364,-7.824666761905457,-1.202669942584528,-3.239297368810705,2.556067098055079,-3.474219618666814,7.580333883921639,1.023486824608209,-7.877268450582493,3.267481546446248,0.132465120701752,0.595936646466619,0.198299023828827,1.528401178616409,-1.921280542706365,3.306586204026756,-6.094260963242400,9.936050881765631,3.829601325248051,-0.031957478673291,-2.125869188776710,8.471146093315479,-9.929698649761885,-3.844432053135069,8.420235004023947,9.142709084094271,-7.846225253596222,-6.016220868895688,9.863511642785117,-0.029748682721182,4.392367750123299,6.073152499249108,-1.581091235478713,1.924467162033574,9.963354636139787,0.634014085750266,-3.695647425359367,-4.945331594320179,0.271243422918936,-9.701404103217982,-8.819947832090127,-5.320618845451433,3.785069670264482,-9.873054945238589,-5.962824443954937,-2.698614253594991,-6.110459124675267,-9.777759307566567,-1.065877274699744,6.877456912061518,-1.230353916193609,3.011011152807722,0.013233116052429,-8.802669920492567,-8.426198201825162,5.096545308632539,8.893817871812104,-5.971645070068088,-8.184109752399033,-1.607651728266408,7.287953055520308,6.923933770189489,-4.962041918840696,-3.732909108622002,-5.818159518228178,-4.343517533946956,7.702894097508135,-5.256374050870589,3.039337123527631,1.641283422849915,0.554278511241861,8.913861468066795,-4.209527125159640,0.602786765024405,6.182847321208239,9.471087214595009,-5.347059033833701,9.441767927661832,-6.100694559272797,9.898813198203463,3.566785434573257,-4.425332874063068,0.444554303923205,-9.696850680138823,6.730619339666365,-2.681557314041328,3.893624917682848,-6.330546018765004,-5.487721548772411,-6.651172026669765,0.040524626141256,-5.565558201858833,1.870184743250336,9.614247843613594,0.151486999166677,-3.420675679327316,9.231184445271147,4.331207108947449,-3.927988588796496,6.756212150111740,3.671217815636476,6.578508207439615,-5.036112498308269,-8.749374071848505
4.909339769803175,-9.007289638066183,-5.527805379549829,9.368072663332462,2.228497207104706,-4.250380978767170,2.347266603275379,4.451770090751324,-5.414262543060873,-8.712105459552308,-9.658317979598754,7.766010727668515,-1.975211655759193,7.882952430304499,-1.547125902313732,2.466432097935398,-8.977913738049059,-8.783447387410053,-1.816154284657427,-3.489760546550801,5.925031876673991,1.257616519590677,9.112841889134341,-8.916672929954981,-3.129281034929106,-8.750521816346952,-2.820357133762172,-7.040577093929922,-1.403938648341098,-1.428112186367798,-2.395727348101793,-5.434746252869997,5.649839520658544,-2.717420134962092,-6.026514481243714,8.522245206600164,5.158981633349169,1.199171030921288,6.409407238225121,4.852390988749743,-2.906331128365574,9.575454879967495,3.150358598240391,-8.519605398831263,4.850310622439583,-2.518201085918744,-0.149832201931034,5.875104981007560,5.018720826609140,-4.788332721282840,6.523720940631627,9.021443226086049,-6.050926438556720,-1.677940175767922,-9.656780135931864,-9.348382629423099,4.381472372963721,-4.388204854264542,8.811443274884486,-9.208461630724500,-4.859084156603151,9.122566243437088,-4.316812725160146,0.025406496560066,-1.464751025597607,-8.619264466510412,1.716313871100938,-2.500277646409961,7.936318018972681,-3.989160897333875,-3.165752925919742,-9.170319396225306,-6.750554674476092,2.290956472052992,5.417248868868388,5.896041703154980,2.140935118411244,0.843326691486798,6.219160147118536,1.047762456313990,-8.811804809013825,7.155478927993492,-2.428479632788514,7.582263676563258,-0.312773535382027,-2.569047530371231,7.913906154122984,-5.559203622821920,0.566623356304810,5.456439646157936,0.485507570039971,-5.846304016357740,-0.780412380698326,-4.102274570481528,9.270254069407514,-1.695267126976631,-4.601048214813133,-3.895393554960545,-1.958002893473768,-0.032730959940032,-4.790461232255662,-3.173550501773288,8.383711746080024,6.515005253626242,6.685298797726183,5.459744810107473,5.807120789109860,-7.894979295000617,-1.196887197540059,-7.413361282772362,5.692906353609089,-4.801135203340758,-9.716714700653682,1.098247729100507,1.105516207733899,3.077516302371009,-2.427646069298588,-8.207364446260287,2.782575554338841,-4.242912312785288,8.738560594829480,7.640486439562903,-1.400916136724124,5.576011670576959,7.278053851061060
4.802553308936641,-3.805414526148638,-3.150711051439499,-8.064960280263989,6.080907238795263,4.303684021804987,7.353737217675661,2.072532832753788,1.532080818619557,1.299091473316629,3.378555235064745,-2.536091847234632,-6.069989502369129,5.769394552556788,4.469748642219171,-9.242294704720393,-2.907001159212330,-9.766417064351895,-5.087791866625661,-6.176228087574113,-2.084477807613805,4.888049283951904,6.400498131715683,-5.827717822623686,9.336755745791280,4.500936992765682,8.325507487260197,2.301828583902845,-4.786437753370175,-0.544944485267170,8.212051729357167,-8.575573167108146,-2.220278007794194,6.147451606861814,-6.875121280785937,-2.127506250819920,1.263054922351719,-9.475228805674243,5.499797300258152,1.619535588839881,-6.532278212114795,0.041803901577159,0.434238833177892,7.842669671243286,-8.149959199449825,-6.467942442634287,1.468588131437743,3.444886890896541,-6.872135479483886,-2.454352593525910,-9.985365229277026,-2.927148402140986,-4.946216842022720,-1.116765128117903,-3.060544583257947,-3.820239180884006,-9.465640813943851,-5.438471899361417,-9.816621726860680,9.963311986615352,0.532020122037444,-9.018589772228182,3.565552232046423,5.790999673775019,7.174206019897461,1.258737874925593,7.797347907572448,-8.171824661743813,0.426508524479949,-3.750297068966145,4.778028278269520,5.317800476898473,7.276463578096916,-9.435736715152119,9.471966523702356,-6.943209240393148,7.505017656780034,-5.868078945310411,-9.830748485831766,2.764968787432625,-7.625134870383081,7.401959137118258,-9.360146970434149,8.808686528345145,-8.571043702072778,-0.296988401531786,3.392312168203180,2.335856086557440,9.362730381140597,-1.814849929000879,6.745979845267229,-6.502510865029032,8.701720534444686,0.627479166340738,-3.074039887305061,-3.474398193273728,4.463324266647106,6.831196756738077,2.415330379930374,-7.666252056538669,6.191060289749860,-5.556850201642112,-7.118698168092221,9.424004880208685,-6.774197354956959,9.317485560760485,-5.931439960747149,-5.838518936342194,-1.103850437991822,-8.270434288947657,5.468230983288485,-9.176339692300960,6.052061441035448,2.691267262190379,8.740815474009935,3.246500300636360,-6.544624847885300,-7.127366737655514,-5.185351046693281,-2.383445314370169,-4.957115854763763,4.865488541079252,-9.643039426103337,1.512831916567075,-2.614232638329820
4.642700743105610,-3.569156763820923,-8.659721485974952,3.846990454104255,-2.741061285764143,-9.896898112660237,-9.064117786566801,-4.474668183834877,-0.443515167284929,-9.466524201235933,-9.416149849000448,-3.525446559225049,-0.112759195280274,1.081519143055266,-0.798441501785405,-2.360625441857032,4.555588153289401,-2.661030491574603,-4.448594073394119,-4.489739578226761,-9.485636914375778,-7.999637957284005,0.186332045030692,6.586665544015034,-5.840745488482462,9.295151005228757,-1.256845083265821,-8.663015073703750,-2.521755619169976,-5.231708499108086,-3.993827708366240,-4.866256234255378,8.296231454458827,-6.768816760824963,5.405579538762453,-8.935872809930824,-4.876363873900360,7.085855886227950,-9.449427064205910,8.649365192875067,8.027141402289992,-1.780847934352012,8.116462543423182,8.486082386073917,-3.946008573477815,-6.895906819626836,-8.378322535948378,-6.010932385122398,5.557733040582685,8.743080268415145,-5.802926397869379,-7.542951577015497,-6.367909426748697,3.539132519854803,-8.354279143961092,-8.899679799707084,3.776277875209104,-8.494419165037005,9.827031120378940,-6.428587873524243,4.911581447699756,9.250092620254463,8.112267771506950,6.225909526832123,-9.715534981627798,-4.511361061783983,4.751438272175786,9.872440233519175,1.153749030464009,-3.016176748957566,6.610797530827337,3.157055777892557,8.968530958680834,9.472969514649900,-5.570055062358341,7.683173180377825,-6.386616078669332,-8.669712283026756,4.026000457594645,9.046516151950620,-3.200168864348694,9.046606762319723,-4.428033274613011,-5.434797972592367,6.833936992882009,-8.137690756619396,3.459272503713951,4.800904173951890,4.245362057339076,1.371631033205219,2.640536813508437,-7.561841381392749,0.874487412633975,1.622066610208446,-9.302094550639088,4.821606636634375,-8.035596353513485,-1.146793449294844,0.239933144065557,2.130480800784945,9.836506668282684,1.062245140355401,6.649740742881253,-8.792089214128815,-9.558260686840779,9.441573393554265,-3.629307716897568,-0.196890972245615,-7.890210692337149,-3.396869397742979,6.050769888212997,7.085719202428169,3.216056690820462,-2.144602749544857,-4.675403188443747,-1.733193809623533,-5.815365261658513,-5.553547304023736,6.080315431230762,8.540446962558260,-7.953686932023341,2.215897934743909,-6.679429322517296,-1.288907139300088,-1.605748382706606
0.846120519392784,-9.637489435971629,-1.518622466643233,-7.484901542712823,-7.120590627845971,-3.254704713369756,-6.117578419925024,-6.598552148112457,5.485873150021352,3.882867719478430,7.476731385532631,7.107161815209373,6.762622251167599,-5.006032200939174,-2.812098285966556,-7.961970145918979,7.944566705666322,7.102103359261744,-6.465820014144931,0.987421144745301,6.714908509897686,-5.604523672730890,-3.356013821405277,6.681071116598940,0.876950275892925,-8.309498754826736,9.898581942192813,4.542039143617735,-8.669709122734432,-8.727183338240771,2.973850832320558,7.521787849711416,-5.662762005225832,9.246811291422656,-8.562879757584859,-7.695606270697699,7.287328476905572,-6.616789698777743,3.388617915709398,2.362066118899236,9.933920067548009,-8.868860349144935,-7.265524622565867,0.686647182712747,5.204120401115935,-3.993503002938883,4.278956339299484,-7.844429537586790,2.602192738969833,4.289629163310401,-9.196003781920492,-6.095770031145493,-2.348406050112064,-7.887730123571506,-7.317522304852780,0.610099371228127,-3.789065379479117,1.229799757193735,6.609339762888634,-3.030514657758852,-3.849824651868843,8.373220350848527,-7.667063412234281,-7.650692136716550,0.678344094819019,-2.854640692914439,4.061422175977871,-4.959046427223816,7.505913992284697,-3.820017011633114,-5.338043064937557,4.258759771229254,6.996729642351603,6.248003723068042,9.147993965990857,1.822136721158911,-9.363465384256649,-8.699142434595323,5.245870270444007,-4.973833883587655,5.440874435832308,4.746455819176379,3.200393015568043,-6.387816832958737,6.283771402967901,9.252688463590040,3.689592905695196,-3.844841726325477,-1.928419788376072,-1.877064233207692,-2.984872240569190,-2.790723553146841,-5.542589738493313,7.293232838352193,3.384254314826707,4.855290517054417,5.620230951137179,7.705646115701107,4.793623286853968,-8.196965088067873,4.078898859761734,5.704444408364001,-2.945138836524408,2.673830517376768,-7.750717618462993,4.177943583022456,1.016083644562940,1.203347721372010,-6.472866654529303,-7.136763943217217,3.128870696290667,-7.981133508095204,-9.266529490182570,0.000559410631094,-4.913660760280624,-4.643843465061293,7.110530128688744,8.395685270446013,1.526958984396394,7.067328022572198,9.191162475790069,1.987520276841430,-8.298719306033597,9.193272939349356,1.171649735581973
1.253925329397461,-1.664036986657258,-8.516498917966970,-4.353701857360043,-0.790848937265791,-8.449829091583243,0.014396446217965,-4.605967414314016,-5.503577231972747,-5.229490759783464,-9.075914770762683,-7.785512751611674,-8.624499681690775,-4.332991174646863,8.259854390307556,9.847228302932514,1.821118717308236,1.249701010718947,-1.630537005225703,-9.354314671803561,-0.012650880548726,-6.450672881741455,2.385571190464059,-2.535365368558438,-0.450249531197898,1.724323194874053,-7.978209507435783,-3.623804723054970,2.948476913940119,-0.391337990252435,-8.205788519989177,5.941968320930558,-1.545907281987910,8.201454465733779,-2.769714877905336,9.988975987377398,-1.834789115985703,-5.562727142119764,5.289217789728927,5.140879336198353,-8.451174507871272,1.703526783237088,-9.307521217593440,7.781862771272195,-4.484541969805624,2.317609429977651,-4.380023706667373,-2.520666725452257,0.432584357199548,4.846171424283789,7.653102258571856,7.596255033403775,1.591018622328130,8.359105081047403,-4.754746154980745,1.220670761670091,-2.369013284017170,8.687724210196311,-7.154769874129546,8.440768533292704,-5.903701157671724,4.327254550771425,4.583331761251541,-9.725370930142695,-0.825457486166851,3.562230292342486,3.192322038436235,8.351088226594754,7.774657256096805,5.155522665092629,-7.958048064529020,7.645190834469343,-2.000559339395531,2.603763959892744,2.006686234673364,1.348938966496471,2.242267979721824,-3.203818027300747,3.373735000646214,7.831068409697430,-9.538549423711974,7.717469285788013,-9.692909879779064,2.732797007037568,-0.954658582838764,6.371482426002260,-3.635326258975229,-9.323548791031918,-1.671808387345648,-0.360286961228757,0.853272314108334,5.829170967922614,4.783645882282579,3.705514307662748,6.845988940751056,9.294545222018769,-3.843748628131594,-9.186607115190990,-6.765923215277169,1.350647514600226,-3.362563002607841,-5.984968280602658,4.627554347616378,5.847033849931304,0.997373958282179,4.027296172988841,6.943088670867212,0.690424986521913,4.606552499086110,-1.875165773625715,1.652678712264812,0.337798770115871,-7.635711030886185,4.230110605886338,7.902148140614401,0.512605129187321,2.049769238014306,9.996684991884727,-1.135082502785650,1.350048015112995,5.177963505780337,-3.937119604761287,-5.465384323649918,-8.910374012073063,-7.981280364879161
5.794941549611387,-5.035662073291278,2.854789091380322,7.078389445618484,-8.999674687860999,7.828082920241744,2.454538452586238,3.273665693602201,-1.768898071910721,-2.694576608889760,-1.151536730578686,6.366160070221227,1.973939473054697,-9.865376237418875,-7.642129563876892,0.600541897868364,-0.545247805270979,6.173417088689579,-3.067931026981505,-7.068108190356681,-2.980843964532605,-1.727270076607102,-2.021669058183095,-3.219335148557432,3.327990759359858,7.749132815123289,6.561793934175814,-0.364983678530855,-9.336838502979958,6.099566800463066,9.118811469828653,-2.515247585022213,8.961917027616380,-9.798339283898246,-9.307698597859329,7.250423926319595,-9.566486065876758,-6.088056798930046,6.103742268375381,0.911714858848068,-4.923257802929973,6.937161859139344,7.584691194319674,7.337004628586989,1.918059248200565,-5.181002858618062,-1.882986845317209,-1.357127496499560,8.551852374911675,8.180144020866724,-3.597163837371482,4.976539588595966,-2.789903186900342,0.367124801559015,-3.509751631863296,-6.062572936434449,7.560288924771395,9.028255641871688,-4.360582328864369,2.308267207765240,8.356924675750442,-3.542773935935810,3.923844542681401,-4.231269168281708,7.347035275086622,2.683110550998627,-3.200750578941718,-1.364980572884809,2.324570914449531,0.183113734401150,9.081828842118146,-4.184198748278451,-0.990842670192327,8.156823993381231,1.836172799811733,-8.997707942825034,3.003905441434274,-9.485681723608671,1.580661702705227,5.341002640283408,-7.962650415830367,1.003335825924152,-8.699527596365446,-2.307627712203654,1.090444229882685,-3.230789440802027,-7.156221296196337,6.822689949966971,9.843347374418578,-8.975187791216319,0.534577021910479,3.517197695499961,-6.744556234031864,4.432279784739016,7.697823368425958,7.727245206006955,0.454541570319805,0.444706835572626,9.791744240811884,-3.222462324080098,8.399727909937326,0.984064989071594,-8.515491083320587,-0.845545569151296,6.186203571904116,9.477486549491005,2.247226378051170,-6.398474255243658,-2.087132394623541,-5.107469831327489,-1.786759017030441,-5.439529603333908,-9.536932414980656,-0.581619466811475,7.195452126041065,3.500928365536671,-3.447649569571409,-2.121383686392198,7.772752125320608,4.453666203695514,-8.413689822270156,3.952540754276567,-8.151430428240548,-9.646473516984262,-6.285032428107289
-9.362743374329467,2.321036936236247,-3.477778241441404,1.781505646173061,5.773791581703392,-6.811556327083292,-1.779580970773125,5.445557537836116,0.412845656106155,4.637556970991115,6.872076808271331,9.789844254236165,4.562223261298561,1.879587901071924,9.226975536049281,6.774644036597426,-4.506658798996630,6.200178485789053,6.747730911879760,4.952360665067426,-9.697676821441071,-7.351477498818275,-0.499323929354006,9.031634674343756,-0.624514638663394,-6.679696022684456,8.577898716650736,9.182488052181998,6.999122030512829,8.989804996064183,-0.007233087627833,-3.949491495655073,8.904910888688178,2.138821706731518,-6.701739948263478,-7.774127291834432,-6.924456255577462,-1.291305934341274,5.222557783200708,-9.758096855841224,1.323057702866585,-0.366963460796754,-6.042841898046660,6.552628892834392,1.715097937234127,-5.942288873092449,0.226608399059128,5.295432365909008,-9.778355768223895,8.639125024810124,3.874588107585073,-9.665515549346257,8.257946755937500,-1.565333614541082,1.833841644132562,-4.152689300451602,-7.538904738465304,-5.448993679709433,-6.226962056416698,-2.271146344136161,-7.637557140067979,1.081320462131732,-1.159768980652775,7.404712383577440,1.969955553926832,-0.608931899670971,-7.517993295192382,8.186657572518005,-3.962673237169985,-2.941066133420732,-2.287692594620856,6.952145346330493,-5.819775788316517,-0.158824034734945,-5.364805427121462,4.644044478293674,-1.741242383275051,-7.449477276050509,-4.588519901070185,-8.020462248289933,4.731737407604673,-3.348539846825140,9.704734944387276,2.425979919475708,-4.155309159180096,-8.603081789280322,2.998711449298382,1.570026325173499,-7.723828317279800,2.871178056814397,-3.214812593990269,4.673799990491913,-9.065022502266727,4.122677133332719,-6.473303001327633,0.495446304015621,0.136861090067047,-8.238411852340565,-9.240902827851777,-5.898277464251358,-0.164952242406990,-6.937154796820451,9.772419854616579,6.514034771295893,1.871390299259087,7.586434215745452,-1.169381902986457,-8.759388917058233,-1.843973938187478,0.205024122126648,4.074952986817411,8.679313998659360,-1.588270031033259,4.045754247720588,0.589632085712800,8.603388422249381,-0.058856073900941,6.305677541989841,3.343298558885298,-5.732151742112270,9.152463981323933,-8.573245820890671,-9.871766664165815,-4.898657593745039,4.560697335771755
0.730195680843631,7.082831937875607,1.821919340663079,4.354950437575978,6.021662084001523,-8.918295550837747,-1.685918406444667,-8.795347237543883,-4.418541081639093,-3.813484458780108,-8.969440393495706,3.802746848576533,-6.252606960031100,-1.821475484590877,-6.485562444497120,-3.379050944132322,-7.463583025588669,3.129126046462698,6.889308809744211,-8.315034113377791,-2.424653197169855,-1.462102498102574,2.104971747272330,7.375239093733519,-7.242037642597754,-8.435632501603552,4.989932925262535,6.012828710331014,7.167296431284285,-7.886021717141308,5.111511463008110,-1.341831924080775,-0.283530653074513,-5.529599470343635,-2.154651284482842,5.525787357180068,4.544030066328833,-1.175745600682401,-7.149099877393370,7.630848133721521,-5.900207419056067,-5.423055312764244,-9.601799212132020,1.116372123336882,8.342479894767170,2.725873915867460,7.083857491832894,-4.860633869264259,-9.435484478009862,-4.672014954441577,-0.383522611290852,-0.585274174675742,4.517291284278407,5.114677949458283,-5.926111753994487,-2.976773327661419,3.057373406264093,7.492672638113284,-3.420613207543348,9.361016184498872,4.279901323188518,9.644296339690847,-9.840463620009059,9.947065699897042,4.229580916861075,-4.945355570711962,-5.720526700386122,-1.094841906520827,-3.458442695186341,9.202608223050184,-5.044083335222802,-4.691302379102193,-3.360791691413727,-8.502257659556328,9.917495815463109,0.519136491026611,2.828676663920266,-3.779941396078805,3.592742011413597,3.175732012873793,4.326611646499806,3.648813095059616,1.993738920188973,-0.347112274608705,-7.287698383515819,4.995030408796097,-5.243430377667897,1.343366030000512,6.422099228441038,5.137562798839554,-6.105004913678941,1.142446977548969,-7.603040773742256,-9.252182119548975,-2.809343317011248,-9.307188884808387,-0.015885989241706,5.434185343231011,-3.116741103922291,-7.097131407106483,-5.372998352362350,-6.195838009109753,-3.344457202403149,7.534571034395626,-4.038898564732804,4.532423598189153,-9.906541842377703,6.864626960638766,-2.203302225206203,0.687487352194072,-4.263713345481179,-7.605653969989314,-5.426640478370186,-6.605519187506628,-4.103364102336872,-8.068324470746175,-7.132294500229131,9.044242611934987,-3.197015828294800,8.840539325999600,0.508074488905804,1.904089884855349,1.090656110148878,8.862292090446015,-8.861562598836086
-3.593418264864516,-1.654645422590457,3.765051284511024,-0.243037143636203,-8.865449973166982,8.341020064095527,7.355659594654021,4.745240332039824,-1.543155628292590,8.655156784321907,-2.957562354499408,5.614737317153391,-4.024831306665311,-7.113518860451982,1.904673791040183,9.916338680830286,-0.335580784722509,0.838496369784936,-1.974157902704480,2.237824489200511,-6.193525192808713,-4.789802397603690,-7.604623111445806,-3.937559121630947,-4.747748068352033,-3.910134551330500,-5.615900321985741,3.530101597027757,6.224857438604847,8.295357984996883,-1.948015824381031,-4.133470018446552,-6.054496324451019,7.152229565470435,-8.695708600176143,9.845289106663561,-0.684346004425320,8.629053432347870,-1.224899687268250,-2.255248253925011,-7.580722569814786,-1.079380148954382,-1.611525921593227,-3.981136210764893,-9.238688792125810,3.489132840190019,-5.389547267099180,3.445528300232228,-5.245860599206605,-5.752635842886789,8.293617052416057,-6.249735657680682,-3.382838441514151,5.946243028678118,6.797446879826339,1.111996734801100,5.886747480930962,-5.549022350401072,-0.719032179680761,-8.806114931268604,3.480633086034953,4.284300332012695,9.272444552880302,5.381505890080334,8.947189918879850,0.292411476229987,-3.597447754922984,-7.928920808619373,7.033954724689906,2.227409687722712,-5.160997888097791,-5.629112091566657,0.838606348641424,-1.760184218001550,7.992253594474697,8.269873072124273,-9.161460019895816,-8.614778429550451,-9.493261586588629,-4.415065556944242,-4.750788361005336,-6.613734169508632,-8.662346872385768,5.406197742976218,8.977912380225693,1.804006712333695,2.747485403168850,8.410044997986162,5.498565472689279,6.620459075929578,6.255944130444011,7.048879463480851,-1.853843520245482,3.694580312342593,-1.784274750277032,-5.343994675775972,-2.112421719389164,7.883398353716814,8.063398165209023,-2.563172219663821,0.779610065576730,8.349241392176818,-6.564450728464677,-2.803682941364105,-7.672164669938423,-6.240868096749514,9.631864709139130,-7.917903277286753,-1.989141066374815,8.769470315732573,1.174611861937118,3.391567621833612,-8.088038403067653,-5.159240750411518,3.481799854490625,-5.796804866849681,-4.919680477704407,-7.644267175518358,3.413632500251014,7.025345790367979,-0.251245389246792,4.755649488143172,1.688948613981832,9.099951072642245,6.833447983014423
2.859077726226698,-1.817954253612246,-3.547625458100628,-2.560491509372429,-0.053349992165989,-7.854707421503127,9.723296399177727,3.915010043383031,-4.044252384789544,-5.769667998750405,9.879760435224600,-1.103432349948498,0.029932410872785,-2.842299765116982,-0.921594064299573,-1.695631850246480,3.468049357593497,5.840605969970625,-6.667145178892532,-7.729002918823205,4.992584659592932,-2.946011616337740,-8.992724880003241,8.617622107435199,-4.054115593279272,-8.633217327080935,5.517940967014157,5.054493829280277,0.290024713892405,5.905113304600039,7.862861434219404,8.266537614324697,0.241413914070392,3.855824028889565,6.622557529959746,0.549434833482245,0.504768938193170,-5.887478812803226,7.922865752699003,-8.240025944082168,-8.935550909240275,6.963677949761745,5.623065123765018,-6.839176566559182,-0.958368927605516,-5.367331767684387,-5.903933229410119,6.859226642953033,-5.100022054454083,-2.686887302325669,7.998857674192173,-6.626509273904655,-9.261546453262861,1.385770521601907,-9.982628768924080,-1.501629070177472,-4.744156401098161,3.369829690749080,-0.270080842976878,0.806252565176202,-1.848008376382374,-6.746637736352657,-4.920034030755480,-1.120225835239065,-0.630587202856251,5.138646494216864,4.631622957760486,-6.470747526784050,6.567309506077027,-2.589807256835927,0.426914604232669,-5.156290658018383,4.082688655286915,1.813229412784452,-1.089162547457857,0.991774449454816,-9.404336111448687,-5.113165109010696,1.107873755458366,1.768253054831419,-3.137060069605376,1.921484418702162,-2.280396490691197,6.415735996288838,-0.755528538993742,7.058408831763280,1.069396252210799,-7.757505385029287,-7.967425859456483,0.299384433104306,2.336467932887983,2.724441206300289,-3.228267117605304,-5.597251729520536,5.659282107337543,2.633729790519844,-8.517810787203103,-8.699405761866723,3.800183442681575,-6.065174531820345,6.885857371696947,3.671160692256318,0.099792354522210,3.111426186498058,3.372740703310930,-2.968195175130896,0.520831475828443,-3.098307989475078,0.084633018082602,1.465392607113715,-3.870348951656077,7.203493527597196,-4.469666489308517,-2.633965061109871,4.880061908939716,-3.939992889421622,-0.169535951439926,-5.532503039237366,4.743238095252760,2.727870183745916,0.806389527480192,-6.973342689859243,-0.901647974043689,-0.603499659042591,-7.010887482255395
-6.935478716671444,-9.991042207904258,3.678227195583796,8.284897242462115,2.890303394955886,-4.917529195978427,7.340646254228023,-7.424103382044256,-9.493307339791791,-0.550672144142364,8.693525572149394,8.302164121352515,-8.862626604920267,-2.574340666457065,5.573005703038550,3.111758495719233,3.325554864966449,0.507073686368971,-3.170062522250394,-4.994115159045041,2.903879288661530,-8.838573089916906,8.657355613020609,-6.583937751428479,2.687810575442153,-6.264856249360706,-7.032447574144854,4.247547532649122,-4.079449484530993,-5.752868286910690,4.737924764235039,-3.200653149311274,-1.299645097614484,4.183784652234595,-5.790922641400220,-2.325177705631258,3.655884165700069,-0.095116799440603,7.256949980939503,5.234462651376443,-6.211241731087687,9.986197064838144,-5.243893916746185,9.327443025303893,-1.859442484272344,9.063395372138263,9.075743982687360,-0.077105787075118,3.129448103587704,-0.971570658702323,7.582112423438620,2.716662549509651,4.676664768134966,-6.871891172677980,-7.929954499196392,8.375289605464879,-8.360610537484499,6.879077482852587,4.846357496803220,4.600528542424859,2.758070168082487,-0.819588572661612,5.909952199478717,-6.804468430928017,6.152484161826465,2.036097673684623,6.650056075116581,2.624504392727225,6.334768886165069,-2.546814116224249,-6.981858436733292,0.247256460199887,3.524358820763453,3.817787467138176,-9.238089504845711,-2.973750822558530,3.552915532050314,9.868442504195485,-4.852818866385125,-6.981965590051011,3.029956440063700,-0.312633362777690,9.206780890451721,-8.970773693820329,-6.574920461595061,7.126753133552420,-3.868311251736607,-1.444769406569561,-2.516275468129479,-4.049754020710454,4.797469317605890,-6.955423056890728,6.314130704353516,-4.030819301004178,-0.409392842136745,-4.430396123766027,6.406635089444958,-1.714241464465847,-0.132171467558599,5.231386208638387,-4.485468792419754,-8.443461740393744,5.262996938809970,6.773140108696058,5.686565832722280,-5.298354813520916,8.734720812609240,1.077630236115501,-5.397430070990527,-1.515050010964252,-6.582146082039686,-5.483859241780111,3.150160394507482,2.642442373782474,8.641430278029866,-6.928027223253006,6.614490601614158,9.319089717734052,-7.424780484408632,-0.287041870311986,8.361112403745455,-7.382559601155847,6.357798689133567,-0.007297306193422,-5.851209604992153
-1.928701013185407,3.242179718678738,9.990578064885757,-2.071342177605027,-9.529542802518129,-0.298260523291606,-2.658329354032785,-7.092692877399552,-5.576099451399479,-1.535506798631816,2.884908556647044,2.388318918872130,6.405571111534737,1.481801376383661,1.108928712484225,-0.226245212751312,-5.760990997780588,-9.273680765015353,-1.204881162363140,5.333728761922355,7.749926973039173,-7.549692816890139,-9.615358696496354,2.472195732799937,3.276321254007559,1.028216849371070,2.744993334314803,1.337836902073928,8.354780663214967,-0.098565166553698,-8.850048313494369,-7.120542972511421,3.580065662571688,-9.919995479707882,8.729976107552261,-5.090848738720761,0.245024352973280,5.303325859200442,-7.060683382156752,-5.182144005374436,5.192005888206745,-9.734948501588189,5.907090647987502,-6.507394744044703,-7.493957479541766,-2.970071692274194,5.000405627697809,-8.800590989795234,8.084536481587453,-4.105959959818395,5.651990092592261,-7.800161858642429,2.206976690811778,-0.329560782017575,-4.992194990358849,-9.694788073851290,-3.757669842141680,-1.215971564756090,4.222905444069427,-4.967795268102746,1.253200026465095,-4.415077215489067,-2.352667070369212,-9.314377029397695,-2.407792302155444,7.291470760563517,0.458838470556968,-5.859563196755881,8.317803693731960,3.747262749113748,-2.444827394555455,-0.328655701375242,-8.219934330818543,-5.576967461340903,3.016021070544799,-5.468475498831149,-9.294909864726126,-3.963070076895767,-7.759783888257035,5.452062015678376,-3.986392321712396,4.613511243339918,1.422524177641764,5.586357807614416,1.194714710302874,-2.595359659456042,-5.063159889017729,-8.081775853232118,-3.098394419689335,5.525178429720988,0.258949051359526,-7.937382306376848,-8.784275298490261,4.193530864067839,8.769452212025964,-2.524024941944846,0.354750028104680,-6.872791447556324,8.773401300990503,8.356268246042610,-0.682302228020482,3.505429436772600,3.063049068493012,4.859606459716048,1.884926372217826,8.468626450819919,-3.868107244729899,7.030385372332205,6.232755707882063,9.636162462275305,9.830575778304777,3.911879779170434,-4.371001458097526,6.207251508266118,-3.521753834144246,-0.337311751982597,-3.050305676281480,0.012707292335936,-3.006524353434590,-7.714719068756946,-7.477101283767911,-0.191185663008548,3.320658829672553,4.635706340348651,2.397900646291731
4.062931703257135,0.871491613012266,-2.906205593929827,-6.519107697114923,-6.788070196091680,-7.373298682231133,7.878341203098479,-6.805140468710437,3.511217753238734,0.990708056625767,9.331565325810885,-5.181846677664907,5.461038184866263,-7.828867529239441,-8.687124934212109,-3.455275017951680,8.358194774816667,-4.207134317291352,5.525202472600379,-1.440297286528470,-6.546202965592675,2.746523663163284,6.715075819788478,1.069380780277580,8.107750258576441,7.634468692507554,6.619570889863329,-3.476342448275638,-4.233220514837139,-2.847664107317629,-0.729815586486623,9.903256198736091,6.366893823267056,0.094594238574672,5.218792754288460,-9.359219575253551,4.821688575982456,3.304779973153217,1.528753450142368,-7.060125612290131,-2.860499203629587,0.811369862460030,9.063070249860111,5.431129516407310,8.627392321330273,4.965130604336906,-4.277290259162887,5.778894738737231,3.705874952314772,-1.993291107949801,-0.659859783321590,1.569352757118395,-6.099381529201267,3.600802084514896,9.446999484412629,3.541353131124117,0.540172256075133,-0.073718508550639,0.605209938446794,-6.809263339166092,-7.304692176211227,-5.493569597638393,6.029490042159019,4.520922094927592,-9.094480658488767,0.500667363151649,0.387012086549195,4.528755519788717,3.258126269790377,1.894917917271201,-6.587137232537275,8.516008529447451,3.768983595329569,1.171800235578967,-6.748728653457050,-3.124918493455877,-9.054050871305661,9.269295046454708,-2.997774504902686,-4.401738117127119,3.904866499016704,-6.369247743498092,-2.194903891316969,7.040731670835189,6.407458672337889,-9.730569105428195,-8.446187953046101,1.051110837488237,8.000971001192880,1.091096598916232,-9.544923318635771,6.388159830043783,-0.386515924852997,-6.072237813023758,-7.032737817824930,5.804200662274042,-0.944520304609661,-2.430416226659114,-6.205986117692395,3.624034247078239,-6.383224164519765,-7.738799268258163,4.314921742187277,-2.405707275968723,9.748140465687211,1.491330267262942,-6.572082842542033,-1.084724233697361,3.493017824775677,0.902913490163193,-7.845055758749191,-6.784322881331568,-5.547599578619322,3.192289877086269,0.700500513765448,-1.780352209779050,-3.501048947696239,-5.716214218329638,-8.969717811561607,-5.409965662404394,-7.644983093853178,-1.373335485765052,7.013530327675607,2.284583917948913,9.594663952419960
5.758570337321515,-5.963939117872689,-9.206144189133976,0.812356962868851,-2.937177827591640,8.085838218613027,-5.601161334824334,-5.978563584642522,-2.277192349760846,3.621723688336209,4.569497861244455,-4.097131120033481,8.375981082693443,-6.295585385467557,-5.281810458355515,-1.214227957950714,6.328974460294052,-0.425678173905480,-8.408551446924257,-7.282300465246938,7.922359285354375,8.724351577718370,5.722420453736989,8.240759966522333,4.395434009819922,2.552853266635534,4.277829986502688,-5.626424808133176,-3.995705530838325,0.024352319569322,5.326856299025973,-5.408979508894713,6.827324225393660,8.069285703465336,3.730557559571182,-7.977334497889430,8.605725696699380,-1.539911872127689,-9.227228556514957,-8.896235090131221,-0.923565402588373,-2.441153864576160,-7.678246546925973,4.429503019612662,-4.743084493527490,9.582520497571242,5.346838356034878,-9.871390478200562,-4.804313576765377,1.813731787465402,9.996584301165154,-8.934557344427914,5.086878166787711,-7.577332496746276,-1.105613693675739,1.283026387944100,5.971198355250113,-3.649847121802205,-7.270848844934077,-1.282804834807665,-4.456498381615512,-6.028763154208754,-1.063982111488615,-6.790602104178214,9.708922842875754,-9.781692592841264,-5.416727753969246,3.101112558933036,9.105370378018815,2.728017278616701,-7.904027828016718,-7.427214772656847,0.658312583360900,1.305718734033475,-7.935997830941148,-5.539763797772837,-8.649995433405323,1.061162852083140,2.437051275703944,9.219185673637465,-8.745400961702980,-8.754970527249224,-3.041025391830791,-7.785285959787700,-8.787921641331414,-7.719078251704445,-2.813171755293144,-5.236703442128747,-5.034622246978193,8.509463709030690,-1.782436141616850,0.145659881835716,-7.735369854125132,-2.239787515466396,0.754456288051347,-1.389472268099849,8.916346079305058,6.477739588187706,5.782706826826400,-7.193023695720015,8.304332118623485,8.339322575262884,4.311071201455320,-6.169773682811945,-5.759316996350423,9.237815796262694,3.634671142431854,0.245734982166447,3.954043455598242,-3.152500079701579,-2.746908756906372,-0.267663912065270,-6.612625086450661,7.076541353189473,4.812522877439221,7.197796148506757,5.900763209079907,-5.541383045652126,1.500019018868223,8.472032671950618,-3.129781834452238,-5.077133062709864,9.733348107176518,-4.486283593727580,-0.588111379218050
5.605663995622352,-4.911222331184451,-7.589912780729309,8.073935643735290,3.934437091372580,7.162798828997875,-2.033717873442409,3.333692834948625,-0.352272773725588,-0.651279606534224,6.964709501417833,8.317386753635489,8.743691978551169,-2.159153054702339,-8.628654445426839,7.821702817357867,-0.242236368675314,2.515023568557918,5.678873016730492,-1.865757537395469,-5.187034583011741,8.735867028813654,9.197429557190176,8.548014560981237,3.829598580541834,-6.096651124934988,-4.428287040756480,3.602911865761165,-3.494254053975552,-9.483373331515875,-6.021455696815623,-6.476072803649986,9.530382075847360,0.884022083909757,-4.905255888356496,8.959154163511304,-0.369462259860857,0.386972425250800,7.462458549197947,-6.213475132797706,-3.484584426710389,-2.004109572707820,-6.863473493540662,-0.994031517111786,2.566729791901256,-2.736779072452602,-4.240193126532796,-0.771512541366793,-1.189695147802857,-3.077383026799492,6.198267489290913,0.605628908954987,8.303093834285786,2.880497404528246,3.524154098874499,-0.461676857555746,-8.320441125680791,-0.213567861048958,2.462028322192605,-0.664728138134503,-1.643024588221744,5.073992452769925,2.118464423154023,8.750426821702145,2.158641891741407,6.241646952305395,-1.148273943610826,-5.389296982574043,5.169552485316760,-6.061923751707328,-9.294617502095324,-7.130203658666638,-7.475729682451480,-4.161577784726205,-4.095717983559410,1.819994383441315,1.440960302476098,0.487908572688699,9.540672975678067,2.606572457145973,4.116188454216068,6.454608610222401,6.371331853158711,-8.885505332088117,0.425767113566220,0.433641594951634,-0.638860519325068,-6.246173340581702,4.244698943982630,-8.684558588957078,-5.800406141189807,6.630573399219355,-8.222211471119099,-7.416580951196283,8.796622847547184,-1.616065586551706,-3.610194185049571,-9.016489528847931,3.341157744106127,-8.998524149468974,7.718468446595629,5.927116234697767,-7.268467599547925,1.807119789463501,9.815250365447536,-2.044950795614609,8.476902323598022,-7.733873484595184,1.588135556206838,6.735694701812101,-2.536963975079298,6.160041182580791,-7.405078329596413,-7.131398118407724,9.226969443346658,7.060488048553950,5.632348584124941,-0.661210674503256,0.229038314633218,-9.310045883921376,-2.571085777628365,-6.068562984992880,-5.210270455812958,2.470570697486211,3.437095823912573
-2.130939678290272,9.712528466055296,5.776071939394498,-2.866061685190973,-5.106745073998027,9.476950355196070,-7.388567526002188,-4.427106841287324,-7.329292105988485,3.043327497033829,-2.186913533261325,8.467262716833162,0.871157687555588,-8.375713836015056,0.354202322367957,6.647685107554569,-7.798218796256837,-0.808351053444055,8.293207072223904,1.603967325613997,-5.386847343055137,-1.716947864419714,-5.393380366495533,1.855581584291560,3.450408076773460,-5.986807685006770,-5.648391374372816,-2.856919104590736,-3.154163915221977,6.152794641933131,-2.600627862489970,-1.312369458562186,3.855888830204933,-1.011066262902975,-1.532057359063376,7.723479466182663,8.229087899828407,-2.210464670577754,-2.973354802030077,9.214737386220296,-3.214911712258861,6.340481570216717,-0.191907761654981,-9.229122728103018,6.730322048547372,7.143318754469323,-1.736616494386386,-4.292502597319299,3.722656791550271,4.821101943578071,4.665150922005260,6.506957806016416,5.551671843518694,9.668455394715352,-3.337884869227299,-9.055320336226577,5.358060342930425,-4.592942329778191,-2.580456869428501,8.665393888412897,-3.261483926119593,4.783263557240494,6.487883214071147,9.355777772433960,-7.450643656701148,4.288116229906402,2.886568926670154,-1.307934640033846,1.979186497718102,-3.258363220690597,6.188257157498761,7.949370887885998,-1.811043931626680,2.312830707100126,7.838750339654808,6.615671616831143,-6.702298142816443,-7.972002236209674,8.685450301160817,-1.373345381571545,-1.374039697595435,4.258820194021212,-4.792550752478641,0.361062182326421,-5.643044413320766,9.537637645087948,-2.511795750028671,0.846232958472740,-9.482970752162652,-5.349791020400321,-2.980778139963123,0.070649191414256,-5.549032504140041,-9.147427779762022,-3.354805440598156,6.100671001327346,2.859289868666167,7.714374445117393,-4.865644907519582,5.374210293769185,0.582152875928685,5.128098373064800,-6.439471998450945,-7.003329292872282,9.828351533997338,-5.831574126757147,-1.456795485011037,2.883029795423903,2.669204353311843,6.040506247113829,-5.426806705086145,2.964684731562315,9.764448349711021,-0.988981393434212,8.175692086350061,1.778779608137590,-3.618019957238847,0.489632839185123,-5.914840485119683,-1.867981446978320,3.810381866436218,2.393165914796571,8.882503190490382,-4.563974944168843,3.900536155664421
6.416762540121123,0.278754350050281,-0.161428168935862,-8.306396053081446,1.300671950396664,7.900162508512494,-3.298909270687423,-8.692665097872720,-0.329527739663739,9.929956424622457,-3.057851623039505,8.963984638954273,5.972410679088650,-2.456088001815866,2.735902745580045,0.191691780375368,-8.739774183743720,8.258353600259372,-2.322747784734609,1.648018311564428,-5.766811234648834,5.132538123826279,0.928895102550635,3.454828688031800,0.971750376148549,4.142867436520561,-7.228646691491081,5.273176394551808,-2.582097466869420,5.876023452570603,-0.633334897563726,7.910664777481998,-7.662983651660145,9.122512181402985,4.100244355710569,-0.891477214261382,-5.158346627151687,8.577204500118913,-4.354088677174193,-7.599474423421084,-3.299848340948135,-9.624894701473387,4.732150127702061,-2.291361104540670,8.654685773557510,8.117848667385712,-3.597863519630726,-0.291105993655016,-1.587168474050058,-8.770963035668501,-8.426005671265793,7.847689244704910,-2.851753660417275,-9.379801514813524,-7.121954837930926,-8.320708850831453,-8.097784649259825,-3.505203138826490,6.814722649931827,8.378743384659590,0.217032470004915,9.138141392355902,0.773535503972854,0.300087758026377,4.359287932168055,-4.179776862933853,3.553538063988388,2.033021568554481,3.427162899053254,9.854010427113828,-2.386493090117940,-2.846641309957167,9.680777441482569,-4.445836430413726,-1.635739734377575,-4.019666799012002,-8.828183512537526,1.593908676557747,-8.306315808264612,-9.242994209577670,-9.594829515854402,-8.984309791205291,-4.332053888538900,1.977054494303186,-1.130020842081368,-7.257118279296093,-8.399060678992079,-0.774514402350279,2.030295908428638,0.181524785592249,9.748008326950067,3.930044743577144,8.574791029079670,4.191474161431991,-6.300505802800291,-2.346899755794187,8.940431986550298,7.593632888497304,5.933044424805157,-6.978911218583659,-5.045086324237866,-9.876432918668145,-7.120623898047882,-2.995576993479327,-2.753191282068026,-5.011632432876619,-6.792334211625334,5.244741380319244,6.766033107650529,4.279399028015513,-3.319019165974780,-6.393070397218084,3.107512966597447,-4.889364046328904,6.499603903265466,5.264871502118162,-5.829135188761434,-7.015832168335079,-6.101271556154915,-0.223386021799644,-0.865311869620113,-9.415794004939990,-4.571077947724575,6.477130102269150,9.852743491272939
-7.088295311605767,5.228150236436669,3.698652555199605,-7.563076591296012,2.581699471525166,-1.384183698289885,5.660636034554287,-5.557671754050590,8.608076403012170,-5.560127398463326,-1.806944227137681,-6.984066220835638,1.147401362749543,-6.778765713810539,-6.809800481591344,2.501381021221604,-9.435715424568510,-2.154418902607834,5.155602971236256,-0.551440324890844,4.938743037038304,8.621109525166187,-2.450312951540045,4.888987935813748,1.548979785666189,0.045263036042051,8.850979175970423,2.959803906048268,1.774619450858028,1.986183879149369,-6.935981702226892,-4.297457844309081,-6.270627710144949,1.736067725942558,2.420155677757132,0.782230677713990,-0.123375063290512,6.334051207572756,-8.871209336671196,-2.582561796893296,-5.812648300307028,-1.962576848948132,6.028618542871456,-6.881579450081121,-5.488066947151382,-3.671168506874782,9.688985636338600,-0.339562624828009,-1.665145240086696,-1.446206129169687,9.981417628594549,-0.770802828208257,-9.632884320339008,-2.578071365905035,0.719797894895216,-3.503110786940125,8.487216016311546,-6.892545477551987,-6.077722203119946,-8.662983880313170,-6.716118849640891,2.247843570187932,-6.399431477865758,-7.418397888413956,1.179695467944409,-6.751622412991436,-5.560830387864764,0.964724192241068,-7.625974569122816,1.607987635471403,9.261324229100129,9.096127864068965,5.213324515272319,3.134929070246342,-0.329671916286054,-2.388089057322547,8.930015233976427,4.623043442447132,-7.229015818965962,-5.674696823832416,-6.711712824735692,-7.691886317830821,-9.604219977992694,-3.356044216198415,7.096992361160531,2.263397162837993,-2.269808207439425,9.303207859872625,-6.794113667294679,-5.689778888234858,9.355917881508233,1.940492300946566,8.214634529022216,7.006711767597423,1.737995706102646,0.337575540547924,-6.402927220089940,-6.656270555729844,1.261190686030073,-7.109791287462174,2.378512103544011,-0.385947148403076,-3.053681948249398,-0.832087864148175,3.117250600533188,7.011954293038599,6.327410514912280,2.798284169643644,-0.643183495838169,-8.709517204226886,-2.904026676470783,-5.493608804020451,9.899746208452228,-6.602757551286034,6.199453731494856,-1.019439813783588,-7.019739028789241,9.063572388026348,-8.830723123930802,5.122468424394096,-7.166080487966171,-5.203850246794925,4.816918718036060,-7.250051791070375,3.822281009431215
-6.190900729823756,-2.637972799410360,-3.406621616335570,1.367332524435849,-5.854838394662421,-5.057388516011287,-8.555997244894566,7.404750315880651,7.084862779228715,8.497229122549061,7.104099716960462,-9.879000569343454,-1.455111969204081,-6.461597314028307,9.844784953093583,2.450453988595099,-3.524713481746735,-6.096188495886070,-0.622243362157192,6.065737910825224,1.456009171940241,-2.882765408464882,-2.612419418816801,-7.924616145129891,2.677255621290012,9.359679863280917,6.012039992629674,6.517924601291750,1.874630095605049,-2.445678746357675,-4.534531803773683,4.732568526138438,9.967282535305188,0.433935920437879,6.864414910955521,6.148975535298682,0.662346807559256,-6.989623497532691,-2.993160473657339,-2.872033552860433,1.708826079611779,-7.109874701427364,0.935799694415456,7.269436293137495,-9.079339494598450,-1.331624148338971,4.108299721078588,-7.506966936885022,5.025004121838517,7.691570675180284,6.085510091107686,1.801248080512410,-3.867706718247666,-3.329457935475750,4.921775066211495,6.518391665280195,-8.095643092755292,4.091456330866773,-8.370556312810610,-4.209404918606207,-7.579076273144025,-3.972908014007686,-0.672721911362215,4.826902289462968,-8.709919533534924,3.245002316853338,-4.567671564544824,4.297487839605612,5.934029373459527,7.884981938399548,4.043078749064843,-1.719059815824904,-6.610732618397819,5.857122006730959,-5.455363894598079,-0.976459088418451,-0.286714284365528,-5.923051115911866,2.277408987313017,1.006836435888548,2.334949377773491,-9.225748053134419,-5.790073937380433,4.915178138825059,1.721895921019843,-0.127235965580601,3.538620752260231,-9.078116028696130,-1.644019043190607,-7.224087116044355,-3.967134467602040,5.541488410108453,-1.093356842522704,-5.152748647345733,-4.420752135892140,3.154137910334718,-6.734190535592715,-2.789874517646586,-2.561589389275469,5.659590336117370,-4.942165724822067,1.577478586168578,-2.596840040811152,9.747197649756387,-2.218764744217645,9.451263324210295,4.502649394786701,6.801867868034904,9.735475782769608,0.328691280439875,-8.159333283393362,0.129833738163839,1.914451463418532,7.949083997909284,-7.723079023268758,5.289417560645873,0.964891770567499,-7.442025582360198,-9.448143537651688,6.008617810593918,2.017417206137226,6.321941251812639,-0.123662774596340,-5.640433007261469,7.629181080675870
0.206985014194833,-8.579898885644209,7.183409762321848,-5.810536775583182,-7.965425949781686,-1.269980372666673,-6.710657007826846,3.131251555056242,-4.043898982049470,1.353539379201640,-6.060100254397918,6.957295014025647,-6.402980400810749,-5.944069706765469,-9.311188416014641,8.567338618832544,-6.870104937974403,7.748385816784435,5.920609854298785,7.448237933361398,-4.237157146162282,2.486352654011963,6.734009829250770,1.613404695745848,-4.661482026662660,4.383876845014520,-1.789218502901432,4.377035877874286,6.767017314607379,8.076883143362977,-7.735084221725419,0.710863307398849,1.563314425414138,1.960428324517903,-0.890848137634336,-9.600294317274169,-4.690237086615343,-6.040499835549613,-1.665807142786829,4.904203489739654,-0.852176600366047,-7.426401726098428,-5.427801356288575,8.808954380781394,-4.741750409648087,1.820572982870033,-3.306238124807457,-1.012346931908461,4.366578616273326,1.727259851890759,5.128917008191747,-1.537855148589298,-2.879224907175974,6.812440137461401,-6.124775467228343,7.530617005536019,4.522612358432633,3.588063548123808,2.845003464432976,2.829002016015849,-7.056868556136832,5.503382958787732,7.675820380672846,9.334448687266089,-1.910574338988356,1.130803034972050,0.711718622552883,2.781644337583787,-7.793447348861175,1.170658546993266,4.411677708209787,3.102215062129059,7.604977733868655,1.538759617222121,4.001374531909240,-6.309590114863846,8.550001439462939,4.011129868445778,8.151345912499806,-8.271957826234980,0.971269052056282,9.763998735418294,-1.489642604613747,5.668564134751595,-2.166450913745937,-3.854486300594216,6.776007897355491,0.010603983294191,6.661299624650386,7.571077640031035,-4.921534373644376,-5.968712542315431,6.769530560065679,-9.740931199449385,7.904165097467239,-2.813005325817035,-0.323521350110362,1.606427971152421,-3.276857916579139,5.484151698343393,-9.530131880735574,-4.892557721062019,8.156424016660687,0.104850810434518,-7.624140209514978,-4.587494119515054,-9.696623979410010,-7.587859410051612,-4.474396742682671,-5.076265040867791,6.348243676566721,6.662087899173468,-4.624130045132009,-6.526934057825029,-8.117230757394919,-6.930010275324179,-3.291491945632698,5.254678412788250,-3.444604205291744,6.111029071798541,5.059075590694883,-5.562624517245642,6.502274298876564,5.380685085782801,-8.416799124122011
-6.672123778836989,6.911780638115555,3.236264011681811,2.507205037416437,8.223188760641605,-9.265401494522447,7.521064194044445,-9.192686762931670,4.453977371107150,5.057358449577938,-7.894065979068574,-2.220541900969364,-5.051512860243575,1.351755598654174,2.216787770606970,0.585299570079357,-4.245696259117214,-1.333320832113856,-1.129268808068067,-5.830568465657353,-6.929871299381210,-6.928322382710381,1.588646007082822,-0.521250874495976,5.070429391177310,-2.624806729564757,0.193292347578151,7.967578273011103,9.555820160078618,9.030556915823926,-2.443238713483167,-5.141612113225584,-5.900152098055324,0.748631101632968,-9.204089605589260,2.883097098838396,-9.469925318699477,-2.151146808884052,-8.912484783905533,-9.054483118056361,0.512335105885676,0.030881039570476,7.070501768240703,-3.277517154925997,1.689396138309069,-5.150724847789494,-4.186639130361296,5.152958362775038,-4.245731246571696,1.561946170842223,-1.660598143533969,0.032609956668971,-1.566747439369394,-1.252184469233992,3.737375288390044,-1.934180428999014,4.846261119618859,-4.509771575455064,4.178258184507420,2.270009291591577,-0.890890096366112,2.082473636836477,7.024766005755499,-9.287431817224544,5.375320134615464,9.020547709448877,3.472482080797889,1.118279896266433,-2.931257307104733,-5.132655343970205,-1.290105884157313,-9.403003916932333,-1.173452605625352,-7.505569587121263,-7.410650934656056,2.579747129215225,5.713383440739241,2.822379886353552,3.269476866216150,-0.825743875252696,1.144297852771670,3.265424044090224,-1.617238187742329,8.000943356186813,3.205651047224221,4.589418483047840,-6.049750902560316,3.714356973997262,-7.773993132406918,9.837928925856488,-5.423174708682521,3.756354083391539,-3.100723890667824,5.955939950209606,6.371477323349424,4.898902623743586,4.992603547557415,4.646963979299787,0.537450226698928,-5.562847743475848,-9.165590514588256,0.291771383971490,8.469871896387456,6.103857270000436,-1.374161725195728,7.731167402290801,-1.760062573618274,-9.199395516618242,4.205168166855467,-0.575181954046549,4.197247148152901,8.867957878266125,-9.903633695599169,-9.247777968139825,5.366924033553227,-7.390526446865248,7.304962679400976,-8.058182451931559,1.305571334435287,6.848755896848346,-8.078435036692248,-6.890107436883954,8.709355974796861,-6.111859625297329,1.026160889068450
8.111444527677843,9.040078109363215,4.907933429717790,6.677141572417010,7.919828214999960,6.136706808836774,8.197486522512804,9.011090347594759,2.636888223906329,-8.123168482710845,-0.148593964815188,1.514766457550740,-7.322896094504687,4.040353335392865,-7.972991898863812,-4.401623997667903,1.339178080151308,9.896597202214874,3.668452618436815,-4.315359746234839,-1.644989425428234,0.842639233627551,-2.362275488012589,2.013915175445719,2.527316799133317,-5.663881487975049,8.833328324835396,-6.313411324868876,4.863826045745039,-5.208766503599747,4.395819780504095,-4.251644388422591,5.241282620281730,9.558657213097991,7.262737811075006,-1.404860546171760,4.060335434671076,-9.880946657127620,-9.341956485003776,-4.911789138500964,-3.867434765048634,2.179762565741877,1.048383352353930,3.846072911526017,-1.058584482456038,-8.507332591032817,-7.368117140503361,0.208660534010498,0.191255813948299,-8.647677877064563,-0.369180772268273,-6.353275322993541,6.424633719992666,-7.457819833977910,-9.394811695872500,8.870959834200942,-4.660502700493869,-1.419649972532280,-6.425972481188365,-0.206808468228463,8.786999973531987,3.425003940685276,-3.878184289157643,0.566063984320110,9.324087138945615,3.319351414502162,-3.653987552566853,-6.936512928212426,5.845397498180681,-0.381239461439717,-0.835257036327777,4.957340960280570,-6.279217900074920,-9.469792269187963,-0.680018241959841,9.509869510573591,-5.535227923402672,-9.755771608397044,-2.716550874144660,-6.086194944316992,-6.166456194641647,3.176976468319378,-1.363075862625564,5.655097274214731,-9.983831091959841,5.421430041546122,4.088996594852466,-6.990604915636536,7.299356077895791,0.280052365699742,5.873370256366075,-6.327484147522875,8.035342054690329,-2.157585445417267,-4.603822603388760,1.375632254427932,3.396551358488127,-8.072124274201148,1.188462851878798,-0.706747903211840,-7.882745597634687,-3.860851749533989,1.440317187655003,0.405484581605924,-0.577603849164873,-8.382233211744008,-7.138987797387037,1.130887291420064,-5.481881001575417,-2.130823421989632,4.055901741142122,-1.432346584833562,3.008870649565893,7.278735732781016,6.984256698654463,8.036518196102914,3.914320651588225,-6.486704925699565,-8.405349414641956,0.416964247185266,2.196255086384362,-0.233855453871497,-8.016774303169809,-2.087013787672316,7.416488395155977
5.572484314141231,7.932913442127433,-9.392172987787257,7.459392498472880,3.844252897354728,3.381863662303981,-2.331600898732944,6.615587009774849,6.293448349821439,8.852454715512714,4.005035548433709,-6.805190432882659,-8.904341405830960,-9.560985583597134,7.170078840983582,-8.202858212679589,-2.204455968028225,-2.318290647687791,-6.038883381775997,0.855244758214045,-9.785655355992617,6.640785679738951,-7.724699151068006,-8.486713035386042,4.161335384599262,-8.949894696735274,-9.116951486515411,-3.088755295232508,7.491565156645205,3.949575488249465,-8.595419431130864,-3.288989671170479,7.383770000969811,-7.014221897268042,-5.977248147703396,0.754352357112344,2.266067713584071,-5.015948975960600,-4.637021916898474,8.849972153617578,2.008651646806221,0.409792286815616,3.159633066595276,-1.612379216850302,1.307561245550007,-6.914138671667899,5.373918049485091,-6.267895603404603,-7.515338463740793,8.268322460408033,5.427464949038177,4.810095907669316,-3.288777631064425,6.501707964074683,5.545559753679976,3.585448242109109,-1.069007530643688,8.437941962844008,-0.827367214502805,9.042260554289928,6.205484629502067,6.768289242889733,-3.995045926259020,-2.302264861052645,1.260270826259047,1.339896631403274,-0.240071914097424,7.175657091237724,3.259166048948916,-1.488465455984237,4.930875352476217,0.457838536950263,8.418066791961483,1.890315143090792,-6.365759696268438,-4.374895552509317,-2.011307595532852,2.351084405029413,3.209712472081145,8.597143174445030,-3.274813200281967,-5.340166262839472,4.149000284892319,-9.858516997571316,-9.000321986555150,0.189070981153680,-6.526290957082573,-3.968731852159141,7.032032294435950,0.376673372396690,-9.141586221010666,-6.104863375225253,2.098926785224169,-6.155385453776003,-1.609557259708597,-1.883914288822622,8.182644139189705,2.190333853476524,4.064175551847928,-7.722807276963561,6.788552663870441,3.338417047477140,1.574841461576815,-6.626633770467382,-6.508013398694361,-5.608419254574195,6.310465267944000,-0.024455080976233,-3.768499308622650,9.154332777290929,-0.155643104253659,3.482345738161346,3.503711504906398,5.466159158102100,-3.100910142063141,-5.748987118258113,-8.337317405752817,-2.719112436407929,-2.327319642470565,5.778042334718618,9.904742766998798,-6.554904864905645,-1.777036373247892,-1.130551471037649,-9.381522590983888
4.514530533009790,-0.997868957109445,-4.384768181620846,9.102934750705224,-9.300898024816739,-9.186699096991568,7.167805047231720,-4.987659149271620,6.504489637067589,8.401936126962834,-3.441129105720613,-4.208137101865546,-4.290519199476888,4.117514802994751,7.361363804072663,-5.401982334797111,-9.944277027031694,-0.393921504672502,-9.275093281227537,-6.639166532170576,-6.945320701481929,-2.071047328576969,7.300543990166499,5.012200490634660,0.956179112796828,3.487048400940036,0.052415317376852,-4.433288717563597,5.123062078163018,8.642293280312497,3.478062250710723,6.655890913294776,6.644672918224401,-2.889302753935703,0.778321265467463,-7.506370895276779,-3.183498457963633,2.093825696201385,3.730416952313290,2.130817529976781,-6.666533564259794,5.337435348112209,1.485353571450077,-1.633155407352048,-0.839626759152821,-6.348630973773906,-7.805875892825171,-3.656497742279702,-3.501376423305100,-3.149229630036146,9.487798251051235,7.499724858591417,-4.604266352238473,9.523709489261837,8.531035386190815,0.409218860695578,9.453655443544989,3.578219430486602,3.005215620334864,0.764914890327539,1.527783223962903,2.272626515749634,3.959872762596937,-2.459278579907678,-6.758245645529328,-3.936259279624455,-2.917102520557497,-6.169707701726256,-0.732171740477254,-6.728686672246996,8.121216986451060,3.608082807383004,1.518333293429039,-9.818293787572717,3.414605230965506,9.642811662084991,0.429062526257923,8.445406338051413,7.763718060362315,-4.102215090906165,-7.758082764964856,-5.734836780742912,9.531534011897364,-4.676296282388670,-4.778193415492858,0.129535293500453,6.206565078035702,-1.328026239871400,-1.767506570386001,-8.109793285213138,8.287696862045689,-4.976904826102546,5.474246146481716,0.002411612225664,7.307411204921831,0.609866215805612,9.454074895802265,-7.154764196599228,-0.483547185788332,-2.751021441925328,8.762515651929377,-7.715500303016080,4.921731743235146,3.853817215657156,5.542456928659771,-5.796798181953977,-7.274196025926849,0.280349592244825,-7.500135149771485,0.362993030781345,9.803851794898939,5.734496987856115,-5.253962652146129,-0.744003820401669,2.585716233182634,-6.713567930243207,0.655644216259063,3.288319495910674,-8.750751239036259,9.334164068232841,1.557188337884769,-0.026222235162994,9.400313356796055,-4.062830106409880,-2.884090301456648
5.929375568976297,-0.232567243647186,-3.530720929795215,-0.315194339985007,-5.017259594329600,-9.222440640341365,-4.584988666816714,1.707367807476032,-3.518295374276919,-7.672978560928456,0.632185722638404,-5.159964724028720,-2.566714894747619,-1.615592485052215,5.730082964628100,0.805247384774564,4.939261221651334,-0.936778570506196,6.087082413796544,-3.355097895574737,5.650543067689300,4.837786520992704,-9.747673576028211,-1.006340442048719,2.360592290090548,-0.209469653270125,-5.923529239880807,7.884365810125527,6.368269241648534,-9.861288111843864,-7.299026306748145,3.557527117002401,-5.519084287051525,7.633445930182674,-1.462524531562000,6.235081419041315,1.051773861382729,9.986476333066832,-4.010368688299732,-4.311574124681526,8.844183277488131,-1.876056377228878,9.072603650578213,-1.502167321119380,-3.851529311989723,1.698109060656147,-2.338218936647330,4.829651700421811,-8.825112800807133,4.422955676400701,3.994662717640747,1.502306559541966,5.838844272176395,-8.036179950916102,-0.623829227142380,8.187653343373892,3.965340006568459,-7.185251497752947,3.849376692424361,-4.039600013243858,5.791292103458005,5.670253758201053,-8.481314912023324,-5.578790946246470,4.673674100013166,-0.254809022540794,9.778382303265115,-1.475872766015907,7.143701277240716,-8.315229953410476,-8.726274052654023,4.873251721693808,9.088147833331902,0.976663493929289,-9.467812361020512,-6.521551509450840,-2.532234104106051,2.814781496022983,4.458444394252501,-8.546177016642497,2.972419351790585,-2.466762579147099,-3.111125390628350,-0.981623588377198,-9.913650392690773,-5.931064875696155,-0.547194747551982,-6.167805833533071,5.392581590187692,2.866606969300321,-2.899935306282700,5.526720204423412,-0.034195584877272,3.878323894313937,5.998310489997721,-4.806468712924667,4.616751165078023,5.635790335325302,-4.411203753584947,7.493354430708504,-4.000166553620024,1.868282293500428,5.717602887782395,2.100263682788029,-3.197433185707251,6.738799608917109,-1.582556218666650,8.077225906942619,4.643936603558716,-6.054034463456139,-3.955635413120921,0.520722736286764,1.888774362857554,0.297471243194565,-5.976458331058996,1.029965410361823,7.265035689383843,-1.283437925444176,-4.385184465967709,0.753115689724101,-1.415569305439830,5.655042463693277,-9.866799749968520,-6.476378299052021,5.641057844188378
-7.307218890378944,6.029825086870201,-0.176917591724550,8.573156322572530,5.890133917593761,-6.202590721837275,-9.601811794011002,-9.513643523707898,9.593561120782518,-7.789060775698480,-2.816667415364746,4.260459112130331,-3.138082412985234,7.235755140352261,-8.343194733091739,5.920985250945110,-1.701044117330611,-4.173795825281353,-1.710092406340941,-8.645289265811005,-8.589227590229651,-7.622727073463455,3.550985131074373,6.556197742199316,-2.004504142790980,-1.279004783073255,-1.553586972972090,-2.043477788467674,1.463362829068471,-4.267636814841909,3.210233697840263,8.564360047130290,8.498361339306246,-0.991335903480714,-3.702813771069504,-8.710381239754842,8.380668278729914,3.504094387555547,9.399429283687940,3.143758914280504,3.936368349801569,0.846703595432981,9.537699332174313,-5.527976492961624,-8.716717244648208,-3.708724750578862,-7.495264131693967,0.329440386364681,6.378511554705973,-2.401561371658056,8.047192281600534,0.438487118976594,-9.939698511944069,-2.124780419695364,4.671441613953476,-1.533558655863757,-1.755437586021243,-6.407290969889621,5.975801964199270,0.658355125856406,-6.032839643173771,-5.900606014247955,7.708359396074712,-5.614960243490819,7.351489214858375,1.743736159083621,8.919392917357410,-0.273112744278368,-1.346575817431390,5.514163804178903,7.041782742504832,6.753189502080669,6.295320309597173,9.431306743990618,8.162317789411428,2.755202386093178,-8.403643699644592,-9.374488970929004,-1.700443667925759,-6.558568487042127,4.938132057225545,1.475404739799441,4.129173185007177,1.482441758075462,9.687495910390385,-4.718311926721857,2.108592833173057,4.020661798641434,4.222281370867426,2.226880195609480,-8.072536318784527,-0.726498667621270,-5.596775211277736,4.037872367319910,-2.880743044561820,-5.456686264728516,8.817123354926846,-2.555818817776300,9.178463620591710,-7.550577538725092,8.847137244367214,-0.521267330811055,-8.100476459554178,-5.568091663033831,0.014760758502874,-8.610639876725410,5.886333899804679,2.190718584535835,5.320259001903569,8.141633424618902,-4.384989273460835,-7.338758441644764,7.076575406879247,-4.701322995339881,-8.371547409083124,1.122466801356852,0.682713866399036,-0.064226800397920,4.507227824790990,1.191610495624101,-0.014497848157230,-7.305334440561064,-3.770453091602485,2.501693967405492,0.404392229010027
-0.720917185885918,-4.995198999260113,-0.154448739083177,8.967382471234657,-3.194994511477256,-0.064070909120044,9.945561210339250,-7.433683902184340,-0.728237367142581,-9.330697624189636,-8.307433086433891,-0.411807144860504,1.097118582214410,-5.032152864225146,-1.961652012080988,5.836397971742004,0.401724169698392,3.003939869240515,-6.740449549903593,1.857533131610731,-0.857931392562293,-8.831006949885509,-1.323156275633535,8.406909415955688,-3.694023585712182,-6.467954612122697,-3.026303659290752,8.283417333721598,-0.274202259696409,8.622046380767959,-0.427651299406918,4.478760644712867,7.182506798517810,8.043020109339970,-3.806706612126378,-3.316997929368473,4.079717749317876,5.645585090406680,2.953752497923743,-7.906798825536194,7.440356196624819,-7.298544783675169,-0.889715798639525,-9.342817674833929,-7.211574676928436,-2.242295019585702,-6.735380363200774,1.940412167299892,3.988400224016281,-1.919774663254969,-5.280019415518671,8.796073779849181,5.919888415414349,9.322522746451327,-9.842125903292683,4.818323976837252,-0.197942908288146,4.730335424328382,8.692877203488369,2.978911607373441,-4.279151853332481,0.192454888926836,-4.085754766555432,-2.220880231629820,-0.482890929019927,2.220127610803786,8.584142468911857,8.639648057632513,-7.489999125101036,6.022279648787233,1.473464432803507,-8.547322295280754,1.576223769710257,8.815571805181726,-4.451700931645400,-8.269469694839939,4.836553994881834,-4.519747764666862,-4.119887246104012,-0.216494455021632,0.569370637895050,0.948478217464237,1.711082177311670,4.509684335190194,-5.733515315677176,-6.879752931447021,-1.378002699189626,1.379686696675755,-1.041555555892755,3.977411843653140,-6.733718350188933,6.473981435363658,-3.547026292115882,-9.771161070722535,-6.715846512282884,-5.454414121415924,-2.770265216827672,-7.520553288889074,3.546026863762277,-0.155069479510148,4.909410229567282,2.378136879612274,5.480148237770791,7.080617119506162,8.756054436501607,9.811906114188499,0.560299173768541,-4.432470178468551,-1.623356660938883,1.575715809232793,-5.501598841873328,8.646700160741617,-1.158972903478601,3.922244055600308,1.129932258230273,-4.670581984261990,1.588348988819577,7.694366575927081,-4.182755049683657,-6.794541710342868,8.716127324787792,1.459883479143691,1.367401019980107,5.388902911166973,7.948577359282275
5.254499532184497,-8.855414393382814,9.946357177348851,-5.034602378056321,-6.350165492571296,4.593694089349016,5.177956392384770,7.015218110315764,2.886846908058967,9.839418806674949,-0.470925865828558,-2.396471556037176,5.478916387444146,4.660948832107088,4.955825507882816,1.648945995294840,-7.168303998367285,3.188609215781998,2.134093212119602,-6.881570022498311,6.671363098399443,9.346623403954673,0.054180630793589,-5.708263412804016,9.633171972692139,-6.933175559362292,-4.280607598489010,-3.110391598149532,-5.695465817258702,-1.939247104686419,-6.380136775037619,5.538258211678563,0.105537236092200,5.536382586810166,3.327906225707885,-6.925567740697312,-4.690346369497808,-7.113060869002812,-4.591724664457988,5.751402016563592,-4.399603418291993,8.536876019682154,8.224463842903610,7.773116051500601,-4.136175033784024,-0.148291478440271,0.406618595472562,1.446293531076561,-6.117095127534031,7.076084180257734,-1.672369638932379,2.134676332154422,6.791026626879368,-5.388255996411051,-0.195316490924682,-3.243189744066816,-9.804426426359916,-8.853680178352818,0.643800650844115,-5.419525070068405,4.474014237494870,8.369448922145065,-1.288105531079047,-2.313311718065377,6.109921935442131,-9.481964562139320,2.214404965129845,0.906181465879348,0.284348318584648,4.958042407362516,-6.956790604172771,-8.332781553126846,0.895250536072297,0.134249271865219,9.881047298668548,7.073565735623554,9.932263238963085,-4.230303405710543,-1.209518643751847,-0.752698192393124,-5.092946829717278,7.840034925462888,-6.929054727013677,2.855579492368939,-7.744948484633369,7.149174656661788,-7.283930967103713,-2.899602739618034,-9.582153081510809,-1.782746178733177,-9.292123165384298,-5.088016377115087,3.095074488004887,-0.349014617580739,1.826561416146127,-0.325124815944545,8.335617977560560,5.355054584291384,-6.117074230231506,3.904599916712758,-5.303987783432711,7.564362741698510,7.256307089523979,-2.909929614658062,6.626469555435776,-6.831640392793612,5.260327711997657,-3.686935804777994,9.803054805062626,-6.769598266928116,-7.249272928672337,3.738469363739723,-5.030099272133020,9.246905738780558,-6.899132971908852,-0.913955425216049,3.440187036031176,-8.995891247955203,4.198501051729398,0.023483437106748,-7.809257233274309,6.783157491070501,-2.904037075699010,3.293519165979061,-4.087524158784488
-8.773634069806647,2.222162628304744,-6.563436460224416,4.863369840796691,8.321774189786272,0.709763715299923,-2.421804164319199,-6.238035755751666,9.384007993187506,-4.766188381949423,7.948266639417255,4.478248886562673,0.925833496843921,8.651964495852191,3.174139765271393,-0.074249710793080,-1.521898825714722,-7.315878446167449,6.866674183485653,7.962732075726770,-2.593574217724417,4.207572656646967,-1.911338688143926,5.256544463072428,6.797240415719273,-2.636746622535211,-0.598508861994473,2.678085699920810,3.773439296939225,-3.624226084072268,-8.331489016604099,-0.729966322918509,-3.392524852386560,9.430106124251914,-7.383588838885284,-9.483347775014185,0.399225143133211,2.166718557925671,-0.878674185103749,-4.587271262875956,4.817419567186775,-3.711174595165117,-6.848926708026195,2.196407894750134,-2.803133484173372,-0.283780348238237,-3.173507059345555,-6.134665800046317,-6.719795726492357,0.787347277967736,-6.539050494227732,5.960568739308753,-6.241286902697231,2.732123661587584,2.584661876737099,1.741489345490431,7.565824210345376,-6.839580063203627,-9.846918424039613,-4.565575570154310,0.477203899408369,4.508517442547008,9.880902837266934,-6.313188419421374,-4.144797416238195,2.052451929473051,4.091427604972900,1.358980909689453,9.063048027408740,2.438301322677992,2.773952473032564,0.695249644785763,-9.926968855032248,-2.045957607081976,5.983704130037275,4.121995677416503,1.563022258076380,3.163764154797239,-7.133939395624090,-7.897875208658276,0.579205827624243,-4.561831172675954,-7.744863567695055,1.449717233319813,3.251462752821499,2.557731834137584,2.682900229785059,8.247686877517715,-7.457158930277514,-9.882759218227015,1.685311653511889,6.615292872978781,1.626476664028385,-7.309108995553855,3.317548682050768,-4.277214013190918,-1.189543151776011,-8.949896365654732,2.295529552863769,-2.353293033095349,-7.350071407862487,-7.212806440556179,-4.384400608535106,-4.667873417663355,3.204728771774503,8.901537060346339,6.498188886694717,-0.674854464540877,6.638246536672511,4.543469983246444,-4.134283192611030,8.479800058498853,-9.574603283363864,-9.598129192748461,3.141891519925178,2.540339024890919,4.341207371976969,7.488496447544577,4.876446516266430,-1.125308653306456,9.972550607655148,7.804554642417056,-1.281122919257758,-5.264969736481553,-0.050714079881473
0.847283082525632,-5.809916547361206,8.369365641851576,-7.611255746931123,-1.047167698554425,5.870690476275655,6.943319697033331,-8.779594305965135,-6.206786830465960,9.282203505594829,8.056114479899776,7.555230957899887,7.812468364113677,-8.759753408792793,5.942881096412664,-0.208411253821193,-7.962187255704842,-0.070819504152180,-3.362132994299996,-2.826522960186118,-0.859945838279819,-4.400779828528975,7.251414330786329,1.217351788557213,-0.163827231381363,-8.288771430564525,0.080831248189055,-2.476486319643094,1.211168653692397,-8.052321552114066,-3.201286713614309,7.121518293231958,-7.252417593004681,-9.539859771397252,-8.885407311988162,-9.388712141971101,3.704849145672679,-6.813153973383241,-8.466413699311090,2.204887889517158,-1.017787344452639,-4.877406750827373,3.689044492221548,1.358071201549176,-4.555564796341129,-8.053881445767052,4.402595762470579,7.450746446568846,2.745937470821172,-1.643188988185852,-2.102076483466355,-4.655195767584088,-3.345723386318394,-8.965011846752889,5.093379830114198,6.753107024474691,1.847171327901656,-8.468495861213958,-3.177038849649893,2.146901773502023,-9.281598498723433,0.742993438829590,5.905924569079668,-5.636870772465768,-8.008079106265297,-2.222733166313366,-6.402587507525084,2.308522570219553,0.914715890109413,-8.659772947207497,-9.075537680319991,9.382201555107187,-7.039395484657753,7.356171649653870,-4.470334832188541,-6.700729959878400,7.747611895409939,2.193672435165620,0.856134022840052,-2.903215628289921,0.338908925884013,-4.300796765106785,-0.882516906444792,5.493117959171594,2.781667517322980,-0.084906047211412,-0.266681677384073,5.975778457574002,1.209089557578110,5.569570132453714,4.803364301867942,0.268201521273747,-9.370055278479818,1.917420579104208,-0.893243572559768,-0.142957633746676,7.271937406064723,0.144359243951337,-9.778782359479386,7.309825651805994,8.653145904871025,-3.785451877190860,8.059948963982848,5.336599521290077,-3.984321062788965,-4.365630355051540,-5.234926417442995,4.875345673905793,-5.148183157357322,7.379487156761936,9.297062620201700,1.244801020069968,-2.389041659559529,-0.481181529390845,-1.338295570537051,9.632797490501424,-5.575759029641974,8.263231321287776,7.865111527068883,-6.509849889181729,2.650811284715189,5.171753470501518,-0.359467422691623,2.755485355020220,8.573370748145358
-0.978998292451740,-4.353734278712899,4.497514644535821,2.423850498295476,7.467399287441644,3.877170566911193,-4.597788360717030,9.583331061886181,-0.947184768298882,-9.605279244226407,6.060980176227460,-2.554331754181016,3.102363086942274,3.166588963883207,-6.875287442656033,7.784651238743226,4.699965012834774,8.701376352658642,1.183229741349837,5.312554567182040,-4.824994765871418,-0.718634993480219,-7.700309392161408,-5.410011046889942,-0.885554766571818,5.251025301610310,0.739204118790486,3.233035281924217,3.852026963386345,9.949960903737932,6.593262494318555,7.764460192039277,9.359196926801459,-6.484235956903445,-3.084517703978915,-8.890506877060780,-7.335196108649193,3.349367177887606,8.805443384002153,3.642344654777547,-0.114554184710684,-6.937118454529639,9.156246070961394,8.626485167957764,-7.654708104056526,4.968167066753622,0.866429229843565,4.436070181042595,-6.759389550611696,-8.677300908140420,5.463821433426197,7.856846169902251,2.080285384524023,-3.122038183719120,-6.833537072731186,7.306214742816749,-0.556148622158304,1.516535322482202,9.792208147410868,9.274410355188827,-3.732924193523434,6.646287388186312,1.037183573610299,9.386511849734852,5.667120325943218,-9.682343114251704,6.355118082656794,9.777486601268230,9.823937811880882,-7.850501182704905,7.152060690828336,-6.325944699166211,8.076427492055437,6.870233419616017,0.632141789988520,0.594198500728677,-4.571357051469153,3.999276451587047,-4.376132402178195,-3.464400911281952,-4.894840568419907,-4.216507629561114,-7.163295226518347,5.741915411933743,-5.467690524203697,3.280439170451819,5.324914313520271,9.588763339404903,3.913783247882535,-7.118711413750152,0.695921735960546,6.589057976775972,9.755221157723437,-2.017253477813570,-8.071348630670347,0.464464237462781,-6.506150301031099,-0.931344589934893,1.223265766110192,9.571111877944819,-8.958970755305630,7.002773309881480,4.291913198669786,-9.907927430419035,-3.536289331354263,7.163305372717627,4.398196689006010,-3.978329655206378,-1.198970648698545,-3.044702026946490,6.220433247095034,-9.850927256643295,6.877773615833561,-4.962120373354102,-6.357037910231956,1.130785102584520,-1.888344504497734,1.157471055129930,-2.220679286104028,1.096307121889923,1.106010553817210,-5.765108700172192,4.311995504185850,-5.251877287204650,8.495960322474318
8.961392121349569,0.662250379515353,6.330511159673499,1.502767699639014,-8.788940701629404,-2.458209309034123,-5.176510301709136,4.940631941559506,-7.517417462744791,5.534219694635700,9.752016277567197,7.923298686184776,8.811613988754221,-9.786524665036707,6.588537909476774,4.512006381964184,2.909943726453790,7.481758469579820,-6.161803860257720,-7.401947304236529,1.707371820455521,-8.080786611355881,7.110822942926514,1.231084942978473,-7.590720076593471,3.865193256028496,3.613789954567972,-6.130136883560877,1.549913451577137,-1.917676289845467,1.228922603547776,-7.418734916746468,2.423483152733732,8.171977667040139,-2.215370114499942,8.244815396933088,-5.035131912687827,-4.919488518098232,9.658766005614648,-8.322614346263386,-5.470161266202598,-3.936083826431334,7.975767252473940,9.870433616347334,4.171272090746616,6.229889608164992,3.035616208521185,-7.780042639508129,-5.516999492361238,-8.642654534869113,9.776449237929583,-2.575572376560704,0.528244867664702,6.035297435569905,-5.716015809962276,9.361170924574370,4.465529339430582,0.854601878939237,-1.867543056523324,1.127306442530653,-0.322795417307390,-5.266900956085081,-8.258607991004205,-4.320817932731149,0.517361060326731,7.568112449452681,-4.167312378237651,4.367905324056940,8.978380379773355,6.475387529003214,9.495685132306100,-4.941284897544389,-4.194661834208904,-8.678441470284689,7.039897773312934,1.005906600888968,-9.538787805800501,-0.540100965597984,-2.338492493842718,-3.426565431897690,-0.030092206305882,-2.631310791280736,-4.388682874712455,5.115970644582386,-9.920103344306138,-6.279413943185023,-9.388302665823037,7.665285552037506,9.143007909054511,9.392565644893928,5.414652081609866,4.114877361458241,-3.858764849955280,3.552262167969335,6.696454347570693,5.827037012880954,0.226596455350812,1.076536742188271,-8.144412155958811,-2.704271661258744,6.475042027137651,5.984653103386172,-6.246436994347175,-8.828477886942741,-7.397996809538244,6.927273985317200,2.987846271163846,7.145044168856739,-4.514488754640529,7.863620517828920,-0.026531278787340,1.234312528496774,-6.216331679325446,-9.620696688310408,1.231979124758727,6.613659079186366,-1.677963093386914,8.545484051392027,3.306996524629337,1.076662017467729,-9.855041644535822,5.798710424431334,6.216561530930498,3.296875667492413,-2.395920605101765
-5.217070576432477,5.695404769574521,-8.060675783290554,2.827846661710591,-3.371205534965354,-8.638155122983273,9.854872061111134,7.984068518446954,0.337728128236009,-2.673696869508142,4.867283629632981,6.208779155129307,3.437950480710617,6.194745009580963,8.525657473906811,-1.122552821923410,8.377944323849981,-0.315660147455608,8.914381570063597,5.199623261485293,8.489283495258661,1.179543749929174,8.756801632318755,-7.574789057617335,1.000631539416730,-3.316062247661760,3.647253167156526,-2.710450124707195,-7.254157711515290,5.496937654426471,-3.578773506064968,1.132971066302771,-7.293134286364385,-1.664252801190775,-2.457518590166283,6.285397876778621,4.641595688846714,-6.451747738516929,-4.522513826419978,-5.730070147956699,-2.521593171962328,-4.400769946649206,-9.746590338721884,-0.913696190037987,-8.722492123248454,9.290854173786304,-2.281931189478474,-2.463214645143800,-9.026076001615584,0.992786096074262,8.215637879971446,-3.864855527659266,-2.470135273801260,9.503099982381684,6.316515959450033,-2.623433598876550,3.132333644776837,2.646545328705782,5.579752055154508,2.547210319133438,8.147288176918998,-6.939072351615875,3.859626436780246,-8.680642254267587,-4.676877531987866,8.332576969470324,9.605239412040291,-1.612402071537362,-7.910896356654380,7.686001721547772,-7.408168921365643,-7.182388890328664,-5.296525143373003,9.775154000388177,-0.964766572002917,2.974130450272561,-2.786992720698480,-9.594317899382974,-5.031563169707571,1.048262603281087,-6.105091151983395,-0.608267265053495,8.151234360935938,-4.042314989176066,-8.924143464404091,9.180565107495518,-6.559063564056153,-6.184017843102064,3.918506406100374,-0.954180221370571,7.511538657593327,-2.695601969320409,-3.985169808625050,-4.489935212851528,-5.133163482588776,-0.281948605928392,-0.382330817431493,-3.349009848904643,-1.081068890203200,3.891340871606094,0.330074564047953,9.596403259029216,-7.168907837924072,-7.566921325211100,1.098730853988606,8.674153448773954,0.020960712446970,3.784340198047229,-9.916465584340575,-3.053430271395243,9.042998149347390,-7.186742653986800,-8.235338993320070,-6.509116744194410,-2.878962494872875,7.535593633068295,-1.533498455231985,3.776508683649666,0.299280641714986,-7.613435476001278,-4.618651877272281,8.082697970876747,7.082713851523032,-9.608377308307922,9.789681588007735
-5.580865607313461,-0.321828053087163,-4.812873483372453,-8.214372596134300,4.415346635483285,2.467142642675885,-0.826245256564624,-0.225975038677488,-7.534206684274811,-9.170029240739929,-3.117862080300444,-2.898248494467579,4.419265138349393,2.589168511707058,-4.001509739112270,1.281220967474193,8.262301167628156,1.396436248263758,-4.559033915739581,-0.489161031191408,0.725205063305879,9.586436361591115,-8.404243877158656,1.414084007888810,7.301365509149509,9.103513630791959,0.353738248406387,0.724788745136360,-5.116184911870127,6.669367695428122,-2.724209673676407,1.670559644195276,-7.273307632468589,6.411976624037521,7.679160267921876,-3.829799981467472,-1.962361584026976,4.082787279402737,-3.036419573085527,-9.419953848243949,1.704863127242026,-4.316279996446848,-0.446805060152878,-6.458557524176875,8.060848097721692,-6.108236085566388,7.413387339930924,0.977487192202641,6.277456528968500,-9.639493416304623,5.396873758176966,-2.471365758813193,-4.546725102611553,8.601400907861869,-4.903933546495645,-4.722147388913765,-0.127677503402561,0.522125087262761,3.153299434806151,-0.549008218579845,-7.805236872585266,7.240026277246791,-1.780603416164411,8.623288662342013,-5.404707456113660,-7.362989044297921,0.219949927947013,-4.745281469061897,-1.017993022853974,8.163200571178628,5.263844912992859,-8.309575133498484,1.061251160420504,2.928514502165191,4.051939771706646,6.231725439335115,-4.722347819647526,5.352669339862794,2.029994176239985,-0.091071881511136,-1.176996709574336,-3.783422756233263,3.173071321276721,9.172063910092810,8.255142050913850,5.022983237807395,-0.378293760458758,-4.775989529498363,1.666972815612532,-6.866258189728278,0.272748680696731,-9.509432863513641,-3.676705003356943,-0.203354114336801,4.579416013542978,8.699926145334089,5.445541582017270,1.902213050011156,3.656690807677304,1.405537078596055,-2.360270583998578,-9.087810860225112,9.789451907573532,5.002145897993982,-0.596615100490938,3.737331759707311,7.720666145547625,-5.370744380993671,3.682491861056345,-0.826750884470453,-7.246505602598536,7.612713951385697,3.345114720227988,-5.025014728700574,-7.666470499492148,-9.904761862853476,-8.345207842687737,2.012961597314014,-9.659138619308166,-1.587958898192189,8.058547079335536,-8.645270429931289,4.025762300170442,-1.093115616871799,6.168994607079075
-4.077054737640080,5.523253323455211,9.766965940983589,-5.851825709082297,6.010476423296790,-6.217925036801288,-3.532021976628865,1.739451046422412,5.039391211156518,-0.646237985432387,2.032638443783878,-2.690072491517041,2.249995866601989,-2.787482588751844,-5.104414462010540,6.820677337767439,-4.722865864200290,1.818250396823178,-2.829646101362135,-1.343953781201023,-7.263384399579049,-6.174964042269336,5.229896594600802,1.880939608462997,-4.077546517794504,1.714900911510195,-8.717659200307253,-0.621067005779075,0.172827001320606,7.215835079187340,-1.516973390127045,6.708382331110879,-1.490005542077196,2.476377346113361,-1.745369110492929,-9.584460955315919,-8.925301799246334,-4.370560521220335,7.325610090453072,-1.253997811421311,1.851790251357921,2.912269096413700,-3.265684769437305,3.978871802336506,2.895533890013295,-4.625738683261713,4.404998597459151,-8.586327896154291,4.979397508647583,5.678811490588021,3.642067356804748,3.811958126184315,8.557541856808996,-2.708680975626480,-5.386289708664211,-5.671579571444465,7.997259731566572,9.796239201856036,6.603437225561098,1.399801076429672,2.810487087424903,-0.227113218972422,2.028105914961662,6.979675493098178,-9.411656561432853,3.640847891273260,5.019657290172583,-3.930263552445212,-2.243263004933691,-6.405228739895290,3.264960619352768,-5.115498148443674,-4.283539557004710,2.857003611907976,2.209100418807843,-5.345915927457449,8.628220604702101,-6.278884452400657,-5.404068432924854,-3.437524283557716,3.770465899653363,-0.897568431021282,-3.750337277118634,-8.125718590395628,-2.251986442112514,8.197112457782350,-7.061862998513955,8.929322772185611,7.547502661543806,5.389000003247224,3.704699540633719,2.831501236227748,-9.222313761270943,2.032111340110230,0.801663301240080,8.575867129433359,-9.129675694175880,4.655480351157919,-9.686311853625886,-2.800778536484070,2.644143585066514,-9.638976018491828,5.935578631843093,7.753822399194718,-3.265461496256798,-0.519305743004988,7.933696432182092,2.184302531383510,-6.194240745143677,-3.107997418973758,1.004678696073977,-1.028454974357146,-6.629679173622613,1.683981961959871,0.230042975013633,-7.065000434235427,-6.504793848804836,3.854037112549085,-9.889208027514638,3.740737869631555,-6.412892552585225,-0.312309642984749,-4.519732773708878,-8.980267510632419,8.465113788559467
-6.998660808828403,3.201603738904819,9.937883487405003,-3.538086113044003,0.026663297699276,7.066423780131377,0.070179096664729,-5.782445549554835,-2.755414266793919,2.419065109504935,5.670280868345440,-3.922995213829483,6.727661470982056,0.135322931684856,0.007407028262749,9.938826671938731,-0.759051538277838,8.477067639330478,-2.249258068547246,-3.485729623208950,9.722148651392548,2.623859563645677,-0.117762496695786,7.509174754819355,-4.186127772448951,-2.056558325840157,7.894490052262221,8.221736118969858,-8.176532140223248,5.543544629863481,-1.907983815673244,1.032687535909369,-4.656752497916628,-0.642233567866919,-6.985062495731798,8.124504929252794,3.272968631830913,2.770294630780299,3.251609850159413,-8.891954432593565,-9.745291060406407,3.730913418102288,-9.161610028614524,-2.047221754023600,-5.644460077686446,-3.599095645221546,-6.520639543393642,-2.650685980943733,-7.428254575566275,8.980107752598698,9.325569519104587,-9.395307735648824,-7.688666951043379,4.999526175928757,-9.680054542330346,0.510296413741285,-7.740301268466652,-1.862972230661432,9.229960277107494,-4.801612437152684,-9.025164947939111,-5.874190818577358,-1.855728769126419,-2.100814119088110,0.704708405793152,3.900203843764775,4.120802800997847,8.103767029099398,-0.630400441833622,-6.331258848490751,-2.049529769969000,-1.148173083054667,7.292016836895769,6.814949441068791,-2.855565112697187,-4.724449269703126,5.230153710660723,-7.923432890630220,-9.883292092370251,-8.943965527381664,-4.214503130209259,3.039688603099545,7.474109950207087,-3.359098289816784,-3.497157156807218,1.004905122569719,-1.766647920896702,5.208013427347939,8.815474844907612,7.952912610643335,-8.590021592628343,-4.809207001120280,-8.065975519731612,5.558078780503878,1.958889711740820,6.022192057043863,-6.926871061016929,-4.396073103058007,-9.923173835236650,2.038873875516991,1.756768016348211,7.118192524497829,-6.951801115259029,-0.435316566578729,-8.908348713687502,-6.259658303258428,-6.837058660070035,-1.664936263128588,-1.846286755260280,5.365929242898947,-0.119413082332589,3.330864066561883,-4.450563081420094,-4.380678680526739,-9.849876925450335,5.179186614028255,8.228982425230967,-9.742951292980052,3.318921594659150,-1.686446025523951,-7.943224112601596,-5.216131585418577,-3.652353708153246,3.403365981593504,-1.861726819030432
-9.555680213496693,-6.509731982348943,0.125410420389489,-9.581675468121881,-7.388360924967516,-5.976350251299952,0.051311015414012,0.943208195337153,2.163189407972599,-7.402022851775847,6.431333826903348,0.230444210208983,6.353256467811882,9.852249665109454,-6.681652542133525,-1.415414950793410,-2.740509436242451,7.177639508105148,3.620705375700641,4.661895321462504,-3.749479214431579,3.606422019382789,-8.850914964794574,1.641805922235978,-9.096412221922645,5.714147598564786,3.945516815375020,-6.549151758174368,2.835295769515692,-2.832895529131980,-5.711074133308285,2.417501865631648,8.901385204920057,-5.219355907721736,7.599862784566128,-1.004500927174828,-0.475529916381465,-1.440712097963990,-1.833698240257899,3.356924634740190,-8.843882277467273,4.256623319499246,3.227169014466151,-7.291692504734913,-6.511594925526860,-6.469543239056630,-6.750601996161065,-6.626727827342118,-6.388985737610118,3.516111007030007,-1.494119168815830,3.155762629287723,7.878146699570621,6.192566921287622,3.491363549700722,-1.398275288367357,-2.588510824028807,-2.291618446340671,-9.659249291394786,8.575776854127721,8.981571543753727,-0.160945028419100,0.357365540699554,3.650461298290457,-0.176309295299840,-8.792680250967477,-5.587222564136523,-6.452239550397410,1.644004123900316,7.204505875314450,-6.094936487365155,-1.268074151402113,5.792914216007542,-1.934369418012743,-9.929206191977066,-2.240791310715293,-8.387146490330519,-8.073478078076020,0.568756215581988,-0.981841251952655,-5.696472911231476,0.202580406197320,-3.169409357585405,-3.256607230796586,8.754230410172759,5.829154008132400,-9.374916783544737,1.205982835949859,-7.053432807772666,2.973184248314560,3.929268710450531,7.301794335982951,1.773364273470532,-3.573891921162112,9.700336819715080,0.022985679507027,-0.677781303965681,-9.858386054237652,-8.421999272023326,-8.308695996570226,2.979623125554570,0.151083782382720,0.543266863445098,-2.215905015060786,0.774695833674352,-9.778434398625606,2.109603506050448,-5.448278046627353,6.704992915428111,-2.807945992414296,-9.048359551769288,0.766810252680232,9.339174016451167,6.905890904287016,-1.409939013897553,-8.753530539011159,6.713199612509790,6.477131035122245,-2.418358929767075,9.434351311341345,2.700279141300490,3.322856138912723,-5.782565211358115,-6.730103739944782,0.304133867307083
4.837624465444996,4.043902660682976,7.724909319382615,-0.670740987322622,4.370873146946677,1.711430547795388,-2.631905143993154,-2.577587689856198,8.083312489604925,7.350501147372952,-9.189346026190661,-5.611670424098576,-7.057977740223977,3.886836015366830,4.350156431122405,-9.975357771939215,4.801034471714377,-8.349316671289760,-6.670182803472171,-6.952524759160754,-1.886999692813569,-2.294156792116815,0.521527714063767,2.704888560506419,-4.534002591835931,8.977949994296651,-1.447120777466539,5.948958005754051,-6.491474246483708,5.991304183454860,-9.426450255013881,6.013083623284661,-5.715374290480906,-6.223104812487684,-4.606519935815891,8.188436155788693,5.559018798696080,8.606889895441249,-3.141653883809729,-8.132686136636726,7.363718264752666,-5.727980566323492,4.065913976384586,-7.018510259598731,0.903413169359389,-9.022000543714235,-2.893158873281349,6.237458748637689,0.214724325878581,-4.306719041956493,3.989050151548463,7.159471626627223,-2.108824604895078,-6.287161250998774,-8.674503464524552,5.099337904343898,-8.167767975771966,-1.856454958755332,-5.552366414123000,-3.699636706133949,-2.573857646580146,4.914305436533041,-3.898136259656146,-8.670876324372896,4.838748019824452,5.187850976240531,-2.802798374542341,3.536794646820049,-1.110511802971994,-8.365621171112643,8.914164221750053,0.745311646044559,0.989114643644518,-6.119495758407634,5.833407341291416,5.405978626983872,-5.571981526300622,0.477969557185178,-9.727420254480911,-3.418284107854443,1.449591946785977,-2.773882847545726,3.054772912279146,2.937735660938811,-7.307051213417619,7.772027534543170,4.070757363038446,1.658958848772482,8.259706584782208,-0.402998659801259,-8.791073579790002,0.758382481257359,4.364867060570685,-6.580028130300047,6.689111231164954,-9.239897388622214,-8.493353962716000,7.374067224763529,-3.534420347598781,6.643636530038162,-4.660420168571240,4.746305257675154,-6.960246107986161,2.489576312462225,3.912067779593905,0.334883400102214,9.201591599878505,7.785701040443776,4.629196272613489,-9.877459318924158,0.287736463845306,-3.431887159579173,9.747900851739328,2.173445045676525,1.662919810482069,-0.260763437224067,7.066837078506989,-6.049134661599409,-8.185573055550790,-4.175920791703249,-7.901439758406967,-5.230894896166822,7.798149818102100,8.318227313580255,6.323358176988208
3.669987404967161,5.029328880593971,-1.911873943327764,-3.619734727456684,8.217821933425725,9.475483087526438,3.660545978019558,5.197570334990832,-1.722300891493154,7.366060640300176,2.140202126273037,8.767849704292580,2.768013824679310,-9.206283512693417,8.916199877210222,7.856526453328335,-2.417861390908103,0.092365311293483,-2.201996421752552,-4.546346271753013,2.046364312229274,1.234244946307179,5.926968746655811,-9.513414372314781,-4.897197668213962,-8.041930358918473,-7.408929186577304,-8.232934222605042,2.426631945914263,-4.155439643919603,-5.728341635100145,4.898645382561211,7.161641444484289,0.739492988665615,9.050683050429843,-3.707570500175188,-8.196885995915512,-3.814140463478513,-7.398430188155903,-8.204078114944897,-3.952013882096401,-5.977509811296056,1.639769481218758,2.474546446314761,-7.651490146345350,8.648182987350609,1.722059291038212,0.103135319856539,4.097130600323592,-6.061944711350627,-1.822456246700725,-7.160984661839766,7.110801885754146,-0.449855733639177,-2.855538331929093,-5.127051067560089,4.333495392277031,4.957944150584268,-9.185759083021329,-5.021517710977596,-6.043113663532164,4.503525384187078,8.675087180704978,-4.526522908117436,0.620254340463028,4.199101018456069,-0.902362463821779,-5.813894575428096,-1.740463370469740,7.769359381757251,7.648728842864230,0.847795627618019,-3.401446572699114,-4.945272513359368,-0.154211657619783,-4.218693516945129,1.641723447405518,-9.863510442639857,-4.456817203972041,-3.557281484135366,2.374079754091490,9.860614579663604,0.167532551945689,0.074052912007021,4.025188353277290,-1.195742905788066,-2.328723229753178,0.090416299695203,-7.513668725463905,7.539993179583366,-8.922780652932857,-0.034837207059599,-6.996964721618115,-9.494778356014580,-7.929965618302417,8.717404344004859,-9.657727852141724,3.873512843689578,-4.510107893016952,6.782846476393683,-0.115178729113481,8.190411740446983,-7.109282432790335,0.859469349526186,4.314560469379689,-3.525598507751586,-1.615558774820428,-0.794793784567736,9.956217423525167,-4.449831010272036,-5.168880446285566,-5.532608540511186,8.470181795153309,-0.204019963233751,-1.308768471507957,-1.901441826985963,8.444101862186034,0.916409659311215,-6.026181704533469,9.479457501244369,-8.817487775048809,5.765564835827618,-5.467438395056650,-4.105902427510452,-5.451237946698941
7.137037370881245,9.735160639933575,7.272994244988446,-6.045811071212506,-5.594439685880774,3.121698819385141,6.298857033250961,3.600704921175248,2.437458632042841,7.045882082428982,0.447810858312481,-3.020966823735993,-0.721790767994854,9.565723405685681,-5.853218844684422,6.283364142916348,-8.581095990170587,-2.193037118702621,1.375042276358329,2.471929750127519,-6.253075875538860,9.468250294802829,-2.515083225159911,-2.571890142787092,-7.969015869669882,-5.209264432501484,0.070501784359355,5.394250804124576,-5.501847813875617,1.072299428652501,-2.629909638163809,8.350981621551671,4.681217878076795,1.463125719223946,1.083160586487866,0.448646306947120,6.399388314742211,-3.523294556499272,7.101460054118746,-8.383513972390793,-9.145042583948673,4.299235571141892,-9.574448776282923,-8.848164583423440,-1.938498530160864,5.130050471007221,-5.058361943518010,-1.559718275533580,3.425641708267374,-9.481013075554905,-1.181871060291979,0.427980101368963,-8.720203421625639,2.165472999032721,-0.786784022713800,-8.326515675966107,6.046549546889921,2.439874707445133,-9.287106454144469,7.253806985106493,7.593597899716691,2.583611012286440,7.100389348329678,1.922025731593388,-6.647829121650453,2.627238265420402,9.205034851864120,-1.224218342818439,7.094482395094726,-3.620518414271050,7.956564439398328,-1.583953164634000,-7.086017340968880,7.445204540451286,4.694571490612347,-4.283405647210965,-6.306216106221994,-9.127250616864655,4.471583467572707,2.355174567878866,-1.614898856860538,-6.284700243916996,6.057551923057641,-5.668436986232816,2.093760031608948,-5.403784093465527,5.062113422036019,9.675879619851870,6.227621682944847,-6.013179266578391,-6.594066394846845,4.722585675787682,1.036335877408474,-7.616827925073341,7.524461691192585,-7.127887662523826,-7.995310171053037,0.897027428795189,-1.171828685924192,-1.064965123791472,-2.048522216916897,6.300835951294260,-3.820019873377188,9.727209961106965,-6.509652711097196,-8.260129456882336,-0.545971019637971,-0.840901885963998,2.164131946292278,-6.854325378641553,-2.109635361268561,7.616677285387780,-9.388253062102560,-0.336419265016549,-5.036086407030171,-3.641972190342200,9.192751572725523,-0.089002780539072,-7.168750818697722,-5.193738867189577,-6.609491574502866,8.706203010035818,7.605473681398191,2.116976613814785,-7.721148642450435
-1.299676707783419,1.717263613205187,5.451993872645815,5.659731722589395,5.340049860952005,-9.044965811430451,-3.505882813743463,4.184124261221696,-2.911732436640411,-6.328054253203373,4.289088330610813,-3.331941212941492,-3.058663959483320,3.041811938492987,7.715236642581161,3.193391780185831,-1.553104579254473,6.026394490265126,-5.954652099650392,8.493810950191360,8.691261464800817,-5.453083009211999,-4.163277328944277,-1.726940491253636,4.841724448383516,-7.311332131573065,-2.797793299209967,-7.838629347701966,-3.939723938266997,1.114677000572977,-3.300243098526050,5.222208486202929,8.902752909426262,-5.071404361836224,3.952256375138273,5.660340328023743,-0.989879209192884,-5.412811605308945,8.055207041341234,-6.111558985495485,-4.618988201205124,2.503617223694208,2.456462022840061,-5.056947388789199,1.370145076972932,5.905214239116630,-5.971970817724555,0.863893521816383,-1.763619551088595,-8.227169622007613,-0.581997763186429,-2.649171687075588,-2.908586169417777,-7.177442630613848,0.734689419043370,0.002769822274981,-9.860695650067948,-6.375027021563202,6.362095095322225,2.405159525564393,-9.655218383853423,-9.019061981930520,3.457389864525153,-5.776387113855521,9.344568593877035,-4.325507230046924,-7.100543706449400,2.427534820390251,6.790449763947887,1.567246875709980,2.634331038075201,-5.984702899488279,3.355720583633632,-0.817279816287686,-4.600510379126490,-1.051085470467363,-2.918505618869222,-9.621416458530936,3.357917003317009,-4.096814385436747,-6.528785718007935,4.456435550887935,-2.861289435945906,-6.652425853978057,2.706276027396973,2.253785567493708,8.672180777744511,7.104378228625894,4.285820581620923,-9.361521226652187,6.822594346625202,8.256953397603503,1.261092209733981,1.289467707453777,-2.402917078281799,6.205790456539759,6.752155820006710,0.161376133258447,0.628647651512438,-7.838845903547959,8.496605388904815,8.207140993352226,1.941192485760524,-0.667643668763434,-5.124477036787374,-4.055605994292277,3.445086617110025,-5.802511457837445,9.718546326516989,-2.724377789328760,4.782126704935932,-8.340510834067111,-5.977286061940950,-2.640698226021982,-2.100174879989282,5.013578743257446,3.564258530401101,1.037259068196345,-5.904432235758135,-0.686122277342632,-3.833415714099160,-3.889874825339690,-3.324369538220613,8.988332769830496,-6.662022054145307
0.363681633970819,9.008379143115427,3.814657304899111,7.053347192392046,-2.768290415045596,-5.207455578682545,-6.891376780497779,1.678604906679794,4.638869182492423,-4.933698567429062,5.900580360941007,-5.250748458513979,2.853751366625978,-6.116922679488630,-7.748122592088020,3.843304426862106,3.298646502822418,9.226828968522543,-2.581733040251793,5.567153787029934,6.959190838652813,-9.075371544556841,8.505657831342347,5.988063067405694,-9.401271572768051,5.802876909227585,-0.171602365620346,-3.359717899373422,-2.185067246099224,-0.551500291538137,3.276236094189539,-7.082789861508458,-5.986651144055733,4.946908161714189,-4.572458158501131,-3.028562051657797,-8.144535448886810,1.760660746226069,2.109672842703292,2.620883479739440,3.246273041044924,2.019338674639638,-9.944645882005659,-7.411492318393956,-3.818731177230141,-6.359868409144456,3.381738066753787,-1.495643913211024,5.379670334311443,1.097184587994651,1.485948351187798,-0.710328980050100,-6.703638371735813,-0.630328917825265,-4.276746460110539,0.611282356977771,1.224827242362075,-3.945295604177055,1.151675339025161,3.746276737857519,-5.939878724255571,-7.009394007136322,-6.067677702697097,-5.383859243916382,4.148104210770482,6.823553407618586,1.349087563690372,7.225297845600227,0.534129613889194,-0.609022281560208,4.060758176719276,0.711033402593063,-4.317118902454686,6.991295942068572,6.961399743680154,-8.328162386052437,-9.805019872275478,-8.885162249539174,8.165479406864861,3.975758518215658,1.659811245964145,9.796868770894989,-4.020053137585952,-1.084279263612650,9.117879138095375,7.148069079717420,4.908762066544451,2.000324316107271,-2.695490737095882,-6.687567703122818,7.285033976450155,3.693691338263516,4.661054370567504,0.430478196294320,4.057989921658280,-2.461335747742639,-5.717009447741466,7.741441830781874,-9.844386117289904,7.276162843738064,-3.152448186771140,-1.457453828216115,-1.960948517506086,-4.120455760183736,-9.693068251251802,-3.467954506548132,-1.500218787279907,-9.927358715195020,0.591768815157494,3.998689245052988,-9.030685470291228,7.387642556069881,-1.946587500963977,1.610047932202708,-8.230595405649568,6.478320589804095,-7.899540407499539,-5.121632842740739,-7.386294766094919,-8.057728931275633,9.049867534060461,0.931466813851742,1.869113292971274,-6.598989737423684,-4.807788377412383
-1.807857518932426,-6.784901830853858,-8.943941754389488,0.699794942316256,9.091165479678335,-0.325570359643459,-9.442306988162063,-6.555987396948861,-5.210853744672123,-5.760639251518174,2.012321974081983,-2.753986450539472,9.572517714875374,-0.282226559840401,3.233860935392954,-7.435734535118888,6.355455745709030,2.238822858278569,-8.993213113462543,3.167860177646890,3.535760784628977,1.203380478604705,-8.481532575944254,-1.716167965558167,5.090886936520247,7.250803376215721,8.569763642269038,3.216127365987770,6.556249886751811,-3.557047857976087,1.746272200858080,-2.157953109650006,-1.207991639928554,-6.009354105438542,-9.944175883751857,-4.542246096798930,1.775890300434863,-1.611969545685263,2.782033631264094,-5.020603650862703,-6.529008079111907,-2.549269586451278,-3.509751511461174,-7.671245252405949,-5.810234732446053,6.601659029853572,7.716493003010051,-4.505785116672348,1.155997043826178,0.070137422506933,8.653318572834639,6.397374704551083,-0.502074426579561,-7.465178305963724,-2.181574351769577,3.904304308838265,3.211886243169603,-1.117876779946849,-0.134340239534936,5.827664143326302,3.189272754338315,-4.853188871097971,6.601369088496170,4.523065554471106,-8.711410765472678,2.499041900964327,-0.186472631542054,1.163466893997596,0.281769747078176,8.631927023725034,-1.640636657088857,-2.353375430745861,1.937259535148730,6.053065809627704,5.471570315328879,-6.665413788420480,8.027218090155330,-1.717692467866678,4.020760730014977,0.082740358501477,5.071265662904947,2.421691664422436,8.931334043957261,-7.662532679327489,1.913798380375709,6.814266203522809,1.109300060334899,-4.090383291019046,1.551633570367624,-5.736179662771514,8.007332025759510,3.433285564682551,3.531300365589782,-6.723231889193812,-6.935965507130557,-8.623037918139492,-6.879199128861336,-0.025139582136212,-3.365746409228447,9.339056744891842,8.352679386089047,3.096156995752271,2.722608936517133,1.950798060594551,-9.082228935393285,6.621773686201035,-5.625930812180437,-1.497168305536743,-9.430855054536931,8.477521783198931,2.075372062009995,2.258456106623978,9.227220059012716,-1.128165936689484,1.073024481630124,7.794470108037135,3.288770031738357,-8.042895009603164,3.967204779215399,2.758784132704609,0.135251272733527,-5.683657862184674,4.800302451026109,2.082225117184818,9.440338000878718
-2.650593811315478,-3.583576932619534,-5.314560213095126,-0.031454164053866,-9.861260517939044,5.692832484786143,-8.234519973626618,-3.207476132370298,5.007851558080860,-0.508208453009475,6.499710298280014,-9.446297401537196,1.571962901438589,9.260357428305760,-2.663041953684717,9.042130169201947,5.687113465723927,0.406671241652980,8.908926728305428,-2.868218973911558,5.168876658641501,-4.024949051605908,4.330864260012422,6.772564318165180,4.395341631719777,-0.891051201203481,-7.847180038212256,-2.293456050757023,9.857723650098880,0.191991566195036,-0.180102755836177,2.720597958951579,-0.158713363833918,-1.214089371235822,3.815604637484714,-7.963089651651263,-8.980066707739455,-7.358298696733867,-8.279919665546455,-1.979498623053537,-3.699887311426071,1.345112885338732,-8.666689248159789,5.476055677134234,-8.782800502253579,-7.722953970870037,6.685153280487970,-5.443651233006202,-4.214233614948713,-5.534667926528756,-2.067928288615770,9.582719743771236,1.989324760636455,9.027554854247871,-8.697995273590744,9.467896463719317,-5.509675692891493,8.454319573780683,1.387133442248228,-0.059581942090210,9.356931666102295,3.480369274602124,0.661337713773936,-1.386404733480784,3.035106904856786,9.128434850438264,5.859265804815836,-7.189681758523168,-7.745018166458781,-8.063617565749631,-4.316668218168149,0.300188272473385,5.809608959114716,9.492233440955321,-8.499458794745323,3.343292902954397,8.993514445074176,8.748256523720322,7.612166291159031,-8.223947459527333,3.954121345785557,-8.559825550433162,0.440723883616602,5.692402773638319,-2.808813992479466,-8.342235010157781,-8.850626467613727,3.239776749818702,6.373641199009146,-4.672980306654882,4.488455393724850,-7.202800363860799,-5.400974645278849,4.792163937805327,5.352550757792331,-5.894735499182941,5.712841835754714,-9.915415186408156,-7.331390759366318,5.202751299005104,-0.787688210233558,2.788842088386751,-1.470372985863253,-4.362873484835297,-7.145801731216359,7.209611060024002,9.606807590167524,-8.494637824933397,-9.603851853904285,-3.774451525669211,-8.387747827128440,6.862763741737787,-6.840119503633117,7.070496950081989,-4.793955756791746,8.634016893482578,3.561290125221428,4.540445952529176,-8.391688236675261,2.773231879010250,4.142526879837543,-9.475283827034593,8.277799017081374,5.258965278973090,-4.807464729720101
1.508807100969221,-8.175513107136769,0.547153798553445,-0.834170171841535,3.459877156018390,-6.842558198376798,0.850517856701821,-9.448103274444648,6.603844240292489,-6.043435283631144,7.378574871860575,-1.406852132868330,-4.608934900369899,-4.029838077305190,-6.168018093358278,1.181498651987802,-6.758337696694010,-3.360290948008133,-5.074788818367974,0.040110132458459,-1.223780117723816,-9.506908579999049,4.977812881933666,5.655645708289040,-5.782561633608731,-0.165438598321346,8.704423593439174,-4.691268561601984,1.031620452845580,-9.737240468153047,9.664992436853407,-9.032140788940842,8.283776805418402,-4.271834787981188,-0.695245395449790,0.783801635968754,4.045503638641076,-1.011632940480379,0.411104905129630,-1.368636686896201,7.208937080730710,-0.046710697305617,3.922638787962976,6.962055092554685,4.549488086863265,-7.215668847926830,-4.681476667587814,3.335108566959200,3.282648356149164,2.587825736717518,5.449786964502522,8.877643034364734,1.866944779701107,0.813490059917719,-6.288085743837984,4.107286747944844,2.321267171015101,-0.296501575550547,9.294456603479105,3.979191718080381,1.294922526738581,-6.467710370879105,2.137643237427550,-9.332913588818663,-6.131532635133235,-1.157602351302511,-5.378270160986323,5.744932860181930,0.269287940681906,9.983205715867975,6.619357034065750,-4.535092858355441,-6.392662583574737,6.897760187467604,-9.821093212918212,-7.591360432256094,2.365862700528695,-6.723874287304586,9.342543823100847,6.180027837264561,-7.696121150316575,7.161961249330368,4.735195490612853,0.915344823233408,-7.261888377128757,0.122137251584935,8.111206124885697,-0.554739941185453,-4.394295822978358,3.889679415217342,3.061429184960140,-7.398233125771412,-4.058192368617204,6.570858507100546,-9.729793493412370,2.669584243367130,-5.667713053488463,-4.318611093468416,-3.503019059700212,3.208633127073570,0.696942694619182,4.245939382255116,-5.989437315564833,6.751597186273962,-9.100717961774114,-2.347471062834130,8.513247621994580,-5.852275692852633,9.745313801857847,-7.437933251462166,-2.475240257855889,9.814657518437421,6.406372575406600,0.900457515483266,5.934035476050495,-2.042789904056638,9.634873045487780,7.194676088524698,-0.827660588093313,5.768075306645805,3.935060807949080,6.184508692717621,-5.147288663421074,-9.564724839069328,-5.720809016580304
3.167132267806167,0.378673860588382,-9.848593497785751,0.193480491550844,-6.485070094233207,5.421795406745906,5.525512518065227,-7.966505344653707,-6.594717792585316,1.418746239431048,5.861395993683400,-8.608825400330444,-3.836053115449451,3.841153308332695,3.268212338962895,1.400829244744275,-5.677199804721860,-3.515904982103213,6.837114290106356,-0.788210513979308,-2.192326977694123,-2.337381884009428,6.137792963620821,-0.499020036598166,3.938092614853055,-2.358134144680095,-4.360718053695861,-1.594346515612603,9.428258670414234,-4.419044872346563,4.652194726823684,-0.181369472488068,1.520269307924099,3.220976417543957,-4.807893716771154,5.655602186250885,-8.915832700464525,-7.916639288791092,9.265055395932372,-6.124110649025885,5.516178773152262,6.739875145041850,-4.826724413427708,-8.650353738982197,-1.197506949379957,-9.472461412778744,-5.780847846766997,-7.854694287139548,1.187062027359435,-5.343321550815423,-5.932132557198699,0.663963564480598,-4.590331642108854,-0.601869840182058,-9.900978132603374,-5.174443234915014,-3.645292121104156,-5.879906848617525,9.751268283281028,-0.196430877457720,-9.325976476696127,1.866848680126619,3.108291792904698,9.141902505248623,2.238052125412345,2.545647189505789,-4.665451998914647,-7.822856196926842,1.822171401882425,-0.289911957915283,-7.821044257291396,1.567638673885178,5.770431840143830,-4.561279151159495,2.161980589655183,6.389991375318793,5.634444087476588,5.140371346721818,3.267211550217686,-3.028682616683178,4.545302822985327,-3.656022385740474,1.574649641091820,8.582538608890118,-7.772283180235434,-0.775028094026775,4.763563082170851,-7.591068397623957,8.056097244206192,8.969877031827643,5.742901587654796,4.103963836078350,-7.400023095770809,-8.750051779652113,5.641060971921091,8.714632176797661,-1.492815973218068,-8.698292761593926,-5.808931959111931,4.552729655056741,8.691693757762824,3.761461155587334,-2.972980820823700,5.695992630277289,-6.384230185190884,5.748359348827211,-5.547561564072748,2.170894801831055,-4.969547686660139,9.954739051572727,9.611769592039053,8.238150056747266,8.204963318776002,0.845607574476901,2.112527977996070,7.346813343720985,4.186655249191979,1.116398656825945,5.985799756917780,6.482285940869421,9.049448180242464,-2.613681500413765,3.047392914208359,8.486274417500471,0.725909577934672
-9.134296398441409,7.751485784946727,-0.076444902441331,-7.989497343138414,-3.752001040289070,-1.262705137253894,2.135938345068368,-4.368509318394476,2.546626974281940,9.677509589556422,9.603564328215352,4.382065882068865,3.362561264727821,-0.282131371485995,-9.796752622550425,-0.713054964725439,-0.864400989985427,-3.944689654777040,-0.055458872755544,0.329550621961607,5.152775601533452,0.757038480982516,4.791984969005993,7.519067710560861,-6.685286513503579,-4.603324261578576,8.668115925408028,-6.123340303209304,8.507306258442437,3.904435275351148,-0.030154512908993,-9.384410973340515,3.635071270603000,-0.966340497269488,0.559678177282802,-8.392570910054074,4.184406758273385,-8.208986018140102,-8.036334878703009,-1.856923011241037,-9.887165117118805,-5.034412322070237,-8.987211550316976,-6.072123762120205,-7.942634399488620,7.371046557683183,0.677558470512221,-9.965079923685519,3.382604749647179,9.540086252959213,2.884416772473413,4.050881176192922,0.080485727326931,-3.713208772065659,-6.684992805091632,5.465381026128004,2.716702627549150,1.453809610271852,3.582232057033989,8.373933349893516,-6.235252761047850,9.662325350940154,6.370554399565179,-3.695154744367097,-0.773753647223579,-8.435470989900701,1.477857597204954,-1.610704072620464,-1.812366874908800,9.455520157743656,-0.046566812339620,-4.668274765888178,-0.196501120448238,-2.177886580873682,9.076574545029384,-1.891685279762076,-2.104237461769460,4.695447702882536,-2.219658999338865,-0.119773698967416,-8.346152381760133,8.413749038412547,1.352060558753784,-0.326192410896862,3.089868529167090,-0.325016843261485,-6.011143115081817,6.080490307989244,5.621416295991249,-0.329040238334525,0.063048586955116,-8.375649807334874,0.740390055508797,7.084646397973312,-6.096012448987096,-2.275953289684789,0.284010889220136,-2.760194278184320,-4.670919708347848,-4.205073666419472,3.484626894891868,6.583535121295224,-4.416634053867233,-0.504627887523606,5.502026401621000,-0.165073382276910,7.477964799679619,1.510335935733053,-0.464075344854214,3.587903741924283,-5.961770902807353,7.184704017869649,6.753281857693910,-5.412642028163893,-0.232656497972814,5.073305221794016,-5.745661724605280,-7.283165809795202,2.982922235691142,5.961900427493070,9.676416902280856,4.482830326822938,-8.915905786612013,-0.965722657585662,0.280562213685219
-5.180483711703932,-9.750989703543526,-9.013702433994769,-4.813213495693520,7.871722473807008,6.238033934750419,-7.869899057799228,3.811989654961128,9.011759938699782,0.142258806797255,-9.264417156486630,1.170588484736950,-1.631379742998227,0.641107647650294,-8.013089826865553,2.808420621632132,9.552664587778889,2.578170466111086,-5.428780905036474,2.662042710629322,5.991779040417487,-7.555083814181566,8.229360064655346,7.646698819465449,5.804481479562188,-4.582637484420376,-0.078660079243170,5.143949450403642,-4.183468720869761,-8.180828533167858,-6.168082299005382,-3.922921485857782,-6.766422791417690,-9.389433441002573,8.197869365612846,6.493557404018766,-7.299498724654299,-1.866611534597361,-4.652925535509745,-3.889459339623031,-7.863655378933845,9.256840759300282,1.623800509929342,-2.745624451809996,7.792349292685216,-2.483824734285951,0.564133151823194,6.695330714630245,-6.020767272377928,-3.096308425203040,-6.777898587750213,3.829104972274344,8.496778750062191,4.296188450478757,-3.578972374779803,-2.868231576665705,1.412231929182639,8.046515142341889,-5.709055770188667,-5.275300199080220,-0.421784859764367,-1.238441680583326,-8.409530539550401,5.750128065939116,5.203171665476152,-4.274667762979949,-1.659527052957406,-0.884263643318267,5.939325409822548,2.693155622231398,9.599131627581436,6.021537155873350,-4.932785935728883,0.992824506427670,-2.160320619880296,8.266346752762331,3.020006056129624,3.158837045655755,1.565525736120074,7.304468657667055,6.496400350024953,5.545054364925148,7.902891962012934,-6.219864061439933,9.246790381526967,9.810187184065970,9.609818712730192,-3.698803109348430,-3.684260254532157,-2.757587512837734,-4.386572827092772,3.315761057689166,5.776444143390616,7.285632002486402,4.390092733185401,-5.456692362439519,7.374082992939300,0.906494985376687,4.570089313155458,-0.843881491794786,-8.703242349136262,5.812452113284712,6.855656897075658,-4.855207802879129,8.750083221164225,5.727442375821383,-2.165517760026338,8.084998941655940,-3.592282559731736,-4.330831973706259,4.794230887715567,-1.126435714875338,5.064003417014630,-9.185805621340828,-2.822895864949471,-9.224066911956053,2.282576633115777,1.830026429545308,1.673179608640380,1.702455265095182,0.559494745374852,-8.902369157344266,1.339189637346983,6.883423909432061,-7.797390717683998
-2.134838508625809,3.761723799355467,-4.787985061372718,-4.518659752102279,8.006176136242004,6.259629740532237,-9.314624059126643,-0.583775611991801,6.919586062432181,-2.536515697825282,5.118484912061199,2.615261328362317,-2.432630511491240,7.132933458987377,-2.079856359327246,-0.654759064007608,-3.033651211415438,-1.580694924222589,-7.316297992799024,7.399847026642416,9.126255278151717,5.672375172798890,3.758718973303015,8.160472137224552,7.453564093606133,9.382372310273688,6.192789262765764,-5.307133397278763,8.170171227994512,-4.465586162461546,-9.052812011879443,-8.493297468683323,3.512969650527598,7.467929928863711,-2.073158712998611,7.996450938369314,-9.216762341854807,8.393645110069791,5.613440790855792,-0.275697987285987,-4.729062544031015,-6.085693307224549,-9.956969127771870,-0.944039540859372,4.388209083069182,-2.815263233522103,-2.452661107626550,-6.270778015512198,-1.819042169573699,-1.803608298355204,-9.187173445278765,3.497725647213095,7.951857404928457,5.993092932245789,8.094540209547020,-2.427441967484847,-5.372061919578961,5.793540886781376,-3.559219555480646,-1.715816179625021,3.162172358158561,-0.290210556780570,6.173030007722108,-2.355588678226860,0.305927111651073,-6.302487790097590,-5.843860935852265,0.859016219106397,8.667398934205160,-5.864859764645150,-6.656051918304740,-6.023241095863470,-5.735608486354272,8.138653372943953,-0.662651897876561,-5.747115352822878,-1.445498500014823,7.863647919572156,-7.682595033311149,7.149400066032463,4.622586622745777,-9.510163935305274,-9.573433386497751,-8.561020468074179,2.859528009932436,5.239153040436417,-9.325803096628531,-8.046000653782494,-2.483418045877555,-4.190764302711911,7.250576133324419,-9.499781952898951,-2.475503512441057,-3.393677056811349,3.937988326056935,6.828892218269239,8.609224036622251,6.321624592589039,9.262598164191026,-4.986319145814799,-1.636759332702972,7.958282593314067,-6.244812567163938,8.170356703159449,-8.644093050947273,-0.303071329838529,2.668459637981824,4.259076304531710,8.684402051317480,-7.727457079726181,3.871059871976266,-6.443963162042879,-2.170775545554164,-1.728024833344566,-2.576675660078438,-1.453417089545123,7.759646942781202,6.299401498546395,-3.453744414291934,3.452436312394001,-2.921063453087065,5.299687806360392,1.270975518021853,8.508973632464116,-6.429425219046645
-3.792195133697835,8.495614540734465,1.962503801462457,-7.190343141406917,-2.769872709707910,4.722335344441859,-0.502308080459306,-2.152530106088124,7.006201324120724,4.210331806263209,1.757518252418571,-1.650122742641924,-2.391197683470841,-0.595107746314454,2.993642775925112,-4.245454872765510,5.095451270704739,1.989023053987502,-5.176919266015567,2.873831971647480,-4.474589476910456,-6.441081126011023,-1.359874950458506,2.551311048884523,-0.974247258001030,6.417130902946113,3.598858454199167,8.116231400171490,-9.984206193009882,-0.554251888905943,0.216378249906926,2.445481736346217,5.926657279305182,-2.289290310197998,-2.933277627753386,-8.743878318283549,8.098470620590948,3.225883655619143,5.729264680582151,-6.140592520102204,2.712825472310385,9.406471083158397,9.016835301868440,-1.310658604544630,6.128758476685846,0.383726219007979,-9.575821987854816,7.732883604637451,6.847903471072033,5.128482380891032,-3.306645443773643,-4.619241176958566,-7.417373553424509,-2.491534787965377,3.215327383056009,-2.741918790508215,3.223812212752112,-1.863846742868823,8.516698506439823,5.210050239601067,8.753947256862030,4.506628974956755,-5.301627364078163,-2.418459804322925,1.600154521926560,-8.721001186389906,6.621104826978318,-1.289908415395580,0.770572058326739,8.561861038336701,7.705529433187465,7.813652299987798,-7.016122113752594,-4.610398135840759,-4.330746663459157,7.779171697690987,-8.760710128662986,-7.723449969118661,8.906073344244817,-3.346589850205197,9.111863004383842,-4.848895733675151,-4.565810839938329,-1.507309320839630,-5.098128335569747,-1.257133497992079,3.028329506019043,-0.153154307927078,-0.179030180204327,2.619827225124931,-0.873196771128281,4.977290053475201,1.774880072669859,-6.327807410765597,-3.312440897570688,7.610737212390934,-2.562433846050212,-2.209268193916436,-2.337868055178303,1.335909745093328,-0.427777496185781,-1.808660622595156,-1.633758827677314,8.756182930533672,8.366951853455799,-9.370189485431649,9.741708110707577,-3.385099816484622,2.302611746203048,7.290827606495366,-9.287572544402831,7.680844860928723,9.233217010444136,8.869780253151490,2.204222119670330,-1.814042153735979,8.567732987892825,-1.647032831090556,8.452758568757773,7.710421540693201,-1.978087715578610,5.750741932901951,4.665736512786268,2.712162946839014,5.536863016494332
2.372104546923481,-2.207381680580891,7.537766373430330,-7.515111287704750,-3.417459479267990,-9.122875290816538,1.602729280509877,8.048752345179420,-8.271307021590932,9.744033601079565,1.919142143556005,6.121118084484792,4.744069101390355,-0.035015447916592,9.837326859515581,-3.788316761779946,0.041361512371871,-1.892978847341457,8.680212603009583,9.593381735772766,-3.553767252612126,1.998880429860218,-4.106462981173172,-4.150651264087932,-2.885651425741260,6.005939177531971,-2.138195627979274,-7.651967090786950,-1.921718673841987,6.619365857044205,-4.539288422180681,-2.251629136306823,-8.491888778260799,3.530859262463027,9.631949388032766,-7.169557302781612,-4.179770821821203,-5.332007753674112,-2.336499620460288,2.654883955281628,3.399324456399505,-6.176922996493599,-2.326482634444798,-6.714653870683927,3.369471492523907,-6.827202559885586,4.879782350757583,1.612486680843677,1.117415892938158,7.110849935514697,-0.536564195822679,-4.835460647862970,-4.530686751201342,8.817161747730694,3.762467310752148,-4.093380995305653,6.516663186336924,0.538356636254846,-8.097773109350545,-5.105172777366025,-2.927715879914679,-4.135604171985021,6.272684705207688,-5.401660030138789,0.027905310150507,4.486766873778640,0.641775126038457,-7.165519602499142,5.255578699037027,-8.613528163435744,0.157115955773108,1.525238496008637,-2.450010478089344,-0.470536468512293,8.423235732227241,-1.701923056014650,-5.164217264467714,2.811578912952426,-2.744366146086252,-0.705691976287742,-1.369071364191662,-3.841221881468844,5.906032987129686,9.146443086966222,-1.854522967194578,2.393853269837983,-5.017785996584660,4.848242879062685,-2.957241995418702,5.482509912746947,8.668386066079464,1.947383303067809,-7.435497862652061,-2.477264800909462,-6.844325934700992,-1.073439767190450,-9.313112999704703,3.653937693248343,4.008022148092653,6.452273305774906,1.825390970109058,-2.369703014940479,1.743485831335486,2.322676996561423,-1.926074243230079,-3.158165611655821,-9.582732333774093,5.600999819193957,5.765019005758639,-5.926546073335237,7.001315438855308,7.468657734721365,-6.645757193642763,-0.526215782723458,9.246301148043280,-4.592690112966507,9.916306294667457,1.038932573684155,9.990167643417635,0.730420745332136,-5.251394323030690,-5.036418638659468,-0.756433118291369,0.517138988860449,-7.363533321909738
4.835680323678773,0.440949664568990,4.338759895309268,-1.470164666615055,4.094567573879395,-6.918770059396381,-3.764117267361071,-0.152131863853157,-5.303721615250263,1.509224361987496,-6.446090566393325,9.503988419431593,1.268227576063746,5.301004771451755,8.385680922823905,-9.637033815792076,-4.716853770525877,6.676817389332985,-5.674557000143611,0.806191882169443,-7.876073284235696,7.545906670519223,-9.120035731795122,9.131148156545596,-4.401693229345717,-8.845571770442874,4.884181903061979,-2.547756426565051,-0.600217900561631,9.480818647292942,-8.434984899725368,-7.598305673047143,3.623991536374398,7.159806439886506,3.453502863696263,3.147123492723374,6.754418218784558,6.471522516634135,6.364645808835409,-8.945488090599337,-6.300629469336432,-7.980890335976538,-5.781800556452293,-1.101329763068282,1.506288067333488,8.969150723893410,3.797469914713181,0.281461059246526,-1.647698835579556,5.606399044466535,-8.293355895021799,-6.624404453755957,7.631509740530809,2.677823886803708,-9.123511900590778,2.744068687776739,-6.113466557144880,-0.753932412031830,9.710642312459949,1.648128071964186,-5.778641395032176,-3.328977791893671,-0.180012179874922,-0.304133809011599,-1.502669037351659,-3.174719461421487,-2.782328010803101,-3.680562778337815,-8.085487633575482,-8.844681446470673,2.322140797246036,-6.594256331733868,2.083291568278838,-1.074311166706847,-7.378821445366635,6.701116109648460,3.573266458447893,-8.751866943890613,-7.368423546471567,-0.918756925648898,-8.391217977906171,-2.615610898720433,-2.447155344051605,-0.005121307022883,7.994504385083655,-5.605635442913181,3.968214348212415,-4.807321635308814,-8.095069542176219,-4.229899668769153,-0.568302989269897,-7.340747511784722,-0.926804776743209,7.304595467725129,2.140998278605970,4.131052687356380,0.765392772539961,-2.865901350263485,0.686882135977198,-0.088441459414328,-9.482669489967765,-6.931683732521154,5.042999604750092,0.854930372071401,-1.628408291639330,7.622080290383529,3.585597470344819,9.562577447005587,-4.692085952760099,-0.050010407114653,-7.409127364347450,3.825026579255075,0.328248484493850,1.809595980691283,-0.930552344328969,-5.800125062942218,-5.109405421050131,8.095088280255148,9.196218461307200,-6.421886202569751,-5.097812245653232,-9.872026378063879,-9.685735233076034,-1.578222078160023,5.026237546880935
2.362644943260921,6.856900514597278,-1.554674536995613,-5.412081352779971,-6.085676751728815,9.935622939447644,-7.045939406668080,9.106153094573976,1.299797157127998,-8.327203396509049,0.756282512156268,-8.429660805926666,1.191958520825885,-7.759153920966915,-7.786554217184946,3.620818428241799,-9.142823702888034,6.556348258928864,-7.293694503001302,5.094943995349706,-0.634056350512505,4.409377380070097,-5.480386165424438,-0.878371466992466,7.791465149700006,6.831870207080666,-0.048715060130938,1.147074282639197,3.959289652186133,0.934273044941767,-3.140706550448673,-2.678575423718086,-5.713890333936844,7.411662539422046,5.486850861247827,-8.206566712971078,9.662157205056321,-7.189656239120110,-5.730065187957005,-7.752434386174358,-1.660721067367572,-9.226065577989921,3.764221430255565,2.363419919058371,-0.432548462082949,4.151984075647114,-1.514816527532743,5.336865312397482,6.854904988364840,-4.042507654128526,5.193266783205281,-5.864239030154050,8.881256152185571,0.263393622125996,9.427519921298604,1.500799846178394,-2.726451713585356,-7.828992281201614,8.323243544803269,2.034535689962151,7.384781310256450,8.064490454543922,-6.745758737526442,2.276837673908043,9.027777538956844,-9.929591922995515,-9.615842235389923,-5.270599487559380,4.987178604940981,-8.853575395050669,5.131018890442379,-1.568188339090621,-8.584938906496056,-8.763716824423698,3.956540106243638,-6.440839059600300,9.302659846877944,0.439144193287513,-5.364004455877057,-6.019014049803109,8.906231635194363,-1.342211332000673,1.614175430262650,3.967021347348844,-6.249782586699409,1.508864842777772,-5.070836197124741,-2.631259432980837,1.545649859427190,7.175683514679299,-0.298483581648357,5.474140782719743,-2.407252633719697,-7.371732451787516,-0.339673936219542,5.944599965173843,-3.178538316912483,0.827401958105561,7.663913958620071,-4.954872949797007,7.435745920560926,6.685596609025048,-5.237756552088014,-0.599622307145879,3.147717133241105,-4.587258914972539,-1.250760362871246,-5.320159346113673,1.656838973819427,-9.111466555334122,-0.452365810669161,7.761411692378037,0.954741924768552,-8.655128099689914,8.614273694424412,-4.236371546964939,9.063676732534475,-6.713498860068048,7.889227786230386,-0.805193152734610,1.143084404790933,-0.877949204832330,3.530030634497017,-0.916529601513989,3.403796225394331
5.326157433348875,2.486926430724914,-7.046211028902452,1.976167165913846,-2.593038904005889,3.823415281531217,9.674798392153974,-4.160801943563504,0.137999806907063,-5.511855583863248,-9.190048816489320,-5.432648225264076,9.761887036960097,-7.629160403483040,-3.981076229647210,-0.993617978257458,5.664125224534317,7.865941604816694,0.201642342013521,0.390327342487959,4.127188639550356,9.464980042437322,-8.560386672992216,-1.525145998457234,5.803446185834494,9.625940391444733,1.335481284520538,-3.876937769922217,5.617353347135737,-4.695938982534267,3.398573566344208,-5.461452624890932,-6.585812970561184,7.086525283835886,-8.016363090774208,9.458793247927030,6.784616380601765,-2.860359208373553,-0.404313287145239,-9.580865067408617,9.685446576554206,0.884809643646811,6.331774723581148,-5.706806118949030,-3.185411272738017,3.593270091980285,8.677088739892831,6.481863958845775,-6.848385946788174,3.771461160552793,8.048839823872850,4.497510876491804,-0.526112836868897,4.726724813873386,-5.164005120096227,-2.153553390912643,-4.485651447196068,7.737948966685209,6.339310490857738,-0.104541026765137,-1.425219432524532,-1.090738752720474,6.526276025924346,1.267041965112307,-3.935725302525411,3.125262024659392,7.595477719408446,-9.001744438998539,3.722272348767380,5.279142332526670,7.022128960758330,4.931300893085186,0.458393011548395,-2.942623225663306,-8.072252215653180,-4.822373984218606,-4.220630128478271,-7.190883013393248,-5.726765290505009,-6.311008208035808,-9.657060205462798,-0.636644206294861,3.909006603540437,2.179620356941589,-7.197480622390091,2.924936488031193,-4.492593685498234,-7.104896495573385,-2.566829000501462,-7.817392765872498,-4.176835659239304,-9.591480881215235,-9.466258307808262,1.475151514775613,-0.441778408280591,-7.022799697620457,-2.913609480638774,-2.037262105555162,5.891807955878182,-9.038926729313383,-3.573141768144492,-0.452056044096764,-5.394567132211114,-7.936434641986376,8.215204901633932,7.965872140312335,-4.153840688306685,-8.421238444488239,-9.042842211020762,4.837900163373195,9.602205066820023,4.670679142711894,3.672055662764883,5.236541568480595,-5.540609461585390,-5.376770112717040,7.678940706124681,-3.971041100905818,-2.016796508051291,5.858099951373500,-7.685933292641261,-6.032186571295539,0.860729014466990,-9.300422470384701,-2.876017562549478
5.607229053278029,9.461865583555337,8.767417011245936,3.300075587904274,1.719093979119748,-1.737029661648741,5.414057771418898,4.049418609309432,7.931874225402293,2.598182867093415,-2.691038574141221,3.802862045383398,-4.920955758081533,9.834508394250591,7.518197604498013,-7.602440108128650,2.046345363305790,-8.476623065578838,-4.523932664784132,6.870332516207291,-2.549696315083501,3.805118272569160,9.864738331455790,-7.982934273773665,3.824449042937621,-4.193383270886653,9.364861216748718,6.050148835439600,3.304431160258597,-4.150637419092935,-4.815999789957521,-9.655397580183998,2.783142744467714,9.203132237179791,6.408859554068133,8.958404950914588,-1.268731093871411,-1.552904870414547,-7.998413811968577,3.116021810698228,-5.530600088528288,1.571699222121392,7.872224405928460,2.833162246217837,-5.890292731571729,-3.122236276217574,9.087881536680044,-3.919633879797915,9.740479837411918,-4.659912200171686,-1.045110112258325,5.676571935885287,8.454888055814212,4.146101563920144,-3.366622992082529,4.186322528019847,-7.904110574779803,-8.196917084423873,6.728236359268742,4.168946353634883,-5.853984743761080,-0.113254297436733,9.604483307590211,8.228177595871927,-3.210471085835868,0.398352743708696,5.923704720282776,-8.249111521615733,1.262249431494229,-3.817052776894252,6.982803389609156,-9.000544384850755,0.759978738211409,0.365174595422504,-7.785444118825941,-6.069168661367501,-5.021258038525533,7.995405275095152,6.225875971138692,7.097027871165039,-5.549365289253472,-8.899719706992897,3.064280379153768,-7.249985082587096,-9.609151063837496,5.012119391768566,-2.926762047311440,-8.243234809213476,8.891196793000699,7.179737798008986,-0.379700757041544,-8.038258438405226,7.859355611308708,9.895846315277794,1.308845857911507,8.869796861731412,9.814200310012943,4.718882157286924,-5.752796424379659,3.879839751799871,9.425598715860534,-6.917496716324834,7.315491895850027,7.029515509638170,9.749727466096036,6.875344413984561,3.606570712401622,-4.814515421133154,-9.131665805651108,3.072095697081171,-6.956910388626810,7.208990614144501,-6.479364687364651,7.987403456116130,2.749917983564645,7.976886927279235,-0.738148324294219,-0.122452208839379,5.316894952653925,-1.899979265237855,0.681709773050645,-5.579075823488133,8.155022088368668,2.838483633003378,-9.570316416378773
7.275766265491402,-0.824877777857868,-8.968556467711242,-9.535153890704422,5.634802756145479,-6.636105353595747,-7.806244826445266,1.573392593522016,3.318238754558028,7.144778807384071,-6.327408102638907,7.304329677268665,-6.895116028648358,-6.647676959126505,4.061352936211847,-2.337194345006903,4.950952980777494,8.017424579201077,2.118073863717742,3.648327430602418,-2.524635871854422,-9.476612779641467,-8.751213417892220,4.490213050135583,-2.973300721079468,-0.441140181733550,8.842895331958083,-5.619393316417518,-8.078710651998634,-8.318105396477156,-2.325512284629589,4.850791941775670,-9.516509118375982,7.017132784968577,8.097416339150936,6.743463695863429,6.940592063742574,-0.797521358956455,-4.119131263705677,3.448672107575415,-2.571528090086894,3.712486724537310,-6.052490933754459,1.941677820648129,-1.679814022961782,1.936072964068011,2.376938616414119,-8.091092584816700,5.046093644307586,2.773229963198489,0.156588334005692,1.635328003227905,-7.416238136373650,-4.578739991232156,-0.765529675007969,-1.843331952568159,-5.356254688897593,8.803968694038062,0.036209654438693,6.474924174406787,-4.003727564867907,-7.953889844148430,9.817237984227933,8.476340047137757,5.972025191826644,-8.842290177696279,-7.256494673028588,4.100096488094509,-0.271956187883770,9.525975222290711,1.619766368481560,-0.834510156519222,-4.094171758334111,-7.452636657879756,-5.465277966074780,-3.881724374665962,-9.691775520675565,6.333729797524562,4.894307912009847,5.643384812350408,-5.454452796590276,1.711223534465660,-2.290588864625405,-7.029829053544203,3.707602952155993,-2.343503631298375,3.803987606305338,-2.120321208926851,4.419488168316509,-1.774752637809605,-3.361602494502658,6.638000590038303,5.178656679401092,-5.075202336309808,1.164981669825689,-0.564951134741662,-9.099210459114797,8.580222592814422,-5.944325259877717,9.412088389076683,9.839053123638340,-7.199425461907722,-5.067105802710044,-8.779807585312112,-2.101687819853897,-5.413636188779760,-1.010915171417874,1.011127344449205,-4.878074097559990,8.636917992428316,1.562392995250582,0.536196197380836,-4.066008471386446,-7.221760390260661,5.251502197137716,9.572125144878861,6.722953887534612,0.239251001082492,-6.452083753662452,-9.430323872973084,-9.141640266886215,-8.409824471069287,1.442969332677546,-6.313386115458699,-2.526666295458662
0.435988686252905,-4.103259252261271,4.583730202247258,-8.920176118941210,-5.855274260877071,-7.826435966958538,4.592053644995653,-6.636827211058957,9.882972845802453,1.494723207618563,4.713794661337619,9.909070768949370,4.583490115298545,1.365776299840194,-3.171056602206472,-7.805201334319722,4.612875332833333,-5.459015418297786,-9.835906339928805,-5.319655971528578,0.080709239819736,-8.740062152490092,1.114438504655626,-0.831933683815233,4.457811645840268,9.641084322671343,-0.571094882350847,-7.017566829992889,-0.015998121144323,-0.120315741431130,-3.689093786969064,4.365493902002724,-3.579702885569194,6.601163375921534,-0.732432522643441,3.517224583913436,-9.789470047495838,-0.466320539032472,1.389561718152773,-7.465564000979450,6.600449907179172,1.268117299877080,6.352660369522042,-6.344337331240366,-3.608345240568312,0.579955822686868,0.788760220977879,8.265535117257791,-6.598785393244242,-2.172651459160033,4.824718763179964,3.662784857023659,0.504574815318522,0.802783354569970,1.158539359970213,6.753424692509554,5.553506654601112,2.950908135091240,-1.275827591592178,-3.333585311716060,3.534628241221062,-6.803830699642612,4.146798572730617,7.298181464588410,-3.990879851356501,-5.946285174064563,9.701571842872141,3.114886625388920,3.297731098360186,9.272079439911970,-9.293599277700601,-5.976998613580622,-1.284522949849213,-0.188426294802127,-6.152261817741492,0.426145158613508,-5.705021282333675,5.048838674779226,6.608097187568220,-1.655649159255008,0.435116598863756,2.540324263145825,6.829516157621978,2.968862543638354,8.358660225212521,6.940812028671019,-3.081888045465089,4.427321449460228,-8.465839305119808,-1.152864295054986,-8.938992521197353,-6.541937202162751,6.864125506968449,4.524576505841329,4.446112844073147,0.672283901166274,9.024254895687825,5.687269048393249,1.429375210226754,6.128298678610854,1.927985082565815,-5.743048561568392,-1.301255431420286,4.892034138526691,2.385083540303249,7.953717980506624,4.068745352505939,6.929521742536014,8.710985151212604,-0.122615153628958,9.851684638575684,4.801167746452100,-6.671253528236958,7.307286185036304,9.298401704362625,-8.466768361747800,-4.715714678992107,-2.600611238747539,3.793949299619623,8.252607925261191,-0.440050311634973,1.619264132412033,1.423592040328550,-3.350254230542022,-2.824419540187706
-4.552816779186033,6.519954601096813,-0.193513590838180,2.496169974737528,3.633528817117019,-6.864036754659888,3.541210240067489,-4.149921402955878,1.245978675089630,5.162811812958481,1.713183953823254,6.407613407250629,8.104990843569951,9.406665547948329,-4.287314542827200,1.905275863391520,-5.062433224875060,-2.816692949319711,9.997347059811666,7.917226806168735,-1.306414739124392,9.785178983333907,3.198267836078328,-6.008194812091718,-2.621916856898245,-6.898702624391168,1.140967947422544,-0.530355527841449,-3.609873914762584,-7.915333405310657,-6.175576002199619,5.475010444612302,0.554349773825063,2.480029786238427,5.788083303016759,2.601807030953747,-3.419709836733659,-5.457716017705636,-7.462238506616368,-8.148236367764516,3.970311689806348,-9.588448849367946,7.730361427050095,-0.781103312068353,-3.829485111956790,-0.822028813439511,8.489449549034404,2.799481055870023,7.946793210821969,8.597968342529462,-1.341936848621144,5.921209756595170,-1.460791801486307,9.475171981749597,-8.128172444009930,8.196671861002287,0.629209029249383,7.051264365554712,-3.505042599557124,1.963706466829198,9.294543035816393,-5.828379512046576,-8.686181870751359,6.589390663487457,1.568886355038661,2.642093265323272,9.528102054221922,-0.623529389748793,0.270839076179916,8.925777870597720,3.886040339822918,7.546920660521369,-8.068728226649093,4.460890821070304,4.306206026099034,9.350341228380842,-1.885762880928684,4.767146133864397,-9.449764085293619,0.808979297279258,-3.325483548382215,9.199704896657536,-9.789437755295902,3.967466123132040,-3.215331495219733,0.701914593622908,-4.622889265101218,-8.666059129556929,2.419716336779477,6.139158991635579,-3.302372602046402,-6.826663721226225,7.056064134615806,9.085881100603707,-2.193845066697451,5.065899933520013,-1.953676033264847,-1.855964827759962,2.335139283815655,-1.842063315504628,6.346362722113767,-1.217166790333192,-3.414134484283499,-3.009908328087969,0.741291906378725,4.196735273091717,8.249921024861059,-8.131127142880853,-7.931139151505706,-9.910951053388715,-3.145177153744245,0.071895428301413,5.136458563202735,1.780721715416938,5.737314016200903,-8.118421027990834,4.776526453629730,-0.574158825684494,-4.315491195383691,-2.976789948037428,6.920778714602381,-9.900084064256818,-0.918005948705652,-6.506049840693273,2.443862106996377
-9.399608782925238,-5.737053860016854,-9.378581755775759,-8.351411487791658,2.869555280587821,9.728346219634115,-5.904345027408288,7.937792610585745,3.140501527841202,2.414517480015995,3.719717680729753,1.733929845199679,-8.291106713301295,4.249248839193022,-6.096680716980321,-6.782240657943723,9.286074724941084,-9.953554586435956,6.248445126731358,6.739997394637875,5.124770906598366,5.529741659591744,7.680218746050485,4.886260866318979,-2.218040995585233,5.024716220675165,-9.437098910522172,-1.205796114636627,-2.786297506786459,0.199743718886111,9.008540715217300,-8.099449634292831,9.701131524647892,2.195072942335523,-3.317332464732276,-3.285743109255339,-5.994765561728450,-1.622631748071040,-8.325577651013937,5.901859344513369,4.669126456535205,1.719175148493733,9.239594003096308,-9.056410816449292,-0.149011272481925,-0.404933381505032,-9.408998885037096,-0.315565700084157,-1.060399018240538,6.575563333420924,0.172863070636462,-1.344838614027942,9.648093774348037,-8.151845462165737,-4.014317525405580,5.904316076649286,7.432420847378442,0.323492904385951,-1.783390529379682,4.255227304182437,9.608487076399285,9.977655010909363,-1.506473626644587,-0.433748954375899,-2.531765176207330,4.355469200800448,-5.749204563577337,-8.365672687515415,5.832313863055203,-9.529387243189300,4.079482119481348,-6.258988370363891,8.667105063470302,2.892517181345076,2.022387633460932,-9.513151381362446,5.776077087661786,-9.683078197904564,6.074810050925990,2.818318236474266,-7.355012979852442,6.037440562771600,-1.906558725409806,-6.168732914923729,-0.395072543178580,6.101949354965367,6.862580552868117,-5.314985163096589,6.074044308496646,-2.476575055231278,2.317620039173576,-9.626747709598252,-0.409982890732035,-8.175965445495045,1.446862821552150,-3.950059929277425,4.267565587768097,8.919727588615608,-2.900005488978385,0.913359309112741,-5.176773150030334,-9.240994366301148,7.641481225174292,1.486885566911267,3.776393577078414,-8.058774737072385,-1.686891478890647,-0.644267415453736,4.834041600106218,-4.696064886359683,5.815420998315535,-1.164949426129221,9.117931300315103,-6.718331428765547,-4.575715859951439,-5.419082598160063,3.943234604924903,-8.546330655496426,-0.952734764929573,-3.013646015963671,1.780491986238212,-0.301332701744684,4.776684397059155,-8.598147293366978,2.576505206566155
-9.290461407679198,8.885729780227368,5.656807650157027,0.794892380639357,3.279248769505180,2.005185250600270,-3.079134077836114,-9.752082203255698,-7.517627723323557,3.118192575331250,5.392934312123131,-9.147729160648376,2.605719356305860,-1.074264647202057,-2.593790469442105,2.800662318138123,-1.431049683855409,9.750397388624613,-0.209852638029886,-7.127756256560245,-0.990895611159026,-1.447470742144901,0.972211791582374,1.870175168354644,-7.503650574573244,-4.543921444642702,-3.202709828520256,9.820746404478701,7.918599722452157,4.982510886165500,4.160872222088924,-2.115505301798040,6.366464441944505,0.846769011845904,-2.503736821919169,0.999007977304448,4.707819882030408,-9.518114739757221,7.759904311229025,-8.330741829021569,3.437181073433846,4.811021577183993,7.489298015643097,6.664189178153531,-0.599713797469676,-5.939370966935609,-1.160605625694323,-7.345675798522717,-0.236649672368310,-1.838342288150807,2.412832451672919,-6.911439934925971,-6.090917279081715,-7.427569075375866,8.185807327266378,7.621665461641786,-4.429804370635663,6.316332721930078,0.612022375018960,-3.718480865844387,5.366329222084936,-9.596394768630498,-9.112363149014861,-2.958690223890647,-2.810172255088079,3.200832196156584,4.308347072712365,9.533829758111668,-6.759746164988723,9.075250478736088,0.108444217663884,-4.949561179057628,4.370826020535361,2.705447289098259,-0.622311867983223,-0.974900786541216,-3.836179459494815,7.159189085060714,5.211975056411216,5.663667783394269,7.023124497540540,-6.055087267564893,8.165355451605294,0.698524264291853,-6.847581801859574,5.982271437410684,-8.765419160047054,-6.551419850398057,0.400140253226390,5.327350393410835,1.854000580612086,-1.745220714262201,-4.643892034007879,-8.988987819084581,-2.215100376525807,-2.391576870162826,-6.369335516038257,-5.929273985073300,8.844131237324152,6.573393609322437,-3.620330259859768,-4.796407722928855,7.576762877743132,-8.921429060993059,5.195366159525266,-1.669260674483443,5.853707625336103,-2.512270181256586,-4.446604415880020,-3.961213239045389,8.064744009070598,7.450000929876282,3.045492208505765,-9.450548835466623,-2.640078672158901,-1.214090670140926,7.664892573638607,-7.486532307706215,-6.590551131730928,-9.946530294426514,-5.184004703876708,3.971579943163936,-0.585674970130729,-6.281681745930133,-7.112077496994484
5.310409659639774,-7.693103659881557,3.025568308210749,-7.922396884900582,3.776614621630829,-9.026509359379560,-8.741708284282442,-1.367303118727081,0.058293407392354,8.035387852497912,-4.184683420959098,2.827857010832071,-3.182721217263651,0.899496683228785,1.415418040204306,-6.453791207192259,-1.937651018246276,-9.765519593198670,5.835085525348607,-3.249843604688303,-3.230386217880938,5.756742291426860,-7.963175434979323,-3.550538588712085,7.859152486162063,0.919840268773486,1.119002696196834,6.863234145951779,-7.136346420905857,9.960961019033693,6.200374312052499,-9.025934320970194,9.953761881140583,4.406172321799119,-6.381133374923518,-2.639128051295243,-2.857374650350250,1.509301470918295,-2.390044660825852,4.364841538680384,5.515833277645491,1.721743048679585,5.556258593572146,3.338391285547326,-0.062666229761426,1.953156090786489,7.099445203876165,7.007358987900435,5.087877232689289,-7.883115427665901,5.613239866981267,-2.741391930137935,-5.382705256189122,-2.856332352601001,2.526599138435371,-1.857615456263959,-8.973821694795767,4.894773615262110,2.947407937652942,-3.054232837748723,-6.296604114615145,6.243675043196294,5.403456880553449,-0.706757411584540,2.730048404302128,7.081355625449739,0.270864972510381,-7.477527563750941,7.079427456967654,-4.383303726389174,9.405979055677253,4.475644004704717,7.327225605631149,-0.902450320650361,-0.414665655709817,3.722738880462925,-6.843437334775335,4.310697553408719,-3.756217266550241,0.767905883198763,-7.818352554373851,-3.930452414956129,8.913463925361579,-1.912067048029343,3.046281758353484,3.491964180560018,-0.035903253369581,-7.871977543674569,8.663710171351738,9.168056137249767,-2.900137719893485,2.602541662744377,3.951566343647698,-9.319171771389472,-6.823806244242991,-8.148676317282570,-5.549598306146342,6.182463209220870,-7.429214591610799,8.210759443068813,-7.438408593625039,-3.720976052216347,1.954493815258274,-0.217937095550557,9.123432129021481,8.212929583847270,-3.427380592699576,-0.702317876299363,-2.079568657963935,-8.089924597247343,6.996733486951264,-0.565216799141419,3.829206655858910,-1.390220762986269,2.987702306766437,-9.214343047348708,4.960316263346677,-8.313375553549786,3.154446677628961,-1.589492978122353,-2.496615071579433,-9.226599754505520,-3.675923525981364,1.893763953338111,3.880514611183379
-3.256872991486528,4.076147454588988,5.022844394075811,5.063394347106060,-5.065399767513174,2.825378276671879,-5.916827208742195,-7.378741124449045,-3.224197641606857,7.241352703632835,7.723233848191143,-8.780193056083652,-4.678958686009247,-8.614772171767440,-9.844659472050658,8.394326837625442,-4.286913412025825,6.308452268470173,-0.432908399812524,3.661753958197618,-5.012753141527099,2.654959038004165,-4.299279413100616,7.334637997985645,9.133588328041249,5.546069304902488,7.168436732964601,7.361370693056497,9.782740974665408,3.149067675320980,-7.578181358749170,-4.425340675382186,-8.941885792161923,-5.009033509123080,8.302149732782990,7.973343530835027,4.859613016082236,-7.668699108830426,-2.785395058670296,-5.815950573901034,-4.719253175279190,-0.275920641368550,-6.711326786369190,3.118469067462675,-6.914455631020888,-6.285211663092342,5.018466370443619,4.709077979199565,-2.335292932935804,-3.305990335492748,-8.628825213606991,4.542107763232803,7.195296311158522,6.861957164296978,-4.067779516829884,9.765368093662261,7.964748557298627,9.893936129755208,-2.910249075399807,6.691258386158520,-0.348027340496373,-6.809710408699640,-9.349167761311348,6.748230851281203,-1.970033823166608,-9.861860377778836,1.282098658562948,3.336572027025708,3.094138080139064,7.396694208949548,5.800923032103775,-5.515616960009564,-3.528719453594713,3.782152197207985,-9.665644053334422,-0.478277446972719,-0.117476531341453,5.212916453434405,-9.156333331642957,4.394003299014269,0.636685422220930,-1.066046751399563,-0.964341966149833,-2.326665764215836,4.133528017821451,0.295236789576897,0.376898161391539,-6.088949002189881,-0.722362389256189,2.532188852118475,3.543428565474279,6.686485539919627,-0.431829141839781,8.795754067354601,-6.529760629857244,3.777360257342213,-1.987760272027849,9.545803520782886,2.387154461154971,7.495265968500469,-7.452624121010367,3.018203677811854,4.483164945065568,-8.117106567917796,-3.727561358986005,9.132971432091733,-5.451942344216249,-9.168931201448395,-5.827660385216083,1.214267869667211,8.515000563480569,4.799691509096636,0.258260885059151,-0.350209752189631,0.721549773587961,-2.743747753778614,-2.796274404302659,-3.170796781575462,-1.713579092418486,4.210815228151560,8.132359875694199,-1.216652036201884,-8.153380061876858,-0.439276677257347,-2.787403491459650
-5.634942068868634,-8.704464713058076,7.143753175981406,4.736646756045822,3.151636070476059,-3.877445700495059,5.261348456422844,7.362401449130505,-9.519532383304545,9.883401471993054,0.001499583372038,2.849827753323186,-4.318205938427089,2.858607440268411,-0.983791620654102,1.010962316416734,4.696394755457900,-6.313433891255187,-0.457481672814284,-8.812321344150986,4.522210087461168,-6.296554109452761,-0.347660986607679,-6.395698105028420,-3.709808346754897,0.424168302838792,-0.962421777822692,-1.480247396331436,3.753160596783617,-9.693338086465209,-0.373363803871591,5.356750665847214,6.381777369622728,0.364410636485712,-8.963143582129298,2.608135028188629,-4.429080439968860,-0.656538381079121,4.368511196665789,-3.143735946254703,1.921925335430002,8.502223572989763,-1.597140841990761,-0.070147420151113,-9.680180296750013,1.804128301255224,8.546589876808586,-0.234663388986945,-3.279852053869243,-5.556145484373078,-9.511622987148918,1.481274692878792,9.097522839098126,0.964328983733214,-8.209733981272072,0.523278112459682,-3.396523240138743,3.477027643896260,6.287387355232759,-5.108580481615106,-6.563165225974381,6.213173331320988,-2.647357565262645,-9.497785586577724,-7.837555322162350,-4.820342865973222,-4.048446461266599,3.160964000299586,7.206621584714739,-0.884267963710057,-3.008072178348772,-2.570307381683383,-7.511661201350062,-9.551992543620427,-6.254447620948367,6.230616581680163,9.890457188290711,4.666095730400674,-8.005277347732708,9.617720244391343,0.984517088518635,0.436735265566197,7.422927110823469,-7.176771732405247,6.487488657265775,-0.877691794578478,1.967818074194732,8.232447454073689,-3.382473423478485,5.240204210701332,4.763785551689512,-3.076625734202343,0.975512627500679,3.465759642544366,1.005129672710128,8.211057946692737,-1.974266016542627,-3.487047727432591,-0.230728547254039,8.619427234229939,-4.959897952365693,9.095063251491851,1.839455248503306,-6.917732853692289,-7.662214925306056,6.197146434900212,5.093707665332923,1.079732584058206,-4.628043295872395,-6.846623889117680,1.479887026711333,0.451037064966695,-7.218293063214196,-4.045193574823694,-9.429462043850446,6.930695906080317,-5.290527653307178,8.512097469285671,-4.205475754109909,2.614078320004651,-6.454667256608262,8.806353313835615,-0.748451845259270,5.026562266631556,-9.593067458967283
-3.786521625687353,-4.394118056776446,-4.240549801246396,8.677962951811548,-7.509689771596364,3.081194348066422,3.221558879482775,5.974978462258878,-7.971361413971032,7.645617933103068,-0.542525184839779,4.443223846728287,-6.513369791371351,-4.863853145364287,9.060513716408941,2.486551856220920,-0.649650126308380,-8.421296315225471,7.449442819015132,-9.345943487653305,-1.117375999174499,-8.210927135770705,2.676494592594366,9.991499020710588,1.107943265867767,-0.855148586940388,0.771007983569390,-4.025586555692948,9.597350518873537,5.896198273542762,-2.147575991517348,-7.996647434234676,2.573176569008897,-1.461864885722960,-8.593286879139932,-4.717010781543878,-9.261797749374930,-1.363364989807444,6.469859853987739,1.893705360517215,-1.156393434151594,9.965844548128842,-6.694621362808215,-6.756054423557762,0.659620299351060,2.588703087390595,6.161476361930937,-2.169964544900045,9.243869992404004,-1.665001895123655,7.534694113929319,-5.640099268732164,0.478078327445710,-2.212737275501222,-9.746479068695413,8.051897962882155,7.643596493540542,-3.444652736531761,9.064903817462667,-1.182364268124372,1.271346660964824,1.824126229485714,-7.157147747670960,-5.986196761350264,0.763124440820373,-0.885105594795769,-2.429547248201185,1.880045094072054,7.294054101996789,7.850720931648219,9.887734536791729,7.589552645293111,-4.418576287673568,-1.989129229061607,-7.811470366750186,-7.416496490841591,-3.425533761804984,-4.366456563908971,-9.294238181702541,8.555192029086150,5.999867913835285,5.330717825093473,-6.844299160084644,-8.061381735736070,7.545320140164527,-3.272982991687665,2.002854353833838,-0.715587446915569,-0.979841548999120,-9.811668069850549,8.730054575303996,-5.391524201954327,-6.019349890059211,-5.718718149939819,6.366875553588038,-3.102201340607664,2.979494982450213,3.628522388729010,-9.185720375754054,-6.998202983260646,-2.429591639019179,-0.874116512222061,-9.783662758522224,1.185537127438906,9.282681895011944,-7.823247947337415,8.320641068900056,1.563919899793502,-1.520194697124598,-4.294565608106231,-9.463791387717560,-3.493797258254809,-7.979173641047677,-0.160567096809265,4.100093757969530,-7.935187497620384,2.455957042786309,-9.449160424661347,-0.788016653739142,8.980450347808734,6.673436003623966,-3.789844052797713,0.935986051586665,-6.097038788109264,2.495835012895235
1.620710193118056,-8.689627745313162,-2.112009097268112,-2.183945791789286,6.967055641915312,0.827438466379986,-8.169933484160911,7.434086381458048,2.045641972006917,-9.654280339218060,0.338092270063989,0.147111174470355,6.332144666494980,-4.973728344074573,4.084701088322859,-7.926154746978476,4.964880432643092,-5.419904796476482,-2.546160467777360,9.763384770639231,-6.090908048428656,5.784313410341241,-8.635728621626393,8.217080403386504,-8.396877425618799,-1.295868280004912,-0.188780546902855,8.442105778493318,-8.735918928095078,0.710594619299732,-6.051747699973222,6.981143230191432,0.980096862340535,2.203535349272542,5.669679617265091,0.428109629908814,-8.537573493474666,-5.933872831839135,1.943053401089500,-6.473597704438565,4.202252348325432,-0.602670820136915,9.915137411823721,-6.245293851859972,-1.223122437268929,6.559685120105865,-8.518031367320098,-4.678426253844390,-5.906598927853306,9.334209476863290,7.067316227058150,3.665467804741112,-0.150421060540877,-2.675535011061633,9.004996078790640,-8.875556516367897,-2.099395777687740,9.067155307206495,9.417684487645165,-0.713688935749456,8.975136267733539,-5.855956682360997,-5.884160261054090,-0.408516673389165,2.725339774362176,-1.958369509248975,-0.876832356761808,5.297868009818380,-9.258170524637091,-9.380427712357154,-6.577940187465616,7.395588551002543,-4.198874940833233,-4.548571913013082,0.350545960242531,5.594566776824081,9.043761359478825,2.469072608192111,0.248613763004755,-0.339853248052187,-9.908398647565262,-6.924786347637242,-0.087331544009224,1.570200231023362,7.813951858346456,-5.763515139491662,8.018732122551718,-8.304275427314812,-9.199881628522736,-2.950098335512119,-7.206795133659236,7.590875074743852,5.181720549669196,8.736433824430605,4.984910653456875,-5.147464248599425,-4.201663494175760,-0.532857818877751,-8.207893334621200,-0.070685968878363,-2.709485595064489,-0.182124619468860,8.981592074699197,0.627973870070551,1.770605863759179,4.653647904399122,3.556903742645080,-8.127620070279381,-1.898503588948552,-1.584943428864829,8.509164787767077,-0.773996690595846,0.853971439809447,-3.126036843272349,-4.783557031374306,8.612536546087959,8.877024223798223,-6.031318749364449,-7.111151530409671,-1.884288710836152,7.897551363622263,2.684435030611800,7.143914951864449,-8.424556199729645,-6.868169501497869
-5.885058877399429,-7.947884294648593,3.382921925629038,1.341493639946464,-8.445841980183978,6.480923958623290,7.784042278301627,-2.328250750974656,3.777347788791992,-0.397725944774653,7.587224544744526,7.039782449531902,2.434689417954992,4.398992324995985,4.086762125021824,9.956027648895308,-3.099998826615535,-0.543330709419529,-8.406957077453644,-8.167599065394333,7.414742771825228,1.671780234915998,-0.161762062587556,-5.372201313156724,5.932060966465986,2.433336684471863,7.633616502754993,6.671110949271615,9.537929066287603,4.273351017174146,-9.563361400128251,-1.168019173122746,-0.895208655627286,-5.075700016633702,-6.113139115972858,7.096721544989283,8.801142651932381,-4.204491978586098,-0.675055045755453,-2.608606134397569,3.406644096036548,-9.897874569999111,-7.230834956649552,-7.028624680376103,-0.237664118488230,7.418830854135983,-5.872442231700430,9.053964413643108,5.072601059020453,9.590019961523026,3.351461721860042,2.061119871803996,-8.658361809725825,6.794854805926370,2.784463079581961,-1.524141302825509,3.299980707632059,-5.888954271223543,2.969733518165631,5.386028746348897,-0.157507746929662,6.032417832283890,6.250926042429864,8.282076486166780,-0.380687424656017,6.536105468147483,-2.842455069787537,-4.161612863847452,-9.010105854122660,-9.586643445478892,0.508193166423174,-4.664264135957059,-3.241897682051151,-1.853822443803157,4.857445985719313,-0.897851971922556,-1.800330571340211,-7.263669571313152,2.853770614167859,9.536715433462668,7.755113797953342,9.105100541326351,1.385028752192570,2.428284897142676,-9.443641243405885,-3.437729016963447,-7.174341415448866,2.657401339315834,2.824716657777955,-0.467060297031738,-9.178675571805419,1.325457716969121,8.368524481266803,-7.229750502888446,4.098129734695711,-6.582337948098727,2.764916022955887,-6.765085871385239,-9.395878498002968,-2.173250681910870,0.694989674710529,6.841271721190786,3.591105068524257,2.210582763732090,-0.958861471520436,7.034286861761473,6.884547710667182,6.901697905089240,-4.145212297262535,-9.082406982485621,-6.811255029646546,3.332092635647072,-4.024899246796294,-2.019678755430840,3.724686601629690,7.208349085666349,-9.175609318232338,-2.410140334437973,-6.072301723220441,8.743205367116314,-1.876128322368675,-2.686056873674387,-0.516980528591899,-1.501146251155344,-5.607978079029408
-6.244902321763293,-2.341633679263511,-9.628182998270518,-1.684826972285249,3.708266238542461,2.238016155496400,-1.148861118160164,6.635060688794741,-9.030107191158418,7.354301078794666,-6.930838776868584,8.754314480853100,3.711736979339410,5.596566945091155,-6.846508503788060,4.891434310247799,0.859200790607339,-8.354038385627476,-8.266933821318897,-4.368290913026486,-8.957321843263010,6.364273592471104,6.922573019938774,-2.143067451648976,-7.908778550233624,-6.978101445044400,2.777198838560871,-6.974371922306954,5.639079346132421,1.506320152983315,-3.924699445800002,5.505840342720028,3.550093132229859,-6.645545629213054,1.935936518091093,7.759734141436819,0.341482206341809,3.663984107317667,0.738432334063111,5.773095150592368,0.836701539388043,-8.352984023980740,5.636767422669248,-5.584665980518661,-1.539218848914468,4.757486133699278,7.848890382146820,-8.796144946003693,-2.236960063754754,-6.958463633055992,-6.692546466082685,5.338957185167782,-7.110504288204183,4.516372818527275,8.940525668459269,-0.132578131656604,4.433604748765717,-4.608521245749508,-8.909468065787786,-3.150288779373486,-3.774505684015441,-0.893604915299333,5.540115228980344,6.515407101042399,6.936491825976308,-4.206313661334084,-2.256402112677889,-4.102753950723752,4.567875128353378,-5.808314997486919,3.618188918140049,-8.630776315165637,-4.316636461302923,-0.136628234453246,6.799724191469082,5.184829976084504,-6.593673417670423,0.142512020760201,-0.351194462192536,-0.680808524871892,9.481473205831531,-5.058299304356179,5.537006219367061,9.147270483925727,4.235341777601437,-1.982243874595898,-6.313747183515808,-3.298657890683803,-0.739648016157290,8.895207629017602,-4.200973562764190,8.961927347283176,-2.820437397370505,9.061844247852257,-3.768402804520399,-7.970028167279624,4.249638634198966,7.015359077475910,0.451971479470583,0.986755868018140,-0.292677600105245,-1.748575818746618,-0.926291234953737,9.403035373272676,5.364832369013415,7.549537319191327,-4.354009443633609,-8.866458015334416,-6.908341465997125,6.585242440381435,-4.719181755483614,-3.619700268733752,-9.513585979271594,-3.087051667213505,-8.429789371105587,-9.993117001309180,-3.537951002286999,1.800723255267338,-4.827967234326389,9.299666520795348,6.504336714883454,-9.773606081181390,0.764592101571374,5.504334578048987,6.864193609877475
3.179407668299563,3.407044269741329,3.080858642640653,1.825106296487260,-1.101211660398317,6.167954551297232,7.938895223614168,2.213393077638335,-7.797687411638339,-8.421013658239344,-2.544431557592479,-9.427043530094856,-7.451954502752843,-7.107659606374897,1.922408522499650,-9.977426062331741,-9.129647082398231,5.671618930797269,-7.605378102873179,2.388578815754263,0.270407040309294,2.015966205599353,-7.929985221260756,7.663877380679061,1.539714005081636,4.563098998013428,4.762663574297610,3.043209955859101,-0.238741785747422,-4.843102524892795,-1.695966629790384,4.892398840499199,4.841295228076621,1.124409414562191,-2.395198961480580,4.787303993524340,-6.108644583105070,6.751904567385580,-8.838395815709070,7.168603102633281,5.283786630762368,-9.918032846457084,8.898762868050053,-4.440718679952848,-2.798168198169051,7.796178600199280,6.701416001591866,-8.332856768809663,-3.620926532348340,5.019974220602908,6.226782393932606,-1.678574410697976,-3.998285174799074,2.659681785802942,-5.923483608329945,-7.044607469659134,5.502786167927061,-2.199830714038178,-0.124101790900113,6.480865012582441,-6.219650994097359,-5.084547656572511,-5.259591150291881,8.603383362662111,-4.268377739018813,0.173855645096456,5.919220661501491,1.789227555439705,8.556618560805390,-3.628930272612241,-1.258412504681417,1.214158676579611,9.274007381171742,5.848721962288792,3.384954617160815,5.897706009817531,-0.023728447978852,7.756656058372734,-9.883407027138276,-3.820685735570954,-7.367839073398253,-4.260850922266506,5.386697938199296,9.099113741750518,3.948570666879789,-0.686571811053380,7.410492166433368,6.120322801178748,8.474105815938753,-3.494614556783501,-9.634382324002893,-3.241569226883991,-5.161934195109446,6.261615737220222,7.615191159142377,1.368817137268463,-4.821204256464295,-9.346049919547658,-4.391678754782276,-6.062001849957732,-2.719898253027562,-4.769365478725788,-5.406215898784565,-3.041825479016573,-8.621945863678246,0.638297825311994,4.588186949531760,4.084929661898556,-6.409700112891330,-4.442366644921099,-6.508486930366216,9.282659973196466,7.460508400564208,-1.701157151764541,-3.736996166560771,-2.565417980735514,-9.392606107064573,-5.800856864845039,8.853453467983808,-1.982338056265258,8.362367364455881,6.847097383284094,5.226226568476370,2.577574589259877,9.941077675368451
0.319825710295113,-7.341997700199114,8.100083949797646,-3.178196711175918,9.898334010479420,-4.845963847846722,-2.362130699834683,-9.585702848996799,6.594041051312868,1.863512910806783,-4.926800049107101,9.984859584308598,6.217591890489217,-2.201616603716323,-7.313293782738590,-8.920181696435387,-0.791957021923576,-8.060748589730103,-2.591396960513856,-2.675646787728478,-5.857176347044744,-7.138496809807828,-9.237131071848575,0.690793210369991,-8.262477015861728,0.804955999852886,3.369761961865194,1.489199835023456,-7.176169312750346,-2.064295148675268,-1.388850963848968,3.968649375285786,-3.104109208706889,7.435412686342978,8.641296838373783,5.261606545372498,-1.448752488536769,4.651961952158373,6.542756996710359,-4.011413713108263,-0.811461647001696,-2.075675895810636,2.356836475809153,-7.786015605776497,7.678532703131054,1.037394542949777,4.671606914097463,9.591065330973148,3.653073496525501,0.693424014946997,-2.645757865597576,0.195032398573215,8.684173142482507,1.646164955176864,4.813018477899435,-3.538280751226228,-0.918166303571530,-9.428495610084752,8.836590463676274,0.753059550122826,3.316910424649828,4.880682941976273,-9.713530478072363,-2.164555612312002,-0.347974299317018,-3.096877247733860,-8.046591149149453,-6.016779645095167,3.378028986580661,-0.244158988004395,1.529654921856846,0.897453432117040,-0.699156108608648,4.108365768654290,-2.226861305424126,6.830444305441663,8.123492637304651,-4.731744514681983,8.720213907152953,-5.567285763963595,-1.057553714598050,-6.249280560425508,3.834198045703200,-3.704041781799738,-9.235823882968861,-5.020682202756728,-9.884746976017249,-2.267556166844649,5.272257725096761,-4.400431042277630,5.620217935375658,8.829459149616245,9.194886122561222,3.683804308142861,2.104292505224091,-5.362741526981100,-9.862804925059779,8.146250998780712,2.031884605002245,3.851409412674055,0.822582863401191,6.241147976384308,1.698534858999256,8.454396603843996,6.879822295482860,-4.388783547207964,-2.043408384434644,-7.224441343317027,-6.915709881272645,-4.403881230122138,-6.401063005698258,-0.286125119301623,-3.781972152699248,-8.734493893197619,6.974381316236020,-0.837184392163323,2.081343776850312,-6.046091569133440,4.160143557742977,-8.446540277708063,6.295403756498594,4.502987394357127,-6.916918106699539,-1.685588588473863,6.613555614786712
-9.190718925841557,2.107812245306906,-9.882940200389926,-5.254614402940032,-1.055151077741009,8.433333656071248,2.126996027046635,-3.786221243109351,0.904102042249729,4.790391221111211,2.207098096446490,-2.525635111333382,-4.576100385688260,3.869772325511661,8.124948610501882,8.082490015380341,6.126468485345153,-1.611206879966316,-7.052677842206712,0.956470207299491,-6.396495928883463,-7.611608694579819,5.797435651964374,-2.324775134215511,-9.488703586050809,-6.926527960474984,2.833903539708135,8.910962538484160,3.651094278279242,6.151113618432074,8.067340593365614,-2.127599662377174,-7.250630173816967,6.053888744474595,-2.295891070248857,-2.447132115067587,-9.117005574196302,-4.398431070146707,8.058144689705674,-2.050385927342216,-4.660008320081586,8.025929458960086,-3.118099686096157,-1.677703549506901,-6.358466006374634,-1.963879689288747,-2.801540173383970,-2.824573972449334,1.413208826539545,-8.564314084163145,-1.831607782462854,-3.179074911204913,-8.055865082999611,4.539689870546574,-3.686120944925140,7.744261574379692,-8.798211740888080,-7.457015211754781,-1.755787866644082,-8.170444397675560,9.930658116125652,-6.066416597002588,-5.498760703233887,4.854815991937873,-0.980215034327207,-1.005295865660418,1.547246341643397,-6.474742769458228,8.382259696415552,9.777911934075384,-4.451554368410847,8.982067071681627,8.386507227280337,6.388656605647906,-0.475947412853106,-0.119957308644356,6.189372784823611,2.489642221592586,1.194493510348835,6.113042144072914,5.434896517815233,-0.634118958756869,-3.220572423023523,0.594890033948531,1.183577213670759,4.035861707450149,4.472616115418584,6.361727620114117,-5.450998319913898,-9.160146336664949,-2.786187220720513,7.160805336953878,5.127008842228937,2.265957078986583,-6.075004527425443,-4.882159560417724,4.986922674678162,6.643620444299568,7.687067672298554,8.768025052877345,-5.195708057343840,-4.969712019073280,2.033961050049440,-9.932195867602022,-6.877242895626559,9.159811818207579,7.129585579536069,0.904878431800975,9.204728251290376,4.883815276459028,4.038042106346980,-1.316974698389643,3.086158403059349,2.382533777119924,-4.964558193848010,4.559304137992461,-8.046479828722141,-2.080160959132586,8.386065715284762,-8.074721876422926,-3.801466142438567,4.234700944592200,4.612274948910340,1.597999122895574,5.332021411337086
9.145516258685820,-2.315401611785727,0.861395671022031,9.362624788185840,-4.584943937381905,4.629726750108949,7.942867005803937,0.338297474534468,3.185659054386464,-3.499974140486747,-3.525507766823108,0.534266669986799,-8.869787823891770,0.184389632599718,5.035929331892300,-1.780165254968393,-4.980656689233616,1.764185892627474,-6.487247212484235,-6.347424468384784,7.846940975987277,-3.817937963422455,-2.594713296154754,6.982730505913214,9.706262873016566,-0.182894915387187,-2.436683176403161,7.541547847484701,-4.603246099677067,-5.937391990149814,1.245743177179923,0.087712490740062,-6.788391703333014,-7.247706642286198,-9.430304700639580,7.141730476206845,-2.456456407938483,-9.989655538512391,-7.424206729968327,-3.308251543114331,4.100672836863302,2.070120182682814,-2.644890305388747,-8.244346116837413,3.395563892341745,5.337213896747642,5.120897784550131,4.134797822528913,-0.734643133713643,1.545796729817754,-3.136084705411544,-7.898070453134391,3.294287089005408,-8.289310916679797,-2.724498944549978,-3.362859281395805,-2.802323307666709,4.787218395460911,5.575432910847617,-9.825884763005945,8.588708518087152,9.996359494068379,9.386495171666201,8.775065097880468,-4.405567557301464,0.854253900080529,5.011788853441441,-3.125090488980415,-8.521979002632516,-7.348491872942025,-8.488003502754889,9.824100060281882,-8.166303056991680,5.582901470574374,6.789336778295269,-4.634639643800109,-2.221618889648407,-2.212986643607939,-6.631483637679436,-2.487920995468107,-5.451081774645081,-1.315312171779828,5.077650380927860,0.458095693524236,-2.828852508252250,6.197132660582248,-0.085521377200292,3.034644768959838,-1.660570823291367,2.215449277305057,-5.430792619617282,-9.969560311976824,3.528649633171080,1.080487017201415,9.696686546755735,4.634903940245517,-6.157741801852639,-9.752477244762918,-7.422381445284609,1.154033379549105,-9.655461865752757,8.700755058357895,2.052599891940554,-6.012890779904049,5.124630856398474,5.294741354313810,4.642776462276274,-3.791551076585778,-1.333244867189089,-0.905467848866577,-7.389531728938284,-5.448018106810542,4.755000931952406,-0.368078080565313,-8.678124248236454,-8.373393717113453,-6.711371568063431,9.347570254421345,4.921399100092001,-9.877050713205360,5.956381452210994,8.292988419078526,5.564467467555797,-7.423096117140291,-7.964170728705271
9.502803283615307,6.325019234654444,8.287136106117480,-5.758526047568675,-3.275903133168729,-4.462210585809969,4.677621601461544,8.338453346781385,-6.078023421185572,-1.291599682480204,1.774628569612419,-7.720649511109244,-4.875446286921075,-6.612484923578419,3.769484972729957,-5.227319591498826,-0.245905016879908,9.515156352173673,-3.275600867628516,-9.889739088388081,-1.647199274661251,-9.343491907302564,-2.278376243113338,-5.518455382209857,-0.408942480102240,7.225377985764730,3.241916154220451,-3.798564995481315,-6.781104856018905,6.765770928686688,-5.524857082161825,-2.510323533644971,-6.968038548467042,-7.656688337476966,-0.886097815582902,-0.835360440475556,-6.466779339289048,-2.900927954528507,2.868305826493833,1.566059624897004,-8.964000463419939,-0.323841073554105,-5.937638991842329,-5.525690455561392,1.182444881787767,-9.670117435225439,5.858518625169893,-6.915096552628832,7.427304559177447,4.024211663103465,-2.828549815839443,6.377810984003098,-9.314055537775882,-9.671593091584093,-5.211354475883365,5.455997705213809,0.206188483815055,-7.770477595289062,-1.817568899527345,-5.253244650338146,-8.460292583409576,6.000024234336397,6.459183298698917,-9.357202306085572,1.597392528751708,9.470613210415678,8.505466010632510,-8.853172955873514,-3.308596343394267,-9.576666988881424,4.097152026389768,2.932440944439211,4.356023914992358,-0.935467016516291,-5.658701482752457,1.318989766509528,-5.043588995425692,-3.369912147986476,-2.575147557434041,7.990815523468267,-9.344933588558277,-8.784144021775850,5.229291834509052,-8.748048849792768,-4.208942471575885,4.030737392865758,4.200760503356536,3.931101317024853,-4.088876154154796,0.507409376378192,3.315560111803205,-9.702900395985123,-0.827570920160190,4.293677245426720,-0.780348409124541,5.943700136653272,4.611183456783476,-2.542161880026703,2.533454929064343,8.552654801708353,-2.814173124139820,3.115388104185154,7.012516926680672,-9.519910865862123,9.594691661416491,7.461679432181437,7.735996857217199,2.436006952553047,2.589232086484117,4.921999192007116,-0.153785955696105,4.915383490657225,-5.368648918108643,9.344673137390416,3.532602406586872,8.594163165444439,5.745124251991356,-4.167553842426431,-7.465462564107781,-4.951948258252261,-6.436983039495279,-1.707554042923700,3.283990119491031,-3.503065327805390,6.031810832606887
-5.608750877145823,-0.041071659441563,7.350753315549376,0.334859025736431,-3.025356956152305,2.416774281545655,4.033379931122187,-9.558203781246577,4.516588416497303,-5.632155175616953,6.005351749134935,-4.493585474262208,-5.086600806484814,-4.733640333858149,1.485439495254258,2.702737797228295,1.671388568167870,-9.473488261476966,9.664465427860755,-9.611811498827985,-5.722812437479144,6.047969330903740,-7.336799482123839,-4.415649552997558,-6.414869471667535,-9.173195605594193,9.915300423419627,4.640071091279385,8.889416319811897,-6.769860295786845,-1.018156376640178,-5.164453504931073,-3.959730101412333,9.326899641978571,-8.849729069149557,3.507841647822703,2.665384409516633,1.116228977035629,-0.777201627361389,-2.720187244329750,-5.014327136072927,5.929797076747894,-5.229591437776091,-3.844230337338022,7.850890229191226,-0.650452619976058,-7.258727125737041,-4.028918489776146,3.163069700903625,-4.421273377088550,-8.662279860154317,7.505207200296081,-0.921296437528270,-3.593627455080483,8.726320432870406,-5.854164483049948,-4.013593013418950,-7.426927895595059,-4.411725376872894,-4.638527192132194,-5.059825217334327,2.134527887260871,-4.726260420583188,1.813300297792804,-7.494012212141983,3.947979855061432,-0.406364438763788,-9.510950093350726,-6.354689727168870,-6.726319941273959,1.716091084661958,-2.511229293860198,0.143054764753487,-1.605911421424469,-0.532821129823382,-6.650907466316999,1.609980203500514,-2.176545190108023,4.378037080373062,-5.667921864825541,-9.122791286577348,-8.870658606123190,-9.047905497561587,0.373741422009582,7.360846757088026,1.955033756713050,1.568678132129101,-6.553171760913208,-4.658464056795788,-9.007380020488418,-0.394905247937658,-5.293549537378723,3.569911323661032,-1.332967751828885,-2.087914233111434,-4.220288668183558,-0.239661618838785,2.345056367307743,0.820741255901074,-8.607670960781540,-0.371605590529187,-7.210717983908735,0.359329693719788,-3.244363882944167,-0.900549382851212,-0.957123091695767,-5.459161941906814,-7.341789255519828,3.253724754896339,-3.275217212149794,-6.937181683060157,5.990217813459839,5.990212725884003,-8.216984041713573,1.075135376048117,2.315416764203066,-1.910363190783306,-8.970604302648500,2.534915893801983,-4.373742325231673,-7.179846661004355,-1.783108042470335,-4.595404113550579,6.697412471202647,-8.861541515956370
-2.545337854356458,-4.747907397327502,-7.771437825849972,-9.979157594803304,8.600389598468034,7.294606955999186,-0.977785017655714,-6.916810282697714,3.357084363552737,-9.322969848676150,-4.115318254008134,-6.626411585583516,-9.563593815471434,-9.211231039752141,0.516855671070534,-3.715206747298412,-4.488394812739309,7.889380954545004,-0.278447355401779,-5.509271085867411,-2.065170744344882,6.845275149024502,5.725996499303257,3.071174312777947,3.328363287176273,-8.571624655563312,6.926370081222878,9.338072078215408,4.964071998011949,1.670078889061383,-4.914596294918212,8.914297738402141,-3.899996717097003,4.859841804238078,-5.944131607118475,-6.996980195004394,4.275224263374755,-5.027835516746604,-5.150222614474577,7.151160846612253,-2.881111763144933,9.206999951493597,-7.484305296209635,-1.120881280204145,0.550509721042307,8.489240948286255,-1.132825621897686,-1.696855316904536,2.865777741609234,5.131027168007430,-8.459418688420557,9.128915625045224,5.881743081527917,6.041101512904930,5.430938014537499,-1.314402124600349,2.306347283201230,5.854211717786670,-1.025698672688748,-8.004304171708620,6.949533948403356,2.540134686550587,-4.608114938577010,-9.470021136560987,-0.106225844491775,7.117754671217320,-0.205832862122522,-7.201779134341311,-0.394126104472793,-1.751917603894126,-2.969143473057699,-6.383078386277161,7.208107785489048,4.295002204074375,-9.778500398991870,7.349613174823826,2.043705278505779,1.945542040629260,-9.072257773032778,3.153017672896258,-7.760072656654636,-7.867365486841478,-4.089578238154601,4.179619304343108,3.863276778283577,0.106598072703502,8.223943845408090,0.348448809649256,-9.610807309624017,-8.259951461951369,7.832610713379179,3.304651097050531,-8.085564786306938,4.646991864949250,2.634454823443814,6.264414263420310,5.794376466469993,6.851845274323843,-8.025363326011608,-6.726702539850498,9.598351923273395,7.247187263002537,0.913219222167143,-2.362711379060549,-9.619203721508667,-8.693535279730506,-9.271243962500925,6.372638732031405,-2.256232869760684,6.084624089118478,-3.044504039989970,3.640002186214355,-3.501492264347068,-2.176353257399672,-9.778143479491284,-6.994608658426547,-5.627836399823478,-1.753709754919015,-6.828971532749122,9.917267470729143,4.474788727832017,1.801622012319612,-4.098055517141564,4.395089305892830,6.412289655220043
-3.634808336941906,-6.090199241198075,9.601275317342306,-8.008952686757544,-4.582900663210603,0.146736240017958,9.498246649751152,-8.464137188227465,5.250850721645463,4.614492677960914,6.721942013399893,9.370505419558395,-9.122250463855988,9.429656869959995,-0.980193542503097,-3.606479256843851,8.988263435907115,-2.107526293963289,-3.297324007927250,5.938902070082371,-0.931647112758727,-9.380223169411369,3.237831705006172,0.682443573834854,-8.889665695895285,-0.726757354810911,-1.155864066032446,1.916038620166113,9.200135525032739,-4.898499862945219,-8.064833812099614,-5.020805228168790,-6.179362060288640,4.044641757143285,8.220992684500953,3.793039315867617,-3.245355206754514,-0.724428725892706,-8.191444294844700,8.943640706704493,8.439752387589703,0.751683400955343,4.836908809396627,-3.781430681214355,-0.981690314784817,-3.518386288904180,4.524806960263390,9.769237488062970,6.137491904915787,9.506197914776408,0.660629065594154,1.584642944868207,5.558837815398569,1.584124361097302,-9.448733082752819,1.199576189783054,6.546050013492007,-2.363088300978678,-1.967124984482405,-9.988028624237597,5.204192150014595,-7.545353903280867,-9.420095358640710,-4.714836864010296,7.806163448611297,-1.760309467540342,-0.938137641545138,9.994758716237261,-8.269021705790067,0.006469183384397,7.974299014648658,-8.868297925179276,-8.642603099654270,-6.517860023196132,-5.647986929225270,-4.943837666618309,-7.829384502824959,-1.967901254588780,-1.484324712350404,-7.241345905819756,-1.776068816493424,9.709823055576226,0.406201341779584,-7.916634568801213,-5.029119675427413,-5.941335026798238,-4.784220361511955,0.851774629669942,3.166101236116285,5.005647868802823,5.047428138855011,9.031773999742502,-3.553695058192543,2.539735329017965,0.481618323007901,-5.249122117064200,-2.736917928311842,-8.230263469508435,-8.984847201928174,1.729258244459880,5.793495330471661,-5.797692982026614,-3.261324463581463,9.016662018760663,-6.841631224116145,6.790204613914160,0.407513729089130,6.126692734949359,-2.254677431169991,-3.249946375972472,9.120411193908744,-4.776555940296898,1.979852913576847,1.681597013594956,9.372923644737241,-4.157089199723991,0.610028976349016,-4.360589142665297,0.779906569201806,0.403332666183669,9.403546534092907,3.395417663745112,0.782713419171202,-5.993585341281551,-5.188936680132301
9.350338871797334,0.505046586094746,3.041684256220321,-7.717489074260529,-6.067643898258890,6.578813628561605,2.346335504690915,3.148033780959157,-0.299875580297835,-3.276416418069344,7.719164461394254,4.901177529175980,6.211888359506627,3.288878020968763,4.373773258156440,0.011526028620128,9.509292596103165,7.556888100500654,1.859471132873390,-3.222666540959452,7.460179559720306,-4.077115567129450,-8.812429901607226,-3.552304237031841,-5.816680781399739,0.103256533948720,8.494347938922033,-4.459547903941752,-7.140574181293728,-5.102859503001937,6.405273186531137,-2.189905133728245,-2.928978740155229,-8.165476222581303,7.706588972167058,-7.605583612785686,-6.167319433154139,-1.732280174835770,8.391149769333904,0.709024414860187,-3.048785494081036,9.225612751949789,-1.045557191266029,0.323037765015165,3.035747332906318,-3.915264782591650,-5.311364456979398,-1.083315023117086,5.282036053953112,2.044116647882188,5.033538082136364,-7.830672063555665,3.710532836497123,-0.429649980264912,-4.011814161051992,-8.832349656501998,2.532323742074231,-0.536452930651514,-5.091434782059037,6.023292964971116,-3.465267803352969,2.998103182264046,3.843048208808721,9.671166202300672,-0.919173259753359,-2.711062267702228,2.630304573388738,3.195114019693396,-0.870828224534293,4.190286620635039,4.802841379129447,-3.941137222015156,-2.912129202432996,-2.654364591768847,2.166877809894942,7.787340531577691,2.764778612072556,9.552796981320640,4.400241981612769,2.713405025939139,5.699514983412222,-8.114902261556281,7.515917686809640,-9.609221275894468,-8.877224694869117,6.621479897933575,-7.786863550617542,-3.546097081979489,8.321157371031681,-2.319966921180152,-9.273622319435260,-2.111045222924863,5.845453260983685,9.556653878043477,-1.968100982855745,9.170754670840587,-0.162711218410401,0.428876590715181,-7.778129859559950,-6.011468805266389,-4.059514275275449,-0.395242950958860,-3.664650215732975,6.563322384442028,2.040318924412274,-0.982899022688834,-0.924443911059585,-9.808342566379167,3.343244349253812,-5.573264712328932,7.390102519452114,-5.948166079097710,-9.696765378022739,-8.113105018294817,2.907671322779549,3.256154120108668,-1.447795502741016,5.223035082550066,-1.272054572768067,9.924767570703153,-0.700871603543709,8.910126108979043,-6.648899988272222,6.085258937023038,-4.911291716893889
-9.678310139010975,-9.237255365800653,-7.305697125304683,-2.169045952184838,2.591197637758418,-3.497793531932709,-1.450987882416108,-0.608501360254525,-6.613903327457125,-6.670735330236857,7.411263822765154,4.770230496265246,-7.879244571023554,4.403971332613812,-2.146709030388239,-0.772906333212084,9.990900340481296,1.945028124717744,1.512070617895795,-7.526498464310478,9.097820399317659,8.174001685318714,3.948285714452677,3.596184015997906,2.998155816606332,-1.256146921620116,-9.218782672068587,8.552011940595584,3.310865883561940,-6.141720721692689,-4.916031903487738,2.823224805771741,3.073358746961382,-3.767453113352457,3.548928446054520,8.134912377713022,-3.741906842910212,-2.732685186371640,-0.135717944373184,9.682597695144779,9.416160597989983,9.374443475738698,-9.152400681289974,3.197597111917927,7.327898011171360,3.836932669164646,8.767026712766132,1.556397829717842,1.023703962443181,4.838683724407918,4.959274785940970,1.973681426633096,-1.991925411498695,6.766751591897634,7.884523679019864,-1.026048322455118,-2.237074819883298,-2.680311510262154,-5.302185493947453,-7.895581767212088,-4.214553243362746,4.766680700476114,1.214392599382643,-4.983338151159378,3.650417344882470,-6.811529014221436,6.136714802055433,-1.832023481405292,-1.161418953280680,-4.826177027113938,5.083488362994741,-3.284790380335632,-9.655595216825976,-1.041982239390682,-9.758978650459149,2.370928623052812,6.236144728688519,4.919703202101548,3.141803083706794,-0.472389722541610,8.658619868344477,0.155380560443311,-6.882444634921702,4.979460180702448,-4.977771698006233,-2.907762548940676,-1.515307394338839,-1.137212187099566,2.124190258376803,8.277943761102282,-2.907127362335544,-3.789176510793122,-4.645314540826648,-3.260921813911358,-5.858352628123948,-0.247174095754012,-3.372737698415474,4.166873185772397,7.881586618591349,2.843137738636727,-0.897216681151793,9.694676805478384,-5.359763173825396,-9.418167318980426,4.990609917325969,3.297953054049980,-1.179621338600372,3.041194028190715,-4.143875940048593,-4.596432929662488,-7.085030121598517,4.272632982682429,-6.523143206211803,-3.712601330239189,-0.066738452226055,3.801142744877311,4.183181909475097,-9.063267359708790,-9.612994709332131,2.117720312882659,8.442370315175630,-1.085382155011111,5.491119349809013,-0.801605789965592,-8.804805678436487
7.234825351596825,9.309084153233929,-0.202238086643211,5.059005700431534,-0.229794319758266,9.360675337956295,1.151349537804830,8.423449366661181,5.136558801260067,-6.036756786567866,-7.627023880558072,-1.311829561744064,2.397051900661673,1.136329633268785,4.862118229032383,-0.445863816918200,-6.560420415627704,1.868152544418367,-7.705456430423294,6.764192032516245,-5.396008917009214,-4.453790840585306,-1.387311600165502,1.908342019500957,0.467489141337431,-7.411886994892365,0.519042239489195,9.285162676900310,-1.093041760136163,8.262398556031592,-0.359740885548174,2.048182176264534,3.456453551415436,5.869260675217276,3.434975471591663,-3.850075385399960,-3.253701166922999,-1.062997404844628,-5.673958007065054,-0.192950735849111,-0.539491938002945,9.903562616337361,-8.800335217100049,-1.020436652340685,-4.937155359959215,9.573524360545701,-4.216166882527428,-9.046767219799873,-0.571698595382784,5.400359895038353,2.794273946173311,-1.141320808567665,-8.204757927476827,9.205676187968653,-8.205190846171568,-6.888120527226573,4.388177748835101,-3.945836829946243,-1.596534750681723,-2.783188612748571,5.974983050439944,8.579360256617900,4.444552914345550,-9.973407816357957,5.826664093361163,5.544869689765367,5.998116604460552,-1.971437719992778,-6.864822465227181,-2.378064143613663,7.133894745206110,1.559185787251934,2.344864144727378,-4.585708419997743,-2.268596609486318,-4.827889207073488,8.756365565498655,-2.147368160423071,1.080839601618777,4.139477038279548,9.861398662733105,-6.791317670571726,7.726846305225560,-9.439898868155865,-4.777979341453378,-6.071730673501056,4.698834683310798,-6.042559185976302,-2.962736031506839,0.628530682679331,-3.989019714555031,-9.626925546035901,2.391299430685120,7.880866008070971,-8.296632933590242,1.445637490971976,8.103019382087759,6.486548676781027,-8.778605383815862,-7.981770721869507,-9.355005894010679,6.427072196524392,-0.267765275031305,0.757631835316623,-8.162461623360775,1.060563163670666,8.815371983864910,-7.556448247180101,4.862450254278844,-0.721538035924601,-9.937545919419470,9.764669103559370,-2.998950177274640,4.936092172624900,7.153617294026656,1.080293927539945,5.106390019404268,8.382335404969236,-7.609524645638612,1.377863382781044,-7.555144285815755,9.964929481181464,-3.992404912580357,-6.529177232414645,-9.635909918340083
8.154612639682355,6.506375023388632,9.812878288715158,5.680128209630197,-0.234162295193602,6.081828607937343,0.658472234961078,3.999107081955346,-9.004839392811419,0.029721959027473,-3.479986497470056,9.620458769894000,8.694613056429624,-0.309944236345444,-4.426614385112080,-1.960864532051307,4.520759244696229,4.722210865894791,-5.711554325908887,4.241709543399974,9.483205981491487,-9.269469708488401,-6.119471229823867,2.587476546310603,-3.881309506326214,-0.015369374278082,-3.839872521590610,-1.332681256520946,-0.514798047389442,-4.818460657371566,-1.926272526873969,-3.556052824234075,4.986412924961229,7.186733060146338,-2.432187323709716,-8.231758429747130,7.391082974026620,-3.046521238244681,4.531999209032415,-3.910777971011729,-1.507759272264453,-3.765007812651866,-8.653327081656579,-1.342588414434051,-2.795427744932066,-5.746801962267849,8.939538293079579,4.435593882636539,5.067147838942285,9.332829096801330,2.206425727447527,2.646316854329898,-9.664482898062168,-2.481441108770222,-2.027560988615376,2.311024923703563,-7.594554852585278,-4.182458777286184,3.657114068027065,-7.898973775319083,6.196588414382514,6.330370694673320,-8.142036309047970,5.439839686758477,1.406639042439151,2.334476483754056,2.938393450599078,2.825638372012707,-3.355098174695692,-1.794809250923834,9.752121887609864,2.015153688774394,1.216920142074308,3.110923018972416,-3.594117499272564,3.919285004959123,-0.335681702315370,4.224706954009045,-2.503348221350166,-1.511112924314794,-7.197337073757186,6.585316568533798,-2.729991187556329,3.257597941615508,8.363570209549998,7.579519253131572,6.226276357954031,-5.728226569273048,-8.012512726460656,-5.701347540852797,-1.578722229429898,-7.805477715764186,6.557914717684131,-1.952265087994935,5.149006381084025,-2.347361028630369,-0.346008657132666,4.723914352879399,2.504163660253745,6.968911144919232,5.781935870141739,2.145658576897610,8.201641427168056,5.423829406187492,-1.424573894707709,4.861875506825768,0.652121515006696,7.916186956624749,0.401097930313179,-9.067460658110996,-6.734518835373382,-5.199001102032494,3.385116944305102,-8.085176723744576,5.993367660500621,-9.813715361624201,-4.711462893933445,2.519581083125829,8.588974671181056,-0.374188188908725,-4.072545558036897,7.095822816862011,-6.403439724132410,-7.634024968542681,6.844264727619912
1.880577612777181,-0.840554459927398,-2.511956307284331,2.942102354023767,9.490636083469994,8.427155866629690,-5.918378439339078,5.081694553660949,0.808321737117602,5.853079286291498,7.483878537722962,-7.357476584907301,-1.568435399751722,-5.371055696678313,-6.125750734537496,0.952887969334080,7.141213077955154,8.317488947758122,-5.984472911517182,-5.040395336634631,-9.443025363359748,9.685452907939911,0.328144386312005,8.317696091393060,-7.403018208707078,1.411702608488369,9.918646000388119,6.572865988493156,2.075404100998048,9.262375545554299,-8.823237345363214,7.466163294111727,2.225432694974947,-4.477968701963970,0.750756658602583,-1.463116674499121,7.546751348141068,-2.878415145141258,1.851295413635476,3.856324776430460,5.188187336875774,4.242192149000141,0.374187975295325,-5.300931089838208,0.850520123232828,-1.527513627922335,8.720081070406245,6.445046556999856,3.982342494271311,-7.528708995053524,-7.264600452670327,-1.764017323484845,7.122534664102755,-5.103571004441598,4.350559153901948,4.652793912352388,-6.526921862829667,2.363237991726606,-6.612626933693448,5.903563237628177,9.713337677949347,-9.208439132459294,4.324880079108960,-3.532445724586506,-5.311275541647316,-7.443519498321582,-6.027931975160119,2.018165838886393,3.874236971055332,-5.187915782986727,-8.748226227122442,5.921675497981669,8.845482321921608,4.980770596536674,-3.355774124981849,4.184454155710577,-4.296641877980898,-4.782492148390407,-0.852349887711119,8.006120999313858,-0.433067385215789,-2.389666619305590,0.941832066104702,-5.471475604051676,-3.635633685409765,6.438605998808729,2.025435902550738,-2.864525068383308,2.202335537002147,0.783917993577939,-2.946433209101604,9.379339778329701,-0.217260213531477,8.008497056668045,9.077454025762364,2.153664059930929,-9.605558474027291,4.068366560467647,-7.151492800934969,7.884327110831368,-2.112971712247571,3.496203262634225,6.557104980799402,-7.973347126065249,-4.569727311240330,-2.372613430346162,4.347148570463897,8.978363735311763,6.829079361894081,-1.125420255733548,0.200093194732883,-3.099124919190473,-8.463330464451591,-5.810731002714000,-6.152926824243425,-8.062971847458817,-7.426530368847136,4.663979424309431,-1.115721986067905,-2.022309724020596,-0.796116196035337,2.528732015493688,-9.635060647764691,0.841564119453576,-3.727472909507387
4.918749577530132,-1.868836221857181,6.400129257639229,0.088341350291241,-4.519648926828865,7.609142937359323,8.139723735900763,-3.156657796914716,0.039332411340158,-3.035863456688785,-3.089342163841948,5.225110580162546,-2.928660899150895,9.751632014492976,-4.400493306472065,7.430094720221987,9.519901755857354,-8.247990672973200,-5.096393592439242,3.566639870775127,3.523985135536577,-3.764165154688357,2.206190814216178,-7.960009384122424,-2.031045246095353,-2.151474707321334,-6.025048549828796,0.065434389344771,8.565533411029470,1.314474541279813,-7.703914033653434,8.716877017704562,-4.757588882918675,8.624832976964012,8.006326855361529,-4.683720609255070,5.640441250363766,-5.219633207145429,6.970962305004136,5.574883343633436,-7.218245261434544,-4.174696273376237,9.243154332904830,-0.611042262131710,2.268032141027952,-1.392649012892766,8.714136637564380,-2.321551662125280,3.528940562933085,0.500509866620209,5.532071785340175,5.541359383925686,7.398752856403970,5.361625564856533,6.534107063485926,4.332091952499832,0.671112539703460,-6.928707416143316,1.310147488780306,-8.751134940161080,-3.943031898203015,2.815064221933365,-1.803289179473808,7.512375062232689,-5.860787219612529,0.513945392800865,-9.554791320538502,5.257342734678794,0.735570078700601,0.898540790158782,1.718990424274320,-1.465320257241869,4.091357135861040,4.689704018572090,-0.347720186791577,-5.613585697422668,-0.370262318355364,1.449199597289461,-8.772880221004725,7.668758676043552,-6.775055726795813,-2.612507499265222,-1.585361450256844,-4.328248894845970,-6.530484138384942,8.698356497503845,4.173878956632461,8.485338821098487,3.286288948940495,7.557663933663243,5.359912824535860,0.892123559512104,-5.415799369614773,-2.539665175016824,-2.443011108836737,5.838956356411414,1.249089352609547,-7.482608468423355,9.938321747499717,-5.964660488248592,-8.906111574301857,4.923154501966344,9.394038159215651,2.184169121178245,-8.083196551717615,4.558537995491124,-5.792513255967524,3.439534193382432,1.411812673741847,9.286801340244711,1.071865765039103,6.896511941446132,7.962832839385982,-8.648634434694230,8.709191487460032,0.289389706370180,0.335739446894959,-3.294516928861007,9.879078953827900,4.262709275149181,7.810239772874890,-5.888447422701255,2.175695176614642,-5.538740627830392,1.039611384909922
-7.616755937275490,-4.121528685019484,-8.300451104998563,-2.814545707895196,-9.416573563648809,3.066398106588082,-9.051015969073257,4.474319190735249,-1.997162661122065,5.628816125511250,0.412891334853398,-3.281923872199206,-6.893614258219918,9.054458934034738,6.407824676201550,-3.314447596769671,3.372574834495776,-4.830900991207772,-8.439534692165925,1.908801592111256,-9.841214132100486,-8.424316532663109,5.435270892502391,0.604422766443584,8.984242025541992,1.371626433609489,-8.258694774349966,0.583880640595023,4.466331072580170,-1.624695945645740,-5.897169503157400,-7.512698387056780,7.078944047714700,-6.925499933575794,3.906670454014449,-7.065810290357986,4.378539189763565,-7.052766743434862,8.374415639813950,-0.512255574831261,2.470191163134764,5.720448481530029,5.349411340934076,-9.241097874474285,-2.326057201684424,4.155435699860499,2.776217064993190,-0.685724740888819,-1.537417890240139,-9.709469627302942,0.159334082609524,5.255255801579588,-8.005408857151759,9.347463679255426,-0.834636294620267,2.240271165888979,-6.494391388431731,5.336518003586994,8.600270867602195,-6.282705556018914,-1.081153276019005,4.652406184872582,-0.593103415031198,8.720420804372630,-9.937220062570280,-9.353401513354495,6.979125373931581,2.404065831465953,1.106744870131902,-0.541679172476865,-1.428847377897462,-2.726051338494210,-1.380316440511818,7.913943957687987,2.182250058035187,0.482160581152062,4.415544803235248,-1.488439958346833,9.365743730013602,2.570663856512533,-3.234770502468267,6.471600659427970,6.497463931497748,-2.792990394322745,2.568351679245822,-9.630180261071352,-4.079417704272492,8.767621853600474,3.030939888357455,0.605860853726037,-9.377300756689369,-5.697438241334467,5.200172628485495,-7.580114620312079,8.930353665123217,-4.152825446433233,-1.515645381968849,4.314725352294488,-5.246270418753920,-7.731660560084017,-4.055861449252756,7.046379848488520,7.465233620329141,-9.631559975124555,-5.194641178260349,-1.029891376632897,-1.137986624279302,1.857289294021466,-6.267117750524900,7.134200965112282,-3.458957528138418,-0.695455691015173,0.584770349349764,1.542059780122280,5.576616805117744,-0.641765781162132,-0.913405449074887,4.595320483046708,2.113992832558527,3.881928741202934,-0.626155221505563,6.489146376951517,0.518700224779030,-3.621878135643762,-7.841181231802885
7.228091813857560,-9.008714634772293,-5.218265808404448,-1.365800074964627,7.846706831967822,-9.569317108143267,-8.615835508789711,0.888632189184626,-4.793866829018656,9.666336415511466,-4.396429626880995,5.229966935013833,8.741487457036627,-1.954333126638993,3.489933433525753,-5.905642723107887,0.271117003143267,5.901948230893970,-3.941024163287863,-5.030934990249667,-5.924777887202699,-2.221140755877000,-4.118285707734990,-2.825858412157574,2.904047238502303,8.793728602954854,-6.559324665992900,4.951237624728655,1.824948205416328,3.638124599027622,-6.522879205702132,-4.637063624650692,-2.117194400323442,9.772042186141313,-9.477516205934348,-9.040107771228334,6.395212328987782,6.749095555983665,3.953978755644057,4.702970604586469,8.192615267024447,5.519689530197828,0.161511995270951,-3.986531500652141,9.203898920340613,-5.850259819856918,-1.348395101471171,9.978306977050860,-2.722245453416927,-0.652940468658898,-3.401979584697421,-9.683125716636830,8.672797095424841,3.237711399204317,0.487495436872134,7.793323311565594,7.925857651254315,-2.683348760710079,-8.527835697260484,4.563601475831247,-0.327196896438755,1.764552962856206,5.991707395354293,7.864265832810624,1.209229026282747,7.289936874796975,-3.920130628136427,-1.407450072773111,-8.921364826624174,1.627093852035458,3.118532128671745,-8.410762503418262,3.382366489108948,-4.368651129503361,4.318660611994659,-3.027147417959977,-1.083386078854570,-2.206983800309786,-4.841854721160111,3.490257676266124,4.286612597622755,-3.506879654918025,-1.789026023760311,-0.993421867847587,-0.779232926566856,-3.812825306197940,9.030473926147387,-7.340288364895113,-4.312984641256992,6.219748896426303,-0.208123176347868,-9.750394177341587,2.289705530052030,-1.679729636227442,9.772732942345506,-1.060661086528514,4.799272209533516,8.428679552136028,-3.762739747349830,3.080830664984976,1.354119685135249,-6.233058180448610,2.034261235187119,-7.728032862193112,1.686824543809424,6.318952780849539,2.450221956858773,6.332509536028276,9.854270448597806,2.311249571512803,-7.725404573437902,5.884923179749549,3.579501571252724,3.953349536364140,6.072704713065413,9.650936467454191,-2.571004021024484,8.148551429444570,-7.160281400781465,3.123365098748048,2.256478969603426,7.558905159611349,-9.213460031694389,1.637061964724069,6.956410701789778
-9.833363791164579,-6.382518050852517,0.921628008575535,7.252086998516202,3.369568639142100,-0.335411949182591,8.890532482816219,-9.141105001864769,7.902576433089607,5.804628054406674,-2.728062185929552,-4.981966156281390,-4.637453106724019,-1.536834567267267,-6.932439852963570,6.520376759705805,-4.406381213772472,2.957562387872969,5.938109443046372,3.204193393320240,-3.844170199594670,1.262634359265867,-6.966683642396479,7.662182561507201,2.711512699159567,6.540928508514085,-8.799490582722317,-2.059542269171672,-3.944953334207821,5.706555024459899,-9.573551947515892,5.583613838803682,-1.140274077135714,1.525684985426899,-2.581995315373085,8.871398695828535,-3.970485612593293,-8.271308606238312,7.469800961095494,9.254784819425673,-5.750271307513057,-3.082853159014309,4.009738989490332,4.375921097525588,4.433272222998081,-8.851841140785295,1.260069254319752,-5.951912521308145,5.661826119189076,-6.821979469103918,4.431454728988376,-3.802710087671713,-3.284975274316078,-6.065570892912424,-3.259380794330136,0.488828992387205,-4.828160915113244,0.288934090524329,9.030188740846633,-7.951573831106931,-1.332934594124538,5.781918737348580,-9.344690832896209,-4.418741702496590,-9.938890331143835,-8.723027018089855,-0.021924173591598,7.079156041737573,7.501647411603905,8.240581614696300,5.896291918512224,0.505244394857156,0.672610730076373,3.902287182270772,-8.600533294180190,9.155895075101355,-6.976353794000474,-5.156020856222103,3.625002594054120,7.934864357208660,9.001049613838088,-1.602784092660894,5.078754231646156,-0.407041959810588,-0.323473227526677,1.209325674577894,8.936450585889592,-7.678572373883245,-6.651436033503291,4.681436455779108,4.834971788907783,7.773376839621672,-0.209878975785927,-9.924098007218916,6.016897481762040,-8.115298181408244,-5.422102861970703,6.796157667411975,9.500334945388449,2.865448161916543,-7.603055879453855,4.944239330795398,3.511566495572264,-6.242303310401443,-0.894499427247800,4.213135297736677,4.856732028236998,-3.364573445243564,-7.234303127375375,-4.262845707498640,3.518681849293898,-0.975629286772042,-1.964074836187006,-3.882162222360249,-2.515143114550098,-0.080464788775863,-7.754776281064933,4.168910980529844,9.351616414682347,9.748814353561702,3.357231876988497,4.911997210544266,2.497718044368234,3.777084022776094,3.277556482537911
-7.124326524235483,5.219745482701699,2.314986629973648,6.416632357374425,-4.112637975860716,1.056546263164638,-6.399092641683877,-9.495739701395410,-9.355965279076042,-2.236746269440275,-9.264579651011339,9.203844801563434,-8.435783961467981,9.932818328761986,-3.099798831845069,-1.357904150909821,3.427777391364886,6.993924165236425,-9.966036485774259,-2.291332702873740,8.601491270508287,3.027145528786050,8.609039823261615,3.949987637952443,5.967911584374415,-6.580041104295744,-4.125561029558074,-3.937814922925414,-0.511766786982193,-8.380054437788797,8.670829037194274,-8.274104246286454,5.766644366521854,4.890462837688327,-1.562836440380933,5.674619306069706,7.870582945554606,-0.362308999867695,-9.884002804122842,4.028422518880749,3.629451704876281,3.256404020515461,5.175553628574308,-9.139722700819252,-5.628897910075226,1.844715690472077,2.873295580353378,8.511399245886157,-4.550438374153314,9.802234866102111,-5.578670788798792,2.130616968314808,1.338803121662199,7.433712541055293,5.772368056248817,-0.749582246176958,6.623480809766541,-6.835761127923458,-0.518254834222176,-8.087205747484278,0.564661646459850,-0.430533078389972,7.849363887546460,4.781831241869238,4.030320483841159,-5.822236124156637,6.503525608752533,9.737913410387286,0.922356310874154,8.625540563160385,0.086224757334477,3.575942045079579,1.710345954673958,1.556521231867610,-1.194055539094972,1.080503101480348,-2.012939457767214,5.915817694483206,-1.149456616426809,9.880947758986640,1.217939924606608,-0.160180050144579,-3.678310910288703,0.878737381200017,3.525154175915892,-2.909178504103469,8.289641420876116,5.579201641267000,8.388136010631033,6.046098107680205,8.238778925721387,-7.246125039455247,8.339222653957098,9.731877620902370,-6.325404844261728,6.596030994637307,3.609189178079721,-7.108781585684564,-9.923103597392469,1.569583353246006,-6.135263352924884,0.715164722997814,6.682766486792083,-2.558668493282299,8.464608700793328,-4.984739969734509,-1.008025214183972,-4.630688957885944,-1.940167280839695,4.626364922953165,-5.090142716326909,-7.273573342291852,-4.896094349004521,-3.223797157190587,-8.379809450523556,-8.430416051023801,-2.431855285063113,1.739855977802458,0.529192654543424,0.492056963348251,-0.648069070370148,7.425428742488457,-9.374358850863860,-6.796814800937758,-8.572211074777947
0.270189884752597,0.484489087447686,-0.571389793637183,8.470923692330217,-5.676791646094328,1.234152934907700,-8.528378343721437,-4.515255380800505,6.736389601012934,-7.079775383474301,-4.239740075232543,-3.983985832161665,-0.373849383891462,-0.113310686954760,-4.765962337284703,9.527039198277830,-6.547332520610176,5.213986888774686,8.279797003304928,-2.983682667320595,-4.994050467500440,0.382791559615397,-1.935959422877808,5.725013955192921,-7.737040438862010,-9.242010600054853,-4.403359252938682,4.287261504022698,-0.679576200892862,-5.334685454309982,4.718596402685382,-0.646795340048135,8.785347796315214,2.743055230945835,1.548816576700766,-8.319557821886379,-0.109938291308245,-0.711354834924276,1.526941564525082,4.302820620475172,2.010078887981539,5.163190917689708,-9.729739016341167,3.084233278201470,5.801431137132136,-8.071457555444482,-7.859657954794910,-4.872787013361652,-0.939442114272033,9.696782691143056,-0.880535776187683,-0.721365908873924,-3.450083674723818,5.492562226704917,-8.702677497107771,2.311142271745439,-0.940003979877632,6.362367352777159,5.946605072245660,9.002036399670772,0.294385000283874,9.990958166642638,5.243148552552441,6.209452717647437,-5.829333496075950,-0.709503015700141,0.260466984651506,-8.732445654267307,-4.275719868422265,8.625620178538224,-3.502718945609502,5.382118586501603,5.405447248183883,-2.178470233663738,-9.367761524795279,0.606011967721003,2.911607070890685,5.788662560138466,1.751117908456003,-3.628978469713545,-8.345059330247866,-4.027366031681783,5.136623843195844,-2.746549028624463,7.880313958226729,8.863675686460869,-6.612777815371014,5.670052197583043,-8.583421041927057,-3.408878497228742,6.025217444934732,-7.355818248282294,9.818380695917956,1.044474985330954,8.643640637289081,-8.096726158105609,-2.085501377270395,-2.150002807002291,7.910674869081717,-7.002981296682051,-8.248810115631692,0.051796271391428,3.590263699659452,5.276418317065414,-2.999105925729875,3.091637074874566,-2.620476171997456,-0.099379000281008,1.148639447975892,7.918229385052943,-6.871979422012766,6.540762147798837,4.180594315613099,6.790051164601454,-7.637926722636886,1.915662457411248,-5.014906932519363,1.265906535692274,-3.588869410466109,-2.457977786530126,-0.395197386728832,8.022480483669145,-6.236001199036208,-4.325137649181700,1.723219591976902
9.053046636174670,-6.211138284084770,3.733782514792551,0.289942203810671,6.417425876732018,-4.305993299698045,4.616985863351420,-2.795932073744220,-2.140410513519909,1.238592248727555,6.947484705487849,7.170857899341787,-5.533228907613832,-1.305731292061072,-3.825662059485508,-6.135837875574484,3.362515435195279,7.274478598886006,1.347524679582063,-9.817506595844369,-9.572777974104740,0.007365734259832,5.973021404080692,-2.341623234083363,0.353046354322650,0.147238781405006,-9.033013070801099,5.734141291976549,3.386085546579579,9.239016534159951,2.442403690758216,-5.030859693176004,2.483729802953956,2.121047275793270,7.106326773637534,1.049192957511254,-4.760631798884864,-7.543586658147916,0.442061768967474,-3.046614259998752,4.339048962870780,2.771874624208950,-1.379234763607876,7.245925373704488,6.655174052508126,-5.945961024637445,-0.895365522377368,6.539953516135849,6.334282816537026,-9.646873917572886,-0.858630731539499,-8.117075135113490,6.569242233412844,5.703705630343894,-9.331961326885381,8.315732556614627,9.671900659127214,-6.035401238046423,2.110028799260091,-3.496482483903725,-0.418701256765036,1.519988196361568,1.610231175956482,-0.828645211227993,-6.731717202737501,-3.700580103209865,1.241374074918584,-7.249396411081936,3.503475875311517,8.415263847699606,-8.488725766976266,4.575225792720135,0.974960037238024,-2.923397430190495,-4.571350754269867,-7.962994291648045,1.513859096413553,2.923180716508950,9.138859959994569,6.536353175553813,-9.095724046753858,7.046109476043000,9.655180633153634,-5.928189224348001,-4.253735321446818,-5.948689740334050,8.333084486279589,6.506774619122783,-8.049777658425013,1.911757635894418,4.795028531323442,4.765776880819539,-2.600477410931747,0.171960836923084,-1.027698739666798,6.025411833768906,-1.499423749506025,-2.374097563153370,-5.612137872468681,1.957196895221232,-3.844839001678673,-9.336897950219956,1.880515046245144,-1.732666748485499,6.342476748689219,-8.944453169384545,7.175681981829946,7.297154030265339,-1.059559580750928,8.708649516871532,-1.783302544173369,-7.797787824182743,8.008527165496968,1.408806254696973,1.056958231162570,-9.016100355586293,6.659397076248286,0.034526427879289,2.626217926816476,-4.504254316571239,4.947667410457502,9.008825406989903,-0.093030775500647,4.549118234266981,-9.511975392009390
-1.180573847273909,3.033844861352266,4.805439763160205,1.148655187396514,4.677510062794262,1.357490945859448,-0.170191649991619,-2.933360699191622,-2.624360202535949,9.718983383428341,-0.986143484465662,4.674587435229231,-6.203762117707303,8.157331587784338,5.068564982417122,-8.030408492559555,-6.381883647706235,-9.118813000408510,-1.621205063153452,-0.884094747734673,-3.944013818359160,-6.276834885012688,4.568061949765958,-6.797486390928007,-8.045622768783435,7.765072171110354,4.726137696736535,-1.141317559426167,9.363899664957977,1.038343825470839,7.129628874809143,-4.238423638059179,1.980949162418336,-6.259760765480435,-8.091382116923674,-9.064132155216903,2.302274255822605,6.520630464397716,6.849862935067673,-2.045002778079226,4.559917287130155,-9.144109040520636,8.065872000513085,-0.709463730786000,4.212368657892378,2.912787688467219,-1.734117869329673,2.624659130766684,5.530775385361597,7.464080994988166,-4.940681764911110,5.301287718090995,3.878178013949709,-7.694412939716697,5.232179088603665,-3.077258680841424,7.628496470632356,-7.536629837787006,-7.722616119327117,8.363320606593557,-5.188371025064448,-6.836433194234668,-8.184937911601832,-1.170334537218112,-7.380524612444413,-8.969783426167366,3.528256904026110,3.047586844882153,-2.989795955939485,-5.191003187475339,-8.361313189368458,4.362746346935786,6.677556088277264,-7.776479876345133,5.541792484033943,-8.817354634248193,-7.986020212720586,-6.531921682005468,-0.446670237905487,-4.801677054927984,-3.732643997275272,-2.636338911735341,-6.748542289104411,3.237309794640879,-6.278661148258227,-6.026844158378932,-1.567680343506943,-7.207097674637916,8.749636988293091,-1.971153517557680,8.041328889837725,7.082848409645102,0.179427319006924,-6.631777109628077,1.848073270033145,-1.382316563748150,2.114511835821864,7.976498359043877,-5.822327314763507,1.724182025080356,-1.453138225749701,-3.260882566054033,-3.017657285718935,-8.766786708532244,-0.397253664837912,0.687411750185099,2.412886580108040,-9.079224668017629,-7.686512091902635,-1.420825792146466,8.061362321324083,2.451564874126680,-3.864631469114094,9.400223572259740,6.029739946698946,0.557340180794819,5.787250236915909,-7.010831287996744,-7.661155589507742,1.066694872250691,2.596599327594793,8.123568418490990,-2.672560278667930,-7.416291579434217,-9.639220350839713
-2.242430399636060,8.599000564369767,8.146817997431160,0.295970817898407,-4.400324438972132,-6.259845992328527,2.711938503848170,-0.782759471257421,1.011484121396391,-9.206688719803251,5.136371496695384,-7.993346736938330,-5.511099561472859,4.845998712345391,5.479051439083397,-8.147214232495797,-2.967547690121862,3.449284138319895,-5.830505337752456,-6.379128255581231,-4.777850369428789,-8.411987331083953,2.250101324854432,-1.001944833258310,-1.813801420008520,-5.335897533268210,-3.107517171635708,6.053333436590069,6.310131929379146,-7.422284638212409,-0.342517957907237,-5.025630473895619,3.434676866119455,6.246045263919299,-9.078201749694475,-1.954680277243998,7.613235744262937,5.865265741742958,4.033922419813067,2.781729042596687,-3.195886927837641,6.713909772832892,-0.268692559765473,-3.558730954170903,-5.369638277455520,-7.377635479840912,-9.930284065086390,-3.727688868940775,4.194604260326527,8.667294826878134,-0.372716152834212,-8.415120394148502,9.644482652644548,-2.715193566481922,-3.355144983408160,-8.304479428585736,0.086011679260556,2.019428931683771,-6.743686390101722,3.189639763402216,8.664389730019892,-3.168879351719863,5.231366876415336,-8.154544186224628,5.871113720661619,-8.554275111837624,-9.523220193870250,1.108591905408375,5.223927834855118,-4.987277715982947,-5.154309115237384,0.188614601361119,0.495802404095611,9.347689305823877,6.477691799085946,9.538085358030305,-8.667626756817949,-6.080979101010742,9.283449661378555,5.103529005005846,-2.637728904984415,-4.610472364805251,8.131550960497332,-7.206766032404137,3.791773668928149,-1.181888180502906,8.506603625303086,1.615013555301292,4.555161023481649,0.200317785500728,2.041614767116418,-1.844965494019849,-5.079846828736567,2.178629850280046,-9.986363527636115,-0.201851360669981,-3.501260286640631,9.494535209682248,5.173660351762738,-5.761349517459453,-2.063588772252807,1.729674494427639,8.441434410141188,-3.920870759244995,4.940830328691867,0.731131867327878,8.295639714762007,9.439709128767781,-6.974699655287038,-0.648885593041991,6.052278540814996,-1.402374648255471,-8.890356397626258,-3.155132002729624,8.636612219982691,-3.771772577672268,-0.723633420424548,4.564562645535995,1.958771361220691,-8.739527497082937,4.500704780245758,-2.406901627825908,-1.662238566211931,0.741326382366129,5.434393851197054
-2.010783609794422,-6.162408720675570,8.484024019093081,-4.103561993309159,-7.394656707239577,-9.631868835216684,-2.693621642680800,-2.389564523065440,4.394178102440554,-5.144400052774534,-5.980988357464410,4.252816383242548,-1.978646254926026,-1.926076061708988,3.231298144175343,-5.747242918031699,9.980495946144035,9.718327973710981,-3.478160578389957,-0.283625351834093,-8.538530779954685,-8.006320519221156,-6.131646681371525,6.487323117656256,8.293891819934455,-0.689559795458432,0.608527729437629,8.725857566379716,-4.471959505898793,-3.609258055424664,6.766608296716747,4.549902024903435,-6.943886029438531,-8.667345905127352,-1.978406894243497,-2.371374317972139,-2.015115616564465,4.003022866490614,8.954225967630862,-7.144735198080998,9.674361719991612,9.269082234439313,7.678422215251700,-3.775407523638734,6.491715499056365,8.071735688083422,-8.113235442892124,-0.942504408964250,8.117977019192608,-6.794175150459674,-9.763297863132641,-9.497880159810412,-2.168684017007465,3.220187542471425,2.494787474279732,9.231282739240292,6.994783529600809,-0.684453800769081,3.235960127543764,3.071679438773849,6.898471301480189,7.470702831248648,-3.494764789494182,-3.250365837260791,-7.936881312705473,6.028756429691256,4.713539233254956,6.244517176614977,5.007218404426530,-6.009777717874584,-9.461982940761516,-4.170490048795978,0.287270021127359,4.986777097795706,8.208085679045872,3.787450524628529,9.927462021977480,0.722217056966333,-6.662123419145985,-7.995310643146367,9.691365612194168,4.236823988798124,-8.910170705435629,-2.985333980731497,8.659087848388523,3.621521257686918,-6.668431115334412,6.349512171635499,6.730082514011823,5.059654517583688,7.644901601870828,-4.802279943850398,-2.246975752968739,0.935138113490275,9.243984552141828,3.132856766819533,-6.084811417266646,-5.814057452449419,-1.684227256269375,-4.447443336706282,-4.388564215310731,-0.754445379416968,4.227855522665052,3.957732136016599,5.081029414544410,9.733362116118954,4.619944455561919,-7.545146788129187,-3.541448571597279,-2.231555888454193,-0.777184255587503,3.053426342162069,7.732637339971649,-8.370241154979469,8.084717003938277,-6.953238271671427,-6.606386904234856,4.372713405440265,-3.161321942317654,7.296572978313513,3.836655361676593,-7.555604592833715,-6.806332229894712,-4.194848763982009,7.887227039063390
-9.116834575531161,-6.991521329756241,7.577871507577488,-6.545620411925094,2.030674416356213,6.632876284175207,-0.901702824470638,-5.517578098725602,-4.982221714270654,5.945944462157154,-0.804509119465695,-3.179884044797192,-5.377927992434442,4.468489027170850,-9.361334741134053,-1.517887220631906,9.251247611258751,-7.119845811672267,3.321425698112252,2.269258810444565,4.238889262588403,6.029284486429741,3.263282731318036,-0.587227003721065,9.956175915620900,2.412007069438758,-4.737774655950924,5.466725819507076,-8.642603073188798,3.653088789385295,-7.285540465473637,-3.883488169848375,0.407270563829041,8.409887595313144,1.039795041003151,6.249537118090490,-7.136313628960882,2.137189295947257,5.703397999853019,1.745185271291462,-4.188063627918881,-3.678559073582990,8.897293625233019,-9.780189282047086,-2.231653329331729,0.918624896479765,8.197138063440853,-7.368512324434868,8.004444722740807,9.978460640835575,-7.075315222317196,0.588561933401410,-0.098326987026912,4.499238867891792,5.919271469211720,-2.879133518736838,-3.925325770745198,-1.832241749058841,0.122208685320949,5.261380054635815,-6.292520778799496,5.799168366626027,-6.839072548803760,-3.150850637422399,6.651003870376464,-1.181933977164725,-8.027254688226126,-7.254560909056964,-1.214377385001352,-0.482860085434440,-5.879234100496921,-3.264585209185322,-4.352127147202380,-0.374487268587025,-9.268583922833052,9.885335061332853,3.069463178694807,6.104761314215661,4.997832735375498,4.224367464410523,-7.580041613337414,5.394848744201205,-2.876156167572200,-8.018778131814177,8.554995997447307,0.038477996248396,9.385490450318812,2.787453378226674,-7.279751704546886,0.232739729446729,0.933460847267568,1.493997096328778,-8.174154184512769,-8.214267928014012,-1.826854176491082,4.837549969927109,-8.390903168483117,1.395530165351309,-5.506488104064320,-1.458933394745861,8.254472409920780,2.658416428668225,6.238972296731930,8.583942993959319,1.961741593165403,-9.266085442786189,-1.609637211896668,9.813599086178513,-2.963348070998817,3.240544131433571,-0.727073566054649,2.288691532193731,2.749866163400389,5.013803565667661,-7.759541650447625,3.351755855308001,2.523025802813470,-9.447991750881402,-6.533218729466077,9.065325875461557,7.457223748726346,-9.507209354136748,6.193618266216610,0.942711174331210,6.166118575585095
-3.655940672532751,-7.170463279784645,9.184242870145574,-9.469695947724770,7.576371342461591,-0.560723423299240,4.322539030984752,2.258340271341055,3.918729526827869,2.977133411040674,-5.064636812214347,2.257483962493275,-8.736216197604245,-9.539866547220445,-3.811520683183069,-0.107192203461315,6.653592628169267,-4.628381358162832,-2.388331818861769,-6.789523179582241,-0.358842566157801,-1.023018285608192,9.963546961207616,8.496979330991820,1.778576546890658,-9.027032026161969,3.760097662616815,0.563611235996586,9.715771782380589,4.897734423436424,0.576737303755124,-0.145841855086626,0.374857165869404,-9.574795637309826,7.517046314096277,0.793856681268680,1.872552621180528,-5.743569954261751,-7.915857186805710,-5.329848885739741,-8.725030407127257,9.740003363984584,1.304005894470670,-0.026274349988631,9.687276915723746,4.455257981326906,9.525180771180775,2.540465441081901,4.493724478791401,-6.371221919282071,2.631605988645369,-9.908366766393284,-8.516684814943357,-8.173975293659254,-0.761988643885406,-9.379617580061112,8.226402298879428,6.601293726506274,2.803739483528140,3.248261441468046,2.267312398069407,-0.142414919511445,-6.274995168714723,-5.417290211268626,-0.246250724403129,3.990856362455688,3.242460860492740,3.928476336132682,3.256926144147467,-1.130417653579618,9.959177390085049,9.069098141357344,0.599994093564490,8.694926207860643,6.581319732182763,3.528932793515869,2.940262726712559,-8.295044858804841,8.468225362123064,-6.638553107690528,-4.531850093250583,-1.660130406272797,9.995745722119018,-6.595606345194667,5.839331190694196,2.981512269461808,6.101395411840006,8.580462994567906,-5.371929978482283,3.219997442958451,-9.305318187664707,3.026524759717580,-8.296306084893896,-6.110873119130220,8.296405258371173,-2.585664399333350,-4.133750837264940,6.706967282281976,6.995376132269815,-1.304726866698845,-0.880317797819876,-7.715149929694309,4.175674980373383,2.697197592110781,7.625176826482797,0.158279225563952,3.955022794876333,0.328286651999871,-4.871339898603817,2.187800440874151,-1.731700512389905,-7.359843422235198,7.375467025451307,-5.099898388902271,-5.476707313437361,0.346098155988656,4.034839799477348,3.201076223561248,2.848296355122908,7.502781917028560,1.595503753980680,2.097119552417182,-9.685635608725974,4.880543064086817,2.088569113550122
-6.886207334045755,-2.487748158930465,-0.123508816755198,-8.255372929001792,-7.969137155139991,-2.336271530202070,-2.197707941119267,0.101939324299746,-4.134533436677423,-6.475489041591810,-1.348485787075667,-5.643560713105567,-1.819692869303394,7.438258256954636,1.508979534404686,0.034531401263351,4.539759606270280,4.579556175987170,-8.201793992782132,-4.466537536777187,2.922214834000780,-5.735480071460819,6.412315941492494,-4.220617928457413,-4.524493709528434,-2.235637698239826,0.781332351387382,5.284029794383830,8.725763656457229,2.757804805995402,-6.880290091419292,-2.457832369349255,0.476403880068702,2.475269949660291,-9.364143722016765,8.203237053477267,1.049277044500933,-9.465474535217894,-5.833523089299170,-9.813537495712389,-6.027871682214383,5.437714636724513,-5.510382339990551,-8.199783859222784,-0.803916322179624,5.751130948711186,5.443549471629328,7.266089906159252,8.024489373843995,1.588608984503816,0.045121693854126,8.227814822393384,-6.175289020839316,-7.709352075859435,1.260102605720926,0.689495573786100,5.792926509542177,-2.110200245307317,4.109923863233565,-5.343566891180506,6.497915296408230,-6.332816768338290,5.639958007501296,-7.925807640937082,6.955407675828656,-2.290153157468724,-0.637478103942236,-8.195135278012982,1.832800121421407,-5.352535997557286,5.288553239864518,0.643274159108449,-6.558436003759740,-7.997152930915190,-4.699572790359783,9.791611546895062,-6.242573435320704,-7.141720775419076,1.615418256338740,7.049217165043601,1.224073460803279,1.879794443201412,-5.371487301792646,1.881752354335639,9.371469982942489,-6.914955769783287,8.798816395446178,-1.867614750746343,6.449480872860050,1.337135095163406,0.294582025556858,8.249838647649199,8.934599026760843,2.788904308562007,-1.213564495722023,6.064692054485437,-9.552858320234844,-5.306073592091183,3.635992541166388,-8.429119490778518,-0.557168032987983,2.987918976243943,-6.250687479857264,-0.484624633596404,0.453744960125096,6.274121705415304,8.314324976128617,5.144720944343268,-9.636943670506168,6.047786855408567,6.827302349349502,-6.080250964775502,6.954905915839944,-6.454775855499808,-6.091985404094606,-5.687874954339243,5.566680610964765,-1.284620382732433,4.649215833751626,6.372096441565802,3.221570359378658,-0.018526869519544,-0.047103056502781,-2.850102045348912,7.892875583460558
4.558938406077345,-8.948251101753435,-5.934924034846785,5.036999745148854,2.797811898518411,6.834167492694728,6.040923931953031,2.156049228156466,-7.555942717901898,2.059491078542710,8.513682872968356,-0.976340755341758,-9.485146462082222,-6.814191376313397,3.362486072009945,0.351562988603417,-7.466471640216533,1.547569781310541,-5.190870851902940,3.093220767901935,-1.833273424482201,-5.241612832934647,-7.487735257952135,-2.177296849495631,-6.809257108911037,-7.519037235203553,-7.736489938006715,-4.388829778476806,-4.863694786635502,8.589213850180787,3.009280638751235,1.297068775601584,-5.153076872974564,6.855828262107440,-1.092105335289755,9.509228509196063,8.244681302599574,-5.082419785528456,2.023426427231009,-5.939686739521983,6.379270854738326,2.372847105396199,-4.677456072986283,1.713640353901560,-8.551595739210988,-3.514716226647263,9.955992054014562,-0.908282123512125,-9.675274262246003,-1.191270167913611,-1.839996080976027,-3.980944012092538,-7.984429641239728,-8.377609379377342,-5.093926142658603,0.707679369154995,5.722498308249859,5.598865745639628,-9.497823452416567,3.180946352701419,5.402520777187306,9.271277014850611,0.760518005814738,0.818951150716767,1.310634285485550,6.069890235997416,-7.104612452720087,-3.225584910915320,-3.387715291655365,-5.431140727996193,-4.380948013468577,-0.802701119570937,-7.199929104488135,5.223437821526575,4.787754043647226,0.234610401688116,8.368475841244464,8.875784160827010,-9.337144527912276,-5.406907416558139,-3.605245660864027,-9.366767516807306,-6.356506723724866,3.622065727115469,-0.631916664360174,-3.038979418083294,-8.161771580855682,-7.156671350910752,-4.301458781933871,-9.995999027594937,5.889995977854225,-4.207000368079512,-0.012938461752107,-4.049195556029124,-0.757386455625133,1.293630296428121,5.689112151720968,6.649392662362985,2.957264079671011,8.918631797309857,7.937984771800753,-3.143347876318483,-7.600930876194161,-9.635157190453194,2.361520444899128,-6.709201776110230,0.270021581539135,5.887861201380776,4.990589789292287,-2.573986296452741,-0.451129148545951,5.498477869317441,9.011660971961589,-8.030434997250511,5.889556813874385,-0.253214737078691,-1.649452455161150,8.935512394134317,-7.919269767112969,3.185831667709433,-2.267286489631473,0.746129744483820,9.329785209155212,0.137253243920911,-1.299053965224090
2.839290315464444,2.583938692493229,-4.672432841211256,4.983310511045801,7.038499341094045,6.539435370664574,6.917086054274876,-7.168572440865644,2.509179464243321,3.040662004692404,-0.382198954653612,-8.589713967866873,-8.096193448925780,-9.667283887753024,1.220537602159173,-8.582714936101619,-5.923957013855046,-0.149175845765308,-2.819576586697286,9.741605702270192,-9.409073257911526,8.973830010921546,-5.763733184754669,-1.295229058056009,-2.199261201780899,-0.462199941651749,0.385900077859901,-7.061387193182693,-7.224905254985943,0.854566167515806,3.863775116601602,-8.417950313396467,9.523019534033772,5.720545524278190,-2.620106794974546,-9.960010047919432,-4.373104036261790,4.826460754521483,-4.602546708543103,-3.685050516753017,-4.490167265140778,-5.437562793265014,-0.317031241624308,4.201656283801915,1.745065375181035,1.015262767262312,7.607276632893548,-8.880537192482363,-1.689714565711103,4.195395429310661,-9.607827394744712,-1.246075677735604,2.608132776595351,4.987621940982208,-3.787623103653257,-9.867139075100770,3.439463138935563,7.920629694729648,-2.664522973421817,1.593467498343520,-2.521345991662731,5.792829807687411,-1.094965858952932,0.302045587293655,-5.654917611535188,8.995327486088662,-7.248355502783850,-3.855898570096929,-5.631316908978034,-1.115179329038547,0.240929795738907,-0.925561590931345,-2.144319098493157,9.151506261845434,-3.825069921938271,-5.600688648718850,4.222702696754716,6.170899352198163,-9.124961378605878,-4.531562288233144,-7.033845686721627,0.031953687647910,0.183592377001274,-3.552362357310008,-0.786138964061671,-3.819048437084716,-4.669945397084487,-3.108889690750813,-4.600946834987525,-0.193832094304929,-2.040439590636147,-8.668644148560730,3.959416245316781,6.464010879801521,3.937910710302692,2.187211669654307,-3.750229422829712,5.976189661998625,5.396806159660150,1.584681047449969,4.528605596545777,-9.633176043692643,-5.434503904607919,3.545669464656807,-5.183908755686948,6.724089118026058,-3.247074336556568,9.122346112952652,0.349654124722491,5.791900990652113,1.398489223859610,4.781801948570942,-9.523443918505389,5.330426377341018,7.786254215872663,-4.151028754783166,1.620798432583895,-7.893006343751168,-7.239321128330277,7.158198418126450,7.738944656285163,3.225201526379610,-3.191360195716813,7.192260796133741,-3.991431568731281
-3.272047696679916,8.537318140915616,-0.666482040596177,3.994862067995829,4.368068348132798,1.977648998929391,9.830215941950001,-8.891371999958778,-5.642555377037999,7.809228726106653,6.196091981401011,-9.531577433588538,-0.092766748488939,-9.359322144483002,-7.897053960508922,-1.603597187786432,-1.052645091000457,-5.991351759477091,-4.286472946542210,8.456936731100924,5.368832417603516,-6.814779614190671,-5.513237896911336,6.173752741002932,-1.094972877088514,5.195617523768032,4.644052827323829,8.776871262794444,1.554867212617415,-8.725451862198961,7.980789210295946,1.889723901382913,-1.878413099689965,9.646200597042899,7.586954678060359,2.698938400168316,5.332918874820329,-2.522295976049483,9.015569564410594,8.473148465293448,-4.000997052744162,3.889609410685161,-3.139523594488844,3.916088271549398,-3.530734714268917,-2.595642018418223,9.283955459297232,-7.975511865550990,-4.657128595709848,7.326996950980956,-3.589482812924460,9.134024499834293,-8.544412897095114,-4.520306778459768,-3.804925308583115,6.925108757747442,-3.233596288500451,9.372157442129708,8.275730598940363,3.439457473603756,2.566580730711925,7.990997328419112,-2.686069723081990,6.774409642586040,-3.048976032275035,7.780481820492536,-2.239781426692731,2.670708230361464,9.394481914286324,1.264376547108306,-5.988391473262680,7.202055455195051,1.817107949372609,7.906204696526494,-1.479409490434840,5.288943857484039,1.772884104509817,6.013333799243966,-7.205342448369716,7.048291526227274,-6.210753675021805,-8.100115226354923,-7.295137164406853,-3.597736896352695,3.895072898753343,9.122732773402138,3.560340326291122,9.755627999847800,4.966836279859603,-5.931030336829251,0.400559440049634,2.443306829948630,3.090299568604266,-1.061358855604510,-9.612225125972651,-1.835679313507196,0.443609323324537,-7.136152328202372,-5.633618465107286,7.307925772130773,8.671851829492049,-0.124923396886814,-4.963627892369448,-9.534968239463605,-5.847957297147753,-2.930701663483315,2.270640005557736,9.319856356520951,-4.634019266907137,-0.949862154344594,-9.538106832120725,-7.707511503857177,7.430755098354318,-0.340913656128086,9.335181948826186,-6.111437412273364,8.052466338752279,-4.224180302726037,-9.318593186283533,3.247880506223886,2.945454083941218,9.467886233927334,4.961209515024175,5.664735098856175,3.493171878448415
-5.731828623929482,0.299189390674922,1.294339781055740,-0.082990154577928,-8.131945148328203,0.179533266807217,-6.783692129071490,-3.628937534257657,1.327580728682090,7.462941621325751,0.354631726740992,7.066951667864792,-4.900096304025555,7.272550605538644,5.594743871584546,8.953424458114444,-8.748579217190764,-7.463887632503939,3.366256319979930,2.277676598551519,7.888422927035069,-9.803314478361248,1.817646647793298,9.165523225259950,-5.864081123634948,6.230084606389031,2.540010551814083,0.387116615054097,1.112847581219869,5.919816105960711,2.562482904718673,-0.465425121390492,-9.568272165034692,3.914855981883123,2.520487317835293,4.413476571887287,1.799220389571904,8.213780043142084,-1.143445206839324,2.871675624712793,9.077241254733146,7.602156222318325,9.351039159355214,0.678732783012519,-4.585356101474281,-6.765771136154941,2.118899398042636,5.993833420284060,-9.806276039727834,-0.170760733970781,7.619044854920684,7.866689658647612,-4.452764073143680,2.086106100838068,7.788714791252318,4.243006175782178,1.556963874351400,-9.697253806750917,-9.034450087067277,-8.105946459722876,-5.241742151121239,-3.785313634158198,-8.026508460975935,5.926170546331315,-9.789297560039046,3.378018279424630,2.736782294421605,-5.851556321247684,0.416242023627264,7.906507443579361,-9.699559563054159,7.376363593287248,4.383812482683368,3.775917790722508,-7.151711843283803,5.107388672223987,-7.710832999024952,1.155303325705619,1.872673891351130,1.435188008367852,-0.343364742010968,-5.200121757879330,2.830790337435458,-5.902380167192183,-6.050288474067376,-8.890580355284875,3.100038952062610,-2.635282926117995,-3.591852456665634,6.024360988471170,4.474736421486227,-7.336292560168458,5.444528080114708,3.256460844400067,-0.740942110849085,-0.094863442094823,-1.700870833474079,-7.577212894139260,1.339805303470627,-8.048337029405449,4.860685913608533,9.365950020732473,-7.392535009528851,8.655055328614260,8.554481857863596,8.051034542530864,0.394193524207605,-2.136229357585854,-1.550604108254962,-8.122706877876343,-2.618149721887228,2.660748382303296,-9.996237933518374,2.013709652263353,8.094631179365795,-3.167992624054867,0.682164459365012,3.341816423213597,3.260205000066447,-0.500819011685159,5.379534775347363,2.120759686547453,2.485335198993045,5.806470215233038,9.731681051666278
8.754622469079919,7.005215759014231,5.020529586612374,-1.036688865261123,5.237500740879584,9.318607777022372,-2.622882475868038,-7.424372948892575,1.865001007283473,1.596347674731209,-2.081516250854256,-6.020383469594424,8.171698025842090,-9.569151048611744,-6.324501255735702,-6.924940455228352,6.891348046383104,-5.951364128433561,9.876733963772772,8.260109333067241,0.589850907896388,5.070325384030509,9.023194087865974,-7.588769984888863,5.307884492395832,6.034170917222909,-1.742745460510610,-3.373615818530384,6.049720723634213,1.765068633869749,-8.640668074728211,7.298220711740587,2.231086631039673,3.413798927507955,-9.522697753305531,0.427664543613854,8.319119580166021,-2.848096425123920,-0.360647381293900,3.959939009596132,-9.432617076539289,-4.390198276896415,8.444108725352560,-5.546814356235464,3.491356602660273,9.259103221037446,-5.825165367259242,4.887152676564817,-6.025562559421092,9.837174425118697,8.037300157562811,-8.563946131847771,-3.331011573973173,-5.621689671684726,-4.889575008319580,-4.332190935283203,-8.332988884847888,6.305071749198273,9.979674833198938,7.628056983455647,-7.977693378184220,-3.952454846046145,4.063360037697599,-2.762511523538798,6.628867534978561,-4.567877194605252,6.501757460384834,-9.052727855172735,4.984521876512060,-4.422727781129661,-9.385989732246355,2.607102544163398,-9.446334174353137,-8.595687473370159,6.512042320779969,-6.886201809491366,-6.065480410215029,-5.324210343496598,4.857268063415583,-6.569421204797516,-8.927415791251569,-6.122617201204514,6.737077194408890,3.836503562239846,-6.038737923062611,-5.723679628361653,-2.739677727675840,-9.055950976762015,5.559615074601661,-1.854657516941877,-7.777699172852302,1.622158707301573,-4.795356130198718,-5.427839049107410,1.530787875108734,-9.475935793084016,-9.284045939235011,6.048269588283024,2.366368790571139,5.177851578034719,-7.562521125978865,8.604085373699863,3.011535422398012,-8.224245832969224,2.078941413784008,4.839448665128391,5.421357391221155,2.008391281996305,0.200640640339909,3.233949418362137,6.222870894246213,2.421399706155110,-3.421845913872097,-6.096044777402345,3.898266099961855,4.564387541592762,8.465160011070360,6.766512124247722,-9.224867393649593,-8.570080027872372,4.630557237466844,-3.134955052648651,-3.368789489185414,3.934010089707611,-2.659489900659544
0.033745850255258,8.148933473790127,6.222535918868299,8.202674840444843,-9.729737051644793,4.337296851097420,1.096156346783877,-3.619017632491208,6.867801246112528,-8.756387508879895,-4.701836018544807,1.145852106014402,-0.605402168764478,6.762302239421640,-5.325041675003515,7.996537778975057,2.750177847402796,-2.520873328520925,6.045009501543952,-0.907349328343681,2.353759440530471,-3.026440405477835,-5.719792206582741,0.669191805473639,2.322547570973670,-9.019855532632084,5.000885592073420,-2.975620811650590,-8.483705059117701,-1.711144225324420,-0.801428774180797,1.618729940587899,2.453676363463542,-4.603269732249872,-9.098355493520454,9.934884421051141,1.021150777773700,9.105629010142163,4.924200540535299,0.990104455405822,1.279378487458100,0.772554478580545,3.878036404243215,8.879549359786232,7.569659748165630,4.095460400071399,1.784087361249394,-2.666098783858790,4.200584576332250,2.833016344189970,-6.057076594259819,6.569201674587312,-7.921134534827205,8.369583520357018,5.620471636771128,5.564324719941228,-3.964440583372535,8.223775155004084,2.607635970981079,-8.019084574401564,6.016965433834475,5.159041623046019,-7.378236024727986,3.317668811524925,0.209623393974866,2.282134973406336,5.265798895441536,-7.195302677814950,8.075022038888456,-9.888251478742101,6.168695816418378,7.056328702455062,6.073141995337533,-5.296642329131849,-4.879497092010658,6.132982723295996,-4.577490733325638,0.077700269150027,1.108885521953592,-1.730334761512363,-4.644413032260304,-8.253860444517469,-8.111114476383385,-8.819897396559114,-5.335651150553121,-1.652232892881552,4.303014036776688,-9.936717742695457,-4.528034974582118,-3.858827438601309,6.584298410847605,4.427280603202322,4.646135729875198,-1.582475559310524,8.263771098907458,6.800143008942015,-9.048492813702563,-1.081958641536033,-9.980341668543385,-8.146078364933551,1.436453456542905,0.642083539277474,2.960423946885520,2.479292008931299,4.615520481384488,-0.350270593376056,3.527116717626747,6.703419101651512,-1.121402001908393,-6.935182906194011,-1.939743825178915,6.024945995294928,-5.279421210292609,4.575523222805735,5.781268570326183,0.349071595230814,-2.413172573406490,-7.427053619442459,-4.746465560215274,-8.006304968148626,6.062534839847924,5.089429471090076,1.955820860687066,-0.677979088537892,4.135343909519927
-6.489253707972946,-8.720611375907550,6.108531014568133,0.071685154509334,-5.542165725727171,3.809329644685860,-4.490535723404648,1.805524635890244,-2.669582459206909,8.548006763958931,-3.676941203529365,-3.555337224017087,7.258564164428435,6.218431932685270,-3.629210098768154,7.812609777992538,-9.458880935896886,-1.314716825644231,3.068641746929060,-2.002458733307435,1.377427074237998,-8.111519018601074,-2.101479929255561,-5.758794858085230,-7.446157982092365,-8.280720524501838,-9.046225688887029,6.819965150292632,-8.284286098469320,-6.914327833859488,8.078808129600741,-7.166942999129366,1.973548736419506,2.377197353555827,7.811873286353300,0.892229421117172,-2.903450373494703,-2.528970569491412,1.813233693226096,1.907273422467455,-8.059756141178687,6.524278112305971,2.183849380639009,3.614901354318498,-8.649067933286684,-7.633608749019296,3.922866663629421,-2.571276649329423,0.860343131193614,-5.974611401943985,-3.790899127933152,-6.537611970523352,3.123576014602849,-4.438095403649866,-0.704890544415807,-3.107531013347728,2.162729187925274,9.928922831704018,3.751390829930960,0.337125644816119,-4.311291470655430,0.882803328404336,-6.120801070000386,9.870468870478717,6.775738491239764,-3.700036112078918,-1.032426599316560,-0.117141776757229,-1.418424692962928,4.429133492447622,3.309528516553829,-3.279157917051658,5.038889495851269,0.528212805340910,-0.858999281021449,7.750777977184924,-3.985992965840996,-8.897301698127521,-7.580200798774557,8.910830065207129,7.434417600967560,-4.833894778205192,1.403216018043288,-2.949461013346086,1.748321736708593,7.701218881072769,7.425580965193046,-6.894369523530841,1.716109903613459,2.452864173645370,-3.358462950468351,-9.152327703089194,-6.200067647341001,-4.813289704587145,9.552769575552592,-4.892652508536599,-4.587318785931167,5.409550601830810,7.146260605407704,1.771188803071272,4.452264848334472,-9.545157286000876,3.421644760715266,-5.881644963184027,8.487518711916156,5.880827813441872,0.229820746338129,6.119396077137253,2.415717859547271,-6.085151551667993,-7.192413530919377,2.635683404758112,2.758662953818003,-3.981252243491429,7.565178911888651,-4.693187271423936,7.484088590083722,-2.119969994949360,8.581084983323407,4.040207845385533,0.395936264293420,-7.861713983128755,1.956453805227159,7.237422089658292,1.422375939310442
9.486471643391145,5.736873982460899,1.208887813879274,-4.014174495214034,1.236717479370979,-5.699726655936377,3.253657423248640,-2.688331176578678,0.035562748171413,6.659553876752199,9.588542359829397,8.197596141384548,6.288540473993564,4.661036306021707,-8.369520519067109,2.641120358525024,3.111065378799003,-7.830952418382684,-0.407766197578116,8.676400606998939,-7.122432498367317,-4.958303750350446,-1.917553829507163,1.532794676996216,-0.544871336253713,-1.727115400620807,-1.682678402151772,8.114487223984568,5.393977065761357,5.839601491533140,5.692464091316999,-8.443410536147944,-7.930687084657491,-6.226456369751492,-4.765887874477322,7.533677898618112,4.699164464596935,-7.273197027844811,1.543993805856481,-0.231480539986968,6.605851025499781,-6.278752663250875,1.504226690332739,1.951471436372582,1.075558465701484,6.678623612141678,-1.752374819140885,9.780743661448209,-9.202353118043147,1.747860728608666,0.469207568248343,2.520463671408388,0.477846873391767,5.589173835243617,9.032081913942573,-5.813499906933743,2.808780167443505,-7.593094258495903,0.578435902629067,5.314259314047170,-8.650385837584668,6.498979032322264,-0.422237452034038,-2.512625429607604,0.116585324918525,-9.417331720070690,8.863647558633435,-8.240347110570410,5.528672952331817,4.358780095137448,-3.200955112972162,-6.738792756926180,-3.766241143218183,-3.805670766511202,-6.379486555226861,-5.267727519139809,-1.440167282845374,6.158922654761518,-4.582693077296849,-1.701457566790808,1.975008911547285,0.265997020459537,6.271695413444654,-8.319222721862804,1.174755227773767,-2.318903104232541,2.011704662937246,-3.477909859131961,-0.855316864427015,-8.330921853897479,-6.386578752274074,-3.709207233881076,8.703612668453964,6.749300122162659,-1.208116828740218,-3.998779645899480,-0.149584712524041,-6.147627484726399,-7.613338640725682,-3.897144505664409,-1.896549966580645,5.199768672955008,-3.457097809423660,-2.416995195618481,4.321101909504211,-4.301976995088090,-9.924036398386169,-5.503885872527860,2.649810709009914,9.828419191110026,-9.918812938756611,9.298137363238876,3.867002574020461,6.274084518948509,9.578490901988587,-8.502000432840951,-4.536394018565777,-8.303649657980394,-9.893614352782500,7.157671947260638,-6.346407387526344,-2.966283854468621,-3.632984818710840,-4.064537037093404,-3.924548874433464
-3.193100864620153,-6.361727067072351,-3.358164208974777,-2.310068435568652,6.669385556823965,-3.964019323834503,-5.726558392121874,2.343463310224649,-5.770229681168024,3.662143085856510,9.373268557624066,1.714124803030778,-6.617758695125778,-2.645714270335457,4.282990919870604,-2.085817470309170,1.846386029065956,-6.545936726225580,5.590875278896286,0.129172240897528,-1.757509693078079,-3.093320215028667,4.267714241042599,3.022706952941885,9.373730651657269,-4.377601284234329,0.111526912350906,-0.798525887769577,-8.924643369258545,3.619002985352228,8.685805523186346,2.420587050491022,2.799479041204256,-0.146568361430468,5.471472778085298,4.603158075101714,2.146369866966984,-5.249952977094949,-0.569003569343829,-4.707505070209752,1.805510377586444,-5.301199722504295,-2.962107437660748,7.016412506060917,-5.822753970478844,1.595169745560778,7.137005702959783,-5.239715253819021,-7.889907615564158,-0.711924624931497,4.393719244782236,-3.679256349737017,-9.821771566129478,-5.752201640274734,1.856403433578699,-6.849841089480451,6.941905815085615,-6.268694140853355,1.745305701350450,-6.994412077525503,-5.680372053133200,-6.950686589730520,6.945055230676004,1.583764731232931,7.712896876508118,-5.976238504815456,4.551280328087513,-3.635483846133392,-9.683539373391659,-0.599097715279006,-9.551168746680522,1.903670803554725,-3.097809239829992,3.403950153529200,7.042175366050238,7.067629444937392,-5.473347310217211,-4.392863804362708,-7.339216117794387,-4.401197658354528,3.850788098736679,5.708433478495390,2.411838529231245,0.685359796519462,-0.064273994084354,-3.557120166118075,1.077046764588319,-0.741396393526024,0.021097680922935,-9.467343027020799,0.075676032160832,-7.447792932213655,-9.970776812102603,3.534636995594290,7.164700305303885,-1.464864168426150,-1.874824725684617,-7.577666580299280,-0.230513994361454,-7.852440933450470,-7.659095645196484,4.163952122599966,-3.930005085658424,-8.968015602763153,-5.030436888745140,-9.424939641281862,9.379430708001976,2.658368283808398,6.242276899922814,-3.682827294026819,-0.614782321495431,-5.102903056522501,-4.553446953825738,-2.528126810698619,4.108217839914685,-1.758514892787893,1.003474310795461,8.606822472059378,7.935785976987095,-1.697538896603323,-6.038469282358088,0.830291954196746,-6.623727552323242,-7.080233941719167,-3.003043533375256
9.649255426635222,4.076935449361613,-1.346785574802741,-8.292193793790721,5.734421311217046,-4.185650363658844,-4.250846658457082,5.835319705588656,-4.352605075459013,-5.366364391820002,-0.698103391367347,9.323040229313488,-4.867920952101437,0.790599275830168,-5.313075083230434,-4.903466868213355,-7.843183615164908,9.175871620098516,0.328534708430707,8.800366936848036,-7.346823004483305,-9.343866231083474,0.173941475463904,4.337936892657588,2.133511267445973,-0.640037701880825,-9.110352631658152,-6.225680932373541,3.562355017406922,-6.454846711255700,5.403714714082536,-9.413860388729503,8.805226201646271,9.253399294027147,0.779127109241319,-8.670848802896780,-8.635129095100575,-6.074746021114805,-4.027636959786410,4.731530746848932,4.961669326185302,7.314017162818708,-1.693383016338096,-8.572211277520704,-8.853669895527961,-3.488254613213549,-8.807026654007803,9.924987181724777,-4.935619563952209,-6.696253095862634,-8.115006334497128,7.210001722181087,4.627661092509538,7.980014000493874,9.141774308753543,0.123093550237481,-7.575946124415360,-7.272141684459646,-1.179108078217777,-2.746248138781144,-8.489995086951209,-5.544994907493368,-1.038376499410067,9.106242071221363,9.020005464555471,3.247964118394744,9.871072488508304,0.852046971591843,-3.132994791355750,-2.979663557390193,-5.452577434829227,-9.367640044181190,-5.354170515986785,9.876147653884246,8.756171167840215,-2.358856623626706,-5.457958355813382,2.193777143569029,-7.056646853453752,-3.686792281674025,-9.337571169776389,-4.739373142932576,8.378278180783830,1.613058238874210,-6.618307156598502,-6.790739426344439,-8.872441577508356,0.801626233009801,-7.862596058895949,-4.276095555096084,6.769203199424613,-0.029150839538545,-6.576486925197709,9.420564939761562,-4.187366822004583,-2.652618399473894,6.001760029976623,-8.062837883269502,-6.755356635123178,-9.862799000125758,-7.120100124077542,-2.139237831354244,-8.286860063513110,-0.250753933279071,3.938669294559114,-7.098209813743813,0.764448639236683,9.909466201428401,9.038163495382250,9.356031392776984,1.089779247891622,-4.329183242146115,-2.812950503982911,9.349735514632730,9.277615993269173,-6.531318057166309,5.183092283467269,-6.052532117215012,6.669080014211840,-3.433823586038947,-1.521447008388018,-4.000531723301606,-1.609358155551806,4.854905706838121,-4.253230598778554
9.038270810254041,-7.215856365824120,-7.741522891551968,5.123040819364562,-0.682276438574426,1.352859298364013,-1.563918858765730,-1.718582303396840,7.737830719531104,3.017319820481854,5.922794528209096,8.406304964346106,7.195833474485426,6.104264801051265,-1.347701950443600,-5.856765310634851,-9.071683512980727,2.705445165981955,-4.982323398019235,-0.778891725388171,2.340517830505748,5.173557495705470,-2.885175565075899,-2.382104566093444,6.105227649455006,6.234325447997811,-9.402139142892141,9.385445541428208,3.184060140232180,-4.093242664143910,1.039082311117713,-7.637411445173354,4.838909977174360,-7.546783429844998,6.175168912139380,7.389772081032298,6.005011562849102,-8.241017688869681,-3.697368948113477,-5.834719806298687,-8.379823229389148,-5.537784254285207,4.887440008956979,-2.449701324123872,2.416157328916901,6.808149495901247,-2.613999392181618,-6.642187111181217,8.886021515373656,-9.057555438997603,0.325257742591837,-3.426670805488275,-4.715421807652866,3.877569199643812,1.407707334894628,-8.450472941341182,8.805278938663278,-2.222367871622383,-6.664494049062450,0.332502650701358,8.748363165287508,-4.249985333973180,-3.983031668028905,-7.534264175461123,6.040684107221537,8.286034678594557,9.433380343029903,-5.478201648081960,-9.065203363333795,4.371413346378707,-4.076030589748969,-0.638803706356196,-3.222315462439167,1.373088732375580,-5.727213419189352,-3.693525815975242,-4.941202876395375,-7.142031676808522,9.461267688812253,4.189969166253871,-4.900897037649026,0.886937506574498,4.745160955438536,9.056304410269874,-4.325144744248592,-7.808373440132734,-4.961704194031038,-8.578888260541698,-8.875944251178842,7.524256148559484,7.767626856207201,-0.806579418358753,-4.717483212213526,4.655637518994251,6.531428535376254,-1.190667578364298,-8.816421964482879,-6.067331329510832,-0.016360465670154,9.308784555180424,0.770467773733818,4.486850798979965,8.829005294736007,-3.863864623002837,-0.293046304800894,-4.648872917524313,2.231908649163332,9.917039423179098,4.098670098736473,3.726076504919336,-0.059216927260730,0.325632954225522,-1.705728705763079,2.208513923061661,0.903405646446021,2.778837394937417,-5.797137127788221,-3.302490792834273,-4.281589864385680,3.980158293178345,2.713440993771481,-1.945523037145724,3.544513065128037,4.413281925872194,2.309384143062953
-8.357118434808822,8.769286719309736,-2.314783835056080,-1.652181599497951,-3.861113185635170,-3.609109957564707,-1.442328525705225,4.621107379156355,-1.624537973585827,-4.594603268445683,8.701211440852703,9.248104041273628,7.717238404325947,7.273713274529822,3.683599667850054,5.622171231166247,6.374390917698769,-3.257341018607171,7.116304750848133,-4.559091557577320,2.545029590731085,9.106022330225830,6.621880836812785,2.337922891145119,-9.255726811918350,-9.584548985005011,3.419982476804455,6.810643976209629,-6.168242642504699,-5.831429881860625,6.691920237655346,6.101300213080467,2.097297937200482,-0.764984766508526,-8.022377409696640,-8.143981776049891,-2.861950331396075,-9.961618659644344,7.004769743597116,7.129361945462993,-2.263433941715400,4.742758361351729,-8.240468175024624,2.902944004009999,-7.667601230151044,1.788783346698652,-9.222259594598247,9.756498987866561,8.531074166865650,-6.896733736819264,4.938033819334942,-8.092386524502828,-1.561467286023923,-4.067516064120095,9.851128404529618,-0.106032192544589,-9.874686438974265,-1.829882739448490,-0.980761616722168,4.045499139603876,4.107120777115972,5.577227052793033,-9.228745205176249,-4.058305326753691,-1.634515708550161,6.863464668578946,-3.589901449362516,-3.408379316143892,4.880277938893778,-5.421898953744790,8.367394301535487,-6.317699521988085,-2.008139903737048,-6.077930314910294,-3.102786524012209,6.186502414122273,-6.507544868807709,-8.699540340757521,-7.828853721629152,3.110107002587457,-8.885542481350228,-0.198728300921637,-0.985796490807711,-7.292755390024288,7.748033160587269,9.044839761975265,-4.053679674999573,-0.631959112630245,5.688926901214323,-1.623999404334977,5.046940171342325,-4.173434297766923,0.452497239996585,8.742529614784043,9.664220422492612,1.214948821395680,3.927846173906449,-4.447557280198565,-5.156849062519663,7.977858200599879,4.734839241675111,-0.845764727709939,-8.818888576192222,6.031466550370400,-3.254225638242443,-4.071640269924757,6.662988247586433,2.363164004154489,5.513405542488899,9.163748896492411,2.178081858707550,-5.524507054550241,-4.421972559810619,0.081104973913728,-6.508142811567186,-8.116732207161306,2.237848693457043,4.068467326257197,-6.746317664936230,-1.789131131445652,0.696784115320607,0.710426598676046,-4.336950042221810,-7.114390155675999,4.410039742036929
-9.732098295462333,7.422356407303909,-8.469361807528655,7.345874729683889,3.306886217545914,3.953983997174682,3.297385883300814,4.433765832153888,-4.158527212101173,-8.803976161041607,4.621755995058647,8.830905192041996,8.879305028111627,-2.759916818490529,3.305115674558234,-5.069706987376397,-4.842712857747571,8.076973097030223,1.845311463505583,-0.396216700151115,-5.792181628208109,-7.491046500067671,-1.317472078597513,-7.358983239485591,-0.190533048434576,-3.629841003436312,2.115231677308705,2.533345760249306,-1.371328524119161,4.917168981986952,1.330684719429174,3.617634493219848,7.053390257414243,-9.121232216266051,9.195743718082536,6.035672764254535,0.943468084867531,-2.465409203365208,-4.326874815730113,-9.007470454298517,-4.051836105962425,-5.662456056551619,-5.534580586067907,-4.676788891930328,-8.709032686482296,-6.873534322300035,-9.727738486271774,0.392551970507395,-6.853245193584751,-8.500816757660534,-3.665215535213147,9.257214018415144,7.027171874422923,-7.295332102774608,9.317907480993341,8.105800558241960,-4.190356962436801,-6.517941118737822,-2.677016702657687,0.156423784164190,-6.714092842508210,2.703664178364388,-7.948439524063263,9.096771804461930,-2.601354052576397,0.444986424339247,-7.135064321546922,8.110441780455211,5.561285852658182,5.982048725607756,2.397764848628416,9.448018867967178,6.674868290188410,-8.642197126072356,9.891300778657023,6.852385518072257,-5.158567364136390,5.918383467278341,9.944286320670805,-0.090902438390534,-2.694862955415367,-0.993942367176231,4.649315266199954,3.167800916631618,-4.880996496730365,8.775625594952206,-4.710627979842144,5.413148699190653,-5.869688316545181,-8.714952604818361,1.427139846371617,4.948352804775286,6.350308341254994,3.867306961823559,-1.128199335304016,5.734388596114066,-4.843914634581044,-2.605845922506623,1.969006700797760,4.073875994025823,-2.666872884405455,9.959047633549709,-0.289166031442164,5.047880395143846,7.119646170332995,2.249651973674391,-6.173057742181616,1.699040728258570,-2.042075325186097,9.045455467688367,-2.626297330134602,-1.257602484405178,-3.918188377834511,5.363014478601260,9.339152844281465,3.542008815109936,-7.299384888153635,8.713051161234713,-4.459694033655587,-0.443183704006206,9.074244328712574,1.575998196745612,-9.808081718822573,-0.072706770888294,-3.931797808293142
-3.742774460396062,-1.567210977595039,3.695652495649339,-9.021347922186226,3.035994276027429,-9.673011785866532,6.789087004724873,-2.967488466545456,-0.635063706764171,2.448204111978525,3.697686978598673,-6.891948948077225,-2.694340069089815,9.185821091144405,7.485037549810642,-5.061990504666887,-9.631243315699860,1.603173951445784,5.250451783367341,-6.625885368406075,0.389330949320941,-1.304117906329449,-8.932150031110201,4.441839686941684,-6.046845403030696,-4.992539015105228,-8.421494879908851,0.813401331312537,8.454372972978042,-7.955692557534555,0.452954636510999,-6.048226273367954,4.454153787900129,8.037223973605741,-9.182045481915523,-9.587396308956276,3.608043314982474,4.274577562100925,2.155673786999607,-1.898912468492242,0.145915177093165,-8.386671755366709,1.080859426214600,-5.058730578775529,-8.759047609210814,-9.303974344395012,-6.820268734620436,-4.323436852421096,1.563281051274096,-0.355578029269489,7.170245688287824,2.952022900955251,-0.783917763141904,4.981506417944409,9.123147702072242,-0.043847172342444,4.391675613064576,5.580839370296779,-0.239725355115311,8.052872292827161,-3.716226999003691,8.642492508957577,-3.546382155967565,7.934673333624179,9.551587592204285,5.247320159261971,3.752106355000143,0.102077349421144,3.770578813586152,-3.839275488588578,5.260569300947925,3.682315219112212,3.266538463896724,-9.317045316035220,0.770835954565159,-4.927798414961364,7.272162581427896,-5.265302335029998,4.971614993772690,-8.752125229205774,-9.946960629089222,-3.223988948588190,5.539927987274938,5.781193003078990,-1.712743006288278,4.890200712730463,-3.110298806774239,-8.914375365740714,1.326447686839785,2.935836360724826,-0.072988100876497,-8.852766906511338,9.095510738036634,9.358922957782376,8.628684547003765,6.581917320834151,-5.465770507851861,9.825736573116274,3.050491879419969,9.474589274975230,-7.253023783791157,-9.355849606381065,7.494320768845210,-3.883604562023533,3.750797707277069,-0.255082523318301,9.519554038792368,-4.089202695760530,4.571855274363280,3.040997186256275,7.033063756379672,3.082339295500692,-4.220562809768507,6.887739284505805,-3.541237446177843,-9.297957299362402,4.790199649117570,0.152288945418169,-0.573278269546353,-2.330414821612283,2.379038469553393,-7.300891718993157,-4.836923368868023,8.270129343069147,9.772036685221483
8.361994826679069,8.320423341012184,8.745647572737386,0.896444645088337,-2.349310679210237,-5.936827780653820,-5.402759128833532,3.774605120699535,6.536734821154401,8.525047487997636,4.848823541046009,2.887625322186318,5.681437295743564,7.765665044052120,-1.676164293687005,7.152519091042173,9.516622777632939,-4.309570937381640,-1.154189953133546,-7.481812239729098,3.945410999729200,-3.399268442797774,-0.504271126719404,-7.543695698044967,3.048644161696926,5.567572255230299,-0.559275751748075,3.543797224140556,6.894647468488756,2.657246043574531,6.820677745465350,6.201590514524018,-3.287233380193404,8.059147252744896,-4.065747610489079,2.769479423979909,-4.550553606739576,-0.313856701803978,-9.840649453531006,4.650513622727674,-3.106186221774552,6.828763816524408,-2.490579213623030,0.411485447808033,2.771412701132652,0.959291542183580,5.683315752864877,-2.769477450426590,0.339241910171042,-0.646700575188177,1.649311843716877,-5.163038114100567,-8.433332979189288,6.349564791604706,5.636084209211464,7.764696331184375,-5.018160106251280,-0.454208328249535,-7.676333182267648,-9.978449645288832,6.941932439501123,-2.837714626520322,-9.102102728442096,4.035333492047343,0.026218490187633,-9.541139581182685,-7.474604628635215,-8.338605192874198,-6.924791106319095,-3.267897577958385,-3.034438468506339,-4.069657096799992,-2.871222153665443,0.168928717872983,9.209841029124984,-2.600551058884553,-1.184683578943588,-1.177631639998001,7.468927430247970,5.977651113191975,9.104340087731863,-0.447013123574919,-9.211263961140082,3.801645958939927,2.938388802762299,2.414506326384071,4.431939248709909,-3.853550146566533,7.789896733875722,-6.874936550410826,-1.356610401050681,4.030080134349742,6.112221957943447,8.024563759822435,-8.452032339811076,4.822599390112231,5.015155785007614,-0.789416333689827,6.007717915233059,-6.448672287868176,-2.478193354421505,7.884335756593156,3.217951686667803,7.337214789293284,2.200863345510609,-3.116287598907322,-6.100167149010119,-5.820524327848611,2.514303110501778,3.121503786667700,-5.513183863883153,9.730474891103299,-5.271126860326567,7.514904433309493,6.068095870873954,0.442308027290066,4.228263387805393,-2.196868572719199,1.554808849565102,2.313479627805204,-1.331700681887813,-4.012102962337963,5.058091545077675,6.761545518857936,-1.279465716924030
2.118740309374674,8.627717960439341,-1.972429364617392,3.470949640936194,7.400291429724369,-4.805062961325590,-8.107033008150427,-1.735360516599858,7.169105673728641,4.130898783676468,0.936094591255053,7.128044333599544,6.937030473801606,-9.262681463156522,1.224608494512351,-1.765565599871753,2.385926160653772,0.895927487149571,-8.398327757663676,-3.725812197458076,8.068714774111445,-9.604942757626135,6.434624350775536,9.988793140976618,-2.935417103046555,-3.607206230785431,5.746557094536197,1.985290910400099,2.118000319682196,1.285729438418514,-5.491158181423508,0.500889638547035,-3.365508851554906,9.182911221903773,-1.817571187308459,-3.595188159595315,-5.252220486959525,3.545124466714038,6.574271609182368,-3.920641718404488,-4.880092470703836,-9.615739434465976,9.715772952425116,-1.190216700676615,-7.851760722740517,-9.905430588113688,-5.066338179450849,3.682052590238419,-8.507876612876498,-6.065937485257624,2.560941533820172,-9.466926494360496,3.364747642892684,6.817751023462545,-5.291172261222023,0.483123176565163,2.967109610032626,5.237125897114952,4.229810750706235,-5.934152165832796,-0.480662326887920,7.530737972675741,-2.667290397192435,5.172860674976839,4.026605417285790,5.749209686638467,-6.183993865041993,-9.863495664141888,9.797550971577788,4.022386021872755,9.647917057539217,-4.399461096725492,-7.026518560329873,2.178261464123556,-6.084925160423640,9.640777498693343,2.212194022495117,6.069136729921993,5.268047503558073,-0.860563142289834,6.652356866704451,-2.935704351988260,0.276273960346716,2.194168342112334,1.887728060681511,-8.547786506368260,-1.319634985366916,-1.818540424040920,8.462223141094935,1.589277193161877,-8.113423288193246,3.692018609962112,8.908411923979248,4.905792470795769,6.660100220292787,2.164456950097581,5.397040391549847,2.867188508309930,-2.372420765952197,4.910743754327102,0.379755184654515,9.791317045927237,9.880716112295705,3.016930337191857,3.534176459280411,-0.803205443329649,-7.632166754080608,0.298049754303280,-0.143407994893758,9.262901324042822,-7.851531972135996,9.606096807065022,9.548053067870544,-7.524345161919134,1.259161714473336,-8.190181986352233,-2.132105316069022,1.012126819253949,4.951576734560479,1.078839773404027,-0.395197570061043,3.424343183969382,-3.572792011705779,1.493190441781822,-1.640892243702393
2.318436445597627,3.139438149844679,1.494255998291125,-0.913418192037165,-8.272388637798169,-3.096587582981023,-3.683623858382880,-2.542172394288766,8.386647959833077,-0.329087406047963,-6.056832238818481,-3.997378352290539,2.409693429650906,-1.720123081220070,-2.628591374560676,2.242596579611011,-3.094782883140878,8.809780581628839,9.600776295445193,-5.180472349581271,-8.474424449368632,-2.594214129987003,-1.460433267923573,6.319820017137602,-7.253016007516933,3.519479081908738,7.410258438580829,3.190549496223763,3.826126051419420,-3.375217793970156,-5.847566052082456,3.375892104118957,5.898286505566004,6.986431584549994,2.515759822994619,-5.884468661611368,-8.437175985405663,-3.309339375143880,-1.749518812605791,-3.042460193169831,-4.193977488861358,-2.513172582931653,-2.344225010296583,5.151778490803649,-4.116188931530880,-2.313140488102972,8.981480572223170,-3.849423967590974,4.616962647959596,2.842444862120290,-4.246933176299827,7.193960981490605,6.233362776466620,-1.713258561027802,-5.040049796166950,-6.823131318572672,-0.877537896817879,-2.405504171396810,2.973057642417466,-7.531115833149567,-8.069601945868261,-0.366481590018450,4.487765722703298,-2.069177938100721,0.193022319561704,8.924599155135581,9.508789505838060,-6.073191878157029,0.710096836504274,-2.819062724362896,-4.588338856995446,-6.406830195535087,-3.491776100046192,-2.465703914923816,-2.955173492752703,-8.401652536667555,-3.001872357690498,7.491161634772695,-6.694266704128542,9.196829871278023,-0.985486068121137,4.820134696758412,8.507269783987010,4.631596354300232,8.876295918675684,9.375000696629833,8.145252844918549,-5.355172216421988,-9.107953504818592,9.050575781598621,8.102690907989924,-3.969204237633539,6.753201289491329,6.648461417744080,5.435888828322156,8.748348109534334,-9.305444202877904,-3.778021500282371,3.842189834753951,-6.506497043113814,3.822904226820702,6.418975674642422,1.319900772201182,2.964097092910084,-8.211521023663966,-5.243669924561109,-7.688466069054220,4.115076260115934,-4.852896533112649,-0.767633492774031,8.460913464867264,0.567431047290267,-5.563505870490902,7.194107767101695,4.062327198005489,4.552020145947612,-1.011705748161498,6.219628440382728,1.548881997588909,-1.605437380238531,-1.396569159755380,0.998546510238201,-8.061792616897840,3.375186730925396,-8.785960840382144
6.130718912456484,7.505994293994885,8.173244332092359,-7.128766591472592,8.820832146765611,-7.995589644696961,-9.682258683599059,3.475173623986151,1.025818963826662,-3.517491108152759,-2.061054239990989,0.576738419944840,-2.310990173017351,2.835194219897147,8.765098913888210,3.263525460041286,-5.595813758068509,8.744563884805924,-5.065465933355890,5.425542287176102,3.046321369693302,4.942529479058916,2.822477914117307,-1.898152123624889,0.850618679183643,8.218939343774800,5.393694614462968,9.506627567810643,5.939075427468572,-1.424194241420809,-5.519947903036424,-5.192333350842886,-2.820487752369596,1.288450634353893,9.781085129846463,6.832343968732779,-2.427332717720006,9.528075138479121,0.933107767632622,4.858232036629154,-9.733734051798042,8.089348819450176,-2.921220851313937,-4.872071458912375,-7.493787450592746,-8.156684887541203,0.140544661369034,2.631298671528974,-4.976220179199631,4.117035072613724,-0.743971767332036,4.219118880062744,-4.232806174828201,2.968501422539489,7.170437754806251,2.338509595167512,1.746621614314339,8.760698677950359,8.889906958551464,8.915335972987688,0.633986659150182,6.574531114009112,-5.426653090613471,5.866689010758222,0.930788544860842,0.920371794049732,-4.127188345490898,-0.192407115784626,2.103695231783648,-2.713123737582550,0.014679005489116,0.358677514156760,-4.922943422569608,-1.056818232821373,-9.615087656934476,9.667636380747226,-1.028843168812649,-0.392600364791608,9.569000886109734,-6.097305737088456,2.479183917415995,-8.506852131043225,9.068858418911326,-5.596147724000069,2.422301126316883,-4.814606133678483,8.049683227888305,6.886938275301080,-3.041942925394441,5.476953656838248,4.939558309531352,1.739992245648786,-5.260566147500068,6.928393857148368,9.898631202902290,-7.160573926327540,-4.543498368432378,-8.744417953568163,2.038190449341283,5.252585653100027,-8.908990566008395,3.739869328706435,-5.980729203946540,-0.458904485734521,-5.269673918687188,2.523422484446085,7.068953202937230,-8.409472363616954,8.275212285894881,-5.996596821703832,-6.420176388790672,-9.315764923410324,2.254839140208880,-0.223854477250372,4.315503311074295,9.583675419258103,2.036839105286020,2.702759055094223,6.082591761073974,-3.661474519847037,-7.356101561410755,-7.977670747877374,3.231347604531763,9.362665508795054,-1.347723136573237
7.484782025577616,2.011197108746494,-9.171270707485132,5.770103017216199,-9.161454279845788,-3.361336660358061,-1.007049176585031,0.041817517398160,8.352730131601344,-1.974194087785213,6.414326099893252,-8.599532088572435,2.388389687827342,2.799258084312422,-4.066394314385715,-3.747183375022097,-8.577393467502898,8.401288140744835,5.392172974414304,-6.867108587513247,-8.953182776663111,-9.179437140976656,-7.375515005878242,8.496862933531556,-7.787247463514849,2.765066275669639,-6.058978919396347,-5.213436229368833,4.300379247938970,8.076386475831296,-1.366893425012009,-7.661424425221542,-3.723915384733740,2.213597040808601,-2.756546355592855,-4.227954220725739,1.758670162495100,-6.823221884355055,-3.203429669164207,-5.904662595154422,-4.113374959812810,4.259969561525441,5.804737472070531,-5.463797252819241,-5.658014236785487,-0.424338158666371,6.657829995406676,5.860046370987392,3.869212745554954,1.851293563348227,9.271022148539778,1.387134150555664,-8.098737937568284,-8.380212808678120,8.770349103696550,5.381557310898273,7.865905484436308,-1.795356371090042,-5.472926439134136,1.061447551387095,-7.563586199587375,-5.896408116826331,-1.543407991716885,5.417130187988835,5.922696170787189,6.392254727145424,-2.487318233183940,-8.983745140747462,-0.354685953213298,-6.882385833544761,-0.600527456042531,-5.312404645852491,2.301234122706790,-2.481897488850970,4.215950928420220,-6.008738670669437,-0.668448657625220,-2.144001485003447,7.114746235375982,-7.067765153332981,-5.859681323968129,8.610300274416222,-5.661950348801106,-5.018787934828833,-0.079002045371242,5.680740227478310,3.841740398964411,-7.332588405235678,-5.621390890850398,9.648887852860099,-1.872315088140022,-0.703088144877889,-5.520655633862543,5.022924234119666,-1.492086503059461,-9.967055054649753,-1.146705943547206,2.526789163129655,-2.913825767545712,4.932033752868193,2.961610879883951,-8.578201490708734,-6.983427151553072,6.779987671777263,1.222654230599268,4.606312782757175,-5.614180305282749,-1.189285335402712,0.017605893667518,-6.568121793217500,-6.233886070088794,-6.648536697310496,-2.483190847202978,0.031138238801653,-6.326787564708929,-1.575320845967562,-8.384221687063956,-3.493592672448250,-5.278060888400551,0.453489100454172,-4.295599633304397,4.968123620169074,5.157207391686820,-9.909692590804038,-6.639467128781629
-2.998929390174395,-1.288639955887838,-0.655871471281451,7.384284632107811,-6.108790578777949,7.842499095974983,4.502018720144017,-9.875070923925469,9.617014996873948,-7.368671193906571,1.392082557904459,4.325333826032175,3.900258184584489,-9.261452893362755,5.350684031924526,-0.072284271742618,2.950157783541128,8.754991080567066,-9.661858950983515,-2.312648155639083,-3.961605298191017,-5.909680372905188,3.562140865395619,-0.826922104241270,-1.267916643618799,-9.834849547956120,0.377501241573722,6.348527216774077,1.553056912686230,-9.997496354307120,8.282371051479274,0.983521360223463,7.416944617405804,-0.313592727516985,6.622684671735087,-5.793534144677794,-8.587123284059734,9.032162067729445,4.174351629624397,-2.169606309665721,-5.774479018429426,-4.709953636803206,-4.201281915218606,-4.139144140812521,-6.616348223070929,-9.923890207150418,-0.426242049159187,-1.961941251415141,-4.425289777751809,-8.288177096712646,1.333008468469073,-6.733145883583489,9.232832313383547,-5.011854885230607,6.117849503997540,2.258870471258387,-9.990737614834957,7.843929552820768,1.424824638891325,-7.354379401764231,6.709105537318727,6.119165414400058,7.100419145287713,7.255329916784760,-1.564408891257727,6.750674320333111,-4.241573610144675,1.209120246591127,-7.215484159028270,-1.223891219792876,-8.304978602005416,-2.114929522247959,6.750627469733615,8.674580349394610,-8.090205418574921,-0.774371018159579,-7.822000532372797,-7.943667609189927,8.157044250315678,-8.232088800525615,2.426557546385244,7.728408668709889,-3.654705798109887,-0.323704631771822,-8.076970496754027,-7.936252168814097,-9.181236059322353,-9.301818186558044,0.530726605231438,0.078002928802363,-5.922766775574814,-8.523758940642594,-5.251853934588315,-9.543804257222231,-7.671531215796437,5.028655010428814,-2.068929955133294,7.254643671636078,-4.636741704254915,-5.525185661143217,-4.242552266732718,4.520219061846749,-4.534457851868130,7.332959215487669,4.687662758242796,7.602907068948483,-3.167315983399592,5.371639144744368,6.187173682388490,0.635578356347700,3.425553588083815,2.943034916295652,-5.706493680159435,9.393141260065171,3.993407536140353,7.904676710803066,-1.262646701683558,0.905297423202640,5.190195011468903,4.505095547131068,1.349278316026686,7.088454497088474,4.794235894208306,8.262357713965581,6.660422789566027
4.548557957359737,-7.721625078458800,-4.958837815207914,7.082198584362271,-8.344382217830518,0.085091651755313,-6.771195706884696,0.031386974596217,5.535425062827873,7.143033104130637,-5.012601465711157,-0.963707809332487,1.006633045151972,3.794296130624106,7.377712463958595,9.834400480368444,3.773487378430094,-1.536072364598148,7.997185117448009,6.295889993935486,3.022121814402327,-7.551642009832844,-1.596565695071659,1.367066926737925,-3.082642502822703,6.554844709704426,1.242091683596058,-5.537350447983417,6.241827628410988,5.107799556918591,3.864892292682580,-2.711431708498814,5.446739138510427,-4.017383045542107,-7.381888567641280,0.173682962155850,-6.651788731662249,-6.914137618605705,5.168734857754922,3.718026616868508,-4.851752217093431,-4.732855747034890,4.323265366711810,5.078287911130030,9.367391107900932,-6.268353273891458,5.866512231130690,-4.672736157113713,-3.179248633980595,1.198654940020468,0.178471362885206,8.903598057267207,-4.595656238325598,-7.109613617048069,6.405140779991324,-7.649413132941700,-3.714063800843109,2.007504448839130,-1.166561301235220,-7.141998415195589,7.616422303790674,-4.655998644941697,3.187472764813705,-8.079793641552001,-1.425462607481094,-6.220981005260886,-5.489585211551247,8.822963676719510,5.348730179064809,1.962483863094949,3.758157252710607,9.179053492676072,2.063496314140458,2.513949301856147,-4.972962192425845,2.865914595944179,9.826904852879746,4.727717553164034,-2.190933887585351,0.622413061462240,2.467340916633669,1.724048161519473,-5.196856128930629,2.534933806856774,8.073093753574369,6.110277248322326,-5.011943578713309,-7.615362552965667,0.647307844008299,4.773986130036207,-8.942648797414170,5.644228243478031,-8.849391329945504,-8.230649049551833,-1.426864090264093,-1.735192757809793,8.083781366178371,6.673855290260548,1.504470994667244,7.742902389159958,1.904700182415676,1.672465502669141,3.428584569578712,-6.168534674254147,-1.146175792666762,-9.818103322838871,-2.897131225596301,-6.668518796696466,2.849619124386676,-4.223466178824735,-4.943649946141242,-1.121645010524174,-4.710636450206394,-7.528559942311737,2.435812613081669,3.474741280069136,5.296175378981649,-8.397864945013263,6.046856371390234,4.287401057759661,3.912682000456924,-3.427249169861970,-9.526746590831079,0.271480539247079,0.134872903118939
-5.807392270276202,1.177917036800016,9.253009940685317,-5.525579006969781,3.888991838982946,-0.966155094000854,7.270432152866061,-7.154636089103741,7.925612065075946,-7.032949148875767,-4.103870371290914,-9.984972613961610,-0.512740535204435,-0.270288630075049,0.899154580483973,-7.762369448449369,6.516255821122854,5.511087334724657,-7.799923768455194,-6.534831337921072,1.111141421263691,0.270920112478223,-3.307755368956689,7.862420959517348,8.967005835711458,0.798564610711095,-6.723985186951669,-0.627375460856745,-7.073597887222203,0.822056996770131,-0.886888698350246,1.852461850000097,7.027702450575170,0.391858427970980,4.289061555069011,-7.171468996276793,-0.501354442740320,-8.541460039035693,3.955868833406287,-2.465305500678530,-4.721607765032245,-8.746956482011310,7.754225328992085,0.367825994456636,1.450324903526459,8.326253751032397,-1.457455840491011,2.223455693687814,4.348706321025496,-5.913432589821202,0.075623121582915,8.686229697782842,5.508527319797754,-2.310056207466249,3.237173103785700,-6.660757069662129,7.654861178702699,-5.976740522837273,8.170477859922794,2.242888016016423,9.747406901137783,6.067091446907384,3.853867886147402,4.387519760543860,3.966562389775950,2.831197920727028,3.313208656236675,7.061918092163808,9.085705204888303,-6.771201387785433,3.196554894709447,-3.476418003582678,-9.372376810403779,-3.639372493209492,1.369034512443392,-5.896513259036369,3.671174143041654,-6.434314074947642,-3.873100924973166,6.950061432097694,-6.241766424290150,1.246223616658872,-1.497963031792708,-2.049773879540777,-8.110673423850987,4.601877545235224,7.994594993877861,-7.897476943668287,-2.616514566577459,-2.188021844002264,-4.349242630148995,6.972883204456082,-1.839708493266540,-7.692203825611418,-2.774440974063626,-5.127452856928443,1.147567256788538,-5.104279058811350,-4.679276438049151,5.335993823778285,0.454121303748265,8.614248186019172,6.435987607222291,-4.526461542423834,-3.782666719083220,5.719673820236160,3.952715803582056,1.187858695865415,-0.664272025536356,6.494178248882598,-6.246645875074323,-0.582186739299313,-1.354323677289921,4.018986840401551,8.427721835256211,-0.754447171214663,-5.980695572924994,-4.520282432691891,-1.548400365774619,0.411801781624186,-2.230980563563413,-1.961127490751572,-8.348584113839374,-9.419700269398554,-2.596060641651743
-9.500890178733883,3.208226770537756,9.264040772008663,3.166817359998632,7.774442492356403,9.033474668782226,4.450148625141795,-8.683203537613405,-0.558431189599478,1.267220764248638,0.291178705986939,5.057139027883544,-2.617972087923142,6.646573997962729,-0.469921398193144,5.034473485620452,9.021499922524303,4.823113697604013,-6.675892705998139,4.508669222296591,-5.734749864026048,5.958186247424909,-3.742643771415668,9.379303894469313,-3.274080893271007,-3.262728375377268,9.102859722963220,2.094588003818995,-0.915307439243163,0.873859656588484,4.456395539890977,5.281581377649955,8.844124549929482,-6.192307372402284,-4.971049914471743,3.210667107988606,-3.121049688623239,-1.041321649778075,3.339832486715515,2.921803319520341,-7.086250053294798,8.546442033822188,6.250066324780835,4.636472759777821,1.005166548584890,0.641458381825146,6.419688836030936,-2.154619509923252,8.339277949178676,-5.088263477006225,6.386961430050398,-6.439181047738607,-8.503454929351120,9.405742124904105,-8.779105407739138,-4.015829049340686,4.462676764635511,-7.383971681861015,-4.984462668310412,-5.588714898197304,-3.959146234892992,2.083926286094602,9.743334449672773,0.419937253744456,6.611125387265734,-4.277798791425216,-2.855896678059242,-0.447144618513565,0.631346666697500,-7.578421425630577,-7.447632081913696,-7.574108795399805,-7.325953134542984,2.981807953061926,-3.136608599958204,0.546532893496250,-6.081013035904935,0.391483259818383,1.545249428227679,-2.615568798137122,-4.345517220993362,-3.668281163369320,9.257568359056563,-1.586934351994760,-0.632069302731828,-0.445064995655329,-4.280208531995044,-9.738053184805826,-1.422533664717029,9.256196750241500,2.646740527383795,5.762041838756602,-3.313039356197478,-2.547181958439992,-3.891488116275159,7.680994786856772,8.753908563156287,0.477739859683942,-6.435756591383650,-9.475943772235912,2.183782087970148,0.296370277200072,6.391658477690488,-2.171856011193305,-0.793529161392870,-4.689138796967988,-7.780737304270648,8.586483335934894,-5.391166746603737,-4.479542535790280,3.033250447175483,-9.605730077180052,-1.705125828481332,1.339391362570568,-4.148219653497631,5.598200634231809,3.645589383833396,0.397863633360361,-6.972658467083132,2.485983718357883,-3.315533137748979,9.362934678580622,8.588494611793351,-3.804940344506774,2.135191525950916
-4.967927901177909,9.161691733093118,8.169974149119884,-9.377849279521744,1.912715729959277,2.946945726374226,-2.244992638654260,-3.408600578154129,-5.019126244266420,7.027201104076720,-0.976341870027227,-7.509703084289079,-0.783839667818963,-4.663782813111526,-9.897472616687237,2.367271574178787,-3.185273914199436,8.069343792074196,9.347331021540654,-4.349880662588969,-1.787301667508993,-2.408906404126325,3.270909083682652,4.060736703758579,0.585311453695581,0.308896452677967,-2.731997711470728,-9.507186460432010,-5.405185217803476,7.766057629297023,0.710623478070518,-7.270099204584126,-6.151392219848198,1.065002107418573,-0.455366907335314,6.098143144139975,6.654935230970768,3.079741062347708,-5.920001839535008,5.079816059718929,3.923708163837841,2.818523964420777,-9.190365526477764,9.180258593257598,9.198370155325538,-4.638459948416374,9.245752660063772,4.993811255847895,4.061821571235463,-6.364485519186964,-4.510410603577874,-2.430400686524696,-6.155031754464824,0.590248519734025,-6.990989157738897,-5.508611502529586,-9.983654621751022,2.807640968831882,-7.401589639207402,-6.221228444681453,-0.338630540474929,-6.964182395896403,-2.537589775439290,4.188731084584385,-8.977438100460933,4.306419281427175,5.777285943224111,6.296742283643326,-3.050891421356501,-8.419878568466162,-0.008970831807227,1.472414920957476,1.569235473280042,-5.850053750845408,8.483445017120221,-9.761645643439786,3.299637896549839,-0.452356690108912,-5.702385381841204,-0.477048133398593,-6.610847668003379,7.006010543428740,6.126547663686658,-2.984216106901368,2.219170369728873,-6.020664576321744,-1.095960907451039,4.137603160187876,-3.222364933141773,-3.020401556706478,2.656276170844611,-1.865290938487941,-7.457517920163250,-6.123242118873842,2.385418715939981,5.118703541071923,9.646555636723598,3.571763237518894,0.183202653795625,7.881186239748409,0.269889355750980,-4.406275779614573,9.946623738275449,-5.929645990121677,0.287472079527687,3.471876150871847,-8.058001975963293,7.976854677226381,8.941122353020880,-4.985657806038002,-6.640113718522020,3.778903488712935,-3.269546165055434,0.738005624921685,2.126046787015525,0.318260895625214,-7.423616955772456,7.219959966573125,4.798396835211838,-1.727783679939005,3.004934119866904,5.480789650266791,5.936849950222614,-9.069617729155070,9.394066332693882
