6.927621538631467,-2.007436952501984,9.709358179252952,1.018038005459243,-3.380867044053113,-4.366845890036927,4.812146102816282,-4.900556716382756,-5.393717680341810,6.805472360309949,9.789451142128385,-1.518226026044980,-4.050483764314423,-6.658071563702681,-4.528048936327855,6.754188920749094,5.873071833374651,9.811050305499574,5.918774373881559,3.914170892873738,0.777222577328159,4.281241551776455,2.956103658470262,-7.004617506893325,-6.423872924186340,-2.899222312139629,-6.599562297562396,-5.137940014815507,-1.250052018035435,2.491017917014087,1.924982822170760,-3.915306295712591,1.557769245319991,7.645398160764781,6.641490191791060,1.298657752861791,-2.079532309071506,6.959233607889495,-5.763290476683673,6.680834716630436,-0.707586432697834,6.303104667707856,4.936112304027064,0.883936415882099,-2.090844579781972,6.755441457605642,5.553513364941578,-8.457045642918043,2.413496967190515,1.466385692927393,-3.592297771889552,-1.141121054500896,7.754951920477694,4.495895904748384,8.447613718950652,-0.359365149635904,-0.898858421158140,4.456206207565273,0.892921177162126,-8.523781160079915,1.091500380030336,-4.467556197373979,-0.727850016279657,8.362080714265147,9.413507588431681,4.047480777133348,1.681087027985310,-5.243642120615979,-5.704650378318750,3.419928313648523,-0.208621728544289,8.833505582407579,0.788402043007652,-2.497597159390876,3.490885163357431,-1.993216089537317,-7.172621656873766,4.086361508397649,-1.369551060922532,-9.205442452633152,3.422276192017939,9.261766206789790,1.612275010017434,9.936802368790069,-9.966875580417778,-4.805383918467692,7.199882758767611,-9.756774177864624,8.833055146392699,9.179291460016820,-4.123756648959692,1.240140557215812,-1.563787248577878,1.592661328576572,0.198751108848377,-0.820928494667982,-8.909594738254743,-8.437670533022173,4.038355461184462,-9.195642006259666,-7.313117837091976,3.787921799456754,-4.839043365931010,5.656131118725432,-6.828508495482739,8.456516415840913,7.099421841959732,-9.111315827750611,3.538369883406576,1.619880498955792,3.405477542467910,-6.415488958053137,3.716846218601678,-7.955869627290704,2.385533140172670,5.669081808904657,3.395639597057494,-1.332839781191835,-4.772761766536904,-0.352124355888412,-3.867416468285622,-9.660487649954648,7.444689076923623,3.926513914468490,0.252686926672968,8.575298725206309,5.128290129041202,-6.353860515505191,-2.258097013972269,-6.902990413398260,-3.504624953313979,-1.045289856853008,-0.229102299797511,-6.532655559157070,-6.965497658221991,5.296705920191924,-8.090111918222986,3.922550284365659,7.404975570104547,0.667457490030301,5.623542006588796,4.669642127991038,-0.542022649387970,7.604029812884054,9.342360487390081,-7.667902912527538,-7.956665611075895,-8.114367676921379,5.068942309732149,0.948699090804920,-9.161962044837090,5.684718737882609,6.488986851660698,8.140867573305293,-8.425246771696422,3.643580615846121,0.278728914610962,6.116609037854047,0.725587603101875,-8.316085342944406,-2.824166640416297,-5.421312523906097,3.304374931902867,-4.985907698936323,-2.401827309162872,-6.204763658115326,5.198644165344158,8.632603431214946,-7.852394440780310,9.232340420481759,-2.462860666047504,-3.080405921765587,0.849825514395830,-4.316846261326424,0.235408908569820
5.952933488978424,3.240913427580628,-0.514837150101148,-2.189554753092409,9.266377206798683,-5.122123983993045,-0.878427418980110,-7.138292563982979,5.921831091840613,0.563536796794232,-1.750998463579748,-9.431868911365680,-3.177937002151379,7.505644767562885,8.624466891542788,2.364562089755253,4.696877048574235,9.555619616145780,5.114430195231868,5.449713918687120,-9.259452217444643,-8.736790686527167,1.308474419261614,-5.618164399940573,-3.974558553348613,6.297950263799251,-2.722244489894283,-0.603906228588462,9.184658014726036,-3.065764118361405,-0.017923029933762,-7.655586460141226,8.382847301747912,6.942686427767487,-6.693363727468409,3.131839738794550,-8.064945203198523,-3.720981966373198,6.690415732308537,9.918454061034126,5.203196481090108,-8.196631847229680,6.954165902276994,3.462460338805487,-2.691943407841649,-4.970962820025441,6.011811989010450,2.329489134643651,6.265091900417922,5.020701583841623,-5.586766983502955,-8.314998399186194,4.717378013704966,7.488850140604370,-4.579875423913997,-4.361308191811018,6.363272807522918,4.291582313986265,2.757040875123895,6.234087609699451,-1.280760618146779,-1.052233775325673,0.486238617860247,-2.816939555712388,0.806785344623599,7.018899012437576,-2.801811658530548,-1.763686328029458,2.618940765572299,9.280222737015361,4.781053440367620,5.969733370023620,0.932227412678689,-8.209903211479501,4.339840243263282,2.820244905686115,-4.400429481156635,5.336919957749375,-0.134655872376042,9.347677762253571,-1.711097632017399,9.554398003164852,-0.778013922164371,6.135684853915706,-2.559911439600818,-0.297461734641470,5.111063698297997,-1.720133902582255,-2.815885819783476,-4.292810201628745,0.258148550462664,-2.828097909525971,7.213957729901598,-9.718594740369948,-4.987652271542926,3.265401397414037,-8.743631574113408,-1.793224158954224,8.996700626001463,-4.617761466805835,-9.047818122631224,0.704616230401578,-0.550541615813980,5.560139008052005,-1.243154859850460,8.827867137808809,2.271478223502461,1.048967758879169,4.499563765999257,-9.575564166654997,7.783209857189149,2.022660375090876,-9.688706819029754,8.067670318403970,6.501933542340598,-3.363785003572901,9.789710273506195,-3.293315333783395,0.431779745151278,-6.711504159236334,3.042483792505532,4.980236373613502,-3.565373249477108,5.651122762579027,-1.980100079404608,-0.902766520086706,9.031903203550122,-8.524971531143555,-2.030509273699197,5.875667713463455,4.890636240403456,3.545333374162611,-0.250057381499598,8.009391219712558,7.355110372832723,7.231662497543120,-5.822885948172168,-2.137080881519992,-9.170319366334338,7.262561278524302,-1.260978117861155,-0.213552536075614,9.852794807473384,2.858515737683069,4.394592786222386,7.882145538907427,-3.129269315485097,6.283976892993856,2.559333379357119,-2.405474790186579,5.793046291107533,-6.342451592072759,-0.707772333800015,-1.280629656455963,-0.686610061765499,4.410367554437935,-7.455195384397204,-3.930786412143526,1.019502519454365,5.476034934659243,4.859583273278474,6.322331617175781,1.741055555526881,-3.402991266727464,3.901547034117206,-9.399102408638440,-3.685526421886278,-3.513188841142252,6.286314447321832,0.441539649300648,-1.587551930944503,-3.397942537372877,-3.285696491868859,4.244406333054794,-9.604753702731642
8.655796467667500,-3.558974230781688,-0.203862687095214,8.575470196033880,7.062512636668981,-9.679996680764040,9.437159917753768,-0.059916590397478,-0.478333527649610,-2.577291204123282,2.881967054335133,5.426235831567510,8.591182860585700,1.014153553665665,-1.258038982448561,3.283778525821335,-1.950003436380356,-4.176128964263768,-7.727000958347121,5.320122736029516,-5.909010306672764,-8.104713519999716,-1.352078161077108,4.673102992447685,-1.917704298549484,-6.044327282646325,0.367194614795014,6.026326447203779,-2.538068599021090,-7.792741246074284,-5.056256966616514,7.284666470144934,7.527863615189922,2.708573281933377,-0.192226942657566,-9.397023238638106,-5.604430868433436,5.039928102784275,6.632160497960374,-6.865526929366488,1.024830942647480,-8.954830446482633,-9.481598788357539,-9.431636146177919,-3.903215062346548,-1.718785633843876,-8.301700301229564,-4.817094056282567,9.257852491311201,-7.900256460158950,-0.114637223990311,-8.113009238108290,-6.344244741919553,-4.599751818849591,-3.140315405229366,-8.161657384033372,1.296021273419834,-9.609641692526045,2.390166406588145,-9.319026559105122,-6.771052529499098,5.118238209233763,8.886705207498029,0.437475755648224,1.391286477984391,-7.163720558699376,-9.199839310321128,-9.963783671012848,4.694773884808761,-5.363306064363920,0.032676580772613,-1.455462824444842,5.530785049456817,8.338124501801822,-9.159412436292014,3.224557544962156,-0.206779593406043,-4.025539266542040,7.209286654728142,-7.638797723392097,5.444711302320336,3.188921321747575,5.289135837618309,0.489530910225922,-6.468701009732714,0.039619055060678,3.882019359818401,6.735667586853801,4.265613878707285,-9.529513036992398,-4.184815536419433,4.952651604365084,1.424959908059959,-6.731893325201941,-6.147256536119601,-5.527490590374320,5.317264182954048,-3.687654667320885,7.959164633437087,-2.718005818015277,-6.538757030591240,8.398986617812611,7.992195228599137,-1.357396019287370,6.545417261724033,-6.088206376999916,7.663327984520166,-9.811307349358298,-0.334877758161436,-1.227513918720211,-6.491593173363473,1.767986363375423,8.501397201223682,-4.211044922650615,-5.417516932369242,7.178825024251410,0.408980472685732,-6.100579611015304,1.768278125746289,-0.615369964492007,9.426759277455709,-8.308160130564319,-7.514701642098409,-7.007099761947273,0.802555320655907,-0.518717912455191,-1.966056992905790,-9.863237077355151,-0.520368922438777,5.821696841324693,5.408813925662006,-3.584727528417366,-6.430556853808314,2.896477504970893,-6.798582214869986,-9.529759670272089,-7.035699397305386,-5.374474969579650,-7.409453374949249,0.174524372599887,3.345922935445508,9.740411044789589,3.849971378595644,-7.879170016992083,-7.961587167809274,0.281899393074143,8.606103557212187,3.692762569738594,-9.430187587725134,-9.565757903536285,-0.495104610456984,9.995476016610681,-3.544357241840292,-0.444095969015647,5.055088033024555,3.173326958094060,-3.650354817520142,1.670399698062525,5.423299449188853,-6.224367197929563,9.677094189332681,-1.262463803096598,9.199972119517248,9.765690807992126,7.895281587154557,7.157717021779774,-4.851339189435471,6.374923875092623,-2.790571757130613,2.069204632426317,-5.740921202277440,4.996957080817106,-8.793847773169485,-2.074312066956057,6.057203184616696
3.456255201883774,4.932419863890669,3.300714196495848,5.620380312545386,7.200509449663226,3.128259006033813,7.518466959030352,-4.071122949141250,1.150368101504194,-8.200452390824161,4.579820175792349,0.583864402209159,8.039168834426334,5.336731985633625,9.596324923842158,-9.987795753577977,6.782615272775899,8.529270680721371,2.550628542254181,-9.430033120996429,-4.297793168181703,-4.943397740595648,5.739148299793444,5.379104844906974,9.915291267813071,2.586295550169064,-1.441474322978538,5.667303514606896,-1.550229263059846,-2.648250631245213,0.167567975438701,-9.100512040209436,3.408080004680937,5.168222141160522,-0.464490782177435,-1.196093230829845,-2.711903298891363,-8.403839555611967,4.907237217762157,-9.356766563999809,-7.355124293408850,3.018955040014042,-2.496890791911632,7.960863942467263,1.453970764645913,-0.978893356767571,1.486903907234748,-6.539282960922979,-8.401857982327790,3.934222715966575,9.403481749204687,9.350856013737612,-1.496158778971893,-2.020066832366978,2.737913985205402,6.121260978496771,6.154540699479632,-1.703722337010035,-5.725044016258698,5.750464462014930,1.465973758774105,4.148646386255008,-9.319849486795606,5.202806562703106,-7.108087721516423,0.153786823967739,0.675455076190651,-0.563252022752607,3.084951906172481,-8.199058520145856,-4.514955625824026,-7.434104956149408,8.402524448299037,6.838924394835026,5.811918629237065,-0.570708795194347,8.531250275591045,7.535939504461307,1.490472884214784,-9.641772699399638,8.952203208637002,2.820020274807955,6.803710560043879,2.312262241678269,-6.520483176192620,2.488907445325538,5.088900409713782,-7.391031401045725,2.834512214966304,4.992933620979549,-8.245964322536203,9.563102045458574,-1.239369225031488,3.553873026567357,-6.402215751361120,3.826553233228623,6.805294582407541,-7.045667868641901,1.460744365045761,-8.141085697826041,-8.081843922187744,-5.534959429687705,9.322907833719210,4.737329626494811,1.624225350002362,2.985779148025088,-3.024775646311055,0.326265162922565,-2.128843470484854,4.986802536706705,2.429665569758923,3.767697653602312,9.111758338889171,-1.948844855510734,4.795568905837088,8.608993856584583,9.646626367982797,7.112799367486318,-9.870651825378756,-4.653361187326541,-0.006163593503265,1.558592577369167,0.824691875787613,0.130228209894373,-2.227170595264707,-1.077847260156510,-5.618096568158181,1.679400208376475,-3.251564368265631,-0.304080810664296,-6.480753131300780,-8.282935347700782,3.517687362378650,-4.189758021007910,-1.603254752792731,-1.830832703063340,-6.864932441493334,-2.910900304427335,-5.344011175000578,-5.212985272725215,2.097833349023022,9.676747250733953,-1.693720504666786,-3.588584515916682,-2.946300761674201,9.647645942402573,-2.916151768995350,-4.813653406436853,3.454488791593050,8.856762563173316,9.235936359597975,-8.703416023371862,4.429818817755427,-9.419510174261648,-2.759363584867751,-1.865385444606005,-8.531712694008693,-7.278443818160132,1.832605647442517,0.373646398767553,3.393319081562186,-8.701397382258250,-0.825794097667709,-4.315856076067273,-3.086018651464581,3.052638726105975,-3.749090926821969,9.793799984719403,-4.150536256242725,2.721031391958563,2.718445732627748,6.451111296036650,6.594228644022934,-9.533405946417265,5.214953297681850
8.213885393290735,-0.720601647461262,-8.959753793989416,-8.965812847906946,6.055878930667689,-2.690421469839053,-2.008411910111272,-5.862421847101576,-8.204071707123724,9.200450658554914,-7.325573330071277,8.836288674077750,-5.942000914820229,7.663756905737319,-4.666714224853667,9.789332646353749,-7.480655608916287,0.424641357689010,-2.125653072708502,-8.000291956064105,-4.573513765166215,9.729208068699808,-3.399005846466920,9.723950873459540,2.659424383537575,2.529536362003546,1.090639914233263,0.560104546960645,0.999755176661219,-9.958700518947495,0.263895465107458,-2.087309633027341,-0.925699547235633,-1.945405548901862,7.651584240217211,5.637844916616357,-6.737324147158949,2.530091652895798,1.940167986822853,-9.961873477625529,9.527826605793400,-9.550598520919948,3.283610196854212,-5.226450438503938,-2.005970569563029,1.533151762542674,0.058401658223630,-3.543050104565433,-0.434780244885864,-3.552846673928145,-8.079035233702101,3.107692406341041,3.655376819534295,0.142232980503842,-8.186938659227119,-0.461839499073475,6.614796521668957,-6.469384321423997,-3.273324423906327,0.182040979999943,-8.836094570844432,-6.731720551934997,-8.423154042445194,-3.121642571626433,-7.819639269359566,8.389759831913995,6.232701947461297,3.713457584918082,-5.224423036166906,-4.424014769471258,-2.988543772350529,3.668811312636384,-0.809446208299558,3.974014193437963,4.200105284808402,3.794879742114436,-7.610888192877772,-6.887853033593654,5.157691548092199,9.531955615465421,-2.013166156863608,-9.318679605467317,-6.660604226571611,-0.802517986482838,0.794922268771392,-3.304901314844648,7.652142263842144,-4.657361318151148,-3.407522193614778,-9.665374907325848,9.912444315963363,-5.965368697982107,1.358559128028446,-1.068561115721005,-0.088054468974942,-5.954856855223262,-3.784689128068488,6.589788468570671,3.718095747678250,-8.908463502333749,-5.189458254022760,-7.746556258075232,-9.835621382821930,8.870104088953426,6.405170590584589,-1.244360075283630,5.973506930342431,-4.369753752156774,-1.952417034593735,-7.794459795309208,-3.284814097685813,5.581298212344169,8.075368176352026,2.328806013256484,-5.034471308779926,0.139843525664860,2.114773312444491,7.751171295790321,-5.584781527044078,-6.212055779633994,1.995053842576947,-9.554899700129834,0.638049315574065,-2.161717982035125,-0.436173154977883,0.978017724047080,6.777786951078653,-5.411095011605247,0.546644952975143,3.217639931524484,7.167522682462952,-6.551319765835091,5.480587286892824,-0.825420694663098,7.516560343701943,9.736029261073803,1.433737557793602,-6.035413714141457,5.217881976845577,-3.908676105664575,0.578582119009710,0.069727497968531,-2.906612352820927,7.583568229591201,1.083105446485924,1.349440465263626,2.258460028853534,-4.561073221719920,-9.269717435507497,-9.934836282292386,0.137071510524109,8.609433481462627,-5.351483320405062,5.300454931993752,-1.453040315637050,7.639664287193092,5.356547234869627,-3.036792566140829,5.985523495174546,-4.855444511785278,3.180640767279431,-2.007992406152597,-0.287605635727724,1.985016150990313,9.279165255961878,6.084292609830477,5.502075969495870,1.938388213073212,-1.792437854296116,3.283312665730271,5.680192473931243,1.712193321516001,1.525207235548882,7.578704616574601,-7.661781844543789
0.559670078658023,-2.212456444753295,-0.568435772079454,3.120638133994406,0.285553104780583,-5.872906153503847,-7.845275641008707,7.770172760107485,1.517490380937833,-6.785482725891412,-7.080594112970068,-2.333896946100125,7.973108674699144,-3.656529787513760,-8.659550772014653,0.481245056932817,7.403539481101319,8.599142548518763,-0.555965706639988,-9.773592591668031,3.315806972340109,7.186348779653962,-0.355109531644199,-1.599405770100720,7.775888620792944,-7.986941176196893,8.615290794792898,-3.241909950010928,-6.391013779291002,6.723620941510791,2.549533482211796,8.021895385629133,-3.241898120220723,3.775171295305274,-7.443665814236931,3.023545611866499,-8.225810772447034,-8.616796049009050,-8.565141074319280,6.963379186373963,-7.461927174834129,4.754790636098098,-6.777885975828180,1.337636899302320,1.444169550898861,1.040511403917193,-7.837264718359860,-2.373799588993100,-0.944796846958639,7.493074640147654,0.772860612447925,8.461564893453136,-0.368730819594198,5.949623116477930,-3.607815707166823,-3.064906473585529,-7.748090337075211,6.368914690824298,0.159929609160033,-2.755519635810080,3.010254096919569,3.378113038142201,8.499682181508529,-0.069594813378540,5.146703581433661,8.020931666038507,6.016028065891309,-9.510253444859762,-6.933158905960859,-5.374031532233872,-2.618347811796671,-3.234737156624618,9.986378793003638,0.620751098844689,-2.409688414014123,6.570847531182590,2.366948626107853,-0.419392250363309,-9.405351449298738,-2.367154503532129,-5.358227581116859,-3.407608081299196,8.966684399324819,3.003191929043629,-4.403613340927111,2.248292295126555,6.258457315841554,-0.558928375364399,6.725878813339921,-4.141934923168941,-9.359878497359471,-1.897269802637991,3.179285112581171,0.349667276132159,7.161824600896168,5.179614221519850,-5.305454164278983,-8.740873221710142,2.175221278306996,-8.716178574425653,-6.642403013581100,-0.282506770364295,4.852294378595353,-0.146991741533554,9.960354696761943,8.356145213941542,-8.150588181141902,6.098925573972274,-6.256002064017796,7.173769293375450,-4.860732166523841,3.934877576811783,-0.108941713868065,5.103016992521031,-4.386050526762844,1.786123460504045,6.020025845836955,5.311096851861247,3.367093597959476,5.243161238564902,-9.152255524316148,2.262111654723395,-0.602526501867420,-9.789695346651756,7.203181097599543,-7.526632256052599,6.021874280067991,-6.541356808487353,-9.167930747932346,1.541901065433411,-5.664416584207599,8.592236825231836,2.668273835555134,-0.906543018117150,0.456385480411047,7.071699011561524,-3.023166640131992,-3.687824548721932,-5.270692102984185,-9.249135417264602,-9.250305473362276,-5.906474540925419,4.424642569144799,4.795349740553592,6.846557495639228,8.441510990537143,8.934337205450316,-6.836708479042743,5.720336544520123,0.048257864185647,-2.730403100855092,-1.420651846294934,-1.711416290039601,7.224587695654726,3.626935644227432,4.666317021076924,1.165461512486594,8.053755315953989,5.774844319614649,3.037965800553950,-6.305344652464029,2.520700257307425,4.884590609150528,0.342838374798438,-6.708515826030768,9.495675945042581,8.871395457512477,-6.685443635533415,6.893734673787371,8.117411520390267,7.081446120514659,6.437876211813396,1.804271356938141,1.300036993224783,7.580571469255212
-5.115821779980541,9.293832634551691,4.187553223346637,3.552759613760861,9.641821361739080,-0.340949231366874,-9.408755665756734,-1.943538325313646,0.468586984880520,9.178746103267052,4.752181072215453,-0.747504267039751,7.949819400860349,9.592148820296032,-8.521257653940062,2.303965595817747,-7.899341997967710,7.886369316773369,-9.186564518549510,-6.181798701323277,-1.895698358564212,6.904794347487304,3.374153896982765,1.340632201757748,-4.862156244801157,4.982447711364999,3.676899498667275,9.478137116949032,-0.684017098047814,-2.803845470796775,-6.305027715247185,-7.290919277998738,3.127444951833937,6.572736713500046,-3.692838292436955,-1.567852155909664,-0.756762944722340,-2.945912382811353,1.961402968075788,1.791748531651052,-1.664639528103926,-0.908171264235502,7.827060478003098,6.587228243633191,-8.145075266549927,3.724085557949277,-5.141001586338456,2.495853234028932,4.746814797424122,-2.092119011870559,6.867807504148111,-3.608965359516947,-8.909491279833428,-0.679090802781722,-9.589174151266320,-0.671292085664883,-3.168933408204762,-7.016684581602480,-8.936030826847809,4.459563126491608,-4.671019085122746,-6.291906353593220,2.220420402678716,1.471716177574031,8.243824367646233,-5.120636579339200,-5.420893893386243,-1.930745378900557,3.665729937803793,-9.866485403615977,9.546587585704728,0.217606132344635,-3.261142046970294,-7.654825404134177,1.450204300338232,-6.717479279483856,2.080498460520715,-9.952667973526870,8.782734800695053,2.086532366638668,-3.898616148891278,3.621745081148065,3.546599137584462,-1.550171975317106,-3.012874170044508,-5.306070589474688,9.635911623200872,-5.886876776837193,-9.631664225153324,4.613122966310193,3.457741574707613,-8.734955101863729,3.234251163114219,7.973696475499178,-8.607026217263257,-1.918701389833050,-1.865536067482124,-7.479648161411747,1.742911348778751,0.372405150346449,4.681127694121718,-8.827878906193142,4.175261938885289,-1.378017001003544,2.466627942872435,4.243723000066451,-5.357878850952094,-3.233318582751725,-3.847478804445188,-1.651989954771196,-6.831195149589135,0.088668532366700,-5.240351546322646,2.028274573425865,2.944595589536455,9.333844878354554,3.256337982012571,0.789517222999223,-4.040589846246010,6.200917465125716,8.485955507628237,7.514101542027596,6.610954648699835,6.189007164991494,8.148463532933448,4.809482565908937,-7.122201218306820,8.023005569066829,1.814814476893847,-3.363433124130912,5.876861965035488,-6.133573460124602,8.870507391042196,6.386016498781480,4.685738919207710,-4.619934238952624,7.270161755279108,4.738324800668334,7.871736920223338,-3.083047131610535,0.884022008547182,-9.060842506346257,0.491458641156486,-3.896690145176338,1.566226340911971,-3.688822272028231,8.065242215747574,4.060132337186509,-9.303359029348272,-0.140649456309559,-5.056238219675664,8.419894231306003,3.158699625473496,7.377226737645646,5.453635218375192,3.303130517835553,5.821036984249837,-7.580941788840045,-1.652337647926688,-4.453323326660426,-4.361430487778943,5.412044595006527,0.389019837446389,-2.464283297532139,-9.892084954484625,5.453288954700778,-4.751129690550133,4.651645389137995,-8.713286909191275,4.047487117819809,6.825741738232310,-5.746211055103103,-8.900787925241536,-0.987329974110265,-0.459545764296330
2.855671437168375,8.454300064848013,0.034239073260569,-2.395792136742156,4.458622436653446,7.140859881760665,0.553935629269958,3.444320540186274,-3.697398466719379,0.284408054603663,-7.375953902133716,-2.428558583566911,0.333522907527513,-1.967009648608993,-7.879195165160990,8.967880538810157,-8.692342531650318,-2.594526675893807,0.783502129788102,5.859459485828678,2.177617862586105,-6.446419632857589,0.629869273490595,-2.191198359170059,4.923713250846991,-2.866785952038517,0.836936117612614,-8.036707772617822,5.065403067639966,4.199881584003204,-9.723306310636739,1.479102691881540,-8.157646723803154,-1.454803303770804,4.644972541766393,-2.786727269627036,3.102284776464510,6.381785071903757,-9.894459111713017,3.754520303013189,1.041640174222609,2.132436238499757,5.214090191651866,-1.879651544021959,2.305012840061536,-2.825996780662045,1.416963098294685,-6.959974325696860,4.961229571687923,5.316090037152746,-5.024091574513301,7.561894274354362,3.297162274783954,0.206596713960398,5.026571546875713,9.395701517317008,3.664355233247766,6.932033364594396,-0.097856530914832,3.445889004396395,-5.028549263817759,7.758129316071575,9.934382756928038,-6.932746524944906,-7.957314357377880,-2.244054861595148,0.953992497546368,0.587266985809077,7.488577833637979,2.327828677339676,4.698310383696032,0.698994863304424,-1.002388208603103,3.220189706557832,-2.311285551097613,-6.560757777388984,6.605181487404167,-6.067571238221761,-3.177206240139895,-5.107802061504378,-8.819518216080418,0.138451157077510,-6.480408402233966,9.001582069905211,0.764251184623584,6.066600636364633,-6.510949193503781,-7.480668236600996,9.772479247348780,-6.863480620287794,6.117442869850994,-2.816391135657730,-3.100633538093804,-7.518025088032902,-3.849619020680137,-6.305918121033378,-7.275517924237129,0.704588371987469,-5.437500480294782,6.392979759548425,8.934998142066604,3.350326940623241,4.577881891760715,8.238397564930935,3.921558440164395,3.701241715696250,9.072304495388881,-6.423869554108952,1.911421949800847,-1.509677462169440,-1.753476503300455,-4.205914509889763,8.265352384404927,-6.756962590093782,-4.459015205391605,-7.218631839669545,2.037039731110170,3.454727198111254,-9.271553020374379,1.996103593115388,6.186482560121899,8.657832386437338,-8.933799254743409,-0.396935108822463,7.050132783564578,-5.396196774420085,-2.978025054983768,-1.521310707534216,9.294211410242220,5.619413322899616,9.855387467356639,-9.963588927478533,9.786404619610359,-1.780088664289876,-8.475032420951651,0.926893524425736,-2.230272131407897,6.308675464705345,-9.157047738854233,7.716107412518664,-8.784015007479892,-3.660551377260379,3.790647663787210,0.697787918008448,8.225475243908985,3.733426733249139,3.259289206658249,5.889883608905851,-6.820538132994464,-2.782538265344076,3.952746850684587,6.912035648569340,-2.593869307446304,-7.804809500964889,-7.325949516517007,2.327183412232081,4.968873607132986,8.615463606445999,-7.441813783775279,-2.096775693713395,2.413857901800881,-5.295005736906968,7.462563208083314,-7.752352795264168,-7.367896785812627,-0.455509987578601,-1.292164942454605,2.356546982680152,-9.185498360529543,5.811360209568059,1.218967022319696,-4.834881520132049,-2.898237494897449,5.283038655229966,-5.629622767248065
-3.864691862126688,-6.601334000637804,6.406757950124003,7.532970638829191,-6.265760414772914,-6.465365648806669,7.836184755589905,-2.529364023753629,-9.582976977123980,8.072987992089118,8.135014360850388,4.453093642243626,9.965213886316103,-1.112459924404995,-4.780873483124195,5.043704349063674,-4.182785330076295,4.591231978225551,6.283582048566586,-6.641507062212753,1.399443250680427,3.033715722197359,-7.708488484647205,-2.342292631680658,2.247513461071197,2.915130548400469,-6.185706828943129,-9.386704107177525,4.588113899227288,-7.691675263142836,4.788041434545402,0.251985590834652,-3.784993072877314,4.120342752080099,-6.004795254001822,-9.387950522635723,4.322580522548771,4.567347128438627,6.466185947807627,4.796158467982771,3.296878957674663,5.980463353324241,-5.055496180690051,-4.161231347917543,-3.085246190730975,5.814823698442179,-6.863354655237504,6.533482225875751,-0.746022149028921,6.989914191800899,-4.976714453718783,-1.001014273902916,5.415209063450629,9.357197821193271,-9.430472298669629,-9.896217793995060,3.805483531888205,6.969505293833077,-9.102835028662174,-0.875713006577886,7.740215644104197,7.469725805019380,-6.658963865069456,9.430032468967223,5.097855097955330,-5.289320306485044,8.729016885350497,-8.591653299233300,9.992720887844271,-5.223407636500195,-6.985081952755035,-5.298134597592712,5.450727933781604,-8.281090010372107,-5.750195678174315,1.170510626071600,-6.578795194904492,2.253037583090869,-6.473882426157271,-2.111174993661771,-8.702478813372988,5.917482062575409,-9.880564827076050,-2.198227395906008,3.039773060778732,3.657295366345828,2.036222276907742,-3.158464952893580,1.277105321892654,3.278600231128392,-1.511918455870831,-7.435805200582230,-7.899404729807237,0.581565042562319,9.477069092085916,-7.336136673038299,-9.202549517709940,0.208449190970182,8.736713611141251,-3.223310633521268,8.897365461964643,-1.257677477421943,-0.479833338751519,6.905356849687227,4.878320494366355,8.518415313361384,-2.918535641188087,-5.322751831737422,-6.546199333665925,-9.738512132922652,-2.635267279580765,-9.568148595322363,7.566093163229105,-6.488231461521923,-0.960314097797220,-6.117952733472847,9.741615711202350,-7.970194480696124,7.490945049576826,5.607014418083915,-1.278770957199560,5.904192476177695,0.306358367169658,-3.161284881614097,-3.826611194359635,9.308802300585256,-5.775891849416677,3.731976749857795,1.620955301069868,-7.930747922888221,1.482237965776656,-3.156050187401432,-9.021818865956375,-0.931495346076614,-1.627846839853667,-0.527259168087040,4.011904761936663,6.863553276569135,-4.723891693370326,3.889057511884248,-9.864340783236800,7.535126808041429,2.986971403914719,-8.984959493258856,8.604920673998837,8.222329704724913,3.757620903705678,1.288591531999842,-8.262513394023820,-3.415049719895647,6.348481220045350,-2.091716772691483,-4.535832890233933,8.372564342539327,9.958533723146502,4.132127237166753,-3.991611067957528,-8.120667275773933,8.411246922096304,-2.881316342142042,-2.463732662005618,-7.822297299397754,-5.715764512431408,-2.378348616113501,-9.168756805417162,-4.476493918877356,5.705039362035450,-4.902270026717559,-9.023814832835754,-8.820107234467148,-9.285283142396864,3.121286919905470,-6.250685745632101,8.917825781077898,9.653258874599704
1.488361200651420,-3.436772642128716,-8.108250817247500,-2.085017493955172,7.604210422264167,-0.449616576719066,0.834592796693547,8.155176685222752,-6.155916515032906,-6.871932247341109,8.636341486424804,0.606741573735617,8.820379702817693,2.633523535406571,3.824172306105167,-5.030045618369552,-3.133623596953978,1.739303157958014,-5.050511403510383,0.775642818565625,5.123593653123633,0.928966059643621,3.015171575728942,3.419520357487295,-3.182643842726893,3.788142320155032,-7.666492834977346,-8.426990132171944,7.317138394133799,9.513632534540353,-4.841153566232823,-1.932440177953467,-4.867919659519055,0.673543877509957,2.232851272358316,-0.052577285537708,-9.801945875894285,-0.291072458418890,-3.029280633164020,-2.583722671060407,-3.498827537776476,-5.719172179740619,5.861967694620670,-6.749371427504737,-7.114103132053520,6.041841791613834,8.284805787105345,9.102345081177095,8.489620625406410,-7.535689965413157,-3.752428941636423,-2.798697888562527,-7.820808440292188,3.987694736002522,-1.373429940442367,-0.037713334498910,0.248929897780851,-2.609376185522214,6.331988881395930,-1.593419817660726,-0.842533598398447,8.986787475910081,-3.804869521974686,-5.632106277563304,2.157346804475695,6.117550573766142,5.476279954111014,-5.003670486496992,-6.412727425711964,3.725762247998077,-9.970860977003696,-7.588618059969465,-7.649751380430421,5.233663874655761,6.345995189663295,-3.883569034014045,-3.894070106273626,-1.358715413348859,9.181109314798501,0.637264319163961,0.785898995059144,5.377510804142066,7.845462847071833,-3.345515995397155,6.488367648828319,9.881331436553712,6.477601666655385,2.884143120551908,-4.443170100771708,4.992883898643507,1.484283464525882,3.725063792538997,3.557555566727563,2.052629730946531,-4.828941160371514,2.273418589568450,9.473223796717729,9.053575936896340,-6.083325040755594,6.165065061490786,5.983724651609872,-6.657223673644430,-7.694761292744039,3.389117116804474,6.422666404024515,-0.677840921809151,-7.688471756540201,5.759432641245807,-4.995796024324822,5.592355077297249,8.557529732716525,-3.499811042340257,3.806642938031864,-1.769914932715157,-0.045717534076726,-4.158041295121963,-3.466102052192861,7.523217131673860,-1.097078603230894,-8.454003217746099,3.867705824865716,3.826291881371894,6.928115513972692,9.239938505140397,7.188636273741889,1.355976408343997,-1.473412430094012,4.269209284105031,-0.788145960839511,6.658732735243348,4.200440969467856,5.125690696389920,0.329981643327709,5.466127274991127,0.134577553595218,5.165574744511526,9.773934290358572,9.288388295658340,8.604433845523964,7.510965900508335,-1.495496814871807,4.900438226252577,-7.102446067407675,-4.316861978898460,-6.219253415666355,-8.129271888931500,-0.982646399873131,-6.427901770070175,-9.907430720963932,3.386629230256620,1.797012215468243,7.476901192274429,6.642452322286978,4.348056409645269,2.660712464379433,2.796791313782192,-7.836849843683344,-5.991645834981918,3.449383323964096,3.232788644047242,0.440045724243207,-4.090003723150102,2.098586415184139,0.074110183619929,-1.408151312886186,-1.678532146221258,4.714939286787738,-8.970094653505418,5.685912894879587,-7.784408939899363,5.971337500006852,-0.247778297219192,-4.224174677847767,4.098909772233583,1.169478333302155
9.018394399721046,-5.568168873179560,-6.572575993406307,-9.697458707064481,5.029328593428739,-3.346562862449549,-9.981349266745202,8.643927306130308,-7.065785497301844,-8.230527205605174,9.153346587164528,0.249651077984826,4.862199395212132,5.179333379026783,9.512784105293786,-7.672125044799336,9.465626977545472,8.653175767728357,6.527446580237857,6.495348812105060,5.546757484267118,5.347754042063460,9.608121975727116,8.070642995359080,9.883840378367079,-2.775506370943361,-1.117813490544130,-9.381495203564107,-5.567510492162555,-2.629940129161521,9.301976253087879,-4.132349494466339,9.237991132579211,-3.067177921455572,7.091288901087093,7.873680744201355,-9.497208247998515,5.551379814128754,5.161210325404458,-3.159980891305272,-0.293901591590764,-9.363177784690658,4.198078368115571,9.140756231330538,6.510877253132758,-2.018691107747348,-0.150264968617817,-3.018316720750407,1.920161880093428,8.846151662780048,2.664891944106119,7.812316858855262,0.424158547844517,-2.236024697819077,-1.027904625928485,-0.913018963890917,4.944624972638202,8.845094720483321,3.594981068683722,1.975261510483904,4.429574661935526,7.952173294219172,5.370741721013239,3.041334887303238,0.266676395343186,4.990774880248791,-4.325646214073795,-0.982353647635154,2.195618866472909,0.763811236202944,-0.594496037079841,-1.630801483320825,-6.741450603986721,-0.472562915234562,-1.970018067878023,-0.207699530691542,2.630266973893733,-2.830857979642563,1.204353622475855,8.059107017987575,3.012761770003500,1.788846255775219,-9.054717381165000,-9.724785321645031,6.735501432804860,7.972784035853032,7.493081160724721,2.155734983362350,-2.437299331336511,-5.273287923210703,-8.952229588800089,9.631734162470206,7.183315608431869,3.726168624188483,5.779355768734506,0.586000023605717,1.555590720673335,-1.492062114303623,-4.199338859329731,1.685721758564963,9.553538822501121,-3.377983530997268,9.934146330170826,4.993600473143644,-6.422097797471825,7.587660067927111,2.838485286708083,-2.082884658149595,3.125759088225571,-9.136716678491290,8.473300255309173,-4.041441509023782,-0.015809861980795,7.908635947941711,-7.422077238956815,8.738787373709908,-5.335152280863722,7.672242868707549,-4.828115301121878,7.837400112680946,3.537071627442449,5.967996776117431,-6.408330465359320,-1.187710365492361,-8.678805626363497,6.767406077841205,2.847142726795306,-8.641881839605880,3.951536657781396,-9.608944550563427,-0.188944353959169,8.929772096432099,-0.599697783935135,8.837836212142626,-2.712688722122738,-6.269832103453348,-4.219962022968877,-9.592766615026276,-7.891501420374773,-4.843503113195919,-2.501839839414290,8.327104565829217,-9.494374576784621,-9.552838755571020,5.996600164727413,2.283091476783468,-9.675756136208358,-3.357051620984639,6.387040213351955,-8.778956945117660,-1.736998805569534,-7.895911804954543,8.374370717887164,6.249485079360760,9.065013501961960,3.654894346391604,7.532581061249363,5.128696760112035,3.665800709128433,-9.009682740178764,5.961336878171037,7.999950429542700,-3.724003442225374,-5.314667044060160,-3.204450687161318,1.664939928230826,2.926475928103844,-6.136687730551918,-6.491458608342744,1.083181959850926,4.460197655820179,2.996039025156854,-9.515963608546272,0.914696369675561,-7.534852638715082
0.705444891204351,-6.223618464100249,1.713089889365637,-3.979660466828905,-0.893822013373999,8.402145402440816,4.761598426432164,8.901175921046317,-0.171686387831171,9.693518875253282,-2.708892153479399,-8.670855020212752,3.501655836678461,2.497716895932545,-3.781099550612423,-0.095748070551902,-9.498072211219508,-2.998539791770991,3.333122451837218,-7.390890730604573,-9.518069469589133,1.896101845340326,6.007539338088300,-8.419322164648076,0.781674337987631,-0.513625822600872,-1.955617160913921,-3.442355219213431,0.733648927361674,-8.683068709356565,-4.052045174403210,-0.297809542519769,-0.900286367724741,-9.574822759505551,-5.293554530800815,2.417461249853968,-1.567178600964445,-3.267677707499965,-7.638666566880881,-3.897887019954760,-6.769794658339093,-1.458975186120234,5.272542271217432,-7.087716120687135,-9.595448839074123,7.945909645594000,2.858015318487974,-2.906145377729333,6.795056003559459,1.630090669370187,0.072531818607462,6.432079271831899,8.747821538460368,9.574372197170828,-0.205158185062974,-4.192405691976962,6.006353280996294,3.366032274769420,-7.812264556476947,5.452063246521305,-0.082157556606115,-2.726679757483046,-0.478188558971770,-2.584500879832539,1.980791424134212,-4.375373466205192,-0.388891773377512,-5.470609729102596,-0.992229286603092,6.198494811190994,6.227192583429748,8.275129251537440,-1.113741156639499,8.592258419155691,0.332999935916209,-7.030457474758869,5.113536836864691,5.389592361712980,0.223844870875265,-8.234031672087491,5.153596264090394,-8.663455520849524,3.435047952005268,6.360053105224111,7.552433884313604,7.639011633303486,-5.026382555820810,1.694805628197500,-6.965237792063917,-3.293349331640709,5.398010896160979,0.936584820512923,-4.980214849108842,2.217590604682595,0.114858015476759,8.592571776407183,-2.217561810471667,-2.266991573556512,-6.219172845182128,0.211739572458834,-3.416612367663148,2.783667449417775,-8.096255034672330,-7.570483423450767,8.768412803374275,3.919982651566887,0.195169584253335,-7.934099765118341,5.537231282596650,8.160234009174893,-8.997739648516747,-0.109761913338694,3.407975492150870,0.548089833500784,-1.211539116952318,-4.924371901750169,6.416322594585207,0.492121485541135,-7.169714674472272,-5.581694908402984,7.372867464169897,4.567927785941603,-5.928182049539266,-1.377872243213833,-4.962472855844497,1.447918719382331,-2.484228215974027,4.666511186950387,0.717411593040618,4.048094425165294,-4.255648967007149,-2.192284444191004,8.782627971124757,9.547197597099579,-5.594703290383456,5.921392924967668,-4.129996086184232,-9.563743195030812,-4.290653642795810,2.281127005397817,2.831068151957197,5.920128857154198,1.029420553680978,6.307602714420248,-2.285316675594329,6.857758034511477,-9.322229105418385,-0.137129080937150,7.378543468725802,6.024430765128329,-2.262293202854540,-8.090587258635690,-6.383771645703058,-3.532558479280008,-3.019488757849011,-8.964203660139344,-3.663288794571380,-0.498350262710547,2.017967471618183,-6.744084671718711,-9.529057861506251,4.199818492824786,5.779076417978349,9.379964761112383,3.288684292698038,8.735195588804313,-5.521847083484593,9.964885124419762,-8.359595869000858,-1.283017058749415,5.696915755185257,8.490361311500532,2.173669965499084,-5.664620161142510,-1.265073491312167
9.940885099679335,-3.254437589709156,7.902292513901838,-7.597419009389890,4.655068451582149,0.774739693208570,4.169197343457828,4.864079597785304,-5.201203958472700,-2.892705758283592,9.374925493592045,-4.994055645277802,6.598182981158395,1.325022997972285,7.541378250084247,-9.743347590403488,-5.050537187921396,6.117812702344658,9.069586514127469,-5.996667341741930,2.633506290932663,3.109345570573369,5.510644272334634,5.455367674120975,-2.752265835505321,-9.009612739442206,-7.413600078778133,-8.475272928613343,-2.767371256421174,-2.192559431009009,-4.021990078005560,6.707368298358812,-2.548212612704813,6.342370810679764,9.065979198290705,8.840636192699584,4.861723846313295,-6.253146629573763,6.973123208062251,-1.149144092846754,0.257873993717403,7.538243213232178,-8.918960917361630,-0.730774904298144,-0.902131764488663,8.255552915676084,5.924379934235070,5.432849007174379,3.563212048932963,-8.542208046529778,-0.018050501304334,1.577409408533065,-7.199548679153449,-9.837406703234095,-7.552559006697262,0.958029586128035,7.130280672623076,-7.253369569424290,-0.302661402833779,3.123040876856377,-8.147238990796499,-2.485834417420325,5.016027331440121,7.342388602610935,-3.167328090316541,-3.451452678181381,-2.134460314010351,9.644658398561631,8.613702449128841,-1.391905904117412,-1.871407534858385,-4.082529446677552,0.641980176065074,-6.352877004367999,-4.888679776788138,-5.523007945434777,-4.458689592516336,-6.436551038809069,-0.352544452561821,-9.130829505458728,9.416535677594378,-8.256842316772490,0.969341608900187,6.316278596852822,-5.018752442765006,1.400132395048402,6.528728018926980,-5.410585128148549,-7.019678563046170,7.192847751564454,-2.961344401640138,-0.702484701668467,5.943476494541564,0.557603683854600,-6.787931566999665,1.363873537415319,5.360914376062421,-8.561273304406358,8.675283554404100,4.991760346035054,0.311093707271317,-3.549901677602138,0.635740834061098,-6.089113887386195,8.600741650165702,4.706863060193299,4.590797122649183,1.306044271633711,-8.878548133639015,1.839302739099303,-2.163263663525477,-6.521668369005129,1.735208516164617,-6.294016615998697,-7.800836305758134,-0.014937203335670,8.103148168669236,8.566833176745032,8.722218443152979,5.423438903898180,4.680253088676531,-6.727356739959964,-8.038258968847344,-5.023746209120246,0.385819311852121,-3.037510316581313,8.709966402224921,-1.393173248463988,9.060885844966997,-9.577250496732294,-7.493476383676308,7.064217839845185,0.093660536344265,4.939529351547346,-0.139619561609530,2.967308609423611,-8.840624141911391,-6.931220482695018,-1.747963064059359,8.632050280806787,8.741494292228957,-6.216524314583898,-1.563423744079859,8.494867124108755,-1.172128127516995,-8.337543980842870,1.528213957074598,-8.191111491017525,-9.245247759682778,7.948359336323779,1.475986184377390,4.589662731409060,9.954679164701972,0.644705821028413,-2.717172153421428,7.647705234309750,-4.660530395717062,6.108118378997418,0.917752342678199,-0.623044561809614,-2.882732720799535,-3.034296104341334,8.525183862177318,-7.657547873690389,2.785552960258947,-6.531227367988965,0.177559046686625,-9.023905143447115,0.121480741910734,9.172711034685332,-1.484061339909157,0.018074845161680,-9.095566347084795,-9.783773984666659,-2.355749424322429
-9.818559535180560,-0.391611227036041,-1.690705132426928,3.565460510006467,1.139130767375644,8.041858999932089,3.401729221915268,9.963195845264160,6.741096282975690,-9.950817932363714,0.200881909389155,-6.076763553919163,2.783981021397757,1.925619740765384,-2.920206524121003,7.091775593598456,-8.531419938724190,-6.976741276849370,4.315533076332192,-8.629686397118736,-1.681741387067774,8.512076382467576,7.551100760609838,0.614183023900098,8.633475032294800,3.198537700416452,0.693764633565053,-9.782453514972449,-2.634514459460742,-3.332526865370364,-3.020053751496139,-6.118980048720783,2.780528977863192,-1.377126860270522,-6.101476312665064,-8.684394610407328,9.546073138292321,-6.956592987223056,-6.910948406490116,-0.739425779856745,1.705188538489253,-8.844610302669579,8.310734767784133,-3.112365299778399,0.267801930096409,4.863400144442105,3.103546423033398,8.330793023298540,-0.674416309417062,-0.455503896580122,4.316504460694695,9.194084353958555,7.382458496477380,2.999018290581878,-5.050831929458585,2.936234174222090,-0.237264891308895,-3.451705694488556,0.143231118583447,-4.307339070433411,-3.182632032977257,-6.935982987923326,0.649562219518870,-7.479289960873158,7.303721781039332,2.934383928632585,8.541701013257249,-0.725313282216902,-4.530663285693539,1.427932120942138,4.230163135671290,4.973354536379201,9.892006553075607,-3.681162836635858,6.197818416100159,-7.015418984262920,4.043714587587283,6.466448341402241,4.995581992387383,3.188949327852175,-4.107336015445952,-5.638544046305743,-5.954621268198704,-6.335235782183258,0.037474659518701,-6.791791326745507,4.978954177329630,-4.630693375671015,8.082820864219752,-4.283190985313565,6.266930522907810,5.332856248085529,5.034034519992892,-3.983045412953860,-7.276377571607120,8.452922048968873,-6.098792841745873,1.687190659212510,-5.871815783483639,8.486328482923795,-5.312360548598596,5.372274241779827,8.854492050851906,-7.997328044080447,9.130540342732282,3.906402250927572,-0.018859402720071,-8.664637825032218,9.930714046233486,4.537444005667147,3.192325775273197,4.994801874383349,-6.425810882024185,3.668944065130441,4.557390528637551,-6.133082030318406,1.578358524545072,-7.713489403533346,-3.141341353476408,3.348524379602630,-4.674241751997776,6.750521009235825,2.865973355720952,6.210546356905127,2.974311050354810,-4.089574067541433,-5.455754603933835,5.506772803075936,-9.893133033854514,3.170800252091233,-5.900012489476783,-0.603539967298323,-9.177517309627598,5.603035668310003,6.738114531590192,2.967469721770193,9.178661853840694,8.667883875366368,7.549949878831999,9.432028011026702,-8.007050037098589,5.881760765520255,2.582045478679015,8.072100169012920,6.201393474376466,-3.789543343553623,-7.641379062121372,-8.251709144319834,-3.984511176823928,0.505081021598992,-7.538455110087847,0.413582929438716,-3.491835596617041,-3.295517124590899,5.283682063903054,4.052028569802303,-8.379023804737054,8.532184281810274,2.934085467054551,6.197588475874209,-0.332053222109307,0.280501086631485,0.819466325434320,-9.715149971483502,9.020018325756975,6.762083486941300,6.677242222932016,-7.182495015079708,-8.248160923257918,-9.252333946394831,9.328780317838703,-4.581297032815248,0.492974184534225,-5.275559183302992,0.627709847994900
9.365431000183101,5.507051372883133,1.225441844733163,0.921432528629580,-9.079823482812625,-7.080938715789033,-7.650757856891303,-7.462459273810365,4.418957403229168,3.520484698704101,3.348900152782042,-6.212621005561562,-9.987030399815248,6.788100032618569,5.288759738254672,5.811661708544699,0.674789441112509,-5.565341439813015,-6.890263178456435,5.090744482008274,6.483185844272633,4.243686066126848,2.059119831641798,1.994829939473995,-8.697333146450877,-4.013915659628955,-8.231247925407745,9.352513177547657,6.863065517548360,8.997622421806071,3.070426635314917,-7.594679135793163,3.926005656227215,1.167268015140476,6.274666951076739,8.496123828910349,-2.156391466150103,-6.480838530069837,0.365151184506692,-1.184963155563128,6.057979947353370,-9.300212795865473,9.762239757715786,4.816445044375651,-2.105990483125957,-4.021317331711356,6.326732851842124,-6.095090642197367,3.015516444195478,-1.755728529014313,-8.396294948788608,-5.268024982986541,-9.408406266283739,-6.201952814040390,8.852577072459265,9.384277492934579,-9.574605845339491,5.786221275314613,3.966613019298634,-7.810882724681889,9.619108174011092,1.972052098257691,-2.093000767646760,-5.319584425353692,2.643392629946879,-1.607333230297856,-7.252184430610658,-9.785363652232860,-7.532001122341483,-2.197862735178733,8.740259255499033,2.106176154180178,-5.894757690739714,-8.184384663140580,1.837195940345529,4.823086718731407,4.534268509336911,7.528045848277515,-9.949298788373401,-8.744825944108225,7.976749616483964,-1.542978432193285,7.058370203185071,2.725826818109137,0.236871624643264,-7.522522881911875,6.986455036848838,9.178506851556307,4.889291677078978,6.418539615254371,1.143877455289520,-7.704877911499446,-1.606759494586754,-8.840901346122587,-6.751559034789327,3.274931248263158,3.533648657284601,8.683328998936986,-4.216707358342148,-5.944089636742600,-9.435652615055975,-1.336157786500999,-6.522787497282241,-9.274367508939482,-3.836812587352161,-5.074364803952911,4.474126904744560,8.427457485906910,-6.437778911818421,8.432484241766275,4.773797647937281,-1.341323557897795,-3.561201097327520,8.720247332674337,-3.345720209404599,9.269830279097434,-3.006338729890158,0.124980709192590,-2.235465724891208,2.093579067735146,-5.510169789614592,2.999777224861550,-7.609384098528754,-3.446581396293089,-2.909186121514753,4.753007566771954,8.661210423727177,-2.682294485746574,-3.829099039733183,4.091038425258054,7.013212894569467,-0.462048714756174,4.607074964321376,1.045557102364029,5.047037983269469,-5.627537374443714,0.628722591727850,9.160490890251829,-0.172164629172338,8.162542014211979,9.582005556852327,-5.391775497820140,-3.806466022449488,-7.441980667436614,-5.047003239243555,-9.717020577522582,5.902372318798969,5.973664727683264,-7.232423871627875,-3.093921232476282,6.573831931836690,-4.311484319903141,-0.031707635402917,7.512291774339133,4.925390783720793,-7.088494940417258,-4.078775467479627,6.643127261134037,7.796473431435032,-4.532193098559782,-8.045868629281024,1.565628499751915,-8.852201221953852,6.127255729422181,-5.960982534362520,8.215485083162474,3.398698014391750,3.292517923007100,3.816215906852218,0.701962564709566,-9.789533158774127,3.520418706624806,3.839816829594852,5.465381492806564,-7.806990722401128
-8.001277115176794,6.957153920019813,-4.029312460838394,1.075330868031930,1.897016594419089,5.596003751529725,-1.702772149989727,-0.332975007938490,-5.616313302387040,-8.336979615770058,5.821907548817508,-8.906389776618948,7.063983873402780,8.725555588602475,-9.684653735211420,-0.080664039911928,3.347013427007202,9.116608888635557,-7.196457724114344,-2.975022169018837,2.109153282517271,-1.514935059953979,-9.575803068135887,-6.229887585412053,8.431705790999406,8.868538731131395,-4.923581785886997,-4.712785840520834,3.440512146564505,0.023412682095040,-9.003581591301925,-6.070135225783460,0.255022730186809,-1.212450689429668,-8.527455369208937,2.090972571410743,8.485624556029904,-8.043533640636927,-8.460419849846819,4.141300013019908,8.910576200181769,-7.776523007624605,3.873785963495450,7.142379663143156,-1.226830733865969,-7.229141339644891,-4.827178845415309,2.709641616974414,5.625862679018425,-0.996963702279272,2.792932426774028,-4.629933832631023,5.319378647786992,-0.988499818004174,5.692071185766228,6.682567353950756,0.518345444086625,-3.839878774474617,-2.245037868872837,-6.230807675017429,0.294643504430276,-8.391382706043011,3.752784456292236,4.997020549437652,6.991223179610028,-8.173484808769096,5.574984898371248,-7.030161386952722,8.253645346784960,-1.094405012244836,6.315454167756009,-9.300004012559036,-0.815165608021609,-5.336320596007789,5.699046194545360,6.534357091905182,-8.729123845055337,6.586683472838207,4.920191266334648,-9.352273876197337,-6.283945358121268,-6.837196435368278,-8.409731258814794,-3.292144429019785,-6.054933745874431,9.988495851767318,4.947899604189480,-6.819480107638658,-0.851680194106184,-4.946493806179763,-5.366329087176491,-8.273373483228870,-5.215955949283053,2.244069496970475,-9.264140917162031,1.134337690830030,7.374096522769381,8.464723956569543,-0.580744205762635,-9.545837952282506,-7.842157777521274,5.843911261830975,1.211340132186180,2.833086172213481,-4.538382537467398,-2.982688751063014,1.216255261564616,-3.295972347424330,-9.568673614706562,-2.806571947058412,7.680121980424591,-4.099273724444677,-0.892186457725330,-6.252485729249743,-0.576712370846828,-7.750355307888952,0.208833409639324,2.619772938103250,-8.274148012839433,5.088903838247226,3.142583893252644,9.796432896254526,1.608228588906893,-1.003808932753049,4.708248316116670,0.996645186064338,-2.873131927545125,-8.226791883238565,6.885848298428378,6.145276429132739,3.108233783933708,-6.205716345291266,7.255393919700136,9.109611598327692,4.444422203761782,-5.447016135882016,6.330746016662719,-6.154951197138711,6.984223912734258,3.671636228184212,-7.329471706711274,7.886963596113258,-4.035477279913319,-0.439986698287509,6.225468487731408,7.941224881907178,-0.506358991896070,-4.255816480016838,1.933821218618137,-7.878335449164455,3.209286284355588,-2.333982431910138,-5.604567734643142,-2.355966673797781,-4.397949116626019,-9.889428026783989,8.761649637034004,-3.916785209708554,-7.032497428325835,-4.570412628435121,2.783805003480762,-7.355190538490364,5.964156372552443,-3.762269308780926,-4.051634441964234,-2.586174173025190,-3.863623074046378,-5.545256153447027,4.063815501789566,-5.764806313491702,-5.642501386385545,7.533650323359499,-6.303258890757542,-1.191777980897385,7.039964763995457
3.125526875281350,8.522534179539502,1.952816286034228,6.037701103789296,-1.186137078271512,-9.384674665523605,-1.864929374549703,6.428946153614540,-9.045542167085932,3.871219266431389,-0.965190644956834,-4.017264224122076,-6.957464816596579,6.240301553899652,-0.348610450598837,-0.473724290737955,8.554340032943802,-3.278527329733794,-3.736504755887746,0.357187360045344,8.711816668134503,-1.867396759385390,-3.472875303005605,7.763113477783850,-1.891390166235873,2.349536646528044,1.789319854932998,1.257742208331800,9.828523317955810,-5.495904267428944,-0.954436434583720,-9.593489302162508,-0.088967266883209,-4.763728490112391,-3.711786478231049,-6.071880904933764,-5.913454428582472,6.314770150398886,-6.026859910228588,1.453623808937420,3.228891728628717,-4.578408980383124,8.796829200730290,-0.577946885956379,5.632358512082558,-1.774489628739737,-5.707388082419276,4.681255953895649,1.257114079866824,5.602491736246753,-3.378469885721760,-0.135356995701923,9.431613262181095,5.652811916151672,-8.788641396936544,4.629242956179736,5.315957806959998,5.881163264128686,-5.037230416888097,-6.070489299701920,-5.484612753673086,-7.178661311649410,0.012676575018025,7.927818373246403,-4.570230225338974,2.009762226472322,-9.405910694558333,2.641856917826926,6.420364964890119,-5.831824657013693,-3.029133433299458,-8.694232526910660,-8.626641615236322,-2.824718124350857,-6.277068459280373,5.377765402025869,8.323174246144276,-0.206290571507093,7.891631530656387,1.391249175400631,-3.155841365722118,6.932032276324605,-5.643309338559246,6.079754049136426,6.723370283694607,6.565973830474800,-5.006552411124425,0.800113839930596,9.126202061412783,4.406276347221066,-1.793775077350208,-1.239680112809509,-6.279033550115529,-2.789722971493338,5.773567959559756,0.822250760837056,-8.209803092180248,-5.936919601929294,2.898050513269689,-1.540330269963885,0.244198018648499,3.974793683888365,4.982635516899661,-5.781170459176672,5.981641525471723,-9.989039907730197,-1.999977100816746,-8.200759804108277,7.498938171207467,-8.145430388207588,-1.401895042707533,7.168957870010246,0.346348910771022,2.472883007690537,2.843195634796871,-2.197959566883427,8.234737108516658,-4.801932372781474,-1.631811141433312,-0.220858373756041,9.625865024309725,-2.309124827368008,7.390641727901563,4.107130442558876,6.087870169113774,6.401263227314349,-5.413418226215772,-1.311470642953747,-4.338423465270145,9.168618816946282,-4.984358325876799,-2.522815418732575,-0.601664363714459,0.109668657368015,-9.714470758860156,-6.968009429191402,9.330308742505551,2.338798188344622,-5.469485659579661,-3.763100585003281,9.800539521039962,2.351759078038258,-0.172220637144068,-4.076882014887273,7.937321668592009,2.296162502109368,-3.328827568201289,-0.130069871470917,-2.973552760622109,-3.075218922002598,0.264910639838510,6.683812536856124,-3.246886676056866,-6.987400069377312,-6.781986689593826,-6.465272769074158,3.446666714535668,7.881258685771350,3.028616245122066,5.134318978210000,9.280438153932824,7.130498467480603,-6.989607979156760,-0.058981565847402,6.621097960580467,-4.283346035298212,-2.892451402394192,-5.497928917350031,-0.715337899741947,8.184461863184172,3.801846942065282,-1.219522226425738,-7.488037233309432,-9.948765253187675,-6.390109527950454
1.476249492226396,0.180605341160454,-7.523331147683933,2.913643711640098,8.170140578373982,3.987650731257064,-7.611662391892560,-2.656837454534474,-6.459818870975235,-6.048015569260166,-5.932071040699578,7.551764530221416,-3.673242587662051,9.743987598287141,-8.207911635815755,-3.360000091143577,-2.001341581352232,8.478633325855903,1.584228743344529,-5.044064938847230,1.850465864690712,-3.691274144319154,-4.876663418492537,-4.125192047759276,4.619172062892186,1.682888627515398,-7.363733664489221,0.854437475393521,-7.445439968962042,5.402320450286457,9.983564790154318,9.969200595662294,2.691933437332654,4.834223285847038,-5.523263494168171,-6.525857717695338,-2.008550036416525,2.564028225829881,-5.023850448979528,-2.430171832868238,6.391041813564758,-4.951398096533033,-2.620915022691332,9.257310802839733,-0.685544731818904,6.333326408686894,-2.424236371587520,3.546378837728973,-9.813865579695982,-8.520349401684438,-0.029102122181131,9.792650032061690,-0.837675597700589,7.337205958895485,3.167408139653652,-1.784223439643633,-7.211830896062987,-3.959019858851156,7.460005539675649,-7.003152099872474,-9.668991938971283,5.113096205855506,-1.879377691757043,4.410044321296754,-2.692412477732152,7.883025172285183,9.557921653019537,-3.953615836934341,-0.344180271639329,0.759018943615333,2.658349494305824,1.276798054134378,5.898805240416522,3.737150749014642,-8.041889435167221,5.016656117417211,-9.536205336812447,7.579897875667626,0.349278212540941,-6.805391148245299,7.777953871919458,-9.853514997796085,-3.533310577646985,-5.720315530202629,-3.432871221231153,2.758121724617741,-6.343873228821311,-2.614056487131875,6.252856023143160,4.416736636911381,1.487751593993259,-8.915923436137170,3.423269728633828,4.750263941051768,8.013516186413742,-7.865843983138658,2.324762761294931,4.128593313583394,-6.781022372957435,-3.854494213169895,4.609886921070114,0.626737528340445,5.570000945051438,3.938907553408598,-2.417951967482963,7.435606203474251,5.719772408531416,1.997490008292672,-7.208677728678270,1.661137199599857,-6.996199713039011,-5.963168966168222,-7.336958679794348,-9.314331444925394,-3.160734335012990,4.451338200373449,-4.766563202446532,-8.339320233245031,-2.878953450571215,4.278847170103116,-2.582731610788196,-0.406898895513546,-5.237878545018367,8.666263727444882,4.854717687221640,5.134527231552008,5.094452527236230,-3.027976818595388,-0.062678720366382,7.600029812534366,2.800728688304648,-0.914752522240146,4.750424155336294,9.926646256379293,7.112614346336780,9.080971297683941,-5.649581977745209,0.025066636230669,9.678887567014652,4.280170756529566,-0.935616624670381,-6.331195521800888,-3.849955225259862,2.127249826115587,-4.603405406547349,-3.657815204752666,0.579412555237205,-8.612032792819297,-4.423814435145140,-3.470955597543162,-3.972699562503426,2.900552406282566,6.454920686026657,3.073600631183815,-3.343732146001647,-8.366973838020378,7.936656474607680,2.903754844955412,-8.815517812608803,-9.458675734959405,0.301718379305452,-5.953071295452661,-6.536436056168061,6.709868514283620,3.557123819928663,-4.533224685191821,1.190266438998506,9.501832178673684,5.429793996616736,-3.329346231438556,4.136612644401556,1.144691718642775,8.306049401094576,-3.708516656043410,1.471493959508177
7.953818894482762,-5.755001180872972,1.891043038507831,-8.797592244192490,6.717464526012563,8.494884577050140,8.581486288350302,5.772136448713177,8.540901534962316,-1.479525389119814,5.086598692977525,1.444165996381523,4.203658213075565,9.967273035185826,-0.831114548005331,-3.129438407534377,6.322004026181986,5.204683325339941,0.300806906776856,9.174274152815862,-2.681678648883379,-9.857986859104740,-0.342821542377864,-4.518646513826868,6.805376746515652,4.690062594382020,9.147362692171686,-7.350126971453395,5.483808341419312,0.569085868744317,5.743658396523708,-6.870688915827683,5.716513172941651,5.513456235566172,8.952163631400367,0.382645477348332,2.766298529017932,-2.726460318280923,4.861642237153998,3.782396211068297,-5.709137660408501,1.542653829189049,-8.333957568042996,6.851559436702367,3.957190627519312,0.717064086434888,9.089152050538601,-5.864325625467927,4.516162817362474,-7.830660524023390,7.304438375267544,3.049829327792871,3.935140555409264,-6.801442863000200,5.902361106565417,-5.889047654627426,-9.888295537276374,-8.799173959238951,-1.684607448340183,-9.007237994297800,5.135917264272077,3.955615736290186,-4.056164735477765,8.694235647670713,9.638201438142861,-5.569958133087614,5.777350868865426,6.429506134593606,5.600566614397948,-2.111115469646647,9.383781991949650,4.057104273260952,-3.601604522979855,-5.740511616737756,7.139694041171985,-3.075376878637261,-4.238598856603957,-8.073079673158670,5.365340193535769,1.028060607503312,-6.590996553084438,1.287629199811553,-9.688592043637122,9.772292731303732,1.055806295489965,2.373450929704362,-0.595478649471239,-8.615549227995860,-9.019747935261041,8.697351193673100,4.273486503794754,7.507183380870398,-9.546201220781427,-1.318216157049703,-9.582681314503574,-9.830580715977941,6.966556372652420,-3.102746361605950,3.855503385767584,-0.523681740005333,-0.149660973471196,-2.566076535307755,-2.004495726590642,3.841233946111400,8.693733837754106,-0.649922011165923,-0.984629640951738,1.928272803011517,3.164520128077466,2.737277915358703,-4.390786913880720,8.590955328810686,3.528064088684070,3.503304691693195,4.558980676478100,9.582933075133941,-4.043440458179250,3.032084388115731,6.576303177773315,-7.894551674414030,5.471353478738628,-2.099764239904836,-5.173087890439600,-8.227702815821088,7.651558999247776,0.828745371182080,-2.119406041081611,4.844734778757031,-8.747301246480834,-6.137017387741215,-4.504847377825092,1.791434042376626,-9.308963590407473,-6.131166044544997,-2.985543665033569,-6.556147083076769,-4.123058693723591,-4.904718278762099,-8.603217999337915,3.323780988685810,-3.302229351307528,5.843766373913864,-8.847491766649419,4.674836261562707,4.811035856967308,5.293059768022786,-7.690832837440960,-8.993536815202468,-7.027722496228539,-6.018822697800692,4.967339500649278,-5.441140148497706,-6.511112785833104,0.017164845559671,9.411684825933605,0.541474829697140,-2.080457586156282,-3.008883975026599,-3.355288405219543,5.566619126655803,3.552743182723022,6.107073132608527,0.445638001534071,-2.145417596622890,2.080216237756014,5.568032532872220,3.325189694282493,9.799216457631360,-0.124668145848506,-5.689157577636990,1.070444247192924,-8.775940404773712,7.252339434580378,-3.122158398729442,9.142216086726883
-3.685457489199311,-3.424051441236722,-1.142979053953786,-1.940977918901808,5.862255757594246,-8.751543483664930,3.799457842116629,-5.472988410711263,-6.205177609661606,0.886281615659287,-1.929277883761134,0.570477112149554,-3.774892758483319,-2.544402825538478,4.573827589664770,-3.266610801707714,-4.074589592429709,8.376016059243440,-0.394786608253826,-7.533037237137766,3.757113802780999,-0.722176282580369,-3.514779156020865,-4.596464135808242,1.816767759159276,-6.389206723512208,-8.717016855853707,-8.588194561393514,1.940159089861488,6.803265393643411,-8.548724320144135,-9.818853928807769,-7.748376605387679,6.505076525385146,5.965214280669196,8.997391129866013,8.508777409812339,-4.722505326518855,7.115368844476947,-6.177000350882283,5.116401038317292,6.567526272792062,-6.845617689826204,-1.852415426859960,0.989371980225297,-1.274084383435543,0.825105397936852,-5.020050879480376,1.992668526356692,-0.661184119467391,6.420145578010263,6.297661516432889,-4.336599343105762,-3.318245386468119,-0.416883980528041,-1.164523494159795,1.289904212775465,-9.817535296945499,2.093735905449307,4.972080875846332,-1.323637869697009,-5.340846527438632,1.693589486001857,-4.579175457233903,8.409440532408777,-0.177817690755388,-8.218303138640596,0.735448343847851,-0.231963490128459,-6.032586213795870,-8.796082314869359,-3.232165745679767,8.103421305440268,1.866292864271607,-6.473574644758678,-3.527484275466071,5.588656244972842,2.114136266801573,-4.825318964625911,2.702085752728783,-0.064780571564938,-8.254757040273903,3.264218483155886,-2.498312704357826,-3.020615554181263,0.260606882430155,1.345234282753117,-7.952541631634313,-5.566979004090589,6.420863821954658,-8.933603539771070,0.803220785537571,-9.002310616099436,7.342865206124124,4.811064633571281,-0.442114021111362,-4.334822218949171,2.416860397857739,0.728674578203648,3.825457393332794,-4.594384717337978,9.379583047882800,-7.837055046367341,-8.039696483273968,2.037608534422155,0.849521954003094,7.915948578292731,3.162152196218425,6.665625061824954,-8.153291382053720,5.148613060181958,-4.686877383224884,-1.838513464789596,-8.784846404018774,8.857284819280167,-1.707912259744120,3.110170739780113,-0.138438777895146,7.376885041412901,4.934854763600347,-7.960124944493541,-9.715561722342159,-6.744232691406744,7.401016205591439,-3.671636862547474,7.261535979559991,7.408254083406860,1.437285531029083,2.801586778950927,-3.499163232147493,-3.598146151269415,1.936617534814118,-8.125137134644939,0.216958408228514,-3.779436304397854,4.442402358991417,-4.509492788541605,7.851347170756952,-1.632339770267127,-3.100736592565680,-8.955600129309836,-1.864823241085729,3.769458629902509,6.731896910514784,0.987309867307179,7.502412906579448,2.402962762152374,-3.631694413034703,2.644883389717654,-0.944524946918131,5.010488180478731,4.993933717822994,-2.183138916285657,6.263597992050723,-9.129275364396737,-8.570914972915562,-7.532566675633627,-2.383030499412435,0.870123323217198,0.662123216150670,0.152134897163783,-4.215436583901971,-7.776086011364811,7.865214249653967,-8.235978679969111,-3.605747636723202,-7.018970361569252,-2.460121357065295,3.773307257474546,6.401253725003063,-8.897167127122307,-9.391622939806684,1.278306163154044,0.483777022414703,5.654047541982729
-2.405355539132652,-0.689907832302838,7.302894243843358,-1.324049313137859,6.284562053258959,-1.479697852953928,2.297606797977107,6.727446731316164,3.445813917568772,2.229817813821171,3.278730747389966,8.880887051477732,-7.324333345312295,5.784889345757646,-9.957170138725203,-1.215667403445288,1.957517588434808,3.127833255288785,-1.499046113818995,9.217602565239893,2.536678851603485,-8.814623789337784,-0.341412589833146,1.375517613840371,3.592192719664791,-8.696188013884591,5.848974545081120,3.455533732234811,0.640606545923601,1.920868548165540,-8.962263882873312,-1.406281600314962,8.887187509617043,9.025327812309975,-1.977715729838023,6.191299068829895,-7.904805361915050,7.712566057408729,-9.026593611584611,-7.231714506642288,-2.020506380564315,-9.500594320631636,5.337172070176354,5.711966021587372,-0.404296003262631,-8.884165240498875,3.654988458945772,-7.914658016422401,2.828947599003161,-1.687051183151297,-7.164182550017342,6.604716871053757,-9.210192622582841,-6.790592729537448,-7.720979687699730,5.436094158561616,-3.797208596569225,1.508314603094238,-4.503947311477692,-5.378448317207710,3.863547994151791,8.034539837072842,-8.219030301417781,5.515150722459630,-2.509547740340943,8.725910063522594,-7.905389107301557,4.030641770432908,5.236973471518166,-9.218927138153109,-6.481503314053687,-4.510881484181352,-9.472845025572902,-2.695381818703328,-1.033638179332215,6.859678134918006,2.828682094660859,0.241472099439296,9.818214345896262,3.446585464421958,-0.446118419108537,4.203461619553700,9.455698603728877,6.911451870323106,8.269182351520051,6.716419362119993,-8.794979227800617,-8.976437060912998,6.513456641341950,-2.480143701254283,-5.969913553504405,-3.282621882302932,8.212674516577717,5.167086626730971,-4.980415096258042,-3.667445307185389,7.182162220054721,6.453963689478954,1.995277431612337,-9.723136890094002,2.414290839972967,1.845660682045585,3.024483108108955,-4.431568590361790,9.367189531019079,-4.746079390758120,-2.617223905850638,2.630571572983516,7.151147271496335,-8.618512087446996,-1.734359231777400,-8.276376022362424,2.423489375581616,5.977860239426958,-6.611123443107914,-0.321468327091702,0.282997716517759,-1.580371756212735,9.879929901904330,-8.451147421271163,7.397232755333437,-0.068938099078956,6.011963750278092,9.704252298748557,5.671959622626662,-0.876720205037371,-0.567464760102025,-7.587000738794161,9.057679645586358,-6.801700272292170,4.298933044673799,-8.687621788277070,3.709821272383500,4.626231105599580,-4.604627066231117,0.862281435270802,-7.415317183015466,0.650419744036181,-4.805702480040919,-7.990937271156096,-4.381032736710395,-6.844169152166057,-9.151764633684216,0.754294040227672,-2.895469604482042,2.615493766796458,-5.001626887280082,0.809582884308535,2.049710835782271,-4.135578313189323,0.395804043432102,0.340404336844202,-0.187470279453436,-0.797211093476591,-3.622654288973662,5.128842911064273,-8.790053367633732,-1.629681181411005,-5.337983937013915,-4.575232692755639,2.323715337649347,-4.042525204890836,1.663777962291297,-2.288555125777751,1.027264136117296,2.996292191402507,1.991307422874938,8.784228670501800,5.478393487107034,2.226218447714345,-8.654896020913505,-0.946490123532691,-9.657329061142988,4.937934257119206,7.402877155410707
-5.584430997562839,7.725557439199914,5.830460896758556,9.794996128378468,-0.521356136033029,-5.212763079486473,-4.367348209081876,-2.730619613339109,7.512064778485641,-3.209748670389898,-9.842969431870046,7.021066117757563,4.701132650292962,-8.414880909425499,-4.630815490009972,-0.005140369916097,-3.839188069154846,-0.485263914186723,-8.332424046368374,3.605466619263725,-1.174382461567545,-3.745117659592916,8.583867826298960,-8.030283817539861,-7.893671761285763,0.034319446798685,-6.640244434490246,-2.463676320123643,8.983595988541769,-8.955538690161175,-7.097053460261540,-5.356267890520159,-6.899487706141216,1.610727185287429,1.279778829527958,2.089147910775599,-9.731464801335878,-6.335487628585465,3.416971115655938,9.842484871560174,5.248968867103123,-5.095275449032004,-4.422211164149850,2.138651119097617,-4.582892765433031,-6.707136818503614,5.743895117512842,-6.835709707165599,3.552262330580543,7.442976228881083,6.646425400526709,-3.451770617027671,8.793908342337957,6.679208805828434,3.360644126830834,-2.834817735260902,-0.472000229651346,-6.057303841966650,-6.332446850290621,5.208356394137418,-6.469182051697040,-0.663999847086698,-4.166401932401058,-2.413759876077696,-4.624120052118778,-4.448072385239419,-4.721924293092517,-7.535098787045424,-1.472242379925405,-9.042638936099795,-2.412824179633592,9.897056088535486,-2.083628966364164,-3.943869627372241,5.875786273723374,-4.375938599152473,9.352959915882980,-1.067119383757028,0.107557864416158,-5.115800782736537,0.862470931076695,-2.164403421870460,-7.545226066598268,-8.591380619848426,5.349162787594528,-9.496291986071565,1.829980969278388,-1.539035917034965,-3.928259588326313,-9.514948786141193,-7.761988224400787,-1.929064937637722,-8.445296005909984,-4.107502468666812,-6.659989784176021,-5.126698639270948,-2.235085964944759,7.822148910762177,9.297999107520571,-6.313508709753684,-3.256034602728084,-8.824976463257222,8.553210261548426,-1.628150692981672,6.404899376351224,-1.671948482862584,6.931589411811508,5.023600523779910,-8.147915413548771,1.699284119489150,4.290687696658734,-3.180360622721148,-8.900340948004931,4.721403421136735,9.948940808919712,8.722142746617337,-0.693574648949211,7.997459569260815,-1.578988939309692,8.110453711728670,-8.921409433892313,-5.741730538861074,-3.786449177133868,-2.356295480396939,6.388251856564391,-4.642679846356195,-5.101961257873815,8.290936658734726,-3.873208982660832,4.339775649444736,-6.831270441601164,-3.180187495070061,8.171043292914998,-9.053822452870486,6.200412597105643,-9.443141860292135,-4.386392235754554,-3.279903522373004,-4.832040658664130,9.871227501028503,-3.596272736674653,-9.036783649982386,-8.563094162796927,-8.655930459792852,-7.060874658676632,-7.995582476493121,4.679223665420349,-5.051336615866049,-5.614871753062618,1.488848337294382,-3.248920359223950,0.639216132433644,8.632983011405230,0.372136581209626,6.175960240140732,-2.639832759693405,-0.852367625711604,-0.741341147006050,-0.373081749897120,5.951225211990284,5.833073923966074,-3.813686519403263,-7.543715075250939,-8.884215551793883,-9.719935612106559,1.688945255553600,-2.465253368890473,-9.212187127898737,-6.882365510954724,3.780925431354824,-2.212299818272152,4.181868394015719,7.779954215755943,-5.062944931693460,-0.335155731642523
5.992188909883069,9.957853476155869,-8.838250104364500,6.696111304890614,4.331680672572604,-4.476446239511751,2.374395052032343,1.819185684953318,-5.886997807126672,5.949370565401139,-4.232641656474652,-4.298212645111525,8.415858277401959,-7.262502891905623,7.353796585853306,-5.840000866057055,-7.160711156500669,-7.718142650950406,8.304122698925859,-3.560350756740400,-2.133750679717754,7.936147788243069,-2.891322679281534,4.972366876026280,-1.515818217336239,-3.695836256988628,2.091913473637845,-8.143091054810105,-0.651906357739492,-0.191563005711767,-6.060316995350581,3.196847275731878,-7.525566265838080,-9.007872245613006,8.581030028242981,-2.718878252925183,7.792631755222999,-2.415691067963168,0.303122016972065,-3.738948592232676,3.208334535131552,7.436183284391614,8.528162737840933,-4.442652467361494,2.884047836203386,7.145535436243907,9.451219162990053,9.085822025162404,5.150550948885378,5.161887950976327,-8.497497495257102,-9.253022719670001,9.248592853060931,-1.322544680631481,6.432960884996028,4.091319708510248,3.594816840399664,-1.965896170403877,3.636639760724790,-3.175966014670319,8.259763345268041,4.755558955149972,-8.185728772323465,-2.824603660505964,-8.006459730998559,-2.855703714951328,2.360819292198570,-1.033138958015751,-8.425175696347972,4.223826535642285,9.796679101074652,-9.683236057191877,5.195397436861011,9.913462311941789,-9.009970341157711,5.134476122646143,1.611824170409221,-7.126426948986984,-8.604359562909352,-5.818203177611720,-7.422083219833329,9.356088775926597,5.597066659110016,-6.825437989581246,0.185730389464744,-8.519471952095103,-5.960132108784753,-5.559047125262381,-2.333469913228397,-5.199369507962802,7.442391200629530,-2.455471028060961,-4.214445607116797,-8.569214817239253,-2.579201825199899,0.759865472955788,4.176980257754186,-5.866127230375011,-9.818359580490551,-1.877479133951219,-0.713857966225792,-3.189944054679110,-1.965515479185250,3.536816135124425,3.144875979760794,4.297073021798230,9.752744047870465,1.525409533115180,-9.169761444786387,-5.918685833816664,6.218944938249955,1.390550289284285,2.021669275343335,-9.135109451059648,-5.193903434516434,-0.159607830403605,9.892737374543700,2.384357146973475,1.898078769766594,7.438942092503524,2.259467176248542,0.980674873494273,5.467073755454837,9.017061939098443,-9.332731859111847,7.723119889179987,6.868038480316216,-8.594872089063605,4.730201795263454,7.573550905697118,-4.607049797370106,-9.378080799529780,-3.586899697518580,-1.864676835445477,-2.420915642997150,-3.737544160689077,8.546703960616306,4.910264063104995,4.054996843981002,3.625415448888456,-1.560919966607155,7.410678647751855,9.610542995236838,-2.357908665309627,3.888056261337965,9.152947909892596,3.294395874500031,2.205638561954423,-6.254210314872668,-6.064627214184219,5.730854681866383,-9.184922570634914,-2.381184708104001,4.450803688112901,-6.849629832263318,-5.240068757034089,5.103219536990576,5.141604945840065,6.298313250880206,-0.181912878075599,-2.908695192894760,-6.919195910394818,1.242661933171487,0.696621495966916,-3.494335507731439,8.873804153648223,-4.314762355562538,-8.870825593112174,-2.090480147684692,4.505073994137657,-8.077200914101219,0.034281539339318,-1.270957102578814,8.955868420013612,-9.071372034692862
2.346400132783719,9.586127448815944,3.368113342569103,0.742942016011316,-1.190362081593403,-8.802179915880558,-8.382545605483687,8.672002838865623,9.046698656691589,-5.913943543432028,-5.632799482836369,-9.169486907240149,4.802439152136849,7.168213991614017,2.163309727488326,2.960112061588077,-7.036905126778326,-3.897061583558321,-4.364666992121407,-9.498645997629866,8.519557783111388,-1.326039189181415,1.247765262990939,8.787900559354124,0.958860050674396,-1.173767451532017,-0.068603429272351,4.350032204360923,2.596656347454598,3.346597522764267,3.176228934408618,9.010875192167504,-0.225872816095585,-3.281301722679142,9.017376236048719,1.136854371266780,-4.992378821161414,-6.969513971074333,-6.997865972391097,-4.247651758854552,4.900689899674486,5.986925575858987,4.366902962391270,7.778621208830472,8.218591119916944,-4.854659697795352,7.978565017206513,-4.587683284476718,-0.332361274959350,-6.402526600563315,8.425423454558015,-8.656581384209597,-9.230362264562721,-9.938007791402439,-4.316585510439303,6.402126065492794,1.601450154691404,-5.318397479702099,1.299439629598190,2.657118499178658,6.973589433194501,-4.694434968148419,-7.861925858117202,-4.202802728382369,0.193579182016281,8.184720386501965,3.217520101656309,0.815304441114000,-8.949293714503497,1.110234959510617,2.307223218715768,0.493214224812339,-4.281443731880832,-1.718210868422222,-4.916767524848131,9.026630490580921,7.570843597040451,9.286918408707130,2.162855350603754,-0.818056489091539,3.786606511597510,-1.825525857021201,-4.655945883678873,1.906209352545783,0.360849821307079,-3.717116916655123,5.505045093045865,-8.151626255103292,-0.438696571256461,-5.569352781577415,-3.158000478195464,-8.940889706151436,4.724247042780668,1.878154539942729,7.546289522773620,4.162536395807654,5.558381961271277,1.238840420679468,2.878890594286187,-4.945659243580063,9.094797601818659,-3.976197253840528,9.553555653143857,5.964391396745338,7.680245017871236,4.113908418740863,-6.339492973806564,-0.899749672004882,2.744983813391226,9.878530310388982,-0.451860434023310,9.217416692159322,0.588777433665213,-4.544433502372131,9.417019685211653,-7.198832375094934,-8.161836273447866,5.475956397266760,5.281201897862950,-3.316083761997850,3.526625966766407,2.672090728039789,3.629351616838099,-0.365170446456167,5.609028965110721,7.599701267205621,8.654885645704891,9.983213337258981,-3.789496633130495,3.692426543487748,3.414816468086341,9.001720222244863,6.722564687333399,-6.198558673987574,8.298145759364790,6.341748037374522,-9.212633433520779,-4.968728551154767,-1.857873057323992,-8.698481170202390,-4.526888638229938,-9.695476325829816,1.615664774404305,3.447298672821598,2.030820398641405,6.008844521572108,0.065991971961859,1.204304791365644,7.873892845911456,5.070791390467582,-9.188714091993287,5.218940943536348,-5.504532321130602,-6.573235235497710,-5.717713827011693,6.220982010537817,2.112022136902601,9.313842544854111,-6.832460794149224,-1.152830563013188,-4.444898252400098,-8.584019719959780,-5.394396072787242,-7.191275206833183,-5.755981048569183,2.192001370351797,0.981221517455337,6.582350824415247,1.748447585271975,-5.824552957209004,4.099429115151596,4.870147796427604,8.357281443726329,2.780867371762966,-3.977081135867553
6.769061978170285,-2.255475748903642,2.401724027584169,9.573507605466219,-8.640857893373452,8.752134739277484,6.885229559000134,-8.155644939041238,-8.597342491516674,-2.023517902689164,5.843024275048020,4.790832178070856,-6.445142237518007,-1.856984596222597,-0.022148004266882,9.504064192884897,-5.308647544551612,-5.028112484989640,4.516673494861124,4.285929332456060,7.395082283028682,-9.820606396761519,-6.119451897231025,-8.632892481335531,2.774541622581976,7.771209727999711,-4.216606893264228,-3.344433376352094,-0.066297325278203,9.881624508719213,-0.084108730247136,-5.293314143668550,0.165056539799682,-6.477741658471183,2.919357494951695,1.718624522060487,-4.796482708824305,7.979768013428973,3.804763933491095,-5.667482470926323,4.770555631561873,-9.257527975274563,-0.096884285085977,-9.876287090545402,-5.213531329101675,-5.812406342845269,-8.524655908187363,-9.657273664273420,8.918860636427926,6.757663288836522,-2.408512524197182,-2.076590091414962,1.341919945522944,7.374463907391664,-5.013953355600604,0.749403190810217,-8.217350933587479,6.857479302859911,1.106802686885446,-1.563534921394943,-0.490325081820956,2.183665922591176,7.559282441566371,-5.902816875553589,5.685168207485237,2.355653739641401,-0.424585578227330,-2.056173666225501,-9.343515528241104,9.425746225234562,6.066470305437239,3.346770947494733,5.903246174723240,-1.414527435331880,-0.692579197598683,9.200623476496251,0.441158603885279,-7.850237453000830,-6.389469500372202,-7.552652781558608,9.752208647924597,1.337709818251266,2.744045171489063,3.863158888959727,8.554590133030853,0.213713453767795,-3.478785871238710,2.158878157119421,-2.436555761543618,-1.050929845660743,7.363752933630536,-3.597972652853603,7.670896782979941,3.195810608118002,-7.750111178651120,-0.008783659225307,-3.102124351497856,1.430996335175365,-4.110970273516927,5.300274499802988,-7.627266823111620,-8.522363315419227,-3.092814738230329,-5.619986662052014,5.914790835762279,3.089986740414565,-1.474277917412197,1.945230449968953,-7.483083741790548,-3.176256670962266,-3.121760730627385,5.049459602784543,-9.632865138883012,-5.436016706301634,-0.509424677876584,-5.627842932756215,-9.738635352980836,-4.299815041216646,0.986206195277672,1.434845634951127,-5.629695585594545,-3.955396440251901,-4.354284960465041,-4.765668964674119,-7.130488325939122,4.189671495125173,0.618905428432981,-5.659605392327409,-5.612691120228080,-4.420606019618809,1.681013883902406,6.682371367088720,-3.577905983582815,-9.650610218934425,-6.074124157890330,-9.605681124313929,6.113001984438647,-4.495330825704182,-5.879775116923827,-9.414784176657768,5.084705035890437,-7.541222367900469,-2.451633395918211,-3.542352889036384,4.213054394464939,-5.478739397671148,3.268420210590152,-2.942139268528519,-7.796298702914763,-7.823156252455945,-3.697166920396229,-6.620753539172828,-5.429382506494043,-4.403477756867595,-5.579306392842025,-8.225811516138659,3.458950810877448,-3.998822914760467,0.853345176772679,6.719092341139657,-6.702173985197872,-5.016494851347806,-5.381116393210341,4.206468040192847,0.295723474907417,1.668331578368305,-2.529461249589353,-3.334418562878570,1.896779849545105,2.861626824809075,-8.878319084189382,-6.011910897367086,-1.077260913594538,-9.030456642142346,2.771530633969618
-5.842680542835224,3.368191725072855,7.742319366608491,-5.831002326446885,7.197129872802282,-3.337358528792280,8.371486639989488,1.535471514376074,4.808851231015902,1.447443190747631,4.315661172315007,4.555795747146178,-3.602734424295635,-9.481508386381130,-3.505931341407830,-1.902142440672003,4.821722734063151,-6.667179676656623,-5.505602075072710,-6.678756088807296,1.012703180579939,-2.546743459940339,2.401425832962635,3.974310429749279,-9.668746767168736,8.525450639421877,-2.022410808006567,-5.388536314244257,9.884847978816634,8.291725932800539,3.287478332757541,2.230064137574981,-8.294653839250032,5.422917167893628,5.488108041494275,-7.004348693357663,-2.697993458716090,0.452625643389267,-0.963805548926015,-8.943484061606634,-7.668763409957400,-0.942788740514075,5.089370119925849,1.499584325484076,-4.623042735550696,7.773933428544581,1.892930416838926,5.214774773910754,4.546475996350878,-8.165131141598778,-5.081628643482514,-5.568701805306082,5.083812066088909,-5.948695014508578,-5.838001262156263,2.920637260368256,-8.299288949031506,-8.727740826503039,8.701908287419691,-1.454268646911432,-9.562460660580825,-3.971936979112431,2.963246064213575,-2.579639607711894,3.826666418774540,6.291041062872900,1.846110356512142,9.035962488171219,-5.025328655151986,-9.676706027133244,-8.262650975665331,-4.528087312911482,-6.269167601100404,8.142351142518965,9.278595000804174,9.442596154272717,-8.116628519852938,0.027589151713967,-3.723074287593777,-1.131647339729893,4.702772775626743,0.795676884526884,1.137205727508444,9.309557134340753,-4.089075958266437,5.501856356181452,-4.175165492340689,9.119622385510041,-2.201772377037557,-2.759697641489611,-5.535750534066946,9.949444499270573,9.426008453699513,-2.803639111770131,-2.660902782291474,-1.311346166478206,9.666909617690056,6.779308992267886,-0.609286159172186,-4.081607937312864,-2.010620539370400,-7.073966122657456,8.896230166407783,4.744023409439960,3.609142708645122,-3.148860224007086,3.137259472827541,-5.245770822811049,4.295292413800016,3.230712928234983,-8.977364187881715,-0.370994624304972,-2.430599087683481,-2.525457443857317,4.495072132416931,-1.786884233797139,6.466985643261680,-7.393424859102620,4.621588332346050,-9.081706594637149,6.127824770904052,-9.823461423860412,0.468865233148822,1.103187450895842,8.497440033568711,-0.233592069932270,-7.779708173460936,2.061182543172668,7.169091488941522,-3.310520686381087,5.896309582593403,8.719110607974066,1.402826703473687,-7.220411693416738,2.108566090478561,4.999696041249704,4.346137184841840,-5.428022616080328,2.370922095268407,-8.168354467425338,-5.135075840537072,1.525765572523614,-4.278882466081271,-6.955747196614926,-3.044364739979488,1.197768318082851,-2.566927863563464,4.068171060853004,0.939050228274205,-6.068687495919955,-8.748070480507144,6.416542151619506,-1.390193539957380,9.484176884903562,-2.233757451946516,-1.117251779736065,-8.693378391873354,2.293828860308798,9.221894740466240,2.059827611853455,3.360839774182551,-7.946296365817265,1.994010876583719,9.181776218528157,5.446172030014633,-0.507892631393364,8.928252182683597,-2.300781187257654,-3.393827485489835,9.615864409113733,1.209577448465458,7.352185159325909,4.856790876952884,-3.271305925821927,7.713849190150277
2.590001653515388,2.455963120402805,0.535610588594347,7.463402198895864,-6.114625185763516,-9.438391128754429,2.633720860552309,2.213114860102275,6.644906101857963,5.278234063446270,0.022846848720572,-4.110977555127886,-4.235079843423184,-0.778362269628136,-7.882749498948280,-4.759174323524555,0.504174461825670,-9.778460552959691,9.125044802381627,4.774480033158937,0.341535280688989,0.297336013937393,8.174013004723658,-3.788379071347450,2.098934490021950,0.575159427909668,-0.654965094890962,4.522153497032409,6.712749557479970,9.045154058300767,2.115264554670748,-5.004776391381068,8.068527152558158,7.635911636402732,-0.405117660116019,-1.146632870173260,-3.906266246361110,1.296616566772304,-3.298151339439261,-2.654472584493353,-4.409040716885649,-5.315996358459449,0.045998602697704,-4.967482593083625,6.373565382725591,4.067906082534403,7.564690922060045,3.107409203742195,-0.870759763541436,-5.224277774475459,-2.432055178256740,3.339536508519927,2.500324258874445,-9.310462126662687,-8.559416122965507,-6.113989865949792,-6.165750646928048,-0.341504722898925,4.717900071928707,5.941346580477077,-0.109502906609633,5.976773731249613,-3.773387899258662,-4.554256102657921,-1.952567708133364,-2.012394338576158,-1.024048356726384,-3.815051141290439,0.067314588494209,-1.235994611061122,-1.625995692595581,-0.597915072238465,-7.954234114638212,-4.789215549853347,7.961147644198295,6.566395047553620,-2.971901388851608,8.910496022957773,-0.540572291076982,8.175187931261405,6.945474498485737,-3.961828875946571,2.475296648759924,-4.353885859060698,-4.066736773959951,8.454937474139189,-9.331521186081254,3.652849493794971,1.946169916262775,2.313966191516641,-0.539440786428798,9.035765358855862,-5.096375955413118,0.051176234524132,7.362852610959777,0.434129847770778,0.219003039016725,4.448804572729660,7.001799189238923,7.488823640185991,-9.120883028676507,8.471007559342969,3.044022158179834,8.501611234334320,-9.003724011322278,-2.359443405585417,-9.214313164613745,1.888074913580887,-1.795968809507684,-9.712079957770431,-3.511506416173209,3.034497430168612,6.202434144434537,-5.365154932152938,4.652246614193336,0.806624480359016,3.686388722769259,1.361272554141365,2.712243363663578,7.809727618677407,-2.434194276074604,2.326789807191826,3.062895197046069,-3.743232813245609,-2.116625686273704,2.682531355298238,5.513225072844545,6.224439449646422,-6.406165262048789,-1.770808767306242,5.727744653386361,-9.228991817442862,-4.130478835113718,1.046324219875492,-6.877017928437965,9.806912983447358,7.147320546847190,5.854609401547588,6.417696890513348,5.473721426214242,9.309486296760578,-6.604172114623705,-6.769921526216369,-1.179616186432831,3.482798556839262,0.927706760970409,1.876171961108355,4.274319451452497,4.375168136377244,-5.148772800684592,-7.806547490482901,4.854293002406852,-2.065875960756937,2.289256173852539,2.192187383359380,-0.356991442827589,-3.476251158113877,8.840734340428845,9.980529547134353,6.263693847674990,-4.925618516630205,-9.349899098519215,5.983918377316817,2.660913694398928,-2.634279034986733,-5.358298723808854,-6.639971720749265,0.175174849396933,-5.392395585164369,-3.507083504236082,-8.183957542556996,-1.829330965051669,6.539722597415572,-0.624089309910474,-2.584065789085535
-1.539211722960461,-7.129571485589477,-9.559531761073981,9.034114945450739,-3.543334508808074,6.587905425526674,5.141417776594546,2.513980664421744,-5.595848155316290,-3.666122095957092,7.819275004271869,-4.373878070963975,-3.004082095118767,3.485641642899536,-2.230013515444731,-1.000372567181454,6.107048626969910,7.470446264077125,2.474365611438369,2.009089314772336,5.823749452578245,-1.388438348713496,8.495258126646480,-9.540840534851860,4.795447054999936,0.558173886121693,0.419222043454671,9.396304577004265,8.931956429738918,-9.150253644792709,4.878811402162206,-4.397880458992150,0.790221649877624,2.803535788649986,-6.953437114930161,-2.901259781953383,7.715638320015039,-4.764097527970779,3.220996937647140,-2.602892595320019,5.450956312572552,7.403356666111090,-3.966826823631903,-1.724635443030566,0.882121545332286,8.895199653619979,-8.756366766997939,0.589272949367782,-5.813916580669152,-2.599164505927960,-8.122810626022122,3.743533815674567,9.768969515360823,-5.549710937030303,-2.509978939406759,-8.380127601577328,0.598792709804217,2.668519187363854,-4.486265819162720,2.000482095976734,6.052478523004972,6.267210573596120,-8.377747294054608,-5.863148453343587,-7.102029639731557,3.316888086603102,5.507727462369637,-0.697476558740737,6.756498174566168,9.760294891398580,-9.400684496509177,1.522022021764688,-2.278143847974494,-9.754903694208242,-2.955869512182439,5.529981896353270,0.467814551450349,-6.750782965569395,-2.490799469070462,3.710954961224482,3.164278778551113,1.519744684087970,-2.664677190138067,-5.914693510207147,7.001071877303936,-2.410258805259302,9.593129683214279,5.798779210146174,6.159948516161645,5.996629659741462,-5.263964883594589,-8.324336709480086,-7.737303174096093,-6.067487968573511,6.430295213470011,-1.618625754024414,-8.305704067221562,1.774842165711892,-2.345361379488995,3.894688385634080,-5.998378291697419,7.852754053780032,-3.507587373022536,-3.411028403439989,-5.962444673863969,6.959760640940679,-4.341352497767708,5.727786791233534,1.075864203310392,0.864713611222266,1.110747703134628,-6.235693472221655,-9.485485200817008,-7.619951296691683,0.233878938181478,-4.201920864411751,-0.980965153599014,-9.016175401374353,9.578640057336855,0.339211261292069,-9.074845091348557,7.020940380256345,1.680889432280484,-5.262632561900082,-2.200769275557970,-6.038665135966537,-6.616352332660949,-6.078952111552239,2.782696346776735,-2.528772452409644,1.817468055982797,7.553588745333016,-4.725099494178631,-2.935704931199828,8.448933321289054,-4.547045591852887,0.024561845817633,-6.087647214660022,3.869189007719008,2.622922789439468,-3.820602504136894,0.650239264215601,9.456600119294563,-1.560064689070813,6.578755466114995,0.053301977126738,-2.691205230167652,4.937045702190110,9.974310172264570,-4.983923291033423,-7.969347432838097,5.393248858336987,3.455846663539237,7.860707425091221,2.877727311516029,-2.398109464154700,5.703893285411505,7.917883573381864,-7.046785031730201,-9.218450062090904,9.142305155039509,2.413460159143474,-4.173382110009946,-0.038676640794375,-5.471838369422155,-1.224021737377992,4.562148924016267,5.909240929658138,4.235142486459473,8.666506198924797,-2.433710155281810,4.870547618692056,3.299372096179447,1.900259627296014,2.563638497452169
-6.559998179950921,-6.035657572713909,-8.833947833156145,5.925420957704601,-3.271755872382476,9.892280928448301,3.183659204526133,-0.582079427301498,8.770373290781542,-4.564878948125813,-4.048649620593223,4.898596385821447,-5.264220846894543,5.816250786913697,0.217116616606017,-0.125961259340508,4.181295437583186,2.844777132632029,9.344101268003829,-8.280335814641170,-4.687280787111447,-7.067856196181688,3.710513476915931,6.222278396662560,9.746755422305725,-6.337526400172255,6.966008018993747,-7.943958516883198,6.050805087864543,8.653535843237950,-7.421933073814147,-8.919239715589137,9.120798301873204,7.183858800469693,1.485457683837765,-8.971608916607376,3.509405303169276,-7.026637708244881,2.743561911620493,5.479924472956977,-6.536431101899398,-8.587263654427936,-3.645769950474294,7.647762929885829,-1.511745971848480,-2.939497254835617,-1.298649609636268,-5.441896327208722,0.024914380559455,1.356453463714175,-7.597799215475270,-2.651125126368670,1.195101875530682,8.973222452414397,-8.328415310127324,5.798037886973976,-5.681650195445719,0.747647114080907,-2.737497818399193,1.229858629557157,7.108941462506120,-6.360533678363960,-3.379678583592511,-3.467932656530424,4.464027566825910,-6.346396886894981,7.092775501589252,4.288499127593576,-2.390369587581393,5.162509648293677,1.908959170248099,-4.653376970085672,-9.342963029332111,1.799435458703273,5.628359668574440,7.103150469714326,-4.972103303513908,-5.229863844657126,0.824313336691453,-8.642432723072364,-5.105901784048099,-2.624220432021998,7.729384797969594,3.298084321857637,-2.412146120670915,-0.300500753419435,4.569074296259188,5.600074328685524,8.759994492373391,9.941393165124339,4.587212921754285,-1.106566611647949,1.354622209062171,-2.964606372223639,8.756453870771786,5.127197151047342,7.988244161931547,3.761737891217923,7.882669325560730,-1.444185373992237,7.657564512200949,-5.850247916710812,1.541953763148536,6.127704402458125,-5.473198396286207,-1.780107216287398,-1.423958954151669,8.438624593966917,0.717152169005628,-3.295185079956086,4.178452241206971,9.910008179947546,7.166655738368629,1.291402758793323,1.773993448546250,8.918904612001977,9.595996554851919,-8.942740823606236,7.632730434315324,-1.057616880915624,6.470266469414835,4.310927021146217,7.827047074546375,2.332036882875581,5.166244423423551,-6.124113412147376,0.757213658681158,-0.649179914475496,-1.436122539404007,5.127843608198727,-1.295323893214366,9.942438506553760,-6.298109596647537,-9.326692673337666,-2.357282657366111,9.667365617226345,-2.003239445886706,1.389042440162187,-6.356557696601972,7.199494536585537,2.813500291877386,-7.890144390303170,-4.180720549121524,-0.089145449323755,-3.089266366719952,-8.497861152466211,2.975003684405033,5.349726464390013,0.379028603787702,-3.697685507195445,1.275613582584036,-7.690138590065258,2.881529447448660,-1.315140278701012,6.735170563179580,8.498439687094152,-7.897480404733543,4.925550162608726,-6.000623114241499,7.008421387537041,6.169232168695423,-1.584975543837746,7.266226480886125,-1.741361998462260,-1.523237701734033,5.716283943748607,8.211143980528842,5.719154104246876,4.571781334377258,-3.407567469690922,-0.464342411779059,9.713125888395307,9.214913598775677,9.545431593976776,1.904129770374629
1.895840606830435,8.682442616172136,2.923613272153707,-6.615063652278803,-4.417658403245532,-0.262925966485966,9.461056110772478,-0.766702277271552,-0.197395630023401,1.518404673361998,0.549992208707513,-9.036079336903388,-9.135463711587375,-5.682732376369922,3.278913029119941,-8.480996860184330,-9.119977319172630,1.160853810882909,-6.765598475155099,-5.903886851100633,-9.116316955881603,-6.161756988854084,-9.239625620898142,3.799570861521858,-8.005896944501742,4.132848611616943,2.007712449582503,-4.030360570976896,-8.115973940290889,-7.356822317012011,3.735914498455752,4.999272787530682,-2.632878431949748,-4.426175259423914,1.281523098628519,5.620699973177281,3.164503493594390,1.540239665124712,2.696082663770401,-0.170669570235857,-2.362661032036382,8.785045471066873,-7.685031309009358,6.268799968898364,-0.067123615750734,4.808790602812628,-9.071280689154959,-7.656659735450136,6.850933625899170,-6.446603791560683,-0.904188303926556,-3.359745303817934,-7.128921118245747,-3.388945322059548,-8.738395792248109,-7.939707358113283,2.339246927706125,2.419052685922198,9.150452363278990,3.021188973327760,3.767548091253200,4.029375837305341,8.547969801929042,2.576341210822921,5.492544788188280,5.033195160286843,6.068640045008124,-6.678529268871780,2.285139815279697,-1.781289456637483,-0.661821202995396,-2.174772868483648,-3.538600542385238,-6.738506329713781,7.371437148651857,8.355561127501364,2.382751970838139,3.131561974416211,1.002756019810775,2.578405034410274,-9.899906024127553,-8.926162358090677,-7.739343469466904,-9.041136662005959,8.576704871034874,-0.325286160357132,2.907323134681580,-2.035116118573558,-7.398960273083556,-8.264082750107464,7.177019566604265,2.232444663665289,-4.651887873340026,-6.875488387744372,-4.168170467823393,1.815350268169347,-9.273396577328743,6.650118142497167,-5.345181512545762,0.984703542038677,-6.674996454131586,6.735165581276085,-9.437031569173879,-0.502219838019816,9.998185535458369,1.355537080713560,-4.870175780343082,3.880674884958514,-4.665620016730998,-9.909180925927926,8.753500057467619,-3.662220326484713,-2.980096340407710,9.618189732875646,-5.524146249893313,-7.997911821629724,-4.508142177130852,-4.319843618728399,-3.232823094943431,9.595067329520401,-6.354136337101444,-8.271805208363963,2.527603896133561,-8.696545228405148,7.513469844994972,6.590412591309793,9.187494276481324,-9.389825743466071,-2.849508843131021,5.040964129902147,9.754300583281452,3.556140415485871,-3.780284611382163,8.308637464783928,-9.199832146525855,-7.459045566594396,4.050712590007041,-9.303452909692076,6.528167706285529,0.416239033816904,-6.032894891501670,-8.762379297348682,-1.073013557124046,8.513656399574987,0.894466133752710,1.179545828002155,8.404866303186115,-7.063603045963398,3.811754420021021,-1.221634819504585,-5.957381500283729,1.571525299552670,-7.552149172842253,-2.982454617463953,5.945891253086756,6.426833255076978,8.731450269156621,3.179139295324795,-9.812780187014416,7.171128774096928,5.622016212333458,-5.292010606790241,1.615162883532513,0.269358542607298,-1.115013317265811,9.987412585414980,-5.126545404103071,-0.742891418430693,4.943565407767959,-8.583197912898434,4.295660095547076,-7.385558837415747,-3.427589196605140,-8.562737127717639,5.158615687116297
-0.380059235684307,-2.534954610973566,1.859248452243712,-0.719081042762532,0.282234698038980,4.336436020870966,-4.819603477982577,3.993863527387234,-3.746259727060439,4.079886748238781,6.723641882533130,-7.199732840834391,4.529963782624133,-5.314305010486963,-2.547925668937891,-5.479317156664269,-2.537347844859028,5.198968408640459,3.120972113834066,2.627420988298638,-5.182309549033541,-6.672795338939601,-3.863306119470764,7.220257549483616,-4.268673678533408,8.979307027303555,-2.935959405851905,-7.732925428621915,8.064542790609167,-7.695711803765660,-9.837904888321010,9.744336195932696,9.718073649619658,8.392091150189600,2.979068310380040,-2.338508223914035,3.498888777359458,-4.000861571772846,-6.728735130929273,8.494434510625155,-6.197093178943738,-4.057255441872403,-3.455185186642868,5.516731384486913,8.328939442945938,-7.427176976590124,8.290688160100324,5.699848572279931,4.257735602455968,-7.091535307344616,-7.071745557777454,-2.033440974350298,4.190071870232842,-5.478468296577668,4.171020880924791,5.039884902201667,-8.529861677847954,-9.423382476847879,1.677299774181225,-1.484917628454898,5.500670641005138,-5.060696093114414,6.467038305685339,-2.217065653601913,-6.707996315517608,1.802345062438134,0.234066655029114,8.661297975311033,-3.023419654834248,1.044575457971401,2.438284602567995,5.445326532798680,-8.751592889421095,-2.118897755574125,-1.649722357856906,9.913204908869623,1.872011994513670,-2.802831076651595,-7.357427077685696,8.884697417615858,-0.831659257756534,-0.915391653554130,-2.067911860100113,-7.725488529964785,8.537139119666971,5.025540543225976,-0.815229359624167,-7.694550781557481,7.660402901701428,-9.086544117105447,-5.177409544555780,3.480947532234815,5.119876137817506,1.746595099319508,-4.694283494832465,-3.518714771370981,8.152029673557582,-6.793244738008781,-6.351258724598661,-2.346774094999924,-0.795345135589479,6.104129034580414,-9.928461562090746,-7.256365828216285,6.658707015174620,9.163751899838278,-7.564496920800652,-7.600233993485237,-2.730633554133826,-8.977029700975262,-2.696983222225704,-9.945897956816047,-8.375445304687377,-4.507448582572042,-0.814851891030205,-8.896250253918268,-6.866595929032671,-5.867258055532465,1.764127907311451,-5.332481191671556,-5.831568529952424,-6.919647297310636,-6.953158357349231,-9.761380179773191,5.844567181453922,3.215267953051503,7.528904723329045,-4.200447526689342,-1.373442173293856,-8.232296716447593,-0.517890407704380,-8.943107116608433,-0.035364928156380,-9.861422017810654,-6.024752232856814,4.630277238888532,-1.248112589718914,-7.066984835917250,9.185287638733296,1.353683287819155,1.235368730838056,9.028098356633084,-8.070162068697202,6.284985887505808,6.492849247036702,-9.512552181863885,-4.929244143194740,-4.731402977178574,6.955218439579745,-6.408831845411529,1.889164882533844,7.741488610318932,8.390312205499061,-3.351805383563569,9.031768714142878,-4.454320615827725,-3.771539740626553,4.563166590494736,-1.251277911842783,-1.011629161147914,-5.244821456757243,5.356778359378485,8.145959879021330,1.894122342733436,-2.797623547801020,6.533050657698464,2.553836461390480,-0.692057513378012,4.539385026799065,-2.029598679633146,1.514798322869568,9.101795403581271,2.014612699107911,7.287494730386882,-3.672128624936670
9.944416148612493,-1.972936020952762,-2.449992719354769,-8.300514964318230,-3.395283301616956,-1.511473833552522,8.805619783184902,1.118744792041653,5.808504002834901,9.110882250518411,-2.902875963574356,7.894637508590016,1.847681636494961,2.372802352954812,0.301177167116183,0.598202722800341,-1.703091645030149,-7.520514817633766,-8.775671816348991,4.499581310468489,8.417499539712200,-2.209126938806396,3.213499693760284,-4.916152593993345,3.640896592918129,-1.129249590525474,8.519491515445658,5.925892044525856,-6.105800397902450,-9.472196027176734,9.271494649003827,5.207422189315484,9.959694244979069,3.311266569294313,-7.506868355161799,-5.237404222038979,-7.780805747347131,0.715624594593082,-1.255811409635253,8.467751663407427,0.811331454734203,3.975659096285382,-4.979593247359986,-4.994308342464513,7.249021329932035,-4.188276257159576,-5.458576914971156,-7.892679760337153,-1.279925521708412,7.163077327936197,-9.670984150000383,-2.742928996962695,3.506701909534804,-1.898280527861205,7.414964103973791,-5.002353817693215,-8.604925247238409,-9.077215092669313,-2.678596724801332,7.817401072643882,-3.546068759763932,-8.802136058784127,-6.011333111819523,2.142690654156272,2.852001467757637,3.342715951936972,-4.231393071425762,9.920172592415323,3.205658513306076,7.892201748133310,-9.801985297302116,-2.626709783934585,-7.917785881639556,-0.137020717408376,-6.126224640271500,5.395083494073447,8.983513611381394,-3.441576948369938,2.204788369690291,9.907123450218446,-7.078003164136392,-7.759802531972301,2.474642380223477,3.420585501860444,3.834681013534237,4.476550449152159,0.683833284546690,3.257507619873712,-7.501438394331132,4.881852983962183,1.159887326424338,9.983352864355194,-3.391153754191425,6.756213007285744,8.676605644212543,0.423646251661458,-4.422735848330115,9.601437130107321,-4.487220607423321,3.817068154729244,4.148031120868861,1.242558583949043,4.187359928584149,-9.519489944175266,1.362998062223443,5.608051463438876,9.196004042294838,7.562590378317442,-7.672110872252780,-3.138115189447679,0.975415357127321,-9.888914683268428,9.880603956085977,-1.097228404056194,5.968163468051564,1.890821054569766,-3.551003825502885,3.568738174640796,5.929115459540091,-5.534382542810921,5.893790609038634,1.901793244436396,-9.757860663157468,3.574215463019934,-9.023707224391391,-1.827994406313751,4.294587876988203,-1.246029922985839,-2.439733391350600,5.061285285614048,-7.067130732775895,0.635058848689463,1.792551557894026,-9.663602912111291,-0.007567140191023,5.581429398013018,-9.773612147174491,2.948946339229877,-0.120544922996888,-9.760389226373093,-2.833703730163151,-1.878825881318853,-4.541026017085546,-5.458797704488083,2.295899737882145,-1.575805298282786,-0.060731155975276,3.383699386442952,8.870981319642759,2.821636421070471,-2.773977947829729,7.341613134778818,-7.406766148217175,-7.061803079141688,3.054050951200484,-5.105015006995535,3.023649246219835,-5.550410432174417,-8.715574821995514,0.771957321900228,1.382443345629980,-6.069858460106481,4.670184598366337,-0.905444932857570,-1.769203018309089,-7.236452480555022,0.973454668162541,-1.765610969712725,4.025788717205117,6.806706146714539,-5.054718825744489,2.164073041783979,-2.005197011543074,6.142251200086491,4.344655910467770
3.254147343410452,3.632957591610770,-0.573277694758268,4.711937344383736,-7.272390782019809,-6.681232863047564,-0.901750572329998,5.299429675444085,-4.682932776515976,-6.478373398361943,0.857049444171093,2.257939971213869,5.081668782529880,8.683333594050655,-0.791556841459002,-9.846938813308878,-0.192582621360165,-5.727489240217558,8.299483759057551,5.184071516106361,9.841836205243439,-0.718001150263516,-8.347498609162942,9.796346111049949,8.130848223521930,-0.016309831784614,0.365582463494974,9.239774863610403,3.270544473673318,-0.325494320963248,9.565433377169338,-8.921394440793710,-1.924055769773940,-8.734870533255524,-0.681163474137890,-9.676745372746886,-7.989888234668570,-3.603178049381748,2.823567946950195,6.209846528614442,-9.134798527607451,-5.301857882154096,-5.353420819781562,5.356904261214222,7.837798422208195,-4.198242509855314,-4.663543194426008,8.000360216500589,6.646117118802209,2.161542358018416,4.597251633632048,-4.802560253800987,-0.525962965175097,-1.219688586130165,6.833189251975899,7.286671054194962,1.300791871753095,-2.322580059970849,-5.788759097592077,0.546683037457036,-1.868966800158180,-4.141221843002548,9.566186556992410,-0.666412576049265,-9.489912775936858,-6.583940660169254,9.588122596552328,-4.773097154724592,-3.437254538415726,5.823490857544972,4.315627590773964,1.849406116850362,-9.410082681056105,-8.044644415281700,-4.708652687343196,2.522963079997471,-7.781841646674885,-7.758171648847709,-0.766619081471839,-5.257821605244390,-3.811159640665867,2.053720595617197,-9.094493535285444,-3.019146877539065,-2.607175457460618,1.137371047640279,-2.428186709597002,-6.697927239785417,5.272975125609641,0.248942979722280,-8.342871745475179,8.328131366750920,-6.743183483425366,3.784544500614279,7.297002111033983,4.150622405789800,-3.435458889407112,7.583822136857272,3.833989902280742,-7.485285088689762,-6.493463199845689,-7.784369601005629,-7.356620729508412,-0.127591588214845,3.290862000006172,-5.917706680443297,-9.250509593105136,8.840216396089126,7.646105930951862,4.051056081291467,5.305204206976430,-2.562252278291912,7.078781970281582,6.410465065485152,6.025044462974428,-7.198725481248188,-8.855935588527338,8.916308936242320,-6.238657569054970,8.721131423697205,-6.549814472535873,0.697245429742724,1.929145211583963,7.252512294614768,8.294215819881423,3.109865966515494,-4.748722096280038,6.851206800941483,6.111227777357040,8.514616684656680,4.578729117930436,-5.745082257566403,-0.511321690647112,-6.872633752965069,7.293147083576741,4.426126145188116,-6.187463343387883,-5.453455425696648,6.469373461004484,-0.851838275472844,1.504002518767862,8.689779515502707,2.122552306668226,-8.189448969051028,5.473695685742880,6.105019920561716,6.561591002197453,5.715740842083779,2.606645954492304,-7.061922565003580,9.989016320647547,-9.208857376336052,3.412722358529276,-5.211965619235852,-6.366566353004628,-6.807874664741529,7.087633304326243,5.155219102573813,1.370488640454067,4.506778612854781,-2.735468399224025,-7.232184058578744,1.129026686695898,-8.464835564736745,-7.786832858426578,6.563288424714301,-1.792221508872839,2.605240078650526,4.815118041260153,-5.836528530239853,4.746991128943080,-9.191237034546116,4.696873719675947,4.002038354264064,-4.234210833016046
-5.582903811776871,7.290063009853377,2.005253005902134,7.201891366383052,-7.420379084011877,7.068549562227272,5.778511944633744,6.096354386471365,7.901064515692276,1.469035227163289,5.468282969319437,-7.922238244182291,-3.683759092541131,-6.722133244880784,-4.649463195961885,-3.009683537574610,8.159277165989131,-8.760472888730744,1.452929330920734,-3.807880323574544,8.242534200111226,-8.426755258058316,6.361919598772275,-2.236642748605295,-1.243137218866943,5.345030082470966,-6.911138412319035,7.808938516144973,1.341969221865760,2.153241922392352,-2.300420064738516,7.128971213878973,5.270348228120728,5.111277896217587,-3.150243927041236,-1.600517644350941,-9.045533025693382,1.772274246689500,0.829447623345629,5.844561759200131,-3.966684901970368,5.728498462400331,-1.002108707695497,9.629409403848832,-8.623266767729787,3.252758980951347,-0.778169847433894,-6.751788513844687,-5.307581633643554,-2.060178204894097,0.423631947568786,7.172676508142551,9.770049667184328,-6.337989021043984,-9.104504222155290,2.562174085280034,-4.165583167837883,-9.472500448045150,0.490602436103540,-5.490381029011138,7.834108998626302,-9.772598956869817,8.531506130843191,-3.198331508302463,-8.434309963643207,-6.332898139113404,-0.550509260207788,-4.777864434243424,-5.977118547226881,-4.579189008753981,-6.356280497917776,-7.251105293391511,-7.432410965386973,1.183659281286209,-7.813101065530203,-8.517833643867936,6.960981102695200,-8.775859554475119,-3.898535280278262,3.114595163182930,-7.895733760025008,-1.634615127777137,1.309054775010225,-6.567431118980220,3.198691499802832,4.256135225879319,-7.843902760878690,-7.936351553979804,8.083626966784362,3.724882572264676,9.467073379210650,2.633709609504166,-8.319787401622795,-2.834838644984781,-8.113488957689729,-5.507616351664857,-2.526051471283313,2.724129040300339,-4.041844916382646,5.100437520221142,8.054109972804319,-5.275375759696685,-1.751693322990249,6.754756862218851,4.099631319914497,8.400078722333266,9.973899338614469,0.287874692310037,-2.689328156233182,3.128382685850820,7.929289294884750,4.432223928883294,6.138026825141075,1.928069856358894,6.564655432615478,-2.297477009670579,0.657096669079984,2.219291907716768,-4.453552081055077,9.640360377830103,4.519522223965204,-3.806419474031735,-0.249461929866509,0.678068134432133,7.251815466762245,0.593421081363347,0.249022086694403,-4.489748941278819,-5.602499993828340,-6.955484808839511,-4.541815141625813,0.240027769487545,-4.334874462886535,-8.070271540675050,-5.095393816161224,6.741900778488954,-1.446114158937071,9.810502015001358,-1.793894220844884,2.583955533951155,-9.100942574717712,0.003860783373472,5.189579795982439,-6.298820261156555,9.702363929089032,-7.624883191110758,-7.657153512705390,7.956552428444525,7.405959826892229,-2.232167001796594,-3.919877287427409,-6.219504121173181,3.727026242759830,-6.249839984951951,3.072199882783980,5.632961190479852,-5.335972523900598,8.950488374506090,-0.796735781415626,7.888678612670475,-8.971136474880915,-5.277870218947623,1.766157565387319,-9.840647328879959,-8.154284741881874,9.896168916992380,2.914573262126334,9.984128372784870,9.353104601002986,-4.345825357775870,-9.824065840598923,-3.484909397796143,-8.328901302945429,-3.919625179551492,6.150406804176697
-2.049855591626814,-1.302304275239319,-6.075872831179032,-9.306838455683181,8.647801287007294,2.857399287486210,1.140255090151816,6.528562863891427,-1.093777804058449,-8.224573217539888,-7.231209817841114,5.116682288828439,9.643263880660932,6.473593856262433,-8.722588971732211,6.070290203260768,5.243179859578825,2.457246439802423,4.713240053675525,-9.928218903178152,-1.963432606101939,5.539132571028256,5.605891663217719,-0.817149040987875,-4.117134584935139,1.195957110183304,6.071249575054409,-2.197122592881106,-4.578685261748372,7.073876797815842,-7.680779659354158,-7.434916436652270,9.566891733328415,-5.225361032128419,6.441892331510225,4.269411303938169,6.078629445132336,0.337588628359653,0.946673512730008,9.110921451636592,0.165483397534373,5.383260601323453,-6.885294752518463,6.883957748239389,-8.058394210987265,-2.204015171811307,4.546303385229201,-0.144563148365096,-3.652635476575712,3.300791582212941,3.643377512862315,8.021195907939717,9.396392784617468,4.797340520402635,-7.490876352383471,-4.016005201291344,-4.999626388040383,-4.995014687928983,-2.680698295647823,-6.890825239738836,-6.490358861006998,-3.314956325918230,1.895836710119221,-0.020482342084263,1.544931864991682,0.589823611227043,3.758763325367822,2.097492822334683,-0.391494992412454,8.159917932316915,-7.250209296605221,8.932597403557459,-0.586805520587115,6.467532052010622,6.480450431808013,9.392027109703772,5.005932469577312,-3.814194273767495,-9.888193071220936,6.395349933074023,-9.031569374397888,-5.778047704578196,6.268186589177283,2.323916392284344,0.144848198642462,-7.257949351300057,-1.237570277752111,-1.715308215458549,3.131046846447578,0.486643687120052,6.391719810990864,-4.957156696225018,-6.905394302487240,-5.835373234375920,-3.767402412381213,0.201227300048494,6.815436765386870,9.235123253484900,7.161953268738817,-4.195739589756782,0.920810606184208,-8.918347536688566,5.720502130128446,-7.689337076299316,6.950501380905298,-5.118452978985633,-2.429325333736722,1.842730509652522,9.077347501626580,-0.668000033203583,-6.485080163400337,9.868287563856320,-5.003029505836500,-5.606697341860619,9.262874288552045,-9.753710495448313,-2.747623300890796,0.958067049726072,9.748426019101622,7.060194021478445,-0.140757137180479,2.659606658164117,2.599372072941051,-6.815122966663218,5.848585699987275,-1.776931933827516,-3.575247269603938,4.512057520886811,8.924669762776730,-1.037530201009304,-3.102807735368973,-8.773645232687009,5.185008444303032,-2.761698643324335,-8.838565358939301,-1.845044394899771,-3.127245365321030,-7.777729780240303,-1.448381967289034,-4.073045951837839,-3.400987547188972,-0.408965728776911,5.902875559603926,9.264639593677909,1.192102717897450,1.623422016515441,0.836155345701870,-0.883318333850271,-6.039977938413308,-3.922285104938272,-6.002098331769588,6.352916294385146,-7.324511552681714,-5.416420055797120,-3.608827870173381,6.355616041255406,-1.684883122650703,-6.237102171846438,6.813560955516284,7.192773811093332,2.743512095623199,7.053922791862682,-6.732530913802104,6.057233922633113,-3.472048453988331,-4.420231050726855,8.715474592361176,-0.190210591411050,-1.832692464544952,-3.372270669283255,1.175110586102946,4.013860253595769,-6.443092882875927,7.518171144716185,-9.469430324728961
-7.831212119033362,9.190775925870273,-5.839521042686318,9.175450463232835,3.474252951599318,-2.247763116557286,2.223973910998316,-3.908621064145912,-0.205534209405211,5.891688840435304,-6.401573670151246,-0.929872223551369,3.711623049288338,-4.471208844422270,3.586354305916897,6.287093806688851,-6.006364010306169,7.726383456824728,4.735172021328891,-4.317051670478625,-2.550354899214645,8.396346407567005,-8.669001577180492,-1.162762524123655,8.885464560158638,9.093421354375796,-2.069837386339142,-2.107383775068666,-6.858910139439081,9.877142459364833,5.496797331550791,2.958450063018814,7.582498093999959,7.866117757653448,-3.420170224919783,6.967409233556669,-6.846360446500634,-9.408432582512013,8.358961583193544,-9.993684316574868,2.556400913859278,-4.240521995172419,6.292486105536089,-0.295045445297298,-2.504969308010192,1.076463202508222,-2.877076027702108,-9.781001609057601,1.156784087830401,-7.443026455903161,-1.147007612941698,-7.464054915675362,9.637683525701998,-9.235356081758976,8.091740067454754,6.170136184112618,-4.300717945681328,7.524399956206896,-6.856742044723210,1.173001977735117,6.101020682410784,-1.780313968026475,-8.441221612755278,-5.626729723006978,8.191093468172571,1.452965625321374,-3.720652993501455,-3.570523704739006,9.423375651378766,-5.439386509831731,3.303721643556505,3.490619714883520,5.680846492461104,-3.028105374035821,9.985586411627235,-3.735235735360510,-8.413374707511265,6.602416077677088,-1.619019407993976,2.325582566148158,-0.820354716645488,9.398517436300754,2.051333978339716,-7.831221262319432,-6.355829331413824,8.596312689923867,-6.643701524620571,0.039048932783059,8.689047484080874,-7.604254390794232,7.111361728098924,-5.906099009116616,9.740000532065881,-5.250596569382447,-9.651100653551124,-9.600932944907816,4.222435343968346,-6.802331343978080,-3.470952626325079,2.372189121296728,9.838931154147982,5.491064398762957,-6.979128700091508,-1.887129682513610,9.056718250565158,-7.197554634090828,5.418135791471350,1.459974048746604,2.931312235776783,-8.341167851034987,8.685808605352221,-6.243575824363143,0.520434565963138,6.126951819323811,-8.829085752170496,5.446051904352625,9.218705306446672,8.338071637876045,-5.615711755467694,1.347371801341200,8.580680244020154,-8.539988669390510,-7.669825239011773,4.829371294662252,-2.533780100072089,-2.287876172944516,3.690509612859410,1.414062849149932,-5.661375903422588,-7.238388493047438,7.535777909457110,0.330570241219995,-2.776804383372101,0.420315256962351,4.003593820913311,4.686438542618603,-3.057604415360911,8.292391603757572,-2.648324257090051,-8.736736234465772,7.150844509501425,-0.941238434100960,-9.907705108937428,5.401187597578792,-0.379610991870848,7.453376533429001,6.541512219381694,9.778385500506033,-6.250172486551038,-3.363120666919858,5.537947143834463,-1.303637007789316,6.194195261094002,4.918069145111359,4.241545601369609,-1.861998669613463,5.908799445135639,-1.661416160833868,-2.304930410977153,4.476961819680961,7.833074451943776,-1.713601851021057,7.513434611111613,9.534619476766458,-5.093067419594148,1.329256113626524,2.424539918895865,-5.964091910461013,-0.289117033673826,-2.462915302539757,-7.753901112885282,-0.739989245944326,-9.508522564029615,-1.288504811345367,-5.363466189136750
-8.409613308378754,1.715503881782624,5.511606664079240,-1.812333064547344,9.011592123384375,-0.714053790622183,5.465070722962155,-7.138815953546763,-1.748069168070872,-6.818845289612603,-7.978976748983458,-1.958374511554750,-2.248682978769283,0.193636207831204,5.133499183023321,-0.048116211510250,-3.509144393249006,-5.055505777310829,8.909880747693343,-0.336974042074116,-8.447087740279560,7.718509379586575,-4.387662539126622,-0.706848697458058,4.466841356782961,5.336677036533438,3.676881524902738,-7.750544844138572,4.016073648169076,-9.502752407893308,-2.446811160767526,1.667429134733965,-2.580681034452763,-1.736146102870592,1.003173082859348,-7.778333229367364,8.522479878666321,4.135820866112983,-3.729630914742512,-2.410052478507145,3.228134585104680,8.137276822228124,-2.642424993428454,3.870762601952242,-8.367075609354007,-7.002346031945170,4.236028770203868,-4.095937195336607,-1.812223091152900,0.553879211698574,4.255927727963149,7.076151745986770,-2.420191025366480,-6.373563251740859,-9.816243680596648,-8.386457841371076,7.425769556982804,-2.623959856840841,-3.713054199700219,-6.616564028563854,9.445419016950581,3.005297670432796,8.726534905994029,-7.236593846190667,3.754359134449647,1.142000695235444,-7.035739966110666,-6.786805245438057,0.872668725251753,1.690630025636935,-5.295607622225234,4.653037562099856,3.449257774667974,-0.746826174644610,-3.985547170044647,6.999086328027570,-7.001782073998606,5.212941536831110,6.784300278438121,9.849560354578770,7.794717318792397,-1.094929754939232,-6.128014628411855,-0.814563597908764,4.454266624320306,-7.939854648755194,-3.005357347622928,-9.175585427877786,1.838543703696477,-4.655702311031790,2.623454990954476,9.053817448508916,8.848238039331441,-8.253153917207879,9.258722685115657,-7.424159128896967,7.224777795611821,-8.865917749291096,-0.499865527869126,8.809097800795360,8.960106478317865,-7.268002353313816,-2.438124980769163,5.103741189511323,-8.001561607279740,0.136659696337837,-7.058639924385190,3.629211538343037,-8.966371828654534,6.111966743539931,-0.916576514142850,-0.761425698282972,-8.938123783575575,9.588122378235404,-4.937030945963410,-8.758646759434374,1.505960874332681,-3.702115097380913,4.265152639373342,8.560014726049832,-1.968968332694791,-1.197703615918835,-4.714490801916744,1.333756665970366,6.211105044783697,-0.668705363988574,-6.634617615912076,7.966532883930700,-6.944743088996638,2.695637512368947,2.130976533888260,2.811697361131371,-6.316821848734982,7.430525467963026,-4.255818235618771,-4.780004469194634,-6.510381040222651,-5.781325417977654,3.050136958533313,-6.232370225755021,-7.451957804571617,9.083630739416961,-1.296030137113027,-9.555582638832618,-2.578671228064686,7.134937031743249,-2.487837686118959,-3.259847159365334,-8.840515807386513,-2.583068074099220,-2.589751596756448,-0.967213257818418,-0.185743630609743,-1.414632820074191,9.067362102209682,-5.025733885991500,-2.670708142529145,3.188930874725084,-7.293638028593836,7.454465886354949,3.517387329244123,1.994133557064742,-7.211754460922439,-7.787302715935356,-5.674771325915497,9.146235690620951,-7.013828938970688,-9.584489426481099,-4.017689509486777,-9.991387560773838,3.477356874837776,-4.067675534923270,9.576948580193495,9.575172927782855,7.283886983959466
-7.196866213198230,-9.171038044769645,2.485530411309567,9.438649211604474,6.982181750303965,-3.918782677736408,-2.233260096762777,-2.322534194928050,7.485602288728160,-1.131599852263331,-9.540730084840865,-0.092675417701990,-1.184986532933038,-2.385887960057492,1.533672350584521,-6.614127862319570,-4.567995387084569,-0.714215826631976,5.906428177395025,-1.624190432797015,-3.685408737230016,9.237002719164707,5.996466059655955,-1.310584877568125,-9.724412946793755,-3.127149798092024,-3.865251571323096,0.454282361234092,-7.150992594910058,8.179697953172756,-8.670815584240195,1.740497847294497,7.182686766902563,4.586065102862477,9.204288098194521,-5.407894434732836,0.094957730661584,-7.146738251556384,8.825778688930075,2.271060108230110,5.978125608759965,5.405756961649193,5.350145566042920,2.165009425935221,-0.708842552954923,-4.851914437129928,-8.294326536138945,6.872406940282318,-6.291543092115706,0.689812491682213,-2.851287136801108,-3.500178946638329,0.346022686723288,-4.563375371143779,2.620092083072485,3.439711395699685,-4.867474605716160,-0.411943888297792,-6.571913952286055,7.725889396315832,-0.989246172298566,-5.231279782725078,7.255953838362821,-7.656771121202484,-5.024427977931358,-5.224389246506522,3.505781257537306,8.770065612459874,8.431158046903047,3.576420647246506,4.443888129209530,0.978340161655337,-8.519552758088555,-4.034970995504647,3.772987422651553,-7.669679196653727,4.675555840473391,-8.662427045921270,0.373291295377713,3.878609482630457,-9.719680484986625,1.262088463581662,6.841458961125714,-6.421836796232885,-4.253058564476122,-7.338434040431013,6.042530971770482,0.823398751049156,-9.167726914261912,-3.869552837966204,-9.708095424732353,-2.062400907303861,-9.181759278933299,3.015905167496484,0.331118392238487,0.643024394422921,0.965947436497501,-7.956153458031849,-2.205907823445021,-8.843881314186493,0.395200334977092,-4.867142862554569,-7.477282905519482,-6.223296687419657,4.517585584233405,4.592910860396486,-4.703946261534922,4.310080070914516,-4.498290155566762,5.418446048133486,8.405285087596571,-5.585194883498971,-9.446574919350168,8.217498024617925,2.458399269241694,2.898176007086411,2.494521086699796,-5.718774564985775,8.879845342823103,-5.282584808867858,0.724578704183703,-6.326691260695149,-6.227733100850985,-2.889082198622113,-8.519826453448164,8.067066096511660,-3.638125085744363,-4.929565446091726,7.523196974219875,-3.879097748338709,-7.186929842767782,-4.405635304566536,6.770179879252925,8.446824670145720,1.478500694688707,-0.647343431227023,-4.501994823596272,-1.898545006246131,8.725127344018816,2.732509153624786,-5.212114040559048,-3.660597275665980,1.365762969899150,-9.128250898023955,9.265328469909406,8.918516822795308,8.307321192456971,-2.768067313968103,-2.200244068005497,-6.961792838571554,-1.451392230642561,-7.365589236159575,-9.382273599344684,-2.597232968929832,-5.063224368252886,-3.422295875901535,6.713860310849054,-2.893020331533316,4.720868211434306,0.208903589367699,6.750883261327985,-3.885206109052244,1.807693213246926,-6.742457431790396,-2.984714344582835,-1.923002186119525,-4.018599585673885,1.381708351483899,4.465507173011702,0.738700188678003,9.627393070408601,-9.357785395820823,9.745397274026768,9.331463025289647,-2.290313587268926
-0.734260642986920,-9.443540393757015,0.545545432051490,5.844979562563985,-6.230290407050624,0.319270361717949,3.018449429998707,-5.387549290266107,-3.511737112296613,4.063655213633444,5.194709559333397,3.832569957294274,1.530067528094438,-9.049224753522935,8.207153717786028,6.267460863914025,-5.936530532091333,-9.875465679605608,8.169983934537754,9.408549996935204,-5.382625050378214,1.002738960579419,-0.117757491467769,-3.737867218766620,3.116695148116868,0.187586184967241,-7.798395654654655,5.560636505155816,9.888216920561089,4.028891002996488,0.612257057891505,9.427295011046432,9.428822356273059,-5.703582832703773,4.716861180819652,9.765636653861435,8.170763990228032,6.586808729602158,-8.092040159537742,-3.035149116316955,-6.380979425063766,6.199416617626543,-3.633450510355343,8.443535485338181,4.330529717518006,9.224476569366328,-5.699423326547979,5.706754627717803,8.945840956442591,5.333868870460169,-1.798824265176886,9.263465912533746,-8.974050919252736,0.003699803760117,8.404438275289547,-3.397849081786822,0.119998688373702,-9.938414066403748,6.879487153003488,5.053665667814521,0.549970500465406,6.295607245986385,0.916853523188404,5.748161790034100,6.980832902530683,-3.488674515198966,1.501549657268715,4.702431461650875,-9.261704179017730,5.620715519287034,6.056614519104961,-5.646258886277071,-4.738041312018167,-0.444065262982482,1.804569268921101,-8.244197377785270,-9.332867998335303,8.577794370262232,-7.142757442439005,8.998855303176136,-5.228129597821143,-7.274040790524170,0.965454872181118,-1.491761340560810,-0.551119996172398,2.692239729322218,9.717569822081177,9.169657844039090,2.385880933373912,-2.584927740337259,9.988234563595114,9.688785842626736,0.493390051052724,8.418257672724923,-5.578211358376115,3.567144473630414,-0.947988304875945,3.799713361289573,7.248966403788064,3.502674674133237,-8.244302744676668,-1.549187747350915,-9.481543499555247,5.992134556319124,-7.380064097626418,0.998490780016272,-4.629207195661316,-2.733695639041209,4.605612725151387,-9.342695683050390,-7.735301109339918,3.047126203570109,9.849440057190716,7.151540619631074,-1.748435548153328,7.839457337052579,-5.633179972152491,2.483101570972028,-0.683318614871384,-8.634217924851544,-8.896083958459251,2.260853081355407,2.391593395735169,-2.514066239512318,-8.180307607229139,-8.695365352689716,9.447990492314013,9.178552073995323,-6.226556205441982,-9.064038309114080,-2.276223252546041,7.474825982347756,-7.857987221336808,0.650455010404045,3.706965630412700,-0.919060718309879,2.530848526909967,-9.224988258147995,8.429599817308734,-7.366544274458036,3.480086722952615,-2.032868724118392,-8.380604173904771,5.562164025709420,-3.162026440637542,-4.282819638764456,-7.072118532532496,8.334085533284750,-2.594982136738837,2.885591944391097,-0.291289380302205,-7.025759293599081,3.304055314407613,0.350016973196183,8.201375073060756,1.271899430273626,-9.701245095875915,-7.966671183125584,3.346635585415331,-0.841838937859050,-7.469889367589140,-7.475878990053728,-5.792396414256993,4.916844048959284,-2.840739528559415,2.928105492386079,4.749259748374667,4.045767860696138,1.526641425641333,8.043839162066050,6.206688454919693,1.412817739144359,5.896670744838080,3.480174371382860,1.196392230234833
-2.365130808192724,8.019683944941765,-9.232932330960413,6.173052004655940,-6.163689746509449,6.575995476867998,9.488267426797751,7.171457464083424,-6.932138282947866,-6.697690670302383,4.656052722130209,-5.595203584897305,5.656251050316021,-2.895819314210968,0.722446346850695,2.329623497197817,1.290665195212839,-5.018088185677798,6.595290389371691,-4.085318738662689,-8.374617205350125,-7.856968144207583,7.677203486686320,8.093709032748940,0.809537041815901,2.456180635020846,-1.334366883328448,-4.527432886923897,8.076485282226088,-6.112984400383510,-3.950750466883896,0.317678358627520,5.613971935511199,2.751695266414245,-7.760030139281453,-6.107126147405606,-1.866199467465609,-5.176597078503358,-2.703778371485672,1.885548843913938,6.975698241950777,-9.326658318407016,-6.622468468505498,-0.167681981347354,8.822490715620205,2.917775037068891,-4.710001850311709,-1.779347230680180,-8.702201019623292,6.402489329214152,-8.862829192822080,-3.662356137235223,-5.345782706656614,-7.797186666939027,-4.110709003069404,3.618457566664555,-1.710407096132771,-1.631170307607251,8.981824107613988,-4.622139017716842,-9.100244953846987,-0.374968394250065,9.448195103855078,-7.962010054585087,6.671677783633925,-7.475040586289117,0.850702877415133,5.679167400948744,-2.001198342261885,8.674214938680514,0.673841401290062,7.470229393832319,-8.986042806450476,5.403573570980591,-1.873785882419011,-3.357980817366959,-0.930297344644512,-0.880132497690758,6.418576266424232,5.275701059121454,2.509497313180443,8.504133996646878,-4.390546548367455,1.545112191683719,1.658464746922064,9.368928680924661,2.006986187104152,4.481904711783152,-8.686611305567411,-3.880799952964429,-5.778288856017866,2.040144576796157,-5.426367691592702,-4.567986888221071,5.062187649677693,8.170962049029018,-6.854082656792395,-6.652592638888586,-4.421937143264398,-3.824767140273759,-4.429013990212605,6.293951590430176,0.585138623184633,0.632496567368632,-4.602134456135547,8.352656673620022,8.034225180057742,-3.825837643891797,-9.220787007253241,-3.584983888496495,-3.047943982121241,-6.293007998574498,3.335619286618801,-6.176807690904045,3.641677344983339,0.646755759765830,-4.953888590904683,-7.253739594777691,6.984143905308386,-8.084551282940712,9.043779243358205,-8.591345974195356,-8.907210645919911,-8.605257126786379,-8.433626425756779,-5.739166375372770,4.430646224432138,2.809010991740166,-2.533721766270123,-8.794811410111443,5.259575121700440,8.284991130811644,0.520792950791321,9.421964145854677,5.339737646523588,-3.698566599172861,7.978533988590577,7.912140583982985,-6.624415297556634,-4.432051157692039,-4.552254066070047,2.719169275422450,8.049858985176584,1.800341007473151,-0.139169546567651,8.382936221710640,-0.389956517548297,4.580728979939853,6.605061047315715,-8.056848862145042,-7.341082338508933,3.769384806669683,-8.529190409790711,-9.776045031805879,-3.397815139980908,-0.973806836417220,-5.033837578602130,6.625050371804331,-8.859814704252784,1.837906389463120,-0.795053686934981,4.233090958333090,9.522577922266606,8.443912115100037,-7.346923154021696,9.161764639841451,-6.650846813806261,-0.368927342401941,-8.905122521466449,5.345500222854049,-6.832471992617948,-2.754192933261594,-9.906055130257309,9.392450188449100,-2.672879888555173
-4.638660688811140,6.034258073372524,-6.631001234291092,4.013682424911536,9.008418977367757,-4.148353167836372,-0.967608698018305,-7.591807719736591,-2.564219039114139,2.344163820715872,-4.530679390921380,8.949538969380743,-7.180123314096345,6.822733641008018,9.517219139350953,4.174560019485597,-2.839031309561671,9.152121204113076,9.919419335370190,5.892124976440192,-7.720566093944477,-4.933351713803955,6.605326274875669,7.784706357204659,-1.438191070873042,-2.699467391703587,9.092685534638481,1.385800887768616,-0.388327413697942,7.963468188871225,-8.141402077723471,4.360114263283261,9.510946853569404,-8.365143274071274,7.173773882763864,9.930782009973132,5.815448185066789,-9.004467803583751,2.146548908512793,-2.307932669609098,2.162468875650426,-5.730923245071001,9.173370304017062,9.516932163251283,3.373712878253741,1.101948493312747,7.622074323130136,-1.040793209003002,-4.529244881786047,-1.392451663514629,8.810183962940034,-5.637997956894845,-9.712691798427135,-9.487407926423856,-7.831613085726579,-9.673108909566650,-3.804597096938743,-8.857448260338010,4.006445060313412,-4.310461858588384,-2.269912233440047,-3.425999376513955,1.471486064627932,1.713569338462078,1.681195592953070,-4.636864855815004,-6.279623736372510,8.859448750430175,-9.703112812733639,0.972349337765655,-3.710140824336110,-4.300090815549682,5.274524279071249,-6.776143479474436,-2.662835937235655,-1.514881615064665,4.129946863154890,-4.206571306125745,-1.654370543664008,-6.821082880666223,2.695114089680789,-8.961600276830303,0.793573297352676,1.190213586634298,-8.313407689761458,4.439619888202234,-9.942686217274421,-1.518390191477666,4.118311390445664,8.135581600732738,-6.195384113399518,-0.038056101001846,1.806386049941850,3.477464769524893,-1.781414386480742,-2.433797799046356,6.529300845108853,-5.329696894341540,-1.564627592854912,1.839227973403784,-4.865417176182662,-6.041048093843456,7.849931449786311,4.198281341676122,2.421882071256912,-4.545050561856212,-1.125260582826806,9.464126780308991,-1.238939976588867,-5.753710001052954,-7.559332004292001,2.758468198194411,-2.445612224681051,5.688401831302791,9.582042454868734,-3.865773447881673,6.731968005605374,-2.389094604440909,2.181227711776895,-3.369691190364210,5.609901933540860,-0.652668070351368,5.378832586430850,4.189999890044554,-6.246413501457681,4.459241615610965,-7.659147055008802,-7.557736863255878,9.748534908019199,-3.777121690128260,4.308133771040687,-4.504502121250747,-2.000316580699952,6.888151365831664,-0.365506328166239,-4.951400007474371,-3.803550376571172,6.989789049636162,-7.478227768109821,-6.849271099084897,3.407702174275460,3.710591184751202,-6.783391051354797,-3.098273848732185,-7.723349577131691,-9.105031434426520,-1.887942860283093,-7.764988379687489,-9.992313232396386,3.900851508613849,-7.330754663908206,-4.405395064303914,7.781756859358296,-9.559973169677107,7.455805384265457,1.862132978480499,1.633320630271761,-7.458343461605644,-5.499301836459287,-5.897233422739565,-7.970344197729244,8.577595323153645,-6.659586258476269,-9.228233105829563,-0.073784144355347,-8.422478665585995,-4.739155910335075,-9.878928438502630,-4.646624431873168,7.922207891019710,2.403485808569744,5.425773615261864,-1.974097838047580,7.667275522243951,-3.216658711689062
-9.572707197415500,3.238300456162392,-4.660904183760506,2.202808249471202,-9.600367665053707,0.560809155358665,5.923213057040384,6.413947321003921,3.106803470929915,-9.163448457174132,-6.663248122822685,8.310860160774006,-5.679371253087401,5.498870565427527,2.807978906318851,0.884010293902476,2.782070732062712,3.527766621207380,9.607973345300273,4.132542231998755,-4.180246112142192,-0.515056678361452,2.626938096487050,9.592131981986775,3.895696193811178,1.278678050052696,-8.332825095842168,-5.573144209124674,-0.255371034344806,-5.794199937412728,7.755242094064439,9.783063030335157,-9.550695704519356,7.055491183280708,3.103773328701243,2.972117688955969,-4.874392359616476,2.015722847285868,7.684431795258213,7.337829881937388,3.874579500894239,-6.849342479054759,-9.176139468557134,4.229490154812556,6.564412384322004,-4.280298812040975,4.568447968493686,2.701253117764519,8.243711278328270,7.269899009285631,0.994907312481041,4.501170821694799,-0.235930193863128,-4.629487708679154,-8.780302253991874,-8.561004021876226,1.365788053167499,-1.175510796667718,-5.257672422905173,-7.670820826337785,9.329306691554610,-0.302838788995977,-5.096771364422596,1.421490067083052,-2.170527265522281,0.713169443260419,9.792920199007884,-7.474445715366247,-9.123429803935894,6.548122616125337,8.966931079346857,-7.330945957799495,3.231494229239855,-2.580267318070764,-3.233971537298473,-5.479088052318950,8.600816930339970,-2.516753019590685,-9.382966322209379,-0.271465084556224,8.539088237059232,2.238994255843728,8.762851868888909,0.208715474966045,-2.797654346282787,-9.881571033089555,-3.409578248070646,7.079572829054072,2.042896848396435,4.063687270652101,1.523963524202674,6.199367269529066,3.295623070091322,-3.595138320542118,1.968628759708874,8.588611647534201,5.965157411988386,-4.038504088503667,-2.078832509815046,-6.071468982666859,2.999758974494416,0.409234801114444,-0.503947571214528,-6.717385038437918,7.958441173513584,2.867164146063882,-0.475319166730163,4.396357544163177,4.455539706781648,-0.034379188022966,-5.149046052201323,1.339836955296111,4.637080496987657,-4.369157397414234,-2.417989305213924,-3.745531364556514,-9.351086785476957,-9.679256661558068,4.505857124479434,-4.249210296267821,0.687006843009170,9.210235573173623,0.592304628193407,5.923761943303834,-3.249003474658664,-9.485968157294595,-2.108197190195112,6.956194087335007,-8.194830757018600,2.902690767910819,-8.922612371839826,-0.434800137606960,8.280960273084727,-7.099484482077319,-1.181296898171881,-1.612081295116708,5.762256214172943,-3.689708778760910,-3.493729207585369,3.821000119341861,-8.135771591606240,4.840783412289786,3.860108589075192,3.791886920173313,0.681585270144856,9.513582870416709,6.549895288065745,-6.404219024999667,-4.132633063592614,-5.510611938652124,-3.589267722426257,6.643404911982167,-6.537020251243870,3.737012317504071,9.157910358258629,1.945523614557525,1.963955333589681,-8.333844298458457,-4.932352563213951,0.466946409027262,9.289187535900666,5.409237101279400,-6.929657495068511,-4.241449009489768,-2.474141794404440,1.680114888864004,-3.032723462226019,6.201933474932606,4.034200769995341,-6.268629183661146,7.451605377532932,5.631622774913797,0.177773473759615,-9.799874666988579,0.328709540254907
-0.298520909475915,-2.988077471464210,2.112766918170326,-3.334017862953484,-6.989972292058653,6.325227361020701,1.245177723083042,-9.824970357850521,-7.311601295204002,6.113755008196161,3.522051860607947,8.239252789559266,-8.983250576120643,4.314242508994271,-7.383241737432355,-7.531510399503249,-5.743796268575386,-0.621654621356615,-4.057737507979957,3.771879041003313,9.376240943616960,-0.065558157084929,-9.532773562783660,-1.735063941631447,-0.667012539187819,-0.784973195678285,-6.498292106154588,9.414354402210002,3.684604150393847,-1.499970456278405,-2.361301786878503,3.739952460908144,2.492206151610421,1.893526911722269,1.754461534148064,7.663621014316554,-6.349740949655603,4.769477309576542,-5.092087204237840,2.226536373841521,1.734822932577075,3.691006400528122,-1.094076034310628,-7.043558666302716,-0.216378512919729,-2.894410303666435,4.585828907596092,-5.960421369716866,-5.455453983045571,-3.144452725149181,0.574620548785909,4.841124847214459,-9.504598884078705,-2.074380452800241,3.035554950250912,3.117781572319512,0.485380186594707,4.100987272984424,1.889646769634117,-5.875135333345924,-0.410227225734941,-4.059164168677889,-9.769266198513222,-4.123827477992452,6.182953536056807,5.499620264436263,-4.835566591395164,9.643947161859675,-8.339929181328401,3.907558479900024,-4.974593525787538,0.225488892241154,2.975656593968292,2.193622747936006,-5.356012867574604,7.186467030324238,8.045069391055222,6.229219251318789,-7.122553994594698,2.004596811497009,2.427210364966104,-0.157240829892967,-1.039788121473300,-7.099795975554124,7.645692450298284,5.052547112928917,9.921676959848853,-2.639041528068748,3.600247175378858,0.229268148647709,-2.186302558817976,4.777096638718600,7.914179997900231,-5.806267769286491,-9.904001659063850,7.478543776199661,1.815627279735573,-1.596581291498536,0.357607238200675,9.734039790828319,-6.074858319109078,9.224445125583912,-6.055901435180795,-4.084617547193561,-0.831764238517522,3.613716778755951,6.657303631110938,5.125084797901620,1.565893800671629,-1.515131291039921,-0.710307875372678,8.100516233593989,-4.124009820779538,-4.706928135844677,-3.894582231702890,-4.585666445775565,-0.043984949684825,-4.591272109678473,1.779981404684904,6.872959559636975,-8.999200225032489,6.262104430368197,6.283940524760755,9.143636323222616,0.106521440547516,-6.949081009764003,-8.910987877449770,6.728456122525436,-7.578568320086941,-7.567079513666915,-1.465874399097530,-9.950477232108341,-4.325899920065610,2.498159088192534,-5.234289949410142,-4.354858107341704,-0.943943000792444,2.341327657994531,7.287972105961437,-8.249308407935059,1.090924051447171,5.910899511855387,2.544659835826257,-7.006435731350256,-7.538310001712183,-1.911108267818244,8.927989788159756,6.996105582165107,-0.537860059179323,-8.323381354536146,7.178127076639875,-2.447106635472065,0.402998037076809,4.220607015572986,5.332352776642285,-7.421783114484484,4.871228561419453,8.979958702789684,-9.345350721090313,-3.336695894852955,-4.442455200949311,-6.657157049149626,8.823045811920682,6.559373721520174,-6.458785885377432,7.410057687925249,5.261188138973976,-1.175833443921000,-8.408962542732763,-3.843204227934764,3.964002986213304,-3.976216195421712,-9.468558694611364,-2.001331834905276,0.287230470107183
9.079309768042513,8.610936774134672,-0.182676612310440,-8.014341829843108,-9.950722739614985,3.735160367849941,-6.634618339886764,-6.639026871158016,6.050138181381598,-4.745744268853236,-7.442948091437369,-9.713661131702390,0.313914779598832,6.270354690355006,-1.779753449836862,7.200132461157075,-9.804003184770876,-9.524823510671812,7.338017435432445,6.343347670238551,-4.148528422762858,1.742155819840008,-0.466766890104580,-3.843372159222742,-7.811690058241318,5.365452557921241,9.901000963016781,-8.099113175662712,-6.714450668979342,-1.255386231439548,-4.221562101832705,5.172331613587748,-1.345214137332910,2.556278839493118,-4.319800960333106,5.819507476849090,2.598629478272251,0.957964020800153,5.823943748946315,-5.915307291296157,2.983872473321959,-1.934323303391956,-4.966307234259970,-7.310580649871412,-5.145605218009067,8.328854138706927,-7.445755642522274,-3.876224768827785,0.475182984431298,6.678546676044142,-2.722350132079616,-1.008280665324682,-4.563028597124593,1.123187491697928,5.708645492963294,-7.073598287446305,0.337306324804874,-6.431591266618630,3.426901696617193,6.092495484924150,2.426482742761575,-3.238317364029186,-3.523642301062926,-8.909879953723108,5.274753852844123,-5.983681059205002,8.941249904840483,-1.234340022451034,4.559192247412700,4.381361755344926,5.168423257836563,-8.504069804681219,-1.105654611810813,5.974238960841994,-3.728427319358392,-5.562615571509053,9.955993998364587,-9.658337225291522,-9.175140144844098,-9.075621654265129,-0.948732571512119,3.497500949381180,3.880728462590898,-4.961615825926733,4.568808592604164,-5.064261310083673,-9.337240768773146,-7.842356130478736,7.896216515787660,7.118970871034769,-3.301927632842954,1.388952293752812,-5.950920093684269,2.383270260571621,8.045073912236369,0.405314378357716,-4.649609272114359,9.015658112304468,4.917989957946620,-7.374000107015086,4.812858900801116,-6.010644679768708,-4.317795777432620,0.029777546896824,-3.162379225142353,9.619381274953380,-0.649365752521817,0.757626017848454,-3.498390017221169,-3.813452148223653,-4.792905158879841,5.148707661326643,7.535744119343427,-3.640452525344717,-6.316581876181533,-3.873758594820284,-6.914053273767307,-1.929854874492747,5.951689544857890,1.902788673621885,-6.136414288589953,9.243293920174921,-2.420926635940200,-2.019081937681420,-2.311861162217408,-9.634602086027231,-8.943146627955425,8.733578298501030,-4.175045634480437,6.095622588673432,-1.024902849583897,-4.583965141632622,-0.265121167707502,4.926569758726442,-5.350097965663649,0.961155685287878,-3.466830037711956,-4.838552875066804,-8.394683996450510,-7.042445904956027,-5.620911639166257,-9.247775637282787,7.996178134158640,-9.915202354981574,-7.614941290428538,-8.836856787312698,-9.709702949236810,-8.381107388081634,8.649430846323433,1.048946723800295,-5.409105458335901,-5.858583225586516,-0.938578497451537,8.120498299583858,-4.701434860651828,-3.899034977743867,7.389454481224803,-0.903076733491204,-1.819690278298696,2.574794707199469,-3.367915839530580,0.431171303401761,1.806682619315884,-2.496234935105730,2.975676134664116,-2.191579713844753,7.592910321312544,-5.109024972365834,-3.380745667700849,9.254820809390086,-6.011436098971550,-6.479388757568123,8.081607029837823,3.062893312818293,-5.338556050859918
7.114548656776488,-6.446146139730899,-5.610971082549070,0.103696983931446,-1.274759988848675,8.241800045267308,9.873053895261826,7.950547395749741,6.116109111673087,8.765388678875659,-6.305928222450181,2.078024516221845,-2.794059286263419,3.166333161499269,-6.194461626462173,7.260499101680953,9.972136350669505,-9.168624926679422,-4.732734042329037,7.812306758632140,9.034995246367249,0.195481674214147,7.551794065151100,8.413372472024530,4.849308100766194,4.236078099046605,-4.222535983714534,-0.239590234751796,-7.382388583730391,4.088249551767408,-5.385918305070645,-7.179980038967075,2.916009903673221,4.538016902332114,2.794875353197854,2.448828736555175,5.432821356718376,8.035819322240172,-7.365906580061134,-2.754313839637190,-1.979394751534951,0.000668227548001,-9.644551748998682,-6.346422500898714,-9.624391150057672,-6.431929348014027,0.374396429267954,-1.891790856627809,-8.970569529133144,2.774119964127255,-5.983845418079499,-3.085196834155877,2.289913634609944,0.614158244849175,-3.496672455984109,-7.982921207505540,1.497589710915960,-5.285224295239557,-0.033728289807449,-5.990518091122043,1.181581480870550,-2.642232892131555,-9.317043247328948,9.196227742252741,0.555585524705089,1.166512000942886,-2.272894077523171,4.701073975265933,8.452568196548398,7.609889376275326,-3.876365838748197,5.763166912859518,-6.563767772992226,-6.795439618263133,-5.989106479436536,-5.317377261352405,-7.240594651397019,1.253012672510751,-5.730025814677178,0.472697956187119,-2.793582207301086,8.520688025555792,-3.724763937583506,8.037045249743645,-3.077054002277981,-4.102506894609615,-3.289466984970877,0.259108486985813,-5.023266751575138,1.540261838800554,6.665651596343896,5.195527052326955,5.441218545093937,-6.325226982585956,2.242585048296649,-7.809396940915569,-4.831550985064084,-8.086787571013840,-3.824322369939797,-4.998180057451275,-3.156823363071688,-9.087409674439535,4.435324117236433,-6.862438952144623,-1.677899112710930,5.282349572231693,-4.462922625518315,8.034908557015019,0.344663685610229,-7.836021917663059,0.182411432337988,8.841352057720666,-4.183661100442151,5.081675340833403,-2.536251433921954,3.500173557734069,8.856846546248562,-2.878914979887193,8.244913694049202,-0.975489350089161,-7.152368063868694,0.931709047591209,-5.302107914953044,9.577111056818175,5.572258889186678,-0.337013349873985,2.701588425881994,-3.067394785377450,3.793114961373183,8.239188169196861,2.534573989147894,8.346748453845347,-0.749985706785210,-8.443166076221093,-8.192884541996108,-6.026596340570098,-1.548463288643747,4.286786360270971,-7.422188372862895,5.804293367592546,4.186089577897999,0.093907595261529,-1.579137133409734,1.131384166319314,-0.777694870798635,-7.282929881710998,-0.255327966742145,-9.257733275234353,0.742737446702167,-6.862970321093043,4.089335244556709,-4.273777870900717,1.514643770030116,-7.239219507909920,9.765168918801884,3.085179029970844,-0.310540632212264,2.772471566132783,9.840854720345146,6.579872954902267,8.550089657063310,1.389950317478636,-0.351142075342626,-9.142280900423730,6.810581734915569,9.759368605666015,2.005839731331722,-3.164955164364162,-4.335431593296420,0.097069151874580,7.628661895089650,3.348674077087360,-2.442230245047541,-0.002269551355660,9.952152173508676
-0.303543067926542,0.616452697432738,-8.490425744424861,-2.391086961428859,-6.628368919773855,-5.108832131184990,-0.941241615942808,-3.280517716076529,9.599960402898905,1.860008480977735,8.497661210129145,-1.203729612797201,-7.273239430804996,6.714314911783163,-5.525249782279960,0.250089483696115,7.152537732939024,-4.708453599052498,0.558556990958262,-8.528857914542634,-3.846698756218840,-8.957873027954800,5.905021337996622,1.680899537881171,-7.209335583099508,-0.871734684047018,-2.951121811554023,-6.416334097967629,8.053249385403625,-5.072649595519982,-8.660985939767372,-7.167666378359263,-6.297845080264121,-6.212526232731632,0.516411646216214,4.612777794949665,-2.102374822854818,-0.097211007491335,-1.498021009916002,7.086763980719248,-5.598660373069240,7.428544599905678,7.308677419667536,-8.786531434428181,-4.354203677885895,-7.587719411759517,2.968524241673883,-9.419248200954012,-5.975624767228489,5.365643171904587,-4.780115016582656,-2.219669953353211,-9.729633413926210,8.018244753526385,8.491841903705811,-0.683384859469705,2.497752020634147,-3.932459558366517,-4.350555392235078,-9.337974466002336,-9.098881138278813,9.023382338778724,-9.928479606699600,-9.219640314466327,8.961584707551882,-4.627329748548943,-7.301493535933448,-7.192127412201361,9.537569082893246,7.691547763673139,-1.918807562769437,7.100401168483810,4.935345559283732,-9.086727644024862,-6.881694858353981,9.395671272044986,-2.275974905014255,1.477172481691101,-9.393148524329966,-3.766736006204336,-0.159053412218647,-4.719943826230448,-7.072939423698759,0.186965881673588,-2.123906733838322,-3.418156575699642,-0.022522580873133,8.206709328817567,-6.082920262754530,-7.538101151083123,8.403252916464531,9.983547201220890,6.606868276071154,2.910426027826754,2.314452651575145,3.419295088536860,-0.550874625945905,-4.730810184395833,-0.674252677755545,9.193097754272308,-6.823600454842373,-9.460294401611666,-8.477436767423857,1.842405686414132,-8.784369979760598,-0.398050666212628,-4.539787152523560,7.349882125110490,-7.084656336528878,-0.635925305246287,-9.328969036906800,-2.331021518042435,7.131177435320129,1.480303586273395,-4.512467108509370,7.520755787432055,0.360089447285340,-9.074648750398687,6.096499312618008,0.159829421045622,-7.146572333001044,-0.125487077339423,-8.686768065425809,9.403012148314090,5.356727251814771,-9.567793586041853,3.132549386936940,7.179809405109506,-6.902353893070330,9.555088222327516,3.652263606502386,-7.989964848676947,2.369164048968877,-9.214263116705855,5.422825833706778,-9.199424294807432,9.296394517371244,-2.290306099212183,8.940125474308783,8.898057795485709,2.122682906004737,8.278823952177447,2.116894849690805,-2.069035808510189,5.321034282340172,-3.190214071760165,5.655486800693419,-1.152376611807631,6.555293074714484,2.617046986540416,-1.137402232208043,3.428564241162888,-0.729889811319538,-8.764295676142863,-0.161637722511276,-4.066241733998126,4.218482746476948,1.050837876401271,-1.799291869806574,-8.701456825154683,6.653256034790694,9.202581142824226,0.474300609338821,-9.015982797159996,6.429786978811400,8.982921492602117,-5.552566736940935,6.281232861985181,5.804553458319873,9.494183412383745,3.277533489251173,-5.189716846276693,-9.635288601369876,9.068599350167034,-1.060543294191667
8.308854347465466,-6.950314547739012,9.906122174506670,-3.105022157040298,8.743987786094358,8.664515327882320,-9.785438325670725,-2.933966731746200,-3.520946240760710,-9.311604514855482,2.754826691685587,-5.620935744344715,0.582088341448388,5.797496177377376,-3.139978698986856,8.612748988399375,-2.067747795746619,3.139512576846329,0.621720591283863,0.201264680948423,-4.710031301705979,9.319058035164659,-6.144421388963799,-2.051166795094288,0.896792506012780,5.051281580069492,8.846353854892083,-8.851697119413984,-0.226138319902930,8.869411525427655,6.935138084265517,-5.149934714244530,7.264179206323394,-5.749991550178873,-7.823372630089926,0.302973449339014,-6.608565414148721,9.860650261210363,8.179847228798415,-8.193354078556744,-9.161360920483496,-6.689627213898557,4.207803813450129,8.359947488746894,3.758928780581844,2.481931466886886,4.782379078424178,4.488001824057321,7.651943316340088,4.118266798485790,9.666090701406759,6.392689630647176,5.011431611835883,3.645884221406968,-3.398965970052885,-1.817679887591868,5.522659356857329,-4.130512213081239,-6.835569152675247,-2.034956323563915,-1.376472027073623,-3.096826650429206,2.829772364186979,7.800007688597344,4.568871412083606,-2.146592489063444,-7.895272030305104,-2.710544117277651,-7.186526972751752,-6.449584017468983,-9.716164867174477,-4.988394267361316,-4.408929571281572,-2.885582560437454,-7.307089625983652,2.096640491528310,6.348361961923302,-0.068007336098734,1.993700765526150,-8.006236088234086,1.536565445592643,-8.959516384625166,4.122571264843344,-3.048065572632302,2.744485628079147,-2.048181491440724,-2.065141072779380,-9.519122187810087,3.123334244484038,-0.546545675352355,7.182047363478834,-0.597082339856033,-6.557545088253153,2.818531519487861,-8.953535326296478,-9.984552522890084,8.728644137999751,0.259770999556340,-2.183707302759390,-1.754131995165348,9.088588355527062,9.053129477259546,2.906701165032308,-1.586679980623790,-5.033633900610248,-4.236437701723483,3.079154596761233,8.908615211215551,-7.770540480785268,5.781321458155803,-9.663332030268490,-1.464946709289965,-5.354121156695644,-2.220249362700426,0.617364959230313,5.346052580635121,-7.198281292397435,9.947112564110906,9.647852742974738,-6.966948970941489,-6.355269017446162,-4.018775475323388,-1.163170593445873,-4.720140453637498,5.578488633191272,-2.329433281605882,4.002830593352137,-7.610227378005781,5.898451004726340,-1.883873261704361,-4.110301099786586,6.131762836063643,8.270122709769780,4.532411172140161,7.961362065918358,-8.077371742583956,-7.129811658919394,0.169664741834779,2.858100471941809,2.920305748274622,0.953601936828349,9.745099736215330,-2.735202519278275,5.450408076369722,6.584476992411201,9.096526158819024,-7.744894203849782,-3.893221780550855,6.339223647577693,-2.797218271343118,-1.686712293399523,9.607665805390219,8.891689181642089,3.548659416863828,-7.285394186733589,-8.977380697581360,2.235128677468909,-6.395100498214572,-6.381659762449646,4.878535021719721,-0.487438252207630,-8.498088657844979,7.440164271701846,0.756742894588399,3.436436141319476,-5.130531902690261,-9.381267864447793,-6.243426003842940,-0.912332451428826,-9.491187580700416,2.388986746330373,-5.285703200213534,-8.928484696008175,8.832832182030963,-4.593335025684111
-4.179831411891657,-8.013395395314449,2.698515806891898,4.311661040779883,3.521163613516888,3.254832541935272,7.762947694963337,-5.299650498153055,6.007341093122118,8.801086125477472,0.447632467493282,2.231251918941284,3.709459406541324,2.887249732335688,7.273323750371016,-5.637391290079112,4.783464264840863,3.822403443764182,2.533896923731350,-5.325444470444651,1.813488357167552,-0.108016807913327,-3.063520570408810,-2.991417460058705,4.181774156587249,3.445791036928242,-6.744911677826961,7.188944655715336,3.881106034585173,9.334322713252984,-7.300078329582851,-2.131104727021363,3.017768160974725,5.851733263444922,-9.211564674697605,4.866759980922563,8.243576915659922,4.699787299625600,6.112607243120372,-4.633992454400269,9.632810656375394,7.864041790559948,6.523251537923386,3.984507035745317,5.713203718339983,-9.151022817544877,-0.170822093181053,-3.826904482033600,2.138135538375840,8.305788384032354,-3.405350667058034,9.540006260878442,6.437045520985116,-4.148085663702878,-0.358580262511980,7.911481571264545,-0.488441600416703,0.108054863814770,4.187114952182904,-9.970376752771351,3.802314265033072,-0.146185567575563,-5.056616352292924,-3.719143665391216,4.834161886187783,-1.164784311541204,-9.200739343407083,5.450093181025791,1.722492793735615,-9.531482928938610,1.027806177895695,-5.634108333245633,9.688292231178210,-0.162414296544267,-7.193446783083546,-7.133825621655598,3.470255599043126,3.790610886225922,8.193989800324594,-0.343939296002562,6.704613719268163,-3.236419945518674,8.753089423401139,1.748385490438451,5.081829885133619,-2.362531996852977,-9.688011281884199,-5.146316792602668,9.033357723031980,0.646503010196227,-8.275379136807747,7.777888063062662,7.925620797701892,2.211676176921355,-9.606857016265874,-9.968597559387577,3.561482661268862,-6.634502849231989,-8.241906474154328,0.085466848096855,0.079292872725192,-2.554733238786683,2.850541098799502,7.223331000717906,-0.638257109406695,-3.142726148020931,-1.509931994512314,9.641228254079206,8.573409920114759,-9.769379709748467,4.506559211418370,-1.090064742311528,-3.171930849596007,9.420308846043834,1.902842399100930,5.428866937206742,-3.160691329895617,-1.066495623512360,0.053814776371276,8.225729132217797,2.230986454874508,6.916290651230263,9.255353082385700,9.942867980992563,2.936286342129611,-8.185580953512684,-0.237921312138617,-8.174446533479250,0.978259456717508,3.849789775754049,-9.183415479681006,-5.218970681339545,-2.071255950583357,-6.900723637750423,-0.983286776142355,3.636628422610125,-9.571139449543175,-7.109002428989766,6.700784647179784,8.697309574051875,-6.357307929371741,-9.849770631153955,-0.077522645132706,-5.852106190017969,-4.142656626142638,-4.537397849188071,-4.057736380435976,8.798979147607927,-3.293174589392194,8.701400496622480,-4.421061347635858,-7.031291467033354,9.837401122102143,-0.439807863059547,-9.796197800420373,-1.503424899183820,-4.477443928231044,-3.926224165330929,1.703412957285817,-6.506402462984391,-0.105733786516897,-0.578661327218459,0.577004775152265,-5.130481751618219,-3.973845233037958,6.319377737307132,-3.902503132274411,-4.255415474439754,-5.503442711944995,6.435714696912818,-2.442453511472811,7.206337855877468,2.371082044871226,2.786608783804409,-0.991583659507480
-9.434971579287572,-6.676024377702980,3.967959825286835,-6.415660175092670,-1.037781961957258,-9.736599281692193,-1.559044665318613,-3.283522425664309,8.541466728356824,-2.059649668895888,2.927124350760955,4.194859547148845,1.082377342159131,8.525507981222901,2.009054876948813,-3.203133609009101,6.986177677447245,-8.680936419487423,2.075718959658992,-2.532885113089201,-9.900588441297877,4.448564686152942,9.491613200829359,-0.375455242341792,3.324438585104073,3.756086016511597,-2.149553018909565,-7.786693707261543,8.473504301747671,0.552877283626037,2.388553028605971,6.027383469894058,5.109524131875814,-9.297754657077418,5.924894369446999,-5.216479796819035,-5.431166198892699,-5.473770835434917,-0.835284719072597,7.002943941031937,8.012765991188541,-2.238900733093210,-0.921328346805566,-6.962978734143334,-9.710592381733205,8.524258774802714,1.522719987511509,7.363045368039302,-0.282594115627395,-6.924513928628855,-8.554096376373927,-0.986073452896463,4.486904624472871,-0.982075585980413,4.651190247582219,-5.098243844490343,1.237450068872599,-2.181120944631103,-3.622956174791996,3.298115889223796,4.509883083451211,1.994800023316504,-9.418840346231024,-4.801371686070885,-6.719153531105193,-3.523848419824686,-4.161501841864990,2.660807261730401,3.092029844091167,-2.021740174459479,-0.731678313114269,-1.787143947196155,5.662762914711339,0.948567272529953,-7.220984409550287,6.082008122973217,7.318615293181917,-6.974199476322562,5.059052061879081,-6.660611931635527,5.724314003322785,-4.412244133622300,9.536682521321588,7.582787671163850,-2.677380387681949,5.384569857664193,-5.580617912873125,9.437046004922237,-4.478474006916072,0.105892339357547,6.939330833175223,-8.492444844820138,-7.162042181885797,1.743857658651587,-3.649910147270163,8.856176499146539,-0.371285978239369,4.926174670927219,-4.267464126875584,-4.662773163992419,5.463435359689575,2.780465736137604,-5.563011866325889,6.010724658046179,-7.985780685573252,2.257130542055810,1.311080666874894,-3.374086838485438,-1.996879434835776,-9.572287641217043,2.145101441504503,3.100025126196650,0.821780684971001,-4.126302275694740,-8.912086407400023,5.719219127507312,-4.482956919569405,-9.523530992446217,-6.426694766094752,-8.029549918238869,-2.213271847622038,7.988204441356476,-1.001258255109608,-4.405769989891263,-0.673875468293105,4.902065194790863,9.887483196062053,3.794928697140875,2.228149115942886,-3.460814299311026,9.604982939996219,9.805511805806496,6.294216269450708,3.878210557263444,5.908710994451527,1.967091923366507,-0.582578540240897,8.368060373261002,1.090599746015409,-9.097781935794737,-8.472930587694927,-4.343181256558566,7.984802110780720,-6.749611869807211,-6.190845483335212,-3.663535344634319,2.731821529163890,3.279591061478413,-6.771834223700766,-9.667971362360920,2.242253092560633,-2.095583365262533,-6.737239493716398,0.672048818902722,-8.837668083239071,-1.556223900015040,9.331336965730681,-6.270378125187641,-6.840831422805776,-3.221359488810127,9.270210018723620,3.873993402796005,4.548052064654680,1.210597635111956,-3.185756945101978,6.840993488908346,-5.791797414325059,-4.024468819788918,7.354810852430344,-4.562088142849465,0.875423938024314,4.844032845685902,0.963784779745797,2.419429084615974,-2.050232180774644
-1.316681487865520,-8.913622831460660,-1.503165708874185,-0.532433246780180,-9.032271921838602,2.904303273087660,-4.548452890426756,-9.662219125029077,-2.128146614656405,9.782570555999136,-7.148801967631265,9.630365688917195,-5.057944367237798,-9.422324401761520,9.854694311092327,-3.780659322205809,8.430758681164143,5.279172819211169,8.921964240430313,-8.116357809635520,-6.115155190861312,-3.525621178890521,-7.315143941035926,7.773720240667991,-4.833681902627848,2.631851501081284,7.743672548998752,-1.487775908451399,-9.025826267445094,-6.088322844200085,-6.379765941622737,7.678302994537454,3.078358999399027,-4.590857426035830,5.621586842737059,1.488931265347354,0.607100557771945,-7.587013061623185,6.948072191670846,-2.324099553232621,-2.196361789619711,-2.713766372249367,-0.353825685641612,1.710958638716331,3.762852656209542,-3.933915101463872,3.536520527111515,-3.320696138659869,9.026704933479543,-1.134226192311301,2.197222291598360,-8.644785444300013,-5.933491583573498,5.740139144594480,-7.158198784648797,5.812950094927213,-1.648784080829834,4.855660670134757,-0.233991675632739,7.311006959592483,8.401375354575350,-3.597590453803720,9.491293280666778,4.985277707717955,-2.464277594214687,6.580142542628177,-3.528223104032381,-4.088206763767801,1.704570478926076,7.050726284141465,1.618436453676033,-7.490117604316415,-8.222753756826018,7.317087737821865,1.728251359400861,6.174572497082075,3.584672546909903,4.761177324721462,9.622987172981535,-8.061879721564246,6.901087982348809,8.841592486950571,-5.410940554982839,3.704840234091476,-2.662868210007829,-8.152840992718609,7.497536083291241,8.230002703428617,-2.802430207537807,7.387812274878929,8.220851095533853,-8.371551737479287,2.755367424367265,5.520587281315398,2.166934073586882,9.701178293802506,-1.701760457057070,6.953253444066444,1.309884712975755,-8.912109821921465,-5.454060998340196,-3.312343445073780,-4.561950100146801,-9.721401289972695,6.824624804427202,6.799769715323457,4.071932306014812,-4.056662396555555,7.276968643921048,0.390661774274406,6.516847394718383,-1.425788419595229,3.680889331492166,-7.816773375941903,-6.119226717053181,7.267620146433181,0.317177412342744,4.222727469300590,-8.769951050886036,0.009321774705732,4.368898232861167,0.040810795688023,4.833675019506030,-8.543274456875107,-3.931224173162551,0.930221110409100,-0.827669464884817,-0.603889516008184,-9.758649438702056,-4.667117700849753,-8.131364478589781,-2.279566111896383,-6.502833684529367,6.109675367392580,-3.155534281081822,-8.578909740335783,1.259024318631653,-3.079513588555331,0.835129721722236,-6.554294554423558,-0.601234320903043,-8.040656075890896,-5.675136920361821,1.709952779860506,1.012250032406603,4.633966910850933,6.010741716231376,-6.913612234196234,-5.243033621544138,6.803037742750625,-0.409988730796954,1.890594597982728,1.960680303530957,5.518854368029075,8.584827752873011,-4.464712895814040,-1.139935616440418,-1.409249930058937,-1.452733215912222,-9.173964044812076,-2.980390536053800,-9.509860001151013,0.590998160931504,-8.051968411854418,0.766497835956940,4.302224988003667,4.103195520148883,-1.391646614763777,-2.517272018203631,-1.298648459326214,-0.070220177338886,-0.732128659165115,-9.992441895633000,-9.216989616313249,5.995917395108037
-1.299772414000937,2.936278849496221,-0.661887268481031,6.591063691847864,2.455027633954758,7.223090346291990,8.420236762265326,-6.394370860696121,-8.896868685977770,-0.460071454493487,-7.562687662123288,-7.194080771443732,3.070308515416464,-2.207765155329666,9.129481376259648,3.314940725378575,0.597511203218811,-4.035431121195813,-0.035109580069051,9.409217545920960,3.563745762293353,-7.441915576950306,8.317913491414831,-4.646506474315137,-6.626547887332599,9.553785800514500,8.386048011127457,-1.337680330095752,-9.184199185300621,-2.410245175227987,-0.646366120741583,-1.474488978412463,0.916034361091949,8.225461442029133,8.408508068102702,1.553548549679014,-4.717864846517672,-1.407772165219288,-8.732275490790906,-6.010424262205280,-5.416272795268650,-9.901385905414664,-6.679815065530867,6.320653432090623,-0.975869332794954,-8.589401674601486,-0.457086500021040,-6.250746775836522,-0.510645374645787,3.577103576893609,-3.868493467711104,-7.942467782383380,-1.390147516885726,7.326045531361537,6.017048794738432,-6.651308804554674,-7.125879196490079,3.223781343930842,5.147280924176501,-3.780482703651654,9.026940938320266,-3.226426214011568,1.130342926963269,3.865181617415763,-4.329213795379150,0.257721241327705,-5.810976524029067,-7.118048782168700,-7.095406727795261,-2.721554962856874,0.046167910335249,1.547849892832176,-7.344556920145637,8.501722450442486,1.596396286878750,7.229687652269238,-4.894521802115381,8.172795598847951,6.008160209351573,6.621621315119011,-4.736826143599675,-1.899831164433607,-4.542796411042886,-7.556422684591679,0.434339769005396,-5.171549131326209,-7.997481519543898,-2.266650265505241,-4.424676417808668,5.026431334038561,-8.897204014618708,-0.317409343516262,4.839209180780077,9.641874108625817,-8.272352914038025,-4.193092192029138,-7.508338751118449,6.166724743061451,1.875785998925528,-0.593921704519897,3.450385699636350,-4.043631949050150,4.535177753934182,2.459247801597460,-3.973296180756170,-2.848840555462311,5.287400502743351,-7.688920324127189,0.752059899832513,-7.093049168842893,4.646833462015215,-0.310213263291903,4.155800541408549,6.247736067956854,3.128074981429933,8.349473902226531,6.044743056583577,-3.495445325378741,-1.815654106935769,-4.338126229319395,-6.834820651503170,-0.146766764441681,3.220437043153963,-6.460377354310016,6.400926137811002,-8.476732298604944,-5.530335876536270,7.137573371045807,-4.745574043173995,6.327987997075695,2.078532329531582,-9.012244565989381,-1.680605006577911,3.704499636403874,-9.825715260618789,9.941134848169796,-1.471900441204179,-6.062588495491575,7.656029756881107,-5.134348449015967,-0.918372149355374,-9.002738889610809,-6.800567665290684,-8.480542840375875,-9.275623941612544,2.499844720151616,0.131771348905820,-2.143867663447394,1.621563131730021,-3.277696357103594,9.598269114948788,-2.189358615299097,3.363131396166128,6.506254186316063,2.982502598182021,-5.573534502315553,3.760357928696072,-4.442360425254930,-3.570912283654961,-5.960380663884881,8.830388306490772,4.392187125986563,-4.000026916402337,-3.253788859626559,-5.511788658347855,0.820074684000740,-3.357048101587658,-5.125505738907914,7.195856087852235,-8.768170197773713,0.522491720817253,8.446333837433823,5.873561536326125,1.763099881862484,-7.471303877069834
-1.974039957048703,8.040639958958543,-3.163708345598897,-0.617050822617870,-3.518903945685601,-2.689427824971351,-5.893753023231334,0.392933098416384,8.809627653946020,-4.217358885180024,-7.908806089895921,9.616763200970251,-4.727792943179418,-1.936043054454100,-0.291921418348606,-1.304620722878603,-8.541277002076663,9.257132423993475,2.350367242387012,-9.655174397894861,0.726597501621114,-6.092011271354041,-3.736038765580783,-2.555264059303644,8.773872765338446,4.093692876837704,8.834419447317931,0.343348506681671,9.793775360558588,-3.234257286759146,5.593938676572916,1.060056955877354,5.064481979072442,3.478783284702040,-4.236029909182375,-3.301797440069796,4.854019559034130,0.983938246376781,-6.128733676873415,4.806150612191589,-1.645469996373187,-8.796829733445868,4.401499232954986,-0.480517037942434,4.387179155353678,-1.024527902187565,8.860500492800110,-2.812497224633002,7.225297349084151,7.068704833263226,6.915613160389572,5.489081460933518,-7.188642560270553,-5.516952815184002,5.869924761816330,-6.565749127465910,4.960410983590116,2.034979522294456,8.143240054528782,4.101212786424862,7.482229145177765,5.451297240601203,-1.010345245838147,4.406134554725867,-5.598781677599353,5.401329668508566,9.804186956282763,-0.715327741538616,9.481609477834883,-2.578870616680787,-5.317246403964846,9.586832772152253,-8.734153071944226,3.441367433355879,-3.547146210451748,8.155723773370717,-9.812741352736756,-3.489903291244842,-8.291253680618222,-8.447821335772661,1.169112422719799,-2.747436187611374,-8.375313043413250,-5.816191052448314,6.203635653468517,-5.406972643678507,-1.634030208932888,-3.717804502848558,9.126857793378406,3.481877803638811,-1.376884160116497,0.797572752194000,-6.832481607106955,-6.695850150827647,0.344555712909717,1.497405841906755,-3.341062855696086,5.851515943140582,7.113728178389628,6.659365023951413,-7.974879843321665,-6.207407267158294,-0.164812610646340,-3.346852254925410,-6.872067951847622,-1.243441570209448,-7.097952202796121,-3.734102830744659,9.679623457944437,9.723760747581480,-9.635140144497552,-5.151868135064057,1.829598089808249,-4.815810119858326,-0.607972298614474,4.876999406121818,-8.800599095729746,9.440491127621655,0.960258310248109,9.817866797284204,-1.274553842794269,-8.227791239640293,0.947243243241632,9.779446799327015,9.714252131299105,-2.193911168060721,-4.312420147391611,-9.513650491362199,-4.922223358203586,5.199957202494282,-2.014435701655477,1.467657444221039,6.717861794733551,-0.716070307292490,4.073343066838046,-3.086252799721876,-3.428066415877613,-3.392246350961264,-2.559260458681236,-6.614117178433712,5.372659648986662,-2.833226883385351,0.158041491991023,-5.335466566844389,3.698419305151015,1.842343411406590,8.917819972665715,8.471625178834881,-5.783672297707705,-7.109144580984728,-1.574846294706898,-0.374377796738813,-6.206358830861022,2.724525278808272,8.765471275267519,-3.294256541011505,-0.773540515673151,7.559757984338098,0.843424843994372,-9.790262779213952,9.943028076661179,-7.344726009555409,3.391518050109015,4.630212037287293,2.279903505522396,8.496135739260588,-3.589247689300679,3.014488071180956,-7.859926533076460,4.293169615028853,-2.230041903934207,-4.712514749959587,1.321136357440240,-6.741792191501430,5.317241702222590
-6.606180557417631,-6.428187930285166,-8.608438571910551,1.321337131142075,-9.459322517232147,0.706378093367972,2.216292746228941,6.545572613327973,8.120276368076723,3.510516488635552,-6.263105198112338,9.243346600995071,6.857888593494440,-9.427547199832834,5.854654186184057,-9.153092703973090,1.165542362330612,-5.696781182675954,-4.859729197468139,-9.077174941889831,-3.232374705439605,-8.291632702394143,3.669319472394289,8.720299278681541,-0.802114583864009,3.970295825577729,-3.189591786418102,9.500070296661363,6.461739093911106,1.481250293743335,5.680797074201640,-3.095212484866323,-4.837846221594173,9.034113300848851,-9.554945479279514,0.100051199772357,-1.367148545358747,-5.809500480096224,4.153122170019241,-3.065426255932318,-2.702048472968047,-8.537858099670899,3.716509624349765,3.723011361827151,5.849367117606404,3.833306005238121,-3.419365672538250,4.448285278839181,-6.754583700666488,0.255248063489725,2.128557660390605,9.146487153737045,1.192818925197813,4.701428354681614,-8.254443666484605,-0.059772030612697,7.008248269120333,4.519579485037683,9.705589390100386,-5.969349551308996,0.474739750002641,-4.728709537374258,-1.667818712745568,-5.081740012940394,-3.157057913134171,-0.374449442238106,-9.909249111892432,-1.562676818667072,0.209827425514996,7.920753741051179,7.033701786107304,-4.379058784862007,-8.138532067724553,1.732953649575364,-3.537984483727470,4.180855412052452,-3.347233529710891,3.648639374455572,4.636420924812549,-0.686562137654613,-7.424435563181706,-1.742612574563076,3.745007952592607,-8.418628227633507,-1.198517528748033,-0.041985073012105,5.464459567182837,-7.866863173611680,5.145130519604644,1.627500010899647,7.177443326698619,-4.856652450438023,0.283986316191653,9.563712008300548,-1.176118702707289,-6.328456514391625,8.923342627781675,-2.957164976802426,9.109376293183207,1.805350344493892,7.131889888361314,1.756275728286097,-1.076203688956664,1.697731078300318,2.387422489687470,-2.297450191414057,1.377964950387270,2.506974285211159,-8.112249722000053,-0.906326212093436,-7.484832359568117,-7.445441947067140,-7.650270053743363,-5.499700042444264,5.324343830021425,-3.536069645716866,1.269081040833040,-4.509753073534193,-4.282587347115879,4.778709609386681,-6.352905807210012,-7.374827191689530,-8.376896952153679,-3.360594515009170,4.005991703375791,-5.217370566226625,-3.714320469303329,5.630417641108030,6.307010889084189,2.638443831742167,-0.336325608193677,3.103218655091455,5.439712008124735,-0.449974572899812,0.195984130591281,5.498387264709354,6.658893095164689,-7.549625783523775,-1.744781245326429,6.553615969868240,0.150870841023922,-5.107708794865989,0.362247974634457,-8.637979654840782,0.108023697177053,-3.827600728471299,-6.965231295545708,-4.893542361399083,6.812307170746678,-3.852851232775434,-6.141284393811470,-1.607497618803500,-3.374974834900673,-5.933991159851166,-5.848397236115392,9.061795015860337,4.665348270940955,2.180159956414506,-1.441012467795900,-5.339181561251714,-3.260637818997831,8.101413042425236,-3.178328346412231,3.636722269924711,-4.490231154905223,7.967322020725454,-8.257178596571809,-8.767092321524837,0.052351247006776,8.214803873634374,-8.138267060670310,-2.860679083754059,6.117761874310812,0.439654842738912,2.424443620257692
-6.428092590308408,-1.733794956983314,9.430291500194887,6.677314241212656,-0.799437333145159,-8.842739093118414,-5.656628799424768,-7.337236778705170,-2.872855399568952,-7.061149256259309,6.131944966833967,-3.130717229020139,-2.153951176027546,-5.827034904171331,3.714954359714078,4.942571949344192,8.088702962914653,4.318576192013532,-0.337932225416623,5.056285530602803,5.895416725632980,2.144985655493031,0.970402155788905,1.551018958031831,8.914428339733419,-0.929096974665693,3.560120300324702,7.242909887812196,4.298637568484498,9.532806741999590,6.174983806409667,6.674940434208228,9.244779171324666,-9.942819864516606,-5.870858264001320,3.966980341299180,6.406495794243305,-7.572913678828000,5.883563247435619,-7.260457160605673,-5.557257297307732,-0.485051005491934,5.190739027619307,1.155594853302901,-8.787897570103802,-6.219561290757014,3.507397086368119,8.420938936583511,6.604595097522360,-8.921020800267703,3.128210743236689,-5.295843966925657,-4.084945655768788,-7.737702979607217,1.353292916709485,9.621954108457047,9.597420413318950,-7.463618291145426,1.207025111975266,-5.040192996866630,3.282178079203415,0.513743568255167,6.460211439390406,1.218860605871745,-7.582972184846454,-8.485120064827296,4.433315632938369,5.413120997883150,-4.715203633439886,-4.659378164846171,-2.014317761554258,-3.366520683611569,-7.921606261340335,-2.706602390488531,-0.985760921049064,0.481888727485295,-7.491556668172379,-2.542250561697303,-1.651526741971201,4.169592385416330,-4.316722684756127,3.859710525068568,8.828335484497135,-3.595752238766101,-2.675687794609978,2.686251900126601,3.663627508227453,-7.225167508210768,0.932891445647911,5.057389215671988,8.032624833077019,7.455008089668137,-5.875015185796036,3.936815584577822,9.373985604401472,-9.808772229326252,4.472307797171320,-7.878931689820940,-8.750741970707036,6.754322738786591,8.288238777082679,9.084495323844674,3.031351321607307,5.562625616621506,1.810987744412769,4.241137151336666,1.984966009559756,-1.353609158758587,-3.143566635562309,5.622721901069376,7.945165862458307,9.958644002729436,4.134673180976666,6.109477147996540,-9.906997239849535,3.164059290137883,-1.828193680751557,1.474285162746272,-5.921427598397231,3.121798075174510,4.707200159482197,0.771085479412941,-0.798897763603751,4.261362052817137,5.248883126884047,-4.699219732833915,9.407587111531477,3.755274818678069,4.590924613262029,-9.023311235969436,-0.228881593037757,1.322171424277487,8.318290567990768,-4.921828267509820,5.785006819386014,-8.877456449111392,9.337325942727954,-8.340702554493911,-8.484227195894498,2.267267617754626,-9.082393619144092,-6.075223727773782,-3.721798551735864,1.628677605143665,-8.883069105579491,5.449596346778227,-0.758849788070160,3.903608494079592,4.463709611375599,-1.278716476579485,3.079822001334467,4.689755922696781,8.951537937811857,5.617558096885375,6.022915926421625,0.383247684302855,5.614087143110728,6.695800053786432,-4.522253106436096,1.822274546404270,-1.986955074795612,2.201719649670384,-2.616424760266531,0.792789808555753,9.386984587927621,-9.098766585451383,-0.241154966504331,3.598152327384916,-8.101515834498079,0.807481347943593,-8.407786500229564,-9.102915888519371,-9.008980519517451,-4.218013281312722,-9.726259555988882
3.413468276642305,-7.221811323638027,-2.242247748957437,0.299785880049800,8.214872857243783,-8.785570951055108,-7.272948865989550,-0.700556703248091,-6.147781980370457,9.528643325079898,-7.783141449814355,2.833388571001493,-3.231115364921910,0.269154819809330,-6.933664976175089,2.579057393033635,-5.628166209262762,4.066560307152569,-5.326665975256950,7.351651230872271,7.388210619110001,0.599991059451689,3.241343816313389,-0.995006271580790,5.763816575789987,3.212559426476238,1.756825016650208,-8.709127899735529,-2.413663313238312,-7.311529722339678,-2.823624011344688,0.433891453893288,3.069972303168754,-7.712505061265502,-6.151854373240456,2.697373904949513,-1.066069910752274,9.313042956245326,2.902636550848374,-0.192086391703477,-7.015629822033150,6.754154546489694,6.307970215460905,8.320811261249538,0.402157588395230,-7.265830345014606,-5.254717732084218,3.607641653745166,9.659959671899692,5.558691261929830,7.707733549185157,8.003242932697109,4.411364414702296,-6.617119377022296,4.537455782329712,-9.840551270944232,2.257197544540745,-5.973401965576941,-0.662612810518766,5.306935833510115,-6.006397190347315,-8.968117103523031,-9.904584580398303,6.204177622538882,-6.575753849172377,-1.588819960043748,-9.362261243369630,-0.657034688473395,-9.956524601191113,5.858452650721413,6.951204139034385,4.847590451345313,4.382701437362220,2.895970134410604,0.461340366273788,-4.881567920179934,-5.803352096767211,1.440030959592562,-7.685432825542636,1.509974800112515,4.470452396664683,-5.622914429806896,-2.793098118125680,5.090170617025283,4.402631756606700,8.885077573159435,3.045152643099172,-4.078443373057627,7.128765469954267,-6.429926308056009,-9.910393470429364,-7.434092896735713,0.175803169614282,-6.186517118088446,9.596018946210329,-7.191828145465314,-8.814312212960777,-3.252947654210923,1.604331436126758,-5.390628429550279,-0.619418663017779,-8.608519082811245,7.491168766235077,-4.023585154344717,9.592842666515885,-7.745762029789917,-2.530421608768501,1.975287786675334,-7.844238801764709,-9.220919098489901,6.101314092400671,9.700960810373140,5.099425568094775,-5.012031137400392,-7.316261154317873,0.939275356156271,0.101573456463973,0.961957465156793,8.076229521501208,9.749084736455931,-9.940398678391691,1.879569956589187,1.642704237742787,-9.876625222116711,0.822883241004185,2.738109092987727,6.068566495055261,8.464868608472354,-0.211123743779511,-0.839004986135677,3.348891349357769,-8.520555470323622,-9.105003162911869,1.245886100115980,-9.912650941576944,7.897220229234456,2.980636996762078,1.872014461715526,7.600217498825273,-2.885474725322874,6.347507097085540,-6.158846722042473,-3.857927262311918,-7.541331300395308,-4.362014054693438,3.753947665607589,1.973881096604853,-3.519378000321582,-4.310109767300458,-7.385745912838752,5.638332657143161,9.471008727950384,-2.329720129706230,-0.694979751674285,-7.945004194909451,5.429108901945138,6.027176507868816,-9.493832445191906,-3.438182175445004,5.400236154667654,-6.056077453809305,-2.746993359924874,6.732895951593342,2.202341333264886,-4.167528526247857,-3.576232308827187,-9.733858923896864,0.420160892141865,4.178606875834960,-0.652068261303052,3.274117463515447,5.700876485487520,0.621006272590954,-7.761309098711902,9.389864918500418
-1.855744182082987,-0.698930901860022,-9.011655351196042,-2.944914834916146,-4.475800087986315,5.600935283329932,-4.625822509368902,5.650531718381522,-7.978046968933981,5.864092310360638,-2.040200178043630,0.247114829687334,-9.217964047240093,7.964890435188000,-8.784815284745786,2.269620378607035,6.118458277147788,-8.240503853765649,-5.097482089017699,-0.309542059293907,-0.270474209317426,-8.931071538499724,8.116446652682043,2.036337814287988,0.962966917709032,0.847931717282790,-7.789552438244638,-2.357491415877235,-9.606089389038386,-0.800311564212668,8.937795654753657,8.786086544031541,6.521654512773498,4.855201381069307,-5.325250042290037,8.487655922337328,-6.745400902745557,1.730791310070384,-3.639667816524790,1.307706236676173,-3.018642767229638,5.523726818524510,-1.023637465446479,9.055585695052329,-7.761044021430392,6.530759511604394,6.726198790933044,-3.767705648237259,-6.618507952141033,-5.398697347967925,7.772979393537113,2.411191316330941,-0.305794596018274,-9.296692139137777,-6.758952901193642,-5.785005152824017,6.693911845931702,7.962101155709590,9.320161665178528,4.162874062752092,-7.953434853201320,-3.442543378391029,2.532625331754810,2.046345037291355,3.369030405000085,-4.344953785025341,0.248214699242681,-4.649884625929539,8.303693421316062,8.982056957897761,0.674776994813538,-7.208994983531818,-4.785691908691570,9.068949427365041,-6.784947473948961,9.710510420368653,-6.535857535107379,-2.004632550035983,4.482828738267697,9.749617818922399,3.029466628390086,2.563031539369064,8.060964824213613,3.320950869269229,-5.842624489449138,-5.787143529242855,-6.241438253470005,4.519954128083317,3.326660401238104,-6.434501009410319,-6.629255886711912,-3.528777158934419,-7.440251127763274,8.228435303636513,-4.408416383247418,-3.846933846627509,-1.708789501684223,-6.372637198759541,-5.349677545673868,-5.749591085302952,9.371248351120144,3.501526058609141,-9.432297868521566,7.198537554768873,6.206663425118883,-4.964857729430781,3.992371675738667,1.806270805177327,8.109179082763774,9.486345503057063,-6.596333880315348,-7.467945919865622,7.491668861142134,8.455025420453218,-7.840065977514358,6.160475698556425,1.349982039125150,8.372753075675167,1.086819404610290,-1.861268886782163,5.194151276102827,-5.116307961220940,-6.610290452447658,-5.779028562216455,4.131830025492363,-3.600506085205335,2.261668825592146,1.606082545386975,-4.513128893536615,5.101811636911407,5.165243716036301,4.635038899921714,0.702524889555660,1.233236116177830,-5.476435838953286,1.127823632442247,-2.585282652195695,-4.621289095921322,9.365050369154705,1.782665531007908,7.119465573412626,7.490656858671663,9.336680172620365,-5.110010007927341,2.892997092087565,-2.145448803238759,2.269392813169883,7.896163215484982,9.110437417885347,-2.457608003748706,-9.469196913330798,-1.028029460631771,-3.279355148589580,-6.006075140849703,-7.228453584183567,6.472649695255157,-3.189851726597242,3.438792306236127,-7.736214577673071,-6.558498394125150,-5.735390300979093,-0.507448332742744,-9.480031951616894,-7.707063150565919,-5.808794276288816,8.311606154145871,8.593994734785831,2.417062915502184,3.446815376226112,-7.504606021657077,-8.288654695843318,-5.185518684132278,-4.752218854596229,-0.490676674344286,-1.703247398247713
-5.481053151717505,-8.861701670114869,-0.512993232864519,-1.111377248315485,4.457946096888586,-2.983372272402198,-2.650373433957123,9.876663843845364,-7.917599440313323,8.522627649434746,6.388975442135646,-4.680759205249048,9.427633646968509,5.059262748947743,-5.347601128177430,-2.825799394786634,-1.242093760687224,3.583614492782335,4.118024093396990,0.544558981505258,1.121248936101749,8.406235316726843,7.303192054273509,6.065290176524623,-8.055172633629875,-6.461124806488103,5.497622286731794,1.562321088490572,2.494032885379456,4.919684109101031,4.310667098909756,-3.825154028015425,-7.436776067966435,-1.249289221166039,7.891642361124198,9.905957891095870,-4.401487425853395,-6.421271771759704,9.114643320977464,-2.607769610136311,8.396197484470072,6.908449070816186,8.002004061129206,8.372816838300352,-0.951770888072041,-9.081753143625502,2.362564953674351,-2.855625536535708,7.919425553131830,-0.949660709132774,-6.204975177083494,-6.681401983846493,2.788170908886450,4.592869456957471,-9.588863827684591,8.776632962101733,-2.542323708448963,-3.817439113426611,-2.270947619703803,9.658086402613907,9.682006260776017,5.381858893844436,-1.528213528827827,-5.608642506285464,0.316895960838384,-7.675334108262870,-3.993395658806287,5.978373548870481,-5.652325189005669,0.842174647634284,4.887483693895591,-9.314247103167872,0.726898405201435,-4.783511335802892,7.811833034797466,8.384117284392886,0.009679189071880,-0.843793615419809,-0.936091477483496,5.689117387420570,-6.178755842607657,7.104228711787890,5.763145274744186,8.177371573147823,1.837630327339726,6.591361978982448,3.874732490739422,2.054457719026672,-7.541916140280720,-2.460662740944111,0.461375392344291,5.095581012282132,1.589575183227211,-9.825627353250264,0.361499277315470,-8.465492719241819,-6.914601136882346,-2.403559751171988,-1.147892797176581,8.219871895397645,-5.342749122826689,-0.125263815748745,-2.301330262243917,-8.504332877702367,5.556062964356123,-9.027784621993789,-3.384069102196898,-0.750613340241511,-1.100634367543488,-9.179968093282366,3.694886791009973,7.247698144106028,-7.827870654309597,-5.152957452566245,-8.555337947921448,9.719147812159868,-0.347616503439191,-4.354954997282212,0.908071324656458,6.294664448467479,-9.671833208335414,1.114011569150144,-8.328448688309035,0.896769271433639,0.816409686167255,4.873150270132996,-0.412235455950249,-4.036991458773866,0.060490491364973,-3.362809299397497,2.602463029531863,-3.797095138916724,-6.175298813553828,-2.287600355046524,6.141667839576680,3.294239933769632,-5.852992343380661,-9.039056523004096,8.060848103539627,-1.424560806544244,5.630141908220001,1.698204268805409,0.320594929582752,4.665654633644269,2.508534448157697,-1.382688688916518,7.159970051906793,0.058082561882271,-7.378967531824285,5.578729016606603,7.682267535226330,-0.459771529637694,6.924107345253645,-9.993462735213466,-2.276879348351740,-3.801619805789731,5.110446504051311,2.579144074110587,-2.785152137854336,-6.550011111461096,-1.969605401494935,2.906460699797853,-3.949456866871007,-0.023816557354092,8.831780274149217,9.626775508218127,-4.884906709887453,-4.968022364949542,-3.825251136894982,-2.395092554438165,-0.357364777110483,4.080227746607081,8.485877763319081,-7.887656320166889,9.772333482017221
-2.047738315833172,3.885692051974459,-8.333832596749255,-2.456494244155154,-8.275548522368601,-5.618877227674551,-9.105396683246243,-7.977600061928993,7.198199147667466,9.088045786019919,6.332375886100124,-2.985467211589865,6.591156944050034,-9.947782730007230,3.203556785338401,4.498085007756226,9.656879150885562,4.648325703460499,7.288825014770591,3.196356534858335,7.621836931687401,-6.742446975527805,0.039470147262994,8.659101960962332,1.132575387456216,-4.645240558641531,-0.721200558464794,-0.945874046953374,8.965526867365348,-0.236363697393585,-5.325233764599053,5.562125005214485,-2.308089734436534,-6.983548575749170,7.871137960976885,-9.354960576044959,-5.546428622008495,9.633657764704434,1.941755855370639,1.482307115457431,0.325692809225128,-3.461125279453059,8.397863519230022,-1.177644003725607,-2.745548828146418,-7.876069051800165,-3.548507089902837,7.686653960895431,-6.994798945630336,-0.058113553362912,7.451723760970708,6.753501888198265,-9.499517678133181,-7.239478150016594,2.799885769810505,-1.714338112034511,0.243457480769923,4.337055527724207,8.151376034704494,3.473498492797873,6.155230808661546,-5.303272216273431,-0.032342859905444,6.822672267787013,-6.901432635497120,-3.319620269683510,7.682112379577212,2.440244541802411,2.626657272504175,-8.922428545581235,-1.940581584973140,-0.692830645018113,9.563730876412727,-0.103952817547510,2.781617650903300,-0.907428941525373,8.539505981924520,-0.239612068244924,1.306376847597786,-5.212550981386396,-1.876711471421293,9.547298192514276,9.241917938313545,8.171647674929662,-4.380156781416513,-1.042770546850448,0.059889559312769,9.082806834870446,8.231837605632311,7.991210352017497,-6.589772518073797,4.793170695575119,0.078910134806513,-9.189312410148332,7.609820903599328,5.175403256275752,-1.493759610963890,3.063885901941994,9.746752566001181,-7.683689698367047,9.056233333249274,-3.235858980043225,-2.775479262610620,-1.789802529000195,2.039576999589094,2.048871321381521,2.799746323865033,-9.880846582478407,4.705092564854263,5.947153254512536,-6.902978332822438,-2.677580456451114,2.796197401628929,6.049374692977146,1.315628994375688,-7.596504260877007,0.407366174349939,7.929427917082748,4.981604467301082,-9.370928475589320,-3.567988712050236,4.518358850396989,5.279917987739239,6.137856236164478,3.979730715916910,-4.782913391566137,-4.300150516539367,5.773516461683561,-2.986176507991454,3.499450944442415,-9.342078895044683,2.561692721175417,-8.488070969886184,-1.157412357523739,2.372981678831295,3.978159393979670,4.158887239871664,-5.361619562376796,-8.520782713865231,4.272772081225265,0.363220954336063,3.932939730718241,-4.848904290805402,2.982834482212191,-4.360272084678629,-5.819315729391685,2.739405163294906,6.129849921580515,-6.208776589679745,2.746657889388652,-1.924023482293366,-9.952823525443810,4.414998943368584,-9.376580373841035,-2.647159986763463,-8.989938608803961,-4.809773518796607,9.519685295432073,-7.820651827263346,7.794360054853382,9.527717326376958,9.280404393678360,9.616114410794431,4.537419503104378,1.834482465383275,1.903578972827200,2.415658400337140,6.424790765009913,-1.223188349817701,-6.497479390168836,1.897239174311098,4.706570536964616,-2.730819845664485,-3.361122178904732,-9.946020529273795
-9.713337413994498,-3.364394574826064,0.083365255542718,1.539521443009795,-5.834597121510468,-2.104883561714804,3.964263437301515,2.348605453201939,-7.498849125938909,3.288040132168941,-6.450880187000882,2.147566319382197,8.610262815220921,-6.336281655058020,9.833761942378985,-4.432309717615192,0.914418470062362,9.640048042838902,8.600776618684346,-3.864898731573028,1.331197789751595,-9.003206358246969,-3.541708622450748,2.629181023260108,0.378547292993538,-1.674722837864209,-2.959067359184471,-2.523799683668216,5.423042931117108,5.717009905039044,1.578508396524915,4.313075755826203,5.169223326066987,6.536413918604168,-0.725342070844007,-1.128325886424772,5.962200687198553,9.493185259130485,-6.784529795121848,0.766799675972809,1.889650427075368,-5.240846291831300,6.045522251967203,4.363966732352868,-3.620083526327909,8.655213331383681,8.585096987610466,7.387562043889684,1.633637105023716,-9.261102089201094,6.310110747373873,-1.794478733915382,6.068003139668956,2.036855044358031,1.184978005772887,-1.005569542842466,-6.805306723118079,4.842424879365018,6.258671245391337,-7.358891475820062,-0.309079999988676,-0.955938232825034,-6.967930972862293,-8.530011031828767,5.441234994632335,8.011091846126504,-2.905351305215311,-6.341921240507851,2.636141016925077,-7.580017217937813,-1.490909707440220,-8.207315177469773,3.224096599357786,3.752374802208202,3.724786909284695,-5.417193559419191,6.201494546052405,1.979420971406302,6.199852426255916,-5.091958178058606,-6.378208541785440,-5.946112643611241,7.767159257221092,-9.033404607010105,3.084569934123877,-6.685004108875379,7.764828078042573,-3.398636215198780,-1.223690282681741,4.194664696493573,-0.169939927506427,-9.448691968412216,7.584742756592448,-0.558471702210209,-0.858745068161525,5.383006480807289,1.654181378280207,1.311003252763429,2.719008687699310,9.246549280871786,-5.754464630980594,-8.584940640349444,-9.798349013677468,5.562224383065413,3.130681260265039,1.520612963515777,7.328815451130062,-9.991761845444739,1.998518074297460,-7.778183495874520,-7.225760590680004,-7.917220431312339,-9.473596888689340,-9.287967634014791,-5.244929798571791,-8.285199482760557,-9.386897789385241,-7.846937943481338,-6.238027745951720,-3.512526095198602,0.356033106963650,-6.020498832232876,-8.750439931024074,-7.943025246636286,-8.032681578815740,-5.040062833119436,4.474858503095533,8.701410143019729,-8.889093428452689,-1.759531652666510,0.242734536613195,7.892694977673880,9.673023186978856,-7.005634324709453,-7.424793711629940,6.902771645252013,0.313648098241789,-6.319655961841868,9.989952598673423,1.515072885561761,5.185204504627563,8.982018226575612,5.542578440576298,-2.754356537065132,6.158771296123923,-1.954344045693881,-4.669752893488552,3.133125392043958,-4.154692995907723,-3.893230176089757,1.504783439138329,2.583095303481930,7.257424803663163,-9.702965449557810,5.254305642784104,-1.284415857676475,-1.864244848627497,4.466805283660751,-7.527292825220558,-1.329451823572434,3.264248592829780,3.978879759622142,-3.637474041665749,-6.653894130762723,-6.848451221422931,-4.756932330973123,-6.089533735631525,-0.373908897794351,8.814964028180256,-1.680411356137697,9.796642947389440,6.931431566387730,-0.375165909124643,0.970256005467089,2.020326352226817
-0.018702060630520,-2.609443343138080,7.383838962695542,2.782675346794797,4.606041064319623,-9.017041572814632,7.304340230622799,-3.268492163776246,9.197469155045400,-7.011162679237277,4.148446922544899,-9.106503659399872,-5.990423463672096,-2.687470708089535,2.193486329125356,-7.424943922860809,1.585900294319886,-6.381789589829880,4.483457387676456,8.499696517619043,-8.044734027886417,-5.825039859050398,-0.755551589478296,-2.145402439848702,8.981064383660009,-1.575135297165586,-3.987546055411537,5.035183464450361,4.071392934463399,-7.450793712165551,-3.625519022681260,9.786129889267645,5.118437509284215,8.186789235141148,8.712180797980913,-1.499113879612574,-7.081559088562965,3.436751025593466,-1.673699545090024,-1.516941709233215,5.473747187397720,6.984531268064618,6.483715430162242,-3.421008370199282,0.588755018310533,-7.088131918870646,-0.638189546488253,-5.198757367442615,8.919992819730549,-2.651909194956636,8.120991844888255,-2.593028721092880,-8.987454353826552,-4.096646727537014,-8.521484119224240,9.388783953009824,-0.300708675725676,-8.403231873015880,5.446926444619997,2.839768366284067,-3.588949403149151,-8.587931816436878,1.362978915551569,4.278928653359156,-6.918964049212235,5.770306847605744,7.061150360224090,-1.088759113748479,-9.042658577123317,-2.966268653103716,-0.174135502147394,4.461155734190601,-4.611325494981859,8.684133732606000,0.493677250455596,8.388168620978107,9.219704994304575,-1.551306554066423,-4.239028222760568,-8.161371632214916,-7.171923821667794,-4.467326480741241,-2.214262608033300,6.846260678353392,-2.269232806815591,-5.257559437266208,0.311987297912788,0.674249222852268,7.149122822472410,4.627516281415783,7.335150265070236,2.444847119919215,9.241008068476667,-0.388448763242067,-4.870800754239292,-0.524062997365625,8.634799027806451,0.509807751390754,-0.518368377465299,-7.567511627967498,-2.190024628454030,2.665049256440629,-6.362945713582655,5.278517226732454,-2.675147749056705,0.337410142947709,7.103436029853455,5.811451424039110,-8.353797234737000,6.839734548602848,5.070239422203532,9.723300496219089,8.622183986106265,-1.624197598681192,-5.756055728307494,-2.164698209031815,1.444755770458437,-8.299549846449054,-8.440024625733058,0.860163740521847,-5.851222411527179,-9.733965473835934,-3.981968246300234,2.225548747852047,0.581593037189297,9.684996128009786,-0.628178701863282,-4.479117489088152,0.180239518676725,9.725442609687310,7.642053257705982,-5.301907074923704,-5.754885612061960,0.408957728476249,-1.772439481543682,6.460047714923164,-1.990866495762951,4.707963348676888,-9.484920545952908,-8.894685983589081,-0.936422785213523,-7.853872804847642,-4.964851309482277,-6.308981194027055,-5.280388348549756,5.039643597217937,9.185255457305907,-7.247879916021105,3.112648867718516,-7.965525575457988,2.180098148300797,-9.459277100899971,-3.632854816728432,1.293909721635115,8.103167340362617,-3.626508287250811,5.446768468713582,-6.959998755176732,2.105003962123178,-9.434062421562761,-9.864936973586282,-5.484003239156793,3.335507801119649,9.904843038595089,3.804585454654802,-2.601916788912916,5.348448679898095,-7.248312351698639,-7.591073578272751,-3.392816509097793,-7.322904291436574,1.379966248308955,3.197436023931722,2.864605298142900,-4.231677775447920
-9.438317435890065,3.086551914296118,-6.362251440210369,-3.298555224655766,-2.908515875298646,6.949230554276102,-4.256762292365705,7.373075898091379,1.665014744550334,-5.132583959870094,7.358045467647734,-2.065401404933116,2.094692088764793,4.970671565236957,-6.788634053190876,3.287788675830441,-7.331031534370725,3.785783803726268,-3.596668046195941,-4.419923576338912,2.422851649006432,3.941864534283365,-6.120924525192710,-6.651980155393444,7.993789783569436,4.176731948369085,-8.323230033421892,-3.504815208663736,9.516588635478076,7.729788937820871,8.506692027965524,-1.636278501795758,-7.295773317112822,0.905406354563230,7.535338995382165,9.446643569166511,-9.100109674262033,-9.995087065155275,7.945949231236323,-2.709174390639393,3.918105845581987,1.691206709493937,-1.600113628486641,4.919100682057437,0.326443413424522,7.829767281012078,-1.061003959716906,-0.241130327328339,-8.711688748024427,8.121445985029847,-6.626804768450643,-1.594512882115950,5.053771467120365,-5.832273800024379,-1.572100489585823,8.079044981415411,-1.686225364841107,-8.881311834970296,-2.269325262255864,-0.505526978052997,9.515224047525955,-4.445821141441026,-8.782819453308237,-5.044287157673530,-5.657538730294003,-4.251993424528755,-0.388493608312860,-9.193167573228681,3.183745381524602,8.300137818720764,2.634710193194108,-9.083752444934287,-3.164507325677397,7.036587275216441,-7.440898689141894,-6.071992306523541,1.431475327309100,-1.286748941355981,9.490772586763939,8.045388115531832,-6.604445149770683,-1.052592398842243,7.940488666223793,-2.183553803113341,-8.168835010427184,-8.363797289721166,2.105843843533840,-2.952235529645457,2.272755871798084,7.124116665684937,-0.866428574095918,-3.319382085039527,-3.583345194702359,-7.056433273991905,-6.893795949039660,-6.952834078479542,4.716188403717403,-1.726919581344152,-7.399324630996227,7.182451388561628,3.700560879303886,5.983559352854968,7.847192872160026,-8.501920932743243,1.253220422494646,8.658033610568264,5.423181070151557,-7.617594513139114,5.143929230690267,-4.295089869820439,9.099132124381693,-7.623016299747992,-5.252484812973483,-2.923120011559646,5.876400803805451,-6.637136719219869,-3.403815955361360,-1.235281509160655,-8.445727476580549,-1.071683878236858,-2.838635635023565,-4.280405608720446,-2.779185295791617,-3.671441882511837,0.540795090265998,-2.678385548438557,7.115547963997695,0.280105894787443,6.656013180358116,4.935963186822008,2.101157971583268,-7.799725902311501,0.102200996439056,5.475902881127030,6.025582178478828,-5.112671028274947,2.811622701351489,5.316670248218305,-2.151189181396454,6.356688275378929,-1.339614976552868,-5.686626239181116,1.727534319824377,2.655225753434589,1.662207123058375,4.647205597304184,-1.182142304952654,-8.791460914348555,-1.636418050087274,6.740084410392452,6.534170391840245,-2.784151666168173,-8.444278101899620,-4.460837433261995,8.006049071819234,3.849581313177513,6.254500362748480,0.489836509924626,-8.653438934917094,5.402131393237990,0.660170948907011,-2.551589255974738,-3.438001106379791,-9.557451576891987,-8.265000574878837,-2.341600313509136,-5.875437317764989,-5.101084428844671,8.240098556191413,2.270003093137547,0.345394509793129,7.292798455301064,-9.014035956198374,-7.299108004994754,3.108096537653600
-3.125634037321681,-0.467895626492506,4.040361665127662,-6.769935310492581,7.812218153463128,-1.472290281857369,1.786388609448672,9.126784474446797,3.832636413429098,0.014729301649840,4.784062789490864,-9.544189163316227,-2.429424593428848,-2.423936654183489,-0.159303721872487,-4.980852275033447,3.256171193996257,3.734444337343220,-4.487598460881042,4.191376931327538,-0.931310405533894,-7.725380651776299,-9.938244325888469,8.493243615966307,-2.433310759707361,2.102315844237024,0.825311766081407,-2.219462592066850,-8.009604936721956,7.588618544959470,-1.399053801401651,-4.249980302158638,8.121327185417002,7.500990447649908,0.081062185144985,6.821922223960030,1.435460041867058,-0.261219043643351,1.704580000561517,6.358313530327180,9.703728171466139,-7.667457481554305,-1.429651245089683,5.713043668368865,-2.339999127055408,-1.663127747469224,8.794990093131151,5.744884873594422,7.174923502161597,4.642827101097126,4.288567110024230,3.718459678019750,-0.441354897715843,9.530845132066599,-6.897136060440177,6.249999514342424,-7.754597777818577,9.057236640432681,-9.383748196071803,9.647562801098818,-7.633705858304792,-9.680545556422356,-0.778740312181549,2.298257468295134,2.776706010631431,-5.963329968406854,-1.286739317026719,-6.494658014896042,-6.668959173151128,-3.847824332483492,-6.908830782806731,5.989981607371750,-0.470090618711790,-4.693132645553475,1.741098417320671,-3.924017606361339,-3.636001326581455,2.231041768679670,-7.289785924278811,-7.066980999669143,6.380527128809405,0.971194820944898,4.966523426017865,2.970507330794177,-6.341664172048147,-1.591446390504300,3.821267980545283,-4.936299097938068,6.256718553092348,-6.895092961771530,-7.966830744761584,-0.853275664046343,7.680997385780515,6.014662497136353,-1.187828191626402,-3.218172221182698,-5.423334801661261,1.055670235821772,-1.368142655882853,2.623088051744240,-3.637527060800849,-1.503716151130954,5.632627702625108,-1.597308964476447,-7.716790834641241,8.400900295431505,-5.616794159843812,-9.932631435594651,-7.020800475285453,-0.440240659783305,2.134075520033951,8.329557743594574,4.453024243781007,-1.523140124259310,-8.851413237160486,0.923059672845440,4.252879940977746,8.358986745305042,7.188969723963613,6.711941943569354,7.063840336857993,-7.577405234176755,3.803911508807110,-6.889417687507409,-2.084512554827665,-4.365746719764241,6.061031270404232,3.119033838067036,3.175794349714645,5.528685010986212,-0.606514427209262,9.149102572842263,-3.294416040150169,9.314972337523542,8.099855611162898,8.007747761155514,5.392902431260270,9.466174631409469,2.196408377124165,-4.807083643301437,4.537883949899555,-6.872693882021837,-0.257319714823943,0.419455788588735,-5.093104752622104,-8.317937572094003,-1.606303178861692,-4.170080267933578,-8.929484006522339,-0.568083407897905,-5.344689270328155,-1.318093640584346,-7.244958804832500,4.444745202695177,-5.108856017910237,0.214608367367466,-7.060127092325247,-7.180478896188440,-5.233281345348257,-3.389559224850915,8.749228920111197,0.873373718763039,5.252591115147398,1.496322093243529,-4.515985114722469,3.419809471739086,-7.357896610633192,-3.468598063083137,-9.009396898471529,-0.561982861315599,7.355817367134236,5.921635379913754,7.349287869547261,7.288733059063638,-8.194218708379392
-1.378190724310596,-5.469943155153876,1.955925529439860,7.064390806966514,-2.438624710863985,-2.222259315102358,8.874705272647397,3.048318323815810,-2.773750513748928,9.215809022444581,-2.259588700606852,-7.592463352056447,-3.199219476955242,-4.232098996689972,7.485962993386156,-0.032803652075346,5.216801782526950,7.209616605762236,-7.955907100579740,-7.604022532641997,6.972822550150681,0.018650759216388,-0.714002618794428,0.894880045857242,6.869709255049305,5.869556377965788,0.402138427163640,1.491727359032208,-2.303832283486786,1.262481130191770,-5.275694897905776,-9.698518562863459,-5.107654549120557,-8.104629747159207,-6.838067728251831,9.827393342520505,-4.969861182554394,-1.243128885228813,-1.880292406993728,7.072741765369486,3.710746438950244,-4.202149210302018,-0.548756807306177,5.060504922660151,-6.875429254888347,-6.641425786107373,-6.784239041849293,-6.816608199553378,-9.826805827374578,5.389546527471051,-2.931548519191560,-9.774207126624677,-7.085890599491145,1.113715322078781,6.226975376288419,0.677520617487330,9.174561851779700,-4.753252194826789,5.516780707910296,7.831146738642502,-8.643015019348299,-5.034128848405777,-4.439558600293054,-6.675065496857464,-9.504997964139168,-9.943533785376804,0.206510561758478,4.331619466662456,-2.756836992360300,5.572745859138823,2.887685478830221,4.028241628456584,-6.064848820081066,-4.102317011454746,7.081435592661343,-5.187047413059105,5.505970030053149,2.566074796317132,5.077020451299223,-2.687038682207925,2.924954361034438,0.923270874904034,-1.156795869573827,7.557237343754398,0.867997729004752,-8.986210827811297,-1.934727222428908,-1.387372508202882,6.203286361506144,0.033216876931526,6.140183068025244,7.897896272933320,-5.483416584821967,-1.444183617335735,-2.216519487538702,6.426741660499523,-2.388049337336740,-4.872662258981153,-6.969173966452953,-8.853397517904254,9.153748458994659,-4.801798815954664,2.626222506373834,-6.170517511689974,-1.158703699094360,4.901311583587489,-4.404250607192481,-9.513479173826285,8.624800015730600,-8.852201042557027,-8.757586313133935,-7.057206236822637,-7.742492953504914,0.078765517666222,8.068541389565965,9.290602399410940,9.305037138477321,-4.127519655069043,-9.175850642646786,-4.080297690331078,3.368988548228200,-4.611780721935041,7.361321227956608,4.734808790639693,3.131816104828237,-4.419753750205285,3.389858673383896,-9.918821151496200,0.595585027032858,0.768813785257931,-3.787833259450908,5.781740120359004,3.684503819986706,8.789380740312094,4.159096951026292,-8.556053292185403,-3.857313605460060,7.656641157469878,-5.567654323411652,-7.555228642852445,6.295145922125613,-4.934397938938211,-3.766677123081188,6.860197706493302,-1.614360967640007,-9.030957060269369,-2.348037780653036,-1.742804239780815,-3.931440134395102,-9.436322953906416,-7.578846234743139,-8.379554437096514,7.622082909880117,-7.498009364772871,7.257034875148452,6.287627411905408,-5.342017130791142,-9.801365089118121,4.624374116605509,-5.213540520634419,-3.750632727113377,-3.844257038725800,-9.273073939400987,-8.000643812271655,5.355169958851603,8.462100634743226,-1.120092535225210,-1.830061342839567,-0.959332720752970,9.168983177073912,-5.824120450510957,2.704145765204784,9.727625128176193,7.372486273366146,-5.021972464265929
2.430598023002581,-9.866857556079989,2.148292881131349,-6.462509356511903,-4.430994173748197,-9.074780414419251,-0.689648351662042,6.315908476281180,-5.652424905482767,-2.454721950927460,-1.658194259790660,7.890655774873789,2.231469678481190,1.101613111313043,-4.156895272930252,-1.611264870303346,-3.919389075835602,-0.130120719937734,6.138689166525051,-7.820007567430036,2.178576912852972,9.576348018529913,-8.812516584534336,1.630777894767244,1.832091084831745,-7.402608168831895,-3.522434385480526,-0.848059485728889,-0.447704408683522,-0.798993832389243,-3.217285901080816,4.860967816027927,-6.154085455261895,9.843083006998125,-7.726428421942416,-6.386994413729436,3.782078317438586,-2.142722558968564,3.059383024915297,9.315236330955766,-1.436052828170073,2.535803466640754,-8.145180242482056,7.755470867168853,2.053230053241503,1.522856518766504,3.556186296790830,-2.064403839376549,-3.416339322988311,-8.914744080053902,-3.962719261302707,7.949191412898962,-2.751415698121040,-1.806633833908551,-1.217512888837744,7.650325169838055,-7.381958549477073,8.902487577346662,9.333950114429236,-4.373999425647270,-0.753563230880093,6.501737730956279,9.924028020191990,-4.903755161103104,0.810236230648167,9.999809972244563,-5.977910153150845,-5.506356181011983,0.491054908986266,6.158370601836751,5.314532025201737,1.190023591564708,-8.816829581407056,-1.224198391891578,6.822518048315736,4.220806103746572,0.670623925177118,-1.478989826924300,1.093172715285132,-4.426689757583566,9.020439270130808,-5.395011855399963,9.062617764621727,8.344092552085481,5.007506764360844,-5.798093486671028,2.556289130500090,0.847173347223825,-5.511900884480829,1.873557011448506,-5.181327527285811,-9.365106495827289,3.139905974886128,8.282552537924424,-5.141154918186500,-8.852561945023830,-9.161261985703407,0.187910529719492,4.228203047834743,8.053125845169788,9.212004769385878,6.084254384635372,-7.699001200749541,2.409826579965950,9.192834006563217,3.127351575592419,-2.817229272532440,6.239834431255112,8.583609995131980,2.848406637692126,-9.121038316006253,3.259806471780953,8.522315484777252,5.795705082024380,-4.415326096606726,8.610462974454332,1.029505911154615,0.065320828289613,-5.640472698108121,6.253171958718198,3.352255475903196,-0.618334437763252,5.619911366911030,1.773070853813241,7.053714881434598,6.672337307588240,9.830336200232999,-0.832067985956904,2.563120672310188,-6.507447891548233,3.603198150354487,-3.563026008876971,-3.001886869333803,8.884580379856089,6.765960107775509,-6.727002248529494,2.518785326184238,-3.198851753862851,-7.775759495751934,1.292891564351766,9.326438657526460,-6.240730960710863,8.096028774421210,4.016780256305847,-8.337421913543714,-7.352944853838124,7.359451995879251,4.991507186583879,4.314254907386241,1.954636994404444,3.251821611166790,1.553942876483912,-5.517392894581635,-1.222008207436154,8.453441188908347,-1.537609084866657,8.920940241913204,9.854309980590639,7.384681303466099,5.783454582551224,1.055354542358169,-1.404581422202465,4.556663617678968,-6.130838841894832,-5.295225545464149,-3.773637969244906,-5.143866970861177,0.773569141945615,5.570125136280776,3.535169275045178,-3.903527279764840,8.083131539469864,6.528528888029712,8.641407584757349,-2.627072022127281
8.566407651844372,0.978323320477401,-9.110791563584105,-1.179586637748333,0.153742343809270,-1.838563472154675,-0.920491123064032,-8.740349572539634,9.071634543577410,-3.015103551624689,9.527217592759083,9.729932146598294,3.369661731940170,-2.609516007718322,5.976128063600211,0.323644895107458,-4.687345840716319,-6.177113544254144,-2.558867638991879,2.320302302641066,-4.757148344542248,-9.335667242578907,2.297744210986245,-9.490572689003962,-2.339842616449152,-9.989443823991982,3.006292309980891,-5.414933762883116,-9.222001611750821,7.276269697671374,5.692843704382932,-6.127229941756049,-2.750833749001700,-0.766346540843578,2.408050201588898,-1.814608692523906,4.148820852790429,2.794848787216912,-1.458233222466783,2.131971877261389,-8.291889060127072,-8.764586204047177,-4.147820341967991,-0.274610423547168,-3.414547277302072,6.915980829467379,8.634685032977877,6.795192334106442,7.208901732748508,-2.177850738682620,-8.446518244646546,8.618382717660854,-1.756150312727558,-1.898102965360650,4.950006904224299,-6.182532962412415,8.553129091746595,1.631852860204379,-1.871863896717345,-1.622983004103842,0.258087351536847,-6.368126657181685,-5.725472489532859,-2.909418341333243,-8.597520477573351,9.248950687992789,-7.562467185372488,4.492704514361147,3.103690032615052,-6.863399244353301,-0.024141000659824,-3.531782447247311,7.732442325518548,2.726314119175255,4.337602341781388,-8.845906330009242,8.203161575241065,4.841016412591701,-4.581913812045403,5.346528709029247,6.876687737148103,4.800080511459955,0.239808316023286,-3.326644288643066,-0.582360640190123,7.735478659171868,4.154341818303660,9.989993961496378,-9.119880591283218,5.208139689156980,8.188115270997855,9.987248455453152,-5.737677342490426,4.217898426398925,-6.492831332920666,-2.894242132999971,-4.027897523060259,0.924883070969063,-5.873034261537768,8.413719290660808,-8.981675539200049,5.410331895225699,-5.062368659693983,-0.875709587478767,0.427765163247321,6.817108810361127,-4.332776249892339,7.873566385172104,9.070568862294884,0.765262035524479,-4.625692144871625,-7.776767708104193,6.517687424030964,-1.095229496227720,-3.601070310482777,9.839339234806189,-1.671744041165420,9.071024873693133,0.607751212361462,-9.698377788405594,-5.335791266764732,-8.232966788430042,5.035889525970008,-6.440297857548440,-9.145640137007021,6.292258068363804,-0.407744385132471,-0.301564367129853,-8.757764503806369,0.490159742942593,-0.627873384656269,4.267923338584737,9.594301758161670,-4.043667282492582,-4.026979550921190,-1.857821842710557,-6.308345945885653,7.148084066975795,4.811231480009873,-2.254887080550345,-3.012978054917816,-6.384799628891744,1.064437812194095,8.098393166216404,8.044164974144973,5.821906468649498,-1.312705049004039,-8.948132077301626,-7.451287883869115,-1.030203896761428,-8.222200017707896,-1.032676036670438,7.159704007199451,-1.176376497050164,4.135339132404262,6.115255213517624,-9.858886098200790,6.216323177725403,9.024290462196298,1.139152840618667,2.191181890128171,9.080278155396396,4.281507206888946,5.220407846005045,-6.899265015847245,-4.289940627001487,-0.982867610022895,7.007144057615172,-9.403517006790228,-3.847329995188240,-8.174136826865375,-5.633864241872377,6.288830138871383,-4.478388799041413,-7.242964903800438
-3.302092465497291,-7.785107391493565,-7.538930397010805,-3.170455633452100,-2.847708557486197,1.888048356340359,-5.629486441669897,-9.650609255777296,-3.607338416289023,7.483573000109242,-1.144141832005010,2.221199061157559,-4.497864054762621,-3.510548534801535,-5.696956323183411,-4.609473339485984,6.700486647615932,0.991104572766012,-4.884973743372500,5.756444999695047,-6.118750670683839,-5.134476797442547,3.102638624433725,-0.394916332967426,-1.517030766341724,7.556766121395430,8.600788274664023,-0.147753373691007,1.776553661902041,5.237363356404794,0.636181062953668,-5.400292267944733,-7.564202383624750,-2.662759981947462,1.190444578174276,3.649028351524874,3.671359664825065,-1.353856488204324,-1.927170466376761,1.851704228678495,6.804699347009834,0.254837102940904,5.897085217896645,8.283182621544707,8.362961458004740,0.753130917053236,6.368303639714487,-4.057482477078736,9.361194157367656,-3.330841721695808,-1.411274590414664,3.427802713719805,-1.483363364968413,-0.767722102428124,5.946213564845310,-8.118584252786366,8.150589870866071,-4.699694185106582,6.789001597725289,-8.594486499825910,1.438238488838660,-7.358290097505719,-4.028197770426711,-4.909663953165793,7.244819402924392,2.178945709100649,4.460550927813562,-0.464294987915091,-3.652059197137483,-7.684746563028526,6.958909766342277,8.887364710856861,-0.895619415194657,8.601967879383562,-0.618626089684810,-7.142292685928471,4.262806503004029,9.247414077998346,-3.352388799562585,5.766576160158818,-8.422830651376625,2.011366384429614,0.186166198721905,-2.225235084123183,6.155340736915875,-9.195175493213231,6.109008014722981,8.481007485485232,8.879345589985288,1.481630611543256,8.143699033068692,2.984935330891631,-2.560528679963145,1.891679162846717,6.696859179389925,9.014237054514499,-6.350992243993170,-6.745173271362360,9.082357170448596,9.289763158372232,-4.217216506002956,6.580301972744500,5.172611751896046,-0.735529570353100,-3.251618146096220,8.406618867100011,5.659948710690957,-4.153261682852241,4.257286199277704,-6.111934452402046,1.212774309868900,6.899453999686681,2.485804110251074,0.873378603889121,-0.086868043322308,-2.220617471670858,6.355979000201227,7.446739539384694,3.994759801574626,-4.138560999718363,-9.037608224581927,6.171932882298556,5.257777262266462,-9.588437512488246,-4.503708082479068,-1.350587280916628,-3.575015766024123,-5.487964274701442,-4.340568170042451,-8.170822405336224,-3.172794546323709,-9.517738397522269,-1.458612271992866,0.417377046325345,-6.244196939059048,0.175105822207595,-6.605132320645328,-2.107672354763046,6.342902752656631,-9.956861912441102,-8.367581516893654,-7.549217487415818,3.850303312985893,-2.808204763910451,-7.385631503687840,4.585942109747164,-8.693102159609500,-1.269773426284669,-4.626125435054947,3.119435093894907,8.718178006516847,0.180463143666270,-9.698414832457050,-9.840642884244621,-4.867959258800574,-0.698375683624796,1.118161572441615,8.103035876641901,-6.134348394601368,-8.246955565646791,-9.456325683794427,5.816580474982054,1.399060320943875,7.184596761583272,-7.294022727200198,-0.539074245916586,5.556780042423238,3.821308345343009,-1.852158127232311,-4.017795850224761,-2.011905492756110,1.037303880825970,-6.989921489387452,-1.264211988781828,5.654448129188648
-5.626951423737312,-3.742967909450741,-1.819507702396287,-1.207291336079122,-3.723907215182070,-7.852855294486424,-7.683727187418921,-8.825126446285729,-6.496516960947063,6.527806095315569,-2.860852054096279,-5.537792557531165,3.831207224114628,0.467662423679624,9.474000624442617,-9.039623966325552,-2.584984267147763,-7.496886708805510,-5.263666242909792,-0.592347914975120,-3.288501677545947,-4.928903273072462,9.809111277445204,0.880711724289242,-3.327153016612206,-2.608580339467510,1.770025715964179,-7.307510895161182,-7.326808922840787,6.234122598310424,-7.394818564481529,8.024324314309808,5.416534266408565,-2.696782976746224,1.463038571444040,-4.755124442544478,-0.346319303932496,1.702007464401030,-6.071714813887292,8.477411348149325,1.708846495864911,5.134954810118124,4.568998775973688,-4.739092259898268,-7.105740255966464,-5.519715753154959,1.719262789547315,7.343450908444151,3.773979559711584,6.001059895757322,7.960148073134995,-3.832892256978262,6.123079337704826,-4.035762502882436,2.918675017073213,7.692716574497641,4.597271885270626,-0.577433356647148,0.028385078360101,0.704535986260099,-7.646644991235519,-5.510948710364037,-3.681950500301713,9.992170430351411,-0.896737419830870,-7.445320133266100,-6.610907972008000,-2.940984948120056,-6.217110463707238,3.891073472943336,-3.898864559059014,-6.510060996768939,9.421747761863514,-5.202669658465666,6.383522693829519,0.573907596533520,6.854369264199597,1.686993345412464,6.310302450042258,-7.597192559672918,3.363959021906686,-8.065736787142374,3.790189495361140,-9.111135658068415,7.798428088711578,4.603403864175702,9.811876198764239,8.821718752544840,-5.737073073885563,9.357909895628065,5.129211173609349,7.942330773815122,-4.228541191435062,-2.751004844318395,-4.159231122883227,7.572589349046645,9.226304621104596,-6.416039268138077,-9.034133298469481,-7.690386865002772,6.215434367681546,3.149870794744965,-6.233555241675375,3.886369076645188,-0.245864425553020,5.759673040640390,9.333806997097390,6.355038465826006,5.339691512546938,3.511491441977874,-6.543781286035887,-2.731581819764948,2.216460586958910,-1.368483459449649,-7.174293203435644,8.604313904836538,1.912647135405939,9.266192638982250,1.435896903424130,5.606472966030136,7.243810055385733,-5.007264243022663,2.939736651669353,2.041414495239541,5.551364787227159,0.279986490095022,-4.370420510391984,1.358765036509915,0.202862738967731,-9.366811633069613,-1.849922070515984,0.729479281776001,0.448892530486116,4.543838603018031,6.862492888186726,8.439735991411965,8.318229241535086,7.380781376309457,3.305577614001640,5.836343426832798,5.673411546576590,-8.417527413629317,8.667464815261116,-6.451292089862706,-4.087042815794297,-9.080329121401709,4.186734679257176,3.706609016119293,-6.689531066745696,-8.485923854869901,-2.960530861986149,1.806224683857032,-2.488141757649553,0.247952546662733,3.404604631633187,-9.724762199776933,-1.344288850266953,3.241369945785404,9.524598153773447,3.464463054795779,-1.262453554878791,9.384089930095470,-0.792540801064497,8.233560426186312,6.986338661884592,6.939353764860936,5.220377354672019,-7.141842223397365,5.976787172157135,-7.008113417778949,7.252002486525491,-1.271826072888212,-4.383527373341421,4.772575889159302,4.402865465047510
-4.305297879492446,6.451738115235820,8.463818671362759,5.371202525337393,6.252701404586571,4.275805124607650,5.990629444045023,4.657410499032137,-9.964941205148696,-0.122304866380805,2.240339431527774,5.365833285626094,4.768150283197198,2.947725057014313,-1.446961846172723,3.169351031825244,7.596953592968163,-1.518629296476654,9.249627140025581,-0.996007787254227,4.866638861027187,-5.343881457273589,-2.375553211177765,3.173125394925695,-9.259002100039389,-9.085501756143310,-9.833646081327760,-5.734219258420556,-8.712439158407184,9.982292164515933,-6.652518837503081,-8.057706246532865,-4.700343526203826,7.934854081383140,3.150529671976120,-6.014617366837689,-6.285864991675862,1.211279130523856,-7.694164377045913,-7.737941546935940,-4.124976215004541,-6.917731102875551,-7.541637736881055,-8.758407939882446,4.041687418026852,5.947554485231139,-1.699494999898999,0.704785628567642,-1.571644024327107,1.628650378691834,2.916419918953805,-0.278267018193581,-6.226782749731557,-1.457229813957909,-5.479069625429249,-9.381561416611554,-9.086640657479794,9.399569389662908,7.777461888464281,5.849462989865309,-6.052557429929402,-9.067082003550995,7.062948891412763,-1.928564785107302,3.866912128193645,4.918897258813422,2.407285268472862,-4.504754146004355,3.553648023741193,0.845422392086375,1.217317912882407,4.135642359519691,4.478836050550839,-5.910250396122876,7.354226272240268,6.420001946343376,-9.435605710940688,-1.480420214498512,-5.194243553214881,-2.931391030489941,3.413474019865602,-9.009319641920495,4.197543660672299,0.298944963167770,7.901499556604637,3.823953593527316,-3.907801124058130,-4.768117196569612,-5.235732916675704,-9.157978600737751,1.351235936142839,8.885822329898769,-6.249349400023392,-1.895088014394563,2.575704347198682,-6.707655231930037,-1.636608171060814,-1.544473644349836,-8.695645655061464,-0.022327872130766,9.519880246248619,-6.481752995296439,3.678779988876348,-6.385040532904657,9.163022578216808,5.817722917178610,8.543122413663337,-9.570656838588317,-4.970930612861746,3.634565824165497,-7.342208263381186,7.392667418342338,7.891535677258247,4.357067372449528,9.155704552254143,-8.119705695345516,-9.420470990897645,-1.055996984835746,-5.668832784961559,8.416738766611470,1.033975424393258,6.711213467515886,-3.490415076960942,1.026766791898728,-0.802752605992501,-8.929705389963932,4.001042344254632,7.949184629255480,8.834152070434783,2.242418606110231,-0.381418638695376,3.424471377414541,-1.010030306577113,-3.152277345338776,3.350774804773254,-0.556733121755288,9.401098987393215,2.916223704714675,-0.608546609368510,-9.083666347964270,0.861584148559317,6.005984146827416,-1.406927359950213,1.455514235201868,-0.977180471731515,-8.730908623441358,8.665975536046354,2.491648529820214,-9.079370105448607,0.124253216793090,0.213569286079467,4.038886926325082,-7.872529668817682,9.120629438768489,-6.838215807774111,-3.147530179911493,-0.783840350322860,-5.201717000696400,-8.547894277522348,-1.921172665527244,3.830635631937582,5.020062219748917,-8.462854344264791,-5.402753786248750,-4.261367220699506,5.507355513444899,-7.585731316167150,-6.121917992110520,-5.706093148662110,5.969372325423894,0.406732311826799,-6.156895342960396,-8.843629486789968,8.361252441217687,3.148013625331831
9.326178333416252,-7.215353570235068,6.374743648040212,6.000778255674945,4.642115219684111,-7.454777391426932,-4.018226032022991,-8.134964030043779,-1.153845744124684,0.443118115417338,-7.331849805909672,-6.898868024766234,-7.181559454741093,-8.857303544116474,-5.696981682003807,-0.897829584087791,6.372183174062606,-5.813186181111050,-6.828935238424874,5.886385120700353,9.042662797898114,1.141704336021155,7.842614448318209,-1.557889433144988,4.762773554132654,-4.553801385951644,-0.016457860365298,2.417350307701662,4.417689720958553,2.852846019703861,0.727072200436146,-3.993644823600322,-0.699002965964212,0.603882190089367,1.121389968593913,-5.634968523376481,-7.267856791861096,-3.260886999134540,-7.110354961815180,-7.184885038936595,-9.490903143145122,9.166654925280252,5.081893474679525,-5.353177440887212,-0.615223699659648,0.194478462093866,-7.700335647211216,-4.277855322783653,-4.830178655758230,-5.695733369652793,-4.228327141978847,7.715445523395289,-2.397093179442518,7.378455800905940,1.714240541108387,-2.286831137474521,-5.384104444788347,-1.841180788935082,-4.193915121400263,-3.586587830295789,6.977057808368183,-2.666500832525185,3.437103803334727,8.482623508777149,7.910871185179083,0.055818169679608,-7.092071756410700,-7.133204996236293,-2.405971354405185,-3.466218631410369,3.994166163976729,-4.146521724399211,-1.282593220158381,-9.291163993723162,-2.843241052033600,-2.802833823319435,4.010692115046190,-5.593107977219174,-8.039830935232219,-7.682770352448028,-2.392972332703822,6.798647040116283,7.468800148319406,-5.482394562465163,-4.489555108716827,3.396160261590193,3.230421624810633,-4.963896851739897,-8.066239994150934,7.447512055899342,1.915108375661244,5.079685932344793,-0.459967518652089,-8.774613271850107,6.878448392445627,9.868090511772888,2.471862605452426,1.849862208682591,4.239446273512598,1.519557801748581,5.998728338243195,-4.669205136113779,4.313028169788085,-8.238583989062576,-7.945608872267441,-2.980641955124799,-0.263773463460184,-0.935902580501772,-6.508996959312652,-5.849390571118304,-4.453095002160776,-2.447935489538937,-1.539010589965342,-7.339604293146649,0.015262758934455,-9.806033662121710,1.571875549696859,-1.829174500001724,9.933915615267463,8.686792171505754,2.189985604107605,8.993416140637223,5.258790446546048,1.442245972640599,-7.751964984674449,-8.426604570986553,-2.112145784801001,0.991949407986279,2.140544582242580,7.047972994983759,-4.456489879582401,-9.979303574107108,-5.641394893245028,-7.816379303010823,2.873571716786605,-3.443494823220608,3.824508763242369,-8.304878591798602,-5.807075685820227,-1.318189092191055,-5.080888423045251,1.534433679559337,-7.860365044755566,1.474052226795630,-5.463542770496557,9.293995056391271,-5.285255889070641,6.639143292705040,-2.193678014615315,-6.907391103821121,-3.249402066966713,-0.096124136725585,-9.480395662177267,-3.421075122646380,-6.677890107608981,-7.563511928825539,8.398348140317854,7.559572972333690,-0.079091345619277,5.092228771503065,2.644115667125842,3.409186932631368,6.025347458091581,8.015289247988811,-4.788022414440007,-4.906957815634510,-1.254915282200598,-9.947149280272797,1.167242358026261,-3.298117458292844,-1.760685167089060,4.700636944426526,8.991866421185971,3.245648832151602,-0.430497492141171
7.755182824114787,-7.200048452977075,-2.097133032030047,5.242933121450601,-9.853546799001197,-8.178478303384026,-4.854878375186644,3.115982722812884,1.262689518090987,5.045632657306305,6.240392495554882,-9.536258511120739,5.770599691170194,4.484197019129624,2.969114350448223,-6.789158056389692,8.377882056553577,-1.154322387583584,-7.037370667378296,-8.815365314706529,-5.455919913996611,-4.451754573134856,7.222324410452440,1.698734927443086,3.471059491966477,8.637691894472830,6.082859419659357,6.086977393675578,-3.192105786041859,-7.270829498262936,-2.690912030420296,-5.448735242581337,-7.360948116216870,1.520520906065085,9.378572992137777,-8.694348863643244,-4.228723420933207,6.532117175025711,-8.989941103068182,1.322276076467464,-7.727710821688712,9.757659873709848,-6.965989396870302,2.966858412612831,-3.552804125877320,9.502445019892193,-5.171601472299335,-7.890413906891336,-3.840635033124522,4.571862697529841,2.135227421122520,-9.777527504084100,9.498185595333151,5.680409993646645,9.042449717326740,-1.959189768871500,9.974658315980300,8.179267652819838,-4.713686994605323,3.717497195969102,-8.248983666731258,-8.494747608947291,4.664246145315015,-3.942460313947070,-3.344463949516145,-8.968709878544100,-5.417194927876832,3.447547321996714,-6.262765081911629,6.785886819956598,-1.327850325134332,9.860553300475829,5.974157356110899,8.981025615827566,4.133877826901934,-4.524346764079925,1.654486371663928,-3.388901158216298,-3.374272744465068,-0.147870163283601,5.443619539760196,-5.901189942903587,-5.409521991054689,8.617186755725072,7.261840495511539,-5.656676026594361,0.275526340338924,4.349225072586545,5.759934269010856,-8.140829426968381,-4.723921894592373,-9.350919839356902,0.014192650110072,7.806113220129546,0.482409453084234,-9.361900929235016,9.988594324554789,-6.608072178533182,-1.429017153770056,1.406290150074190,7.494486833243954,9.840771060389926,-5.525452697785793,-9.202983063019079,-9.019203474020891,-4.558808341995464,-4.500169952430237,-8.035417220679392,-3.491834655257342,-7.301820196319571,7.955409577262138,0.347628731362537,9.055082476578395,1.703702212321518,-1.024345159303845,-7.720358525257933,-2.798625783747570,5.809657536046835,-6.123611151210335,-5.244049740626107,-6.022232449085601,6.033069362092569,-8.141670896390442,-5.968509739676396,5.691031868791359,5.870564971075735,7.791296108052642,-3.667669265289044,0.702972985423880,2.962992898298571,0.264365095712334,-9.099620197698231,7.977633207013390,-5.501480541888240,-7.831802711915428,0.062148510725899,-6.590290499892135,-9.905283555345965,-3.162158530961705,0.600705862667928,6.987770820447508,-8.161689980029415,-0.444064796294352,-5.239785944935664,1.485251090020157,-0.594524260212721,-1.713330188238293,-5.349056366329055,2.599847324804962,8.689537295994338,2.640646256295389,-5.330805986478893,1.621955260820286,-9.882692989267039,0.070166256007669,-8.138077777300408,-9.610743921070302,-8.474297026378109,6.226822113356889,-1.665235933541441,-1.861355035109046,8.714908510242381,-6.143673867164696,-6.864218027685118,-2.333106651294415,-3.965107892279538,6.817449685693756,5.267714076745623,-4.350809135352202,-7.265672970769064,4.900554566406090,8.993171646780876,-6.888384358719954,5.503641518032406,5.370202968431744
-3.214759070511604,-8.295156167611673,-3.717407200540091,-9.260047083492069,-8.423588282303971,2.708302988723190,-0.491304932118471,-7.511350499739711,1.635868136904953,-5.026423173068515,2.102704075442007,-5.658406582902817,-6.877148715845585,-1.403569134260167,-9.210953083484421,4.635866829014477,-2.209016025318860,-2.234050642814422,9.796904937398551,-9.810242830876525,5.167925846034571,3.781205549092398,-4.146673827172139,-9.260210738072505,7.409056901697198,6.222415767837550,-0.062290804563599,7.171449813330433,5.572490671209167,-9.875959187874241,4.834058507448599,0.298707522241399,-3.133196040229763,3.246074029067419,5.973631291002503,3.697673440562985,-3.359483791792151,6.674243184846048,7.913695214303903,-6.865568423894315,1.544921200790434,-7.122937639964171,6.194547872272569,6.599869392644528,-8.893775297340735,5.910234775720618,-4.290873915813012,5.829862705600577,-0.437869935886312,-2.782143820362455,-8.175051406506116,9.348844088319154,-9.656165820205834,-5.421094341386572,8.424594297687364,8.854435000943219,0.255288018065489,2.818826869041207,-8.564292107528415,-4.594112302259942,-3.680880949900056,1.189546618294035,-8.836485576384558,4.458347238552790,-6.119496911106843,-3.899893176629321,-4.255122791670733,-8.319039800261042,8.612231608375076,9.734694253786564,-2.238530002506409,5.138784987235619,-3.596549149467489,2.008583047624633,7.735722477383263,-6.547185942125145,-5.515023153809357,6.238004687643777,-2.539366628313555,4.635493658806167,-8.256731223346993,2.896979189472583,-5.729148929014405,-9.300045773778098,-4.388936558963126,1.810904300073961,-8.619726109987948,-9.737505268028899,4.359970270834628,-8.973890432533070,-2.825715137279936,0.954787843985706,-5.930810859146051,-3.962533487153315,7.389218627088539,9.825446772971723,4.325924168012488,-3.947628747469412,1.442117209855274,3.843934531027060,6.861617842426092,3.441703068622715,7.629584081944504,7.478231625582538,-6.329038844026882,9.295120408258079,-0.552198954185917,-2.713271065791552,8.842978963394696,-5.283477623014246,0.507382593724566,4.314006631771381,-8.066235811587338,-8.884444509227073,5.200777010161879,-8.464543318610760,7.165284484104696,8.411688839855017,-6.091563844655279,-0.700220450889590,-6.472742292702218,6.446944830577305,9.785786431741780,-7.116436889053150,-9.410584070944388,-8.649555182086861,-2.627912081718618,-8.404882882211540,7.034823324435713,5.614764522812600,-2.214270415121849,3.672218697998041,5.771569353951101,-7.114811598744668,-5.519856659863878,-5.654534509021527,-4.587780625782230,-2.643390349430548,-6.180592544514369,8.843733364396407,1.399929344516213,-4.411928136106711,8.774691193438031,2.538504547682805,-4.107440232023187,-8.348014354277550,-1.984649725849481,7.094492622450620,2.306071118684594,9.713142092152765,3.263487037884198,5.942109167939737,-4.569687532546314,7.949494863205452,-7.946371940817984,1.346576063069357,-1.112175486820163,9.548492325455534,-6.145895954711806,7.983863023204510,-4.693261743473151,4.623736849948347,-9.326885554756563,0.690918683199857,5.247616692304105,-8.067407733334502,3.911498536081620,-3.863163166932471,7.967274283307621,0.329647481714041,-3.280499399359300,-6.988295911576056,-0.275256710513784,3.250550588795356,3.209887425493116
4.123603409598836,5.036670110363453,6.744509126340756,5.838031314145693,7.371363058947907,0.087019656341083,-8.181186554127560,7.948891556733049,-4.144585911915484,-0.262740035057274,-7.380976236900924,-2.283143075759950,2.410787738438119,-7.376824741118813,-8.394969469774530,-8.083522210380156,2.765491767078556,4.856665759284676,7.995290849770381,-3.721880745867169,-8.998097990633617,-7.803963674901874,7.806277530942374,7.412279102860417,2.890917965558133,2.633379515469374,5.706090403703499,-7.387635698221260,-5.573613723540758,7.240766131134979,5.117938031827144,8.327174853155029,-8.247503126471376,4.164034501537110,7.561510551431109,-5.851044246492147,8.182116948495676,-2.514057323086716,-5.076558777326978,2.084598385961309,0.461506766060806,2.317526943513773,3.025358121535760,8.231871191035331,1.942284995820652,-8.471629445902922,7.625979568680926,9.207787580708956,8.166447384143922,4.336205330217084,8.058166054628341,-8.501430895978970,8.187692021507434,1.722360929510657,7.908548902168512,0.849995798829230,5.605791159731176,6.704770541318691,4.012225476984639,-8.324758434050004,-9.111712767631685,-1.742992791859352,8.954189548154265,-3.943156036012876,-9.179108658974631,-4.329946948180790,3.898589974971982,-4.050654631196751,7.062450749040345,-2.984505950193245,6.203176290514708,2.476212580109491,4.577647290721261,-0.766662224224564,3.388203084615022,9.093870069233787,-3.262479183741229,-6.052979729311508,2.348890328045890,9.271709213487213,-6.719031005860350,-1.074376561189077,7.971744301000971,-5.932787444595686,-1.371676239919816,-3.282584635777535,-6.745665452825427,9.025131960005343,3.758821050791264,-9.764248589683005,-5.378936528480964,-0.584040363231665,-1.960186747719819,5.104326587314452,-5.598160323648571,-0.919723086398715,-6.302145189752972,-9.530251866068564,-0.920653851797820,-7.976755756465264,0.114107770998116,5.397732025191369,-2.988367348055146,1.908221181424635,1.818929020388369,2.049056045190440,6.183294867540326,-8.797284753626959,4.570759431243303,-8.592151681264308,0.212004303888637,-4.955198186850152,9.334906993502806,2.386718670654096,-7.612590480127242,4.139869562907288,-9.639957441791239,0.681339970656275,8.838962469466949,-8.190340169245227,9.779122778505400,4.167170009786396,-1.417772871025951,5.089503555179441,3.877105630927602,-2.705602076853708,-2.092550739929555,-5.723275158515737,8.935204492101022,6.892184850693518,-3.468810329683796,5.876814742739867,9.039538869768801,-6.729067324039228,-4.897358064966508,-2.164087549853095,8.582482783560028,7.335771917735691,8.996996379525413,-0.857086835029186,-8.143792603139591,-7.834093598823713,6.832075629343596,8.345688075619918,2.526621056709955,8.344115401607183,-2.706049246504955,-2.793284325138399,-3.954794838393758,-0.613452692580749,9.998657090437021,8.756102491641904,-3.500119912622603,-1.210937148688494,-0.507138915992360,5.436591018186984,1.270064927193598,-3.576584176372178,9.524742960111034,-0.772735929436996,5.324407200291084,-9.118690290472326,-0.313584040456993,-1.453280027599583,4.520221082124799,-4.327133424540390,8.821625279273682,7.628305221163497,-8.626368128661435,-6.782470387797712,6.392773335400037,8.639541836649226,-1.084876206870520,3.642323834699180,-8.534644328623536
-2.441488757039205,-3.336876213941762,-9.743382905846072,-0.675366982886800,4.298548109509802,8.673711817045000,8.140222506186564,5.894321400813741,-1.248719812197503,6.459226637553744,2.739137175110880,0.541647490633459,-1.688771563636910,7.755699264477446,2.481387424808446,7.529122150051503,-3.564956155892094,-3.710878619618406,-0.591326919719013,9.709738501357386,-8.382801708751275,0.974196460917312,3.118302798695833,-3.525833994037823,4.975309081635796,-2.912587348214231,1.817286699379892,7.938499953698184,-2.870809551333133,2.081225628973920,0.686555639332740,-1.406775011295069,7.118919391929413,-3.945911797698674,6.385454042720461,-9.460653273407493,8.426964790409478,-6.359525391514291,-7.493801198900942,-7.195733802997260,9.187566106529463,-7.063117700245545,-4.378047184490237,8.705187570325247,-4.230322937050848,3.063792124657470,3.332231186639731,7.293855703627663,-2.489800528736634,7.988138316851348,2.748986064396131,4.501793359689440,-0.558102177406470,0.951936973669804,-2.846760330630664,4.069001046676217,-8.446091258659152,-6.840253947310673,5.556903207268800,-8.456322505937639,8.598793967491169,-5.639717033426423,-0.136586220383625,-4.437734927738908,2.205644321918905,0.321552315239341,-6.622597162728732,-7.795738486795867,-3.954270611054702,0.799274178477846,3.129326917469959,8.791317415050678,-7.866552774394320,-4.969131299308620,-6.056067229361668,5.024861109376562,3.168966940153371,7.846425007110515,9.697817634045471,7.982091047627961,-0.661116573515786,7.579030009252232,0.053603687215663,-6.307441793310808,-8.863522601040652,-9.832621959185271,-6.268705904941823,-5.766538711939413,5.119334919462560,-0.164685700953482,3.804482243821816,-0.678014639123184,9.539407798415425,2.339002558095792,-2.264238069558148,-6.394818918013154,-7.141791147791334,7.330404070606541,-3.319579406730055,0.189486132009673,3.869943431250114,-4.431724672573091,8.886950375025009,0.000399742127389,5.339762592804899,7.984958369973057,7.721482623221423,8.979790788072663,0.954333221329298,-7.595468037643924,-4.503804583413995,-5.689896063591871,-0.280699754068959,4.169293187676406,-2.568482910917069,-0.520029665177255,-0.256794055953584,2.883680307467625,2.031314934746842,4.719835184820106,-2.101730920817701,-7.071804253076454,-5.935029097400911,-1.008977227979857,4.762532864724427,1.664593913400553,7.952328450190379,9.476916577657178,1.324069863005043,-3.702497698722040,1.608807435876844,4.588474702365389,0.707113857092615,-5.505327735456483,-0.974997748403597,8.790365596818496,5.207938342664688,-5.321555395695546,8.566373491968971,-3.351277929906953,0.605783460870157,-5.048070884337719,-6.202145127972409,-5.876206570255462,-1.135503938239633,4.077907467148997,-6.112456186899085,5.551520453744420,1.752226108290689,-6.252899861523291,-1.391488445632048,-6.889582467427244,-8.791790230639018,-3.367316458467384,-1.926945670701892,-6.713379250764769,3.947256790929909,1.803226264142374,2.257162104898745,0.034933977683202,-1.632803078403605,-8.230828825865535,-0.811922907998985,7.681088748972375,6.001876481601641,6.253647876562823,0.808761832752010,3.450542847932851,8.908787504699141,-8.626491851240374,-9.830254075865790,1.937048545169734,8.179956891467473,-4.728423440945355,-5.363324410031803
3.651763514364859,-2.352105524593052,0.103300945546362,-8.310696777752026,7.541708022949173,-5.779843490993660,7.276839724534835,-6.572102620573379,4.246740519252503,0.025165422619697,7.012937300756597,1.366804667088818,1.586332497690995,-5.147214862489891,-7.594431893388423,0.453866928169894,-2.811283226169743,-7.571550958806221,-6.846446443516392,7.046964089244288,-2.655050390267675,-0.081064984528577,-9.672296123927783,8.753463409281888,-6.956663412002369,5.848724288028004,-9.531717204048721,6.328887040561810,6.202407416921002,5.093485275496297,6.418403731754971,-0.851488339352978,2.608372362034997,-4.287031231951257,-6.086531308457845,1.931701599830763,2.045433742171362,-5.210908282990669,8.865706926999287,6.218042913049057,9.884193948706454,-1.405418180514317,5.921756408569578,-5.312409237988806,6.690061502064211,-7.363398518107925,-3.880792123526440,4.887314019001572,-5.730189841055613,4.299625211894753,6.261090605724583,7.439399236897049,-1.801183496055037,-1.416788324858649,-9.278049840270269,6.838867913641732,-9.456442109506188,-8.314871633854588,-2.252371706500775,-1.277686334581134,-1.179289824830201,-4.931497377149383,-2.154270949117763,2.438878829908880,0.627027419488485,4.658214404970396,5.787983309901785,8.884292214868644,-9.487472768713738,1.313762108724003,-3.880436852451707,-4.530260959835129,2.156798807370251,9.963542492803700,0.096443925836953,1.954219703589979,-3.767944781374862,1.141375807455908,-9.308684707778990,-8.045834713313925,-5.302311103481681,-1.391770399805274,-8.087752903762651,9.805914358955000,-6.908834877842023,-4.730887525327370,1.428031100788418,-4.387397263747756,6.566673036990942,-0.381240455902512,9.457360414472213,5.917404678462253,-5.166978472389969,3.287503934325926,5.883883597846435,-0.041484135091848,-7.402183214709215,0.495675009824756,7.948675721210236,7.470274893813688,-9.921152061535501,8.302880300084677,-0.052965115429764,8.911994956112679,6.432581413647270,0.812962177742476,-1.474111120795564,-5.039606164193557,-9.909890912170095,-0.628836597315068,7.168944079533976,-8.527323504319357,-5.410287805383110,7.325307838434647,-5.956981063863047,4.550647953691858,9.387869780681022,5.668802659659294,9.366142110454859,-1.411989479988655,-1.481420817628379,5.547426893506543,6.914140701765380,-3.553168495104895,3.031979981459195,0.159026691457164,9.447217523198780,-4.936134032246178,8.635489749762083,1.977874941995804,7.593723515114220,0.644771280387136,3.878799223316236,-4.827580697834508,5.293687226064074,-1.175990435018441,9.027354045930561,7.248896817601626,7.730195187773266,5.681514923448070,3.161240367153850,5.921092604140824,0.656965371071559,1.541905110155845,-5.355330489960308,-7.362287073521587,7.247987724470661,8.548848650249187,-2.050785578665755,7.422656624869312,-0.640235939320092,-1.461699708589689,6.307067111735090,-6.695537117956416,-3.436325737515791,-5.044367486676933,-9.650873617547111,-3.845600318522500,2.113426027369123,7.363691782053742,4.231571533513321,-2.036381329743568,-1.506010953532284,-8.715994663939444,0.821990723844149,-9.057678349021359,5.387838137050107,7.585578092455346,-9.638691986320925,6.722358490601366,-1.947881487585335,5.439088622541526,-3.840784516903620,-9.413363917544743,5.623535086593721
-3.644964491275415,9.113019528360450,6.589802645423308,5.808238759121922,9.044212497766125,-0.238119951592218,-2.671126119296298,6.482237367211564,5.354201740636203,1.323308884778946,9.266621683826411,3.695505842002689,-5.760457989677805,-0.652539747619674,-0.348319299659769,-8.503391607160751,3.157658494424865,3.191206509996420,3.532204598457509,4.092529386074428,-6.121970166655927,-7.406911870455756,4.280124373768901,-9.782641914496084,6.234226135556241,-7.045676168900384,-6.523717451246780,8.556195600073725,-9.460777267379719,-7.053260119413240,1.712889464328505,-3.959610051809593,7.665010849208478,-7.134995446195324,-3.659621290819501,7.877097843275592,3.373096699718063,8.181675357506329,4.161613794172141,-4.447586749663348,-2.923036050258297,8.757691991478801,-9.236254635625301,-8.626062933608662,1.697602241572433,-7.675103588524284,-7.915024693473162,-9.240657549041009,7.654378887029356,9.682988783747842,2.915394021415549,3.958578506047594,7.428360333827253,-0.793966332207079,8.522550621964026,-6.659675859105645,-6.203063373967668,-1.639958463654770,-1.781977060744708,-0.398805409431311,0.754817729970972,-2.446337248049777,6.070691185594864,4.169746169680707,0.273726564161743,4.746188769561448,0.449806698600113,8.975999549967419,-9.238005620737919,-9.324066672806619,6.850412883798352,-2.352836243134697,7.865631433672846,-5.734896696264036,-5.542190887765381,5.071192706531082,-2.490063455327389,-6.437170224059812,2.965404835548167,2.808788057857111,-6.999668257133056,3.879793356673089,-0.566305078137752,-1.885675612061604,5.370133196418422,-2.279826677300674,-2.256583758249584,6.997092928683898,7.016000784956724,-4.034900420857448,-6.725605340988706,9.828905890612024,3.204898418224628,-0.037567989767499,8.929545104095652,-0.059560701072099,-0.582270059696997,9.615448833843057,-0.437200458769363,8.808543575220064,-8.763928301590644,-0.179153357834936,1.858320285297664,3.190739244556957,6.920079561129672,7.462298308129220,-2.687378671225897,-6.406186075132874,-7.065509778435519,-7.865912757796776,-1.950352790679808,8.260425343191894,-5.138052533415250,7.972395984252138,6.327021061331909,2.142228045421088,-6.092337828579637,2.151337696124703,3.060695940987024,-0.173402643566106,0.029201278863988,1.812546118121370,7.103306544794403,-6.163659238607475,-5.029533045437486,9.696050042946148,-4.735207104028509,-4.344633938988598,6.764306847062365,1.908282130145075,2.114334474165954,-3.189980236970951,4.628821760727392,4.199233229565973,5.133635213963132,-5.446893450409094,3.501072591572818,-8.874381084502133,-4.726434500050384,-5.715592835524315,5.989810406351694,-8.744946945149996,6.067194675956781,-3.388423464194641,-6.747687975172711,4.778109172891670,7.207091023150880,-0.546668816906497,6.510273161831300,8.525561747777871,-2.608335884962624,-9.421290162242098,4.778478664064462,-9.806728464307872,8.366090879884027,2.798169837303552,-8.641090138596992,-6.256164342114752,0.743855381670874,-0.095338768596573,-0.854225360510114,6.737529754748067,5.744809735257949,1.787031398277158,4.544710857145493,-7.023001457701865,3.750786698807717,-7.991275746660609,2.422030379222493,-2.024260986333357,-3.845942458170235,-6.456881425158842,1.848003896137545,-5.204312491890080,7.681780943497650
-0.105956816181376,1.253677578689619,-6.792130651466723,5.669772805684325,5.859190392472708,9.419387951158001,-3.665257398236350,7.621788325010804,-2.305263645911102,1.972849665438288,2.992763030635995,-0.094441673288696,-4.533637257126088,-5.063511300568964,-4.715622590037476,-6.264315465459744,-8.977521603722721,-1.269196055256906,-2.039410452758570,7.511582530134511,-7.158609169779644,-6.550463921217462,-4.172847862438571,-0.892065411106064,3.567922835621891,1.844783822737991,2.752222649133991,-7.255215096411359,1.510229215550019,4.717480978688355,6.220979448143062,-8.902100641572233,0.087863497744001,-6.705108044459960,-7.318691324951221,0.258788848659911,4.315324227164689,-7.669167086573880,5.703803491023990,0.540410031778835,7.469328925135848,4.057089908277202,6.065403524886367,7.225522811962477,0.062432988196546,-8.523801183932420,3.133400358878580,4.725269105425912,-3.943366769871379,-9.149612076725482,-6.986480257284837,5.072106076426328,0.174277822502651,1.720303520835502,3.321448803865906,-3.695002960094018,3.205526454951267,-7.656281979937716,3.802957586588496,-7.292534358965536,7.157012451209614,4.839447011938276,-6.348436878067931,9.364309941944057,-0.631106997568409,-3.662089028345912,-2.154560182389778,0.465915615340911,7.747185839292364,-9.930054683438501,4.336132759577499,-4.044206477605947,-3.253116694616729,-0.566491817968080,-1.832394793038212,-7.137953303783366,-9.423680316353995,-5.363018310190286,-0.023056705001025,-8.187744648483008,5.364397072665440,7.303522863014084,8.104985513396812,-3.978603983782043,-1.155955388778931,2.081742412306397,-2.217542524116441,-9.548594426056685,-6.117716401122609,5.116381697222931,0.261787416548829,9.264222814684743,-2.517372585461006,-5.583978533699383,-6.664145534470052,-4.546777807507125,9.753543006761390,-1.773959662195972,-9.276434572384280,-2.368816891677003,1.374170852128175,1.649186434521241,6.730334491671300,-4.436331565231846,3.655292814429146,-4.982843687362957,-6.831110144934314,-6.727152371397882,-4.300004452788320,-3.183816438102090,1.636631306587217,-6.071903706722848,2.307272203309171,-7.978273702006882,9.880578117800965,5.400307001787342,5.458422194595556,-7.164450908264978,7.271037060761437,-4.595735541568313,9.498835539564098,2.181165101857372,4.049367216945454,-2.553208250628092,-1.478640440670961,4.790943167432602,0.322074078785530,-7.254167523426074,-7.274327896076692,7.397100492358383,-7.694326893265691,-7.548755927453081,-2.488309120369121,7.284578180620688,3.358303283669223,-4.249157412076848,3.171773702571823,-3.463626661346666,7.676448166034074,-0.942376822927733,-8.518372269635409,8.853853716080621,-5.611326373214645,9.647457466449964,-7.185303407405890,-7.101275936938474,4.225035416176969,8.460775024997453,7.068723102961339,-9.963881605150945,9.489903701992940,-1.107288179233610,-4.086404873033644,1.077729519674319,-5.276389146724232,-9.021616694811723,-4.664019445071435,1.887330541686810,9.796871772844945,-1.093203301751156,-2.516940318690724,5.839545618187360,2.056196823925189,9.279602715807723,-6.824666058888074,-6.661080476576259,7.603469767193499,-6.345564142112710,-7.446092389114545,-3.618409673524150,0.413047941971294,-3.154752337956976,0.225814286929644,0.554735065331295,-0.488448066269115
-9.121343988649413,-8.786079385282521,-4.731333956251930,3.566416724876579,-3.710417568118610,4.001281255165754,8.929362441884255,-3.424020893543542,-1.535931339603781,7.831802564382464,1.384310870010601,8.875474019030847,-1.252575485698191,-0.940830216420412,0.082733927435008,6.813410686031403,8.024070989764169,9.431028557268153,-6.479164785473007,2.212391542298880,-2.500197863441693,-8.866742171503271,-1.049683085619098,-0.267247892403811,-7.557561838115929,3.049897770535726,2.202008048763958,0.730883275564304,-9.314799795608234,4.248647918924995,-6.880578160405850,1.477591872535998,-9.525989520550890,6.653740041383550,1.169559233338916,4.327365737121102,8.828980513027950,1.009172837899076,9.393820887137135,-2.018341306197728,8.188833452452307,-3.885671787802440,-3.560672735233221,7.494990323650946,0.273152316670247,0.788225648669753,6.797162395516612,2.173630332218636,8.139664846179322,-3.379844636118595,4.510275116006802,-8.147384651567588,-3.824621412083813,-6.846291339748005,3.706536777077368,1.566354753812833,-6.143242845635653,8.644549182261699,-8.153633548895659,4.790809743901486,-2.350605613487455,-5.847364758714630,4.199930232035459,-1.887428232250459,8.319277416377403,-9.249334967877159,-2.655425339971130,4.700160064138592,-0.406603265627234,-3.306067102697328,-2.570264496891097,-7.696163022217696,-9.831494596983088,-2.448986582812516,1.098433302510355,5.204316708475076,7.493656015675679,-9.997733447259787,-5.491126136052278,9.848085239361737,-7.484828612049270,-0.141725909309056,-6.872917494859703,1.517271807130845,4.282806199381440,9.291777457151550,-5.600559804505774,0.295577668510443,1.009221295448818,5.884109248515559,-0.722062201489010,-5.132527349187126,0.509121893987611,1.584649541149165,8.529926554471917,7.102976835680128,8.877985663976268,3.369150071861611,-5.562069630821583,-7.461513997184239,-6.855201589648942,-4.454440673351236,6.594742984718078,-2.325709324677998,3.923085519180365,-1.145605363186291,-5.405064811246385,0.445175632896129,-5.707529384142336,-6.379292605419944,-9.328027613513550,6.501715664580093,2.448191294929000,2.562635505383513,-5.886212282317967,-3.506869321542889,4.475781236913868,-8.749988796774261,-7.350439200630284,-4.987470712473312,7.698473611205515,1.472628361290425,-7.545542532274350,-0.838558484177174,6.884777457375431,2.243664276080711,8.741136519596029,4.439373953447026,7.479844216320330,0.301556762440480,9.198085122469625,9.768309177649812,5.180965579790337,6.370408932420705,1.029099433680486,-5.036835417142925,4.821190145567261,-2.315341526333048,3.491454067388741,-4.090409587483523,5.200356556971343,-2.127398379989229,-1.879544300994691,0.030890344698555,-6.924351225511907,-6.129293855964859,-1.718472418983179,7.171474593546584,9.840453214845606,2.455276441957739,7.568661099402497,1.724536656265034,-7.661452693009913,-0.603554557484337,-4.917677652187784,4.216944560313232,5.599656250776331,-2.283263789168616,-2.641465301798778,-4.934246707273456,5.783986897561588,-9.827293525027249,5.843970914958730,-3.381466567471174,-7.480769082911869,6.807152635016600,-4.403343999951286,-8.188278251810054,-8.554704631827775,6.120979606260235,-5.500703056023752,3.265439850113081,3.900231431620140,-4.303056144824287,-5.990046669345559
-2.727393503196549,0.052759415276888,-1.535084111293028,3.888327536753081,-9.974973989313318,-0.097971673641686,3.610169566415621,-5.888302053435163,2.394707529560074,-6.191220061312068,3.696929105588369,4.023596082726771,-6.026112635221327,5.918331262670868,-6.005354266476122,3.954560357592918,8.242152810080579,-8.157078687713641,-6.301741523007596,-5.108374376156757,4.242640988292228,-9.623511304976599,9.844209680820008,3.992705912352744,-1.299646111768684,-8.714307688240567,-8.564379349518532,-1.350635467280147,-5.497867989626634,6.009823827871795,-5.777828998090984,-8.889231776945303,8.344976626285280,8.068573616827305,-3.486666632151469,0.081742149679247,2.550064689047478,-5.247990343351720,7.597025845031094,5.514106800062200,4.589642117651550,-5.797853079968545,-6.008995984994643,7.904643346487447,0.095600354149521,4.621540086654363,-1.827307801869782,0.213379631620612,8.662256029510310,1.591359363164299,7.878436855672398,7.015749183482818,7.050427869797275,9.764997640856695,3.265414332088930,-7.011467802055931,1.960891768125062,0.389095623063444,8.035673741158543,4.082003231588436,0.492079231160021,4.005911729801069,-1.185075033508889,3.142186482238483,8.453053465661654,8.971746813505519,6.485488972612210,9.950055634582174,-4.210892966143720,-9.160568311044898,-0.337527406504790,-3.157420218240472,-4.703524416564797,4.704376324842528,-7.921600467734335,-7.133825682761056,5.807119839371047,-4.452296144423833,-3.657979282360555,-5.984849150868799,7.230312862113660,-3.067395250856990,-9.576213585397666,6.863260057801075,3.771527618400196,-1.734821950907124,-2.891762048744675,-3.387111180943183,-4.548487380577484,-2.248808457366184,0.494994311866670,7.370708772551666,-2.814737094072766,2.902833870552373,-3.652108011456770,-9.593333463837029,6.687192962248865,-9.055335896206124,9.368967098925573,-4.570845993259292,-1.800704168173620,3.042768965894151,-2.839924123012258,-0.080551373521800,7.062538191380632,6.730535721521843,4.288615970931930,8.570391587813422,-1.370853570938880,3.059427963076534,-5.988553125921166,-9.545252938850798,-9.638852247035889,-3.067084435764302,1.698335534603824,0.296650810255112,8.605583378423049,-6.906640915649871,3.116736751599074,3.659405253539958,5.137417713189276,6.630937994283794,-3.687280526720398,-1.684713798770650,-2.191181572800787,-9.991353762334805,-0.722877897206351,1.179472006708854,-2.385810727847195,6.474792980868390,6.579048695657502,6.024758136944385,5.338062563919765,-1.640938062128876,4.046861120770323,-4.493828159444584,2.893090958552381,0.323210253326554,-6.889978762201141,-6.115987027279484,-7.256158084539795,7.145084695850397,-9.517788117136856,-3.664960751542027,-9.585142500831472,-9.282002283024912,9.606898221578319,8.396259727497096,0.086108941973952,7.046219964614412,5.879822635942437,-4.618758835071899,-8.473785975523507,5.078864683378047,1.202271268981409,4.848769338003985,-4.083865959830176,2.293597165547389,3.070553178674952,9.957849608940922,-3.803931237847782,6.176044863124627,-7.905245036139408,8.261602089231765,1.846943331148818,1.982534785907347,0.888446611616128,8.148009528626737,-1.503668853564310,-9.294885098805551,-2.181228566845592,-1.195774614362284,5.243550928155784,9.302070559127252,-0.522331918338567
-0.676792022005463,4.528976660023854,-1.010182205859172,7.816666202755666,8.186717434401132,-1.192371223950959,6.652360926940453,-5.942153347273638,-7.351786435189924,2.125649275831377,2.329956890697284,-2.975596120657944,-0.694546417443354,0.830275450894749,3.269648599639833,-1.232737594326135,6.358805273102643,-6.108418355958067,6.887415922632538,6.469009249130508,0.802384322411999,-4.597293553430324,3.216036218870142,-8.731480820758104,7.290049694976314,-4.775068300566305,-9.173015680218779,2.172877530992928,3.682477092531204,-8.158869027828281,6.410793699960109,-6.278112739515452,7.849726685628365,-8.557782757674621,-6.707727007810824,-4.120829422918018,1.673101828475112,-0.222295985529023,-2.436049346802545,8.200122383900538,-1.785987748532474,-3.967934186876185,-7.042237726496213,-5.080122213648264,6.697714436766162,0.321052261486836,-6.036707899906006,-2.877710505053221,-0.050729926813302,-8.688198300554591,1.267281654321913,3.313416189284496,-5.538817001906815,1.022378089169838,9.357802165293556,-3.625763338851094,5.021051345460650,5.608971406915263,-3.103307460205295,4.826912185050016,1.258537391347755,-1.856215915896748,1.155031644565611,1.209890947790877,-6.747324482751975,3.674799860999187,-9.229480217054116,-5.578309066259949,-3.093887708895002,-4.485327219270959,-4.041516362441994,-0.934438299952884,-3.379203828033519,1.734241502550207,-5.224399028423667,-6.435931524370167,-5.896426469958501,-6.950339625974951,-7.353932363388418,4.231246436321241,4.104559331961049,-3.854425448973839,-5.282109030972038,1.803541975213786,9.005800528821570,3.276586697026321,9.360394984002173,5.405601707131677,-9.759094586893923,6.909014337174803,3.804755299354589,-1.860846424914147,-7.169469237910184,1.700521247938783,-5.955814269413651,0.561164051369722,2.778295913813301,-2.232510520417225,6.982825080253065,-6.346574821979589,-6.093481825118873,2.516552097689759,-3.795882958179861,7.924625473457429,9.260786541295193,7.080458726059081,0.362578519380270,-3.060554126475834,-5.625545187258836,-7.972666090109954,1.734485348093141,-2.890650431695252,-8.612315739164348,6.278334667113349,-3.353678134359741,5.174417677607096,-1.205742628494178,7.466579724044962,-5.349307495079721,-1.055708525171450,2.075677209614781,8.608149014757824,-7.274937633254015,-7.445544512055493,-7.199022879596768,-0.517506929608571,-1.850504546325848,-1.275034890659125,-1.968817027032566,2.880917312566730,-6.040533720721011,-0.181125700652293,-5.088512048317244,5.883825923336239,-3.945164852718015,-1.580474547125423,0.749522059818213,-6.688322102861443,6.476045978272328,-0.822356836138720,2.283162049193386,-2.218198312372226,-9.701640755739058,9.879174054912511,-1.591465927785423,8.768146098441051,4.390085662769586,-1.000156593422165,5.461623598788560,-8.474219489491201,-1.562542748775599,-6.736653022148844,9.925519109192468,3.579029776335570,-2.875877184393008,4.287572123142079,-1.059640173530376,-2.064729571521253,-8.861137629181657,6.975414695687260,7.907969465682815,-9.680896664138444,9.102296889275763,-4.853948456780359,-5.971806922336292,-4.696993648544625,4.829750749958121,5.059769752552043,7.021327705282193,4.126663801831185,-4.734404386662026,3.176887080816098,-9.759594833109929,-3.758955442093256,0.166131667511429
-4.751032676289027,-7.468890605491383,7.751365894076507,-8.013525769247938,5.973662843559971,7.048978689449097,-0.701039971398041,-5.896602669240152,-8.237670629804246,9.597217242254679,-8.066977562105482,3.412796870038635,-2.711791477178660,5.498479008260361,2.802666929836972,-5.499659931985219,-0.404374020277057,0.068774035162322,9.470681703023175,-0.038738253351234,5.817737331113154,3.591765230990527,3.381166747389834,3.030644133011759,7.076826054488350,7.624848623000602,-2.438844981815054,1.497336130655764,5.935499171667090,6.481106274537346,1.215707683265105,7.365644778909115,2.531855140110235,-3.446418728900353,4.477089190701244,-7.953372498051667,4.412337195342674,-5.866793429521362,7.074206050945740,7.146965804427733,7.110442947182001,2.861693185518071,-1.385184640813925,-2.463975221478174,7.317800805514562,-4.288808268903058,2.182115379089471,-4.391025415221805,-4.124875448880037,7.054449615524593,-4.035683732896773,6.154349605382428,5.458687952262464,0.718995555944002,0.969130621629738,-4.011354203299278,-7.276511581017759,5.334909007626624,-6.645023727455486,8.097895128038324,0.569404846177120,5.986876836342457,7.772004233447550,6.618227682453892,3.189836034579287,1.682674410330078,7.268911701417814,-2.651259680744680,6.918762343984035,-7.615564948845089,-0.945660132452151,5.149940293399538,2.062339562191584,-2.031878185677726,6.663181991415129,-6.914593960715059,-8.562991185378760,3.865567243253418,-9.047247440457706,-6.248078577505726,0.820755715174828,1.513972519860538,2.121514400597132,-1.842970987050380,-6.589110300837550,1.600056381542391,-2.420177974911379,-1.263970625821187,2.190196918331775,-9.833643872551651,8.231220149092056,6.636200547699541,0.909368438183369,9.035616810116714,6.058100801486404,-3.571392543215508,-8.085236543317196,-8.180944867062047,-2.101780221605953,5.028390778510577,4.762007003898269,-6.590618125946513,2.846686785909222,-6.604533685371432,-1.386379072843456,4.774285854857718,-9.727289114025247,-9.996712186380419,8.258714895546106,-6.944112240928586,3.152407689234710,9.348635317298108,-1.366343225793347,-6.722622239215472,9.096314318937011,8.272160857857489,-7.726883375925904,6.666165243580114,0.512517471552245,-6.566926671368987,7.144725666949903,9.664718626236208,9.405405099097287,4.352149117637659,-6.757278511403275,-5.008079525471638,-2.557610857007447,2.928602413060332,-7.180970407451552,-7.106679748730578,-9.041993366308425,2.639780706290759,-0.011600090888939,-6.526041590744409,-1.778060180716764,0.782523672473967,9.984829923635740,7.149017686863818,9.390703033186000,8.124016189840376,-3.064457725603102,9.505846247872796,0.386316370912510,6.443935177068234,5.678059442496828,-4.666261441577168,6.065553290139320,3.280988101361926,-9.224216672209247,9.725432948249598,-4.727186813746824,7.324140638077218,-7.633429570081742,6.928101516481075,2.030711733628497,2.308180839418341,2.388665297489268,5.429771609430492,5.409534210447212,-3.225416234450735,7.087196942925729,-4.690263913889494,-2.193602185713335,8.868760440061713,-6.807675424494917,1.387645275421985,1.328163427999487,-7.515010266028188,6.127254619095737,-3.800022233700274,-5.113702083688871,6.157996545649908,8.182540655173828,7.492677424832273,1.359194170177791
1.405188690961868,8.937601568651907,-8.444070564693842,0.076451958198371,5.452342637716663,1.697470772044468,-9.270634708559104,-0.706162055570310,-5.168862509235543,-2.296067790461871,-0.589582367429811,-8.065058132033453,0.960197625480072,9.631157284750770,5.079109955834141,-5.401745854704838,-5.525683885396642,4.277197529893824,-8.941271914903510,1.613259610377874,-2.840654513814673,7.501339218870100,-0.629937914146737,-6.646134922146752,-9.126254137584052,5.994294725754536,8.064914435985429,7.558333566629976,3.198690463719307,-6.968024992640185,-2.820704256067801,3.334918511540062,-8.575982316376509,-7.806185737071260,-3.334681094464522,-6.949654215044855,-3.493964021769878,-8.012025526364560,7.975907048158323,3.084558386834516,1.697199990020145,-8.305416627426387,5.738007687932162,2.181317018783995,-2.323651905964232,2.874793587209021,6.199751863759982,6.838438753624374,-9.334260611679197,7.912534635870728,-0.556855534399446,-3.437362559748253,-3.688098040384473,-8.291638730959509,4.947826202490710,-8.556683623940280,-2.728434339031081,0.490587263105247,8.393084457934563,6.068327726925965,4.681990753475558,4.855884899895830,9.911317334142328,-4.956054306312767,-6.169162784115080,9.554495043319044,-2.298227618683059,-6.065707097041493,8.892209236217884,1.241502166488935,-4.317952327893233,9.144325942130290,1.409029517623946,-0.733881946863269,-5.428098373080648,7.153701040651143,-5.794714496940689,5.766064241637654,-3.954404965574683,-0.128733734638594,5.416857597095170,0.458545896547605,7.228689165730227,-0.744494547070868,6.477771160197413,0.440788080870618,-9.648933558541406,-6.629367482784576,5.275864830565123,6.931089475022233,-8.807961799312494,-1.218497924618267,5.278969593702357,-4.648662194447617,-5.965316511859539,7.834140959202198,6.126123490205487,4.561889309989692,-7.662037828630957,-7.105329888187959,2.644535134078442,0.739247685612508,-3.955363468843873,-4.908791619425299,-5.531382701214054,4.877109008270473,8.954265942917260,6.857162130167868,1.504186244537538,-9.088449451002012,-9.562324796979823,9.575318933346470,-6.185681559389675,-5.166045595861791,-9.154507124888642,-0.861094765216460,-5.842804009584050,8.963669748232714,-5.826343437735955,-4.432025880325671,-5.731370827172135,9.529556971709848,2.276578495326127,9.231455062508115,-3.112891224597806,-4.693863264943595,2.138709569586661,-8.795561585285295,7.596650316627439,-9.936012441800447,-5.996293347714207,5.486584005166941,-9.050074135795592,-0.570002902365909,0.942464308486189,0.121483584266656,-0.787372733002291,0.135543200203983,4.485549271820437,-7.603681527538539,9.441280262777020,5.873570047150576,-4.634491422350210,6.111645030000588,9.044572386200414,-8.649495999053693,-8.080283789902190,-0.809355621688008,1.429359688846647,1.170280316195885,8.379199105712377,4.450817731945714,5.840975293582190,9.180081840314070,6.698398410257106,7.872322133734464,1.083212751135534,4.326039014644108,-3.874635677671092,1.985956544832097,3.350699057519828,-0.070618013676347,2.055176343622945,7.869850486528321,7.026169473238415,-3.017106635438964,1.700969747715666,0.360267427167507,9.633433794981027,9.786863906644335,7.417419684914591,4.962340154986851,7.561656658788600,-4.273679771267888,1.727851157831166
-4.980736505735923,7.938673516942707,0.866937205935283,9.246780757035321,3.776020506396220,6.204214375554621,9.645258199305296,-0.926327388129584,4.904107164046216,-0.030076714401643,-8.268073210458603,7.055810552940216,-8.809095675441451,-8.488529533386071,-8.273443582649424,8.100064105056056,0.522409510811180,8.566429271823960,-1.511977527063259,2.771303886541494,0.395855490026770,-0.118943502696634,1.584081452298733,6.263386146081238,-3.684415931687162,8.724434867166970,-4.059526585973141,-7.625321768950569,3.986617891828846,9.577357038036237,-0.303076997495324,3.216108837203571,-5.680374597412468,2.749665790672323,4.966283802364275,4.188889520012539,1.734896191668447,9.232254479032612,7.604295780377857,-9.778533599980427,-5.901235947800616,-1.097979462980636,-4.571716966971325,-5.577833544987294,-7.847185586080641,-0.156220946042209,-5.475323906813514,-5.561428806790052,2.862877469608776,-7.494432829659232,4.609503290969981,-8.713162439324273,7.545224877054331,-6.181084963977872,-0.779619343901159,-1.571470266579279,-3.147453794150841,4.248238025889799,8.117284856717653,9.422596627137047,-3.593546036163930,1.031933123475714,7.753411611726378,8.689593911859056,4.019293841801552,8.852819414415102,4.802178856958951,-7.815514998838915,-5.986927664941081,6.390043630485927,3.820315418946144,-8.031468704172868,4.894269589485651,-2.086944508839164,-0.905750001220358,-7.200479801431707,4.602488843398142,4.209289066541162,-7.851660070981151,3.350784481779618,1.544295026518459,-6.955993283480090,5.440830307843605,-9.808219771457336,-9.187747628675428,1.120459330816249,-3.514072370718448,-6.594061961796315,-9.114409846614166,5.643957851284981,-0.728286871322567,3.828901677570792,6.441355329916295,-4.761661991816664,3.765316817255243,-6.098242619834828,4.932077761559267,8.883683107853706,-2.704558681531979,2.053550637126541,8.229640639704179,5.861798585234270,-4.560839103492984,6.885669976681147,-9.467814650614310,2.630384088250398,6.029263570974667,5.477072143317391,-7.026940937443122,-6.827739612839927,1.528241211056843,5.361136546070238,-2.533064006316302,-2.727504640812219,1.827020892389886,3.417153646695148,-5.255716580765366,-6.687503866609815,6.431374513872552,9.147453710654592,8.483111593402121,3.508337013950506,-1.557489729824725,-3.599977526534863,3.582522547644210,5.386004204770853,-7.826293059392344,7.214096833880948,0.025828248318797,6.109962274140443,7.164196354936927,-1.180334105480078,6.700477604135170,-2.632047128006240,-4.523671253872572,2.637252109615396,-2.771956069893760,-8.725313470958591,-7.786826892477317,-2.005458987721198,7.780092144242239,-5.551920714361955,4.691828299667172,-9.811945745079722,7.629719625399328,9.097960904616556,5.514615205843779,4.793963932958727,3.623344354010491,-5.306141847659771,-6.061067810543912,-7.292073808598980,7.708786193337321,0.030540559972113,9.201684661616067,-4.153028392412619,-3.143920318925875,4.734939537207870,-6.966475841249899,-5.931540788110333,-6.749499981271549,1.382670983391654,-7.251691528558244,7.635669463935322,6.104161636965724,-7.509346471764868,-0.630737636212480,3.003674764988496,-3.283636509003904,-7.040374116383425,5.236062592907352,5.498264372155477,-3.105155264088573,-3.607265584454444,-8.172008567293631
6.134183830122094,-5.141287644748038,1.571178866785781,-9.676719659661543,4.746992055349706,2.510165534559876,5.299112933907782,9.683667650357194,-3.040727327553370,-5.663100504939336,-4.125468389422910,-9.783583008467476,-6.313418978402252,3.398840056938173,3.277632003043573,-6.759162200561635,5.446008842550095,-4.828585414265428,-3.655138670578948,-9.688304277562391,1.943974519477933,-6.428471065635413,-2.886155345837316,4.545622705881083,9.265395829164390,-5.955228105816563,-1.745788833300237,-5.255445510296999,-6.923428941390859,5.171551394452257,-3.277089076619917,4.017136962094497,-8.793800982485598,5.138415761549203,-8.616395299738397,6.211452757185338,2.820414123980884,6.172315846226457,-4.210752588832058,-1.022701524285051,6.509444842664355,3.267908180682998,1.245585850018632,-2.718739917976118,6.130077941270120,-7.523135890355301,-6.330583394627169,-7.275895489516200,-9.170242460907419,-8.294866639514941,9.898088713240394,-6.062543352733993,5.719675319074810,-5.119228244100132,-9.514863862314268,-9.527586147667044,6.422687242766777,5.348655068146043,-0.744638266655999,-4.310654648014378,-1.865839177081403,2.400268570479165,5.015209981730894,7.901903894600192,-6.725369391653688,-0.754713007602133,-9.702956546811176,-7.229016986363912,9.780199939008536,-6.477326710142338,1.436700677667362,-6.871393291942416,-0.553220822781311,-2.682626251805720,-0.058592436783655,-5.891465732102596,-9.625589066616964,-3.063409638441490,-3.358904696597649,4.694836391985401,-4.826233438031052,-8.319522750687391,-2.127003512714691,-6.210066746858978,9.919514498721991,9.589644598121481,0.750257579722508,-9.646082082988221,-5.191981823828691,9.642106183182705,-1.295140777278057,7.336914094222124,4.240098481416323,6.956283407933018,5.430025487026519,7.658789121872246,2.636670050979500,3.085934330692407,1.954170890015636,4.292839440152850,8.350064709059094,-5.467022729605191,8.683612725997513,8.701568268153686,-0.413461518738522,6.015681947823349,-2.127248119052004,-3.551241945483932,6.184114232940253,-6.962936048508476,8.513230072774572,-0.206907577049758,-5.646095308329279,-8.588200134119010,4.897869399028068,9.161686594189415,9.735296970223843,7.398372993416956,-9.609262844376627,1.115100690857327,2.992003426250598,-7.606539703025337,9.986252828979243,-9.648854468900774,8.453690713324157,2.817349923346498,8.442762123924631,-2.337809297396241,-1.895773420149407,-1.157538085356631,-2.043629258711832,-7.462308043493373,-3.979792380109616,-1.058792716374393,-9.335643776474811,-4.881203102915403,-0.821553850242724,-0.894115726456731,6.253633302259519,0.162019334911122,-4.256759631313791,7.671291001064297,3.829067254101314,-8.130968106619916,-0.912811246330898,-2.368171446789833,7.915760621740006,-8.984354960895260,-0.717565058916792,-9.531765300819687,-3.471174922984877,-1.195769242603307,-2.861342417714743,-4.245395358906475,-0.469933078066155,-3.330273637922298,-6.628366881665353,6.877028616179054,3.044465825671123,5.380211562625046,-5.066744049517331,-4.057196415970923,-5.546173916942553,8.459831779271436,5.205671426146321,-6.351517976730299,-5.560706754831203,3.686703264547159,-5.269892035805657,-1.862594138352522,-1.934415715237927,6.909366396458616,-8.792125667020024,-8.152624744265879,0.599570388711578
3.757102529490165,9.908002931097318,4.084729209273938,-3.120094660059777,8.590248508599359,-3.388829872061764,-9.148149264107300,5.358371293355235,-0.303641349924797,4.994300394901552,-5.884452934184717,7.536013486686539,-8.849604930738566,-1.272033020419777,-8.226533715263747,-3.317640964390951,2.069723356940489,-0.356633920602615,-2.867531408430287,-6.375168686790047,-5.578759353213504,-1.463744441648263,-8.461678264910342,9.250420585625633,4.341024538240333,2.812933684345298,-0.988432661259061,-3.285808783583743,-3.344709652887696,-6.672012506985752,8.668799603760245,-4.730175769368106,-8.188283448710560,-3.224827588224013,0.095763286103356,2.541682654259292,3.038452223703613,7.604274892227167,7.255673310344971,-5.490261330704048,3.264831469645944,1.153751832380019,1.596438890007644,-8.945510532057920,-4.589758678781490,-5.868673560341355,-0.742261052282307,0.851497439664325,4.814628366701854,6.786704712499787,-5.101353723833377,-4.379205964412735,3.357336714600514,9.559771617214111,-9.220242376189747,9.475112108344835,8.701008415838913,3.111781423238277,-9.255501990328332,0.321782120412827,-3.413232557713510,-2.719807990942100,-0.638021021604517,-2.630651904598301,1.871858680564877,6.510058538935908,-0.699538296318259,9.104166080963239,-5.571548512035223,1.802591804733504,-2.599029142143219,-5.614227870621806,-1.889739644652071,1.605662987481953,-5.116874388756081,-0.705778734361541,2.325846940687201,-6.692368128502480,-1.385970614240705,-0.737864504916526,2.116517862634081,-6.265671771265719,0.904609094937769,-9.399729911602439,3.173660411027772,-5.263390194531905,8.152141734859232,1.420853011186402,-5.639247949612844,-8.740442551617846,4.775082567628587,-4.459396890568108,-6.433774786155850,-4.283401105791049,-9.008549682246134,-0.998897357338473,-0.739822653854660,-1.645416934081588,-6.980572266213640,1.419550929327244,-2.156558081030521,9.322024290280293,-1.662088913506549,9.053772628395517,-8.572086758366108,2.909531231968581,-1.179414225314535,1.746864811709159,-0.297194133573971,-8.488667242069024,-6.029607465913718,1.542886008660339,3.080334132338834,-2.236959732688488,-7.264649496763300,-4.729244974728739,-7.612890030322577,6.747897346486567,2.294492236718277,-8.387793871254857,-1.762438710882893,-5.377766092464134,1.081045359348858,-9.159083358025711,-0.991927653262932,-1.313244135432202,-8.639369381908374,-8.288545038425037,-2.388664147955710,-5.313741984199951,-8.218355982184306,8.328548409822783,-1.104402733624282,0.574465797263473,9.004578736449897,-2.418411712154582,7.584484321546540,-8.875809935729229,3.067990573112663,8.300549744942380,9.375111490423201,6.442073480521294,7.114734746555357,-0.068993634645043,0.373139721045213,-9.965374203325686,-2.549244077588315,-5.262434897836899,8.000370549317278,-0.695482380462327,1.695564197083097,8.074610771375387,-5.295774456728129,0.086318634874008,7.592814343341857,3.703675688423305,2.257797504473940,-3.614380148490324,-7.306039906061425,-7.607205914611757,8.696861051282980,2.841383946192153,-2.178804583834093,-8.168297260112489,-4.448467732756514,1.014998159640474,1.173779876333169,8.689278511334713,-9.403284585159303,9.591352339303178,0.856701795364279,-1.467555775383300,-7.041540554864342,-4.836595910614410,-3.051911491855188
-4.533797652936286,-6.582435247700267,6.502801912184577,2.236058358181950,0.308132095600300,-0.572886562182951,1.559222434927287,2.939335469815683,9.746143593485733,9.149756413375240,-5.796387447826898,-6.176584172126020,0.062202082406198,-0.272373060197140,4.748480615862213,6.438181840194552,6.107013577600814,-3.376080798000098,5.905589867569539,-0.383768254091638,5.493422103617933,6.000219647378508,8.565391504109513,-8.888452667554239,-7.199849813973708,-6.412442389175110,3.608045840512183,-1.865362634780434,1.024178333760519,-4.071227285749854,5.366637251692829,-7.910571573273792,-7.472774339154165,-0.318409357037249,-4.858599092146427,2.184343670021352,6.939475684880385,3.489838084334536,1.183166519692342,-6.634060001200679,-5.089913579235357,2.365085955729695,4.675121825951887,7.556799550141953,5.704214074981262,0.407271437363343,9.675275458324823,-4.808579084070228,9.774630927729703,-6.611971262089824,-3.338234524695823,-3.528988425040456,8.992995985978084,3.341302706234476,-0.101785935174995,5.265046331096791,3.156670543319535,2.646339185896181,7.665164502306016,-2.657989744724379,-1.870089594641671,-8.144177219449183,-7.224266145267555,3.051225755224083,7.698325286602142,9.725816238084278,-7.870571616316029,8.587552615978790,-4.869387666618163,-0.742996582837119,7.992627204543169,6.878526977158756,8.130428992886038,0.048833811181623,-6.398737239239491,3.730467767400491,-7.734899478569548,-1.397240275536211,-0.248866169184769,6.366771347085709,-8.531368660443226,-9.840821126104018,-7.419765128387164,0.738589109869954,3.532707336181565,0.298702010851496,2.371643793995894,-3.799526601960270,-9.084477139965884,-3.313405945552860,-4.064800587057322,-3.361761664174267,2.369640094085710,-6.558629906855646,8.847532034158764,-9.778870355375645,-0.177353792682517,5.767528764461087,-4.099502243033086,1.369090015465693,0.192921324096888,8.339707733473713,-4.584811135434199,-6.127850649957036,9.058434647025024,2.684965419010796,-0.163368829350865,3.890008414726218,4.488446852336157,-0.468357668740518,-7.683713043226934,4.700396569734664,-7.126108149152525,8.268682367948532,-9.796164156735863,1.925586570397037,-3.280051124730361,-0.511233832925381,-5.590262449797933,-8.794275816064365,-0.996163751943609,-0.203868232402431,-2.971649828061620,-6.400199709726094,3.287351366431199,9.413200420540878,3.629272128871953,-2.746323564219142,8.967280956532502,-3.245828540952425,-5.227799850021606,-4.697879567069734,7.256632450034147,-6.289157564271177,-0.381248231298748,-0.161828488129194,5.727160193103840,8.340516245438238,-3.617022891323513,1.657731528265810,7.169540363103049,-7.029512701611813,-2.629830721055725,-7.452114171517026,-9.163175181378072,-1.838688127975130,-6.914718349785442,-6.959877518427482,0.752051290572982,-9.238620629872569,7.256759928651814,3.518717795056794,-9.756930057185503,-4.519145030903933,1.586171203875841,7.877680247136642,0.458886197234785,-6.301061418261586,-4.231213284786448,9.798397970158792,0.146055482786609,3.780971260452350,-8.021022689606237,2.409394358736456,0.114097106289899,7.653690289391637,-0.474732493982257,3.614465242371486,-9.459986855553906,-3.597436777698649,9.739364315705920,-7.554921336902378,-3.694728600175312,7.805336294476536,5.203714319420033
-7.718467650238074,4.451189622887831,5.251190121978409,-4.347751272904688,4.322918507933871,6.601738599275183,-8.800213795861012,8.531969193552129,-4.677304547738230,6.773655156766303,-7.175625675656221,6.270155238213555,-4.784529578137693,-6.780238319479723,-3.326475151666539,1.158671341768837,5.502334771179784,2.590793863954381,-3.347155817244928,4.671342624255441,-6.443650660992139,-4.842617492562715,5.668111925735968,0.957936732165054,9.405393661709688,-2.719215440621010,2.200043325826694,1.277058118449958,-4.595333338143924,5.472204898735260,-0.427661591953205,-7.272535682938224,1.263505914150544,-5.667082319046852,9.237391307333358,8.233215855654286,0.068197528818111,-3.888075570717402,8.679046275829926,-9.782659160636554,-1.827821628829902,-1.070526939366360,9.395350413183252,4.106433383621011,1.764708229327665,-4.817317663634517,7.538302506446321,0.959230957475057,5.452073920525162,-6.875541870698319,-5.415219953988160,9.522363738740086,-0.920571844217029,-6.882987561363465,-8.287024861858143,2.562281920836099,5.658468424015187,-4.994979755439775,6.991035179476327,-6.704457997500331,3.642764934706054,1.454228751809685,-5.006300185171259,-6.990678924854564,-3.110676056447856,-6.615694094510324,-8.450247618676595,8.479131891287590,-0.333074982719682,-5.275333669991451,-6.343856254928051,-4.253523533465886,8.279163489769729,4.794575851445915,-3.520768772828797,-2.997879095330152,-7.516915733663763,4.104843966467547,2.866903908115756,-1.892387025125998,9.107684268041890,-6.495299023816403,-7.244979910500165,-6.782936861855246,6.876491551027005,-8.375007793728757,-8.075976731562960,6.508253051599645,7.019354166274340,2.340353766396429,2.855841121768623,6.302313700828279,2.908002762250741,-4.158876999409107,8.369024265413810,-8.587828303536131,-3.479759232830979,9.563744617503293,2.088230732186894,-5.219365454049330,6.118167609377629,-6.565337355768539,2.926206741033862,8.671372996646888,-8.756237029356512,-1.043506750737063,-0.002631533087307,-1.668174676399868,2.908917216214650,-9.373704919369544,-6.762200053054885,-8.438461827848629,-6.010031163460702,-9.844276029495692,-2.953255041541132,0.079795079210758,3.433279500118246,-7.629962879026444,-7.422885002291335,2.767864119542667,-9.921010467986717,9.462266099734357,1.580156260163829,-2.027648292580675,-2.753852124683684,-5.823108805317066,-0.434646525334649,-6.428676068555113,0.336637770195987,-5.920148345959304,5.205836816736543,-8.884681763090663,-1.537516313203620,5.749839679209913,5.298809416828858,-2.520051568140405,-4.811138353377251,2.696369604808044,1.828669835125652,7.968083970772270,8.601825260304231,3.944785786375318,-3.297136557913034,2.287535176328232,7.584727063707067,8.513143349800579,8.490885371193041,9.071578309101429,2.031289285255708,-7.179599713981252,-3.390871994745237,1.472236727052165,-1.610430598771433,-2.734461860756745,-9.521620726996334,8.595321976459196,0.761195726118931,-9.265796965251669,-6.426239059909824,3.955629784347042,1.209576558705086,-3.937870738714802,2.911970092966278,6.238676017914390,-8.640848386433239,0.249230464831605,2.970863490425334,6.053337694489084,-2.865499133302423,-5.045873391131277,5.705235792260677,8.431974857159798,6.488614475516041,2.010400060308896,-8.173050455993272
6.025240113374938,3.988074679795098,-9.662141119642660,4.221632273897393,-1.409175875055277,9.837717233743167,2.114512183370961,5.173795485813120,9.189992514708052,-9.139662797288487,-2.340594194886845,2.006678466491538,-3.688969744924322,-6.063490225735939,-7.229498217408747,-7.342116286398099,6.027619360972242,-6.540217034699934,-1.660115929057358,-7.535568399832893,-2.407273589898913,4.471634094603168,-7.071532821314581,-5.868045066796848,7.241001549107210,4.143095450206381,8.815703908796053,-3.181368640421740,-0.941686371058568,-7.826846987116330,-9.192669357066789,-1.215842440766686,-1.882980935361758,-5.248254874736529,-7.927048931489549,-9.464542217246182,-8.814757745237269,8.210229483751551,1.822336375873411,9.583344172168260,6.890925344152432,8.853862782950152,-6.915633576833910,-2.136310566087147,6.619678163905892,-8.733402514088496,2.528432037368340,-4.321124993061702,-3.485580600908762,-8.051285302830841,2.947404141717209,7.339751637566103,9.482765801757253,8.246588784738972,-3.415950818736966,6.129367909836656,-4.716412550067417,-3.208524939933229,-9.076042006579023,-8.933452287255644,-9.331906269703179,-8.343969935912451,2.807124977036823,4.714438535587558,-9.550825379412098,-0.387633182314893,4.280700676908422,-5.503710229539804,6.917999136329691,9.059693784608001,-8.436189962330849,5.205135477206950,-5.390321044882807,8.978083977272981,1.514171291342155,3.972107245218782,1.257704277139386,-2.898719297312516,-8.676485813051201,-2.844065379587828,-5.401312349462009,0.591892505782216,4.521836957525966,-4.914528083227427,-5.293440463295807,1.929057449045770,-7.499037620850224,1.785321141038491,-1.779834581650572,-4.923491771265853,5.601378674799962,-2.227850178873840,6.569916379470754,8.794307194512829,-4.780199210718623,-6.650552378063623,-9.041692880600539,-9.848362108782725,5.847420035109078,-6.595081709134218,8.794833164146571,-7.385277144186960,-8.946953202212081,5.405772183284046,5.191882026593735,3.190898754998997,9.285193828731341,0.289081679414391,9.921348208267244,5.770045400664843,8.809601411724781,7.514196959398671,3.768857340417437,0.201909107267625,0.494530942302651,-4.924945979741269,-9.542464650864257,-6.802715829725400,-8.801565667820366,7.498204978700265,-6.518198011754914,-6.266051165684989,-4.338138651252570,-9.337219939310321,-9.651073312705314,-0.060519674058266,3.871568697971433,9.053640805373263,3.998201867006584,-6.139411567269784,6.442398964761900,7.409210733227283,-0.180892349511446,-9.474072293070474,-8.390526512263961,1.110682752407685,-4.691585955973377,3.872544993054838,2.057072668688729,-8.690117607860724,2.572029095204911,-2.223395920145961,6.950097469430020,2.257872111471588,-4.888410502848119,4.995042687484750,-7.415742725432263,-0.620698096707352,-9.460771399187426,5.928404591181355,-2.661497005366309,-4.447424255133829,5.981617686599282,-9.378394928925211,-7.559372528233260,-9.610410893954651,8.204905294239889,-2.843494515438925,-1.799072137442554,5.318138877915290,1.398766002180052,-0.775810747105350,3.443316285332251,-1.490780248869573,-1.350729903295193,0.662012804319218,2.347546379088918,-4.043845524523311,7.270590932834640,8.656543502258941,-9.780392360811510,5.062325554904490,-3.331665093663134,-2.061136653495450,0.583728983108365
-5.605295265642891,5.884192597646811,-2.426816238754474,-8.742286827718011,3.723548044010048,-0.643476922531507,-8.094263278776708,-8.344171657724495,-1.152100978958053,3.197563529183260,-1.751092202615581,4.210420139693356,-5.700444649814131,-6.792755864625619,4.605993186038420,5.464115488345772,-2.481944041275317,1.488375333865239,-4.202921044711443,-1.747116873352009,1.585319863396531,2.972792330905618,3.494915241642714,0.925595660507135,6.062519519476727,-9.400577244581875,7.962911157488794,4.621582173103793,4.618389525560325,8.947220414059096,-8.749176062675286,4.558161139644195,-3.905536823105040,7.141967525993675,-1.599139089051651,-1.905106741566804,-0.195002906217061,6.285893551454897,-1.987721652410251,0.226027319397291,-1.341414253139758,9.609347124325438,7.829620143151864,3.217709254824223,-5.576110281004667,9.686804622718380,0.612006869160073,3.543555733726544,3.269601491124991,5.718945750824060,3.630812413641596,-5.514306348005160,7.455503466222201,1.911626646713984,-4.774803015781997,9.296482130594651,1.004055569544974,7.126356014580615,8.216119107356842,-4.576675477605154,-2.622068125897821,3.100443005905699,-5.803970149239984,0.051168097850837,1.272072720380397,-7.118751981306852,-3.649874196384864,9.595883183376962,5.572379444925650,5.971617339829088,4.782893283359256,-4.007687873786496,-9.343171383411850,2.851759945583519,7.502692400864710,3.095350012342966,-2.395069560032885,-1.606692485979767,1.692437793833683,7.549660120275288,-8.825417977032979,-8.014674242991326,-4.540088871001751,1.707588597865124,0.526607068406902,3.517062075594254,-1.182028732770357,-7.307948286067683,8.964803818917641,-3.348959054922012,0.489422344838923,-7.993304308901028,-5.967333499178751,-2.762764862710196,2.767172889222403,-5.445943009499025,-7.170204223349492,-1.364929537073326,-0.162537947301264,-7.189810390747990,-6.710606430292492,7.914015433358571,-0.027312875098712,-2.945278039697838,-6.936321637291445,7.657626830049701,-9.544294377796961,-3.584152858378785,-5.083810107120992,-9.040480724994806,-3.601904436913439,9.665798545342454,-2.562830407570102,8.389041238822109,-1.040244904488162,7.881857635104247,-5.781677646403544,-8.249950949234062,7.920476554067108,-5.302179517314338,-3.472577658247957,-2.905984002179678,5.064558683220113,2.907876337732443,4.526711148663200,4.865135131238718,6.082747883380339,-0.096225770077915,-2.384307341821952,-1.366721903462748,-7.582490551495528,9.351044000364329,-6.120758438933462,5.251817757417321,-1.155766416366561,-5.091249045698492,9.382938270115286,0.513319817893374,-1.876469765268695,6.460292514473817,-0.794105586212037,-4.752463844625224,-9.496127274210533,-2.860129867565925,-2.323723311084147,7.896947259972549,-6.469184987992485,4.010618195084369,-7.710599979492154,-2.363617129091780,0.419039228612819,-7.801111899194442,-4.803446556793542,-0.997007551398417,-1.372453994026747,4.712934667383422,0.917544442082082,-5.588598453498350,-2.578563101226030,-1.629436117981928,-5.429291206209230,-5.009038606474996,1.355351433859891,6.531506000130520,-5.146478698179471,-0.790830603182521,-8.703946038650392,0.109867153300812,3.736568235944775,-2.790458118064669,-7.318979373822490,2.734919932530989,3.274820031874322,3.809014359726310,-2.157340934757734
9.581786042664394,1.939506326432172,4.430359784585679,0.826294299316899,4.432604604810104,-5.703948544499622,-0.731588781293057,5.577273281792088,-0.711483099199384,-3.042188349318433,-8.930927671423410,-7.731528396917433,1.303573004751442,-6.964303188174932,-0.939194266265959,-0.118832611719085,-7.847429862867601,6.056814592317036,3.571001051500604,2.674537179614907,1.532901820575919,-4.920871454994997,8.558158212926845,-1.899086247749235,3.871189078786426,-1.642484749713493,3.830716792838711,-0.423592231063479,-3.142105976632372,3.340120175108478,7.039403056648876,3.787826124449493,-8.059991267509101,-1.708320187525372,-5.144967188780845,0.562108692958091,-9.320703694565942,-5.274383518330632,7.652985382383971,-5.660216458598619,3.727655784011414,3.054182922095121,2.284158533325456,0.945285884612865,1.843172170344804,-4.989429177688285,4.931173953169296,1.764551261950524,4.406778722638684,-0.974548184184032,5.377057531216572,0.019679283251854,-0.602312232816899,-0.436134534658228,2.949459821082122,-9.244418848545914,2.971695766548756,8.430704658979540,-7.125694361915631,7.416263466954906,2.517370232556056,1.205291743171124,-7.705453393602468,-1.759086635506165,4.503883891469890,-2.672547142530965,-4.233488581108789,-7.654743997580504,-8.544356664961390,-0.387846119964376,-1.117189780593591,7.837796348329896,7.942190488626352,-2.804209588241584,-6.037639043909310,-2.001705568633585,-1.584358185593661,-7.205867853651959,1.872152706148000,-7.723149614975258,-4.671466218285374,8.706372806130013,-8.324144829641575,-0.835293969910468,7.707567557458251,4.435642787315588,-1.668397203519094,-4.630751024892385,-9.712318383118612,8.290887106821096,6.935546279890428,-9.103804034359529,7.147276130531885,8.034756980606836,-2.857306418909184,-0.018161567517190,-6.524352061985768,2.195757038457881,-1.860413601132871,-3.574881423766334,-0.904037855549813,3.978815131715688,-7.731903931554774,4.629564089637825,6.745509385641718,3.275953078101194,8.630860656511896,7.860144424336838,-4.333567232742568,-6.730496141572486,8.705682340875832,2.507781245501885,3.017666554078641,1.602315360450406,4.467081190703134,-5.746620907090437,-1.197453478931134,2.603493726815305,7.935154869006993,8.209200810401068,-5.745166575786989,7.120813433169658,2.344654520045676,-6.273582182368354,7.587723079717069,-7.709686744386584,8.563935608795841,-0.928821958498396,5.559091748244484,7.601482970063486,-1.536517736054144,0.686170289340133,-8.059071460309157,9.657149009151365,-5.353391394985094,6.135655405075756,-2.944123593907253,-1.366193983142381,-3.929338788495375,5.777813422088158,4.986495954683150,3.343931170978745,8.718829666373800,3.372684091926617,4.064760669256655,-1.017707423477606,-5.858525842609337,7.372589447704406,4.338238308745815,-5.385337000472106,8.220003116356274,5.511849984351048,-4.901918769721217,9.304421946865130,-2.566762615572181,-2.710290688341022,-1.308175981349960,-4.873420930253141,-5.431067358411681,5.602575985970002,4.985398059230127,-0.680681011353236,0.907534948889170,-0.388349604775332,-5.147973787744561,-9.881333716704637,9.425773595079320,5.890183102474397,6.930523638966257,-6.556130360002426,-9.457812495792826,0.333433253623426,0.599125440177961,-0.358940988133851,4.003272054788349
-1.208932736117539,-9.416181036717870,0.809253713257942,-9.808487063388153,4.575218193637600,-2.203248220209302,6.218501037358909,-6.839044391196927,-6.697579598180781,-4.072320828279532,8.584582168366538,1.745047217692131,1.801054994718509,-4.679492729850190,0.123236639524848,3.336484705395819,5.395508867359526,-0.874199307390287,9.830873926521186,7.866919972639383,2.350697219887603,4.481281949948741,-8.861750815969545,4.908440729927040,5.502347501071082,-2.388683777782800,-4.154367297979491,3.273737488521061,0.306719971954603,-3.197990040163212,5.225918634558091,1.484749947609451,-2.961522874796150,5.820449525106914,1.602123015469425,1.937998660534996,-2.308590998248090,-1.039292050436110,-8.187440618281784,3.299244790511366,-5.686231125020886,8.393650177565071,-7.483614984936937,-8.778519600064323,8.914483917739137,7.313924297114120,7.776619766914518,0.762662509225692,5.359648430112641,6.949171346950767,-3.903594198723654,2.216406763105880,3.918505138383804,1.179893737194980,-1.791481020664715,-5.252749563556669,-1.771319976757042,-1.795925892511088,6.025036894735351,-0.838230962789128,-1.706223205792330,-6.933811931395246,-7.521478726107674,-5.550906690626576,-2.471342720517169,5.337001986022425,4.846705920404595,-3.786804152458370,-4.881540709310594,-8.327954171049019,7.238394733193985,9.951379185183960,1.033092998291746,-5.580457411592555,-7.976940120122218,-9.617553171139948,-3.161970187275454,-8.077360006298395,-9.571119706430324,-4.907641872376949,-0.702815111302845,-7.932636986563404,-0.626755500962089,1.135359607547368,9.624230175838484,-1.720019254963859,3.470228326251076,6.685363060614996,-3.754420990267846,-3.894418268484769,-9.532537996148740,4.055684366830413,9.012518630313103,3.246544342781494,-0.736555812897866,-4.869987756585408,3.815403379319269,5.118142785617326,-0.760040828324478,3.736587352910242,-1.677081803663526,-4.551367422102048,-1.005422153672518,-4.463245390308447,0.810855529194024,-7.376374566760411,-0.996600783151711,-1.724196181544237,8.075330808958491,-0.034373308079164,-4.978107954768188,-5.854908187724104,5.108995054745584,-5.788945795198350,-7.659437785022232,-2.092049554023627,-8.307834609519064,-0.300903183181855,6.498860721841854,6.623891114837026,-9.603847792787970,9.568104745376910,2.984320750664786,-0.227481353286556,9.447008872623137,9.191225753100277,6.989719040581118,1.673816956532850,-1.398546350195513,1.811912545710019,6.303137706156466,-5.082101870104266,-5.386457707590752,-6.138882992846682,-5.891458211812520,6.267248703989587,-2.331146047061932,6.515374843569067,5.929654848318510,0.653096766745573,0.732690474981819,-5.910409143368791,4.711580443144399,-9.970170328335101,-4.158093600882080,-3.759348680495851,-2.918872968218804,-8.962221685943446,7.424761185469922,-3.542443807625347,8.543772058996705,-2.314376693860636,-2.854230348999007,-8.018770420075827,-0.853319890450408,5.927876213736983,-1.463930164592250,6.147102359906192,-4.687349855417160,-2.445917473941663,-7.923327356342849,2.866328428688449,-6.600543036254358,9.566047056085392,9.446153056848431,-0.115114186001206,6.125499319586101,1.348180270735448,4.365235070330346,-3.134897984719847,-4.872222152172670,5.694633688693500,3.741036593062759,-2.163791710319094,1.677609308043122
-8.270193383909504,8.627179315316791,-0.885383619320461,-5.639025267776699,-7.557033305198233,-1.766595546998055,-0.196235757758974,3.721343003098314,-6.152490515705836,-5.095330608116663,4.627166284312537,7.424940924867521,-3.246437899016376,-2.321547214499606,-3.032035196707055,0.049951704010233,7.073515812796533,-9.452333628518037,6.021184654804685,5.826210934824347,-6.295449908079817,-5.875949703160446,-4.528059524756736,-7.004353578666178,5.133282569303951,-0.227726698910303,1.723413620209522,0.836839934465821,-7.841111580824327,-4.905915531330742,7.771361237505282,-8.107717398252293,-4.750595146346333,9.588208736832836,2.250983550948648,-6.432537114467285,3.853825955616347,-2.933162581219413,-3.889259545391455,0.430077753713647,1.943248767300121,-1.807091703781705,-8.809854922565494,-7.846485676645260,3.621441685511726,4.271870051604569,-9.179781206133690,-6.598221838785641,-3.291845795985193,4.099102854613715,-2.728729823226759,2.561685802943005,-3.421521955771755,-1.824761484367961,1.348644837314438,2.027098462163062,-5.916828947991915,-3.600748168641788,-8.212526187629255,2.040290058547154,4.986655401739146,-5.195476326831061,-7.307654562086658,0.470273432994277,-6.738187680187171,-6.077883818437451,7.423983890121882,0.501026942919033,2.310937740348752,7.425310161496469,6.567938850517770,-4.292901129667010,-1.950698820812388,-0.632442338969319,-8.393741673469449,8.171865421711029,-1.631917922376118,3.810789737342372,7.104621903819140,9.279734988939239,8.929088797624761,8.821287781185685,9.598237130244623,-9.326699157300464,4.916662941656773,4.381687470138205,-0.863954783675386,0.121028166199970,-4.464980165109999,-4.922274067577847,2.413190251459634,8.959196382278364,1.779556729076264,-1.357787072802841,8.972420529265261,-1.928034765729823,4.800618811788295,-3.686586772517282,8.942901542278349,-1.123608012503725,5.472677526074056,-9.556461397790656,4.356496641642318,-2.916482147463784,-3.773587036883265,-0.197738343791094,-3.730748319347135,-8.152122108119075,6.231238948042048,-5.256128582644286,5.939787085551888,-4.138762653903393,-4.052819779462373,-3.254431170013692,2.083582911796897,8.968420050619386,4.255128528494598,0.826147658213234,2.654578418587478,-3.936247363783520,-1.925220703485127,-0.708145053700752,-4.544796169939744,-1.824550527458609,4.312853875626182,7.111897896057361,-8.842378651871449,7.935971979602932,0.630893160170555,5.533210789830562,-3.431994170104133,-3.858331256720593,3.963937419922729,4.583017980741207,-6.098733164681464,-6.933720111166533,-0.357856022080171,-2.677237807423856,3.650955819949051,2.361280688677962,-1.392032799793535,1.209491411287239,9.734107522162155,0.483556255305421,-6.904657548104987,-9.162271288291826,4.990077002288466,3.900150602980158,-8.228644068585783,-0.077244899391527,0.771028832053224,0.825976558340669,6.511567462479839,8.754451859966245,3.583481968498196,-4.377305872772023,-7.522626615268457,-8.950800159951980,-8.694191339622837,-7.333507185247381,-9.151866603474605,-8.962336942379213,4.096027101335352,-1.295871623809962,5.139968943475496,9.316045721304235,0.618897212690124,-7.279306263054696,-0.035447426715747,7.535943002472173,-7.940595431980995,6.257193437069933,9.638459645122765,1.125383534634022,4.586255003711013
1.638851625377239,6.231553220102533,3.883590297746526,4.567678193334689,-6.498485923576210,4.734835213203949,-1.833511196887862,6.217103189751615,-5.685034399139268,-8.247504977315639,5.996289997195237,8.708814469869132,-1.727324539869537,-4.359760321887105,-3.719685822376968,0.098128469490808,7.300322636252197,6.061063174123763,-3.968618986116379,-2.618107928582518,6.435115420201136,-3.464633078782220,-6.508675291781842,-7.581616159901888,-1.868693994986227,8.096031347131930,-4.037276846000846,-0.190485307507075,-3.797866240414464,0.954637378756352,1.140118135146404,-8.521009784659256,-4.651072934296283,-7.279443975456442,-4.743770428137973,-0.985442308453999,6.950625396668567,3.864965487600180,7.401034027158218,5.985281601940473,-3.106965134904394,-7.748214557566846,5.451445068915394,3.682580770315326,-9.636864720560554,4.143886480805566,1.767662206633586,9.426074098506582,7.272390147212580,-8.676468324165601,-1.871397075753617,9.419779970386756,-5.513669791136648,7.327011059281546,-8.158434895732007,9.242854947549258,2.822016317527037,-8.667413386030587,-4.245897787988946,-2.696485996123201,-7.984444901676317,-6.634823806236756,6.225754620081908,7.814928891869918,3.722681081809039,2.041001544252312,-3.851592859455777,-1.577459339837475,4.084172545067926,9.157590537109520,0.637823849147887,9.517363072012042,1.586230580954552,-4.309713563842276,-9.940516150442104,-0.311746189759297,0.254730672173194,-0.497905069848636,4.437877190172230,-2.756502007574895,2.028837579350458,2.153266771721738,-2.274111001856634,0.810953043300231,3.622372668855840,-7.823458470146647,3.220386358928542,-0.739276411379423,-7.930173023818803,5.858554182492368,-6.090322328014350,-5.833962763200078,-3.946752140595036,0.774912500247849,5.794778018221937,6.996606344640917,-1.086090273657518,8.203346304900087,3.814372478703378,-8.705008874843323,1.921307361250037,9.536009527643589,3.333032165227346,-5.463994325034847,4.460164357155493,2.947499831350262,6.401470611508170,-5.392879405551028,7.864788904552007,-0.402967612436971,3.580850132033151,7.091003106340743,4.730229675366331,-3.045477338078008,-7.612716506033861,5.441674233236014,-5.642068856867470,0.333900469628308,-6.619242005742894,-6.226589990200089,3.196071098526410,-7.349702408433605,7.504371995222051,-0.956351847383202,8.786942891031750,-9.020713905837326,1.245700506537373,0.035082641769481,-4.258435335723425,-9.138811205485238,5.679060451402982,-6.669623316569988,0.214730694718705,8.985275439630186,-8.613186171063894,1.038749533988090,4.279671824492038,3.923263646187944,2.363026178792765,-8.094395570781343,-9.302563542266775,8.766918008875692,6.841862054662577,-4.741595965414584,6.569455304139037,6.438562012725516,-6.847841265327532,9.122129445672066,5.051450484277165,5.187213376334974,-5.551717652201251,-4.402668825084046,4.362100517759691,-1.788228747783212,2.753518635374352,-2.687101621118844,-2.577885452613100,4.055270766422476,-5.432158846612611,5.266663902220532,-0.665280500668306,3.457328544017120,1.191304861554801,-1.542606133560101,-1.838887443397049,1.431347427402773,3.263256490369351,8.421907842127627,1.760218859890632,-2.025799690649153,0.975189123880300,-2.650324515555078,8.898465802051497,-0.968512397199074,9.625923542436809
4.833402243197874,8.005952005336013,-6.649209743457654,4.763492670731861,-0.108060652586374,0.597706277523610,-5.080956423422370,1.298904024886314,-5.074174607027837,5.682822345619238,-5.514408042879914,1.102058043491816,4.841793261657500,-3.506407769268042,-1.602302308667776,-0.566621634234414,-1.020202253802697,-2.123789916891951,-4.427673168121570,2.927004482448353,5.340520244592536,6.209282397116279,-7.637661178294386,5.931725462529666,-8.093468868240075,-5.728948816243584,5.944850497824669,-3.308173308744260,-2.112246325350502,0.478819937230890,-7.451661379789170,-0.108077815677618,6.190243487141526,-5.474645035219259,8.153275872196303,-8.394207090516840,-5.323405570878339,-5.447590409389607,-4.978125473787919,-0.685817257417655,-0.141532659191865,5.872062459397654,-4.357674885312058,-4.158121464816493,6.049146777062372,-3.111070153772236,-5.722112323088964,8.312495562357981,-2.237230091864046,-2.133289853385096,5.215274162811905,8.522093670454396,-6.595463136130347,0.720450031540240,2.120019153179033,-3.307065002451239,0.037953107918732,3.185202704726960,-2.140381308551131,6.309525473535885,8.761330891253102,2.559424152360059,2.123217853188690,-8.350030015554452,7.600511448281765,-3.136895268524991,-0.524857119084267,0.201884231415905,2.227163533427250,-2.905810687206476,-3.048686556692754,-3.824892763727943,-3.437436038204060,9.204396906675097,2.687437201101705,-3.058214714835015,0.656479958039336,-9.452068675863085,1.968499936462081,6.533872415110423,2.296979657562845,5.095657541432168,0.885030742554559,-1.383202230019869,6.053698167120960,0.065813844403987,-0.172939106361774,6.629723559055414,8.107262312396042,9.432646513762993,-0.002093363231685,-6.611770201821175,2.867757755109675,-1.447136325589330,-4.004660187868159,-6.164434339543030,8.741675539782243,-7.908411237100060,0.717150306937773,7.975697097166702,3.019564216125843,8.372026602086962,-9.047392657484188,-2.152445823890023,8.003104828966677,-1.247261780707436,-9.346961595582906,-2.864306264148480,3.515493775362186,-7.558664772272296,2.606905668048658,6.024588002490340,-7.102903316824534,4.099435741958345,-5.004822815441115,-5.783962541481296,7.245280881340975,-3.470752371426043,-9.664843557638676,8.475903059204541,-7.378067635329058,-0.411056603180866,-3.403023684902342,8.837599148525900,-0.414781739712911,-9.925036859428598,0.029908764662263,7.169838206680311,2.735440560388366,9.456655306015044,7.287108531709467,7.107801170766113,-4.356832353624345,-3.769035306994364,7.966948656484465,-9.976371977986613,-0.334716664644896,-4.583747291461966,5.193663093617481,3.743820126110153,-5.634810052865172,-5.805871050068374,-7.655471418291093,4.886987412006395,-5.506789778505949,8.283134942879421,8.293335008026521,-2.846726687852037,-1.364784194832893,-0.645314941756638,-3.890804438796833,-2.937640057543875,-2.694327321046237,5.727916919008177,-2.933050673877757,-7.825829717669612,5.512507734314447,8.259842976335172,7.806099716833394,9.892705437221178,-3.060572836394444,-7.684352519383395,-2.084843522421420,-1.088276051071990,-7.666930106567644,-0.535098965311750,-4.374483773455527,5.838676126921143,3.994173284778251,-3.065674580584168,3.324106116074057,4.047895951003731,1.599019460481463,6.230277682966612,1.938520963451790
-3.550123263483844,-4.463295507347837,-1.298809266582811,-9.362103322197108,-4.738762352393977,7.218195106625348,4.265847548513284,-5.180999660737653,6.596214784940912,4.724246256436162,2.844712382340875,-9.657374282983858,5.223045566133425,3.310166883184827,4.330716079123709,6.005935075546898,3.688475944510554,-7.533689269190134,-1.658752271836894,7.812615447632897,-9.338763009002435,4.587135088524619,-3.490886421525516,-2.324503788053145,6.952630313420737,-7.335005194439694,-0.324430612181786,5.952178470017708,5.820462001069194,8.202558265822542,4.844643487790446,9.025841447486435,6.774307910994711,6.530637815048451,-8.361709630112561,-7.037368186266423,3.253003893268197,-1.783159823472261,-5.886718125087791,1.329882900833017,9.774587233370720,0.975644256936931,9.484849504492971,8.195889609890671,-2.969294938241253,7.987103246853327,1.533281820492542,-0.901261903387788,-2.443448833502300,-9.291554568704864,3.836134294819516,2.151550450168493,9.467947274121549,-1.421430335016991,1.318665180758039,-5.656717751131916,-5.242794704367968,-5.861425053204872,8.445855659284987,8.264684593623414,1.078864171128105,-7.095628279194139,2.840894423837208,2.380859823694394,-5.812748536615661,-6.709726038921273,7.485829397930878,1.279383700939782,-9.512070836343106,-3.538187669391421,4.097870222938671,-2.575044205872549,5.438242082054270,-4.633669804450006,-8.094201454412373,9.844982289179811,-1.415460110434083,7.219071046938350,8.038346267676790,-0.222479285500350,-5.096746897445296,2.911874270501499,-8.927092881378933,-0.578850125605847,9.010966894812668,-4.940585399329209,-1.766803165768508,-3.721381059162128,-6.747759396229094,6.067122643069830,7.522393897212915,-8.452759480875287,3.669322805700059,5.212548566942095,-1.713091999631246,9.393920145854416,2.959505638257296,8.401589852544657,2.705804856389246,4.449797186258110,6.251837078617520,5.590232770475129,-1.978520959110973,-5.046598365147766,-9.447234777036623,5.194657222449404,-6.858990355654855,6.886866487904399,2.548920966447245,7.827937793596970,1.579148174051570,-4.228173978135294,6.952600098473159,-8.534197857932801,-2.032792643868707,-9.610320189820818,9.509972208317496,3.111716609414108,-4.656227316495903,-1.728953272579627,-8.696134733893835,-4.663338783640438,-1.816735893794563,7.864004144798013,5.953161750226819,5.674811872677491,-6.633746025018366,4.232706807226061,-4.301042101379549,4.179916351191530,0.081214919133137,-2.974708261653431,-6.503338951423590,5.942785238386065,-4.168795978293880,0.241125926286170,3.037838132363904,8.655315519995252,-5.093100044385004,-6.941201030034946,0.915401150949545,-4.477635056739368,-2.781416323044709,1.145156539337020,-2.614193650666770,-5.841404631675109,3.658733852340486,7.961785006800365,-3.517745022922529,9.321229382719331,-2.032305525228740,5.729726813753725,5.333881965177866,-5.270958650533992,1.806344834201706,-1.639927059621286,9.906160997971973,2.794404258095655,-4.396517934934366,3.013646471829389,0.742984084404867,4.151018403818883,8.237411491618978,7.763262265263219,-3.872602611059732,-4.029431928882286,1.332351705939628,5.504117295868756,5.856218720780276,7.309245717615664,-0.073292871992852,6.541276920327068,3.793012531334332,-7.516177845432566,-9.203378422085402
9.938892119876193,-9.037007456850422,0.925970021078903,-7.130790963291497,-9.840778806456740,-6.871366772887042,-0.795475712832063,7.185391351922899,5.337044252357572,5.781721514720168,-4.255265483200348,2.791070769450716,6.604352630259338,-9.646293220413245,6.022045045382772,0.204261751337993,3.550421416366804,8.889028910263825,-6.147204079442565,1.547116957782620,6.609219893157597,-2.534158458243024,1.340300384451890,-0.146296548894000,-1.715987471543643,-5.255509448813898,-0.756477771652143,-4.861332688508950,-6.262147472641299,0.152664930341880,4.852796685106689,-9.754842934722562,2.899815130337828,-6.456744437576358,-3.522732746563062,-5.737989656834570,-0.310834271573075,7.745054956708607,4.588077402328572,-3.202615173241572,-9.417296286086456,-1.896919071398425,2.189110506014803,-5.149407488864622,-5.899819416485553,6.633445057154475,8.160352459502811,-4.840383916806958,3.915004136725281,0.017469722253573,4.708301931090899,-4.978016042777941,-2.660391494573952,-6.425198644282728,-5.191248174758794,2.223856413980643,-5.138486685823034,5.059884978800806,1.262399938784602,-8.801358538100736,-7.913574822216518,5.395803777384486,7.448219815513024,-6.532801726968726,-9.907144058020114,-4.234899494168838,7.699827691812786,1.674216145422985,8.365918639815703,-3.741901008940096,-4.083097094196868,-0.304559379463967,9.630202521882396,1.663725782209763,-8.340713603358633,-2.771352735535828,3.281588011370518,9.064893858472864,1.631780999999107,7.439422140626945,-2.975053478577885,-9.054136550452625,-0.800181859526205,-5.002641279164273,-7.847853609899344,-9.890253112051317,-8.329649648406550,3.048138483297759,-2.339590290882450,-9.633443346294159,2.926108747915720,-2.828414369933469,6.296613164222663,-0.906130600937885,-5.457698148831335,-1.750358400178044,-9.627742975757352,5.866153941718366,-5.561308356086925,6.203688243669568,6.826512133272871,-9.912974896911184,1.001848337156726,-6.340690835587464,-6.833714794206731,6.402804654913204,5.996497174369470,0.173111155388311,9.594238622857848,4.317380034125208,9.108606305843800,-6.313565203540312,4.641925723397119,-7.282802784600100,5.193860030219998,-5.020211625008542,-0.783472576192750,-0.558576290313994,-4.391694997600593,3.977447930967843,7.408209491509552,1.084375685763366,-4.545987805709075,2.843819422175550,-1.601331866923898,-7.379680404845910,-6.058598336429308,8.486788902549407,8.846466391195634,-0.398635790245876,7.225736370488352,8.831933143866006,8.510732777347904,-7.189738626611288,-5.019820995069004,6.127444642634188,0.879020094436640,2.439236240394971,-6.607259848703093,-4.592528645369882,-6.822376267242394,0.750941194502957,-3.998275044637715,-7.023673552196366,-5.790395345095149,-1.080060838975358,-9.565501398118778,-4.539524171519287,3.795646758496932,8.966342760329873,-0.604171860423463,-2.262444533263778,8.522112708931491,1.444003841271979,-1.328116192677300,-4.816918045350247,-8.990455863492237,1.518557233992109,5.480330783336784,0.160793958001912,-1.218474285765407,2.047792693173864,7.192646062656010,8.657098522356392,-5.275499624798725,-9.434564748304584,8.667618255971053,-7.802928896403554,-6.171369127111506,3.630953210510267,-4.987330941873727,-8.783299893219922,6.665737085605162,1.647124194237762,-2.607470413704354
6.993951700886740,-1.578396726098637,-3.766147181791746,-5.654293121381988,1.082928705559620,8.843000253933798,2.924406679524129,-1.795538076370098,7.724034722682134,-6.748151505028119,1.182452152442668,5.242255146327741,-6.724702478734253,8.440076940798534,-3.911049175643610,-1.864581176998932,-5.121272777696097,5.868628054473676,-1.556940097143006,7.900584515138949,-9.382705794043957,4.675236477554401,-3.992719491452905,-5.138106786545197,-4.090586284623927,6.613936457791947,-9.177396137334000,-9.713124478721795,3.005891930946397,-3.010108657300106,-2.981576605607272,7.106885672267541,-6.001544546583347,7.794638625847529,9.803930323947242,-6.089889457820538,-2.556891051304861,9.934599537870202,-8.809380799416150,5.516816603871778,7.526060713834553,-0.807472996396390,4.686210907840971,-2.354856468268352,2.069157761323799,0.263256764442904,-0.962598512831862,-6.663814915514337,3.953736921980870,3.781005086905054,6.365884382059658,-9.578338899226599,4.508113339520071,9.401218536259851,-9.293000004558591,7.490642886913271,-9.331435393949681,1.425426052817622,2.605735757210724,1.106482466579735,5.963087813411068,-1.735319716642119,-8.875884740138183,-5.289176208318064,-8.982065356098047,-7.796525653186432,-7.706892465461637,5.182555251655142,-7.244301818130447,4.550906959163736,-1.719107613891699,-9.586774162967073,0.495690101724268,5.947552230989741,5.913911502124936,9.115401031207895,-4.519169803528225,7.191751035356560,1.629074025178154,5.651086084006797,-8.685472566081060,-4.085382660720082,5.234689565766297,-0.947312011018273,1.060701511769855,8.212159034170607,-6.105959028270506,-9.314707937635546,3.312310589543106,6.862848291224772,-4.623875059416809,2.030944324338940,3.671846560445811,6.974490997400519,-8.052097074533213,7.928347362218876,7.920948468857461,7.752679244328494,3.305548553098976,5.673847879546727,-8.660916520774148,-5.835951353080886,-0.305558459411623,-6.881349893338260,3.490826420385835,2.395874329772553,-9.764438413638416,3.829235823096742,-3.519601768274693,-0.981591672720857,4.302313393375607,8.957011326435193,-5.268579689746431,-1.891926368749008,-4.187393818111243,-9.282108572210186,-5.781627035234429,-6.148601186476594,-0.981518554577054,-7.329250707691754,-1.869202836922661,3.852681301105685,-0.365431616544253,-8.538348646917758,7.442747220916022,-2.067267931744436,-0.579590899556353,7.642914302906004,-4.986224496515341,-8.488229387446928,6.378493742418190,8.847281898689946,-4.598730876676607,6.611371697443126,0.854059284450022,0.734676314135314,-6.401665127551475,-5.096364812938048,1.008616220970664,-7.206803816919425,1.070623515253505,9.601720893200742,7.172234463199686,-5.716481435449367,6.798173057315736,5.623991957282175,-9.151091982055510,-3.896395081198314,-3.727162506774122,-2.694313377535216,0.841045645769206,1.394431323085341,7.513468494226203,-2.778890395072688,-3.210770404967461,2.575353736592088,8.544754225574739,-7.484706449052752,-0.444052331313562,4.172180115696818,0.803882776278559,7.099027972933463,1.251473511217689,7.507432182641452,-1.692574845528771,-9.667408896866368,-1.337375805780653,-8.442743087468310,-0.486844594901466,8.988623337529749,-2.923731321423791,1.852030085910592,8.732958138936592,8.962766754669730,-2.871347642144966
7.727349542922276,-9.594156344622355,3.119410529631274,-9.737147082644725,-9.071758300769641,-4.296042751919920,0.568328787654268,-9.566266607914065,-4.280096256276726,7.496489059107745,1.026086548838723,7.575914798389359,-3.086874324932292,-4.062581552032833,-3.146541477300843,-5.286475929328218,2.058286063480617,3.654600251099357,9.573730653161256,6.223882675544637,-7.015864038836885,-3.169283624461999,-4.485960866135876,-3.865300738940389,2.080876397730805,-5.621162956383889,-6.885231312775913,0.884458071345220,9.502554836883942,8.415811190124938,7.899921399076895,-8.088920535398714,8.855482358934538,-4.520233751291811,2.525053151246876,1.162863625785901,-9.373301998722365,-2.002246497006633,-1.097923156114067,8.456891270281336,-5.302534936241978,-0.490225143538709,7.533120778562118,-9.786654465491218,8.644077128966682,5.258241140624024,-4.532055259753564,1.084061396511931,7.727022121163564,9.008948738460976,-1.087058341105019,2.692152189253662,-2.244410883116887,-0.565728365961869,-1.917956661852550,6.790092120536492,6.396988384349910,-3.619449962614079,-5.395126000592796,-7.988674378778880,3.072627828098449,3.896990676491949,4.317337821488112,6.369086246112548,-4.655863075070192,-8.439343952274548,-7.364974071035153,-1.671839221184037,-6.924350508834694,1.235122316893486,9.969676301330335,-9.818987161119693,-3.005762476889659,5.799616644481658,7.710612784501372,-4.232363435718376,4.916556593547325,-2.234939735267643,7.641948804257471,-3.279637050929345,-7.874181569787333,-5.467842086125934,2.976401939112270,-6.952694173607100,9.458600743453708,7.828720798590929,-7.318471653271783,-8.141186062461308,-8.897947805739676,-8.935347208783949,-1.131010596019665,3.455736766146495,6.511067686376670,-2.771341127134905,-1.345292099037565,-7.807938098036253,-5.101309629987374,8.855032833290799,9.389673047857357,4.015006444663005,2.137224604384443,-2.881648640141872,2.012215603994258,-8.919964508415376,7.130721270578771,-2.006389690022576,7.508166820116553,-9.471071815650326,-6.137877775125409,-1.598628665023000,-1.074835753833261,-4.401879713051581,-1.992627306314567,1.259085714472004,0.217031833806303,-8.624571264061561,3.886960610900044,2.226692568268085,5.538864686928633,6.574763058557075,1.603365102448821,0.322768473819742,6.262870542757934,6.717688417489228,8.109019844635860,8.007705349868694,-3.840779447913080,5.220116104227523,-0.624713491002096,-5.079522083279196,7.898017875617970,3.191334939378613,-4.779613279141321,9.428180155013347,1.864558145615296,3.211915005568889,1.561248367161930,4.171968450366091,0.208138621421890,-2.259244239295038,1.428736797033528,-0.187224062149713,7.573811223266603,-5.563624036832515,-1.867880460725146,-2.793237099640445,-0.384687355841271,0.811401864625692,9.417972897463482,5.704400170156669,-2.146821308344309,-1.901030410914649,0.082354859002491,7.022070252716986,-3.383719697046706,-9.963930787652764,6.377464946497206,1.128586469456428,9.880159788453035,-6.221662949995030,-3.998512345057479,5.894735324537306,-1.922300736723566,-2.074507601139768,-6.715840388677199,7.736952315465690,4.030422158353119,-4.326252545718614,9.881747454267938,-0.422654556207036,-7.037932491534146,-6.567219995252984,9.202172395046105,-3.737089574219388,2.529079912329745
-7.935839200263997,5.364832256732431,9.244991016111250,8.693947072734566,1.100378437921911,-8.523926341146570,-5.855473429912772,-9.525227264133866,-7.416808778767656,9.796903856860290,1.190802585819448,6.593089754494802,-7.149611940235170,-8.726716511658193,8.614702782668282,5.149603895688770,7.591281924190973,-8.271802147348462,-4.843695254906080,-7.359402699413207,-1.641804963250053,-9.981487083933771,3.563815084011919,0.819052169473981,-0.233044663926069,-6.627593705226158,-4.781092817768037,0.458822321288777,3.213316361730850,1.125540555788117,-2.652037680429968,4.254096626729689,2.551745440064693,-1.741191402778810,9.453477788568808,-6.332706885248378,7.020021116370600,-3.830425894855907,6.710016950548582,6.666184222585155,-7.076822832789265,-9.307154746073341,-9.406593652782366,5.476961404971917,-2.017484986356970,9.124727481375501,6.434971014747184,-7.485947573058640,-2.407039470199055,-9.027939798775000,-9.171398661503318,-5.985495738833462,-7.338355598373576,7.052962878767786,-1.339863246308877,1.545055328560096,3.174996723920698,4.001375429839115,-0.225480664987739,-9.809485836910595,-3.693140612393655,5.425722613428118,-9.094105837191329,-6.492272728536166,9.546430465651994,-2.699338887304723,-1.649656311521850,2.310195685110344,7.722468563913679,-4.054798138371869,2.621904581837892,6.231146054036032,-2.716669074699438,7.276497314028518,1.221552592840414,2.316749397737430,-7.531608685551452,-2.955320250753122,-2.620118001228729,-9.669297416990272,8.609492448350863,2.440107265844913,-7.852823518719649,-5.323832057526101,-7.939497692929775,6.611156534151771,-6.702873208704760,5.601323933762213,-7.925865917366153,-3.382274327024737,-8.074520558610034,4.722434411298781,7.246472880973133,-4.914002902906991,2.697991175663573,-8.939919349216952,8.547228416877417,9.692530505886296,-0.509130719226146,8.196786751915020,-1.197410449987334,-9.578995059287172,-6.704228621907133,-0.068693950706836,5.503732483393664,-1.048585435997962,-9.769927905393995,5.071922511621192,2.941404479816805,8.795105988296065,-1.912895011101165,-6.378498895312923,-9.584337818737064,5.364350874854125,-4.266825981510172,1.955444111593570,-8.014367819832763,4.130829886568790,2.753706882929251,-8.639759262497117,-5.291317645782600,5.462674484446834,-6.996194657727899,-1.210905714689938,3.532192070939551,-8.638445217291832,-3.182600496392691,7.468872485890717,3.532906620375986,-3.001018445534671,-1.112561102860480,3.440352070004471,-4.221256759673652,-2.086324434394116,2.205511134696710,1.385870911830743,-6.835678852185643,7.377177911214496,-2.444498396731454,0.636755662495336,-6.273220952011707,-2.511400627977163,-3.398820090545613,7.477189874886701,1.651630654700355,-5.583034341224423,-0.362447373717760,3.944433898888676,1.373048874227285,-9.415964528643713,9.452611032011863,4.059192980815574,7.123958768783229,-7.512927476865359,2.814398411880985,-8.416661263705867,-3.509702628572549,-3.953546943670039,-8.242310611497249,-8.809866567962807,6.069949839016662,-3.415139693397212,-7.916033729731700,-7.058274142987617,6.565804253978222,6.823220390109391,-0.485820729011772,-3.740853475823418,-3.818581257782743,2.038799904113111,8.924637587580250,-0.510139117308233,6.990202762403854,-3.359321613287046,-8.766235233087942
1.555628708567532,2.098910454615551,3.970378654626455,2.601361004947034,-5.842142820010769,3.736710400096134,1.865180329820461,-1.718500823494004,-1.152163870701914,-8.310955519166470,-8.328786615437981,7.668800947102529,3.676947481007831,3.059129103698190,-9.832562180551962,8.998086493975592,-9.868752270215122,-9.408700119501743,-8.073721100516842,-2.566656528701032,-1.513346242146261,-8.932150953136338,-8.571456410904821,6.654360373239705,-8.903756374583608,-8.836205550764269,9.909090720966848,-1.815171158496284,-5.003864550598658,-2.627818410844629,-3.538423328803876,-5.659341848078405,-1.584481046658432,7.208463030328378,-9.100727453277075,-2.742349909262016,-9.802039072372160,-6.988691797513069,-6.163829714278545,0.493860073009545,1.401159023971822,5.833203479282984,8.835948016566157,-4.088556881246655,-4.722826954606769,7.224642509227717,8.508713474539597,2.197747884447567,-2.319313466643537,6.191992615934808,3.923725074300391,-6.968391110656249,9.595133935166121,4.626138864020454,-3.078208090778196,-1.418960176358697,0.367758604955684,2.819661377250309,-7.973448126980729,4.081820232587665,5.931432179009020,-7.550792026526841,-1.369637404243004,-6.746199245104403,1.688674705161564,1.300640850057208,-8.686557479739607,2.955011679185702,1.705532360730599,-9.991581251300223,-4.666176692530484,-4.571735800765165,-5.523819637532799,1.634759926596779,5.056205104790234,8.123887479480231,-1.242768072835736,-3.038270394400524,-7.095427159510647,9.643364611288089,8.294982158993697,9.845158822023599,-5.378447726264275,-0.043651110969382,-2.747967371189297,-8.821178838614756,-7.489415142668716,2.444997619548506,1.952929859679884,5.308537467418743,1.448183719123390,1.041000352687947,5.948907268275272,3.848067637278023,-4.570734208748148,-3.369578570675220,-1.752086082133356,4.320102343870806,-7.200905960516639,-6.792835698219113,-7.412840278767108,-0.524405466893272,-1.062536740318905,9.504367648005378,-5.483396626072555,6.399146401984069,-0.602181053198787,4.680534607659101,9.140452381567886,-5.164196446751363,-5.581846532084363,8.368954244020511,5.723031551719554,3.076798008715834,-8.265966089933674,-5.900420173618441,1.601248569933952,8.528403351608876,2.997657469320039,-5.281981554985872,4.315732842099184,-7.841527132928922,-7.696620420253599,-4.217235802626627,6.555108396131693,-3.575192522900343,6.054531929261518,-4.699022377070746,7.193432529295869,0.725739434449013,9.399207237942392,-2.145857028220110,1.727674850218175,-6.648793670185422,-9.004217091163165,-8.261956597944293,-5.062092665051601,-8.685538392683833,-3.187684769230518,0.975550787646064,-2.447226249677412,9.036908555592568,4.224418025361995,-5.771441832798569,-1.673306828904320,-7.031136829522387,-1.522951010103062,8.411308413570875,9.208982259684795,-8.000279154239989,-7.004101057407636,-8.385331713490114,5.914177433975023,-9.897839139823372,7.945495591783931,2.420554327350054,-4.784620430950957,4.078581736843228,0.752766324695735,-1.552284909022827,6.960626397911064,8.172079698876008,3.307199677030672,-0.335258431338328,-7.335266180502876,-6.817310603972775,-7.572982162962438,5.490195180851966,-6.829309315047080,5.340998688878846,8.082998578879966,-9.527728987456957,5.676104624294798,8.332224413331989,3.085488147737561
-6.893089890483751,6.951067099741728,-9.636755766700123,9.132222783538523,4.570092520922270,-8.484087245715124,-6.027772226347354,5.641201308741389,5.081998085374646,6.626850667286980,-9.526836559436020,2.838207507287514,4.748527839166968,-0.746366006021992,9.098474719616760,6.972305024292865,-0.165868011838421,6.129682763426480,-4.175333933593246,-9.979723409246544,3.595347114480404,0.007541881797140,1.473227171845332,-7.767647061050440,-7.273317870331821,7.609714882540072,-5.345270021265032,0.667570942008995,-8.102958679354410,-8.145367892822097,-4.554944833844681,3.531673591789009,-8.461035617394202,-6.340755516280739,-3.749156526966706,-9.840417933348210,-3.262177738356923,4.636445158342360,2.980323080796589,4.201247503929721,8.402412578657096,5.892168038714908,-9.153945429588289,-0.421097194810869,4.481844553943439,-2.052765163752577,-8.436359774946926,7.791554485049836,4.282654724230156,-7.680746976125437,9.515628528060322,7.207073577725044,-9.103629665046842,7.362273199519375,7.096570593141148,-3.117608905859893,0.970646711914469,-0.335543111461419,1.854952873537265,4.439741186752858,6.579179511357705,6.055634577580754,-5.782233282501013,2.292467133377123,7.819513850977174,-5.809115366883342,5.891907689305683,1.777928152422113,0.471737797442049,-0.398213338012816,-0.331792259089605,4.736426347022631,4.659931005983527,-8.393291435034291,8.728253165013221,5.727494221136418,-7.022101623782797,0.495840962039791,4.274736252825100,5.615274399469570,2.516076949035369,-9.071271764040619,9.472091249713891,6.779484657222085,1.564668178645363,4.236404926157435,-4.507483527306340,-4.996501207317438,-0.993237266878369,-3.380013591660100,9.315896876099647,9.989972284100130,-4.285179882846803,5.696808051950894,0.024515483942068,8.432968054236582,1.957723616138002,-6.328254942026716,0.265425399629377,-7.584990446686481,8.337796428008016,-4.396343048249265,9.316165679203007,5.061772328838938,2.787506275820736,-7.235228280883968,-8.495876880695135,8.832529282156038,-3.369769079212704,6.187753944388284,6.200291838739307,-0.163253435200952,6.453485592544656,-2.336085298095744,6.624505836365490,1.700256332962937,9.410549768454437,5.462416967019486,9.197644802835757,8.730729839326553,2.897241230635599,-8.568688797132154,-3.592771021035395,8.267467637705536,0.293700026289752,-2.591577493164592,5.710240818176802,5.689529624823495,-7.539145168505019,-9.299341865180743,6.009901941451680,0.623015817302619,5.994791802602000,-0.850018508719383,-6.491283593115622,1.055007332846200,-8.896128754413350,0.389557987504915,7.142176459969292,1.836454513794035,9.974791839760961,-3.442098240146079,2.888739736248651,-9.812915321596163,-8.489068150120625,-6.809021464176499,-7.825267249254217,-6.997258093917685,-2.492242047980633,7.565977241698615,-3.524262817466206,-9.830554696903732,2.486543106259356,-9.718078231322071,-5.288012958343753,-2.671824685583943,7.820405263619620,6.672454923643627,5.718144994260188,-1.869823628554263,-0.550881789998343,6.104134767718708,3.448017797870165,-2.311121492105547,-3.309460279375498,-3.884163977331808,-5.907499037226231,6.675618644345217,-0.305863583437294,-2.710362431649280,-9.265936546953611,8.722072425932911,4.520280486321083,-4.058870585433707,-6.306591232358780
-8.336158301341214,-7.566683240163687,-8.400946715811701,-6.083473874640268,-8.475538453970044,-4.425781101308200,8.513368636269085,7.944103283576364,7.190411375629246,3.057731349060099,5.107250256387811,4.122011948524909,-3.281753901990090,5.104481944590127,5.178799456197407,6.571792153858471,0.297706221543592,0.464755197394844,3.012571362231917,-9.722628352847861,-2.287216287939278,4.681717521759046,6.814266846203854,3.340498399422225,9.158364391740687,-1.835576849462637,-5.433912146511601,-8.953153082279544,7.526732145373963,-4.273961397817563,5.897887460697213,8.208718801811493,0.483711069136881,-2.354837798327035,-7.908200212211380,-5.166344526368349,7.983441086148520,-2.748283418570812,9.084415122688064,9.397936484273657,-3.160739913444582,-5.309684552406146,2.902588845987102,-5.839561940478964,9.921009230209989,-6.111380533602048,4.951344133838500,-3.012588765206132,2.198660581916629,7.152971231218661,-7.840882707655473,-3.230333903566923,-8.285758267172788,5.834130292764137,4.292673755485568,-4.155179705751713,-8.025757539408438,8.277447200367614,3.926681419648244,-1.378146083776535,4.355426263051697,-7.288315838436179,4.305555052521854,-9.629003787605823,-4.901893416045732,-8.377325501138046,-0.098763358599495,2.397181415897645,-3.605297339157907,0.743450543466375,6.738143748316926,7.915873884712070,2.546662534436855,2.581074584302641,4.347918488352001,-6.476725518557000,-8.280518126474629,3.505048189937499,-2.116385435630715,9.265226708194636,-9.640841400009244,-0.750572448148311,-7.099338132594621,3.553813232271747,-3.529423830114689,3.157020960007880,9.633759070203848,7.236628650826191,0.226165651164759,1.513548642477309,8.280185719196439,-2.130279784183394,3.221672992936139,3.782800029230080,-5.791173024506680,8.114134601541263,9.231969438025583,-5.352266960324101,-7.503336484921097,-4.837189037914948,-7.522142411450183,5.247905100913000,6.617272707852194,-0.301522600979451,5.792962590816963,-3.828831363350012,-7.769690793349683,-8.186727005944816,3.205191418786214,-2.428523192580291,9.297423297632939,8.561088451522927,1.237513758882882,-6.765327130650787,-2.478913955078621,7.969159032277496,0.437535614732898,1.522640518921534,1.900434376687766,2.019529691682857,5.937699821762676,-5.522809305477412,9.270467313950455,0.069808473857488,-8.470597718214279,-5.456235235751352,-8.393235677662037,-1.933773557065265,2.926079404333006,2.503186172111194,3.829512361514936,5.282740171748530,-7.657451603818746,-1.555356745280172,8.066688352975774,-2.182853911584717,0.662625014156902,7.937139680092887,-1.115092565985307,1.110997677156295,1.828437290090859,8.903899993081581,2.618348968515498,-0.104998226197479,1.844013809191875,-4.969121415131781,-5.206817310864880,-5.266636837079437,9.178926232989376,1.725397887743423,5.317493266339817,6.785092039481214,4.351950239588318,6.957129731951909,5.159544097247542,5.153612234374940,9.912826560722053,-5.737455059256558,-7.499339056331385,0.099153783980174,-9.739713646052923,2.633159078043761,1.297957490748365,2.103899823471631,9.892054869954375,-6.627620562450667,3.725207734120758,7.699704217901800,-3.167619847645482,4.368250526581010,-4.689195824046464,-5.300346624123032,6.078596824668960,7.818394610822260,-1.429999250161183
-3.629472470752675,4.647574654477179,-0.689433711656536,-7.877853783348825,-4.596500975433186,9.190134411320333,-2.327555721167840,3.796642095157285,3.637219457326822,9.305793670141284,-4.993591625675073,-2.518469757597384,2.227368951324449,3.943885786706332,2.648501449351395,2.831038853712283,1.534056375676196,-0.876023311853215,9.701044795074544,7.057336012457263,1.452834471326657,-8.996466594804872,-4.613344789715324,-4.809201534957579,9.459528315253582,5.245511701666794,-2.370234705308834,-1.108848893310331,-2.802635299883185,-5.478831847089072,3.536935972587809,2.239719191928584,-2.409113413400295,-0.913788302031254,-8.242854636795499,4.538242511515204,3.316875498860989,3.404208320705708,-3.963599610286801,-7.538489760741096,-9.964443608569869,4.543518597167481,-3.685195233614182,-5.996152065406957,-2.791441493891522,-5.083818001886380,-2.236264408202073,-4.536846121162792,9.642642569349910,1.064239698132228,-1.346064023840118,6.160981149728720,2.047703933880472,7.380759280445996,9.201182280429062,2.934236877865652,4.397736538810106,7.150942512508752,5.751450975026096,9.486699097976519,7.860455533138474,-5.487942661873005,7.259380780977558,3.139495603025953,8.672738792343026,-1.326104556221564,3.774401653424970,-5.331791680392475,-1.946543672091785,3.141759097388121,-4.874277425074201,2.708291962195615,-4.848547790461457,-0.641739526642668,6.148669503250254,-9.503052660284970,-5.307956503075650,9.842090120611708,-3.433162432169836,-4.029522929966019,-4.097987926972387,-9.436422285973086,8.070629382137867,3.610311051601903,-2.908737269789922,3.166772209272818,9.959657502074542,6.271343146232727,7.149468148031829,-7.053252107876231,4.898194272187252,6.795159463805597,2.466715607169714,-0.246235640794874,-9.165240308639275,-2.689622638164646,-6.013462984268023,-9.134820551687930,-6.530479131244382,-9.967592937774647,-8.465061179211066,-8.108598844014651,1.179442195961510,9.799317115314050,9.139159958572801,9.712210197134997,2.037366392700671,6.013419771219446,1.704899325266977,-2.230719428544634,-2.005872659245316,3.653458117647045,-4.893226878435080,5.185824851193033,5.883544782063961,2.376088607492662,6.622480973794183,8.396807771862616,-3.815149334995869,4.198549177270333,-2.415877465450224,3.488081539212226,6.243463345026541,1.355084979457015,-7.156585021831654,5.223214413633510,2.535052658909754,9.288679247386927,-6.749832472106321,0.804775713172781,-4.794928214309944,6.994973540000448,-1.259514786728204,-3.097231419126974,3.417128344780147,8.129250643447534,-4.075149606352446,-2.974208910033993,3.556330866720437,1.155533354194603,-3.914615134040888,3.833526153187384,-9.830201916167855,-1.873665625138036,7.506209979036452,5.333791896025042,4.761836099647729,-5.755793360829040,-0.370131166235916,7.463512184740392,-6.165137189870380,2.649146139612634,-8.038649356258937,-1.174653756220835,5.742384729962664,8.266791178177847,-8.420643550661433,5.171437058095465,-0.291517605874024,-7.859308417801065,3.096677830510579,8.113266062992189,9.888240425317296,-7.520983766951995,-5.760773898091243,0.913742280298234,7.069254485878091,-9.203531960450157,-4.286283546324771,0.164102693446964,-8.855567126430113,-9.605017674326744,-3.823895884132734,0.887580737374646,-1.355066847877250
-8.749148250173276,-2.058192494401181,8.271297578461507,2.030962544301964,-3.937891925123765,9.800744614259223,-9.079000978173779,8.425849114385379,2.995390099379803,6.294184411112024,2.806237896422083,7.036284718483149,-5.050590511419384,0.207538533974684,-1.926386653310059,-9.514082446854875,7.935654462491719,6.498967528758691,0.987289989069524,0.103055276370803,-6.691615202425075,-5.683415156739937,-6.243616291777481,0.881306926519507,-1.430848468077544,-1.390686062343766,-4.469902683316187,4.356332748023313,-4.573618768047769,-3.531682801055585,-4.291239838365200,-4.563370881942774,4.337533157139665,-6.901099412039164,2.547196666955596,6.012122650366493,-3.952321042354264,9.233968067966668,-3.667445042592654,-3.535956827045446,-5.857738336798441,-0.329559874023674,-6.357713910891269,-8.038610791944976,-8.955615526360054,-1.019988196662155,0.550721404595535,2.014825742736361,-3.065288779936948,-4.189072016212867,-4.740857639274784,-2.163115954489090,2.134566776361799,-2.927827823557174,-7.798756367914022,5.753756810883395,-4.829033724623530,1.150158561398509,-5.522897422628485,2.339703632072428,-8.906018577196519,-6.785375523956487,2.198696586003660,-4.645891535457871,5.245555710056307,4.772870680557496,3.448816323917578,6.219195959659004,6.696473441911163,-4.613179063662887,-1.781906504445189,-3.101595373052999,-8.064735683261830,-0.279591685813777,6.463292729848956,-2.012237528962107,8.266848287464047,-9.974227316371511,3.871272552967501,-3.600469405278988,5.630731206908612,0.421351101593906,0.700092713218588,3.731679231604064,-7.672337066180952,0.495923120311463,-0.460950071802920,7.182262573853922,2.011842344685970,5.470387029949435,-3.419551742872398,-6.092600094954004,6.597735186496308,-5.160119043793385,-7.837372334289149,-8.139187512434916,7.437123875710434,0.345954194395649,-6.203658590860850,3.612289695301794,-9.140342047781001,7.938651672848923,-9.219748086088945,3.452620810823955,-2.396439529365102,6.902114645698603,-7.303566083039311,2.480352942743378,9.593203325802222,9.723702989296800,3.124293256088794,-7.095510286728590,9.093704701967468,1.756013953090935,6.479197254255059,-6.384749864829149,-2.652468843978140,-3.253069933651023,2.613335260078856,0.409271758235622,-7.314603595891302,3.504666127752101,2.570567561595219,4.902563089575507,3.540525897874755,3.888658244300991,2.695452376213650,-0.688250778778560,9.894411974799514,-6.899383100493233,-4.319957531103906,-9.413006748281603,6.471937601795567,-3.382841627139539,-2.496197857011730,-9.272911948489032,-2.611058912876992,5.316470850036614,-3.882785177694872,-6.563336068584940,-5.852736588247936,-2.166982761129772,5.514512486480225,-1.583096432013358,-7.066886762419166,9.388979324982639,-8.679961881001956,-3.618584720263169,-6.936529518811101,4.450898197441296,-3.723635623866048,4.461363574077479,2.499471635516739,9.016982840240185,-4.101911937204965,5.520629415711397,3.623548453800634,-9.877587227293692,9.134730279945245,5.000028669471209,-5.632928394365047,4.788031615634347,-2.118145311088333,2.479205399947737,2.665879833027159,-3.916266811569724,-4.424083347318433,-8.737151521777481,-5.921608917801480,2.045821610506051,7.322721931165898,-5.869572181385485,9.142600713206996,8.005617416574683,1.869021861606406
-3.823974012680917,-3.665672353104146,8.408931153592643,-5.440747046515931,6.988492259158910,-0.922262971918235,0.183518521014568,-9.965539670272323,2.649016744019956,-9.371344557498434,9.381194311485419,3.138771455490675,-5.860405662873632,-7.859243571296592,-7.087241082885409,-8.127358242901536,1.473998417918331,0.677172464056245,4.741951780011778,1.903484437334175,2.765920887901409,-5.175148900108697,-4.645525619928383,9.214736138810537,8.539081841361806,-1.911710505424820,6.480627094256445,-2.716413069535852,6.212485703076581,-6.110062949343011,0.131168076135967,4.184966693900961,-5.003067021154171,-8.565405151661906,7.127024400559140,-5.221336553897913,3.358198595307066,2.553400054912188,1.362560815793232,-2.837311042077715,-3.161936094730269,-0.464860537398653,3.837530625561932,6.336043714688117,4.605983774859688,0.438487999744277,-4.977877939972628,-3.895699225288278,-8.861181003807273,-6.376723168463632,6.537985696504563,2.199003982947364,0.888291482274337,6.141823466497730,1.800052397097920,9.957239677710593,5.085544857260134,-1.793457531328270,5.635938537500580,-9.116069549414590,1.696156401640483,7.494052392999492,-7.284956661286108,-1.205900457608243,5.372278886241219,-1.915201215697092,-7.308181456200911,-4.415123154915022,-0.167163932616180,9.735574285631373,4.171050147170384,0.489404314079223,6.676497595807326,9.811051517313196,-1.411313025051799,8.043650699372972,-9.061784654434476,-3.390136406517772,9.478009668230037,-6.924960803378730,2.413729016597529,-9.686622477075726,-9.583855587897165,2.028875565385748,8.520931270134827,-1.373153058376943,5.343660282379883,-9.066232189474555,-7.422841932049813,-5.807970380002725,2.027672138829429,2.894249899774042,2.039748661000477,5.068336815829323,-3.825579909570259,-8.933152472771468,8.474413386687146,-5.441723595686893,1.987713847670520,4.418846653701740,6.965919685215969,-7.419936435189420,8.391595678900913,-8.745394536899740,0.792350881385737,6.644427936762909,0.850068492272813,0.147579854316540,-0.297929510551182,3.786883432955204,-5.687023054890878,2.372175476275613,3.232900530727115,-5.191824722572864,4.769987277372119,-1.001986424815325,6.522237753580264,-3.671525958929475,-3.531529045490760,7.956339162098203,-5.007616713200216,9.125113111373203,8.886456184593857,-4.666081103603652,-8.436980478117315,6.325344554478278,2.669775963736736,-1.421102240725254,-8.848197966859018,-7.766592303909765,-8.728228645999492,3.695126261018126,-4.355724508424236,-1.192423844558327,-6.520937132258071,-5.349103647904895,3.368938731675845,1.990749957641690,-6.932071400200901,-9.381595129548375,0.334366255709268,-9.699081313318814,9.085816665054914,-4.838775416631343,-8.591565929638080,-8.416813858947105,4.464150355651288,9.826052568498675,2.234606043904567,1.110806435054974,-4.866068142192610,8.849575076031897,-0.236142850074199,-1.845500715443398,-6.662096268750963,-9.971986141859510,-3.948548902079912,-7.123747620845259,8.360270366292085,9.855158739362665,2.990441892386057,1.169296206734455,-1.946528441376943,6.042971909375044,9.186878218965376,7.616056269538969,-1.536883443842349,4.590534788495065,8.487618980234174,5.394376894441773,7.115044761234884,9.517255653990169,3.080513961911450,-7.682680533320916,-7.601207952113858
7.745179302351705,4.283233037938443,-3.952963349685536,3.307296519262499,8.290402776825946,-4.063923658358051,4.921414826877758,-0.944595434870365,-9.857296800929996,6.150162901372088,5.635252320785540,-7.845866323731965,6.512762269355335,7.564316403906236,-9.444146602903205,1.980174221339190,-8.123153760712604,-5.826393926365581,3.284994726924468,0.720263472349066,7.691209104521036,8.696547738548887,4.571414242907405,9.901487203127225,1.140335654833500,8.065048618706726,1.278468834565203,0.378962049364635,0.780038736562247,-6.654066643547393,4.597455180725472,-2.473704849514515,9.363522270223662,9.379992001447128,0.926135481069977,1.731315188226151,8.123560499814815,9.818489578696244,-9.307857682421737,8.088110034007236,-8.193059278302341,6.512847218812613,9.598456976779502,8.244290756567342,-2.604098223393924,5.177750383574612,-6.640110268402553,0.828758881509748,0.771016019720916,1.350543109636632,-8.316671528898532,-8.722895228943045,-8.736471625049777,1.585484113460280,-3.064262440032060,4.017406570830319,8.282768317391206,-7.648671862592624,5.402326523011450,-8.506503142749013,-1.685882925620117,-1.389655024742765,5.808534542175600,2.335585833593381,-2.449307718415900,9.240128553639270,-1.054780613862931,-6.333224698930533,5.300826332663371,-4.052946306925389,7.975125949006568,4.581359376119117,7.580165490132305,6.491289649245783,6.128891042261237,-8.571341626297082,-8.873838922308455,-2.962381037555478,-6.529457969687553,4.953423093398722,-7.756793773554255,-2.024686829781666,6.921825793416907,-9.818313834700664,-6.962998407659507,-4.514884418018752,-6.902022035481286,4.824179538401300,3.872486047695853,2.151211865054950,3.818610095225154,0.027329231773541,-3.636145732732922,3.970948066560725,-1.750788591130046,-4.798567844016580,-7.665461825156510,-7.639798710593624,-3.959115302290117,-7.339391626616479,3.391397224689987,-2.063066675328498,-6.573255640590578,-2.998576418641646,1.325233140176751,7.180456228286090,-7.986261639841043,2.344796730365612,0.348564125133727,2.083384315923777,-8.545347105965895,-6.403132335654811,-9.066714955309902,-4.026867533197464,-9.242524101749146,-7.134535632964796,-3.676445475705041,-4.886604771705867,8.419819763977092,9.769515595706245,-8.415888215700054,4.557227348658756,-1.519863294365129,7.165433290790578,-5.728395445163937,3.925162186079078,9.974860279396502,4.173673664430858,9.830797795297951,2.966410541404418,9.531305013548032,4.871297209284597,-9.691226650820301,-4.020507083617158,-0.884250151895172,-8.625131000498392,-7.639534421377155,-8.322204951538360,-6.477338959693668,-6.126387394312873,4.204240312365258,4.276392764327861,-2.310746743983203,6.287838393023623,-8.989825771913036,-8.741240251107961,2.715050004693634,9.914305399339337,0.833250883299323,-3.967942599713123,0.640481181411390,-7.848484671009260,-3.040740125576555,-7.024765122092425,8.424438975439664,-3.609750711714785,0.622372032175031,-4.533147665106689,0.887474327824446,9.293610510264831,-9.175540950055034,-0.209515654768149,4.337709964345521,-5.367696827870638,-5.463318122527633,-0.371153586614106,-4.813444400677984,8.083846310507280,-4.814955874554620,-0.978609102389365,-4.241358898208903,4.871246411250175,9.108282837958019,2.370045359067152,-5.806350984093005
-8.123150364148675,-1.890283265704287,-4.147109853450850,-8.415205296722849,9.335869263129727,9.865233573744252,-9.002710569234187,5.541475641127844,4.086693218257567,-8.400877704331569,2.545453831941957,6.163640873751433,-6.157859084765038,-5.106771077784293,-5.492209086027778,8.679475640829413,-9.534411611667029,8.783411665654988,-4.048491947888349,5.717530901475241,2.111807354387183,4.593635795772538,5.759411837639002,-5.892347028514966,-1.538368730374302,9.331043049720869,2.169920827741240,-8.027843491368644,2.526995968426666,-4.723053693018358,-7.654182055811627,7.114834389824910,8.209067192375318,-0.183273552961838,-1.838682441266108,-2.188889520466846,3.808224493812562,0.352817452999453,-4.135172573918940,9.235790151972299,1.834987306132000,8.046474577967416,4.861218726686312,-9.301821083480865,-5.768410556376924,-2.197446564492465,-0.679203297330913,5.084014086785228,-2.235997598011190,3.644202239495883,-8.916963058851815,2.720709692069347,8.152441568257494,2.344713905030346,2.138757239934595,9.846698631629742,2.826539245759527,-3.663709069249162,-3.478808261247366,0.926331825962080,5.162034903990158,9.253855152421774,-6.433266934220430,8.032036090716520,9.609144273284127,9.912207855890028,-3.142354128880649,5.978051573343651,5.996255810893903,-2.229080426234238,-5.500421179503352,7.002915066771141,-2.393653159126701,-7.050794712186872,-4.252382125125016,8.831253658041511,-6.802853383880192,-9.963432301838566,4.183476460938451,-0.774467337064880,-5.051785321398452,-8.164672681894595,4.004672504085248,0.186874617151997,9.162165828328920,-3.206784482174038,-7.500548714940498,-9.416870750318264,8.974245947929877,-8.083431637187239,-4.252653520456578,-9.287474972978469,6.960666191479476,9.633651534003789,5.129293816062432,-1.285041380911016,8.546844948157482,5.242707591325498,-2.925563951439609,-8.398983164121670,5.229613564519081,5.364437216384703,9.268126260234798,-0.923508170144768,6.229786345648364,7.100968671678373,-8.191360144614299,5.633505674999116,-5.131348230791817,-4.270443748466970,-7.065132073388143,9.370738259426105,-6.517180817374941,-7.873009602768861,-1.097721134898183,4.922031194604275,-0.787865783017399,8.021203729412068,-9.115355771863591,2.628052931119944,1.741139003698898,-9.471088347793478,5.991567727224282,1.731036848434780,6.449644857270073,9.481825807982780,6.012853418134984,3.319206160614419,-6.704638141945798,-6.032903570991741,9.565500587632705,-2.813253965247595,-4.496920673565401,1.133906682851853,-9.538941061622717,5.751812788822527,3.043966650991745,-4.275087746156514,8.923287884222471,-7.729497783385781,-4.557119029459463,9.353495623600519,3.060623940239505,9.510706125611058,-1.172508368522285,-3.963957412578187,3.021957945510374,6.725377634166751,-1.173158554608145,8.016037233970373,-0.218282867543891,3.525145918088807,3.617669386129075,-2.703757653561341,-7.737850304248866,-8.554161678391960,-7.522933523039359,4.652662043020557,-0.743191776193308,7.125244163436516,7.673887361605118,6.472879605547750,8.733704140066866,8.076620704970644,1.914218458910531,9.357813566659292,-6.101134319748514,-4.802035803270903,3.452268206556111,4.542348629351206,-7.839308719601609,7.553137629958929,3.048192123471106,6.164704936004558,-6.168815164991967
1.819433596757094,-0.546723226402602,-7.433106260242535,-9.737515223597875,-3.338371528889335,-9.626798788341711,-3.378884486364539,7.586588190249795,-6.729913359134160,-4.261041350995665,-9.018632746137619,5.649965929708113,9.332083955671258,-3.572785741892459,1.811392608156169,-1.848370269953648,9.066070477898300,-3.213555992067421,1.064860476392651,-0.549893300948490,3.969761553327174,-0.082602973453717,8.630950488768484,-3.218184205323098,-6.912059296658761,-1.656966767062880,0.396604990992593,3.526282786204307,-4.408225104742149,-6.202951480276364,4.296025930907311,0.418747948444798,9.136284278928223,-0.672483021249974,-5.845395344781479,-8.391371609951150,0.921575839003337,-0.312098854911333,-2.093998114356124,-2.049822362735654,1.823593871566649,6.716278158786430,8.956589773914395,5.024438134801201,8.198439668208110,-6.497629201849781,-8.862183024036895,8.256583975558112,-0.572851907675050,-8.761525702740151,-4.495398205094043,-0.622732194006055,-0.167656645754434,-6.613479686321377,-5.046386211405471,-5.323098452285575,6.725646460489990,-4.347878929488365,-1.244705593279473,0.907245165400766,8.118841675332337,0.151915564907608,6.199472978966302,-3.144192629399180,4.555534523798260,-4.090955853602094,9.246791015725499,-0.366577053436281,-2.195244324906723,-2.264268640809275,-6.076107097093835,1.389149560995151,0.140329414331317,-9.893763976931631,-2.887204404900004,-4.524260717666920,-4.143840913322920,2.539403786866707,-9.116992896262953,9.592244797918937,-9.388807925113383,9.021593319469368,1.386225184050794,0.308749109006641,-9.629478768252788,-2.891119054061679,3.432620734594416,-5.934204929552605,-5.507738316640802,-2.953826063776250,6.142568699990647,-3.209544343758037,1.572073206962340,8.982969805527446,-4.149121655899757,1.279753192253036,7.525513101664952,1.832127613912014,-3.974898938041505,-2.749724097317263,8.586112366158392,7.562684661245406,5.107845857721076,2.892720142528846,1.642957809769442,9.106769748134667,4.152479963655267,-8.984088590707833,-5.230367192719900,-5.070644731049629,-8.357215877328253,-1.713030412511856,3.907252826486724,3.148437694640791,-9.613634910227100,-5.848088455086038,5.165066556382673,-1.085533379921170,-9.058563101093961,-5.839751541069552,7.031529160587805,1.722858512392023,9.965117542121625,8.699901695957507,8.166328685756039,-3.138403208649978,-0.461399386548498,4.051404664659000,-1.241068683345842,-5.606371221135413,-9.837593036007458,-8.794543892549111,0.256225603831746,-5.986267456427885,-0.048319329698160,-7.654471615460638,-0.296548972057309,-9.916538257044390,-6.271250353649314,-6.083070833237938,8.906600390450286,8.526970960731834,-6.193980692116425,-9.907230055050187,-8.325388064715780,-8.178604385342911,3.698898681056962,-3.484413006317391,-8.223081027753235,-5.014952630541003,-9.768689407191435,6.675476511082266,-9.128107360923174,-2.692649654779807,2.166098203243195,4.463710624604030,-6.102593833582786,6.058314031521817,8.748265436171351,0.244589398821116,5.240190743693088,-1.955897241365967,1.727653895427926,-8.831351453751246,4.398128549983756,1.439041958344580,-5.701853006763409,8.839246200253609,-5.919755732954972,-9.842261908444597,6.562677444877572,-9.926591395752968,5.772656506812559,4.372432522667422,-9.663361467667109
-1.332051609295604,4.534261226313067,-2.032027848730005,6.884348630732951,5.845714229507911,-5.813411964646562,-4.085623734853703,7.006503623118267,5.746502686702042,-0.105673982644257,7.827733507017442,1.297235808850846,1.293977418714746,6.756253983421242,1.846293433276404,-9.931990266151479,-1.000414453201767,-7.205752536301267,-8.983760465085979,9.492769089805194,-1.365513246949090,-3.467646104278145,-9.027937344744160,-6.801425275180595,-9.979778609284491,0.749218207446203,-8.158710005085631,6.772388730494995,8.985054992943876,0.310846320451951,-7.683354453350071,1.166251262782158,2.120411174254972,0.766550360509985,7.405804378900477,6.882296823046239,-0.988467809618580,-6.528124971297295,-5.098538329574285,-7.365529664239531,7.467722586813121,2.594808155916887,0.813872817994024,-8.263362867096252,3.616425916776544,4.602507347858968,-7.769176321968820,7.280184666356075,-7.736509267119834,-2.797930096837574,8.977293405159180,7.871290293051953,5.654128091797633,5.029230019801091,-4.348409213934477,0.204374484324660,4.156364476932273,-2.480879875662763,-3.692085710218063,6.449555314585062,5.441984478175151,-6.383968566194083,0.805368425265174,-6.860336329989560,3.546622009061057,-4.795794854130897,4.607725458803507,2.050285754949977,8.414625032609738,6.197094092489589,9.898002418178670,9.047152567760367,7.260400659219407,9.347474509937626,2.711773530526925,9.361529804206633,-3.023228747207738,5.537772084960652,-2.739388531467208,-6.609688049400200,-7.362412171930957,-4.801680755482831,-6.322923611778788,-3.115885000775760,-3.973661871740067,0.171728828410791,-8.969677397134578,0.040710850237870,-9.008580508557154,0.434290364141843,-4.703473837136403,-3.577364410782742,2.217288675966403,-0.224031410453129,-5.405349007046101,-6.909898930179564,-6.691495452855074,-8.190150187601812,-5.873744231258657,-4.722255075653317,-0.200478621456027,3.934643375782358,2.107081794446806,7.866774212720486,-4.344627006797602,1.715385770959470,1.402833244448765,4.879159475618781,-0.863540017736749,-2.157440288044419,-8.624798643001643,3.422822893779600,7.832956714774891,-6.649225087908812,5.400685265534390,1.571931406189428,-6.859076954269385,8.101016108786251,-7.381856723534337,-8.760315274526189,7.535040335149880,0.612956628431006,7.973787109986308,-9.234406310428128,-0.420699934761561,-7.402504412308543,-0.464183971988316,6.583453775996198,8.731436212289296,-6.578699166646835,3.534332629763622,7.097042362164174,3.735060675352553,-6.367158620208590,8.898900816007895,-2.783505661796440,9.041734162079781,-3.902226130801052,-7.542855270578890,2.667682816120134,-5.315489971101448,5.103440804124151,5.110281562227232,-2.127611472577737,9.666051832314764,-0.812015152495205,-4.721330860292740,5.460506488841144,-1.385937854329352,-3.124007318374105,8.180974347795690,9.873675568290352,2.207774855712735,-0.400073991030993,-4.671787345903478,-9.712506317954077,8.251763953094891,-3.176876207977846,8.479979741722005,-9.995206358143689,9.217490522709713,2.530130120066570,-2.886099646434388,-4.864055243250145,5.396877085214047,-8.088331372322875,-1.888748963832326,-5.897307293213638,7.301962842105279,8.492064529636924,-1.913882237651162,-0.364388271155093,-2.587178152044651,-8.679122886350141,-3.546113601768939
1.703852084690354,2.028025829838649,-0.631406478049483,-0.942393673463535,-0.197769397631291,-8.330212921123083,-8.708921612891443,2.135988198048416,-3.370615644828177,8.113103011496719,-7.367290236455226,5.732196063245620,-1.620468766153643,-7.700280278033684,6.382960317946790,0.955419420460419,-7.080932195518232,0.125858780497518,-2.346461152779595,-9.415606647495412,3.218059391876320,0.586168589777380,6.518059591057813,-8.354010937270344,0.211362444193659,-0.178254852286257,-2.265976592826872,0.987672306614279,-1.825564043372363,-2.655218115523386,-5.476994271862196,-0.770823496092262,-5.535461584308314,6.604105743436811,1.692873912263648,-7.177465881991695,-3.937481648644729,-0.105623779358368,-4.765593089621685,3.071655733081663,3.455960333264990,0.102086055487018,9.089605441433385,4.092163328571317,9.254202558715313,-5.411273364125114,-8.751982529277957,-3.149272697264596,-4.606941180134734,-0.080771967874728,-6.546253861410214,3.450427816124055,6.258260883316947,-8.965245486623012,1.949174616206106,-0.189830564882804,6.546274635373358,-0.530141921762663,-2.095142671142971,8.389847593931673,-2.997062087842435,-0.580762045241340,-0.557450128510556,-9.036809827693972,-1.891606134501815,2.085076752884271,8.560974785714986,-8.207524917032242,4.894752094196647,-7.141409697159515,-8.134531386205456,-0.018283703512257,-0.379997238833214,0.918778975615449,-9.124670775260402,5.207513631468959,4.090248340155139,-9.486037641923764,-5.989082462668344,3.202990620112141,2.735929187188402,-9.223949099564283,2.940533488058506,9.603041629757417,9.830624691586220,-3.809802272359184,-9.358995772190674,-5.378963921776152,1.299208001882821,-5.167252744140809,0.629487818416720,-6.462099848341280,1.384779278950742,0.911191848955417,3.818420491618799,-6.980800292546956,-4.541404451336155,7.144636008792830,4.750921064355307,7.862023463154650,8.310252005938519,9.610625004925350,-0.017134518991032,4.257504039759393,-3.078161338055889,-4.493876487646508,4.207236020123199,-5.684793610018914,-3.365313478161607,-5.057225066652884,-2.242054652702567,4.351540313610345,5.628892055935344,7.291600266673569,-1.464584570597188,-4.875987154283838,8.923407400199174,-4.698812973838644,9.666577821691348,8.254232150314703,-7.696863825127664,4.679583033547450,6.106604339761756,-3.390431547756291,-3.216463072453115,-0.314340271886525,7.027095278279177,-1.629447052366807,-9.882875820124426,-4.249282013817250,6.072918563308981,-2.427188067339845,7.636172833026297,8.139099887994927,0.439225281014428,-3.394525693825492,-7.763367482750523,4.201152749874545,-8.050594115265222,-8.625805410559018,-7.451283411076255,5.198732600665979,5.016054476321216,4.741314256728188,-7.758187392394351,-1.363148644563266,-6.083116367081722,-4.926106875240208,-6.899656008635326,2.651497842636770,-1.545695485509903,-3.782182937598442,-1.908249144154032,0.838384592741861,-0.928617876837716,8.105220598548076,1.580897386089697,0.919792972833394,9.294936794212187,3.411898407858441,-3.984594986215908,2.267941171493566,-9.448371690141872,-6.991030422736793,-0.927311619884957,7.713881299246410,-1.827044191134956,-5.548962411589910,-6.567403335364144,4.334923780245219,-1.481476942067246,6.984247206984687,4.564815239200984,-9.269141476219797,0.186105412623860
8.046768209112976,3.265612196816177,-9.577276209961298,1.732186891038040,7.776408214381334,-0.313799531668817,9.341233528677112,9.555586935336844,-4.359612176302901,5.969327011311465,-0.765253179519949,4.650685449551757,4.063560516143777,0.026964527007131,-6.609792967064047,2.460120276563739,-7.464787477960622,8.267962855365138,9.735454058011225,-5.707474065581843,-7.195841939182507,-8.621920389938198,8.776036914318379,9.824485116034182,-1.121116229279158,6.011378357675614,-8.335348211117861,6.921234706435577,7.238100364915304,9.591677292308656,-8.635254698256885,9.458150047354135,0.887859216194773,-0.834669014149762,-5.332991173052186,-0.933698116041363,-6.102117392550959,9.154715461320727,1.045093248671558,1.109441966589756,6.129902841794582,9.660440118491266,-9.434629863586409,8.081529982211279,2.458147829327030,2.312582299154922,-9.510887704612131,-1.236795096969852,-6.473250050293757,0.476635221370046,7.868338411348933,-1.477887989930531,-1.685833489737538,-1.684611678481968,5.459906658554836,1.514286469403569,9.892320188792439,6.489594550526554,5.112261301634353,6.166067550228064,-5.849645141099264,-5.315899334825811,-6.812681919588581,4.252427179685794,2.612171779200512,-7.223462723223113,7.953040849220972,-4.030170921976898,-8.113464815451923,-0.040582404684791,6.876839431881404,-5.314017536626572,-5.466622566621173,-1.222533632775733,7.792789813520070,9.589809304250462,-6.259315546051180,1.772285331570234,7.102890892748409,-4.282616877952541,-0.985757420580795,-9.841141902074849,-2.565464542697349,-2.850777700931340,-8.578969885286892,-2.180166847317695,-1.609024869297567,-8.316932889935487,8.225325255670349,-7.745331571873471,-2.392216899344747,7.523493927373931,6.203225252465881,5.807908087854496,-0.702535062181820,3.242543298807743,-7.083908691550159,2.415615701671516,6.768758185607378,9.472005027270058,-2.927336928239439,7.725342336349787,-7.686919274411432,0.744759366233168,-0.737096461881041,3.508054079050902,3.065365781664761,8.719358541984342,3.938969846748259,-7.331787452528175,7.043854413438215,3.759741426608770,-1.392728755009312,-0.376829096445805,-0.909611296139056,-3.208291327571057,-7.755185008016401,-7.651899292471875,4.789607733733554,5.757413533863815,0.589368799936414,-6.142969911863647,5.241943477743023,0.670988700958411,-4.454298755911010,7.400616959756473,-8.028615331410677,-5.725370035127931,2.793864722993009,1.422134341342209,2.725284818776894,5.074180223126891,-0.193777550401988,-2.082467566938570,-0.117307157691011,2.196559563182369,2.308098488623404,7.433999473692761,4.978923171975785,-4.156937790793735,-2.587752815360935,-3.039866196239462,5.365172094639979,5.139153814365478,-3.074170349696015,6.739835122090948,-7.016389957355820,-2.167100128204861,-6.333655039511942,-9.620471083301801,-9.355889061060424,6.842158525533886,6.646457311771460,-1.051421197380746,-6.183887223385927,-6.454698262452158,1.835483852172100,8.324627509254540,4.508132464284991,7.289744894908651,5.258765902009335,3.758717956335463,-1.551958975624517,-7.778553195655027,-5.422504508699593,-0.378617838603496,0.708847665849923,-3.552534985633664,5.303976884780875,-5.378868312928686,2.439141566811568,-9.361564527522477,-8.151053366298820,-4.187055310135417,-6.135122029399119
8.133268783092273,8.372095479260317,-2.900047980323828,-2.456081007602386,-1.040769395168207,1.689207634758302,-5.680064051020310,-8.580677698432863,-2.716284345138178,-6.177880032986596,9.558202351349021,-2.428698703849122,-9.326282811652156,0.840377111927779,-2.640304246868432,-0.169341497459616,-3.746494860390679,-0.546430252631732,1.969570887368466,-7.950890650837039,7.468870658435772,8.152619872923552,-7.071601043229720,9.944781715218035,7.235969089625790,0.238819246306505,-6.645157324168871,-2.143659566037801,-9.139902343945829,-9.479167991929804,3.959058150832153,-8.494470860200780,-1.691227235315989,3.686311304598703,-5.751344036600643,-0.528704028660512,4.065627191494830,1.109530977364228,8.978114143802777,3.648104283375485,1.479748743532703,-7.068602138909332,2.764236883991941,9.821082148221389,-2.431286369358099,6.487243019591599,3.629247738434804,-6.408939737943102,-2.266209512851534,3.670954238987271,8.615789759605445,-5.164499851735885,-4.774599418412569,-6.152760336467862,8.339566135707368,-5.431208718711140,-4.483916986565568,0.980441141814028,7.163071573733401,2.827120366508895,9.380811897276779,6.284105973864772,4.511320773142614,6.042502159379293,-0.183912396664933,9.066301671246840,8.359777196864840,6.904097750559387,2.733335243516198,-3.775716655226955,4.948407165136873,-8.892257630654633,2.092230988574764,8.031982604733766,2.255865685788967,-2.860651872046096,-3.809607916802227,6.847145670137319,5.987313195607303,-0.249954577712925,9.545413995150298,8.316506427587640,5.564289563224410,-3.365547876568900,7.051291118471713,-7.044623609963212,-3.739604958730432,-2.870247964522350,1.420592857676770,-1.705225744497325,0.343023825056761,5.203825826162049,5.730820181032104,-5.192991413914163,-9.070760687174317,-6.067022259251833,-4.621501112070097,-9.053652800820426,-4.907012003214362,7.073071750136727,-1.593659357057611,2.743140263709495,0.996162831817538,7.936115897766232,-4.525494114586031,8.525935907504049,0.452304333705232,6.166362931003633,-1.550773253476354,-3.703885800757922,-2.400388217287864,-6.165633472774330,8.122072784263555,5.207704554546616,4.347681844162128,-4.447198814000794,8.717224488028435,-9.542524253127148,-1.027561566400903,-0.073270054956339,-5.872167490097895,6.963653334750052,4.808060948122147,-6.024220479855275,-0.601644316601169,8.451156900392796,9.034630550962291,6.237893290339031,1.904486861892780,2.447537131813489,-8.510008539122929,-9.352718016484278,-3.927818851054021,-3.257397238158283,7.157422654614653,2.697608508137730,9.025672451397149,0.962452031211821,8.382620960751947,0.532251998060103,-4.641434006218650,4.929751998125589,9.827153809788452,0.772778933022998,-8.342462305893184,2.496102882666545,4.449634807705351,7.898793805648516,-2.182965238490111,-3.930517930547390,-6.130940505127835,1.200604538080988,9.592923104027761,-6.239109147485184,-2.024105611855356,-8.935873373885006,-5.114330754693053,-0.377655386135054,0.299915881104347,-7.507952119036123,-9.133218579941341,-0.299777158147210,-9.479976381149269,-1.876200964021162,0.539169573511263,6.513547423486756,4.977658173073294,1.791540448652933,-2.791019571673726,2.059738813468313,1.225104603216478,-6.241990114832834,6.462044174403154,0.375041757885874,2.877060598323380
-7.380135013261338,-6.757242948732765,-4.332047272609283,3.486422644122483,-5.888780188653491,1.965474436638470,9.292601464032437,8.161894505387643,-1.472079791073712,-7.288790465358012,5.163885997148848,9.704139470832036,4.300151060065501,1.027410779470475,-5.125125748075520,9.839805583420251,9.716295697464908,-2.755811778119486,9.982979458351366,4.653016608009901,-3.230463945140651,-5.849236507731721,-5.864523420934658,4.643633197637207,-3.837323561711514,-7.612463747032883,9.713262374506481,-6.247444129052528,3.617486279338868,8.006421525524633,6.794750848000831,-7.010588443321828,9.123012683135276,6.442504106000555,1.893554170622318,-8.023222607558257,8.620350329676043,-9.696588637772273,-1.333602854001830,-6.386911030476751,-5.599834101885284,2.957815751488477,-5.735284565779697,-1.087684801006635,3.612688486170022,-7.103388266291293,8.103887652930268,-1.114967548479362,6.758638992109397,-8.637662695840831,9.386528284574425,-6.012209951846186,-4.322808313999451,8.038306931278218,7.770418145172229,-5.950331545408776,-6.391869832252468,3.318976593925143,-9.644913389882756,-7.035551014681003,2.797838497669318,3.316735168464909,4.296366928556472,-2.848991437259691,-6.951261495207371,-7.564846730153290,8.734356287672000,-6.649328546617134,1.124347021643448,4.553847130966071,0.293684847376595,1.205998354830003,-7.570161879290039,-6.411439683897118,5.444227852920715,5.231283304629613,1.646207379172759,-0.976447923357570,-7.705259817014385,0.262538897186600,-9.836944894943962,-0.822086543412205,-3.591529044795443,-2.180418867810898,8.478164087861348,-2.035431699971737,5.303894636528650,9.219201047461084,5.451566579511042,3.982035737318812,6.182792004248714,0.168107631376074,7.353328470864014,3.616435579012609,2.779198149949188,-4.358205073756758,9.391030028512148,7.679486537258661,-1.389016303337938,-7.580186533587254,5.509759778563105,5.429246071005744,-6.661623260073679,-9.535964690934058,-6.059668666210509,0.163838483868673,9.382743165388625,4.924231352945077,9.384310490121813,0.191191902700727,-9.655833672646763,-5.284063545599409,0.353772642163852,-1.032713557646272,-4.050963694974776,-1.989391292660033,2.242486035188991,5.140544863487380,8.809481063939433,2.708025035466815,9.623363617279303,-3.823688386085175,3.559982456476000,-8.708887539968940,3.730432054169624,4.704580213217920,7.167576003296933,6.444020297826697,1.056557134697631,8.566045536265598,5.157054504058433,0.184130501469657,-2.672184757050234,1.017734113644629,-8.331036181409718,9.042446901599824,1.695696584633170,8.105623379532787,-8.304355062022054,5.409276795801322,-3.012935589903504,0.876835478453797,8.537853118274313,-2.862149507423188,1.692797834381761,-1.392423054296559,4.817645889611654,-6.867496907395559,-7.744338303136500,-2.384968646569003,8.331169297415954,4.273596713369463,8.994619015944689,-2.658030566941310,-9.342354042285431,-5.127330413259770,-3.231442418834640,3.115761544690907,-4.471466993551301,-5.306402590220811,-7.571430301549968,3.168780789758879,0.852503784726791,-9.408269006692047,-8.358476036709469,-9.667256615291329,-8.196467759611714,-4.773438641323748,5.356357126283847,-8.542383624978571,9.941221095474042,-2.032520097365811,6.743603390933735,-8.823263768318117,8.938807661509106
-3.678121817098791,-1.791840074263252,-4.431812982480185,6.707505605778245,1.730013064179001,-7.066695773467801,-5.036483802199463,9.113840440131586,9.893778520116651,4.401226120949529,-6.677650894556464,-7.736194432672763,-6.724758410346208,9.287177984129269,-3.272845216907703,7.681886794263860,-5.582246220384492,5.411479916649974,5.457087689656241,-3.400026307501777,-1.934207265001524,3.199518681479162,-9.227734293028993,-6.493337918998998,-4.540662338002271,3.043174496557508,5.704231392988389,-4.860843504214946,-3.001468126556306,1.723280626896898,-0.694539773263054,8.402763088894403,-6.870739414296851,-6.980645238879282,3.317494503958045,-0.693789349116326,6.230790410052126,8.961571139175042,-9.807133229256493,1.994475625320828,6.450438621495188,-8.960676874953196,-4.958807524781347,9.929316213026297,-2.373366362182596,-5.505632100218589,5.786755130857543,3.952600646501264,-5.953731245506615,8.246648471731543,-0.920962268770610,-1.744658043242428,5.778432300165047,-5.522545154736667,3.968112809526446,0.579563117532579,-1.741592477221598,3.207232335345072,-9.798525469884162,0.827027404218697,-5.769551131359856,-6.401604226720665,3.075779484722789,4.305006929345886,3.240955094611165,7.055096065651462,-9.666019014062373,-0.450666287735626,-0.928269906061242,-6.054769212283377,1.640069795204539,8.436966963873985,-0.211435366401382,1.648266207847991,-3.364681790337434,2.584000957180635,-6.619942698939562,-6.919181712713409,4.245909481547983,6.640872655794524,9.321499376303965,-0.991315959754900,-7.677851023198143,3.404316220418814,7.098899471271462,-8.633779374574651,-4.855867751174772,9.468456661127341,6.146866740112745,-0.850399206248362,6.856213714771634,-8.187410151483913,4.155570592261267,-2.940724486518461,-3.213460927100733,-4.674100914055193,5.384513799009600,-4.512886185887977,-3.160613487173809,-5.778329831749629,-6.342312585641525,6.666936989894999,-6.456670599249186,5.715470210870574,0.975230816104540,-0.477323371655096,8.922656563472074,8.062677622055240,7.775570858197508,7.935431543543562,4.571296254280471,-5.369967844269405,4.216970239751008,-0.402310378372173,8.629939543292139,5.597078549782143,1.422253905393065,-7.758275453798960,0.551631755080290,0.532804880368010,-4.269270911421992,1.533790581763681,1.549243077924118,3.894655703380794,-0.188837621977054,-9.457607817903007,3.750633112750890,-9.033924508003775,-7.851001392703951,4.632597637300247,7.311500630410574,-5.577995858251019,-4.076175429797260,-6.020525324398676,-0.378521236386877,3.297211648728169,-2.527883610692527,-0.755750271995568,4.288788021367457,0.222751617530152,-5.160219512403872,-2.165882295526789,-8.943550598945482,7.420932526037575,-1.341281838574908,-6.910208327901033,-5.236634794916714,-4.181834690672881,9.534814354285373,-5.658761007109923,5.357098240680214,-7.967524612123784,-0.304768511864468,1.917897733052294,2.314700855738170,9.622765604264440,1.949129406948430,-7.148709095633312,3.766288890030996,-5.701457529935778,1.307681601037316,-4.547263121128271,3.074897772240430,-4.013221207253088,7.624369362446913,3.641670403651249,-0.463883389748821,4.610826451031773,-0.042491163855159,1.306387233251566,-8.691824372406280,4.149685191441320,0.078465089705066,-0.799868253022620,0.437116982834752
6.129307983745100,-6.179082953711754,6.410330638569633,7.623174123189870,-6.489843315655428,0.241693395586625,1.540166748261722,-3.987653132212947,-4.715766230032665,8.969455067175666,5.251751967506820,2.095677398664957,-9.360992609972099,8.699315364906315,9.709588519543196,-4.395248749176854,0.840761561587977,-7.638914415239800,8.696253881477251,6.865879275186813,8.134753347466340,2.929870190963186,-0.003832243311674,0.396582429700205,-6.490096255650844,0.342672866374754,-4.387762841286841,4.937513735741742,-7.640987453334223,-0.336977727593622,0.486137844783070,-3.638101867885945,8.574893863918319,9.440794056041039,-0.348299283329816,-2.846761798053525,4.707752310860570,1.318152937385866,-5.592400878241593,5.805364643087035,2.402603002485188,-6.834755351584841,-7.029805019716965,-2.168085444610577,2.651644587551520,-0.215786923359930,-6.858302237194962,0.296059165961918,-6.842722715710206,6.754643336948259,1.251085610905685,-4.717129338585573,-0.729287370232585,-0.164264220538337,-2.099289619703617,-8.203027190081615,8.166239226934223,9.921953535111708,2.994899396200189,-2.204277770376962,4.294444119312120,6.924317069813277,2.506685928063067,3.959848611378231,4.456199058873857,-7.630783259736260,-4.385681639860984,7.545669571812255,-3.933700881004980,5.360541657163584,-0.618268051031558,-7.924659539515084,-2.544081565595850,-8.572480303245101,2.653474791603516,-8.675019176531860,4.237719865198486,6.652655491086612,9.023476555480052,-1.870103504014571,2.277279862037654,3.980270878857922,-1.825055207882542,3.032629578290358,7.243710782790426,-9.437805492384793,9.761844245079573,-1.254519536508136,-2.332571278432103,8.333044252520111,-4.019778018067830,-8.006116137317401,-2.841917068969392,0.027599562824266,2.796937299910569,1.644600202759790,0.976922126509248,8.910079379358084,8.185737909830703,9.509989516522403,2.950114223796810,-9.330518303052164,-6.319941855093781,-8.644535045154536,-1.028288165393425,0.240687235799609,0.808475874397017,2.426010777529811,5.006205940283653,2.853090783942713,-1.597593695002246,5.217963544920398,-2.571989119555010,-7.890789010796140,-1.772743558022906,-7.656615940475291,-2.628491914592366,-2.110909667203209,4.656280991807728,3.759319466753325,9.753687294500661,4.911959335675679,0.281104201817858,-9.027400727837865,7.647741776058460,0.206896102826043,-9.667488577700230,-2.518812357885382,5.720129032471917,-0.991247810517930,-3.261162410715146,-4.776626709115590,-5.651198118315350,0.960067081673753,-5.832934597779484,-0.264121711944972,-9.306025125949995,-3.445425302380016,-5.636240809661219,1.503692753155974,-5.799634826148035,-4.152283954141627,-4.766202267712658,4.237291323275237,6.400905846584170,-4.816865075412542,2.571114996923995,7.934870353266916,1.278526928260648,-1.448896348131472,-5.121482144692823,-5.379649497472043,-2.597411594160550,-2.943477863977160,-3.898291847751501,9.797769733471874,-6.300210462386264,9.151983622486192,-2.962727204317648,1.117684545259657,9.089071584588314,-3.448953530115151,-3.689478977913520,3.068703858795157,6.469329477221816,-8.739354649793507,-7.249185771155782,-3.086686033239072,-8.994532558769905,-9.075206918043687,9.326777421335034,-1.284068921569970,1.090656681013286,-4.173424636757352,-7.909846682602170
7.256433414109406,8.772385123330920,9.043507719500276,-2.123567558022179,6.678429959685975,9.158704952991645,-1.364792848410492,-6.979885070896250,-3.315017196479699,-4.460383038158653,2.187082085972765,-4.632225191043695,-3.392189395959935,-5.696744574269948,-2.752713492256964,-2.146904917496386,-3.259908055105411,7.059401046503609,3.207261499138900,-8.906009879390169,8.018296770498182,6.159952268201568,5.384001884072823,3.656795535086964,-6.223043769810428,-8.146050823429283,5.384265855954794,-7.367328631115058,-8.752461283931975,6.564620620430340,-5.388239641130497,-6.883164820701506,-4.275112518605091,-9.022282704960885,-5.778418377723016,9.174175722773050,2.166269770347679,6.811002724285736,7.923250082056501,2.157267641126346,-2.671840351509214,-8.160531207807198,-3.684301629173756,-8.288508653470645,6.363994394776299,-3.232710747802430,9.538342522022177,6.495045468289931,-6.247136479185478,-4.669930321286806,-0.121179273887593,8.284977960734608,-9.291252145433617,-4.151717715856893,-4.328545587216485,-2.811133840230990,-5.507270944849210,-0.407543903709675,-8.925999549652175,-9.574649523504826,-4.604856633132856,-1.493560433757267,-0.889644575818915,1.292998631402305,3.813384044917870,-8.574397790931847,7.524478123685583,2.655525059866308,-7.230552664928349,-2.547557103643689,-0.788735485131314,9.177526917747805,1.650516122479928,-5.543464370517020,3.618322389556264,-4.536530361330790,9.044056199318177,8.508099844401510,9.325477615804317,9.690622857498017,3.624873013652179,-5.329152369748444,-4.670953940667905,-8.388395258019408,-7.597741304921701,0.090645420472006,5.994575278771801,-0.840369020180351,9.416486423445036,-9.576235764533820,2.683806161710375,-5.834839110321182,4.952559619369348,7.298427428629942,-9.405758366284033,-7.287380150588369,-5.155132268264680,-5.368562127913141,-2.636397521233398,-8.742242358779871,0.782887972380291,3.918402208061462,4.915225444566683,-1.303869569790566,-3.586135646647024,-6.436730769099595,1.767268915141768,3.314042283678857,6.183241120695346,-5.246787115884331,-0.305647909303900,-3.939443968033160,4.092777439950176,-0.258033014706196,1.929289538667224,3.349315621538601,0.609777498991475,4.486944923199111,5.094774148123358,3.337314336896940,-0.590271951430495,8.698943844127136,4.823534234622866,2.225500446574678,-8.374320336714723,-2.451896004433165,9.568733891016187,-1.584121718533423,2.527122856672701,7.297827849672633,2.828594776006689,-5.922871873877879,-1.421529628583723,6.926792041767811,8.038178812861403,-0.849688875337794,8.815442811399237,-9.685464045630690,3.723984846548319,3.410280448954175,1.889257623382690,-8.840716563332766,-3.842169626660564,1.031038091016615,-2.481632284030004,-5.127936667137238,7.532240994284166,-9.104491497788738,1.351349917306564,7.641916324455803,-3.517630249253695,6.915103553635586,-6.598934495274276,-7.278837598502800,-3.662479692310201,2.736361943315657,-7.221317665091373,-6.209903602659173,-3.478712222793819,2.992556708892833,-4.252734055258789,6.949948041213201,8.717012254067200,-2.609281415209757,9.610630374143483,-0.942183334691805,-3.496161585940849,-5.862731062499558,5.207991631103560,-8.304961609398378,5.323989347813402,8.717081717851979,3.132575539227689,-3.501037051160443,-0.494699311188327
-4.321798479938188,9.869409040628227,-7.989402611507241,-2.717102484356115,7.647976738062045,-5.117866567868219,4.444122737382594,-1.265477454026385,8.706895747915262,-1.778180555857558,-3.552929690859865,4.858146602664251,9.602701346467917,1.316309657014521,7.301271635985703,-3.876302346384111,1.729009650593106,-8.186422378396179,-1.516788630697745,2.696099456096013,4.112570823560556,2.721535791626135,8.896474374996849,-6.073416018601090,9.779009861271586,-3.820402990161846,-2.313241097094510,3.246058744444602,4.446547884194342,5.708513089406072,-4.149206030019823,4.824628062081509,3.430194029454102,4.538789177406066,-2.423834422030675,-0.040527601691556,4.018019462803966,-6.057408001588190,-9.937146185526684,-5.654259299140911,9.413434587381595,-5.591687866805213,1.336054152675176,-8.455356964137632,2.933683806250983,-2.280075078560715,1.437393142840662,-4.223727414519962,7.515750464337991,-2.312992424797033,4.261181390376535,7.022297886855981,2.920123980819822,-3.386289589024718,6.486366636859579,7.247438590268711,0.507516228556197,0.429567458246643,-3.994268174242011,-8.890990393370279,9.897856215681884,0.433975937679314,-7.274608014754955,-2.966974560498372,-6.107940866122769,7.626997994328580,-2.624613768314259,1.525575850992812,-2.711266935992011,-0.883758251080929,-4.143718911639997,4.496916857708316,1.374808533107307,9.264076488774084,-7.083581248400583,-2.833067677774253,-6.794703490785934,-9.505261608566951,3.665951927569711,7.061956458921280,5.668391236093640,6.749117188957921,-0.316038902728852,-6.426152090183203,-8.829332998809267,-0.349195033785731,-8.770632967202825,8.387408780668032,-3.444581170135407,-7.342434260660262,3.416668663079086,-7.553036825912411,-8.743231376477357,-9.641469467647257,-4.663238854134271,2.904162554463488,4.836929357119059,1.322037616685217,-5.039164992164789,-6.728100311762057,-7.971161284675958,-4.515050965037402,-4.339185866348472,6.614153509497079,-9.603807380921761,3.051839933414694,0.212780342922013,8.247444799785654,7.370087990596911,1.659129044145466,7.240747820590673,-2.378821645364376,-9.930432678209286,8.601389249049106,8.658803453247117,-9.511691331840320,-5.945381000902296,7.334495421482117,2.222372265262873,3.095954387134014,-4.739425109074236,9.530167353200021,-9.258514555022879,-1.516421020184971,-4.348472631145333,3.215231613117467,2.621229373803001,2.467017403052216,8.548893307915137,0.567181131177028,9.260416357005266,8.492445311959308,-5.952228545511189,-5.559523556729302,1.298602783602277,-0.380574095143601,-8.503099240844973,-3.047284514383257,-8.141539367064984,4.138358295242986,4.648843563395973,-4.641246562608760,-5.101362946350784,-0.131638286299333,-6.983185380311408,9.487545818192565,8.791258757361131,2.303669831348689,-4.433077317001251,5.518181696579214,-3.007278886026159,-1.051674102849464,2.767851069255610,9.142303470288525,8.152203546130028,-1.141982912888045,3.043078903112743,-5.538546316387929,7.057032004235914,-8.473507676199301,1.554415125215325,7.236794627905446,5.715231465906704,1.979989089167351,6.330164320435923,8.705176601638808,7.062196720403151,-5.318051953139653,5.680721652345568,-6.948472943652586,6.437032818284479,2.894058119624397,-6.602962988330265,4.157075691853432,4.620499308598514
-8.074355286595654,-3.369535091594546,1.084209283967500,-5.048049381938089,4.651761534394648,-8.124236689195055,-4.832393485029081,-5.791582563955320,9.839248529941848,5.879222635630079,5.876155950887352,-2.637349297283055,-1.118786149261112,-1.068698284740474,-0.651416510448348,6.367933323429035,-8.265815874166984,1.493214140516969,0.189171873175946,-9.976486712017671,8.396927482859876,5.742657670872866,-4.825899829064239,8.645796484831191,-4.578650103850716,-8.882369057552586,-5.840158235162891,-1.772823342708783,-4.141414604673193,5.068772929582209,-3.709841136614457,-0.557956144256728,9.048608977850762,-2.118920435169532,-6.620996048342209,-2.359854295056358,-2.013290722553678,-8.216079344290632,6.439504448021829,1.651892895716976,6.911531189178103,-5.977144169808737,-1.278755453936945,-1.792748312410506,-6.669425595657077,6.274332647290283,-5.373291213482741,-9.882852323282032,-4.074077662719063,3.410046779503126,-8.919072135542589,4.562605341709837,1.119214780127800,-2.182650201299452,-5.516785903734329,-4.785048962095440,2.749177849264971,8.457956116680531,4.657838387825263,7.016470799893899,-8.007808795087501,-6.578007061468771,9.027431060821364,1.594710429781177,-3.850511742442060,2.161905824949033,5.992475386425365,5.769932626549966,3.477073559905383,0.278207358029128,9.882079933795328,-2.783099980090498,-6.904379215517150,-3.574597504022393,7.996417148869593,7.772073186131742,-1.620467223290959,5.449542903797788,0.635964019966050,7.518479359001521,1.179469685652357,-2.011760229797954,-6.719070848691347,-1.896684617366073,-5.968600340712769,-4.974157077407526,9.253446302553488,-4.253144717830359,-2.948208878017128,-9.101965328174376,-3.303131489877527,6.493084936811300,-3.387766537126131,-8.315119036399530,7.862794290054872,-2.260992310442919,0.252836464085703,-0.034967579805176,-5.277476154824853,-0.101718357627989,-1.874699149955653,-9.912420764808175,5.575567349682922,-8.519538201660186,-8.532902005317917,9.006851555628909,1.554817365169445,3.820843482388030,-5.112432481037716,6.841074775876933,-2.530990808974771,-2.897219782711799,-4.038798329455197,-9.104307867430544,-1.836372514994242,3.255018669928507,-1.359139311411433,9.519714385429754,3.396576416954380,5.035682294737946,-8.828512880369138,4.378381610703698,-4.592793791656245,-5.302313578319886,-7.928144996220041,1.625152973455661,1.520814088972699,-0.054574936445405,-5.018639466909185,-3.120797946738461,5.198746332561466,-1.187646424122505,-3.900788483474839,-7.738340165392790,-2.906294248596710,5.092310004312981,3.101579829087260,0.097259164099517,-1.447258929803535,-5.290671354327678,-8.974077005799233,0.249495190381236,-0.125056943773599,-6.144088861484387,-2.009865554129719,-1.362377286152574,-8.971471605373150,6.702952875700465,-2.131231625438270,-7.521568376910500,-2.544633198742002,-9.958816754815665,9.198728845872342,7.538726855235158,-2.937239833445828,-1.295104902946360,-1.859491036157944,-8.471766346255690,7.097297877097194,-5.430909123580099,-1.784112218235812,-8.473371499137734,9.537551203022648,-2.539340151338381,-5.070951983885630,-9.087343106682466,3.337921670746978,8.306566405423673,-2.866683533259229,-5.562876734310784,1.818201162989508,-8.522862343910226,1.981543662316756,5.692097816764043,-3.429668242939448
-1.653398961827609,-2.131384810785180,-9.626379126062918,7.529905300172651,7.441864230654666,9.674742913814892,6.037860564135254,-3.219458941077280,-4.969288082138698,1.480708653776952,1.030171148769670,-7.109038679292732,-3.505534499603153,-5.663462564716266,-8.289615166116835,-2.649642206966147,9.924715300247207,-5.683169314932536,5.240989039166230,0.351768071255457,7.482800168966346,3.985141132482710,4.974389495209518,-1.646743714812967,-5.420641651079741,-6.637031948386110,7.688097060473034,-6.821200570949573,7.973581006395843,-1.332516319967388,-1.584073256234220,8.068965258068502,-4.799537580918470,8.374354312249046,0.642545668771199,-7.736198167880866,9.490177142289230,-1.431305771205679,-6.294548863832192,-9.314200057822024,3.538403590985997,-5.724517787677874,-5.781147235240143,-5.600282330674313,4.706279727229283,2.026371372169889,3.435934104443179,2.847223110882592,-0.578567966866492,8.416365274297185,-9.050953382081255,7.151422681488103,-4.547575624512470,-8.578840762231179,-6.580223101539922,-4.174315201864465,-3.091678362243309,-3.107008572861041,2.703306685137314,-1.316544496568291,-7.638905420764630,8.129902537048320,-1.799137608530044,-8.215459725431911,9.713250420448055,-3.263757609507278,-1.434232461863711,-8.432760225496059,-5.949754820150080,-5.313694189639209,5.841852619250254,1.594212805519176,3.527712890818419,3.690029613762354,0.158813756888001,0.556396729631414,-6.923733112416151,-2.355099366133286,7.136691389622335,3.629129323873947,6.984588276921357,-3.152662489167506,-2.836649202778856,8.062245389774713,-6.568599921410492,4.667227035415337,-5.953779741539722,5.538908892748115,9.149268318007284,9.540422228195439,4.598935193256871,5.469743691776294,0.068718063843967,4.017204523124267,5.641987634198170,7.849045668672385,5.850597157172871,0.441887232174825,-3.997349508448438,-8.309217920437554,3.490837480159588,-9.706364614109386,8.018174094935777,-7.202276043822254,-9.536090686000456,5.106537872910629,1.609636989169559,3.385147980081189,-9.360773650453339,0.604408173432558,-9.458334260678614,2.427026621626545,9.590413275091223,1.178744596316585,-8.783544507891285,-1.448760922138533,1.088180211855740,0.085770930016215,-9.080427604853391,4.035202321518817,4.089115589198798,-9.767872427736727,-6.203265174064391,4.434852802651648,6.964432914108315,-8.436738546648408,-7.268608776581496,2.474121669980358,1.370274172719556,-5.103786508838535,8.733130914539643,2.858954788619631,8.431753414970093,3.249761008180689,-4.497083900380854,5.093633880293726,2.135631558029916,-0.223453724772504,9.896929781171750,-3.734769554680913,-3.914454941390568,5.701788401693062,-0.900273264389824,9.197652504133416,0.523174367669894,1.854860213834739,-8.991864201227656,-4.509558723593258,6.642332824033417,5.188390381181884,-1.391259005292909,3.059894063291672,-7.412110085977474,9.445126799734730,-6.837207354574621,-4.823741270162516,4.909516405658621,-7.639699392541872,7.030861061799143,-0.366688397272736,-4.076634975467053,6.345949237916276,-5.356572368510468,1.078824517232945,-4.459330415401997,-4.087619367825810,2.034776697551299,6.203697618079403,-6.814012354006267,-9.001331891734081,-4.131290682171029,-5.069350346129347,-3.627677128797117,2.661796221908375,-7.968929480255240
-9.576604421344101,0.578803952649629,-5.259578806609088,-9.898313422848489,3.514971971534147,-2.111918278292968,-4.294743711715531,0.741321854206618,-9.794139114759341,5.344806770274484,5.553733550378183,8.752258000831183,-9.829337538473709,3.745755955015834,-6.515247676864712,-6.966508414392587,9.554489176789190,-7.279061449572939,7.077679825589620,2.941570366618695,-5.548389044338593,-6.623513559281234,9.189143449697916,-9.389393655753997,-7.908937307405576,-8.455587509213562,-0.621095426333797,7.112717014491313,-9.560786458165946,-7.024995939086227,1.332009926596161,5.240679991023589,-4.005973414900017,6.886793246111068,9.180540002986408,-2.246517531640704,2.692111119189931,-2.975323077020489,1.520953297706242,9.657109337898110,-8.499852011474216,-3.028203545073056,-6.246263598650708,3.262187912773410,2.436154958835559,5.371545018649616,2.870565348119030,0.991729396001318,-9.876487472515013,5.636505213061147,-0.645995377653755,3.002393910541867,-9.017855514202468,-2.476336412295721,5.028702156457584,0.911790328014026,4.247184090496841,7.789459532012572,0.540208078799679,-7.957316668754810,-4.716305701240822,-6.513762711405066,-4.508091251459625,9.268898543966863,1.083716037477966,-9.997542640359555,-7.834954745330379,9.506149537874304,-2.155056792742716,-8.361962878336813,0.918854914274100,4.281076351438839,-2.252106421067166,-6.528253378112392,-8.243361283425894,-4.868537545937802,1.323967863481739,-5.240259693690000,-0.104876972422055,-4.437632796156898,8.350006693053629,5.059842164096107,-4.855241628603166,-1.751823411368177,-4.038506899306070,6.815164847237117,-2.477502017766556,-5.104334241141828,-5.685665847236376,-4.302578577336389,0.148076503796981,3.285648077804026,2.446100113410782,-7.436351023289980,-9.826117089703795,9.344754368209315,4.637509157354106,-7.287503449408144,-2.153731809128332,8.493353112603959,-1.889683225986783,-5.894271037760859,0.462801107238377,1.537154587436111,-3.036278517445730,2.639125303623542,8.870605861121053,3.578332621224124,-3.178242451752888,-0.487688242851704,-1.120496047204911,-7.337582528453868,-1.281978446263023,-3.534259184475294,9.850408075725504,-8.265622940340684,5.047790562149705,6.093244493337888,-0.440282704305240,2.730127409226458,-8.008291005048843,8.914047592166522,3.650049473264938,-4.909190482753887,9.004715637650921,-0.802712653902585,-7.763644404362835,-9.992254188041848,4.043200244908826,-9.260628398764776,-1.697787316744668,-9.592373973146591,8.308159555842835,1.015674364180995,4.397340333364060,-0.798675155760316,-9.545400517812457,-2.226647577716254,7.280239400190450,9.534900564231808,-3.971854568301301,1.289785895933120,-0.635322639274005,-7.682463006555730,-6.847814172650420,-7.826045219055993,5.594029082669476,4.823753230953754,8.890589288403280,-7.901998485760431,1.242410264866914,-6.377802446753864,-6.085967993577331,2.705723229115213,7.380671413855186,-2.659559257656157,4.377733772412141,-8.332379476113127,-5.508238167892854,0.364349365179431,-5.643345931706505,-9.827498574492681,4.223951963492180,6.617043508604027,3.217010051216247,1.245589042933057,1.292601661647270,-3.715762416738388,6.616927877092095,-3.600472349818244,-7.604783734567491,-4.777351392101094,-2.222250464494612,8.203255170369175,5.238530859514775
-8.035870106679370,-6.738413019110514,-0.631456503735098,6.716386828616582,-5.648672151215859,9.032305239859248,8.436560650611241,0.233145812779812,6.120011251687664,2.043598669345741,0.428661770522126,-3.619898686519036,-7.232985348157779,8.814155113554119,-3.112166499350604,2.633748162717202,3.932008316645186,0.581353381882177,8.816012863710135,-2.009171517883328,-6.192351364184527,6.150720136475062,-2.895220250575594,7.473393447557608,9.666195255531562,2.708846946117154,1.742357665172122,-9.801906569405396,-9.523144651592885,-1.392926252859715,-1.700902649493303,8.365693156162344,-2.431265237115698,-3.877447425491905,3.284554788776973,7.163326589602299,-7.559241716668597,-2.094431856844004,-6.314156772854808,6.400349599081004,-3.643406760173029,-6.505766636299501,6.818449855815629,-7.772516493026622,1.543533938335992,-4.658376648716416,-9.450654508881176,8.729811056414093,-6.955442428192180,-2.522706665637219,-9.876333345797070,6.717944094943586,-4.967114154016203,9.514811701284291,0.829656499412117,0.008921144965502,-1.231981623457257,4.643487903317542,-2.095992744143547,8.632551112143595,-2.184615344805787,1.021085332513890,-7.735375554744390,-6.345120489535874,7.650063616956860,-4.365130799649037,-3.951042663989703,-0.571072138570411,7.882481134222420,-8.632314710994972,6.498951947941951,4.646015247991151,-3.880328009664725,-9.898239448446979,-4.792720814838454,-9.488619969430070,5.590103449011695,-2.555256627706703,6.836180741924011,-3.008078872415194,-4.657529084583533,5.928521685374058,5.364508762348798,2.850359630790226,2.883751009622134,5.524678501692408,-6.467527786433573,8.836921719420150,0.305956280204926,-6.026494005696204,-8.356373944402373,-4.413617015985077,-0.225306031518590,-9.491028506527215,-8.723096804648085,8.378691977748446,6.817088210332813,-9.677791248328628,-4.945815292848694,5.747718513729080,-1.825702464670867,3.230599396650202,-4.075971550382336,8.830739262264068,9.703215556931948,-2.663417052692099,-6.091718799600767,0.634781151887683,9.370599066404964,-1.203899529531171,2.461624501244071,0.778983320171843,6.773523027159012,-6.270849887757908,-9.801711997968447,-9.919584936932583,-1.398513710527221,6.427678333587554,-8.578827244237175,4.068589157174344,-5.615817971233106,1.319664354586752,3.825849377373785,6.546857477723581,-3.226184244334915,-0.667190213367077,-8.823246061757033,-2.825442309071436,-7.780919558100132,-3.270011077911255,0.410196806135259,-5.816810663779695,-0.492127453033092,5.938527267497332,-8.039502574758393,0.878793479049785,3.624882604987354,-1.774553015038956,-9.638366454052768,-6.272497015119354,1.670285387177731,5.424304802479107,3.035066283113974,7.546936596552971,7.019372026973759,1.462645133322404,4.922854029833024,-4.005048317763689,-7.970828296456212,-4.123564828244389,-2.075296679685805,-8.341668936121495,5.611566518381188,-1.780097571401996,-3.785218748088084,-1.085185343024699,7.244103255188431,2.037894841460940,5.722179979269136,-8.375450031482689,-9.025619013414046,6.186513936043294,-6.196776293035073,-4.514702564805662,-5.678817657949164,-1.290804278888597,-4.341088044168425,3.765699524194478,-6.515252752292293,8.679671498538564,2.929022401816134,-4.275741095524282,5.795181935434179,-7.933554232707836,-4.058067546230603
-2.542020287788285,-9.095155620661806,-3.117262461982467,4.457032875771031,7.686666514085058,-2.403147452162147,6.530088628356015,-8.997364560151302,-4.817103293862663,7.508189807808325,-1.442475652990744,-2.642360336495861,-9.676883113392220,6.550979951316926,-9.311725929598968,6.776225033260804,6.600264981437334,9.381740959080204,-9.614191860365640,3.369371562378893,0.004631392655792,6.843667837650067,-7.426389748652593,5.761299636823532,2.768327487996478,2.410393632924993,8.067933958251743,0.666265050799442,4.207296953818522,0.603651117975801,-8.892072592998570,-7.516945358959466,-2.686528371620811,-1.343967441016087,1.114213230737015,-6.968484404412044,-8.416486460335983,0.250373103490148,9.599221080639264,1.516288504941997,-4.566871299606953,-6.904179404947013,5.021655421162132,-1.458423273288643,0.972219334418602,7.258258102114862,-0.562623908062116,-9.721231479847392,4.611881149756895,-8.849444309986097,-6.487496794912189,-7.004305322692421,0.979854076926570,4.220320122521365,-3.596771395059399,5.594921028159533,-1.985966638214720,-9.818105023601182,-1.672710613138674,4.810702544473154,-3.691158705644590,-9.897797730289806,0.985592267440511,2.521533246736405,9.990125017790955,3.959847561262276,4.349876166458928,2.128534280397886,2.816647423566522,0.931594080221302,-8.545337894861269,8.194702044469167,-3.529925142968235,3.689203715771345,-6.612993033497270,-3.772299899430647,7.250544774006123,9.501373654160762,4.331080092627200,1.045258750332259,7.060801494738620,-9.397964532796948,-5.301656912773027,2.587067435398986,8.289051174903502,-9.333997262772870,0.339452526040287,-8.725494344240644,-4.154350758769841,7.688291138958171,-5.848039132073923,5.000955050567065,7.371843747355037,-5.896812278142782,8.318687774382148,9.670302003554280,8.447247315748317,9.087718498272995,8.313579167878547,-1.460564680933363,1.835724190159727,-9.573684004054874,-5.655869953679078,5.796986311772914,-9.366305884322713,4.374585468568068,8.593136252213348,-1.878452652668463,-0.990160067841483,9.744882132267286,-3.783714557235809,-5.873294820389361,1.378691872372571,4.862463435936720,8.990639176548669,-3.909224037176051,6.260183615501443,-5.487993759415302,-1.074501463317167,2.373490030192794,4.428366241999795,9.621164181547837,8.963590593305980,0.717305487311275,-2.228507641684471,-4.427491428326711,2.929421364074475,-3.666065635438150,-4.039499147641383,5.111247878761747,-1.752463251257158,-8.843248943040077,9.987368570462788,-8.603995909650353,-9.028536232691414,-6.418648190382694,-2.751452086200883,1.324958401980680,-8.321354126891919,-4.431039578524281,8.555551192818317,-8.851079222414631,-2.928042864716993,-4.842301996749285,-8.694129192700995,-6.915919046807368,-6.979905563351507,-8.136879831437678,3.809911845599514,-2.614067353299290,9.404484802448515,7.570853984895919,3.436741513456553,0.560953689652807,6.311244476383450,4.115565110204006,6.572159239425417,-1.596166025572003,-2.748758089088012,9.461364969376490,4.852751892452247,-4.079058736465466,3.632053673182480,0.374476459301897,7.550239761374701,-1.218705148297785,-4.106613400609374,-0.310055481369497,-1.457610585540689,0.779989732151815,-0.264879895524764,5.857371801613784,2.657990708105505,-9.986675362595738,-3.305698638028598
-5.920437854590894,2.830939979936186,-4.918000511128115,0.338620931140760,-5.719491499556173,-2.142839925603575,-8.578628618147022,-3.757158268154049,-8.954667602564253,-6.786313733562768,3.741605153863157,2.131358178823906,4.981834385291874,1.998663755954471,4.396464278775197,1.655087777581020,0.240961318240927,-1.112614925950638,7.061277779668732,-6.541081596771885,1.753664393654430,5.049373616813519,-7.635529369176783,3.182395746155951,8.561697797498940,0.331083950715186,-9.217440399573642,-0.039216143282149,1.173983710742995,8.815301912807897,-7.256497853983806,-9.863686365373445,-3.548155825646095,1.545446917728945,-0.217052921557057,8.702957439478968,-1.186608276295750,-3.957110334989999,-8.378781722400500,1.721710217553616,3.081547620030925,-1.710453839580829,5.408589109876480,-4.318753772623516,-9.553914095178364,-6.028027054277086,6.927110287822615,-5.890362243045104,-8.733357436731936,-9.957120461641065,1.074052731901606,1.724827969918913,8.412490052178562,-0.909775519858147,4.807409426883304,7.735600526486987,2.880717388309522,-6.992988327004468,4.264495162576779,1.351271725663397,1.739311075949404,-1.787874241458550,-6.335785025721652,1.135552265852199,6.400174473618527,7.398213127236129,6.911645310425715,-5.556124686861359,4.828177309806605,9.073419058611101,6.976090096558366,-1.793568399876602,9.948880666837127,9.526378417131273,-8.376842654491963,-3.033775350668804,-5.221295571347568,-5.289016338190946,3.717625581699778,-0.302969687957269,8.864895978653678,-5.222449915981806,-2.352475505752856,-5.575388112444923,-1.281334048790315,2.177537252365166,2.712866385629521,-4.133825430192120,-3.356870442477799,-3.025911409602187,-6.250143950157283,8.359896911503103,9.366668641952415,3.829168910414483,0.676448521745897,0.266068449685765,-0.594961659175130,1.718462051027199,-2.724165265606122,2.405774777334406,-0.944724749159299,-8.384053458769374,-8.052160599790374,3.977303942386198,5.961055709665908,0.245877891863147,-6.123766451032802,8.469031752932160,-8.014995517527373,5.393105015773346,4.792147276438858,3.487319415885732,5.941272947676241,-2.612800262480357,-1.511187366899659,-2.681651470380706,0.718356605317865,6.307325768180025,2.119978120796466,0.436262987342225,-6.223730947141089,-2.433038656376921,4.757745653985634,2.240321156081551,-3.140068388175832,6.380690706874176,1.899769331560472,-2.209409326030329,9.572200456873329,-6.971642351393297,-7.537633148474956,0.311656796640040,2.202899596558151,-3.483543873495714,4.380599310416525,1.277340136834278,-2.727020922331029,3.907830414333679,-1.233355875018256,-5.971216505466145,-2.012984057529210,8.022874940340248,-5.965647430336373,0.817936952459961,-9.417440752699548,-3.551138589735949,-5.827495167137108,-3.155219210002582,2.693465135801826,2.568874391065194,0.581863541170243,1.847547003785408,-9.444215279604123,-4.895764188759655,1.868589653218866,-9.485595411511973,2.737382470541901,-1.221375837582793,-1.605019614150457,-2.016829287667806,1.275292601332756,1.267734587405894,9.150601087473177,7.060716934951184,-9.144868324545667,-0.065526605299720,7.698237976088080,-4.489753182381304,7.687418873598997,-7.962663211501344,-0.179421437181787,1.693860509137453,-7.545929432252700,9.522734660715081,-9.904532719388291
8.020356131626865,-0.197841293535554,2.593585416766391,-5.060268535527134,4.325081140156804,7.305801393652036,0.493690404215963,9.989426445768196,-0.593412480558291,-0.762612034535454,8.977443420411802,7.263945749798506,-1.072914799734061,2.711149000854414,6.922464524378384,-9.333776663022528,3.450165116713839,3.876694489292065,-6.065523192878626,2.399461018410328,-7.345451873959703,-3.133124893362156,-3.208349007661758,-0.507427909113414,5.390657390745597,9.173176189609105,7.818965763634733,8.953528940976749,-1.871599173501437,-7.938395858962915,-0.737191098916108,3.403576664839630,-3.184971976924917,-7.372950749499463,6.655748058655441,7.122841300564410,2.065571025474211,-9.564848436521910,-0.476408517920412,-0.414875257738398,-0.023605620836442,2.247442686861330,6.878962879831207,6.156791759543218,-1.348815325302118,2.239794660604799,-7.382329994657413,0.535516677287827,9.494351209007650,-9.190113963990941,-0.385221516733418,5.610781574672870,0.873634114319387,-2.193920668961537,1.467574916078959,-6.015413435089014,-0.864382763314300,-7.235560462576840,0.402073724796416,-6.068209556929595,-5.826660472925200,-8.362372403582231,1.758526265710540,1.342798184145462,-7.780579866758812,6.259292310790702,6.794609429329878,-0.095491462730079,-6.833926840479753,7.767606729072359,4.472014898652487,1.168964224531967,0.282470789091004,0.747632949303823,4.862138787211780,9.992980043999129,3.555189296516424,-8.138504981251586,-1.666101979464898,8.418571407067773,2.595945056177065,-1.543004641892647,1.796328782392937,7.696221342997795,-8.420974563124183,1.897674191198885,7.046443089345882,-0.177105392473486,-9.429059662425948,-7.524070391570685,2.300355082920611,1.229013360049278,-3.174358265634911,-7.480221353281651,4.786366024623099,-2.749827593534231,6.186604815054505,5.339670134102683,2.201421995075721,1.533869976200272,0.336490059889698,4.741408266069609,-1.656478126330207,-7.255394639327115,-6.738884945758539,7.441643678115550,-9.651389804485566,-7.499041723427629,-6.727744852714377,-5.784154704712277,-8.689148285416328,5.556426142040561,2.271957488597335,-3.177658268018673,-4.829442213527210,-7.364990303835408,6.183945104319090,9.555260770349378,0.506125912618042,5.822646262284037,7.691680401829011,3.530499142467175,-4.439179910867579,-2.136362629735896,6.090307954479169,-0.701560491367479,-4.111948879428540,7.243792073831909,-9.800307532748116,-5.304697592419785,2.791052042071584,1.022676730880562,9.752749118555705,5.195164751941189,3.279304850587463,1.752551170814327,6.927657716799757,4.477683363835187,1.162515665885497,2.700204511257539,-2.815626968414988,-6.066071664777406,-3.329865580282963,-0.360258206842277,1.338848411636427,8.422482338227496,0.229282207570476,-1.250198572190627,9.854158570471458,0.723987009678943,9.484769036234930,-8.378674394257025,-7.098268924717017,3.899874436660644,-1.311210741734318,-3.828011887265943,-3.523503459683388,7.200989802509746,-4.871634421321838,9.010974530176732,-9.266929976296520,-4.884329943996645,-0.746777528494507,8.536510918512612,-9.333141091859847,-5.014094212243634,2.284272741856348,2.564878095980978,-7.136719821416149,-8.070253397086493,-0.497606554308124,-7.178604726292292,-0.308056397980639,-3.845593372535814,-0.572394929235610
-9.941601933755546,2.460031705228097,-7.502502347756912,-5.091974949949673,-8.711438518182600,-6.608633505997528,-4.375963838051216,-2.332233714841358,-7.713617976950273,-2.515404807013701,5.716890334701796,6.110375348850901,8.879322039910907,-1.072717480194779,-5.720415584026465,-8.752609116815682,0.781479241084934,3.125223928515526,0.757240674701459,-6.829350079830093,-8.239618700844018,-0.328289221369165,-0.915767432584680,4.032500813539624,7.969369519194515,8.102582340129054,-6.877759405500273,9.869585950732848,0.150892418429574,-1.584773284984511,5.997745227393235,4.815908196020365,3.298687245078929,3.570970862316312,8.311106325653462,4.744057909403889,-3.711257389675389,7.003203980811669,8.808257183025837,-6.744750881358625,-4.914932548723661,-0.828708326799942,6.042119783181988,-6.372533059007242,-1.768827636135866,-8.692715146083270,6.217419840862185,8.679643009606703,-4.128737705378224,3.006052320021409,-6.993102079378062,-0.562200588516573,-4.843720003078822,-0.325049582973701,-6.181162237971376,-5.908497008388900,6.834708345303696,2.808990306736991,8.616030567829963,9.740763043864774,-5.129997623592979,-8.216998777645067,3.527405520756462,-0.973934627047139,-1.063579912927919,-1.739321369650888,6.509529719855742,-9.925756741761290,-2.376013663985908,-3.159252501168595,2.101445068550220,-3.609547464823328,4.514445960607196,1.620149820042716,-4.358524146122602,9.145514244757166,1.118086267249081,5.151005301534386,-7.647071775847934,9.691832218660029,-0.823487594993960,6.182958160261013,3.301390122202111,4.381839187350264,6.796871535223250,8.275366172053243,8.539692231669690,4.356091543020890,0.044844218808544,-6.221619916709575,3.851411753809060,7.596461439595529,5.850114398981365,-5.053180867311173,5.223606306640606,3.147495054847059,-1.250613222437353,0.889172011508679,1.748422624824498,8.593973105019884,-4.893814534843084,-6.203038625502939,4.474780491239160,-7.882733923485770,-2.363846415700419,3.270287487043698,-8.445410513486751,-5.273272701144542,1.865046256961891,8.564175759709340,5.118297545367538,-6.156332381176995,4.161541821891035,5.765637863121567,4.122208467608125,7.360414741327929,-2.221360459225692,-5.313967535209414,-7.021727449537043,-1.850641068912713,-3.918506300283382,4.272022243493756,5.106422224979241,-1.880687591716960,-0.776535147767408,3.119536817396238,4.816233094405945,5.045465599235889,0.341490212055254,7.519184763208941,7.750569329175065,6.320396455293668,3.787965478418299,-1.502586955806162,6.304404182135471,1.495583915157795,6.769402769483428,4.865490337981813,-0.508050428439525,-6.636760373834725,9.044437322900023,7.693256519311923,-3.068232323098037,5.130931893426558,-0.619337834822790,-7.804773055812484,2.086375724565308,-8.369667943863368,0.792358549988499,4.053739214641620,-4.925578215946960,-0.639162814357160,-2.388103203132037,2.039223070565107,-5.481178335825636,3.949332527165945,1.336396025816853,-2.496535651401119,7.593954771383476,-1.507710688781517,9.079061038741159,-6.272247156379986,2.761041793074208,-6.320700465924345,5.464997844931450,-8.175197239511808,7.091418059761978,-2.374158809159324,-5.785414733693033,-5.540750355057506,-9.621490856847434,-8.349000400196967,-8.770720993325437,-1.130228194959361,0.839584666651163
-9.080795388923356,0.250748612760423,-2.647571288889214,3.838024409792318,9.595050858994661,3.896423621502464,-5.486719234709591,-2.253728646661715,2.806051361491971,-4.260116571574207,2.536180751823508,6.371529871376374,-2.528605850456662,3.707684548604536,5.168509588154196,-7.324854825064380,-7.563047828147300,-5.544459820902157,-6.942435950862277,7.956455101196955,-7.570599305545429,1.884921894612093,6.302064424654400,-7.882184998194934,-7.715079213554237,6.807080650473281,8.557343643118909,-1.823022743202941,8.343311186087764,5.893468999641069,3.014357871777909,-8.519669943609518,-0.808247110193259,-9.607377112855964,3.336917101569071,3.563584751793789,0.000732744660130,7.678166746793138,8.914464942392669,-1.343107075490970,9.888925860342923,3.485355312692084,-8.608755468255239,0.409218433394759,-8.485604893658723,9.924085840260766,1.575734779752533,-8.969020902265576,-5.397946433714871,-8.088956645261529,8.537653583816891,5.351042066366931,-9.375615355385643,-3.204412572860424,-9.310964928454510,-8.905750496765762,2.516166824330636,-7.692469040709864,5.352000146607347,-1.269705443063707,-3.893742122328446,1.323874838539691,-2.470889399120360,-8.129078616538354,-7.387914734486762,2.875321444790549,-4.366693726410801,-7.185669604109728,3.582440966620632,0.443921875076112,6.396731129867860,-7.453755523933870,-7.754401046942203,-7.551958193374415,-3.122671341137422,-7.300903744391103,7.036917962469339,-1.875900704341390,-2.620391250287821,-4.634255844728998,-0.535847475817903,-9.162547756712510,4.093010200433909,0.499215061229361,-5.381703719232678,9.157558112294552,7.035312324813351,-5.152425830931571,6.709811577271555,0.526900739563692,-8.997865174647298,-2.610798525804614,-5.117024925270286,7.642221122660555,8.378480626214163,-2.933548393199256,-2.050228636293192,5.495349409266282,-0.977357418690101,-0.311861025491710,-1.203962328308988,-8.353888841352195,-4.393513655454084,-7.048246160282982,-5.913393113158381,1.437350008074338,0.789170227767944,-0.450593635362670,7.602352815974438,-3.564672782808030,5.529807053860472,-4.961660199409453,-5.380840576541004,-6.928609655820859,9.747749061181686,4.992260717399144,-4.093379555941703,-4.159756600285656,-2.377460706037516,-6.490960791788495,-2.152658868538762,-7.830467741038007,-2.477337038408834,-2.727630982111247,2.563835288496383,6.839892385645896,1.371436416804777,8.260162949171299,2.291670701457003,-0.226057578568435,2.529565230802838,9.545412551135996,2.133944251549664,1.089824327057951,8.503135554253436,4.638277712520750,0.405855164748598,-8.787933483406263,7.075467159532909,8.216663658420352,-0.484195672064448,-7.197757182045104,2.399658895631747,-7.156324891841961,6.805061758985186,1.715643566190916,5.497743826262344,8.835528166819817,0.498365022245775,-8.547749972697101,8.778665282577577,4.193684718211328,-1.654565364228265,2.875606014547396,3.028720175664134,2.140177914188534,-1.100687353271166,0.502376945155419,2.532324623748121,-9.900352346848464,-1.455338240150663,8.444505954596664,2.330623687432247,-2.158446470905400,-9.024439506768118,-4.734951982829347,6.225154397865907,9.935822790776960,-3.674515906954381,-0.694649955973318,6.458056397604778,1.978571875291006,7.176605520550964,1.933435029400428,4.356406701011187
-9.775401194516906,-1.992487571126698,-5.165442622066687,8.514822162130322,0.855385045070239,-0.732017993552470,4.666422969484234,-0.180526830110420,0.985102785662036,-2.320488438713131,-3.944600330492227,-4.775773187858245,-2.411663478916606,7.635728124741533,-9.976825127101709,0.415239283598208,-7.501318718920902,6.624356402935856,9.303659824407408,5.629245864530542,8.307581692346474,9.007177066097668,-9.989767265621301,-1.944172811057122,8.350188315403201,-5.045034510753714,-0.386802209576018,4.029968102791109,-0.360591484251376,-6.608865899301069,6.117621963396523,-6.525857934575541,-8.279843847954822,-1.151647542482033,0.657704507190385,-8.361524376778826,8.239327037546019,-3.413262274099845,3.611221625702008,-9.748493904934657,7.785283002448860,-9.058704729666392,4.748004396467989,-5.510238951198334,-4.219329885860434,-1.456143247868596,5.548439853488482,-4.483660514374408,-7.438073681472217,-2.971493140569548,4.769701682122109,-6.097546522236663,8.753405828933172,0.732676116761850,0.430531247687556,-5.322549898878160,-6.448239391923060,-8.446297585471754,-6.183548887971466,-8.202135424949217,5.328847822176471,-5.230400408526985,-6.180461892550035,-5.882568797711080,2.310544836822871,-3.827812860815081,1.515397921409056,7.827829104582531,-6.544560626942757,-4.986446590168192,-8.919320042220370,-7.520905422729158,4.594160879543930,-8.439681740251961,-1.229587969695679,-5.004218095766719,8.011085484113686,-5.904032749202655,4.165289858491001,5.837718404409046,8.745393273232576,4.617778552097223,-9.193861583548784,4.916439872720325,-9.550601767896719,-8.853531926549397,2.590720768734386,5.530840482927378,5.192023753877530,-5.765581819833711,-4.554929169583646,3.486265326241636,0.010652236665061,6.638957620561015,-7.825989000300120,-8.616378369193281,5.229623260721489,-6.655595700071501,-2.527492567297362,-1.288695888178889,1.711676167141983,0.655097256530230,-8.051359366889423,0.551910358648467,-2.016362887488981,3.414298426956016,-5.971222413878983,9.635783388184795,-3.057142551021917,-9.137715756416265,2.536507191664422,-9.875147932745991,9.669843018979737,3.350021474487203,1.216339756000909,5.587158446230305,-8.429154691278217,7.183907388854806,7.553808119894921,-9.170868167826210,-3.348559992014220,-2.326648894092839,-9.986971361908754,-9.330094453319294,-3.765962518346743,-9.305479869972761,-0.934934235180050,-1.850298312267286,-9.838415720666324,-5.780491011432018,3.218916424653260,6.155882542725507,0.864156756468802,-6.251008175684982,-5.479863551811990,-1.732090376987824,-6.646481613998329,6.254361709556264,5.363285466159159,1.746503572227949,6.466862363783822,6.185755383850523,7.041590576990245,4.909017208894584,7.438447333716244,-1.598045404029765,3.694560355170260,-6.826708441787932,-6.783153957324037,3.124527052891096,-0.171050539088418,-9.421096928864728,-4.845208799147729,-8.629057916697274,-6.462103199783121,9.620837790139554,-6.741694627539436,2.642451989921664,-6.811747819037706,3.523256074705809,-2.146112425736768,-2.209232692247046,5.097709583345182,7.121072463897836,0.057393652004622,7.590329341848157,-5.140693131265852,0.362335805965584,4.198170534092519,-3.725344155892982,-0.629611597293762,3.732949093035616,9.239458396434863,7.951825741128719,6.415128276967433
2.520329688647763,8.466136422813261,3.825034769225832,-6.512794752875357,-6.744704711515672,-4.712856757813164,8.144777024300616,7.446887572349674,-9.081420870775535,0.443017940000122,-8.302789407527802,-9.497889592090139,3.250798799570632,6.659034050947238,9.315205584070647,-9.307014651088005,2.351350106224038,-3.237802188704095,-1.054713929726107,8.209046892432447,4.272332627062099,-6.884891312296237,-9.464804496511402,6.275602086789270,4.161885083812443,-4.396847292734281,2.638592011540226,9.203548081881912,-3.278426357445506,-5.000651463737755,6.233920260643401,-1.757343193799132,1.829145536137133,-0.945805426933934,-1.477263879371733,7.522659307070739,4.280523146192468,5.404562470572065,-0.649400638818729,8.161194634179353,-8.917080346545260,-9.170690757698395,-7.460559191759550,4.647156201616813,5.160912627320673,-3.725296846536748,8.349000450640716,-8.465785082394353,4.749722990123836,-4.066609557752942,3.010849476230838,6.604712247823112,-9.627572891870777,4.949370166884094,-5.162518888859911,-0.096797683393595,6.836778869047141,-5.646169150814188,2.591361550812231,5.846846634674709,5.163258037936831,3.482223448134212,6.923499719589678,-5.057573504942847,-7.899621205392258,-2.987512371641598,6.462701338311359,-8.653990154665399,-2.181762380247026,2.709317067464161,-7.428031770061978,-7.146818876482792,4.958588897309381,4.378239349384218,4.694675115556848,9.852277377432777,-9.704189297644589,-1.720828552333913,1.955633034017602,4.424100882426361,-5.486380310571583,4.225797827981662,-4.587748175575501,-7.852858563049276,2.254025731326337,-9.373634922010703,-8.325478398237163,2.343785453642697,-3.024148117755184,8.279596386957504,-3.315339478299966,-1.741965267079141,-7.351478366680957,0.964920231484708,7.499410151282426,-2.564788929704481,1.128344666384711,7.714001860311683,-3.231652469456630,-3.584828339243935,8.109707854185785,-9.779999430829736,8.596500210748175,-0.885850580902833,-1.901629803929527,7.428813669165216,-7.389376915410121,-5.032382683727188,-3.612840917746613,-7.174913853610583,-6.883598217274239,-3.616173215759857,-3.326375107976514,-8.931105254735524,8.648169997672927,-4.025104898967593,-6.398297212549986,-9.910309439659597,8.995102677579801,-5.040559245241269,-9.678702744308975,-1.344570227981217,0.814990709523865,9.089413473148877,3.434843343289320,5.254375972092982,0.894708532029714,-4.798212442400076,0.680216865608141,1.973178869886446,9.608474360344598,-1.036156242111630,-6.669623477515145,-1.067433241479417,-3.078240820063929,1.547927287886580,-9.514318891570451,-4.055367650794988,4.585859606388386,-6.528595295201933,9.187470578646412,8.602204141348263,8.057988682646556,3.309449446319320,2.904410766693296,-1.190746544713919,-0.634237983214156,-7.155222339820700,8.650879846503990,-5.449954802068577,-4.305533587730725,-0.451112447914376,7.544987249667628,-6.200257622265141,-9.705234199266044,7.531253136632920,-9.043388502354443,5.328920066787578,-9.180312539500886,6.302834827539151,6.733424742703590,2.959393871836140,-7.630477767022916,3.930288969013493,-0.232836665746948,6.035178484130263,8.676349203121621,7.204407841965462,-5.077790932628730,6.090231338566145,9.997067714060602,-6.950364721867563,0.600266271996929,2.300177255315914,-9.121830796459150
-9.171733063865119,-4.815988694953724,7.274378428055432,3.796443091269190,6.761937647590827,8.347616478508691,-5.834614933203004,-9.607494749421628,4.712977723286471,3.582639957082447,7.996845304549716,7.128401348954217,6.441728858916719,-6.200783974052932,9.284382846141675,-1.148615200935160,-8.239441315515103,6.767855505526029,-7.262892724694129,-5.935765563934343,6.329240329055391,-9.644268992033762,-6.847697909099038,-1.069233789739116,9.483180928704765,-9.459359691160218,7.773386325857981,9.201041763881790,6.363178024475065,8.905573734694126,1.395371595248760,-3.419074911149396,-8.928014723355970,6.856803447563543,4.666345916515338,-9.248509774302086,1.684307443042709,7.850120193925623,6.596865406562785,-7.182121653167606,6.139380486912373,9.320252048958167,7.377704050348541,-2.478319782460108,8.953150655767182,6.656463523624595,-4.656870696186455,-5.551405657583164,-4.307220175988085,8.023814510759493,-0.605599965612633,-6.353521258427035,2.508441252047135,-1.753786651792710,7.142388561372947,4.317446832237785,-5.712234903027076,-7.678028377045408,-8.007021065371339,-9.626008757545453,-7.846662704500975,-9.090411955262708,7.509900687123839,-9.484112691782208,7.289772035813154,-5.880369522570437,-1.393161724138764,3.110435754232876,-4.270464609310986,0.992007796278802,-2.926744798893886,-6.351284336875127,0.251773131268390,5.145499234088293,-7.777093188258482,4.356650843843648,1.979563046415677,-6.407253765930985,0.782928289773896,-4.298905065001755,-8.702224446262354,-7.334456147769335,1.100658365882222,4.774299256161761,1.659904965662387,-7.475483914757994,0.192857181285733,-4.212627183212705,-6.419157216789553,1.387315595734028,-0.709364956046599,8.637033482023419,7.730990223580317,9.863238284028775,-3.997770957049052,-3.647873056901753,8.944788558464325,0.096546558840799,-0.907396020109985,5.618764475108273,-8.769190397409172,0.575624052688974,-8.892045043286394,9.378716800117338,-9.370483368724521,6.406001691696797,6.319858286599391,-5.949629769413978,-9.234886205180475,-2.519307544555504,3.027662580593262,-2.975581969378627,5.457733093844544,9.962456410994989,-7.657007271005909,-0.199995856487655,7.980341519905259,-7.476895024657633,3.372591758226381,4.286300370382992,-0.299109634370197,6.969531775200608,-6.700427817873951,-0.169579639439894,8.692462047599111,-9.213367422862762,7.436095804658073,7.261232601848054,6.490246484642753,-9.429925275606010,0.129563925929819,-7.829471579255176,-7.429142876571828,-8.070604524670550,-1.748954831984729,3.035142599382780,-6.607084329437594,-6.951199512838883,2.045109009379155,5.072675174553197,-1.947156678520978,2.134744634474819,1.996058456568601,-7.809833097077101,-6.347687783546543,-0.000616859617280,-2.897112511139934,2.305318905383935,9.532339756356311,5.192332427739492,6.912415429941312,-4.351028003911837,0.511183705361294,-4.690159735754797,4.282052488239341,-9.711924919782632,-2.235592823648420,1.542179577805850,5.393115255958129,-1.445851960052771,7.851119381349299,-0.312805126496894,2.645850803618174,2.037464801770753,4.713223618267540,8.782377019305805,3.722512438203553,-1.566480753548074,-2.824031720330547,7.976884750627502,-4.921686861454011,7.631101358959359,-0.713992387227458,-5.081994409865422,3.674151101865347
-3.423907048498160,4.882330845701263,-1.777432657060933,7.977709834052213,4.825846907796745,3.430365531159907,-2.356053308596393,-4.466563544593491,4.151718101156728,1.782769783290528,6.743126416743724,-1.083901290464155,-1.470660505456314,-8.016858987099720,6.613546704240285,-3.252290796700931,8.455489708496632,7.236063054310716,3.774379258880458,7.890485310951782,-7.806446298122958,5.852484683422507,4.972795842825299,-5.546569639178487,-0.606008934290399,2.973531706384351,-4.247189940302305,-3.937267025604909,9.736115418354341,2.574642354487304,-0.980613687857392,1.385227067917725,-6.391354235921114,5.303021255252226,-6.767407297143988,-3.844005415201773,-6.927476348025570,-5.661945509461043,7.723050443936131,-0.492996649568722,7.076956920850286,6.738623551085961,-2.351161301483684,0.030667862450498,-1.429668777394916,7.078682623818221,5.208335409850619,-0.054462343891373,-9.223357937303092,2.795659540713455,-3.922812321211961,-9.606391934341506,-6.047417119272128,4.431436575541184,-0.833582677294959,7.955646684701932,-8.520594751616791,6.335575046545806,-5.532218347356062,7.391880650052173,-1.720837682544067,-3.839613205513047,4.298040903930609,-5.675992408290711,0.826645731497770,5.463175981450705,7.107328917907477,-0.964253746553760,-9.357901881413138,-4.330215358293092,0.477165343029588,9.014236298898336,-0.246671095336382,8.063249048003577,4.042855222727994,9.780323756943293,2.726629931272910,-0.745271342312382,-5.083122573805243,-0.493519897807468,-4.681858189165515,-5.492236204922256,7.905348256905910,3.172554646531321,-2.847891090388892,-0.529312669675177,-2.366169099921802,8.327553275178353,3.748099516700268,3.438008768347878,5.247724049512520,5.485207904572944,-4.019458537296014,9.085521712246887,-6.843524452135307,-8.782470466530892,-3.350135632887912,-3.696878860694033,-6.082566931706013,3.193611430833062,-9.050630976685092,2.855816914633753,-9.062823050730049,3.955276223199355,-5.828658515967689,5.316040186479871,8.313922453233353,-9.932018646906497,1.612630900146211,5.314999597522895,4.957409668116252,-1.183689079771801,-0.284608029335827,2.269696030908142,1.819623211444835,-1.898091610665221,5.529450712798864,-0.872993473669450,2.893147295595695,8.202630161333115,7.184147045246249,-3.516347286344025,-5.473241074440209,-9.166789786380567,6.720122679558003,0.973677437984479,-0.341078372249671,-6.559175990410675,8.630950804820529,7.101777751897224,7.505747907381473,-4.437608119961329,-6.000818133088071,4.169518495402116,-8.653891198542320,-0.786177183763828,2.619134395678964,8.114298450414392,-0.011764713485945,-7.873970452831331,-7.711729300096946,-2.207940759424942,-7.695766710119476,4.272201722243503,-5.263581106021141,-7.323985138658047,-6.194872129932802,-6.712212627287459,3.851248847987685,-9.252001579048354,7.732334893718185,-4.241458215971512,0.507438221354267,7.795700179709769,-8.524533564875092,-0.725925122389839,-2.470418946173901,-3.214402165883588,9.989484168548380,0.739658886223678,-9.957910083019659,9.715555671861175,-1.469439848193307,-3.733798773502857,1.523016175642660,2.699089293535881,-3.102831358080409,-2.727526199793589,-1.225886759837717,-9.723368541809021,7.497335267354714,5.685940491910895,-6.593851650267175,-9.284546997794859,3.252797890688173
0.312437712439843,-8.949908114950404,8.210787285965239,1.566364608409273,2.673102991049225,-4.623969506134249,9.941992582751094,-3.378744754416276,-3.352427013585753,-9.342453390465517,-2.981062403493082,-8.887626831470474,-7.095880043198683,7.790332953308223,-8.401729485770241,8.981584276561595,9.892433705154691,6.146943156009236,-7.533269758364964,7.238206440643712,3.338918117874174,-4.812289114990462,4.117283092375750,2.197617171476322,-9.030058653758232,-4.691938611124053,7.045510793102796,1.116247866581695,-6.990833534357812,-8.129000425254498,-0.160675372824773,8.959331446475144,4.820369535944929,4.204557422216592,4.408415219773271,9.081179437807133,8.896127885796624,-2.866350266433278,-2.969642175565646,-0.320254950368357,7.183928704581529,-1.626588142088108,2.728185539014994,3.694666013648593,1.046314896475584,2.568572412646311,3.421449164071682,-7.066962647009656,1.476558595408907,-5.070204550586692,-5.883665292017925,-3.264309183805918,-1.055429228821605,-8.342004223624567,-0.586672454030420,6.753843897807684,9.605759102661736,-2.588798192608479,-6.141520468579063,9.380541106654807,5.683396162665129,0.424881279160974,7.562135416734051,-8.228084105997134,7.850051422125844,-6.793452486221263,8.447395089979437,6.906613211311033,-2.363928729225446,-4.600815703062779,-4.106943194679871,4.635077472975608,8.093690423448766,-8.502589758854739,-9.118402955630003,-0.980146599293715,-8.394876378307041,3.235345625421505,9.308868803770189,-1.831444226373996,-3.645389307896922,9.161766709589266,-7.371166879952515,-5.286990368685720,0.674460631122447,-0.671353795709580,-4.885682381838949,8.234722599319060,8.173482718468154,-4.293209671079605,6.862166208089533,0.873828828197107,-1.900001856767897,4.614247554416158,-4.504275252878285,8.577304795070315,-9.659904555414485,-8.097356372660641,8.310952092565309,1.457605729237351,5.704649694685163,0.104968888169868,-7.185352130511586,-9.054497093201856,-6.280747715050299,8.190861642801135,4.826959654867801,-3.825731277891247,2.127489512214902,-3.457161483700705,4.691995517652183,6.621921519023122,-3.081976410690627,-5.256611043538719,-8.752031440473358,-9.525385166874138,-7.002026167425490,-0.356576753698794,4.128009230526143,-9.863981249636641,-1.410678909561261,5.858178954884485,-2.745567183867708,1.968850011421221,-7.259989730837521,-9.084774433416134,9.255720362992623,-3.062917945241777,-9.937072172435830,-6.586198535634120,-4.681348497287172,-9.258530924382821,2.241473233012597,-3.471446824570608,-2.746351876134905,0.070186935307262,-9.706465189090137,5.487096191989661,3.692040617480837,2.998418007724846,-0.536210950343197,9.898542263828471,3.753493324933109,4.532173578948663,-8.857800033802970,7.407679440558198,-2.563222217182246,9.005996781096627,9.773665841452495,-5.029718018470248,-0.768163472394690,0.207932730282245,-9.656545352722940,6.689159947567710,-2.901810097312431,-7.470719011902038,-7.480778279486715,-8.762639825804461,-3.451347571107877,0.829734780280162,-8.589622290017418,4.416339989046630,-8.977694461647211,5.594819889643174,-8.839621988877752,-1.994603030051758,-6.888116603607905,-7.618138649723520,3.225103348370180,-2.417666224210933,-5.468394828196679,7.013728871176014,0.415860451888438,-6.768766603438214,5.956158427020936
3.877393523417595,-0.991556746285763,8.794845474059759,-7.086790538287793,9.547279340598976,8.424698031358876,3.045936305840344,7.061045431188838,6.630670563274304,3.123444486058524,6.805487430695241,-8.104405790911596,6.492020759833878,-8.872036468352160,-8.086629365773653,-1.452927826486540,0.886624260686277,7.326534702611145,-3.980133885941015,-0.972355555655369,3.477592901252208,-0.437481358562311,-0.168221041342786,-2.301082607493936,-6.310160979889670,-9.720386408219124,1.957546098698295,5.767333695194491,-7.017857540888228,3.551900567406870,-2.295635650801393,-3.678957672939640,-6.603829345299188,1.844225664379394,2.870507276421026,8.495511846740172,-6.922868217798214,2.798324169047897,-8.726518911141319,-8.924500449435588,2.802693464129774,-0.720373652664684,-7.518601955430631,4.789197321734477,1.677565899138251,-5.402484453460767,3.479926596710396,0.684621678070517,-1.851749540146027,-1.903392136540820,-9.963340307421513,-7.337231936625956,-9.816102149123775,-5.048172965439221,0.851042189158846,1.785903799016351,5.258531125868336,7.626282997483600,6.242347514626932,3.077007097316129,2.886708076984810,3.710459927871268,-2.829370003098748,8.154920405479235,-3.466852075752829,0.906926551919407,9.339918584631977,-6.282361582732802,-8.363117307251605,1.279597731321509,-5.448531647523698,6.280484945606823,8.165078614319839,8.706520677885603,-0.355887984572078,-1.041172971665798,-9.239527102309511,-5.967615364889916,4.565867658825880,0.675831554184221,1.331020299695751,-9.599664912679881,-6.739895184200135,-3.030447866431789,4.846554950973855,1.715452203267942,-3.789453896753514,2.580004920021457,-6.453250728548293,-9.516844356735001,-6.768464253031244,3.134458401415676,-0.571019067599615,-1.524585838279888,3.032366512365057,-1.205100365650193,5.476388978155347,4.537692483856986,-5.319130276769317,2.039403754684015,1.576474063719848,6.145026823426491,7.325726586042165,-2.640207564692114,-9.977992356046599,-6.213177628180937,1.483819958252585,9.761913099384639,6.627545421379221,-2.203730014719483,-7.065893147187213,-8.359832169268845,-9.965461905445089,3.975002227819857,9.892479540755851,-5.669620217336513,-3.142003863152873,-6.488792422536891,-1.316453493419715,-5.399690556130434,3.169116517222385,8.116444320908492,-8.376536596336113,3.533124820616290,5.256807439641364,1.879778694823582,1.532698116775846,6.495285176895234,5.560916959737829,6.666336797297760,-3.049439208846698,2.625514484024823,-3.098390873092511,-5.302990895311774,-1.139374106457332,5.016699221539952,3.362475850908787,9.864130127348744,8.734456540209987,8.619371099689268,-7.244508423890408,5.797634847120641,8.819842629032884,-7.299100631680771,-6.859198461001905,2.380512269179746,-4.331226152408059,1.605867788232553,-8.860749310906272,-1.590765920333846,7.466488301105262,-8.256312860717861,3.054574160644188,-6.320767408047585,-1.835305470094397,3.325556504115340,6.700864009794625,1.069362540132568,-5.016301833675250,-0.575214360715401,-6.039665514190544,2.452301362805439,-1.835064276602576,8.256725195056191,9.686952793021504,7.041172377781734,0.855658915951196,-3.188374350611724,1.294254660784173,1.819369462751204,0.752403293698469,6.897946928721296,-9.907869945838039,-9.195933355924817,7.261527452398614
1.257070083324797,8.393362540457247,3.131084094383001,-2.641839032149635,9.655412185799047,8.069989773320653,5.951077485446126,2.327747966674622,9.323288934953222,8.374537311714342,9.128033239084175,-5.143087874557031,-9.936770305216571,6.055557937384723,0.982120862703519,-5.275259252067920,-9.217559905014172,0.771804824534678,-4.242367470022572,-9.129834920409758,-3.274708702107052,1.571155991004535,8.877816914694655,2.057017160604563,-0.343874133586297,-6.700642008265292,-5.493817418516107,-1.760836069653207,3.753912329826555,-6.555239942330187,-0.186310317762322,7.736815186392750,0.054368715995651,-9.733303240874543,2.251988306440021,-9.475656544047105,-4.305261444619719,8.019819669196625,5.275367450970895,7.554607295880217,-3.801928208939929,-8.085538869469264,3.096137869757630,-0.807814230281627,4.182809875404338,1.308920029109546,3.673091040237736,5.641333925522636,-6.402333068245039,1.365300624204554,-9.140943911338082,-2.802952300928824,-6.611679208662902,5.994356731335477,4.373666587678258,-5.445984231036722,6.369044643087832,-5.223404235185811,7.213394486947415,-0.186868564560317,-1.602150924572152,9.091410625710019,-4.848540519321983,0.245476242740255,3.715080542850426,6.939567904156291,-6.142564737630560,9.862139200046368,-3.634926182123848,-5.981180089665841,1.776771295659268,8.617719257306799,-7.534775060394932,-8.537361415229107,-1.891253623522006,3.261457639665331,4.575998344129907,-8.926198683538802,-5.571991797073064,-5.614512329301416,-4.547219332236248,7.115807054496074,-3.210840461887332,1.894610570358722,4.700669564888010,7.680534857331335,4.699732145065912,6.699019962958033,-5.872196798739147,-6.092436584787430,4.629114270305850,-1.048608927508569,6.050637341423805,-1.274302074880094,-2.941689758579060,2.038254044689333,9.468873565306051,-9.789221996352204,-1.146604619035410,-1.020584753410027,5.894817470896639,-2.519246171957644,-2.469424452693096,-0.186878251276720,-2.620861512388113,6.638869357237272,-1.572554770795636,9.435783107559221,-6.439133726520785,-0.955901522813299,-0.248877270849317,2.783935484667383,2.622888893228270,3.707463181433539,-1.271661506801522,-2.841654758058809,-6.261857807398396,2.130727040710021,-5.953430168002245,1.310756671360991,-0.630719963984472,-0.134577377145579,6.367231381700236,2.553715535035714,-3.565877386269360,-6.293260337745574,2.508836231425615,2.711981278461966,-9.962446194463922,-0.707777138035524,-3.806691236440603,-3.623860031202915,-1.823591570414587,3.325073902709699,3.393502440149431,-6.706012703963388,7.500925866435850,8.161869925884872,8.842440188829684,-6.249886799626871,-3.858641237243110,-1.237895350210415,8.091950365873952,3.859383952203713,7.411720297836094,1.314449799848470,0.175557618782726,3.571075602561919,-2.869023616353115,0.140063980172872,1.260024685793438,3.491019201585173,-6.985469186028515,8.099989320628801,6.501936622814974,-6.159965784839110,4.846769174118879,-8.875034442646525,-7.572828031106214,-4.868952939183327,-1.178617218401127,1.510805507917949,5.033560718208747,-3.032941098384345,3.104884109217567,-4.375107715917974,-5.682262014033639,1.922838543491078,-6.817023234750879,0.883666794188054,-5.332257163525629,-6.594317075825895,-2.811730081575810,3.672145154911266,-3.663820255091530
-9.688232399592609,4.677796618808108,7.648328119911394,0.224393523246993,-6.619369026526194,7.548687535649176,9.568371154351304,-3.718706546136364,1.859719397946332,-1.863149928780782,-4.335911283163076,-8.325006734399867,-0.528523867144923,2.944722626209316,-2.701541299552921,-7.905885576221259,-8.755636930259705,1.953684164673689,1.710001889811219,-2.571751989242457,1.015915210979303,-6.087571484964913,-3.246557170152073,-6.704308553457925,-9.561747952881628,-7.400214689363649,8.651573590569082,9.296360921199401,-9.855015835258968,-2.900659068640632,-3.511436273849327,-7.653579000334732,4.830750177314414,-4.534047879752929,6.066549704434763,1.331995282978726,0.085854599887213,-2.482212016301302,6.891147230166407,-5.270186712512041,9.772481969654606,-7.878926506869234,1.547628135676657,-7.542684720646307,2.504919882523192,-3.152031335485066,3.001221635792833,-8.431599479261569,-8.519621534442127,5.892599871194310,-7.832973966344943,0.437750149656074,9.845651719727403,-4.751508086450786,-7.612252671745397,-2.572836712732238,9.954897516505810,-0.737478111805203,4.869926751342810,1.645128462601722,-0.926970982681699,2.749983138890492,-9.922946055266703,3.925553902762019,4.364853582585022,1.006978884475041,7.052667592149014,-5.645879514738789,-9.133360336765712,-8.433200346147824,9.184784496745554,2.715170063608925,-8.596207562003196,-6.418686997419116,6.800824077262678,-9.722522413650188,-5.997075609857863,-5.264676333982274,-6.848517639480891,-1.794753358185130,0.226165134549356,-1.018554371493199,3.444199655717338,2.377959837651456,-7.688468457154316,-6.432773200116413,-7.676269842806880,-7.740781085010660,-2.310769581251575,-4.220012141014711,3.917484007034961,-0.690504866563820,9.829695619470712,-2.374396239457872,-6.226287900174317,4.603275629158576,8.040909954520213,5.677156836991145,8.885900271471229,-5.982882582838569,-0.796093719107070,4.282369001002486,7.337273251201538,8.503766724638936,-1.035634954625603,-9.184163289831391,-2.094198104170344,-2.143203191710487,-8.754317398214100,-2.367965461852859,-0.379285803982484,0.967409285787896,-4.111450795582765,1.909270353700077,-8.916793913877441,-5.352440637481664,-4.739212135000614,5.632817480401684,6.045840162199337,2.588120110036325,-7.580132814253790,-8.960940330376939,-3.805400517185273,2.344697398907611,-2.720901024329594,-2.191493554035937,-0.397679012230029,-5.069004400858457,-0.967393127089949,-7.454646488917112,4.958902624257718,-7.631145965827026,8.685632230464755,2.451580700283964,-9.003873743783261,1.362658868872025,-1.785649566139565,0.869823220529328,-2.240091473888432,-9.909562347131999,-2.183811149485035,8.122193345029981,-2.702262405612050,-0.120449468843031,6.324426899731957,8.516558463699397,-7.900493078827761,-7.642070828643492,8.294865369322029,8.872886557721188,2.765428166958035,8.949712933151527,2.945346745180462,9.591207755835335,-2.415783542432804,2.095205858614108,6.213939644098790,-1.845916343166280,3.887316620886372,-8.032577208568924,-3.714043885070604,-3.443625301194366,7.432794386978010,2.005509938879547,-4.821363263833513,-6.249072564440848,6.974504386793519,8.063070686772711,0.294277357268138,7.541039569103344,-1.945772109392843,-7.126819038421194,-1.180212193176704,6.171011312506728,-6.651795012421395
-0.354537371942653,9.383522540346434,0.370788185252470,8.931520354865185,8.793596047329348,1.771152982968742,-2.969548953256234,-1.688641318623301,-2.540406707742202,-6.162931364391612,6.652054640761470,6.771593717997497,-4.217246418053355,-0.617883400159068,6.318603354246349,4.255120819248837,-5.717037728137884,-1.817904782358173,-1.268619537728629,-8.311595953847092,0.196936977109072,9.740128046391785,3.448148279788448,1.695833435212613,9.347622029427612,9.674294581065119,7.138130027274126,0.495918705054560,6.691658451847239,0.058675819768009,2.637376866144406,-2.722279433139541,0.195561102234446,-9.956153570823030,-9.699951570365396,2.144571550151111,-4.495709346581434,-9.004324655792059,8.419274972103594,-8.124710802551633,-0.825780506432674,-2.568781572108469,-6.432854861532736,3.741953241355532,-6.187063958309922,-2.164799352018303,-8.702926008089644,9.263755695524011,-5.439839841820733,-0.343691837016088,9.541442815950806,3.295852464785076,-5.630463604440776,-9.375425814100584,5.690825953290702,-9.234387235026393,0.116082783026425,4.838000411732457,7.715095430502569,-4.790825045966638,4.559089715144919,-9.348731005649933,-9.685866195285755,8.002017479618402,4.060111032356907,-5.643268754923403,-8.159696543272721,4.189358080173243,2.771908453620265,-6.665109481106342,9.865761175962099,7.298684839018698,-6.390701062616211,2.418195177492130,5.601909943556480,7.441994011467546,-1.764044764517102,3.831204131383769,3.420105465107246,-4.222106831750045,1.878688469427201,-9.169925152121332,3.118098121150357,-3.685991578869176,7.790525696849080,4.923817017142881,4.378820537870329,0.963560453583694,1.406653831849862,-7.292326063451336,1.912950208301591,3.200461725299704,9.495493753491179,0.050802626259113,-9.238879388959838,-9.975934866856665,-4.121942608181737,-8.298894473823646,-0.844255588926222,-9.595371975891254,2.251490151898032,8.668314768240091,9.846999214865257,2.362506943609308,-6.456604025944093,-9.878473726296404,-2.019445705745991,-1.257708369189974,-0.532439468085062,-9.614576593981148,-0.567969501628717,5.421239146984014,6.576775474391411,2.793567620126167,9.952192169947288,-1.241879854114401,7.768859184603901,-4.015522782567986,3.829955512868516,1.800970262084327,8.518922926898050,4.553253948046391,4.889986082819629,8.366550665643871,7.123059629644462,-0.049378799328528,8.459036176255026,0.253795699920580,-1.291809666747099,-3.560547704739179,3.665634604180106,-1.628356918261854,4.245250057192276,8.133273590742142,4.591814530063509,3.402388810960380,1.601917451646377,0.514728834767732,4.072083776604424,1.410043395801106,4.389695461816832,-0.524364759678742,-8.161353597778726,-6.822345646378958,1.826087663780200,-5.340952543248005,2.405945353499465,-9.339291509801541,-1.466181413465215,4.347191295191354,-6.317748092949356,6.142783150991260,-8.899264126951943,9.447389200238728,4.101366332908489,-1.243302226179299,7.983525778940365,-6.155182953242377,-3.058202719202332,-6.465763621636780,7.300449235179581,-9.420342975393584,5.498010235186504,-3.635920388249874,-0.546475228179105,2.768984092458524,7.531036703090695,3.039261276212686,4.053705390300564,-4.219271463269085,-9.468629585694019,8.864356103471284,-8.884118761478458,5.334691929587191,2.988029824759458
9.459475116557453,-5.362201158112565,-1.451837904165298,-0.734339249977772,6.438057378494225,7.501848394399790,-7.965412192050185,-2.162097738573083,-1.767623198308982,2.788901912039542,7.447089206577097,-7.990819842096730,9.061559021690954,-2.648973869250881,5.692777611677979,2.579013402683808,-9.262837592803034,9.630964308420783,-5.146872666429454,-0.766071928217489,-7.062297407404921,4.170805512048396,1.058095373491208,-7.637317171104585,9.564615849068268,-0.997964731578211,-4.408502676682722,9.547819544238479,6.744191750279182,-6.745945275277441,7.349492935940724,5.064036182405641,-3.518893046480487,6.468682747074240,3.160576617853801,6.436049202211599,-2.716739815656122,-7.942148804349829,-9.377723512458724,-3.392105193221528,8.938468099152054,-4.311967508942618,-0.055379489378032,-0.759016796319457,-5.470931438473872,-5.167310479682905,-2.159921347385603,7.172349992120925,-2.088876182812632,-6.387101273169680,-7.774220385056774,3.239140591570521,1.988523343759784,8.965026541921507,3.600211538901025,9.591832876440513,-2.452482191909573,-7.548572417320427,7.572626996917300,5.578553569902853,0.409557601712010,-5.375713516463989,-7.122605298573419,0.572864411605067,-8.636230994317271,5.967565676046693,-3.643137197944912,0.081290225110562,-5.230042716387702,-9.094832553231264,-3.575061439190767,-3.617674013674561,-9.255392721439772,2.377544251322050,-1.996086765323053,-6.370618261500518,-7.817547706782197,-5.822511961290382,2.791442407384253,5.074258245615610,1.340606930297085,-3.694304145217481,7.442741470113447,2.124793993061855,4.125865647797761,-6.529995258864368,-1.798157197849594,5.386066352032611,-9.767221981785035,2.509982597316627,-5.240484854095165,-8.471179670724339,-5.738919301853709,0.895817820748793,-5.614240285863170,7.575231394699195,-9.970528418628991,-2.510432736750738,7.876114458476682,9.861591768853003,9.613791115482108,-7.676769674036599,8.098301845792029,-0.760854181397351,6.466979577760906,6.599534849644748,-8.893217415045648,-0.559853798619269,6.772017808672764,2.158100416793440,-1.752343529581029,-9.891043701531581,-6.810132216489524,4.572884950558462,4.536157686515978,8.737570797854474,9.526166025064541,-6.721598935766875,3.573452592244488,3.526657586029046,-1.467521833297001,-9.924143909915257,-3.600132359419403,-7.235430841952645,2.188542680459548,-6.550881550940488,-2.019925779487872,1.759965679370566,-3.592442626750636,-1.925394080352758,5.017854618738431,-1.553295997816850,9.485649642064885,-5.847177432692430,-9.201848502537198,-2.843656357754987,1.934565976125228,-0.541885787134165,-4.797510034166931,-7.147512013050113,4.564831925490063,-6.697117011140006,-7.386196998638193,-5.652655532922857,-7.912291727236802,7.737660301093740,5.990478412085158,6.282615304197492,4.134667093753226,-7.853491353741784,2.272726259859308,7.979223056790271,8.519370451094296,-5.416554086544300,4.726839104528368,-0.524853460155629,-1.070470934022008,5.249448462457122,-0.379285335165548,0.010498218160119,6.976012846847123,-6.477140005726961,7.159241751518923,1.505958661977902,0.133983455922040,-7.576517076543805,-8.529517155580226,-1.340664963996577,5.801142240732389,7.162370562490906,6.838120034902254,-4.781683501921872,-3.427342284076165,0.797744108564808,7.976899602017983
6.972257122066132,-4.470270116011137,1.860828919415082,7.259647500550443,-5.260367724588906,8.182291097869754,3.326310583653619,2.826260780995842,9.941251208036086,9.439863999162004,9.102810913735230,3.267617578650626,8.590972569838307,9.389456897815368,-0.335926887444749,-9.331149025074518,-5.331940568907562,2.618117681578887,-4.214489521112919,9.302188771246950,-5.697099021061998,3.803366139047684,-1.476004932942255,2.525190641676950,-2.060343478955991,-6.396082177178856,-1.174570392261858,-9.972686825340141,5.008136993106053,-3.198188204581703,4.004889658119970,-8.958520690144834,-3.394764315385787,9.559611565768108,7.498502582155719,-2.848936184916695,-9.526110089071745,0.544159096568839,-4.459393095766238,2.234024697649229,6.773232777049518,0.559707220632921,-2.516093960538925,0.467907255730163,-8.970450126535336,-2.552851826046405,1.393961805996856,7.542983544810181,0.039341257307031,5.886332076342775,0.861229291663054,-0.970596475977148,-1.094420398089643,-5.440525244383362,3.262608322938442,-9.140959466418277,-6.288636918730528,2.566810459942161,4.556168288144915,8.716540932695651,-0.456872079679695,-1.388500845216029,9.846193785643298,6.280595398166273,-4.977268542487437,-0.467630319670903,3.321479026365397,-9.448416553729324,-8.204792179571861,-3.369799460425202,6.472745354269520,-6.878879196026770,1.492031915148619,8.726349399272053,-4.346595372450011,7.505250194371854,1.489031977516213,-5.338450595921436,6.359717433251650,8.302674225756309,-3.123574230592999,2.925354437054155,-7.883228726577758,-8.746226554755212,-9.515993630953552,1.780603756186764,0.537470585775724,6.521194678869819,-7.990451861831449,-1.747837072097829,7.909936238274618,2.233259660791305,1.624598668996393,-7.709256113754783,-7.764450414587118,7.804365009115614,-0.949027627531295,-0.170410250847617,-2.357036989781767,-7.496498943502255,5.678424145623787,-0.897013091766377,-4.116570280866214,3.204084694994616,9.932734725300602,8.947294763962450,7.290220095792243,2.991167690221577,-0.416361928494899,5.803090762118144,4.768897874079723,4.353947864532564,5.666950187832374,-1.574407725366733,0.566317469068567,-2.481241588916587,-9.623625520805421,-9.089653772260867,-0.505444481042357,-9.165827520190176,6.241983821263851,8.448525241356471,1.376210978203289,2.241916630791680,-7.049802107355356,0.750269639222784,9.924865252763343,-2.264621772501991,1.383944835791029,6.822968386500818,3.881500755649508,9.836499959320065,9.647986267954821,4.345271508008535,5.253580013789275,2.710364779246859,7.619432890471728,4.653422512024799,5.400380791584809,7.879341126407247,5.400202377896491,2.353132565429945,-9.452368527045794,-6.656823721359775,-7.819150081348685,2.154060640315436,-3.676310289522931,-1.444916824939375,-9.380189403253770,-1.032557415667641,-6.044123295002204,2.244699825608432,-3.626758406951998,8.336785487725212,-2.026161473094483,-8.637002646807810,9.353356952380885,-5.754903469427144,8.231809626502127,-9.196577894624141,-9.103485089291040,6.019791374406719,-5.133813492268271,-1.370164269368363,2.118577827700655,5.139176387380054,-6.909604902995692,-1.478520266070609,6.652738214134747,-8.539843274700679,2.341566939021288,8.066929437116166,-4.702503845201493,4.341780376000814,-5.544833366697728
-9.197210915904792,-3.029429157034569,9.536931140850594,-2.341207038129928,-0.870150476112499,9.531354090600537,-8.055720816758328,3.370605064052274,-0.860978493868416,9.424069542469670,-2.570836662032418,8.903523860013081,-3.572460095777650,-3.339767489644232,-4.088731172212777,9.803177263970493,-7.446165204391077,-5.401194491611900,-4.628615520431138,-1.920397980063676,2.099127108627421,7.928541850744601,-8.596655445591887,0.245922334863209,-8.422557437053435,-6.020844272704384,4.739321779264989,-2.506512589218506,5.692141810204756,-8.038292077076301,5.757565379127076,-1.843364848050570,6.217102777667638,-2.041678019513997,7.536512542553790,3.704374610507404,-3.149758996540585,-2.385532526578618,-6.619523044488012,6.220722285103541,3.339241719107640,-5.834762237168960,6.299137493243492,-8.715307348359884,-2.068326583384705,-7.919438051485422,-9.351799834177964,7.265062675557662,-7.841637638446690,-1.905983675490857,2.719772853566786,4.830214226974823,6.915925254782589,-9.168129953596774,4.108435234739558,-7.147881051808374,-5.584792693773990,0.650542004827606,5.935806074122068,-5.585622407170248,-1.891229207631273,1.914418268325180,-1.933304432333411,-4.984458941274863,2.614678796171084,6.686185586172073,-8.731385054237075,1.095882391298321,9.615478193043820,2.873808248721350,8.833579597406064,2.611642813690251,-5.102291404658823,5.309885853108664,-0.494341377513589,0.769593539828143,8.768713274740090,-9.772428935568534,0.832648313543487,4.155576975201056,-2.119047815775170,3.801409835681046,-2.774058753550628,7.265141780372396,-4.430622579157486,-9.810797985306149,-7.362737647569784,7.373413372518460,-3.161085162364976,-8.022791633791382,-0.240884292148404,8.792023555987782,-5.080809345005958,-4.975208052638395,-1.999471109320405,-6.120332026132789,8.921525003388297,-5.123729456698465,8.178988692285319,5.193454971184154,-3.899012695111543,7.139245316025470,2.330391760121685,-2.012351621112385,-0.338021117714169,7.277816571197313,-4.426379090409589,-2.887510258619792,6.008482096549152,3.884714386828691,9.606053137139636,-3.614295188879757,-6.646622299769323,6.123760540348496,-2.602340285890625,4.213972193879895,-4.692120244300602,-6.581324210110891,9.942046964455198,-0.446419363233444,-4.478186263057699,6.966032776613670,9.921094510387189,5.390782594047243,-1.813462193472475,-3.710328872576136,2.498295028854695,1.306820205993031,-2.247926313780512,-9.226736048594841,-3.339050244051482,2.104193795487753,8.122430554591208,8.692874753481576,-9.675757478218790,-3.745348251921730,-6.351932572985135,-4.005054311017854,-4.019832582257605,3.912282808065976,5.624962808745636,3.746261503592475,7.687993652360152,8.644454432945299,3.887839189891988,6.500233907712168,1.973463562751911,-5.715773809628731,5.342788950089171,9.892996869483234,9.858886044733389,-7.187413715531903,8.122619137889171,3.278040637722475,1.687218677065482,-8.028527881944157,6.828961472710329,-8.948267071467349,-1.519703534399495,1.593305994515010,-0.290236942549020,-4.124098904887545,7.912363738184776,-3.358953855207063,9.584396750757367,-3.351582215991344,-5.748784258444946,-3.298560453047489,-6.358763808387069,-6.472227164670283,-1.809242819569343,0.852351410999148,5.240610737099118,8.429963621683182,0.923068129936588
-0.475013247874807,5.029088207824600,-4.949389717099873,0.292763413678792,4.868960344130995,-2.332293134162771,1.816091143022691,-1.266794104529863,7.096771780886989,0.997820987689321,-2.556108538766830,-6.908937774452073,2.117353683507943,7.553442737357944,-9.012158027336854,-6.310903530605332,-1.254991455326781,-8.854973883243016,4.054336560181643,-0.206003162969726,-6.126647245598322,-6.280275269652577,-1.438753497421496,5.018820500331003,5.051338905613473,-4.362474039313515,3.771732724925643,6.570310506940618,-3.696727283229107,7.108703628589751,4.730536544038753,-1.468084649569485,-5.348972882157672,-9.433032411460374,-3.427882198219560,6.556170891225577,1.969063982823540,2.289218551675676,2.349788896461327,-2.874075317325957,2.950133944705676,2.043314858282583,6.467693402637696,-3.334464512714592,-2.800101458791239,5.300160479011783,9.774472947277822,-0.529989875205420,-1.366112213819978,-8.237001521953198,9.700561413393526,-2.202442391554305,-5.912637080087187,-4.314867305348679,-7.722037887896516,-8.352289329103824,-6.818792364875719,-3.638322877902085,5.702606603753653,3.225021772283794,-0.626977849363710,4.278041869816185,9.024534725963541,-6.723484252087513,-6.955036916641840,8.531935665985731,0.266814281205200,0.936790078479246,2.212426943776629,-5.297625852366254,4.008179550582156,0.582884712603416,-5.840150814325636,9.849924803330381,-0.278384228307218,3.309063980447265,-3.201676455919078,4.119570458665134,-4.028162621324583,-6.319286249837712,-5.685643867989933,-5.169703692782781,0.438784550273475,1.470196570960894,0.576621776864418,9.834309987872182,7.199200709623309,-2.638930093343880,-2.674087258360707,-8.329723351459702,-6.420598841119414,5.364767486324498,-3.878964370589204,0.695681835372628,2.425512726368327,-5.484228089824493,7.853622515306647,-7.747394707560509,-6.527202758013790,9.351728628785708,-8.446529512614170,2.999628022674653,-9.168454919952364,-3.246730896315581,-0.093133765488542,7.460010553653138,-3.678116340126525,2.005781898295849,3.091917932576816,3.512585049755334,4.416534167692292,7.750505204212395,1.817824415185264,-5.893582215650945,-6.262266013646620,-4.172030046347812,7.497018533168280,-5.529301115911531,9.459156847892157,2.825255210918098,-6.340555918250375,-5.305142974512036,0.443522718323802,-1.665786053674442,-2.666664604213995,-9.160276879066462,7.584790019569901,3.313746529859165,8.705590703524230,-4.014550908132579,-2.412687962744648,-9.883304519499031,3.459263597779572,2.522139776362852,2.234480740455227,3.769677296021099,-6.251013951232014,-5.296319991797778,7.377331432617744,8.398464725474344,-1.733797602897951,-3.162604232525688,5.528150072496427,-7.977099453274068,1.298156100593072,4.048949866384275,-2.507944057282511,-2.967797508250256,-0.048545452966504,-0.097796227905524,6.198120461907731,-3.850360510759147,2.505905681541545,-8.472926688063733,6.386508800108658,1.502886563917805,-6.024811042302591,1.374851633491813,8.990809202858184,-6.913262090645940,-9.791227249989873,3.567625419890810,4.879812017679983,7.801034558105190,7.936524238470920,-2.543956233187423,9.984156876819547,1.946892391159423,-9.362708544828351,6.462892232022813,-9.924432653962988,1.213830093271689,-5.181675896596845,8.877001361833280,-8.867688030404409
-1.327432854293040,-6.728945413566391,-2.098879430046717,-2.980225878298453,1.812848532622652,2.472796299702836,-0.804859625347717,-1.440603123134272,-5.885973282394177,3.561322945787882,8.225636228986421,-4.804045226250286,-0.628320003371087,-8.904992622839515,-3.514765775199806,-0.072556429971460,3.491140916745101,-8.709071668814515,-6.699172497411466,6.467042917591112,-3.634120926020930,-7.612825084154434,7.184520867427846,-0.206726905985866,-6.117801139240340,9.707607744416869,-1.787560944160621,9.329350705340957,-5.442562466093945,5.065030761374999,-5.445623383841410,2.809907153006037,-1.761100778485400,9.370966717436161,8.337629736591637,6.977829186831606,-7.831772500214839,3.427541859819865,0.930875191384308,3.244855658435977,-3.785625320859520,-8.078226813747015,2.244469299773835,1.587243625049020,0.652727158681936,9.472238508531429,-4.716568413722875,5.975892335376420,-1.594059128761188,-8.531565928778900,-7.673666311515874,-0.150644821333746,-4.460796213167861,2.898991592652358,2.625391994457054,2.719391037375324,3.556660513148140,-1.398448070473409,3.798692816912029,-6.531703838424978,-6.007839658921307,7.345687493500954,6.533742971603665,-2.543391590171595,0.891511534411705,2.092400149624167,9.938011082400553,-2.185073293057043,-0.644114925759681,3.843080748317361,-2.261486114495619,3.042630573038432,-0.610484281891715,-1.062359562502529,-1.914547563895468,-6.759917190673972,-2.987886752325634,-6.778041947880635,-9.244839558875773,1.400473477639663,-6.880032561537792,-6.064778292668651,-9.198554972196622,-5.050039787671967,0.569884889575075,-6.879922401248706,-3.023456078928990,-8.706824192055592,9.106288783725386,-1.284497568821685,-4.632477690109258,5.117601586769755,-9.839504007065170,-5.909671002772212,-0.159694454284462,-9.463130548553345,3.893446540983128,1.368863535681680,-1.466908586413993,-2.038381883999111,7.779088825907284,-6.202703015922149,7.873128518100295,6.568081716983755,-0.994943805079471,7.540803679826254,7.050248204661717,-5.189493002873249,7.527949802491246,9.671564271840083,-5.977456781638582,6.881353947088286,-8.143829647884358,-9.520791123634215,-1.088362659406901,8.743992276518398,5.783371056013413,3.585120183619654,0.629724093878279,3.349842283632698,7.392640468369077,4.533295790992806,1.774670870810732,-7.371106257152389,5.374986120197081,3.967326188923906,-4.414986294160319,3.739699152879073,-3.145606337142548,-4.415020307772719,1.817743747963785,3.135438570550413,9.893096028625607,1.781349782916408,-5.684874286422243,-5.744892502015038,-6.150279858131061,7.355423412634757,6.937385357531877,-7.343035201015420,5.416765578131582,-1.338223609937632,-2.930279779009055,-4.696395973133800,4.820614926346211,-2.559348629948824,-7.317442139635768,-9.436099506360190,9.682779917712352,-5.164121885714755,-6.889308806315599,-1.504798338599684,6.105843413657283,-8.965021707615774,-5.197800553690508,-1.960166449132574,1.198678043328364,-0.614906343190595,3.281878830821546,3.571635853634836,-2.292658391621956,7.569997684744308,-6.442445332641449,-8.602892033785727,2.801288223827941,-6.147561807189563,-8.268213711736722,6.177924995434399,0.757325126584082,8.656590082936194,7.321028193451660,4.603944755547044,8.848234382064813,-2.675153817926404,-0.101475661253117
5.547666547462066,-9.366486564701535,-4.352712434082340,-2.289805959248548,-7.283572779750934,0.239400560174627,-9.410527141087844,8.479551599823100,5.485350007912597,-0.603211896703598,-4.210868968604709,3.906505048879055,-6.552432387221721,6.211581929535836,-3.385877054212032,4.370840500505944,-8.015452660472329,2.444571669229930,-0.190550678008218,-6.231525571814416,-2.590067354145260,3.580044528532383,-6.829247363134336,-6.531160627925942,-5.394305984883792,3.694121461146217,-2.377827842293869,-7.517374444557947,2.305241344747781,5.458500806590113,-5.019169789784154,-8.097802344246814,2.613541784298326,-3.537886274769915,3.240603369658203,-0.869552440847501,0.851391006856296,-6.219662263643695,6.641211906225461,6.731400798641143,-7.347147059920833,9.892145341114510,-1.056383893019488,7.576876612293646,9.921139627424541,7.112995818430971,-4.178804413380375,3.811081329052685,0.575922902130957,6.611858559092163,-9.427323255570659,7.322722159298173,-4.179319368615553,8.576065425133585,1.010602828621055,7.161786897019120,-5.615897801530119,6.620251543938743,-3.880260845725880,6.981587028149725,-2.681789360867590,6.909493832954571,7.629882604435629,-7.504324006144376,0.957510722345523,2.829053340933633,4.532248533392192,3.637716276844527,-5.438797163266200,-8.709554279393600,-6.524381017820636,-3.886880895912648,6.449173475457517,7.765669340175400,8.956829435863394,7.998759108846897,1.868129558259152,0.206627126941489,4.046548862365070,0.126723356924979,4.206459908770878,7.923484452597982,2.249013261756701,-2.002174695010687,8.749971249232477,-4.310068001809617,-3.816062073664590,8.443265571451285,3.893404724022282,4.206908973337997,-8.573721807938007,9.345025118001860,4.582063361792702,6.856341943707939,9.302933086673516,9.377898018529741,-2.632389579892855,-4.108082359366428,9.133439966014262,6.313253365210610,6.413816391008336,0.773660137485431,-6.791421128042854,6.899097940331636,-2.559331080506446,4.052829281668512,4.200699058892061,3.891759527550755,-1.735723862922690,-5.183625209587712,9.545331793661990,-0.292609973426789,-7.348449409836098,4.191010408901976,3.412577375753889,2.546669441630311,2.081501591191977,4.449909463916526,9.663865105779351,-3.325068554549285,-7.037479699448244,7.564747515462948,1.720967219496057,4.034933520912693,-5.650946715252307,8.080677943722357,-5.585206102038800,-4.200578623884564,-2.958201342493318,-5.406717583958809,3.932944245535088,-4.059291828731498,-1.772852154042583,-2.361994500181934,0.850417383383926,8.205614399927160,3.627368277622583,7.719397327881051,4.566375633489121,-0.348334734525192,-8.513557810152491,6.106606590302583,-3.867294701203758,4.251595117244914,-4.144383280459547,-8.526332887031289,-8.612821347290758,4.872759618306590,-7.235893480103018,8.636499589674518,4.422172230428203,4.607461946795636,-6.800503371302842,-2.097519635292753,-1.579598643326346,4.335442727855941,-4.801756534775301,-4.924983277111108,3.730830736337616,8.395996048911417,-3.812539926389331,0.879972570693297,2.754825973814114,-0.587706978902130,-1.150070301179779,-2.155780573885366,1.387779527792564,-8.859373257238857,-5.284130519749968,-6.118248582144952,-2.079867593019900,-2.812298530906762,-6.101652408185812,5.883112547751747,-1.160168341829639
-4.664091594062196,-4.547047247265201,-5.892890827921655,0.808371761502247,3.817130230087384,-9.756987413852894,8.188224656019678,-5.566505459065789,4.769988384021497,-0.004310482730236,9.956569213748601,9.797474219036253,-5.370763316542226,-3.875520598058378,-2.540330591510891,-8.415438500511135,-9.077042945345797,-6.748573207886094,8.481185529223918,6.144461443853690,3.185049922959674,1.724731701269475,-2.428515689705040,8.382100043842716,3.714476013592488,8.276554365053748,2.107611390626596,-1.270882788111239,-5.799903068300738,2.664137192469433,-5.384226457366291,3.523818854505791,-1.346833485915258,3.139575008442888,7.909255349914822,-2.648101859049612,-4.482209519825027,-7.019245792415858,0.562853657903656,4.943289010338095,-4.883692639571631,0.491741180998538,-6.288078262787691,1.631466546097357,-5.323107528424438,-5.406826058385768,-7.356041659120550,-4.042483118253426,7.287780086647004,-8.134507426776755,-6.667303395925819,4.136409472497522,-0.052080108485292,6.073359431646168,-0.263564904108375,-7.066888665191913,-7.354797520101597,-6.067241597846953,1.761971132689323,-1.291577677237798,-0.378415961469505,-2.344733766433369,-0.902357517073739,4.482035098029925,-8.143202051344803,-9.853386257918277,0.006042308962527,6.140179028648042,-4.503465620727427,8.905531239268431,-8.571023326910364,-1.963560398390992,2.730473999180704,-0.986472759511956,-1.656604608565960,5.120016809045127,-6.075441008913931,2.072227516022778,4.012969347124862,4.621934659624323,7.693280411213806,-9.998770076424650,8.843201683368783,1.552438660176918,1.067831987326686,6.190169908344014,7.971903931217906,-5.087992048535497,-3.469748880699981,-9.052153536348904,0.452258900268859,4.824636780499159,8.688621081346575,-1.375683394291293,-8.627360417914304,-4.029083244891702,1.699089930804703,5.475612789186213,-0.659517059840567,-7.293136007977708,-2.092156833680541,9.307998548079389,-3.966754378831081,-6.383639969120873,1.974550071522028,-3.027697428614333,0.067045341020137,-6.059290893365081,-4.241457422066642,-0.828951010735256,6.457231813256083,7.071919585363958,1.766089599858647,-3.227020563481076,4.433657781909586,-1.516026761874098,1.216773497351822,-3.808837787357382,-5.512255047161412,8.776161241740994,5.160907531776949,-1.400852186460760,3.143027974611588,0.450927772499998,-2.535828510322762,8.190804638231612,-3.007897794633127,-9.898113410791396,-2.897471130618126,4.866945711156870,-5.388402916819826,-1.078648812004857,0.029103918082198,-3.939968546358863,-4.185506093873395,-4.886524749281744,-2.166620540932986,-8.010253401086944,7.699080431950019,-9.908023882347120,5.901179268844810,3.787254754046916,-9.347667301569905,-6.753204381525602,7.026715665618045,0.893355560541870,1.332318556837198,-7.275708613020086,0.702865054105587,-0.760370999851631,-8.823376181640512,3.591787913653997,1.201490465492718,7.721776280467516,-6.366470526397309,-8.448283629263425,6.893764981595051,4.856482598517299,-1.511120054661694,2.560273593843775,9.829612145540537,-5.098153418105036,7.902554020881499,-8.296310908274142,4.922305328513009,8.309213719788218,-7.014134764818971,-2.803423861875805,-2.418040740180734,4.086099139559252,6.655922161259358,6.796881363257029,5.755784512728781,1.778860875154535,9.860431552203135
9.728684010885004,-8.317793132467257,-5.486796525405790,-9.085806765206897,-0.327530726858109,-7.685094431910633,1.977012095802239,-4.304802215136643,6.252357851472190,0.136293695759690,-6.400112202007639,-6.687092503848683,1.794025771536576,8.888272663106044,-6.982312139061325,-3.926946012943460,-6.668577324624292,0.012227204676771,-2.806534657174160,-2.016276805200281,-0.333443027229698,9.542981515755596,-2.341886824017467,8.821859380930725,-9.495398741755260,-5.402966060499921,2.354666123879818,6.626573743404297,8.618884614819116,6.654899334013759,-7.904749734578789,1.263401716337547,-4.096502694299735,1.726750239706362,-8.417681781165228,3.576383975300013,-4.681709758214721,-0.125288553203632,-9.972358350755011,9.663406906998688,0.135556624606401,5.388788996890714,1.384407326038350,1.905260614487947,6.212671139358420,2.039590913396644,-0.654434827038697,-1.369986475704293,7.279650824892961,3.722542053981426,-9.920599089883913,9.342021384826587,4.449399884591143,5.988026863196918,-6.366678151633520,-1.096830951748387,4.667850246952337,-8.491011604380283,-5.101622224438001,-1.659843075039703,-5.633808965029356,-6.982129158291293,1.660126333659059,9.549698900053340,-7.759175259722180,9.100090320836838,6.426579489040147,8.241119976757485,0.911712947994040,8.709199573352745,5.495279753499965,7.369648031214222,2.883568714425218,-5.656694686909621,-9.685760037771370,2.389364685715616,4.984741078897446,1.797444055590734,8.513115847475216,-2.315616605269478,-1.495371949540585,-4.909610592467573,-0.350235553890055,-5.137570801848536,-1.390849465179327,4.900608865495293,6.131679908518773,-8.714383832148322,5.577848523405963,-9.544954679799471,-9.147611525658242,-8.886489562390498,4.364722316622643,-1.033065775647668,7.818227881979968,-7.526037297964752,8.510469497362173,-3.411127946526140,0.914162902859655,-9.468088399774972,6.252323357122997,-0.827091239860835,-5.949627402345133,8.176814890631753,-2.680924408569267,-5.426388141558527,7.253347650943113,2.337171223386914,-7.146484908235628,-1.531337943298505,-0.338270205411920,-0.527846537903127,-2.453544367442911,4.073710100607430,2.874420581163630,5.258244434465151,8.795979920810606,-6.458971113691431,3.391624486989171,-5.927642701042513,-4.218041392360039,-6.416184995910779,-6.422429958972917,-8.130968659345124,-4.607850520574940,-8.511713093740457,8.792687531304701,-1.836107166790949,6.458505079508289,7.807613290540665,9.656268873290902,-5.511330147399212,0.042565699184360,2.261067496202379,2.800404563863570,7.301717947595158,8.177833233749894,7.506444750573582,1.556035638297708,6.635453028920331,8.980590459801817,-1.746092519357010,1.723559446079213,9.004562429108507,-6.621622665979210,-1.686310223495475,-5.062597675719987,5.880135890103224,-8.653908014912741,9.911690068689310,5.139061747924007,2.811125283629032,-1.595883752346609,3.214067935817637,8.961292678813209,-0.778539980952942,1.515206684192927,1.886992407678322,5.459466088791240,8.214423672206831,-1.949561178789583,7.046659033434857,-3.326969735091567,6.479495740765618,2.952879372564912,-0.680540620135009,-3.800568380726319,-0.426704331681664,-0.647701510418271,8.112183458439670,-7.583539667457122,2.718517070343747,9.824849105447583,1.286964389989784,3.415381993522239
2.207768134421483,0.594028615421806,8.336830543305730,0.370392806056428,-5.929670812984298,-6.617420349893557,5.393610530546161,3.596493850894733,8.009311011053690,-7.625785522271977,-5.287396823394017,-7.815337308095129,-5.972308056089906,8.957446669583756,1.033752370259615,-2.284007495909364,5.153592951522640,-7.215442193633017,-5.388567819868866,7.983698828526872,7.353636428802496,-1.025597031545392,9.628354528262150,1.587940640549501,-8.820242040367091,-9.631690870619378,1.140754049400766,-1.331591626664999,0.544182890818590,-2.899740088272925,6.847424819521400,3.378560285546452,9.260627777820936,3.852747234713572,0.154296571838049,7.168178064983973,4.969104200189410,-1.674990103680782,7.545673211436814,4.879735149984123,1.610237114102874,-3.872884693704437,-4.207153995150117,1.876565061566593,-6.316264572140822,5.660381933397209,-6.658494104477095,4.304145379217431,-1.192711110840888,-1.233961298440322,-3.876560043274459,4.849144174858523,-5.522923413247152,6.972037130941114,2.107441218802553,8.992361778857077,-9.061986964823115,-9.528945236131337,3.384706576475388,-8.257685858579070,5.010213243503507,5.584493288689327,-3.497286517485325,8.852984255372071,-3.544798977843158,3.677077226632779,8.862244973117956,3.243651116286998,2.877405518554328,-2.209962574058446,-8.523647058065087,5.972552074146499,6.173766621008550,6.939161730713860,5.572721381782497,5.254604686716721,2.412878780844046,-3.576742946141596,-5.167917536192075,-3.409296102181331,-5.044664320898455,-0.830781196501647,-3.964272190255884,-2.249339633346336,3.360201008232037,-5.659769123752629,8.060074101785958,-7.079413590679511,7.582239653197735,-9.158594317987118,0.763569819552782,-7.570263160633424,4.123646462050019,5.231174437893905,4.695652383456926,-1.251472157753035,-5.870105216635051,3.409729577012481,3.174703764564587,-6.969634130229247,8.016966381077093,-7.144765268928737,-9.433616011072782,-7.424148858661919,-4.441826890368277,3.452189532635435,-8.866232588131860,-5.748696723134044,5.296757272995162,-0.079498139687752,4.945698366723462,-2.230145148511760,4.501447828261067,2.583104722174227,-3.103592262280941,7.677195810900940,-4.615777971634092,7.930640438290983,4.308526877244866,5.310233288313420,-7.796235816396644,-4.447015410986714,3.612083932777601,-9.245067295925544,5.058363659526579,-5.437031016317134,-0.392280854920264,2.046548355313201,-9.980058438316258,6.563832263084009,-5.725515967742116,8.361619302947535,9.243436194848503,-3.371172998171081,1.257053423787811,9.178172098000676,-2.636777751685340,4.242736136444940,3.167768712588451,-2.330450809127105,1.222576027643056,0.041833594323657,-9.057236327944178,-5.853052795475080,0.028145062252440,1.325521292276386,9.827895777373861,-1.552624345211768,5.880110237578318,-3.448356483394122,-4.366486252267860,7.616580261927638,-2.598629465897351,5.788458173136235,-2.147762567175380,7.022575491675610,4.009102556020203,-7.607114300358047,1.320429271742373,-2.270254213563812,-8.261999686074397,6.386221637728280,-8.876673949981830,-4.903631897433238,9.869237640574454,-0.937641406179200,8.314178909133737,5.166881404298653,4.391712018941732,5.580990947889241,-2.563651065953573,-9.641213137849176,-8.377866608709555,9.129979238340240,0.007285626109145
-7.932999945434638,4.377210917200570,4.103132804694241,-7.022349323714279,4.148934218656455,5.531422497540143,6.558971670490031,4.165453399774234,6.866678821706824,5.903880175160957,-6.862315012023073,-6.771603797242034,-5.805456558382165,-6.183927561484348,-5.757419914214679,-0.346817785346595,3.658188797261804,-1.893748931061889,-9.751838976350788,-1.860073508858191,-9.461602360221040,-3.459383028864123,-6.244188127042958,-5.070099938312323,-7.574463983055015,5.244915858422663,-4.527918032730498,-6.828633026203914,4.839540719318565,9.776177880763893,2.804465227482904,7.919927978824926,-6.956048924304772,0.753106345424236,-8.169053947911578,0.047968235018040,9.862751384224207,9.961395289438855,7.889864407489199,-4.648401002052875,6.594085840588438,1.815589873558485,3.109174113008679,2.595145925233656,4.402821821987054,-6.035293872452909,7.457865802420670,-6.220586310958764,1.945638560456661,9.618161446228925,8.244242903537852,-6.022159341036688,-8.427631563749037,-4.859543791391316,-3.956921825859898,-9.684779467613197,-7.530229146203755,8.410746088596579,-4.545143180742244,-0.001977823707405,-7.209255130642136,-1.226184869046891,-9.370430420600258,7.294310735947739,-6.171360764895031,-5.247933181124305,-7.110996844134099,-5.588323949646130,7.089896627277124,-3.966896348842653,6.465175314799747,-5.284651371796918,7.378914349356716,3.544774675812407,7.307293009655442,7.856326589069379,7.021827199909620,-9.336147496431932,4.394532306030349,0.029734024571933,6.689093736800594,5.974282203387112,9.466718148344412,9.920904498786406,4.143874121081190,-2.079990221557624,-1.867929186539323,4.634148332897169,8.312212598336632,1.356128773310427,8.470563476211300,-2.616519991526268,-3.188965085567135,6.485702781346017,9.042181821387786,-9.546708127475430,3.944485708316456,4.140470796318548,5.950152579162747,0.812853583746694,-6.070409642405941,6.394456748213916,7.389550481909051,4.242612214079882,-6.031427032446206,3.013002097475306,-7.373466736520056,7.135091749130623,4.013730269775401,-3.429256293039476,-6.212850228589522,0.296838930938426,-1.121548693111880,-3.517633824064433,8.023060908246002,1.729709832143465,9.040763008440582,-0.759822023713472,5.793298444907069,-2.909468537264839,0.815850363696724,-3.192912396114163,-2.880471140860521,-6.853004716555525,-0.716704183642300,5.241574992369051,0.384090772560711,1.696434359625787,-7.931513932565244,4.697249061678994,0.723979055135658,6.181311661424335,-3.890951245573586,-2.334351943128787,5.446489223138702,6.300634713954906,-4.236201109332558,-4.502686756519829,-0.384090041006036,3.396458930056411,-2.545086950299447,3.045073665348635,0.976523505280776,-9.236680702837816,4.464308105490545,-6.785201877020032,0.962228153081146,8.984497418684438,-2.532900079929115,1.217002275033817,7.363210412118548,3.048249940366619,-4.950097950374701,8.468386047837338,8.524626681079873,-4.046030322358720,8.133423645210801,-8.846832400998526,-5.097809181568191,4.277172821113389,-7.749850145190917,1.774452334785847,6.313497475972014,-1.030084048473103,-7.766793035978028,-8.458042446798540,1.257357658009834,2.594249390036882,8.505603082516021,-3.302057077071057,-6.326719794685570,-2.144204632782596,-6.870806831478726,-6.541503667452588,-6.172235729484330
-3.157484608574879,3.230539945435659,-9.605721602015890,8.361171284805057,-4.705021963463157,8.876235426625751,-7.479051432552417,-8.892843792318828,-5.338815391484449,-4.152962811246206,-5.033826569103248,0.164728789163940,8.055333329575369,-7.321807801874048,-7.198585747993498,-7.550768440192577,7.759309215610351,-3.876061899958674,4.998977708752843,-5.287923054010490,-0.744869925964169,-3.485336379254578,8.749861555925161,8.792885545216961,7.686151420990793,3.886437044487096,-4.975749822452523,-6.108655519575512,-1.571620768251043,-3.154175050199759,-4.101236811002802,8.957947177070253,-8.009316173788099,-1.863346057901779,-0.784979647869415,1.351026298534389,9.846434720246378,8.050805727290758,5.461059985819629,2.626728406928754,-3.033652687715580,-5.911028839138215,8.919028271581428,7.740824966595486,-6.833713643836379,4.512346153005328,-8.099404729234280,-5.203449872247250,-4.391541242404873,5.209315142003032,-2.090971662511221,5.622918264555587,7.297475395651645,-0.391121463020559,0.405806852318804,-8.252806077920134,-5.200960533050325,1.712175682080485,0.407512050663975,-2.291517424057625,7.953714262496863,2.338806885915382,-8.004419184963654,1.381643799993027,3.772153717164265,-0.970160391465614,6.295227636653895,4.303735098319326,7.361967372144026,-6.615252462465069,2.984216053978994,-8.278385345237250,-7.286082959456241,7.425038199882433,-4.684176730675336,-7.029939718066940,-6.313366589876662,3.643198207207368,0.059481744573393,8.514200890779904,-0.707661034716144,1.710139297570004,5.940185813753134,-4.649486004954930,6.166999836863052,-6.080103897197775,9.330576925807321,-0.108409062380780,-8.844756247367272,-8.119889714943415,-6.025609229241555,-8.185607395706802,-7.870063752321914,-1.306764909813793,2.822462597656282,-3.451894909312678,-9.872538602972496,2.059966262031054,4.002009606170137,9.989421786894980,-4.201289718698176,5.002359866900299,-0.595962542921633,-1.849282034600584,2.304042635608843,1.199361612059597,1.171389194391681,-5.955874694558776,-2.220170631582499,1.238466260930265,-1.696080291362454,4.707843787236678,3.001787988097554,-6.788920604145976,5.615323114150430,6.318563095849743,2.175278994861177,-9.981517359937564,-7.290284404222900,9.961793440337303,-2.689787918638302,-6.776781295108137,-2.911257171347341,8.207949287805622,7.040509172879077,6.235569210557401,8.699592837895121,-8.599665269840859,6.019810250193025,-9.755114145785484,9.680299491222449,1.197568442179071,3.765859031048235,-0.792559463599519,-7.928904586442355,-1.256339260781701,-5.146798542810920,6.610235081052981,9.064975309511524,4.262401792910746,5.654506345048153,-7.634591023937873,-0.592847756409656,0.044489418568457,8.428309876604242,-8.636076732091249,0.594578082491671,1.194442608982968,-5.693517549443722,-0.846579061686592,-7.670064155288321,9.523232484480623,-8.627057513891723,-2.117501777636964,8.205989645998976,8.300661736718325,-5.536741538548271,-2.873851375644588,-4.665044970624958,4.009469938719615,-2.222601770953934,-9.645607665668162,-0.494209936681596,1.204069621984129,-8.200894117953235,-8.540319812111486,3.537548751506447,-2.110891877060574,-1.463594604778489,-3.752971092944650,-8.491545655923719,3.771269588722033,-8.589887051338387,-4.878631905803696,-4.803931201647993
3.695070227547188,-5.285498970452258,-2.324024643841510,-9.159238641210683,-7.652735486570020,8.915677867633050,-5.262490994472917,2.088964487312273,-7.995822689564404,-6.839158816488736,8.954562413993479,-7.577699839757736,9.743561153857939,-6.665557068507320,-7.101926259378426,-3.389361158522417,3.320444305298139,-1.719233639311295,4.736470091280500,6.269176224555842,5.506615153816696,4.912111971044951,7.484539064761865,9.941148566679882,7.080641886883214,-8.246566246353002,-4.894323189655645,6.700995215504474,-4.398111666726139,-9.703172274445084,1.733825076120416,4.487289192479727,-5.495176610851229,-9.885851666293714,-9.291318986085786,-3.223350468155679,2.261364201053786,5.099886806512011,-6.530413294948493,9.726231623411866,4.458451302049180,5.880597030815446,-4.714069191363377,-6.258249069270332,-9.803489478440186,3.893756734000318,-9.672163339322250,-0.664380494499568,-4.927402123005766,4.528566558507780,-7.531265677943630,8.598605325617115,8.041317787621903,3.185857772258531,4.098066179354005,1.431398563073834,4.716543099843626,-1.083674867018106,-0.354086748746433,-5.539956713527523,2.815523643414686,-2.381531320014716,-0.974360521613232,1.827683358331004,6.978120428292893,6.583086729703510,-0.050509939670269,-5.318862090626499,-2.206624149696133,2.410125530545997,9.520410983967555,3.515185267109704,9.606689420198911,-7.177263562257192,-5.282239213790927,-2.191985842851134,-7.072385907367254,9.441937386754734,5.356648598239230,-9.587119144859987,4.097656506857952,7.349829852346751,8.289252429038093,9.984219031314503,-4.849139880298258,-8.072240661756904,-4.874703016548498,-5.626144369580701,2.007407424389598,0.511311511985992,1.422554139090408,8.436034588498110,-9.114280161781652,0.803481813764321,7.178992288080405,9.477593619355893,-0.066213066070944,7.303664208529678,-4.809998140099870,-1.482927515412459,-0.171422354081123,-6.573284739199652,-0.766837066894430,-5.273808866979128,5.715684222857920,0.454498581489380,-5.935775996516037,-9.886467993959142,5.961934443985811,9.252041289397027,-8.908985913782796,7.626025895568318,3.802765318326859,2.007182222766765,-5.201229838024737,9.629991064446632,2.035190369753705,3.089419196708276,-8.615155364734159,3.628961918819837,-4.844023795959654,-4.625404883197232,7.733930582675747,-4.940855541325440,-5.733650884121396,1.282794457067588,-4.566587315581887,0.508035046473873,-4.713219515374028,7.787089868513831,5.726541896359912,6.048635018382061,-6.067723275482177,-7.040453247233849,8.658266730137161,9.734702642016259,5.454524713137259,3.155812699860705,0.167375029545155,6.641837304045861,3.634269916701122,6.053958330555449,5.148879329452559,6.784330648709577,-2.856251484413221,-2.864194449249426,4.196479923850212,5.286819578193075,7.902844515287068,-1.851248872955127,1.321983010958265,1.809233267583439,-0.653608109412536,-8.349984208142310,2.813239450025902,-8.415180216762757,-0.724404550894793,-0.937367018680938,-3.689341971612887,7.739016102411195,6.415351350188875,-1.443674475634854,-6.754738333014886,-3.356472253722876,0.321649574246280,2.416496059420785,4.738146365417148,-4.443803254049874,5.748855132276333,-7.898869852886399,2.402062396183304,7.445102824375162,-5.993304438778440,4.857629601266261,-2.300541946501033
-8.391392619959699,-2.782113399102373,4.073313656609240,5.737126925799130,-4.407052506057019,-1.886685270637178,-4.951272806163784,-5.021166567917883,-5.970455450248167,-6.631007503232185,6.586094650883766,-0.078810688174766,-9.436202926726514,-3.218876853287210,-0.843300861741765,5.319928578197484,-1.190933638854577,-9.220388563447951,1.487301839515503,9.383318464715778,-8.178742834925757,3.977363124724249,0.579686805997198,6.739263648581211,-8.038710807166872,-1.450703239562687,7.858958299990597,1.508048635044371,7.929836582104876,6.153991214521344,-8.607117053811432,8.557030499934953,9.484162493271413,-3.029043893915240,4.364040600779083,-7.671196978294203,-0.670471128516528,-2.224918715322302,4.971469726427395,1.802820205088480,0.276621218952952,0.552350757748778,-9.289026047089822,0.986419598289281,5.037915642614180,2.450545058028224,-2.231611871348395,-7.232011528288149,-6.509131212620074,0.592562897656258,-9.390585134200391,-8.608561475571976,6.805047551148480,5.438350194884567,-8.004760743933225,5.855046137697039,-0.813427579397711,9.796804492615539,-8.514937377306961,3.309249830796599,7.476732886924161,-2.413570401765566,-0.975314633981748,-0.066170717454492,-5.391889436754398,-8.633956682345563,9.604923608737458,-2.230695011986111,6.039649686325173,6.541454969122736,3.230961492414149,-8.767458207459258,3.539987041982258,4.525347278970870,-2.046596420107953,5.795980079349230,0.095036824043962,-8.397861694231999,8.626261365336926,6.561002961161172,0.977542402758630,6.122350231143439,2.477067777186290,7.724218956464451,-8.234342745540911,7.276698667268281,9.618146360268547,-0.306908771223036,6.842114283931004,-0.231595444404604,2.422027008035755,-8.431879228791260,-9.654391662679863,8.036978291731209,-3.680336075216064,-7.209020009308817,1.463641347570984,7.355023857772526,0.852506599000275,-4.075876076597782,9.502963913579165,3.362011120030141,4.679392725546631,-1.918323753988187,9.908380742701205,0.618206606828204,8.197751502536438,6.077281979612497,-8.321245154381909,0.744737932688867,-7.180905030995843,-2.779580501429734,-9.504231584673391,8.136362803479962,-3.692111512403715,-4.571930847260612,4.843585141973847,9.226470818636813,-1.062878374665370,5.377757460327148,4.397623189814656,4.032026002881327,-0.284679781585913,-2.853534004645306,-3.947462860809967,0.493945430978190,-8.328585515467918,4.694615687385028,-1.369237766402673,3.575608064193421,-7.610208530721934,6.848718429169804,5.252632575196658,-7.502268016376967,-5.990123022182308,-7.261392238021847,0.329929038853610,-9.874270134247423,-0.201976133672000,-9.483484620183448,-0.782808987738751,5.610832331368261,-9.566460337052558,7.158522524633717,8.661047249492636,-1.081776436231392,4.729557754011442,-3.616519974324611,4.643732871882511,-8.005540147641469,4.220031256264086,8.712692280739493,3.341075638395470,-8.736943865327525,6.496570645913355,3.655146240690694,0.812440482008668,7.391340227605493,6.744892333884085,-9.317979389873713,-0.898040168186839,-7.469750866842793,9.609547879425008,9.478241878944655,-3.960603173136361,0.583563625373603,9.942907381503545,9.953386286203031,7.463057849387237,-8.045165515536112,-6.851093743524743,-5.542103779356622,2.860289745979220,5.687914788123461,-1.345226549764654
-5.789308357094631,2.729141735022873,-1.709503366102860,-8.599367569816392,-1.140776921675323,9.680308941024578,-8.262134376189639,-4.693997409298145,-9.134367827528028,2.501969687817899,4.719604618507864,-7.936463390781681,-3.988509169881307,2.418583576495482,-1.294306950712514,-3.708712577097561,-6.178635459677757,8.737885396848977,-3.200918669476442,4.129346247851664,-8.107832278550081,-2.099562461638329,4.528448170929240,3.191412898907908,0.274894434626029,5.597491661092404,2.531428549290881,4.010024224626205,-5.467353889602942,4.846221111408127,3.212946645378771,0.357555629531346,-5.550314467926059,8.424072590904505,-5.508083939850749,7.415096075336525,1.467934335413206,-7.863227849589080,4.477162166645879,4.528966146323834,9.225602219932892,-4.040346593527255,-3.334204500306111,9.206605707005359,-4.787583617814118,-5.819426020133758,-3.404866388021340,-9.385061586236816,1.440478452973919,-2.973449111421134,8.164526425217769,-2.940288757660867,5.266222626687121,6.267205802724103,-8.957987385017676,-5.301329857656734,4.510786727669263,3.313861351129484,-7.363425597833739,6.479225503856402,3.125694185444559,-4.757302442731948,-5.939230307186360,2.313819489245931,-7.496816829349859,-1.644801528378458,2.256786666071640,-3.898756234734064,-4.621115318228124,4.957670476499015,1.156851018642385,4.122394882384350,-5.673436184935648,-1.959442175707411,-1.736494865215725,6.199065760282398,-5.834189056824981,0.916352011265065,-1.786986034592775,5.445778393731119,-2.777658622157584,-1.408732263868380,-2.903004218526757,3.816419714210541,-5.861668850678898,-5.815445037375014,-7.186039543091287,-3.652423692225549,-5.010007204260855,2.893481746200383,0.072919676225492,-4.025186551978333,2.746306804924926,-1.508121715501623,1.864586826303569,-2.807357584633161,8.938983470229257,5.665993172492399,6.387831020841901,-1.914124770198573,-2.516079155779851,-4.228924836715590,-1.377764767226953,-1.531341685147922,-6.650675758833524,1.558475411850573,-3.813447165404551,5.111737541329529,-9.065153037874623,-3.673794812180677,-6.277701745714817,3.575832877835118,5.272589179174483,0.007600509891050,9.729858405680112,3.857417858002590,9.799762666139095,5.588077503363621,-4.235746589309024,-1.308397799460195,-9.402723008800017,-9.595179398063872,3.682340441954302,-8.493100818312154,-9.770067483216351,-3.446178954462964,-0.515245513022684,8.200309661157807,2.385768369569380,4.426734963262639,-3.663191601648741,-6.032822936288557,2.599371304310525,-8.179922047416181,3.555803622582411,2.679553623415840,5.899473717027661,-0.737921822797446,-1.261180851678416,-5.574758344138598,7.765065732812719,9.461804141893985,-3.078531725854421,-4.692623783989922,-1.251564980368434,-1.858935063446015,-1.592127592374855,2.495004215817374,9.917553692039267,3.863731571127895,2.878624832056317,7.597384527244319,1.193073981347935,7.188401142505441,-1.836616146464232,7.622580129855201,5.914321136862881,9.659258587424873,-7.016914013912965,0.173711942093419,8.684016531941463,6.718229064841697,-9.306829683246832,-6.300820503598599,5.506426025969194,-9.043777438105016,6.315978678944980,3.532289476527694,-3.103751827830927,-7.880116116076041,8.072096519095361,2.073931493741943,1.639801023268873,3.503540306241318,9.226322864538112
6.927912363463811,-9.349492216477200,-4.761002386234097,-7.288971020146464,3.997342428993749,-1.808036782107177,-4.274870580865286,-8.881200374767534,-3.227246997740691,0.325855788448630,-2.701347571454173,-3.467436121126559,-2.523279878426370,8.523437260794676,4.048703385208412,2.509636292436575,0.264073678263149,-9.218795202792435,4.474226364324341,-9.891686142421833,0.649222141590613,-8.755546739757643,-0.814986485191788,-5.958121932500826,1.483506357578237,4.155527914024100,-8.632356834359376,6.635298785897714,-8.373976714479632,-9.116759517748838,7.985097438940571,4.398360308737253,5.250064966893760,2.756848436752231,-9.633257988065541,6.349027572376617,-1.792492518343085,-2.176346325861096,-8.831788963443577,-5.115024107776847,-8.661768334062552,8.008298110239863,4.568899828203694,-0.862800835757163,6.313371636913789,-5.744220876108505,-9.999105028631758,4.600218143326105,-5.891951935876511,9.035257985458951,-9.455431718761352,-8.654231650788125,-6.526077001748066,3.904432721506124,8.781318717906281,-8.497580348602058,2.178158846753885,-2.739494823294470,-9.233192415292272,5.552801421889296,-8.150931376113785,9.273604096822929,7.646538269566463,5.664397521875506,-9.704178441121291,4.484993691097154,-0.980994856629545,-0.230062889891414,-5.304559337786301,9.614718729595950,4.674065431613382,8.916097326997413,-9.848181061303741,7.592757450328232,-0.794126956897447,6.828973242017987,7.431874264265584,-8.272112887182919,-9.466113746072518,-3.887963867260662,7.375043503415682,6.626420584842762,9.347120992572489,4.812411632141135,2.177217720291928,0.534200337527004,3.119104715773886,-6.844508743409198,8.648266037437814,-8.339956466114415,6.486621836127991,7.802136415859820,2.536891590625963,8.490456785215287,-9.537572639711048,3.184523399683494,-5.330382742747545,-3.098910299302999,-6.471120681238105,-1.769237566151480,-3.935778071775704,-6.083264599238287,5.602024712331437,5.873527524173001,-6.687364299049820,-3.990239786565146,8.010030172705935,-4.686656988829954,8.344231696531715,-6.914078332618397,-1.236361683973605,-6.675029954441825,5.700551770387944,-4.502799119303049,8.462658402645285,-7.731007656058901,-0.087684795420342,-6.458697484572056,4.729318522142975,2.878262771694455,3.467697506894527,2.327065080992805,0.251373926614738,7.173291815605047,0.953428746132726,-3.387768071377931,-7.179554832574602,-0.371315575564219,8.539255937002515,-6.424879112305519,3.736588510584182,0.269060316773997,0.848807885408663,-4.880081370141570,-0.815999165283499,2.199908205451358,-4.391111022611809,-9.984881823976155,8.992812507235655,5.706445824246698,-2.195783535541045,5.087641257846409,9.937672604649798,-5.504524590986333,-7.874849717073820,5.535017892233252,-8.557741273135255,-9.574943950165517,1.161724455395687,-8.573050512446795,-6.938264367119828,-9.931153652602626,-3.553407887366456,-1.252237578210618,-6.588279631159255,4.614989492586023,-1.182436992846224,2.499156475564385,-9.787146370771438,5.360542484083604,-7.374006086337033,-1.842637048185088,5.086127873406163,8.323066704228310,-4.547940523581298,6.631828439543526,4.055284279947731,0.999953584096776,4.684382869069115,3.062573821682427,6.264239586210646,-1.702236943682699,-0.615082662734816,2.034060455123498,5.798045822717492
7.674611499906497,-9.057752134172910,5.257275620577413,-2.048583920760338,-8.348598707793958,-1.968898645746023,7.116702959406755,6.212175739475573,3.162120570752048,-0.365274661986826,-5.171256133360240,-6.879233183341436,7.446622528279750,-8.216458710746863,8.214893609566094,6.437041466382180,2.132937790595106,-9.065335397701000,6.708802613211546,-9.973828959648474,-9.462127494283150,-2.553499523020770,-1.413573493585554,-6.327828168306871,-7.341082701874225,9.945306123182426,-6.122388855370393,7.743523381695400,9.865752502266982,9.517391915412325,3.637226807102262,-3.841541775683930,7.619822594809495,1.624314172078449,2.486509705994992,4.378805900268111,-4.227108238520534,-5.747654233061259,-5.128593594945769,-6.959810108262228,-0.242490323781432,-8.065274071616720,-6.434828478384389,7.926391962702453,-4.852760889146934,4.348808073985815,9.630699405422344,-0.375383153529947,-6.366612095852176,-1.813696287682973,-0.185864953017740,-7.665004991583504,-1.723263815142326,-5.039223559177954,-7.630089353624911,-9.569964360701304,-4.572866491615722,6.977326416618197,-5.324109058638049,-7.718499753871296,9.696018588444066,-6.847718462656578,-7.094395085930425,-8.986106274363660,-8.041759078342528,-7.046268228601211,4.954657291306631,8.548268277868534,-2.126123925630856,1.298640957410417,1.904854944772369,-8.981130226998523,-6.543796301726776,-0.037706102072120,-0.026491978297740,-0.402782691351204,8.539982335194793,4.348461637099593,7.796941453165434,-9.360463021679426,-7.845330041929433,8.724565245667726,-0.157047520526561,-5.078107659728389,-3.021816653572460,9.196766026623340,2.642118592319203,-8.029045310695071,-0.742868724437706,-3.656497190600079,-4.327826986803089,-0.466721243220986,8.396871987846428,3.907028928706911,8.641308882117798,-7.446639651496694,5.960228845161911,7.563425049915956,-2.514576653322145,-2.867303918968920,7.676520122941575,5.149222482765634,8.971396826386041,-4.487848952605202,0.854575981492896,-7.372428850194391,-6.597643694290758,2.176353265633221,-7.652124455238511,-9.471188555175914,-7.980123914465547,-9.294488086088267,-1.570239085904269,-1.451415383614819,-6.659254725057067,8.614784553998902,1.118646449661476,-0.415024473026531,-1.876565199803910,7.812517356359727,-5.895104053870575,-5.333583312346066,0.178841000237316,-6.424188351180309,2.174996072961058,6.941780182848724,-7.998771913496370,-2.292478688415485,-0.714584072362548,-8.551174197321561,9.556924640821475,-8.021785090289832,-4.784950501530996,-2.328105282386406,2.967646040394985,-0.795170326072219,0.581422772175262,5.762532970735098,9.034100538798949,-5.744628154120555,-4.936692485036445,-7.592963361892824,6.709784469026900,-0.222826976858407,-1.997827407043115,8.387179060666391,1.854119673048753,6.356321563270445,8.373244941315335,8.830052326481056,3.360263482668440,-1.743062093548000,-8.455183227046499,-4.086762619785997,4.459322394348488,-0.286428019295826,-5.889888945595219,3.455225301723090,6.672250870062616,7.169482366940205,-5.169266456607511,4.704439255377862,9.265270500067782,-9.990356454217750,4.512514848420411,-6.760947924129093,4.764719311770136,3.992821636283182,-4.055039473568131,-3.133901402391636,2.399877774798277,-2.019903878128733,-3.491530716012090,4.933866293898523,1.736349818059024
0.460148785963653,7.910013391372171,-3.208927314108950,5.584399046970745,3.485953101180376,2.484439631851561,-3.570612890587952,9.742951670300773,8.418773582372118,-8.479353122025671,5.989231098943597,-4.683721659270413,6.235957318512042,-2.496286811651148,9.776147181219315,2.112315841132975,4.509965329697561,3.355682484604632,-5.855632350526390,6.645158878889891,-0.968429952144438,-6.865329358709853,-3.952247348234669,-2.903779231866581,-5.598477427950106,4.902551060868864,4.287005354857055,-8.860238154711290,-4.676231454463002,-6.402676913520535,-5.738098080721954,5.291928097572063,4.384071088742266,-2.930499574712693,-9.310166580745854,-3.451125872964738,-0.176833417767078,-8.539460569624019,8.529215092138354,7.299865518629861,4.939502218242701,-0.871785563482870,5.590449276580641,-0.986712360579979,3.958026760808815,-1.669567750503429,-5.181125299642457,-6.073534287863287,7.764282986004790,3.664851258575421,-6.079938148117816,2.278095730968882,-7.822675485560529,8.350084475547543,-5.420149436183658,-1.051543633170716,-6.604409866643179,3.310947920329220,9.808791387044838,8.847070628046311,3.202458912539200,-9.729818882574863,-3.902837889353292,7.487544003962959,-1.791971300755860,-8.236557645795839,-2.426315992373467,1.276642720970187,-5.935258034016444,-5.259668217201274,-0.515360604687432,3.212851898038949,-6.349101783821858,5.594572262705134,-3.660661145825436,-7.077584665854193,-3.551383694048543,-1.793176082481491,-6.860678905118498,-9.857169156324556,-3.301372580823021,-3.171739243672603,8.613520525314200,-9.760266116356034,-5.948296975090157,-9.405335652669429,-8.147595609483968,4.257589161743764,-6.480915892832253,2.296992342936747,6.539973609266752,5.440159579742938,9.086980870038662,2.174606906281348,-8.250382246507353,0.963907320395370,-5.605717416553329,5.556294608971260,6.691696272352019,1.046672458627890,-5.779131617804298,-4.523236110130120,-6.698206827360361,-8.661636352967594,-4.222484427568651,-6.409605195533570,4.066513124844690,8.922958788355256,-8.001738882448866,-1.460639760684828,-0.482431976774457,6.141855485980614,-6.146119940701420,1.777582426707953,-6.856877324885211,4.039208087687790,-2.991328808371973,-4.150204799675972,8.656670417949908,0.810523994497739,7.987229962343431,-7.095906787761628,1.569118107249095,4.972191325184108,5.497527069142048,5.827107302106636,-5.256846545430052,-4.682330118233455,-3.344894715419436,-0.864989455708470,8.607151272358774,-7.488252173902676,4.582446524913134,3.123966457941535,-7.617887590233956,-3.624829593985166,3.566760139592986,5.789037599829573,-1.981178482619319,0.117765818309142,-6.203673027226433,6.158483921306839,-2.039622368884048,9.940030759637949,7.030710788892513,-3.143575322487047,9.987115037516947,3.118081851549155,5.227154626771695,2.177515179703484,3.969353943130384,9.834393100319648,-2.803402958329755,6.708086649410053,9.929837700539473,-2.670956844283756,3.176934109090126,0.432265540225407,2.059544753575505,3.661029587737479,8.169697212700978,1.079276343044384,1.591037739859864,2.125607867666201,4.457481039171300,0.813163090824618,-9.688007617051396,7.754573493601100,-4.092854932508663,-9.148311023618593,-6.033015342182397,6.393603392037992,3.835652307165443,-1.319818921015090,-9.727389956476193
-2.219053882765236,-3.400295422156836,-7.894865332666314,-2.612279341839249,7.616736233852983,6.347144323470165,4.809199542932930,5.397618831000218,1.599411668205095,-7.506768620845259,-8.539970817469378,0.297670831230869,4.016495504551967,0.046710674853472,8.439692576370696,-6.906641341593540,8.984600191108768,-5.385050263545422,8.175774855048708,0.035874961407307,1.946908651561865,-6.389795188231428,0.684488086486297,-2.673365934767227,0.133475460017722,8.515450390967644,8.122195023309928,2.872536736201720,0.678787550483994,-3.976491723829747,-5.632585107770112,4.004986424491477,9.909819112550050,-3.179609312044224,-0.821544306432981,5.177046603639191,-8.281641116311679,0.093389074035725,-5.485454023288114,0.769375638787588,1.532866565447845,-8.500166541478746,-8.555526608123554,-1.322743183766326,-9.234794461700204,9.117522094098440,3.730011844551617,-2.971157971610163,0.790311121726237,2.279871410894794,4.134054649282103,6.355363112892938,3.618138846941426,1.854035348816179,-3.324478154802064,-5.070830804920732,4.742127900124606,-4.585934089690240,2.347793554798267,-5.521537231997895,5.885554694899486,-6.921046804385689,7.865360390338235,7.811494411661414,4.885771010287048,-7.421200509636526,2.846755226292277,0.589999122388281,8.293434520117891,-3.207629137500801,-4.366407158008712,8.196172677404579,-4.316688533307054,2.289411609677819,-5.995311466494178,0.136804285260805,5.995457257538899,1.524746980212626,1.177993499310713,-7.021407983885696,-6.833589978775509,0.750185122752056,-2.225423373373639,-2.166821473420959,-3.514702330781403,-6.767953937611599,-2.003665997329747,4.467136610985653,0.865918580093616,-6.687957900709474,6.575062777496719,3.928536761597352,-2.520469380650381,-7.553433617476493,6.388066909940839,-3.637412218772768,-2.051282260740077,-3.793842109652898,0.017338053374981,7.631570878217275,2.776265160016827,-0.051798827341740,-1.578671911082289,-4.193426521470897,-8.997366500707365,9.117617585534987,9.887932084554592,-6.622578335492999,1.623334662212647,9.351487583699697,0.154456265986616,0.219103710187374,-5.830123863878938,4.536546974668580,-4.603147867145037,-9.356495985579549,-7.828046229928345,4.198435501054398,-7.090935864282343,1.503107154544059,1.531271929196487,-7.124161381478446,-4.980769077172857,-6.843170532458760,-2.558743119241988,5.815351793741497,-8.686538569034463,-2.640948479516023,-1.648673928572409,-7.478196189414201,8.757478707040537,-4.693486820624051,5.716725205606302,-6.270878375664559,-1.271219522011471,-4.673328962210286,-3.094044758651378,8.201108275070276,8.166153877114922,-7.020406655188887,-6.758869205672422,4.899129728462473,-8.921689558871719,2.472023708184272,4.331547018687544,-9.418603197743039,9.750460847566661,-2.063730109976103,-9.262645187008776,-8.694650750354459,9.690254221369756,-8.047933964697737,-3.488066994066184,-4.951529634953835,5.203759789687503,-5.090841725348150,-6.855494473750823,3.159860616902691,-8.493468192837987,-5.158068274987732,1.844430359926106,2.927296318332290,2.196691435802393,0.291123547544238,-4.300407855269571,-3.173863022360854,-9.600770114141985,7.449599883149553,5.830999786255882,-6.485508609103448,8.081206198999705,-1.181969251221719,-2.903973372536672,-2.301823649442289,-8.913811036039011
-2.675095305106314,4.984593838840484,5.933452397467590,-4.420559495697698,-0.005665704517872,-5.048598290097526,5.654352180869980,-6.813556963332548,-5.385612674831690,6.235931732813270,3.228681772981897,-6.298363174623072,-1.983769502317427,1.995345852004808,2.433331109116848,-9.794934882526078,9.541869394841211,-2.219687728681410,-5.417404678236954,-8.585037519537684,9.567765862911696,9.120786074621311,6.609473007965839,6.633246768062168,2.935891916352968,-4.624465025338493,-4.430720931593992,1.762980941008065,5.627558177778035,-3.991977698684237,-8.596400419196543,1.955337893227963,0.023063361021986,-1.437858497404449,2.227144506510443,9.257922594172104,-6.768077587412704,1.843250011165260,3.142801022004049,-4.349956967590782,-1.016845192644361,5.897077876478562,-3.697984021601135,-6.903916043552378,-1.301794337632771,0.965537149236905,-2.110721346191252,-8.100123966678485,0.782990737607170,-2.019996893143619,5.487920944127078,-8.790187406176521,7.708674237905765,9.872318523662198,-9.249726273123569,-8.444945402258679,-5.096582420531986,-6.459281864131603,-6.464612831265799,-7.925796152094402,-8.083830961491724,7.352995322005519,8.577938366173044,8.684189870099033,-5.670342998021942,-6.543319500974283,7.282189724999423,-5.860682995242628,-2.707193647896682,-8.140186950567808,-6.374665964267727,-7.131009822585748,3.624588587234483,5.707852198835557,0.988484521034492,7.443875842334254,2.088128028315239,1.716699200998908,4.635938162843946,-7.376466396805381,8.928392481750912,-2.409270004139659,-3.229628148592840,-8.458449386524240,3.197087229311876,8.686740802306236,0.719475470158347,4.349421024692541,2.423253408894047,4.301481930221001,-2.445640513213285,-1.213738254312435,6.634182084052743,-5.551905149669056,1.981179513684854,9.593755230327719,2.547098652434379,-2.209482657826833,0.881195698853059,-9.289734615109417,2.504188435825650,-2.008563161927657,6.910604392340684,8.570487836020405,9.717681716200069,7.875984870247080,-9.270271616373105,-4.372044120726279,-3.243381664091823,2.228822493172700,-9.750192691975915,-1.071691810943424,-4.552430074868889,7.591958412889209,-4.555953265482424,3.127142046542792,1.985993719684942,3.002318891839442,-1.577490143281832,0.195587588620578,1.670136548702450,7.875050886965688,-8.950854308360425,-0.284610609184739,-6.412350507489157,9.881318760477640,-6.511145073821782,-9.835048056060248,-5.174925662578184,-6.787512512916671,-6.757184122489647,8.407621869185043,-0.046975204481098,-0.873021520668502,-9.173109822884857,9.446985130132830,6.934003191753394,-2.839102857605806,6.622324851515671,-8.876586859514981,-0.626653713171690,1.623240071813033,-4.340106080627885,5.006271593819909,8.311911127947507,7.287281227990412,-3.734392244105549,3.229103241595919,-9.733288055039012,-6.939839411863520,8.090464248796710,9.197914961634027,6.807695203535683,9.585317213954209,3.950984384124524,-4.329941586163022,7.286678004542438,-1.688180480429892,4.589912693547433,-5.073731293923105,-5.843519162932804,4.796138116644599,-9.276183604628020,-1.684727049376811,1.496241205298773,3.015508779066380,-8.948765563000782,-6.757834230624466,4.633358580452214,5.793638943137495,-5.109661901155055,-2.999941483713995,8.988942757129362,2.259129811521451,-6.545577550589890
-6.791604785152396,-7.111505170432935,8.282026017014964,-5.974674658051407,7.956593083375097,-6.801261486470613,-7.474903436046889,-4.372733722535558,9.886751244210792,-5.681217428684889,7.768475396704876,1.934705488804980,1.644382779359017,3.411909139238938,-5.969010510743806,-9.044185195746135,-7.316856035677364,5.234179498483202,-9.079984233033782,9.407293995377522,-4.410391926590352,9.386921763437307,-7.433535699869100,-1.922403315799833,-1.307013575808780,8.450332571542788,9.717091555427540,9.331677867152244,-4.639412070407118,7.371003855366315,-9.963507536476781,-4.601841971246219,9.889389446780015,6.051912269191089,5.024110603859590,-6.105274415108859,8.136584260652405,-4.773013771199723,6.179466087386256,-0.898423649624762,-9.529547940595595,-9.226378073630887,-1.544277767824314,-3.080639293934260,-9.905621286903120,9.474887814977698,9.188737778323070,-0.027674380121320,2.740390982691380,3.000443976938818,0.765773888637487,-9.501807818840648,5.321925996762182,-1.535195330054588,6.623145298828089,-4.862881873491700,1.151450512142995,-5.032036620818145,0.771004304873120,9.266404904867475,-8.728329927072554,9.283753646278040,-0.409296766916745,-8.101085567957767,-1.510069459964825,-4.867696832153223,-9.104210490763393,0.962419155664113,9.985541046239014,-0.301383297254709,-3.516266469107845,5.669080946245227,8.399851477181532,-3.208087144588429,2.610473117083600,7.167469828245203,-3.043307092768835,2.879464132373975,-5.813219034220774,9.347648862986972,4.989746699855376,-3.135945974045917,-7.348259597358011,-6.487083086922228,5.912779472920722,-5.145508555169589,-5.947523658716727,8.168018689871122,4.895280108610871,-3.169845433220448,4.785765511683493,5.750026089337158,9.555294397157613,-2.001168715193431,6.727839523296318,-5.459971439802176,-0.725845246348285,-0.461621712503016,1.402299940753164,5.240050621775561,-5.161764549087195,0.355851125570201,5.907564289778950,4.694954737046791,3.415128069707817,-5.635732103333558,-9.398038175154436,3.348565751474862,6.786809580103498,-6.228290944958679,5.755550094366397,-0.906109897762569,9.644031159081948,8.570828951289208,-0.443084917283020,4.420760892492764,-5.706489843340156,-5.721003609535387,3.683144463657211,-3.180513575355297,7.465943780652793,0.761160425537009,3.583347001655595,0.489370147091003,-5.551659707176588,6.824042672820838,-4.197376414933256,1.494288758120589,2.162211888304951,-7.492508263162387,1.493192913342860,5.544040031546345,-6.179056518587947,-5.443941022896956,-1.648531142060452,-3.516696805749913,-5.942415016545414,-6.446435776641952,9.983666650312383,0.871549521847804,7.509137001973677,7.830094254179635,8.610514942485182,9.384127951350809,-4.069440579377503,-8.725629868885632,5.756509541799833,9.647265955237142,-7.944291059434880,-1.275448292596629,6.215176466556429,-0.428135389212400,-2.837826249164888,-8.496240558923960,-1.316413793011424,-7.770018785827753,-3.377828156116611,9.231282167912262,-5.584558280907732,6.577693172044160,2.248363920259770,7.337695784840644,5.205223404286215,-0.887221710470694,-8.780583040053937,-6.543680409948327,-0.785877418948630,5.914718239869224,4.114502818639789,-3.025910004617223,2.960298577887281,5.702412070194667,-9.452372021379610,1.725297269721342,-2.967913500913577
6.098116398428466,-9.744813494570632,3.667405172415208,-7.191129815044215,0.705450421437257,5.796600143645293,4.488571444629368,0.828506600897009,-2.245852462632099,1.232030327774872,2.029082707006150,1.019100395485637,7.416162520413405,1.887755569427458,-3.084479588763687,5.727389087828126,6.304599501083327,0.113962613848370,-7.803771178393630,-6.191863652469697,-2.700390723286469,0.551798068425914,0.716032759978660,0.442332006203197,-6.279432076489240,9.983000460014289,-5.068916164018638,-4.122606478042066,7.421081475370247,6.587289612384492,-2.751802571390066,-5.448132919127014,1.046275026725446,8.355620918874720,7.387001470571995,1.237250374992795,-0.911758636145469,-5.607692696675177,6.099476603054960,-1.665308328097391,2.034051749969263,7.318629980602775,-4.953309891390434,7.043590000877806,6.451518074950492,7.869075186099920,-7.322578522305177,-4.638077930592801,0.679312278786433,1.886346033020008,2.763521445397943,-4.901608508116788,8.254192068320165,3.760103282124408,8.306073529616597,-2.239354973586661,1.601743616470028,7.592314219365964,-6.334017424341132,2.271238645096634,-0.376921990438239,0.746436049219666,1.798039932578693,-6.130694050349963,3.947304084582303,-9.743816278647483,-6.050589019325274,7.255606923452092,8.776567746491818,-9.863168839146505,8.842471301431782,8.177890712569265,-0.757957713992690,9.666133870934200,5.111614644947100,5.176682873233920,-4.435425867300697,4.183894578672211,-9.809497992679395,4.812471167957654,-8.236154311730155,-0.032088804490620,-8.239811165420070,-7.421344752429215,1.263719188902348,4.219685214572429,0.540266637551845,-7.460722071905510,-0.733747696579405,1.110957671524575,4.196415868467128,-6.798864440230600,7.914130003568697,-3.151824686210583,2.764180832243472,7.329038295422709,5.303028351188413,-5.565419645087609,-1.712194267263957,9.070756406157276,-5.409455068180790,-3.868719863059351,5.128746824401640,-9.441005682142878,-0.670872002028259,-6.044813952318342,5.470288923895865,-5.679402236695776,-7.942975307423783,-8.879668964876954,-3.448395305926979,0.593795634108567,-8.862425928667141,7.430592556460233,0.717853926480620,2.323976697200539,8.564287146241675,7.169583946246568,-8.670666433882015,-0.290611520079548,1.313378746200263,3.490343884211395,-8.663661544277325,-2.363481641790434,-8.602712120479865,7.789369618012515,8.889982863781970,-2.280851383797535,2.912758575923496,-7.203851418358054,-7.048062056142301,9.262083127052790,-2.045315843344002,-0.714580838412095,7.693402249683984,1.167452054398455,-7.814001857039433,-5.940506030651211,-9.669797549301585,0.536991571087029,0.252393925212766,1.570394986743899,-8.795755072949213,0.812724906873825,9.695193540438098,8.869059303089880,9.639737026428364,-6.119572585447286,0.698833830273632,8.939190920256095,0.769565733623189,1.665217434377960,4.204350244693412,-5.716614478712656,-3.538555858531140,-8.030192343415854,1.060788220267044,0.001359262369480,-1.454942209175417,2.217648413424101,0.509501374647684,-9.096883732748282,-0.546922692987442,-0.009507077549012,-2.270439675272358,9.182552200999186,-6.038452247021880,5.777561469652412,-2.211798868180621,-3.980201242900638,7.120257623663793,5.422292800918862,5.192675840548425,4.248555854684346,0.721536885083456
-5.401768484400149,1.070990762685327,-5.176931087582108,3.899949168392320,-6.643355550972267,1.869528009588915,1.210818360981467,1.538229737468209,-2.431417044338433,-8.872865918122457,3.013163795883179,6.036192646667555,0.740493622386467,8.161316717747312,-6.588346222657111,-4.805627747083197,-7.732642115094707,7.507094054944904,-2.507346443994328,-6.854309461726986,3.619503345556055,-5.591923898871314,0.417904666278389,2.969934256492001,6.214037907918268,1.163724775773613,-2.335282754492900,-9.973489299340352,-8.159511854118202,6.739661829984197,-4.863188171595400,2.150987708269700,-9.597765987742449,4.677274626034901,8.820850770973120,-7.775135401941862,2.951376546110417,-7.790800705930890,4.283318559056752,0.472535474814329,-1.066644168368587,8.577474385553955,2.399929744562442,-2.665801856340877,-2.553827730825340,3.046996357629016,7.108031681177003,-6.623651028320152,-5.276114565199920,7.089307554485067,-0.620472555129318,5.146539223714051,0.888246069873551,-4.206206194557676,1.867536667363453,4.264480300606099,7.046395926875913,4.407507869435403,7.068774158100545,5.393551736503614,-5.614770962818598,6.169018633741089,-9.446814627610591,0.332749163755938,-2.718149969378068,5.727261304574720,6.403251744159622,-4.173642774426729,6.402659050210644,4.413663446567393,8.816247026460424,-5.165544680906153,1.269359223873167,-5.946640898367843,-4.788648958738682,-1.961867000876849,-7.892765325447080,9.660761332712774,-6.872583996507318,-9.257212922976741,0.932441639623987,9.953337620406288,3.681426643160115,-2.130232827153433,-4.588609165065867,-7.539490413626051,8.283640811424362,5.539082356172676,-8.398911843548582,-3.648923948773852,-6.151710978637787,3.282384567670775,1.660824661740667,-9.521168922934077,-8.521931003711662,-5.713651631661991,-6.080576433132965,-5.046353584602315,3.208140116000905,-9.934655818906279,3.899402000768298,-3.786853597882800,-3.162776683672366,-0.514523660193063,-6.055406629042692,9.688361581707486,9.377706325891431,6.589051330436810,-3.155882858974111,0.870595063086203,1.339566452449183,4.879505551705881,-1.186267554210312,6.756595671800824,-3.410608247717963,8.875630163926161,5.230668147947217,6.350214307586473,-3.085165554794170,-6.343312967921260,8.284604022195193,9.948909903753730,4.345272279912013,-9.473995031028625,5.868677352555737,1.890505867981920,-8.326013728415543,-5.239017543816685,1.374291487862159,-4.220433307522471,3.549485617169616,-5.763947058269174,-7.556848379784307,6.325577489909740,-9.505767315980886,7.176720408890375,-0.785501391012486,-3.511289027795803,0.991141507169097,3.289084526831969,-6.529925293879026,9.984792364571557,-2.646807842814153,-0.846620168239147,3.712137730243182,-3.916564404623548,9.380906385595814,-3.619076451379570,-4.921505501961345,8.186571269947912,0.716840146082014,-3.050903795590878,0.104421273482238,-0.907737275902727,-4.009650071933191,9.088453678700620,6.483728230024518,2.677950130760497,6.640763867632106,9.781683869940927,9.011261131519081,-0.695625129900163,6.089827031561931,-0.760052183918653,2.506097153025173,-5.429597029784158,-9.085946028508754,-4.819411268112921,-0.467438381493782,-7.368188946412191,-7.432635278411473,4.613601398215462,-5.333237656890017,-8.963769217772802,-2.414020658997713
6.025528002010880,6.364444204871369,-6.961170364357216,9.448096859837218,6.889014675402926,7.852280169207138,-8.087871201063482,3.121517946743705,5.544378823893890,8.206680729867667,-9.676621110891798,-8.559065025349536,1.018679013284576,-6.668060022641134,-2.019319669411955,4.502339339054153,4.676864980760147,-7.792718645411385,-9.687399545618455,5.449873015883123,-0.052353246835771,7.969287894766566,-6.507006409755160,-9.996823572450689,-1.057599419398054,-1.283578197564159,-7.150051927154035,7.948853377187518,0.895240600225165,3.692571085778198,-1.421900280272732,8.305555227338246,2.195766825839360,1.381392113408538,-0.380616862782475,4.378558062522215,2.832145075562257,-4.744644274088032,5.631853711543771,-2.685722966050548,9.161102387914760,1.525789732245059,6.227046604994001,5.037428531177495,0.582284225361263,4.504920065947505,7.757823760716480,-1.654038808132368,-7.606831627698531,8.384572378567587,-3.677775422023624,-8.033430304196877,0.407005985710292,4.454475441337289,7.326062842521011,-9.846654295366326,-0.261356451887831,-2.274372887491882,-7.386291585938691,-4.049284514601512,-2.689500898479236,2.033029816165460,7.179811913338007,-1.330959786445014,-2.588623892666522,4.920283458590205,7.957701662726244,-5.158188199332625,3.430160775140605,5.005406648490387,7.437924399422961,-3.114952028156424,4.515479309159966,1.024538622021137,-6.168937056153752,-3.108978019780089,-7.196104463507029,6.322998894799724,0.781765966725894,4.272921860430818,-6.626207416996712,6.610111383766849,-8.712752708965152,1.949229506721720,3.102899913990033,1.264149794986427,7.674538160366165,0.463173703570664,-7.208646800298957,-0.437193313219845,-0.362818779428988,1.162270041379088,-6.620338344397458,-8.689579259971756,-0.540744474666159,5.000806859760484,8.853009304048474,-9.835801824173302,4.632360822206266,9.476454987212712,4.315404426641463,6.550424667072789,8.898696811128175,-2.595313936751924,-9.994441009631913,5.684505824842681,6.305292037304092,-3.868155123035118,8.053919931186481,2.080436404103869,-3.831683192190751,-7.130743760908742,-8.347486962925693,5.166745010413587,-8.502142341578915,-2.666433920483186,-0.886808255218556,-3.678096742291275,2.732612124812725,7.295651419387664,-8.581551338101004,0.929495300173901,9.519452394820611,-5.324242945115354,-8.152621547873329,-1.211995128826231,1.353762945333257,-0.285475519246638,2.058158892824347,5.213952425747628,4.497340124072347,-1.049030641943904,5.604462406727464,-7.548989359575950,-9.817120417732060,0.959295373046388,-2.841833249499544,-9.926347827954288,7.838664082635237,9.347443783295059,-6.574474505350101,0.849542191257619,-2.431028510280180,-9.892317312970411,5.269957032297746,2.090973344323107,8.942342082526537,-1.817736066195570,-1.228904118151231,-8.183960015017524,-1.279782209819935,-8.209061181645739,-6.371423577061783,-3.921921008809372,-3.590962297241120,-7.504178154664944,-5.338527584309172,-3.544085419045222,6.183858022229099,9.578102083535992,-5.060672281537539,-4.253012087801668,3.112372311368393,-5.923014302379910,-8.052948026600635,1.907651880054386,-1.611580222378951,9.161950142897645,6.775493167913758,-1.769372193848881,-6.368184078262362,2.373779517550783,2.744219241675793,-2.804122002962433,4.828687060195891
-5.303695537924353,7.169414870851778,-9.256546957139673,8.817028517551801,-9.004432892763054,3.259603348175535,6.460679111747897,-5.145271498833153,-3.208098594347051,7.706637317087413,0.608980756670279,7.196741925943307,-1.545320349435341,1.904081999377889,0.747118043986877,-2.380041794301260,6.016573451508137,-9.942970654563393,-0.701100372772590,4.111315685324257,-4.799088629206087,-1.394087427591153,1.555995166626982,-8.768529969502637,5.946178319061215,-7.300093321668393,0.020303750125345,5.237896306492487,-1.815832635952813,0.468450330417278,-1.287848995021504,1.045031733917160,-6.901126295726508,-3.605807615656560,4.127798321059291,7.152728945271910,-3.398815867047878,4.969428416420643,5.876707102838953,-2.752102538808492,-4.906779037295359,7.088640127403568,-2.798426880801010,3.368475723645892,-4.123579084126243,2.085835946188210,1.177743641173246,-6.338152216519052,-5.360600787275180,9.771800701326864,-2.938909503927687,4.051753335961212,-9.663639162301113,2.480737258926331,-5.569649455213794,-6.302676541192358,7.098369713902684,-5.960857463492255,-3.919848417932592,4.402739318894060,-8.751994572337980,0.023260875460974,-4.298616684443656,-4.083083825631098,4.410170729996999,-4.112570949334755,-2.594083725515577,-8.025613572861959,8.966447377443011,-5.892600705632502,-3.470673757942812,-2.776403018424758,-4.815662934235572,1.681036762897319,-6.707891335864334,-4.491581623291044,7.423297608881168,8.149297634726430,0.056618292620552,-8.234555293050454,-5.564446209116358,-3.249707722280357,8.578260691208250,5.340768145237673,3.279582331342292,-0.072269521750517,-6.409913414720460,-3.702351891975074,-7.810818346342689,7.142835553375861,-6.321686617344080,9.612381172172753,0.639839497180670,-6.792043166576464,-9.163049328824670,-9.867390728786154,-7.024469439709328,-5.821232142524806,2.108845009666513,-1.801125967592778,-1.762119309540850,-5.035032540784565,8.822899977381496,-4.002800963656867,-1.818743789065852,5.997177662153693,-3.396798289959431,-2.518318319718757,8.265257093101845,9.957940960962745,-5.697859742161901,7.094597676388538,8.002876003300887,-1.104248695241248,-7.187705042168274,-1.476547125739820,0.423083564708456,1.362909031904771,-3.371695113132070,7.046394257839591,3.776680099393335,9.305692642103001,7.781824178029886,-7.369191520674701,-7.845158260258110,-0.363812577615780,-7.175311187863780,-4.780800270435890,-5.140418035931214,-7.684805370917340,-5.330091734541127,-8.017953888773192,-9.727782380987787,-5.554384887159047,-7.670112164909158,-4.942355063922868,0.250208593423382,-9.002315928014360,-8.459438215138924,-9.879318482576521,2.762749338937613,-0.250720524028162,-8.218754611946679,9.401415053599354,2.853805916278603,3.801019538247489,-5.557571137465922,-5.413283911747968,3.505746253319257,3.990396482393363,6.302503249237411,2.458166265921182,0.335291132733332,-5.403136615147417,4.843477889236558,6.360416686632494,0.845604867758302,-8.127260449224954,2.378849739656147,6.320525756624271,7.928160990249548,-5.266351745793667,0.271631672378010,7.033248962151045,-2.074525398522304,4.878122554895739,6.815145271734053,-2.890661856660978,7.161312917509164,4.513604080383587,0.500555089162365,0.149693897300441,-8.691378153223649,-8.594274720249846,0.630184680521403
-6.538719009320790,3.041164032728611,2.029523891581544,9.594164218515051,7.375645070074100,0.751361077478780,-6.518146335951469,-8.569664999406710,9.201262803592392,9.176015136011770,-2.444649739856237,-2.744682300504515,9.807737660909691,5.941919023983619,-2.430026171629511,-6.679736628462623,3.181128858446140,2.596460972148849,-5.680967517037399,-2.659943984642492,-4.207040414139456,-3.069476256023805,6.788781646760857,-3.948629350345445,9.191171821895971,4.261990084547730,-7.354999492966559,6.113955728430195,3.818098396560476,3.681536793096962,-4.890343358839884,-2.696101558265688,8.229029679548155,-1.946216710545697,-9.083069539890376,8.777061344095618,-8.336074514101945,-7.017910831818317,-9.641584577638508,1.063930799372915,7.522756943006783,1.714101510465547,-2.076677005921388,-5.059247245199252,9.028772576666157,7.328667858200227,5.046968580578035,4.774903266446969,-3.670857683460920,1.870793802750780,9.563930105753737,-4.144928421391826,-4.207286444522844,-4.645329139030594,3.241576507679870,7.562737915137937,0.695927891871344,5.358550388702081,7.537966032885581,8.372892861719869,5.774541293461212,1.722650885354131,7.844214722068511,4.461684660674042,-2.768260234077415,-4.297117311531391,-5.449410342093712,8.382409453491334,7.148377876632132,5.597378758743300,0.890387422706212,0.231172123630936,-5.237310617481041,-8.598490710594849,-5.424760919830747,-9.104243416241033,-5.939750078052059,-0.160852557357202,-8.618281397733337,-8.753786496751912,6.551528789327811,2.223305886961731,-9.649856861730981,2.238974537799105,-3.719737735266393,-5.178656439393432,-8.172234309617444,0.333502869470177,-8.087458433487081,7.324940023719620,5.817840572218669,-6.020758556860817,9.385141267907315,2.173756887172765,-8.961356203275091,4.731930569522486,-3.784293870274242,6.360511382395750,-8.275066469360258,5.789895702180910,9.745123828816872,1.443163729290582,9.347602444749672,-3.901402252778217,-2.524152634690903,3.950943756937766,-5.928215508874910,1.311137306560997,-0.125914618210892,1.774071713722174,8.310017344513639,0.047375057297065,9.204332266720961,5.651808972168480,5.680179444878537,-7.201611093742999,6.606394512843124,-0.184230262820309,8.211554884185542,-5.392186330696720,3.348093117528473,-2.165949902294455,2.880079661633792,5.935125038702292,3.968755150204181,8.116103495353876,0.477304206730926,-3.443807927137432,-1.747200303891619,0.562668028724183,-8.906039153656964,-4.199674900964776,7.530221545401634,8.906463696463017,-1.083218105604837,-6.746881357662073,3.490269898923341,6.508052825973373,-0.242521244958487,2.738001632913923,9.416415505219955,2.613841106782480,-7.241536514159518,1.410238298206652,-1.506448508686189,6.586787293926669,-2.568173359722294,9.041588982702670,-1.350781421790890,9.417280477493879,-5.508399275816034,0.336836888859541,9.281581345758383,5.208733420474863,-1.004348384420442,6.933141622337882,-3.780601893060112,-3.506451036365588,-2.334240830701885,5.585548137059501,-2.142251712490022,0.196207639159347,-0.320961059387383,-0.726197225976952,-0.080873541104191,0.346918720004970,-1.717971718900506,9.370329700936320,7.198207541602791,-8.238865199412794,1.708705163566577,0.487766368371087,-8.686009784570947,-4.402282174958312,6.243228718504337
4.652189853784410,3.942558141292871,-8.620332940024998,-0.394987373834459,2.563767945793948,3.855312213618143,0.539521525417770,-3.383624300497152,1.800259948408014,-7.697298739084568,-2.993786951097568,9.480659810448905,1.588697520434700,6.683269192316956,1.929770637952540,-3.101923278889698,8.609780044670696,5.684931380708079,7.177500345048262,-7.517745528586801,2.508329094756778,2.587445379689335,-9.430304509394627,5.990875443975138,1.781148769563819,7.786701418461362,-2.522721830238483,5.172802950292926,0.638747436520921,8.606593333033498,1.949003041750061,6.575615968235141,-8.699856298015543,8.946734308422183,4.004437170280475,7.044732371485072,-0.481583788291143,9.118944832108880,-2.674679171572134,-6.152798929726533,-0.086763491773915,5.930022114258675,2.651886769475242,-8.473192971221717,-3.320764095559563,4.664632213512828,-6.403895893453855,4.063629731684479,-7.400256325435135,-8.011930181831897,-4.478018131402399,-0.867825129574209,9.483671472432025,-7.172235285124174,0.774761976579603,-3.112043239054325,-4.236879229839348,-1.572317235653175,-9.232718821455222,-5.193181240580973,-7.216155247936284,2.442874567257542,9.164306905126502,-7.753655323911928,-8.365768073035539,2.338742327239272,7.172629075684828,-3.775802268202348,5.740324030774715,-8.867673873760630,9.567630376753755,3.819376583117457,0.043434940063161,-9.585795019152751,-6.132083182470797,-1.611419476494804,3.971208607001726,1.921298856147457,0.354702774159993,-0.723425382090186,-3.976873612693055,-0.875851133243682,-4.254414669343623,-2.603997748172762,4.208832564790105,-3.402586020760683,4.838172331382452,-6.962303413156650,-2.847715334476248,-0.383468240966350,1.815092788664783,2.849532009278198,7.266766636804441,-1.290638036238745,2.256528122840795,-6.443915770269520,1.782701107825797,-5.072139201903076,-3.479456625815336,4.094846992050268,-5.613940489901436,9.687145760073804,-0.542675986623795,-8.438748658522123,-9.196717354486308,-3.892669307047230,-5.866645040922767,-2.257145112576535,1.116205849349608,-6.203263518295692,-1.223131145708109,2.826651957377070,3.790770421133320,-6.255977034642674,-3.874948152212758,8.297792545571422,-1.719304267533026,-2.255651447177726,-2.965508674609341,8.710105496363564,8.556206201302192,6.264635408051802,-9.647478206901450,-3.374448859080756,2.975676178510462,-7.026969417067295,-8.868636239448534,-1.230755299637632,-3.464320899990914,-0.386260525338276,4.330042784738490,-3.988729902888366,2.920194011045005,-8.673522437410845,2.145375509112803,-0.419400663285929,-3.393563952024163,4.280467483137011,-6.684676090615740,2.341673674819072,-7.359708680612038,-1.915559983814269,6.438520580549415,1.696515023218758,-3.298587527535690,-9.158072081631801,-4.814751785813463,2.830958271948088,9.224466149840730,8.496024210684293,-0.076150957975521,-0.745956181976304,4.142384507032046,-3.765999927411863,-7.763528559496260,-9.547523669210650,-1.345475690934377,-0.695007414844964,-3.703401709031580,4.850963086297558,-2.395975690746113,2.088676069735005,-2.294158758461835,6.565880500817421,3.861659201762922,5.289732325327961,-5.705682265365493,-3.331604332712852,7.252192996789859,-8.174232567326445,3.459814485005516,2.446918092606722,-2.896538758407086,2.514439637832028,-6.064023438252151
-9.684349311060569,-0.463702452886094,-0.535489891396125,-9.556913223694739,-5.906572059037667,-6.872478344377666,-2.475298701672457,-0.964721405923413,6.525872180833794,-1.519970514396929,5.857420800315744,5.203806786669867,3.829770519912470,1.466419066732199,-8.564448509450351,9.132762094196202,-2.793220932762132,6.091272215672731,-1.529125548618673,4.658565785999272,8.271053338985137,-0.426814702995081,1.276707595006952,-7.040131022748328,1.171922038845480,4.361179874634306,8.214175209507136,-8.417125866103419,3.326804934553655,6.644954159530570,-1.449301507610288,9.295754756751204,1.300737102101664,5.849325605391414,-7.875681958104900,7.721307724853975,6.876751350592766,8.964050649455348,-2.922536582216273,-1.014243364398714,2.694306027555662,5.903274918033429,-0.687063359299312,-4.571629213956419,2.385338130435041,-3.171118209649364,6.241747622512435,-8.451388921736562,4.367196692749136,0.638825818543712,-9.198163726741198,9.818597584289510,6.636509526585677,-5.070825751968000,-8.262173952750519,-8.572739992112728,-6.927301750748658,9.612365645407017,-3.485016159144143,-7.694655969534077,-4.133385422613427,8.636999797328993,8.030526169499794,0.154891523701250,-5.687295317444317,-9.544660086566397,8.132794624659891,-5.047541670770714,-1.160928528682843,1.536769869333694,-2.246128436299979,-4.772487023750951,1.875143181397066,9.773638616395726,8.132872523622147,-3.056862447929928,4.829578805671851,0.444009338975174,-3.640644933938608,0.120088255136954,-3.554909737961416,-7.586171137390060,-3.536310591509581,7.493633236080619,-3.612372414330478,-2.260154566548300,-7.473971052054269,-6.885037503340364,5.619795808633006,4.653544929532886,-7.390614968748981,0.184326892799934,-0.140180554341320,-0.238738396397316,-7.162143471102988,6.172101610183987,-1.422861672436834,5.686481936951262,5.110689542226677,6.001924388062957,-1.622975414155972,9.235618151859605,-6.933365041926347,-4.788892893454371,-5.754943759570919,-6.477758428478174,-6.357144935183303,-2.108020229449612,3.075109477023592,7.236226816690309,-4.207322017886927,-3.576824667515595,1.476801721641863,5.756861797615374,-1.160768611997211,1.878301976658411,4.671664770901122,-4.958539342215882,9.397054140880915,-8.839378489341037,9.530041399072264,-1.239807975583266,-5.617258267974908,-2.662594777277077,2.728725441733555,-0.926155276297308,-0.745067663997407,3.251285936833748,-6.556847028286636,6.913813222519703,2.973966422202999,9.255244718843226,5.084015656888623,-1.988743381406671,-2.356469381547958,-4.714478628525187,-1.845002521411610,1.133408579211769,-7.451467491123783,3.801436085365991,-1.434688822178584,-8.675001814038088,8.344656171156622,-9.042647374754084,-5.951435276695978,-3.310998199854554,5.672286087586688,-6.436986063577188,-1.628855910409877,9.887240014359922,-6.064817703839216,-8.540042223425262,3.435672873753546,9.551101477567155,-0.656924064836096,2.883711936326701,7.406546318696567,-6.391006325870658,-3.089312335473124,-7.025189103027611,-3.788020670401686,7.703975841531555,2.439721964228397,-6.178887497229817,4.997618869874849,-5.329501847460287,-1.495949923414956,9.874712248455484,-2.943813740398418,4.082212668180777,9.379245103836727,3.198328989128106,0.632639716780757,-5.491049492941533,-0.788932117021888
1.492339527653774,-0.654458187293145,6.475272762589583,7.773109495910404,8.941099657466204,-6.860700031674172,1.145278124753261,-7.219855627549741,1.196158509157712,-1.974671682425534,-9.059822615313525,3.803517630756325,-1.296964302652492,-9.345493246823848,6.453793038562857,0.435374548368927,-5.764031042136382,5.198281662265121,1.451301388410808,-9.807030603626199,-2.638028114837452,0.848858062089048,8.659046431640771,-9.024613877288894,-0.810531390958930,-1.623257015506548,9.231532852793457,4.791031243833936,-8.535223606002209,-8.870332210603426,-1.898368183493975,-9.106113335565960,1.038609965546662,-1.340521539578173,1.953377355457263,0.120237943636388,-1.918292454203796,-8.010405991821079,2.258172984319909,-0.412823277664312,-4.774473952143127,8.328630452006220,-6.854712818099228,-2.667667599674717,-1.661751115346339,8.604622029389322,7.601535393149149,7.918368091959739,-4.111152818130083,2.068961132548781,4.654719608300420,4.962359929262366,-4.520411752066078,-6.735362855711298,-6.058737343772682,-3.772206770860440,6.937471655624531,1.048602097245645,-1.782271963621687,4.250492312976009,9.732328902833498,-7.889141644469992,-6.537264500990332,-8.028550028855078,-4.474150374807236,8.896654154968164,-4.903739213904588,2.364716727907581,0.437927549639081,4.406967509772350,-8.463317737022587,-5.453963467183649,-4.079863766252041,0.765787420127108,4.961299056820929,0.092304017433957,8.453963582670077,-1.624500622890672,-2.131360701472640,-5.286367599715868,2.118343694321824,5.561510898042606,-1.293206706307654,-6.340298164009699,0.083336533711931,-4.822021561156784,-0.187194377376210,-7.330366556616365,-8.462407805045920,5.989933951193713,-4.653930056403741,-1.293538535132114,5.718283187304852,-9.972952794274905,7.172205961858769,-2.651478287432855,6.875160856475986,-4.365988643172212,-7.421133655771374,-6.300916381986069,-8.600132988896336,5.273543267360051,0.154765888283547,-9.455195160698974,9.162251610593696,0.690825773824841,7.618962012353911,-8.350845697515101,7.284375760916028,0.036561046065708,-3.902302016386932,-4.334435403429056,-4.088148282044990,-2.562367967039192,3.901832401768308,-7.143711896912272,5.826146587991978,-7.304927085136070,-2.884227677960107,0.574180388812495,-5.683351025076478,-4.781330927209777,-1.741771431676451,1.549322058151546,-7.553318917352208,-0.480207799477350,1.307986798543650,-6.391993673801039,-8.975920541987270,-1.836076816545301,8.623764712977575,-4.445385613835078,-1.264734565902350,8.737551575242264,8.458711632252026,0.167392136694103,-2.541811112886487,-7.566171515945516,-5.286714805403482,-6.659178010175664,1.431323392254850,-4.404777680713281,6.424895541203281,3.166544255382666,-8.909909911303750,3.863549142396675,-7.366221639106993,3.694205568490407,6.748266150333770,-9.473127167256317,-1.269788774530774,5.955152044336305,-3.633887501500643,7.212955992244940,-6.592747686199935,-5.180985461587449,2.166827447520969,4.808001069842687,-5.063573022422492,-0.698317241710827,-8.994657941761188,0.921669152793907,-4.981756810422871,8.488701224251912,4.825360794608923,-9.874531278007897,6.514253203952173,4.482977714946735,-5.553654213418529,-6.487505971627920,-8.918082199261672,0.151361341812413,5.027862690258154,2.825809420366978,-1.531460979844939
-6.778469879227018,-9.673767621131329,-6.913660812435856,-2.307805518388388,-1.679781929921816,-7.679356040755218,9.240117512338060,-8.101764513287320,4.144647503524059,-9.837599168140871,1.270531300122418,-6.737564381038307,3.544839092942986,-3.982938741259501,-4.173710777453850,9.163336147497169,4.917346283007486,5.889557810525016,-5.521853519687145,-2.357461276917226,-5.775599091498044,-5.610470158706995,4.896364979070583,-2.070471417055833,-9.174137377655567,3.434975569216938,-8.234153874067655,-0.871082325194418,0.312454369143749,-8.902464920498348,9.551106395137147,1.053627216636208,-4.566892730856389,-2.940096963220052,-9.006456902602508,7.663540242320423,0.544528512328103,-0.623001868520374,-5.119043070838226,3.718898158186967,0.813821827006652,-5.545741407343416,8.250211290056754,-5.911163339166561,-6.732276368229515,-9.906789031915395,8.553797995955719,-4.666070542484311,8.692690501825357,-0.800654868153341,8.716283961552463,1.375515016186757,0.200864452302161,-6.610997842312352,-1.612199807434910,1.108849376844452,8.029581158533983,7.881182643004845,-6.889855808447109,-6.328577127009134,8.360589748013986,5.916929152709891,2.660770715982284,6.461637520413209,4.930938526804720,-1.920007280542492,4.482671948824441,-5.489508544839041,3.565347243069560,-2.698669762454591,4.390675000278780,7.262759399663587,-8.330895980835709,9.332908302030948,-9.045182486720673,-4.282346507306183,1.865944398420949,-3.489497028417102,-9.131180346001106,7.904479796690129,3.740349259454117,3.824701850250014,7.967582661775204,-0.047125992790967,-5.667236629012349,-2.044392768489360,-1.071339202112924,-9.374192962125441,-2.063948705986443,-0.742572254324134,9.006487326702000,-5.266417587614725,-8.582783853898716,5.472814861023295,6.737321346812436,-2.039414429622310,-5.158953358078135,0.910284803986247,3.633344958217910,1.671243500601335,1.935282591235552,-6.581173812057070,-1.975322032323083,-2.244229305468655,-5.489433008764388,3.766361717910460,9.048469393764343,6.247671582551209,2.474858881519284,-4.676390562518826,-2.218324230128800,-4.900197270184615,5.081404319125928,9.136360469310329,3.856165304667785,1.818232155012518,0.388991723205587,0.452855148016925,7.233512223058348,-0.740828801446899,6.698225987151236,-5.988829062978763,3.355565842048998,-5.736777165984989,2.547782138289028,-8.643877803325319,4.379424775486370,2.171593860050574,3.680537021849791,-7.913626116400696,1.727933614034068,7.453436794061744,-1.444951363570919,-4.871888255538426,4.864729706504043,1.619800094274561,1.372446636365785,-1.987060420769440,-3.646870794595274,1.100759236381743,6.493037332989207,-3.061544109632424,-0.868988238790255,1.714832688498735,-4.476424408747079,1.261941664347656,2.864718631757794,4.582055833057954,-0.144884541826219,-7.413157906110388,1.483862851240676,-0.513767232702866,-9.173451259362714,-7.245047874335004,-2.577982929931963,-1.788386659032708,-4.241107029601034,-3.420658309138764,-1.323935782341582,4.215525733695937,-1.626440964458380,7.908923372355847,1.510346612472148,9.731439841191239,-9.424305901026626,-5.789907852598104,-8.325192924467942,-3.384254197944019,-9.360967757746479,2.726843038273186,1.449236642544429,7.546964523807759,-4.324263322109285,-2.472917699219527,3.477270727903694
1.822802653224686,2.611372635289184,8.094730438540264,8.254666988656862,8.278375218951950,3.849872689033083,3.259502801641530,-3.810171310625745,1.346186037135176,8.503554746431636,-2.356908435047293,3.026096334756158,-6.354843524740430,8.623041301288403,-4.607169142098096,-3.969167938478185,-1.849335496516247,-1.577215444188820,-2.154155495796197,5.456226096650616,-2.765537979321717,-6.122207950162548,-6.933425601736554,-5.381443366632148,9.956211117825447,2.773001283786103,4.040057512716286,9.033462437893768,5.993724947746744,-9.911806766672719,-9.098079560060624,7.224180915203082,6.523899580948807,-7.759860228991149,-2.231827787137897,-7.107456813804093,-5.250611887258396,6.901109066334730,5.711716826849395,-1.713012432899678,6.506094109635331,-5.311065197157543,-6.092103462274496,-9.561880085907992,-4.009670688559819,-6.157118268097062,4.104454627010794,-4.071028202634633,-7.733423897604716,-1.908834304622715,-5.622422089976713,-3.173924945230686,-6.669387009187737,-6.975858370367424,0.169394937984581,-5.264516038655451,2.532038720103724,2.755011780308811,8.323178312489649,-0.573192789923541,-7.674710648358780,5.709606587705544,4.774571786044149,-4.628392317912164,4.671143798322202,-7.462065164126077,1.187030979028920,4.249695007163902,-2.806124648005803,-5.997685144134007,7.929098113161924,-4.801337188906862,-7.773820290876086,5.208504268723996,1.427997140437594,-8.632088742248596,-5.954116048991471,-6.557201725745250,-7.189506503213543,7.438773622694324,0.659630651209230,-3.921626209567266,1.836520138785254,1.815157737522938,2.312041225674024,1.635859203800308,5.864879390857316,-7.521309239460776,-0.281451181601351,6.181218445434581,-7.677659965656138,-9.471487218091777,-2.937111931740466,-6.941023118053615,-7.913073831030751,-8.158373245335452,4.361907815688264,-3.978838675421073,-6.111997189689284,-0.397759082401395,9.382704860001397,-9.569979148792424,-4.659445000215459,-6.660624604344465,-3.997200910675471,0.845588429279642,-1.806867418710947,-1.628533215285191,-7.499280403223743,-8.077969314347317,-1.685542742114187,-9.150447991098286,4.373605022626620,7.131435258825409,3.032031725082458,3.284166014924647,5.830444155778267,1.619182123297151,1.721924927391967,-4.447031009802411,8.795508381888730,-1.784120261296424,-6.546499276578047,3.905244966172699,-4.250934539451057,-8.323119268803909,-0.223395099375022,-6.685388944793214,-2.177774569648630,6.733067291338127,1.292832122781359,-9.745786059499519,4.475800876326129,5.332447745920255,-3.275842573857275,-6.235859766948626,-1.775478760253888,8.219284231815632,1.599790812273188,6.352966751468990,4.811349149809301,-7.797980437417764,3.748461951738857,6.950185745261628,0.312948516525182,5.012081569757152,9.851182635094268,4.666084353792089,8.632601821605029,-1.014459578369578,-7.720109369164668,-2.879389937088859,6.431541555584211,-7.518324409396618,-5.728305884568603,1.481946386323242,-2.864767353095981,7.625290775318547,-9.256631204648526,7.034739507993265,0.022535935501685,4.086301134256541,-9.016322142202991,5.501083549310042,5.399944942378545,2.114956993770880,-4.095416956805518,5.326620205462051,-3.308904651079548,9.310844529731941,2.429964078640642,-2.876922143532481,4.566592959240898,9.406278719184236,4.877076810810889
-7.289095281254692,7.654362563585885,-2.149340190936655,4.225589186050291,6.048772538124844,4.521464455492053,0.567033922506976,6.184682917488104,3.716390793250524,7.274664584716788,9.353449101077427,4.934949235722863,8.413380388430021,5.189734093026008,5.999201918328508,0.119682832357062,6.530316640996279,-6.517911712607861,9.385437578012535,-9.417571226839188,1.531944926193470,-0.380149058604349,-3.077617252454107,2.710946907421441,-4.824118240509070,9.064406971122278,-6.230631798435984,-3.107093250007589,4.096649621233045,-2.700620056792142,-6.097291926072694,2.787615098573122,6.900973258428166,5.692389748481506,5.736398204310252,6.205465763531471,-9.032349621327374,7.135641033253371,1.166467823988402,-1.031453783310162,8.593751943616930,-1.613160463552232,9.221452652967983,-8.395371098002926,-1.275635702134014,2.429004389514393,7.523369100182123,-7.673727973997105,7.487396464862083,8.812872385627731,9.047760101746444,7.038157361018008,6.886890207576773,-1.213296219030131,4.920035626111162,-8.824354943295386,-5.678033448993054,5.775254648026891,-4.839808410640036,-7.152097403043987,1.589373844277116,4.020461570165558,-0.935880742993936,8.680605589587834,6.581542402371426,-2.771176745992310,-9.722458649479155,8.979709436765589,-2.184466829737193,7.938186857430125,-9.570443394026602,8.852174160079574,-9.623245379530287,8.766910127735613,2.514502870716910,3.461512089704213,1.853895384252727,-3.688830663774628,-9.860206539233820,-7.105241623361891,-8.066190711425199,-4.887899819168884,-8.919488888825954,-4.653818875023699,2.142804665226643,-1.667441666114602,-7.266016185582249,-2.928688654435945,-7.959418451710405,-4.354580009004563,-8.167799392694697,3.689450518355535,6.853261142674341,4.713041814335162,-9.149490942434904,1.045923281467422,-9.401206714125161,-3.232044884297347,-3.357464670394730,-4.082458245248535,4.505752241108443,4.858452669193682,-1.961060198644017,6.249744745267616,5.164809219754963,-2.551826566804993,-2.522547835156299,7.654150980701527,0.068763425574037,-7.690467818820883,6.614286159812213,1.914398870777095,7.392977156441393,-4.258515380107482,-8.420192841493829,-8.676833564933293,-8.224423504274496,-4.493710770278241,1.101303104781499,-6.176795366801395,2.789455520583848,2.948744661709263,-9.063347307606493,0.685187172326540,2.012834751150818,-3.447842217945183,6.469325615264971,1.279767728487066,-3.364237001953214,5.728295138446168,8.204347874696065,0.978270146646592,-4.775107540321475,2.515806677770289,-7.394168471335584,1.656117484002523,-6.141271245240043,9.471641175309145,5.238359413847897,-0.477858225885793,-2.894619532432334,6.900077090565723,-9.342592250361736,5.842692894600219,9.998209621210108,5.269590783673610,-4.289390964499047,9.716994712269347,-3.879532853770002,-8.285057751509745,8.335402168536646,7.745448133542240,-4.128908004965128,7.581146639842085,1.599187057014879,2.922171287067417,9.591185545892451,0.223570322042670,-1.195464733610267,3.855142206760274,-3.664119974260815,4.723262157776116,4.789627119633124,-2.093372386323265,-0.889251560294507,-4.835730438480878,-7.589352954205935,-2.725588752651083,-9.543201003246622,-8.199971045848557,-3.773769586436928,-8.576384788011600,1.979237799739250,1.079024164175344,3.061802999104605
3.668698465029559,-9.040614722042314,4.959796760774083,2.414023193180286,5.564274588430937,8.319148344868140,9.562196524238431,-5.790118987094170,7.767079167339112,-4.242149150524408,4.818102788789796,-3.509784799283939,4.638309087019261,6.471245851406092,1.244953847130253,3.476564007330143,-3.114276954827702,3.901117472876720,-8.304318671351673,7.475835731669719,-5.971891447129495,1.391752691759660,7.296934630434663,-9.997505516190213,5.021974759177850,0.082118977387992,-7.881449041722792,4.096046135267263,4.896486858122067,2.738805353480853,-0.873618927916109,-1.930093442311778,-1.134936716238244,-2.660255833381027,-6.415761143897325,5.038178656091411,0.416443212202651,3.113165985092019,4.446373808610389,8.008324157232604,-5.250897468717827,3.184713543818678,-3.031331282252310,-4.533119331195728,-1.913265772869050,-1.452534374884593,-5.732158233508469,-4.384155692958130,1.535747882461870,-4.589543922339776,0.923562582181612,-5.386617461657089,5.650412930468519,-1.131978560156583,-1.274915560876249,-7.390366549601294,-6.741668581225905,0.705723093135052,-8.569869649946069,5.054869808513532,-0.391171285640223,-5.705665132807112,-2.924333183986938,-8.176065218941860,4.771163610886218,1.458114857950349,-9.116097342828763,-9.072341258129306,4.252638069479715,5.269221223103644,-2.283841174744749,-3.360556682024123,6.195903577760944,4.222401905395660,-1.177994468183915,-3.071405844016453,6.158565519196944,-6.165869162390876,0.934495518814922,3.247463939439214,0.939106397007436,5.857257268182860,-3.659038466225766,9.192778539161093,3.317116209790925,2.381565792382075,8.407272457133562,-7.314372909618506,3.575407965285970,-4.823684463008702,-3.068433441997271,2.945833066464283,-4.384576448010062,1.970322708892351,-6.574172609363642,-1.942733834084917,8.405047281049519,-9.502223939451902,-0.496626716764769,-4.952980727763626,-8.913337285763134,2.405455515241634,-3.990438791014286,1.642055129128217,-6.282251123042202,3.795291632130935,7.762287172151115,-5.242350424891473,0.704959579053581,3.639541024970590,4.217070899683456,-0.151523930726828,-6.164592222666167,4.706723294527515,-8.145186180111228,-7.729098176334279,0.218429767514328,4.570097456200319,4.553970129727052,-4.537462303843458,1.145249339781840,3.414317909578131,7.634316068076274,-7.266976030366874,0.436999784607707,9.830638531974486,-7.371878190907994,-4.496813348008000,2.816731126104905,-8.329303753223433,5.248410575764357,9.714664787283503,1.008904099505019,-8.575146976698324,3.523447942895375,-5.861606433301345,7.667376395817236,3.453770909501285,-7.347856059925477,9.299028083473800,-7.365161840432098,5.747324270868557,2.302178916305476,-4.801643517896035,-5.877643769949755,-8.394688792846232,-4.181299964636310,-9.527060232627678,3.343550626868437,-9.822417203765340,-2.353431685252662,-1.356048483317087,6.469022000291410,4.819850498060488,-8.136299340485266,6.225555320987290,4.164367286211201,4.194481731011235,9.039635178229869,-2.433608791841544,-8.804473098933482,6.510926505996075,-7.375438069079632,3.346832896915542,-6.180931143331538,9.582658822803456,-9.122923818951136,-0.934227033052617,-0.866578136736614,-6.685426307682372,6.524904691238863,6.026412609335850,-8.892173485024937,4.002557423148073,-0.945243529876649
3.146141296946404,-8.558739071404915,-7.398376159012323,4.474229228169209,-6.854770739533686,1.238931515604293,-8.804413686610184,1.503945170213960,-9.897677624854511,7.228882933660071,5.379247304386061,8.781663055745042,-7.570547536426247,5.585378552866992,9.405658297978832,3.728092096784083,-3.538139789494847,1.820819304770447,9.396342635846430,-3.442648407066806,9.552130336809444,9.865288117247598,-3.206857464146980,6.594473430642445,7.680449297911586,7.373800041864239,-4.249406785101019,8.633622115258447,-9.274435339874119,-0.314355065842511,-2.999856670551422,8.757199625137371,-6.388485446200396,5.323586042117920,9.341078869711254,-3.054319903697156,-4.095319689225033,-4.666584496192638,7.942303811119302,4.952018044325666,7.325496730317372,-8.921009644994990,-3.660948927895767,-5.682963048827658,7.239242653551422,-9.891999172453760,8.174523826131701,-8.148525355835620,1.606581014512049,8.633807158951946,7.733859695202590,-8.511020003699489,-1.729963081233798,8.313552644722066,9.599095878999243,-3.279441181056462,-0.898792252688798,-6.356453642453229,-9.912756880347327,-5.384228934516444,6.843678800770437,-8.247230651935325,-5.696966957797363,-6.434038902000050,-3.592875359469203,-5.372512673801230,-7.996727910241894,-1.845681074807024,1.861990760365106,-9.375150430628223,-4.311404194057906,-2.986408976364718,-4.321311143911557,-2.256538839155040,1.962695558957417,-6.022807584843093,7.722783446016567,7.540591157219612,9.536057007664866,6.901633426995559,-2.593176339973824,-6.627654223562232,-2.783395551286181,-1.637585061460999,4.053215194532067,3.583976598660438,-5.768390178372607,-0.513236490127172,-4.881438196884675,-0.270664617735672,1.401948987509380,0.031836253997328,-3.109402004342170,-7.188576608006773,-6.687842666423414,1.472975174929633,2.859734470986815,0.489931978355781,-0.761272140167668,3.921116960854082,-8.360199789396939,5.939676644578478,-7.346113680291770,3.397531332616975,-6.183205730382342,2.910428799508884,-0.406557323215832,-7.731101915338494,-8.006409085273534,7.203114914695995,-2.012312812969235,-1.791736516287799,-2.855922917501075,8.666201818821307,-5.183604360422052,3.677137727767201,-0.667700392838729,2.029037777453404,-7.717836100788067,-7.491395616844645,4.145705970384665,9.773533344617103,8.691867973298070,8.700784463901815,9.656433754895673,7.612406578665372,3.909243759976357,9.204874275233855,-6.760937952054034,7.994946538043536,0.875954046397982,2.628708783401471,6.583600804688121,-5.298550810897533,2.518559639453599,0.374237007208976,-9.202591988676176,-3.864388672989771,3.689647199603098,6.123811181581562,-9.803310167821618,-4.307201462928150,1.602704255297734,8.068840637235517,-3.674312573400879,9.538429599690165,-5.402585087609284,-1.814850907831181,3.982217727165471,-2.661136108847413,3.278413624500811,1.360484747678711,6.464217955667337,6.652261309699419,-8.058976249503665,6.914695654372533,3.226823601444446,7.512473248215244,-7.285554240339112,0.485884826980294,5.336408419381474,9.006030208750911,-7.553216971467112,-7.333155122657824,-9.670653531619791,-8.244682899659868,-5.223652777954014,-7.654836377444836,7.286487643343193,-0.547242155127016,2.397412513402111,-6.759341731632366,7.248106772613564,6.652857576045328,-8.021700228315506
1.033546721570136,-3.984966270721644,0.631513370531140,6.850035525746087,3.331633128205542,-8.435944332422789,1.459840672021359,-8.700690680182916,-8.591409868673168,-4.643011185916039,3.276068115501840,9.749090724968816,1.665699678635361,8.916584552112745,1.603212720290463,7.373229486071448,-1.618623339642355,3.293579309723576,-8.249259640269187,-4.717131888243761,-7.796339689518385,8.695999336826336,2.596066247542367,4.408607200490000,2.084964338489680,-6.374828961152065,4.456331477435453,4.891470842513360,-0.493326892831652,-8.322142952229827,8.646041329937400,5.471576545809096,2.651585260618246,7.861248046049965,-1.414823786770716,-5.440754578697167,-3.005576232223715,-1.293479467851498,5.460030591288245,-7.928087318012773,-5.490908310995810,-2.245222507491618,-4.571111964186764,-8.613788545228543,5.794825049817540,-3.981109030117242,2.601307912757374,5.071529610525475,7.613513505534172,7.202434461632350,3.919169140838633,-0.696832970409776,-3.310594821910541,-7.984863182455866,0.421420298776876,9.481013889361449,6.684786251872609,-1.680788300096932,7.958998636381605,2.375313992573949,-4.767303485805467,-5.406145885997327,3.933456475477792,-6.853320484036775,7.358729205245030,-8.041691481346863,-6.679365766620180,0.314605668198418,-2.092643053018839,-7.840407381362744,-8.523943374301847,8.401433355381915,-0.177013013101790,8.634481042984930,6.636148546175640,-6.486709043724847,-0.877216631898783,-5.985631882465510,-5.738671160505888,5.494544630905519,-0.799292388314576,1.219611670460450,-1.518290399477777,-2.525913893373364,3.963694760128966,3.473976470928267,-9.323421923616790,-8.665023969141881,-5.906448846724377,0.597298212563061,-8.926873434896212,-8.934818263791190,-8.956002261150251,-4.428234330658823,-6.089645050105661,0.639429352068998,-1.300836934599541,-9.001639443588203,7.776491294485290,-8.278544614011523,7.499387544965536,1.838331672692384,9.727899402466747,4.718889072123730,3.618228973505795,-1.244631074507542,6.938298254337994,3.726846707502800,5.420751934972543,6.949287121121621,4.966097197308528,-4.891475862102281,-6.996703199724708,8.906281996043457,-7.364874300580175,1.612781734641455,3.765151901628061,-4.132859089038272,7.860434899974695,-6.891001529315495,-8.775734491365888,-7.961477997753567,-7.785529989849653,-1.536809818608035,-3.996583200166192,-1.454163628471456,-6.212886460548550,-6.565542389094206,-9.451396774200976,-2.344913826051560,-4.620759724829641,4.339343220687741,-9.437718966955117,-4.081077936706629,6.169227224905178,-2.730790451421337,-3.729275773843568,-4.477383540047517,0.755389713199719,5.266457964508962,-2.365823272634325,-2.328532532027259,2.676778079285826,-8.697458602318468,5.949414459862055,0.624438449553608,-7.616528350824854,-9.480486223466480,9.368714677270937,-6.147471491371470,-6.368220846413982,-1.670452966044015,0.585958816168947,9.903985118970223,-4.890637432875988,-9.297885975885578,0.611986139392418,6.364884614264671,6.137308146722571,5.786765043314553,1.151473315187253,8.352920249650090,-9.689229087656502,-7.903120849114038,-1.103300744866836,-4.151622979699421,7.638411343910605,-3.123174313152333,7.985077733794668,0.048132486719490,5.790785093690578,1.575780126323444,6.390787918332567,3.496651111194097,6.094705139007456
-6.348474828176236,3.131471835656436,-3.041579851438287,-1.100368360025609,-8.129360854043055,-9.172247503878602,9.284824188184782,5.904003233500086,-3.732226476998061,-3.103946206664350,-0.930129324915629,2.354191135743795,0.737502738065023,-2.804234028499564,2.411244117700637,7.650777769516992,-3.387270451944970,-9.003908865233779,6.468992050915055,-2.216028176990794,2.901525094580485,4.829079708480755,4.957561323797229,-3.242237087874908,-3.501859472818174,-3.602835654515191,-3.720968873058618,1.584514920053639,2.695578610808838,5.675880589337833,3.110720446269484,-0.688760882992996,-8.654692322425198,-1.896138260579622,-4.358694265340630,-3.428969487280082,6.636607257623915,-2.783638773154353,-2.510701858608668,9.008302532268463,0.090897723226400,-3.226985657483946,1.012604597585863,-5.498616591972450,6.643760199235963,8.085720299614202,3.707271102358590,-6.697667535206304,-3.868031222115150,6.688689240685541,-2.108436823889262,5.663031423394422,1.378228558237907,0.813588521733376,9.587524619074042,9.369130156328730,3.969472926500107,5.360737113686376,8.761102157484739,-4.107280699902597,-2.172051038212414,9.395063794301965,2.832344450334345,-0.281195480070737,6.038583094069338,-7.503466181782718,8.937283887844231,8.116169087238323,9.333313299961855,5.873596406927534,-2.997923957191960,9.140005640876030,-0.461323091310742,0.856967564047853,3.041078518388410,-4.166489858453993,-7.064498791992929,-2.033802613434073,2.036667675018888,-5.999559113540077,-0.026244852733647,0.050689332496610,7.550861519355074,9.579169831901780,2.038857212785032,-2.310490455229896,-5.402156946193857,-4.406835159019804,1.854997535867218,-5.401755760669051,-6.112168110906468,8.215007280622839,2.011369904749870,-1.445746232634997,8.470731736190537,-7.200934213374861,7.566238577686018,-5.521448879751619,4.285060818281002,5.285509643961721,-5.729049840295460,-0.937487934391342,2.125586347398992,0.014173800526072,-4.288536323633063,6.440184691753711,-3.005796103873188,-6.839746371110516,-3.193213990053496,-2.078273872702665,9.678412100394741,-5.736961159795553,9.360450026373755,2.457755491927037,0.804426019758257,-1.331453887036904,9.203601113904977,4.231485567018684,5.097868242807717,0.944213091669869,-7.064820034413928,4.062324318997682,-4.004239561582774,-1.383772910597603,-4.938355519417048,-4.800969610932460,6.292461313442516,-2.190792965465715,8.942224586727637,-7.434662537820502,4.922767753149975,8.175097676874948,-4.233446134534966,-7.338939898573256,2.504224556528268,-4.461408403484128,8.069558564144259,1.928458948426950,0.598550010418013,4.801764657187784,7.038629343472756,-1.400910128896012,-8.952626327159328,-3.938771239533168,-0.968440791534654,2.392840243482979,0.265503781973226,6.484359942719600,-2.410696055105729,-3.259982123809837,5.303589798103701,-3.529085384627759,5.259017129313548,-7.986943410931866,-4.744878716297489,-9.874559093872543,-3.407948891230914,-9.797452365761290,6.516701916188154,2.346048772426014,-4.675171747476787,3.822949300071638,7.749784114429850,6.959932350024303,8.963098850567029,-7.579030309309374,8.446575993591786,1.040368728404630,-5.761224473075252,0.218306597541119,-4.943829580342200,5.752499843619169,-6.810739625150529,-1.742953996738477,-3.100509704719643
-8.507686882402508,2.578285951198856,-0.905643154411136,-5.458264015737595,0.962437638955450,5.632263602095088,1.670225172010527,-0.807774629079319,-3.494605331480898,-0.303008964168132,-9.291972669521027,-2.472057245181118,-2.276751108292785,-9.851173599661127,-2.842136810732887,9.651931555384092,-7.314219125157737,1.527682645015210,-3.813462782021240,7.858473498950072,-3.812186287302161,5.617719961542422,-9.374455669841051,-6.538975001496996,-9.912086545720296,-2.281843690536669,1.430560462138361,-3.925009785478237,5.399927812274861,-5.572911922500734,1.262766415692933,1.299115182038989,-6.045257893087883,6.283144217544070,7.825990837168991,-4.926770654154167,-7.151695752399498,-5.303348868535451,4.245614727946453,0.574976515304046,8.411772561180165,-5.841141045515757,1.625865995967956,-8.484014949463148,9.763416366813139,5.709933488652776,-5.170317988881507,9.683698924088585,1.334859171076728,-8.017033684196139,0.288144576356615,-1.816517374409843,5.459858024651226,-2.303655745434994,-8.981828402379300,0.876009638923884,-7.295661426359641,6.964258081941345,-9.849309597198886,-6.175224719367218,-4.773739448757142,-7.281796436574037,-3.832422384295091,-8.842571088551985,-9.056199316996203,8.917255437661037,9.366847368032037,-1.580602219153164,-3.118327780505203,2.748166132383215,-9.045485239586089,-2.111504312160813,4.995914399066248,-4.390019014022415,-0.221106244683369,3.624735269158963,3.156606953834299,8.542323134157414,7.149791042713165,1.285326276807602,-8.921927058179227,-1.436295203932310,-9.499217709788541,-7.281292124075359,-9.236513258678327,9.402417648913989,-8.981304889190522,-6.574119829219985,-7.911934524321889,-4.813278873319106,4.561736653247536,2.110586183499750,-4.039714901146203,-3.085107401724434,-2.531904927854514,7.008902544845000,-8.816342019579135,-2.523401726504025,-7.867014244352695,-0.665366560483879,3.876522227579251,-6.341855885985723,-4.964870155776506,0.779849775543738,3.959513011216597,-0.583105626457037,-0.942900657388247,2.679804918684052,-0.040611354974009,6.427428860491908,8.108144188948312,9.453797295291377,-6.425999808032243,7.011385482673031,-5.009945365011541,-1.296747308470259,3.218415168274278,-3.368848112325904,-6.182683882747339,9.363080926298363,9.437657847837951,5.289808321863557,0.492329129958710,-4.188377987636387,7.185777627822201,-7.763438168217598,-7.057721341324590,8.602803646386171,-0.585374329104678,-2.842600238065445,-3.499863612268723,5.861082419828353,3.779919790493855,6.446675179629860,-9.569689658413552,-0.751159326371738,-0.977300002589089,-8.906150813159819,9.908848968053860,6.211217952321142,5.279481518721363,-6.552643831272791,0.069717421127836,-3.506176566956909,6.163735260761044,1.673774245292162,1.000135765440209,6.390231411753565,9.036730581641834,-2.738400560971675,-5.809657780521542,-2.266071759352444,4.184791050403160,4.831199162918381,-5.657709035622693,-9.687956349659629,1.840064042938110,-0.959092220821017,-5.015607152525023,1.770624821897595,5.623630975176928,5.960064710099964,6.295270305766405,8.696672327174671,2.656118955624915,-8.256152412319844,-2.231262729775391,-5.381260673997811,6.951914810827532,-0.935050332408661,4.742972950446793,8.672574649639774,-5.054268879207974,5.618123991880600,-5.259332721832497
-2.687775909811149,-0.298581228557675,0.596648080709892,1.556631855193508,-5.219725811569910,-0.996375410219033,-9.492126192444960,2.011068800428452,-6.446404233614138,9.966400300349036,1.393935383233453,-3.117575498909718,2.783112659803912,-9.053001909587806,-3.285063021711641,7.173082371895273,-5.870585286856189,-5.299294388002142,6.997433812674313,-7.028815987154156,0.787917187586656,-8.491406422749744,7.028872980755942,5.651321651170274,-0.989595782009815,-5.249583495454367,5.252842987585723,-5.892830606352312,-5.099240715510803,-6.149377947741000,-9.710368363627195,8.613042855739184,-6.550484063294563,-3.323892047828336,3.356005801575815,8.473745250657352,6.448364287258158,-7.121965568521293,-6.531474359006372,8.947883240774612,4.162126874888081,-5.016728213100381,-4.332328485146477,0.572086082186736,8.343025993041756,-6.965719418024041,6.221145922354701,-7.281236277512488,-4.094789797385490,-3.920990138441049,-6.123498973751587,-3.253169204836059,-4.433170667283006,5.935389552756858,6.232749489701622,-5.146146808402968,4.286134148170362,7.062204183805228,-5.844937397568710,6.014944041178278,8.699444389637002,-6.812950877580359,-3.407164656241671,-2.722962651201268,-9.234226952056950,5.701514318539154,-4.438153750718062,9.965176195110978,8.744662733123484,-4.218162211840502,7.616539883831212,-1.593727004140382,8.368575918946675,5.842518597618277,3.607404374917689,-7.240144051357394,9.105514981527914,-0.975014180250035,2.814690795132737,3.000264520379543,5.607698179485290,7.126735631123214,-8.542491713984710,9.624069712006069,-5.538071296243851,4.123992684915343,3.567908558218196,-0.825433425671370,-3.845703276257321,-2.809150642963296,5.360013106796019,-7.129699623075602,0.039151230200858,-0.347657481349103,1.191662353627990,-8.900769372116876,-8.553314989049010,2.126856169263682,-4.585231040160140,-0.303374580737799,3.159134094287669,-7.356457006414758,-1.253638296973030,-6.331822360311758,-1.971038935138461,-5.119454251512520,-4.581946379149072,-6.262874590437502,-4.607434993997277,-2.619104055579151,-4.879744301724108,-7.106970662191592,-2.262283435435730,-7.183024478674715,-6.335250171183279,-4.856974660696971,-5.567466986061172,-7.136991153402120,8.552167309146810,9.014752578176758,1.947738218809912,4.749670439071586,-7.243398985727108,8.271052349381552,5.172165190237781,6.005900659726503,6.997791101915897,-6.877241367239071,-6.291225473044141,-4.152292092285073,6.641411253327178,-5.649621810305452,-1.769847563252942,6.143836320871973,7.678159033079911,-3.480439655724497,1.035535554042077,7.688226561160256,-1.615419305227757,1.231751674752585,-4.858581148621644,-0.817332912074377,4.737982885605117,-3.354070654080578,-9.330808617526333,-9.632908811428065,-2.671395612364764,8.848995383273142,2.814406990313721,-1.727477626588653,-5.068158816616246,1.964670637693043,-3.360407829895040,-6.453550928400908,-9.256293586971669,5.515875516412850,7.937857394789589,1.009596925586678,6.407835185446846,-7.800728572099638,4.098060315318598,6.619156006765770,-7.813128524961598,1.008924141586146,8.045923027475872,7.262956119201370,-0.495279123918726,3.056352061681801,-6.828509919368598,-0.742989790902966,3.300284588899782,7.660736523399123,0.793102957449666,0.597424204993258,-8.449398554580165
-9.716257271818352,-1.503038042455977,6.107719580039266,8.194368074252100,5.236266975360401,6.014183718722848,-2.739172558153111,-5.051975486345839,2.329924075533658,-3.754436444530738,2.089057622853549,-8.025289550465271,9.862642027596447,-9.215830399440421,5.506877251991023,7.950255221724504,-9.845890576010675,0.942712128336590,8.313208880465471,-7.898217948685091,-2.356145571161992,1.810924873550121,-6.555748895757516,1.540716238639028,5.750390376413442,5.193662962167963,1.686952025343466,8.459197225359347,-1.593048426083183,-5.007298705567267,-9.591463656496391,5.930041025431915,4.385659830539213,-6.899334660478013,0.996996951927315,-5.551503223514742,-1.678212156983490,4.170357886290326,0.938113791437633,1.161493793793518,7.591799830251418,8.230092033450489,6.920060053379181,7.013891228551390,-5.297225331520925,2.949922675209184,-6.313542034476045,-5.342615405057744,-3.523082571970262,9.832608931147394,0.252425081433277,8.544979667334086,2.710985961901402,6.589908019344403,3.778000305519038,4.141094368815537,9.773605699535494,-8.627084285723077,-2.017727341605873,-0.227706537179714,9.695263121172740,4.577018626840450,6.316589101457659,4.642031333652774,-4.063506277173023,5.077199507371738,9.321965234965990,-6.180824098676750,2.055644693944696,7.634484124479751,0.693256854628101,-6.147003391118697,8.694378571760659,9.136521574968807,-2.022598359892919,5.214845068034295,-2.539518531713281,-5.553901263863290,1.424781114666313,4.397187898032154,-5.102297463910426,-3.414230274329448,-0.058023562998859,-7.620307763952066,-7.290223941907101,-2.171693870277249,7.322354521257211,5.233966826207219,2.340512834357353,-1.543424632763355,-2.945684185390560,-9.001466619245930,5.689653215819746,-6.303880694520374,-1.529416130790697,5.006516779874580,-2.036312260489359,9.475881627555484,-7.077854621336845,-2.788299484895555,0.295735178302701,-6.426095855468395,-4.953038834203040,-7.042062842458696,-2.210061460523023,-9.141926141881596,-4.955278282170030,4.885430933830152,-0.925158663513789,6.492382431248391,-4.007964750465254,-3.859345261673588,6.271847395995056,-6.216270757008779,1.496119432496190,-5.815322331179167,-7.344537919584189,3.785200220309580,0.740000515655414,-3.677099911687485,-7.530264558791020,9.395583255362354,6.844906124011953,3.002804638160288,-5.433558237301899,-0.242881268178024,5.020013816100500,-1.049080912370094,8.360428168186196,0.516572578236465,7.078162146797396,-9.415883989856422,-1.436321618028567,8.793203017285013,-0.443568522388682,1.236755319625081,-1.129694710844491,8.419246973341831,1.143240182723543,-7.617784719214436,-4.487028065374692,0.404137155099109,-9.436473210765485,-5.777973005615344,1.559972541820153,-2.496098350950846,-6.224623245680030,6.498295133720344,-3.460783669445604,-7.203812323015855,3.523908997853791,-3.230665952170531,-4.927773422081572,1.818953929758377,-9.828545229900339,5.538413999978564,1.162531165821768,-3.066445235341735,6.881087211980091,-5.154119947289127,-7.024044828790322,8.234842472033662,-7.706661324713131,9.105372932068011,-4.896987052686232,7.298773924349582,3.959045989165087,-8.253156411792190,-8.770039467869719,8.023867419141066,2.337250592775806,8.109970337774627,8.453612359818148,7.625030808566610,7.424437206409543
3.004505257850990,-1.833226916639543,-8.658237241509358,-1.638882210760366,-9.816977858572194,8.823983068706482,-6.636561491688921,-4.752176161788261,-9.545544949367867,-6.232897007035028,6.852181319417738,9.599169011390934,-6.810616375835171,1.390242007626572,-1.126531014726082,-2.629956918729553,-7.942607044383399,7.051524266595109,3.964258158112283,8.975203921048966,4.842850172759354,-5.092971531385373,-3.371657013257705,-8.740065340508000,4.398933768999203,-6.999552466759380,-1.402849724110746,2.703662354229960,1.512302461432380,-6.559013947973655,-8.374805528509338,-9.444593294745882,-6.260542731121439,4.500617186696321,1.239154219486425,2.151008018529648,5.891150776757401,-8.205916292430970,-3.648875696257377,-9.136364118879039,2.028640505679071,-3.184900612762083,-9.219557496403439,-1.817249891442279,-3.414571224182888,8.917789926001497,-4.697054499266267,-5.587447257536978,1.931828032923432,2.908353142854489,-3.741723274027327,7.813580629726992,-2.866255643732387,-5.597932129362588,-5.974299613824554,1.608491088586966,0.298025380360684,0.628339029084163,-8.571490099420394,-5.970253370025325,9.715343115556927,4.695972880351331,6.094258268095977,0.134586068879248,5.834322214852616,-2.997734458755430,-9.516446204647815,-7.870594154772994,5.535568748050164,-7.558834264215477,0.736859964853650,1.574287231053420,-2.798273433454956,-7.855734010116038,-5.652925678871821,-9.922328438975686,-9.024622374247574,-0.949910653518824,5.950181700889010,2.492895882812070,6.100594594427275,7.237716579956725,-3.284043578557394,8.950505713235501,-3.968018418020263,1.368987893706187,-2.666010789357736,-2.926233910575884,-9.838076003094782,1.887472610138266,7.297442607932147,6.628454589202050,2.302874664647440,9.930992007782635,7.774684301578027,-2.094860840683356,5.454209581234284,2.833898673506976,6.489480851576076,4.246600989555819,-4.775828776567403,7.168085743715032,-7.964049704591220,-8.036896576360110,1.258305256308978,3.649022052364948,7.807815131063716,-7.444481428294807,3.096685518878662,-6.448062226538900,6.172351558209787,-8.076733808521688,-5.691174682978861,-8.204626242652173,-5.642414806810652,-9.779781038578815,-2.951753600449580,2.496603258746767,-5.444461325292245,9.191208312118814,7.121233291223540,4.007993064477811,-5.275267301430715,-5.033262589283085,-3.895210606630641,-8.797208255322895,1.973406018141004,0.347740300757950,-4.950583572618658,8.597388387522184,8.434698995142153,9.575046808217515,-0.017059383679534,-2.793050468433258,0.325755505747500,-5.048539575901671,2.081860559735610,5.261143580074281,-8.778930272214486,9.125378772270004,-6.311876536774903,-8.108481797426911,-1.614685517378582,-1.519202951724349,-8.310909436916884,-4.761925748518623,0.465795374275654,-1.862688706596089,6.178319874172214,8.916305056645630,-7.549911143789481,-8.591597425618332,-3.639619412639250,-3.414357056594599,7.165797686793574,7.015057187470383,9.120583049584855,-7.664878594839366,-8.293043871294552,-4.832857884027455,-4.912105940449935,2.041708017423732,-4.751572249082394,7.526710419278128,-3.042020180696401,7.778813767577592,9.765402878330399,6.978910993837388,-1.345562863683110,7.379768529803890,9.444015002469527,-7.559803225423680,-2.810940131227810,-5.995052686025744,-1.999989384970624
-8.052980872117431,7.842006808798111,-4.943234619984890,-3.652165274686359,-7.407689938221678,-4.434158097504697,7.904981879084801,4.920968751093628,-4.849025407957730,8.659694050639473,-8.302598742283854,7.979258779814863,-5.000954845242993,5.922454838625853,-1.402615239431785,3.539607402513509,-1.504930493687889,-5.144218255352115,-6.527306606934447,8.972890793801259,5.042350953507182,0.891011235433643,-5.418648210018098,6.771299339112460,-9.476038316678281,0.191521960031855,-8.736565939674779,-0.627309134754231,7.402535389753950,1.374691626884246,-3.633759240336872,-0.643325844134360,8.443999517085079,9.403701688780341,-2.084574604317197,7.228767138316602,6.668234071768783,-5.051952889742837,9.213806943143165,-0.890013440122354,-8.919406196268113,-8.346659200130105,1.178812783655426,2.159307540327383,-2.413800638635697,-2.972385805116520,-5.161423687283135,-6.551581913299538,-6.710330539988501,7.123297122754884,-2.263753629291958,7.449417837536839,-9.089561813060707,2.110657068177723,-2.865742354005789,9.753588362196254,-7.916120080528140,-3.625757671740204,1.574882033480415,-9.690943315021967,8.785262620403394,4.547649448816259,-6.851745121382276,7.358843768429956,-6.568391385745205,-5.226682040426603,-9.375932686227813,-1.358820865139748,9.184010494040667,6.984301510479938,3.102033378444716,-0.754547974011402,2.608383599472585,-9.931267353444950,-2.128453008238449,-7.625445661519972,6.272450571482654,-9.296607698047879,-5.193306445185457,7.752301614901043,-5.003751590586365,1.388849749555934,6.703921656368845,0.271062585073613,9.814360592685418,8.859130376449997,-2.615347051722942,9.742585263446671,-1.723790426816192,6.419151690909434,5.860480589369805,9.107066059594587,8.017043578706463,5.818313672464544,1.897953680650408,1.717414245140461,-4.479455232433162,-0.339907708115351,-6.979216222248821,-2.168517100201073,6.980334254804713,5.928918033787280,4.595309204579912,3.294147012300243,5.171033980753093,-1.311542599040539,-8.083357152643845,5.616459782824323,-6.144402306136167,8.043202527973076,3.291460706944214,7.906887230874386,7.212227670604467,-3.729700457988598,-9.232462455316615,7.748739960452184,4.447976835933575,0.420101832075384,-6.493840370902639,-7.577842661825867,-9.111018250335707,-6.970903657779526,-2.924297288351728,3.272338513191340,8.565532150515740,2.966067022002425,-0.802677059722154,3.591084700275633,5.080232387875130,-4.221928158446735,4.085869121821847,-9.954888077753521,-2.384797046450229,-5.068551496552924,-5.262731258000670,-7.079614814813613,-3.291101194493747,-1.599654715204405,-0.206984330830267,-5.414333653401748,0.094763251092207,-9.293059594786587,4.732666650315441,7.531101038450661,0.649746106430511,1.007959165923110,-0.092704898315297,-9.586733618530804,7.993062244546472,0.312581542460340,-0.417456192764066,-6.679320188105978,-2.481515867631952,2.728247862518691,7.309635804782285,-3.701743246253155,2.744291917440103,-8.710067621818226,3.037248556783682,-2.466431646430949,7.448951638983413,9.950894504659363,-1.954887265873735,0.709367561577887,3.300510989351411,-3.485900503689907,-4.148002954521792,-4.699890753275151,9.195087703950190,7.187629240266606,8.436735095820755,-7.558662271667558,2.019401260728245,-1.386642301428363,6.086146845588200
1.854458091457563,-3.719056174757256,-9.310348124687742,8.217530546100676,-1.982536181506427,2.144987224435955,-3.940176284023971,5.271670127787047,-2.719055781511899,-2.774412547692191,-1.885013130365511,3.957592674980868,4.098486163697352,-1.326867013419090,6.537093662643073,5.327707963589026,-5.027361070156536,-9.643619368632582,9.911558721681125,-2.718543447728980,2.060568790739945,-8.458601151781981,8.470467334860100,-3.763648562292977,9.219329078058955,-8.420944389782756,-1.657966789227000,1.376736323844900,-6.057775102945548,-2.766644472276464,4.253784044005730,8.677186371758278,8.451327160055662,8.135016984165993,-2.019567345817754,5.392472223645417,-4.069515935752768,1.825112005326975,-7.968714124608482,3.654735164528374,2.843530966134409,-8.754487187561331,-4.810225692887289,-6.021907406703551,6.191488985288739,2.157236706456999,6.529985575805647,8.644605729185301,-9.347361249149813,1.145982524014233,1.698047505780560,-3.911732036775721,0.155314162663359,-9.036187825488778,-3.107660613234415,-3.617344151119386,5.867092540005512,9.507436850578529,8.602224238881981,7.845331665852886,3.302352237803166,6.985005371489081,-4.303421316306775,0.205968567614054,-0.517294036550995,7.125454610521615,8.805638210680030,-3.931160056280040,7.164518678501683,-8.148763658029686,1.871459437110106,-3.483224524017445,-8.301502021910547,3.581247424792354,5.613289354882003,-4.987968229348732,5.325701354616392,-4.953427559917765,-5.759628475788226,3.192718162586036,-0.347667931113643,6.114452009909389,7.919764328380424,8.740665492396190,7.659054661591693,-4.200876933498330,1.993148614265404,-4.704989929534767,7.779616665335332,-5.999118712085457,5.339618143094892,4.628726363679123,1.222621688166587,7.565318207116668,5.744024631351806,3.984373146450327,-9.876232195816465,5.295917947301474,4.524720818761406,1.388728371474382,7.223297200531057,-4.450329424864680,-6.703815113634482,-4.116168992528706,6.376845906350233,-1.245673806287233,5.137563465183472,8.592856849205205,-3.695182448405321,-0.439309300356719,7.011784941301318,-8.439557499820245,-8.546342205958819,4.639486738578007,-2.741693321985379,6.210856516046196,3.396144806405948,-8.106474146363036,-0.295510417428302,-3.871628469309325,-9.825174748110753,8.165164397337882,-2.267844988154327,8.827034458567052,3.365866817016112,-0.840614020509705,8.766555729794074,-0.059162593881743,2.787085538910485,6.510001037925257,-5.157261665517561,0.757817853339695,5.187438421776456,-1.056447970866621,-4.864974712180521,1.216859641535706,-2.261191193047551,8.047681076893586,-9.830727530909664,8.304760276726753,8.126445991633339,-3.097467535369574,-8.038485981753169,-6.200948266281965,-1.367879578578728,-1.213371006579266,1.757079175158768,-2.648190573697129,-1.594548187625948,7.676545715588908,4.032954878626979,-3.062111200646342,9.111125662364515,7.085519299994569,-7.168161504379535,-0.258857906799474,-0.092295682690192,1.205754327379005,5.908059980538059,-5.388859495625978,-8.461363554160249,-0.983707063830954,5.556598602383476,-2.268721272353424,6.928266548839037,5.298850716253437,-0.510345880562236,-3.157855465021768,-0.666200136556029,-2.494434388824907,-4.830138631963854,-5.314447151540440,-6.681576972832596,-8.188736462709723,-2.511124191371959
