293.722182513140183,-154.181474843791221,-509.625428891896888,-347.061022451850477,318.190590536874197,760.965900416211866,-184.835465550904246,717.869627939824341,-301.501590054995233,228.095796894059674,-450.251973177589946,-515.902757053454252,-232.843458055925993,609.555147381806478,211.974500707699292,-724.848920602296289,88.499315584402055,253.115186575284213,-490.013809937507119,633.397887639897249,-75.894889191310028,688.369591683831572,478.140137770085460,387.802713049851491,-100.074577557170826,124.865004728022413,34.002089834361136,-574.484499141718970,356.968727880900758,-166.741233290903693,224.005156499558495,447.233395880491344,-109.776229404532003,749.741935554079078,103.386551647808560,607.065354419552818,-679.767243106453179,-125.209152684766593,1151.237515607960404,238.705535871233280,644.992458185895089,122.897823861897592,1016.508700997084475,342.806888646372670,-41.175458303622179,-229.545634875728751,-384.455176274592077,-382.001504737428434,814.135726485263490,107.992877931416714,253.674495876590044,-703.413667937152695,934.079684785600875,-53.370764709539905,-621.775934585357049,459.719005332274492,-223.681269381928530,76.861463836732369,-908.439697628035333,-110.011912032618326,-153.778676453989618,54.740516962193475,16.600237102139499,-248.706145215953683,883.984188103320434,-171.925623860909582,-519.507051495798805,597.144752654119543,-401.925671538373933,-828.825204939340438,-385.078342455999461,30.022616222971255,202.335296891684067,-330.298643201653874,213.916195936917745,-50.902543121366975,228.796791320908369,290.648114121893514,235.295495062715162,-476.897938307537913,238.700410399256810,125.209324638061332,-79.734729014675253,-64.971192602901283,-88.317120220234315,-382.767549014391079,-79.554264098746145,27.068627286115667,355.534032559933792,378.597321258356544,-120.858706680705779,507.663008636593247,-131.644865956967124,-338.516476198738587,-1106.266574490015728,-146.515072992794103,-241.798967613114996,148.985210529912166,632.519692455715244,586.637547314069025,-212.449781135304960,-231.953169232436892,217.371848842976618,241.014479426447195,-324.417095575666053,15.978951843984063,318.274880733122757,595.427841441305532,-212.441427394912097,-169.393627976809654,-501.493105647467246,638.650270080080077,-418.244483370692933,700.328235522469754,59.364092438504663,-621.862321474565533,233.830717752670324,-182.452519417896525,-19.497708458872250,-62.180105119806093,-355.505615077390246,-69.456836666184060,-353.179810332696832,279.473204054715438,630.948189155560499,-522.332545709435749,230.723644092724641,-747.899326301433689,-140.566264048700390,-406.655462147968251,760.838772335085309,247.450130059143873,2.835986529423683,318.172081986304818,-215.178051792447491,200.851027794389296,-517.132495051771343,-188.728212875039929,-40.011945471645781,39.038196137599805,40.273262176998578,-128.373266593658457,-143.622107157951262,611.768020739017516,-176.221756129008185,82.033506225984908,-146.506758383720779,64.675073359993050,-613.120302384913202,796.948817546526357,61.268838116463513,133.095178634371592,-362.184448212784503,-456.765919962848272,452.454585533116642,188.509614045701227,-282.536865527960856,-391.100881460394703,182.657546864662407,-650.208482569883017,-250.329983800940880,-216.525906122468172,-566.302305416881040,629.218603219955753,-39.446391993592215,830.829233546064984,26.892955460874003,435.421276332791933,-372.169969074519884,-741.224703782223855,425.661841563363055,388.244164200478167,-139.163786908234755,129.913487931912613,-172.766279071926732
-494.781471470381291,657.261589547791573,-315.918007741158931,-740.110608314062119,824.694439388692786,196.562925760132458,-488.255518948016970,604.596695329656995,-168.434691927020367,-42.369312990315876,305.352138547332345,162.872013756182923,263.010341346745065,113.489429934306543,146.559310463600383,26.978962013047493,705.947954988093102,-296.872320456881084,99.502276570114219,-342.896059228604884,177.696167572115939,186.927722893770692,-105.424644267002321,-121.951576018828490,-445.992996178279668,50.027290979981295,418.017343444032122,395.250493248418252,-35.572494435289443,187.619262871268290,-868.739928568984965,3.094981269208994,12.392347811654076,-283.526974193931778,681.257444754050653,342.893427593211811,31.381226716310742,157.178204375215842,429.477005090894181,626.691854414733712,197.699713840229208,110.233107946391073,-385.759330597132760,-23.677076818377117,-171.974220493766666,-137.897387432846415,424.745008262447357,-63.536679641547487,612.874013797923112,-352.096772102661589,309.125374612892415,-323.404473784799904,569.411184750204256,24.357727154256875,53.115845380930345,246.070357103541824,351.809685593199958,422.400403576895997,337.155576721311775,-283.204191338974738,962.077684030715659,-865.445272156208603,-42.380108655463935,-478.871662581176054,-652.020516763176033,-197.760946806101174,48.528845240954475,-401.989303506576562,677.030550241937362,206.643461095638855,69.956480777485467,558.131725290805434,608.294529544180477,329.827779760288081,816.868166851903084,898.500302599587599,360.066350467303437,-86.122551940274562,312.647314937666351,-137.673546086854969,-133.077856640785058,105.197741912268782,124.461279018842063,-578.659702139594174,267.241240467739715,-71.080099495016540,390.041546242110428,-393.355739421893588,-119.926313666473703,440.412858574137431,-123.156483149915914,514.520902469908833,36.049652034914580,46.300464505549357,-39.662842984340891,387.619762081051192,-278.774341903085144,219.637465225480469,132.745540024990447,163.700285605037379,420.205265759460985,-213.173295113151369,-408.529916052441024,187.032818518428201,912.096625796952026,-272.604263738655277,-155.508556239354249,-125.281257241438226,-555.535074692648777,367.172327567037200,-417.922927823892849,485.063278036433246,-218.347499138815692,331.380860847691224,-160.257825435151489,426.628478783448884,506.524969417076250,199.067168467699105,87.885609087961299,255.175282402196217,-371.967020658223987,245.099942255397394,456.793199312900640,-355.889328050447887,-5.882393634849997,-553.204341996823132,-24.213249551081290,372.582980635701972,353.567495757527865,101.867887659034096,321.926345323579540,237.066248768501509,927.151585046989680,-320.169434051448661,555.619098501080202,-87.700948789763572,-894.512701276426128,-205.230236537470546,-446.225903302706399,54.008663204940461,198.695196500462345,181.885114275871445,-625.373962515094263,445.157654999132603,-200.570069658719348,-60.485110075448418,-102.785594309076146,239.021201959146651,385.243010683409807,-170.993354887245005,-64.405337664152711,75.100545086001560,-89.704489151596164,-154.464013092364496,-92.599497052966470,784.325087451082709,-97.670530661746881,32.200495752009509,198.930299390435835,549.714093869328508,166.718700827260648,-28.237074290880575,-395.336534932372160,450.569501578362122,-467.853882258360898,-138.676553647085768,655.208854050701234,-37.736628552276912,204.755283412102017,198.263980054453725,1121.030063022820514,792.826947029504026,404.104593237565041,3.204834238846175,583.857846948501674
-464.649046818211275,-747.891880432185872,480.889561586315892,-158.956908994558660,111.135117753217230,236.352162030196581,719.632614585715487,-365.516388220035310,649.510373131015058,572.791274682194739,-90.463983748981931,-123.798496600775067,-209.018236210729185,238.069276335390185,121.778436959158284,203.414514787003441,-118.248139128702874,-196.903589449139702,-86.601262115778610,-643.437040952778830,634.545780810437805,81.803859405656411,532.983347325106365,420.377209565542103,649.782178596904600,195.960607033491243,189.664956175033495,480.575372734306313,-76.445614943514784,244.819972898322646,676.681835474382865,224.441294691551661,-861.117286297323290,-329.092787839006576,-312.965953167139844,-241.363364230925669,164.173613632217325,-477.501950162787580,-423.215657437472487,326.116708474254722,27.161920787756593,-51.369048445866390,108.024258543754627,-954.047421201981479,300.390195310269633,559.708778138383309,125.166568985611491,734.694690937770702,538.721053308037881,48.748028508668625,-363.691560826282682,-324.871335857237170,-20.320255245715114,-1203.320726488188029,316.470834263831478,-812.859038643131726,235.691117140974200,456.188292151290170,162.052900139155184,92.972922371725446,54.672392421588292,-718.925802751711217,172.461914174434156,-178.993331635899409,-483.279714195886015,50.584421678018167,657.766134304657498,-401.572568418916660,-24.578335026561170,966.803951484283857,-47.554563758207820,-966.140078241297260,72.999766070407105,-257.841537332663506,260.091970381911267,-175.363088030694513,-322.805436612246751,-365.186365646099034,-131.295001581428181,615.414036021179299,146.030900767258061,-703.299198678499351,253.425204238816889,94.315491879499092,-580.885515736383923,644.581876145184310,-566.068196391107335,-467.826193061440563,194.105603883002573,210.552407887512175,-522.429045804669386,-14.757185593651348,54.642020463553948,-753.042434392992504,-125.895068162804051,-64.903777597814610,-740.875889206704869,5.221824565248063,-727.380624597893302,-1106.799769587127230,275.893786258623663,-3.428490450217051,-337.170766683374779,-440.665957786623892,-202.498922703150129,617.694230472921618,214.465717534004881,-111.397561583151202,501.482696140041810,-945.208213012555348,159.247856321475069,-215.049908803449057,178.752149190715784,-145.017627971910883,-146.950365135737854,619.892837236923469,19.489469637754574,-652.020850440647678,834.587676244682257,545.886028426126700,-477.675635823851394,499.658998338441677,776.447296451812463,495.986216415538138,-187.432146151511716,47.495178746996366,214.804150448268217,-228.999655442432754,595.959118176848051,667.534069020200718,-593.746052763743251,773.629052203168158,649.000303119469322,-45.988841132740745,-468.324788159822049,282.093052102957472,478.793303597327679,617.323701061045995,592.833927912747868,315.488062517283538,201.946295990016438,-64.349248793927970,-871.218758843255273,232.607374617168404,-127.097439241679524,-184.330576363173464,444.094428463132431,343.386530792468818,-414.039965289038093,204.693721676119367,479.918232526598558,-232.077023635254960,467.846287419039243,-30.502320359142324,-196.296749830556649,-159.528600126037759,-40.999590112799773,418.548393477883110,463.021609819451783,1171.122581430476885,235.964467934772841,455.040811024797108,457.988411793076864,100.343873399796735,189.984729330429928,150.884024407530063,-791.105128950847870,-116.849620505765614,-150.437133512282031,-611.711356082416046,-389.290226632825579,-447.184318061283534,254.629170319807571,-386.166243328064411,-721.931731752657356
-522.631527704140467,789.847888036534187,8.319213837279330,17.048194700111495,-654.371294834633090,299.584821683426014,154.586150421034233,-162.422367825166845,-124.349946275263093,246.482376333659744,-362.483674535071259,253.491096586926545,-136.575626175446814,-750.853756716980570,-229.211873457412139,-413.848471199907408,169.599059346803699,-126.441292624417969,-304.102185589069848,331.363352063241393,-237.624702787574506,412.171612510168359,165.950037524139219,-194.307095933843812,93.198247455669019,-6.483720118485284,467.440163747890381,-311.107264039140489,239.061370581667859,-669.629739457818800,-303.524154317293437,-785.354638255216969,189.126550866241161,-185.339661033767925,-184.638568185995950,505.065410846761438,547.210343139785778,-653.963602802944251,914.912206416968843,-438.961500381166218,177.626226774793622,-30.372270342127283,-24.371242030842929,370.040338933644193,-156.452114031224141,-257.996095643634135,113.310721898408659,145.823375824425852,-140.368293132784657,124.233711944719090,-72.005257201193331,174.184359145690394,-282.821232463889260,-193.866341092068780,-947.673723297696824,513.181825103775964,320.711532838436995,-448.324760627892772,-409.289080068461033,-415.716125793952017,312.170675159981784,-481.718149559962171,-821.515927327524992,200.878501546876038,251.249297443980311,-439.037018886933083,47.365735153110023,-511.408629658323946,-77.737977008431997,265.390381721144706,-628.566349875203173,-750.008275663571453,-85.935371465716173,-1012.526792296645226,-491.192526441416021,779.190168120542239,-252.342612775193118,202.728692243232359,407.606597421656829,-78.181227885566017,-132.180707820371737,-496.475018685676787,400.303916693433905,-268.187999146958589,68.584233822603949,19.847099530166993,360.042158123869285,500.406947614567855,-26.713579392284483,352.440588161444282,338.162928309849519,354.432689920778955,-50.469921962017992,429.518446894137014,-131.688603274711966,1275.739483782495199,163.555072907079733,261.863686231617351,227.157422023323420,-325.292432623035722,245.883944334464559,-113.824687375758771,-335.434861125644147,-775.962378369057092,-493.452206868050155,-73.701185319216819,635.386664320724208,-215.597910506685906,-348.135920352029189,269.717640679429792,122.874722881060364,-345.219590856914124,-332.324978710759808,-225.465815396796870,-270.106343360662606,131.612343256729929,168.367269081254449,-177.132246487953751,81.658151942993015,3.242205366514408,-716.009870554654299,-369.316440109166365,-514.298473920492825,-431.472684113955268,790.828918647580167,-290.404351514949667,-642.484758812300242,263.923608164740813,317.840504974676662,698.026094491964159,-37.471845629423171,-660.134675688706579,-35.954703615572726,-269.522374348506048,-384.879700006896769,469.946514278187522,423.603927547674971,-404.034891979697932,-343.564898217034397,599.841220431652232,486.088875616065650,67.344292231216400,494.142796365315689,-133.729255920861021,166.969666377141209,577.320903343382270,86.007823088364006,63.573687966846364,1112.673558421308599,44.931662724788026,43.860903553180165,392.938314556605576,207.769570351510680,90.040887455505001,714.262661256786942,260.531231239158842,144.074908231761242,366.261979789212717,478.220141952166045,440.208239180779174,-679.897097826417394,232.653647996811458,344.446239261954474,1487.410506360875843,389.744158844266224,-407.496611112904475,72.779710008235639,386.356832253403979,-371.289077403904685,221.775784607655595,230.317702907232388,570.466866010506465,192.180417408519219,503.201768887412243,145.435083332442701
363.025772270258244,-690.963178430990865,-564.954085268470521,-560.861053007598684,268.074089372312756,568.939212916852057,-409.620612832964923,-14.058871120284962,399.098473068034366,-213.686612049903886,290.013701741869738,-70.312101903793376,-115.096677443669421,-590.301380793995122,245.383424929849895,302.637258732428165,64.871289679541562,96.908136749239475,332.479564717483299,-611.841243280288836,-29.524652537207778,-519.575915823283822,-382.861189426157580,195.777257138725133,-287.944852267869351,-469.720021667068295,742.513229842783744,50.032160703266428,-331.936226528397810,316.832714710986409,-400.295978456101864,607.240824145528450,-569.992986925481432,-38.445789770302341,-929.082598963651549,-717.765315616683097,-30.010224887634656,287.091150429172274,621.579434124821546,442.461299449819421,452.876537782227047,-507.027805836529581,-184.084586181322408,9.373232846708092,469.043704342080844,690.581638666543427,167.678191583046129,398.314338196354811,952.860323939128307,293.820163046488005,61.758764337035736,-260.534971251919956,-82.320068023825641,190.887416255300991,357.379538726960845,-341.632966928904978,-931.505051075727920,126.435246021223719,-370.117549565174613,377.924979238197523,356.154678760704314,-71.029433282865270,316.047606815525796,-235.967596560341462,1.224404680731375,-189.096442925272015,-139.013075821757980,-147.209953708313577,119.072342284092429,730.113098111335830,145.340830090114935,22.589759986355407,-226.166090687735249,109.756598764650818,-131.320591885148360,489.487816646571503,211.763475885550861,680.864321737484033,-545.282314731333599,510.649576801900594,701.004219175517051,66.069590024450406,55.480398120115872,-423.253418432342414,-243.069235957843489,828.277916352159423,580.537017469353486,-455.144225295837998,111.057176830602813,-141.242266075571962,-139.299543823918555,157.405738190196757,-467.760789193491803,-77.555000616782252,-262.992578557537286,-727.636017580865541,-405.462589723788199,439.206128766276947,141.398939616482011,401.858259717866986,24.998695544909111,-291.708314545482892,-96.026726404174170,1189.953629605028709,519.906396814482264,-150.394403915320709,-380.209394466299557,-497.128927949038541,978.269723679056483,378.896852812207385,150.334572662241953,150.822993036420343,159.865929894428660,-29.708132790199272,-185.017629698318473,-396.528895269010661,685.989970647466293,-285.912156274468714,782.513669395652528,394.384799544807379,139.482305687939629,-27.307716217774441,-49.161427966335310,178.862560775634847,-376.063819085986211,-587.637691426126025,-206.176756934615412,-152.680422791573704,73.074534142690979,-676.091819823217634,-267.456514920483926,457.808978977000663,-25.809604128407955,-695.039258187271457,82.547143563521757,204.112749893081684,547.314745956759793,-269.589668323990963,472.452551199062441,791.398823146883842,-629.362309008407010,-3.717738952490905,-298.093025868281245,349.700619260296207,460.206675154613947,-426.532295369625160,63.963416379906796,149.178276860177732,-803.858856061144479,-665.021253796821611,-436.262528953312881,-666.224149985615441,441.164208355132416,512.978851017256375,-326.938646186869448,-490.981910470288597,-145.339053650947335,-287.248407099384224,-119.669401640274089,-906.773160134203408,16.414841022420063,470.607735563333847,308.510931226036291,-123.707608442364631,34.960039426029191,769.162678158975268,509.993240391817835,57.257779928380856,699.463550760168346,216.842490259725082,767.531399487968088,-239.563533244104121,2.528682903488985,893.575069519891258,-540.926308090185103
-372.778673435853648,-421.637004212871091,-673.190787464852065,-367.085868658718766,-1065.550841634118797,287.121671565553186,127.702335875180268,-144.455782285579716,85.598038727453343,-411.330208330033258,-288.571426461256806,816.435285222823950,-697.898901211962425,443.681822989252112,805.627706390404910,-189.742863036721474,-501.625811211647715,-173.575002904418227,-931.558772636926392,36.035302039386927,-80.458798804079464,-66.771585745822193,440.283612958725541,-116.189812376062605,-507.212874879946241,-917.997767732136140,1003.299578491437387,-626.941048502654098,-248.487329579207511,422.036200390488318,295.163413058203332,-518.397252919979906,679.014899767248266,-341.515888597527635,256.436480616370773,1136.912488246156045,-51.511318750998122,-860.078857405276835,-126.781485360545943,73.189605302573213,386.539748403946760,-469.835438962981982,28.844161633153707,67.625751201974339,-44.561788743655583,-333.305789787501112,-247.581772674993857,399.772034440122638,-418.403685502062331,-1120.556684721600277,50.265080146860093,342.222122288895662,489.504204531752805,185.270194772099472,-1154.668316025370132,704.574513883514442,89.065683279913358,255.626461509433881,-103.870019596776885,67.370037777275144,-484.509214971733400,-650.686688932919537,322.572975264741615,-672.800483300209635,383.636349227064784,276.617576647804640,966.601620578119991,-279.388634185196508,-221.180171229003122,-635.599281416463668,32.524044503080134,903.793880385179705,84.292824287354847,179.172981285213552,29.873648674094113,-54.012302598789404,-355.524595645908732,7.206859581236518,-651.423236448019111,796.540321317447138,435.145859714587800,238.520487318397926,-368.910477656241198,-66.112701308876254,628.003738243168755,-972.334647789460860,66.857929818924731,-600.976162070509758,136.329471627753776,-201.515817989426637,97.894671483812630,131.215703872921267,-499.674630091761117,-209.421528943243203,-809.490033354142611,208.830520058547222,-526.762373794772088,892.120791053584071,47.738958835787145,-188.952032942008657,-446.418188229029113,-621.530279807113857,89.644388633448202,-188.749751600380165,-442.141560131081974,141.632763131300408,882.317143332119599,300.937633488109554,-278.700283796598569,195.340423468285422,-68.904462225498236,-7.103397016261390,292.601473546005650,-264.088380325682579,75.911350868951487,-1047.815074102387143,54.523269607099806,-229.728685515899599,-845.543131461874736,-390.111009977640947,-914.945025240670589,170.357231259956194,38.252874200849675,369.002172366191871,547.036293998065389,-371.026434019073861,6.787315420426026,-153.648421673649466,-78.092612563646512,538.169767309636541,17.148083141871453,-495.415082202695999,-630.562447693736885,706.411625392659516,-159.364413687737851,319.644806265853902,137.188260872526911,-528.457184080356001,91.653323785155251,93.922640840672486,344.370010179154008,17.178902667329481,522.111982150294239,-346.667077300727044,-227.292123794719288,1074.426648312338557,-500.171482182411921,266.003244612429398,-131.083571919901090,36.976082562587990,-321.370007332678199,-265.505780036641113,539.169556030980061,318.192427267149640,-302.711488414664132,92.097834239192096,-489.143473127412790,-224.780923741317054,284.207932319167242,-77.700129059995533,-536.395571695336798,-434.849533191099169,-100.790556619639347,-844.444054513607512,-671.123217901151179,-356.556254117921810,121.691382965151675,9.487047358845288,-332.097641388299962,33.925174584525180,225.992394640953194,66.177511235722932,-874.671929848369928,-262.017837597844959,-569.281206050561650
-531.406268998932660,124.171773476698490,-123.641426301524817,470.623840948540590,309.814457180027773,-100.567979667698040,717.810473401593640,-401.577748874550821,309.870330642525914,318.798729989208766,413.870935520465252,254.266324954302178,-130.553396148375242,-266.760850527140235,222.098345509808979,265.888051050759543,-524.055551863428946,-826.581829623076942,-484.848364624270062,-147.620001379706537,-419.987692347253187,542.953941995903051,-565.714721679767877,376.036716461400601,-507.324657801318097,-173.059831960016965,-1024.527007171083369,533.993400506812350,-699.222452787893076,697.859348358182956,-529.731699220501810,72.172912909160843,-138.499023093506850,924.247239056270359,-1.521425608289031,34.425144593053616,1059.532359770361836,-203.870267059481790,94.624080876243070,305.120954044676466,350.497454018113217,434.452813833738901,1033.059134161507245,-486.336025748596683,-815.255663513227773,-96.455302875708455,-331.099289180519122,130.633112356181044,-284.075085393084748,473.440026477646427,935.650096001457655,-463.732697029472888,-9.637361844217878,-729.106997146762183,342.129818781212350,92.812207720518671,-665.835644886044747,671.457828502589336,-68.396422790073686,-805.681858568400344,-586.374925036000491,-28.186700095265483,-801.191236746740969,-268.488371846871075,-471.492129825127904,-333.475180379633969,-820.444040405034116,-303.946671868671956,669.438065874673384,102.262433778023734,-365.957386824214723,110.280992123266998,-62.525330033035488,-805.803035549738524,-434.508324658752997,202.682687558648297,-298.348708684155383,217.067414322943137,-312.480993059108471,366.480310023582661,-825.701237105050495,700.661737972625360,-547.580350711177289,-188.368619978637355,269.782965813141232,487.833913277141448,79.027972844016176,-348.375452110326592,-263.867015085503908,-237.813201593264864,71.104323967913899,-64.795198080980470,-389.763413129558330,5.061621870659645,-805.519642975308557,247.772359278270102,327.963935379212103,497.579667069407037,-47.167243021152494,-512.453353420251460,-85.813933604693190,267.117404713286646,406.086676002423815,32.376669158609630,-42.602265726149476,579.776529911374041,164.870322905704057,233.469917952833526,-389.782145041188812,-486.747998365779154,572.474760091860048,-76.872266471789601,64.278281169183430,-68.195807117643923,-790.464080806591255,230.651369182997968,155.072486209919248,-158.166145525194707,316.997707922146617,-46.068356742713462,659.682080221007709,79.800999898447657,-47.322283050306673,-133.594124670013088,-226.676488754116860,419.828141490270639,176.624453978636382,330.027360156929319,-336.961520017432008,-700.135634666475426,-123.130194968541716,113.531709003512077,-316.827733202260049,315.443862895094639,-23.806802993794385,-33.498125957252064,273.672133779558294,313.034514238685574,370.994411515904346,346.003143367609027,303.593597297440567,-163.832271667382230,329.376353355685183,70.171673213851832,384.890481379548078,-369.218682549464518,-309.203020285823811,290.892364943559016,-67.025361809639932,-132.100741734548592,-144.798208993315995,61.075269444302755,359.917365900769823,-574.699190565706772,224.001477501987324,-854.855248085680614,-128.928482504655022,561.273264098995924,-8.226436576062355,506.890185225484402,-254.077547141734641,213.747565948501602,149.132170365106077,412.059958250011675,-273.301774048287029,454.934950555848047,-91.018499337458621,-362.291696898515909,151.232509797102949,130.100381021720608,170.310243933133620,-136.622706154466869,-286.250335479900684,-14.576404150558622,655.607416898691440
-447.973964180124597,-176.891498087624115,650.107499710546222,259.359125288546636,39.900420892512145,455.377423875417264,-411.084842753004352,-30.831999976634762,-398.673093442649758,83.414025095933809,310.343463710176252,210.212275475296479,-327.029091786020786,61.374960316565279,1093.105503471935208,-123.094723044569321,188.858569730717790,-999.194328036375055,-196.958231388811583,87.360325056036771,-612.563523709937954,336.543871591521111,-53.539184299478066,-12.208203595021104,-417.007548310887728,-705.246319788768915,-816.305514926143815,428.000938706208444,106.241238543271038,-93.571604487395859,-201.043424375055025,295.266388348547878,-154.877356902288199,187.222782023125518,55.717145608254654,-212.556771542679002,-432.450017424436908,174.149202421820689,-13.073644743220431,85.564055400895086,-104.146699351043694,-386.494467687807855,395.595575571763277,-842.380718075961454,436.019214912838606,166.066235293396431,282.697535884460990,-176.535875945973856,669.477687104478832,52.929805914690377,-159.170868274642430,-248.364999291972225,27.206062971864355,286.635429950625451,86.479539903228385,-314.970490841386379,-475.892366942804074,-8.241812050728218,365.209521061461601,-580.819823856353196,75.540908153687951,-245.010263982953177,160.762501247095344,-647.170315908668613,251.523516314973506,-232.399930578704158,-192.450785277811235,-172.881361540994362,-424.734374366068323,360.316347953892432,722.517287703725060,160.618496854373461,440.138819011053499,278.549743048318589,76.684689029669130,-348.325611907238681,19.690402258965825,-137.554704632372932,-115.433173037859220,335.325807540819028,340.296222812424958,165.363407446078412,11.265873892285889,-26.071036029020757,411.458893933977947,281.626964856344898,-358.355984361203298,-282.900277753064074,822.761226289405272,208.630759022625455,-766.812481883325404,291.775263560114524,232.750518992941892,-38.999127941595845,-324.020822163184221,-1024.995612700892480,402.037179818158279,-259.517445312504265,630.189480859629157,175.389216708202781,1002.622946173457422,-303.605991289706481,817.260883159755508,-179.940566271914946,870.616151576106063,-533.996160539564244,186.626080761438885,-398.481684080838988,-842.681233294157323,482.936595254041833,983.712037742654388,450.237421855712114,-586.171513108459976,205.659504609232670,-186.929358673192723,-387.767158580338275,138.205057253820627,-1081.940846755964003,103.572978569612445,66.443542471938457,515.048530857052015,32.578743014395201,106.637869813600020,502.815157876471289,-762.033197541414438,-307.163504043812679,241.668433766678788,-247.365174103147240,330.044273368278368,116.529572758699786,-282.464056508760677,354.906033111231750,467.632102039105916,272.667022588854536,423.495335780264838,-1023.090202885915005,639.014138452408019,392.084646483472341,89.265982006482020,-481.044356841453407,240.048080889356214,247.362161554626425,-221.141111165801362,1148.638264147188920,215.281328800961575,-204.311252119136043,-59.526408549398290,636.299599186210457,-205.477929368942085,-186.397374988406085,-584.477825882532329,-82.246682103901207,62.783093094148882,167.098965986446842,-1002.899368862124447,24.837776417804719,-435.748710990891027,114.456715801552804,325.382813122427876,-157.545119311730957,1208.451719800291357,-278.023707828534839,-50.347183749233324,-136.187525770396718,1217.275322176140662,-688.637442297315260,23.325138572208154,-351.267145658313666,-317.168660635679828,76.085166661737617,717.683218981495884,-1323.733862595312075,-950.302843104038857,-557.975709440391256,539.269012441598079
528.926862640710624,-1095.317346548899422,-70.582408209082146,-536.798538743520453,110.987203508304518,275.997008194538353,655.304678976602531,276.565816420076089,49.665606420141323,174.924573285471297,-700.418302575665621,-353.195333721538645,327.328714999050078,65.625645577428656,666.527961806162352,-374.630682403749461,-96.563887186832844,-580.887096872080178,-421.096532158624825,-294.451274373770104,-56.715915435427632,7.251648306335561,39.718770948176157,-534.750578320598947,-443.751751105458766,788.638050203378725,-578.040929361892040,136.130834421272482,373.526622028694135,-301.968778319181411,-316.042290174094660,-220.332502617503394,-132.417446003902484,-668.700594587136152,-14.034935234751160,-327.157636779156235,-291.644534747233934,462.072273411066135,-270.735263897334448,650.553358085727950,4.257976423921050,675.421331116752185,158.325134780889698,748.243414494647368,-424.361930486776487,171.983388902436218,133.090966145855816,190.418481429626638,-835.399706177306143,-1184.029997942625414,-230.398107587411715,-221.059959356166644,606.740323408518748,-668.441483543695199,856.065720615838814,410.090334359146027,22.238523232771158,354.912432634546064,-779.132863578697311,-929.382648190868281,-45.053578791998682,-433.402098001614206,-557.925116227862986,-281.361529304025566,-70.262200424371258,-57.127341110974605,188.268862941827308,-48.401889019894604,-406.617215682273866,6.113337845233602,820.162957294919011,86.039823443395278,723.786639229729985,342.422684158520042,-413.226164877814540,-124.569173342463316,-158.177816981733827,-545.726857991705629,-77.201060967809013,-103.933376379811691,251.450058843585794,-573.187142467245621,-199.176492200784139,-19.986905723483403,-377.125212408290906,730.257657346502469,-380.667657109010520,-147.647079463098351,-62.668350345026134,87.025239852616252,79.119084279586971,626.557186361123058,388.177252616547946,335.052603559943520,-905.975635758563840,-353.516520303520792,-142.492572289143908,1148.114234908220624,435.168652022683091,100.748824693999211,-54.507484296593759,451.341290547427718,317.633057437428590,-612.904467213088083,-467.420866193651534,136.063240411143823,385.516032225675531,272.161777428565301,-110.338388181856374,-201.564094205343508,369.172164583446147,297.096221169888338,-394.631423216829603,770.120410074802180,-121.741069479174797,-495.118813941579049,961.041047727557952,-144.969168385479577,86.805654064034854,-425.966549238117409,-428.098549811440250,64.740721523321184,1174.743684556781091,-132.147270315703508,573.713948248724591,-456.019954927254275,426.427891636847960,997.387028511710810,-84.962177484153813,-562.410134830405127,-600.808378298675279,500.885433866784467,317.978052317671313,-246.316232431408196,-119.434558021749964,423.061721007305437,617.814257882102083,164.539485826507018,205.745901255897422,376.087344827783284,-151.070915570708394,-236.449224341402783,-1020.171017289188740,539.396311300627190,-674.302890512276576,-660.765207856219718,-72.300604125193232,948.584588585289112,278.800660820371888,-277.932553367164246,413.129443904955451,235.517412531555408,-286.304715152880817,-519.722047862822706,-84.273150917912560,560.668380315491390,-600.009996517369132,1189.981931006077275,-391.009067795207216,-58.376324360689580,78.448585424267989,487.584779066604938,-1.768344387128156,-228.138464659177572,81.676926337288819,417.486008509245607,217.133795868981764,47.898605362291164,354.048491529934779,60.850613664474906,711.952220255887255,239.542066503348991,-510.267815705272426,-138.004378315816723,471.576759705334780
427.608807351356631,-126.886234443384197,158.442538347943383,177.582266597870671,-264.535241071621556,-168.077361730092122,-406.701601943499043,-325.264141895703347,551.340747979545881,-181.873711688465306,-528.223952701616781,11.647218481716882,-436.295249176430957,-590.509169066318123,-680.091840311303258,323.944797276846714,206.099988698076515,776.027331858520597,859.962471599856485,-436.732486427478591,-27.306287174142540,106.858787097137537,174.333669172470536,-475.340973533717033,172.626742487308462,470.313106142563242,-79.517817024472620,-583.268628156114119,-365.946235094358769,-742.825429723319758,279.176466637296130,-515.471515696106508,-211.769784407708698,-305.853111758228977,-102.229690988995344,-190.960036892336461,292.837515751869546,-204.268227968515163,-517.711066849086478,-164.302232075677182,559.770531090197665,-522.707010366783379,49.076242079022975,57.181550416553982,-832.225950693518598,407.526949855466171,-660.092213614991351,85.324608608025031,-19.222420101604747,353.209727647461591,620.957806618382278,772.873962183352432,-330.797012776986321,590.933494928106825,186.351187149333384,-315.013330373546694,-20.061192526985629,-407.094794558416140,766.589447346895440,20.044682926798149,-385.037145568045560,525.048765725979820,139.614523039214049,421.865630460389127,38.228154446356811,112.485434410118671,-111.938753354067558,-259.863409534898210,-211.318273634644498,-264.338729765702681,-91.304307262104203,-256.358992603092190,148.366940815910482,-184.571671789403069,-887.175311231638375,-182.027567459814719,319.959575598945662,359.630214719451033,232.607039611989819,-875.430910404625365,753.685487410827591,-383.912906728898975,582.612423896628002,-19.547526705995661,-428.620163363477616,140.603858192816858,180.722377973374506,153.827646377396007,-230.546663018085383,-498.094515751443168,-181.630185532947792,-365.548706105995734,-395.403355486882390,-475.335027438240616,489.947654304872685,-538.270386376348029,-93.068983725747202,-365.052137940653893,479.426827332051289,193.900071788420519,-658.673697716995889,-160.082468330262429,-493.680332709146739,186.836488363460461,96.430470266397037,342.667765891445242,565.040166082723658,239.253444312765197,687.880370595726390,41.979999711197841,-657.290843516244877,-99.234511242284938,658.238604579680555,281.752972397432472,-109.208503357099886,957.536106680168700,176.931426806523490,-133.243465107822033,229.681397281440610,-236.218057153463945,306.154772552945133,-327.830557191072785,588.696704832601085,-295.079750201996717,-938.514885649636881,307.601262310171705,-747.392409011223322,61.046587195012151,-26.330791292465744,-517.793544438387471,-380.279518585479366,-216.964661338011524,65.293804365102545,585.313694977758246,-283.737670970448278,-294.711733417348967,-186.198232601464582,-502.278467011187843,-180.620573274841291,-395.308450487543382,-15.024183630414534,-278.199059138926998,-33.156732279934872,-129.075944500992364,157.712690770880045,-51.576028018739677,200.473709653607358,-365.635231292817252,181.069807239091233,-90.384861443730898,261.975855446864841,-208.332495085424341,-33.015712216664362,104.007782947437349,-200.268474535663699,-556.505456374711571,-200.003252707917653,106.238075727692618,-733.122252519096833,-215.849497686743888,-117.138446329356924,369.824137296859988,844.290333024892220,-601.108696370589428,435.997633921689840,-654.808340594765582,491.682688824599040,162.920509237654841,281.774162303556523,18.370562507112723,-63.801416299860129,-161.431857499979060,87.660298694807949,-53.041220667796161,-293.998509569131159
414.973832433733151,863.746280216710375,-462.519551992557751,-598.878894969465705,171.066630834903208,-360.238117484129020,123.257290379416759,47.941884788274336,1028.544566560797875,430.865600932790073,-70.054560123717607,246.360178968029061,-753.188070175007738,42.025416363407658,494.434251306281055,-249.483075268935920,250.389621116777505,15.626675349398262,150.663724636242421,-116.138865107629229,120.283566104182910,238.490994957631585,307.432392569261765,39.294422529264558,341.106508179632101,199.161500385981213,-25.304047669044543,-469.199077615479951,-126.949372540496782,-224.583078897093230,-288.095039122824744,-174.765615307149147,180.493794250187534,487.275300248827250,57.609690215679180,725.680946255627305,-221.065039949195182,-568.630180068308391,984.078207701916199,40.641911906459882,-944.850715940514306,-10.571098032460167,-628.665099547642512,33.886973591794586,357.094387788525523,-43.193701681155218,-131.897586233048600,-1113.167600457757544,-480.331161325128448,-214.218639048019469,-467.673799616609926,185.731180938060731,103.292769061415640,525.882488809102711,-602.373052368530580,340.678940598438771,-10.513955354073801,266.367945602051691,1230.751232226814636,371.534104876545200,436.153692016561706,223.473352394569645,521.164852193989873,-14.626188696955872,750.395410416585491,493.028435627192778,694.544224400511553,-14.184125099225042,263.805879017140455,7.347520947577220,-427.264059124144580,51.543843811018235,652.849102266074510,-542.090821581909267,-578.377244909270416,-60.533839413858203,129.800194969746542,331.357792745047220,204.064905030696877,92.923819551226870,1217.908285141527358,-8.551326188182436,514.045034127635290,122.616951773884182,660.416058369395728,-176.292834815552112,152.530987732397648,333.443115542428529,-703.587512829741399,364.958107817487644,265.036965566541824,36.969671333926442,80.344523804035788,212.388638289142449,-325.526033470106086,-64.061436746415666,347.612616960788898,489.707959167379897,-359.200370772400788,547.675041235055687,-218.251203408082205,-98.426845211507981,55.766071083216175,388.944603630358301,96.580771474035103,-555.413009536894037,-586.532914162232828,-209.833993394100361,22.553359566137509,-527.328418507518336,-250.982853214874865,17.538194056457698,-13.954909680023995,980.790932415882025,-752.653649890794668,-994.787562936818176,-1569.108975646870704,-47.512231364271798,-1207.712828208857673,510.934531075263521,-51.868741118292306,310.870870342947001,280.903721149568128,-74.098507394695815,-377.151478549502940,-248.244161088849353,623.419301514760036,696.568874127584536,-595.581835522971346,-454.244865897036391,448.461329204084109,-301.507757511946181,-287.409735439734106,-53.767685058133878,590.315732422685187,474.661056231910891,-96.530568507129544,-115.761373634644528,542.103150932806784,-7.748730369946685,-841.708001622576148,-436.812626324403027,-732.330455100370841,108.565133784309495,516.959006033379524,912.506191439119107,-193.012160900190224,-133.209712321143201,590.726910260240174,809.456304690600632,-852.794216706349857,-849.692147991576235,581.434375236742653,-593.493682261378353,-191.962916887564774,-445.748792717251433,-728.516423925035156,16.241732308288256,-1034.443015325477063,70.034380501989233,75.831194196900981,119.374096474051584,-142.593215308320566,316.930786553286339,-511.920086256864124,-29.320531235106674,465.858981751299837,375.187765280251938,-194.220755659733896,341.628844383285980,1205.552456546953863,-453.511626990409070,34.699242403604828,352.178330256232243,-129.014562299703783
178.740184036380867,-278.989872818707056,618.384263965989248,349.480789508712974,145.855161627933114,624.170514044606307,-171.198218202529489,10.605877084742069,514.434848440769088,-553.815569866649639,-32.681095978581851,-11.014853702522601,-285.457660112537553,63.937509629712629,1006.144397138647150,915.791115749056758,-464.870941767227350,-81.176586452387710,251.122065981902381,939.832981430121890,-626.856895303075817,552.936559199987073,455.629438300242953,-694.634701652354352,158.373187116509854,-521.641227941886200,385.866222752623855,645.239844967127169,119.835603857266364,-309.117327969564940,387.111420363979676,-612.451182599940466,59.638224723969905,197.936323061684561,-172.398926633358968,251.878416935235606,485.138903423935346,178.833962869254350,-136.844928153612528,253.657084792298917,34.986340057121552,76.741576093590979,348.440559381328001,140.588206097349882,209.763168327158780,-54.657207990184290,-180.199495741270937,226.271193495534646,-775.036139967548252,-602.533252498683169,-49.415129320794151,-36.101699180492993,149.092988915225106,604.172567915415129,-279.211877463991698,548.021620189812779,-542.502663581225534,507.900531005325263,-554.501363434134305,851.872476692982900,-493.928086777038743,184.028138618107818,107.454638548491175,-443.974023979050230,305.206105513966236,648.117966227501029,-353.984685916771355,195.841941840274160,-497.958591384026477,-7.125461839139426,139.288134777013056,400.596674936591683,-283.318832417096303,-169.648525482563400,422.842857680273994,458.463504836484049,972.401644374843499,378.093144706198984,-276.000587334497993,-814.526313748927691,22.216312407888125,-533.940371503979350,572.943226003037125,61.771423256762397,-320.083376499131134,835.559964918545688,573.726238773206319,-360.325799255003972,45.007907404503044,-294.320867370740132,-410.720753467568443,-58.583902417630867,-623.576382895878510,-450.455252271977145,-470.660098969198486,232.644068534245548,381.789304849299924,51.177229878824747,-362.756351263249996,-552.473619807066370,56.711645536141170,298.160813117178520,-399.910733176477947,379.484191960723820,113.884797784549804,232.266382835702643,-266.722874122429459,-135.823487743858351,-364.492350570712915,417.151658844835310,351.349387603144294,26.457814846945205,-186.257443792247386,-739.433640641879606,-375.423196916688482,-277.298522431509923,212.185107927540855,-130.503438930700753,-402.803073789648863,-472.952766232314730,276.248076364231849,344.823094809583267,48.058877964713986,60.382427071692803,158.858724281269559,-417.077331662640290,222.157149680677776,241.312587715099085,291.292884772530215,-68.119556328960016,514.824576279275789,-203.019774832786567,-81.707445123127442,84.929432092077164,31.805147413662034,469.644570105710557,-233.126608774460863,-561.695688958144046,-24.157754320122759,-218.998256808226898,-151.622374446961345,-419.758000262032340,756.101436001750926,302.719268794286222,-130.718641417849199,-190.727341688969204,-64.652333658168530,-279.240594159359205,-744.040382007366702,-80.703563562606845,-683.509419123774819,603.182426289435625,-647.290605144424148,456.616285098954847,-600.623536912415148,-516.928467792529773,-343.954166361331943,295.882869039520756,-370.984545100513287,-394.051842243288888,160.326651318245325,550.783150835690776,538.855581861841301,86.325321753594835,404.892925535802704,-111.831920750470431,-370.349917601270533,-478.383339084451222,104.546690439609591,524.750007345603876,-79.417947581236035,-905.017449939701805,3.772389707779459,553.595352652880933,-76.948211670324710
754.039952314295306,-178.419056091930599,346.532480377563445,-53.458305729239981,105.936462208017943,178.582900736228140,109.029049449550115,583.703481905003400,-116.725770247043684,584.902903181241982,148.173786115682930,-172.171916166455958,-402.145366267938243,508.182496349400310,-112.538297087637289,-472.482671914143737,-328.593415148856366,137.718948810986490,42.775821814182827,509.190296068266775,-698.697222993877631,328.917529206944835,-649.499571731467768,-315.678943811669683,-458.882510814908073,214.100276955844407,-119.648538947764976,-343.246547060224941,195.951744047323473,86.843884470151181,791.946729410603552,-194.994647935528889,-202.110933962647778,158.023754163963787,116.823890747898091,226.581883448301653,-182.794638192206264,-593.142604005004955,364.687760347271194,7.116673219312801,434.466847680202534,-387.511007302176665,193.575853977100508,-531.125540714282010,-444.296740339223390,840.400084031326628,-248.868391194980774,-880.396299231445596,441.494287878948967,82.679156743545605,-145.362790345201773,288.885966083910034,55.862121107219082,-344.376740717216194,-929.309814854365641,-619.492520656268312,-946.149632872854340,-510.049104900378211,114.909732976113503,-539.435756943581850,529.563342096643510,73.679077461658949,-82.733745189752511,-291.655039399222403,685.236506263493197,-452.868576940112177,1119.063061572014931,-736.385379432050740,-525.132322427349777,68.501294296515667,-732.767457883039810,-297.473837018258052,-783.823249785889516,-393.327333175295848,554.923387151821430,-59.659167175505381,-57.258507941261065,-161.739078897149369,535.284416911719063,-1158.337770198023918,413.143866971195564,-57.435496172276828,1145.154689342638676,335.140847096158552,-626.442894317688911,180.614654737730092,-215.371749646693928,-400.295525714243354,-447.022732430741485,44.399646438045025,-619.163197187888500,-156.118038271720650,557.643803210406759,-521.360036086373611,237.660346883063198,110.290273402774218,39.364955244435649,-347.739536448178967,358.373511678041780,-587.764334102571183,-40.515894518225991,757.338839720471469,-361.966652697334951,-447.636577275640320,517.851073868826575,-152.166768738904864,179.153596985389214,835.447990920151597,811.788885573383141,45.111493590244955,-122.015337971434391,-536.656431119313766,-205.318549536091211,-80.464375354288251,623.914242347481604,-420.278617796223557,475.605838607371140,-520.925950151216171,-537.713117486626061,-337.815327638360998,75.910492581558998,321.518323607460445,360.693274505451939,-484.782131025099716,111.540677389308485,-312.047362353267602,449.029503013086241,311.625419955019424,71.251593665712903,657.578707394243224,503.106588068615395,863.603545269923529,762.915749751941917,-406.849429827935921,10.977574892926105,342.519391322597357,770.219995200418907,-85.880398613395244,804.032206642603683,421.997486666570580,-6.020093697905917,-610.758026494072624,-398.351353075542931,174.970557641078614,284.044183976319061,212.162430343761599,343.162233220946291,-465.669613632819107,-85.994212628022211,57.777235959278116,298.341460565728312,-127.446458877942007,646.754956047340102,361.907395000488577,-225.513435112516305,-934.793133909930134,111.881972873394886,151.843017163244753,-124.400350143084125,361.518570708663390,-306.744149241088735,-859.529172780420822,73.894752532942420,822.848854098537572,115.148471674311807,-565.991209385419779,361.115456551508885,-230.222154536745705,-24.822405844174099,-261.633300009050060,-155.330725212701765,36.399295528370153,592.391881970635495,-164.213020744742238,-327.507307018211350
-138.373220801495791,-47.112281183442406,-303.789809000553930,-405.516846269486564,-75.233078710099591,822.028170460798719,100.630079921451809,-221.718174097769435,-540.082923350987130,-1388.142926811265625,-600.760956093259324,753.470250599849578,-275.398881412851551,207.236097853678245,475.641351062630747,598.267581812595722,346.154556431551896,-81.301080465208202,1158.481533499363422,-53.932474454292809,-1145.906268737162691,-215.840010747728002,160.009690449265349,-115.004117030316337,313.206676858933065,-278.087159894053855,-541.288854396503098,122.379755781444857,-202.878275877419810,274.426214205198733,-388.114709943266917,-655.934586251457176,-777.825928554226721,298.055657863376382,-184.019465941350688,-394.458833884188323,561.795242674981182,386.007167730750268,665.782396219007182,-348.016010822133865,159.546056246550222,-112.655010199838770,335.363118482824802,426.597282864400597,-204.404579171167313,-764.616158002339262,657.274537814846894,397.903785337143916,261.017502326043939,557.732015441209683,261.125138508720511,630.638021254076079,-628.779462433145227,395.779525833212745,-113.686400897466029,72.097660469722300,-528.599376073956478,-334.224294185082442,-60.639885346416172,-241.598683402098061,-784.040962035234202,1195.512637995213709,-628.456754964794868,437.824222836099864,99.391301936836285,340.606833593342742,-877.314083983657724,-203.854410667294900,-180.158754612068378,-289.673756040447415,406.932880767230756,1217.839750732191078,-40.238970156388810,426.624458574025425,79.567914933610240,491.774085553880468,560.110359254164678,43.110210904157299,-120.544847748925775,-294.733019345096466,-309.842090854246976,-254.955501245537221,119.119984953712233,112.791507390652654,182.147942400284506,-108.832590481846836,252.685710362329615,438.554569786622096,346.954227841407146,-818.330774318721410,-425.968746464976732,167.284470267774140,-46.379530676411541,-173.636132666560400,-531.797092984893425,-493.806390547636681,164.781155125625475,536.519181686436127,-370.776864742859516,-206.189160212399145,-728.672428831090770,-712.854138576420837,80.841782334981232,28.458727616673563,29.072200441452299,382.199410503642525,771.030449404823912,197.733872900588807,189.423157311607355,128.557273739350109,-723.172472058033577,-450.010984920073099,462.508134003224711,105.473037762855597,192.996870246553527,217.710798115945579,324.409559486896512,-442.738578097663378,-436.831270493175396,-318.638041910881668,168.431238661447821,-660.858147601168980,135.133325705332226,272.700466844242101,-327.385957632969053,162.445771044119482,264.030452378559005,-249.299288892146222,-67.108710243954235,-53.995813722414070,-335.003808131098594,-361.954594461433658,-270.547359857839012,616.484172702768319,698.091221498599907,164.357879634011397,-87.162168323067093,-15.218216427492308,28.134078934233990,322.483418679968850,228.414327270016031,-555.065379032907117,226.091329979810354,-158.339888192893113,-638.234533277924584,-611.302881955956423,-204.619409449968032,-753.164371023242325,-35.583996057659689,-679.642399207029484,-294.459845227828907,122.448467263991816,-198.721422353769412,-947.833462945195947,-143.835191729182640,248.123598013968262,-416.545582851819972,-67.804717444971345,121.198960831599365,-949.768560626884891,24.887859874563134,484.620793186756032,-233.946780610170151,311.016991361324813,573.827523473159772,-553.526061824382168,22.707203003106997,104.660572799181779,509.464351847499643,103.867617661909676,204.825973325888384,114.575919822632784,-450.780530914322014,120.061758182078250,270.555537067234411
65.722715870915891,94.532030265868855,102.205677084834861,636.785860435590507,302.557240653215047,-512.275840593636303,-189.776188640613810,-80.890275530609358,-344.627807254602772,-131.538769281986703,-258.572039183995230,-279.257509224632543,504.555096110143381,-294.560836106731131,152.449952571685714,169.218376099159400,701.562926666384897,-559.595734268488854,215.917955265040916,211.874100611750521,719.418208426169031,13.715690608240891,331.948185968618873,566.430446673722372,-405.920964454927969,-541.380395518997261,-3.829170217626352,-811.595458652129651,-861.924988918603503,-666.425609925386766,-145.058974955354955,338.138125610741042,65.596116953485307,295.177467075361278,-117.306506330077369,-22.799994395638443,-238.222718792663471,-553.137365668231837,-332.018377145827912,163.154419128313378,208.739662864395768,8.090978227429305,478.939749801824462,601.444973703625237,-587.872560807676564,57.513613351075826,338.218436213260475,-179.891747909489254,359.868954461537442,187.746378431549402,-698.733105945706029,-259.276451358547774,833.307815049594979,-480.841077374607949,148.569126184400375,88.607517794976673,163.275780160787008,4.402207923529282,1015.255201701225815,1218.250037297889776,-302.545605214380316,267.856376976821366,188.416856195046250,161.710579004712059,-307.792393914517788,-521.096252831861420,-393.000218335768977,192.203779984749133,-91.873314995088407,-567.377721871423887,-1105.865656523428015,-134.025911685708735,-427.787356809617847,-362.216061696542624,1.250590371467261,-75.279737485631557,-71.906141479221077,-747.912719125589774,18.453224023386248,434.112963105559800,-866.762900624070198,-1214.985107774855123,-262.894393386271872,-1088.702738879072513,340.085671306138806,-527.010018131596212,191.780606171916418,-540.563990119220875,-138.915901449799833,1471.224282686155448,387.350383097254110,712.170463750124213,-514.227837183623706,-503.216154483490925,-74.681076592455810,163.003334900843527,165.781194893316496,-109.189143181903319,526.391799204355607,-411.811794048892978,417.257849562763340,-415.341750275272432,722.173034619389796,-186.625729841356105,156.864803294879891,205.079811009265228,-861.369893502720970,301.011341203156235,61.366751412446035,-355.333077767904513,-576.412828712319424,112.486261739088008,402.438617219955063,377.892715638443406,494.025629214919604,906.840247029007628,-569.883572862304504,-375.416725673825226,658.183558774508924,270.356287786876180,-745.800080010978832,-168.755156494138305,-535.405847055078539,-203.840455610938818,-206.169354410517258,149.626131814517038,-413.952429700754692,-103.550976660502641,-676.738465893791044,-270.568608186128245,1030.071626995156748,28.262351653660261,302.597776110411928,-433.993639050685942,-137.134312073380926,640.708280723887128,-1164.831576644581673,155.027622930141234,-462.615363959800447,386.258999499922027,363.879741926862494,893.246572834725612,669.045853014962972,660.694645801317961,658.845227000867453,-565.467105554063210,368.828817068479566,-356.589415959201574,317.529916512266823,266.414703247837622,-244.183618781008818,129.887984034324319,201.064846546246827,-477.698681970182292,857.227905721633988,283.395988407789503,405.292072182833692,597.663830375972111,-376.019557921389037,581.644517758917686,252.747457371931546,604.224092657844949,141.654244827599427,-849.206522396390142,-15.116348064363880,798.225137137133288,-543.703711138391782,339.210107307022440,-365.494159506710844,-230.285074995041441,-707.262604278883146,313.942208033503391,27.407099745083642,-355.480535334530941,-580.361536973697412
-333.435001177656773,237.808682124387104,-20.027965887666419,-477.848802221390315,723.568049387313863,-157.206534830801843,252.712440326709952,777.770349269402459,623.569074865716857,-219.767033186556631,162.460139097469209,574.113767067649519,114.211228529853287,126.244781787627758,650.342711348679131,324.589441165623214,-459.238979470063327,-1103.656280920841027,45.509441953512294,-77.287388299480639,-5.804507532682376,32.784176882733519,259.553642406007157,-560.927173690871086,142.842438584597005,-331.009450167025932,-800.065999605461116,447.630446572907431,-672.371083738129300,-640.106211342446500,-195.848591021641624,271.677779162885997,-667.247461467265566,-2.300787072111625,-284.916413363176389,-491.993115708860671,-40.017246251332885,-171.611570113655858,-74.013498620454584,81.923263246317404,-52.426516493967689,-373.828755137438577,-21.358864613163917,-1379.594479761167122,-365.769699503191987,224.834767251388456,758.499565720753480,-116.092179894785247,-685.581767907655831,-248.146618140472413,282.955684554600055,82.558679844179380,56.495593322340689,-149.703766461322402,-244.047067490898570,-151.678134848013144,742.073626305291555,211.293780565474322,514.672034889720749,-1140.343402665294889,-186.020404548170461,-551.658644416275138,-239.651015730778965,-207.688029166452736,-121.727092993950492,-89.900846368064734,-887.078272650784584,13.870829804225515,-789.235043359025212,-543.629030653693803,607.841340730648881,110.232392654132013,-201.511340056947176,112.927502290309548,-867.248889204479042,170.760082090179367,318.518493409566531,-1347.759430752651042,-237.900911047166630,-53.197932617548979,-362.604651306225435,-379.917741436403730,648.440811917577889,-1287.765441645741475,290.003420516177925,153.281074501580179,-955.139373159946445,-446.795562616880147,-466.270937841104399,35.701667757854196,-731.286753880570359,-366.296482659578089,-389.920701075357158,299.080077575136443,259.270211008069964,545.173418398037597,375.539674133953440,594.862153241818646,48.240457504839803,281.232761669778824,267.551209506197779,-118.722707168695564,159.515813082820756,684.078168752709075,250.675667669450377,-517.205140370650838,652.076501421597868,96.187768213534824,186.296446988161023,-199.608885276502633,319.170211740496370,283.775769105684901,-855.044045717454537,228.305805908388834,-496.712162523096708,135.954981382600209,828.841083139427724,99.486767125891177,-829.883270178358089,-218.186721124480869,181.149030840718524,-28.163474904429684,-101.186648075878026,-604.097074597579194,431.854207618207511,438.076919372315501,-524.870260192396472,-347.724917054818661,280.799242263843780,348.587088169997173,-677.995546178657833,382.519012992949285,491.363127019444221,14.251605943308896,869.241151091430197,117.241582938181693,-458.189066267519138,-227.636952537270588,74.474599674183835,6.911012036491286,198.654851637041361,7.563363993395456,53.602519597657739,595.800426640803153,370.132217410959470,-946.463223394348688,530.859074318898706,62.018868367827068,723.050820844442342,-463.944623641351882,622.593209696908161,143.460619021604742,604.933475183693986,-266.961645154631412,-159.226593510746596,185.183904473641633,-341.655251101079045,14.143440114932588,469.296325956448129,307.407314408316893,42.453975994955705,17.291412115562068,-111.759429656335371,99.195198929232731,-342.270415044690878,732.738708316748443,352.170046043471814,520.873075548396059,53.818651679790200,-322.509894031889473,99.066426468746542,45.790985554187813,-324.740385335692906,-590.430853430619322,149.435547023912449
78.803577679565933,180.676259284025775,-83.141626951954436,-183.821935099551183,-27.310593846907970,-238.394498278843287,112.355921415733249,-562.173613035012067,-59.251558223432419,-70.709002956095588,1124.873975724672619,241.499759433338795,-249.573462241225116,796.779977204879629,549.902983285110736,126.199694380611390,-99.275771413599131,78.149027450859521,315.062259939720207,-539.933286846155966,621.161713473201075,-221.240509823553253,101.357410235905036,-330.788375819694181,279.609178898507707,-109.489377378167774,-679.240796551408380,265.979890746432147,344.239472540797863,159.251278813036976,-377.089901760618091,-12.886750789648140,-284.271165853291052,208.892542005036944,1035.711610921111060,-532.662249564538342,88.833716494840985,396.127085660400326,875.296235943593160,207.725172918291463,-243.497832198898408,23.894873646017857,-537.174542630232736,383.679159202112260,-144.523680487027690,521.492401093339140,462.416411529041966,496.061601840747699,-497.253516619426591,296.823383871634860,-774.608811349865050,-94.992970897799367,-70.566097539726655,-692.412423886081228,611.734504399272510,164.466673842559857,336.664651819144296,-192.015047365476050,37.521526445594276,-479.611457188254576,687.091544593846834,-198.237435348639764,-227.387435239786299,20.797294528998250,246.837271072039755,-53.052480956495025,138.991383481716525,359.844753466417046,1215.971656793837610,776.353146225759588,-414.689160620120674,218.490216285045335,593.906731454065152,-174.015910318844675,72.494064529681040,135.861481728412912,-510.240141173204620,-284.137534315225253,270.167743978570684,-248.701529709434936,-126.515470286704243,347.038353304919895,-367.500370467991672,-758.502597410615408,844.449180368172392,674.829682246854190,-216.355054563810086,835.394785271242995,874.719479523467044,338.750252507075061,402.734946987155183,365.152168321356214,-58.128700853980959,152.488419854399950,178.379286904170527,-584.235523946244598,346.381318089035915,276.331077292954376,-266.265776303245218,323.527434685989817,529.592500422133639,898.141779698464347,-335.275762654912853,208.561596444612150,-333.568365961058305,-413.448287030028609,23.429692084205637,-549.125258187622194,95.545236527828052,-296.790970632113385,198.385386970904364,-436.700813397275510,-195.802982367233710,775.338242780131168,-99.859475529424742,107.411164185724445,-334.048545908007327,312.983800526711207,-342.732746642280858,1248.763628479841600,291.005831269943315,-479.709269073173630,829.666691641493571,656.187276483801156,-374.827731001792017,32.524064176741533,-287.052678851539440,-361.939199547427449,-369.072976254943740,-183.217192331995449,1025.950744545836869,109.281212719077729,-547.841803522439818,-84.394942843860136,367.870210460737042,-268.350577160503292,192.166830154572949,-471.956135605388056,336.590853144188543,-87.762584061099091,-150.814123958195012,-195.723068555371157,355.220669482717597,466.074214034917702,95.177747309519219,23.914711167640405,497.902514751124897,435.302472762054151,-671.021719497190816,298.840062390259732,-863.611876941823425,533.744387785142067,-365.404969406049986,-213.298012291356002,-124.928073501004192,64.125556805802603,-34.990973588472023,140.217516073337890,-171.637755718616802,-382.317776478821600,164.854644168940013,458.548437791633717,-487.776099809440211,50.084181916377048,864.585880756253800,-580.563680392729225,-200.956679955345436,0.909509588561058,-364.809502818947465,121.891359595302589,565.314402463056126,-304.063551339679691,-641.509978262256141,264.812032412194128,-59.099093184390597
29.356936886130612,361.705041188046152,-288.254622334569149,436.654646952396661,146.713238168733056,501.991112221866899,-78.269593895326722,-617.784412682556308,423.289659419327336,62.009303558190517,-10.625579451959815,61.310749046612735,62.046512202437796,-333.246014926805572,334.973276224911046,-0.226656142393587,-457.991961329053652,18.494470408021030,-159.402218255054606,-155.345637003169145,-104.319872753724695,-22.272725968158984,151.440006387411245,-176.577318206808769,100.123808197277924,-791.025019272685540,145.749132181152845,-12.840088635353709,-185.532378355372686,99.251035408996358,973.116038046906056,816.087976109995111,35.748222750196980,442.193176522905333,97.473754585658028,-62.077823019666859,-987.384178783538573,134.485254235323083,647.016645570335413,-342.742110423113843,432.682423075265490,-35.244555183168920,182.533532327806910,-757.898523919226022,-209.599012510768375,582.511576709943142,109.788365308258747,-181.334480471260889,-176.526581782895306,472.686774744758281,379.283672919587900,210.294337981930852,-371.663105913248614,858.137626094132543,-622.220852442972955,-817.608373896994294,548.066051557978881,-152.923724598256513,-319.706936277953957,373.728169787287584,-434.852965797061756,141.388592154838790,-73.958148817200467,99.380341686376752,769.006027156856703,-10.499375106256901,165.853423897316418,-155.230659674065237,-295.955116630048053,-488.147163454289114,-253.196857726306149,-552.098470822222566,-731.886504544587751,326.781016919179422,-232.031492166624105,-105.147012621822952,-743.204938928213437,778.006615275585432,-552.319737371251449,-276.051789815726124,-73.376155455816971,270.580749078321503,-122.210672223895472,-807.373958137706381,-279.893873311188372,98.104683355123314,-762.464006198310699,376.126890845097137,45.315911764924863,-542.499535818614504,-139.353138885982474,-190.183758606022167,-533.951278868895315,24.691191449918460,386.671327442922461,131.642640669736693,673.528855969288429,197.440300802207190,575.953262603224061,169.788544619709285,733.971363682316451,275.142239602319421,-79.888948332823219,-305.361930208473154,-256.533814275156942,4.028649231287732,-792.135407805866635,278.070409641201536,307.631061832190255,32.003310360347960,-147.904254489185462,-162.417812557165519,-301.827147741774922,290.761354409531691,318.095440662063879,62.870662746293334,-151.403855585413339,34.756960646960231,11.246592247551369,-182.230437847471961,-567.216541864717783,-19.022394089813609,371.086884494281321,-823.731103833608358,1309.617980927141843,382.744263140995713,481.770518699375430,-105.591215645494671,233.314758735565249,-249.242248735518473,114.065486465568327,-418.987275275893182,-448.622094058618814,168.691150734721816,326.729875462171435,727.890318161328310,-337.601363379636268,-128.936807976912064,-52.071009598261185,-63.206182203830735,-128.386119097011431,53.062231516334428,386.981611565629578,-55.595365547099682,157.132327301290104,150.402108119172112,40.516526090769212,-667.909973293453618,-476.474879239246661,-130.085351861186695,348.511653726464658,316.815065736622273,160.221269189303229,205.853366289104514,-228.806787570471982,-317.809291047285626,-212.309439310406106,-993.491012036613142,468.954779027394011,-136.857707183900544,-263.727690047057195,-123.800338618853885,-241.092542996690668,-176.484817347836383,-70.178149495460559,-339.901199358902431,-253.726717134828050,219.531413926377098,-188.866520360764298,304.996055794864617,524.973728523658338,-58.695887361749854,-73.048403390722697,-53.254786145068863,-221.278872216770139
-607.350315201181161,-157.147595150131906,-670.195254050212952,303.059686678045182,-298.654776617885602,92.579606042790630,276.946779725691101,497.876583552646593,-846.160460952197582,-604.831601345723243,-585.352031708293339,-186.087052877672477,-480.075167670604628,-911.120794706577612,-358.572625720015367,-168.585583324734984,-222.120413078471813,-336.439918209860707,184.204245866641145,-287.634512474895985,-246.113297708181534,602.606785846931871,-606.750079817637015,84.981130915964656,-162.836065285353186,499.163663236655623,167.204818696589655,-285.712037540523511,-67.764859376078448,-49.449512596425834,690.088244923796083,150.430016396471842,489.635575537194484,317.685396008987027,-875.535523557984561,464.335303878748448,1264.260302152582426,-647.072387416590232,-567.268155414950002,336.520964521197698,-417.603720527025644,151.893651200580024,320.329329101976668,-262.021104983390160,791.733587767458630,-70.446562660989230,-96.959129053885732,546.255524676073946,841.772580208982276,133.243265076723560,30.571194901011552,-384.918441442164806,-45.569642420848837,-160.111792759688228,-856.058951356813395,106.562357856446880,-172.509610403958618,-259.819027332429926,-242.237701730167402,-709.599504561412573,162.388561440159890,574.772940765268572,-115.413021721021991,-231.158837257490973,-238.502710572797042,-1194.883510739521171,342.264613684041933,-380.987174991271218,350.052092649858821,527.232504930971800,820.411542692887224,53.677538931938678,-76.878763820334015,-435.674981605678170,-84.604335376700845,271.077421847636515,929.408792427510775,512.714900203664001,353.644277334776007,-96.736794213357058,21.214005363767750,-198.287235430738150,437.639417837640110,115.339294915042260,183.382771219503553,-370.013178899572154,-200.852750039640455,-55.249866366216267,330.926139847139893,-350.142456983749980,-540.420951096320891,-625.250043997536295,713.862831276874886,266.726164152577098,-218.484533664289330,304.715090822607351,-482.870727674999841,-702.584591018682431,302.387828795239216,-300.383477094036039,675.357570506995785,105.344872721204013,495.683881147302259,205.756146108683168,1116.748353872753569,-13.793117883521660,-338.022207945847867,-367.999224867457883,-485.645390577147964,-443.840020226125830,-19.589131158405188,10.162170040860090,362.445506551022788,692.205851687831796,-30.705377032155837,-471.068824699095671,-571.208891994654095,-151.666511093678963,-105.964836695228655,-306.154686240925059,538.391127512875642,-14.269807818832575,284.962069635944204,361.988849699135244,-532.381440881971912,-27.425767071059042,363.554594257857730,92.752155262634062,721.539208363770740,97.881854130029097,139.579911494035002,61.448229264143450,-95.429490930636860,-356.378978877067425,358.483197642992991,16.432470997601321,826.105700605415109,965.138016387241805,-103.612379293865175,27.213312599130163,-140.333259293298738,984.218655863060008,-345.849014816273780,-235.038044558202273,269.070878703982203,161.531966429964200,-249.646473683437193,260.053201131056710,439.196044654148920,519.021343796090605,-502.749406461779699,-784.026684296512030,675.035700787418477,-283.499115950132136,-144.464597425332329,312.903225459995497,-32.561833619707066,-60.353372210102471,-2.822562866299194,-61.127061458548695,36.808752112360011,275.059793098046725,-105.041602185879697,1169.629492928264881,-314.249616570960086,605.219312150023484,185.351849619525240,103.944412633202347,916.219831025559870,-405.139603999957785,-435.058344984297150,-511.840104670262690,-214.345321616752017,901.746527406874975,1078.161963735628888
990.735060468613142,-52.811874356899580,522.010425810731931,-275.381127310509669,388.168855686475808,-444.871114020184109,-682.079691086282196,536.199333914735917,-778.317640940627939,287.824309761667621,-171.927620628781483,-193.688804566171967,18.192156446253591,-150.148486039560282,-145.836055951098245,-385.123064985852125,-677.185959950356505,-82.709291389583385,249.192198897873652,222.258917215434479,-122.632381619626813,18.030582755185225,-642.339667832829264,363.966287257213025,-489.688216908862955,203.270419982635815,660.188528636667797,155.297620676854820,878.761887360171499,-64.196686558179323,-301.456360461726092,-500.158771612021496,327.664562104863137,-180.991933143720757,-535.510824051609575,-297.646647082170944,-383.087157824728081,-27.534605663382603,42.094997684382754,318.694295257709598,280.945464686435514,251.835774606477571,324.536290578382363,530.918387487805717,-476.796365363061739,186.579064035630921,-398.158211432105475,-277.627454142991610,-274.575001558582983,-51.281971303067493,-232.326801889083043,-270.445455147263715,349.425251157004311,-546.924741687043820,-506.909602513631739,-224.864183864342181,406.756286515001023,-257.232152658238192,-23.862657898333211,102.146954452663010,420.048847715481941,-369.917338780395141,-437.858187700388498,-286.029418365978472,378.054769295657991,-666.321383527032594,-80.315672365078811,333.894399373922340,-704.479573870412651,279.431605122594874,-29.170117772004275,-408.239024684217782,-534.403766815528115,237.592832799937838,-515.729775770739479,-381.315172335775856,-409.478161265262315,-54.738386649282567,379.126776337621322,404.748891890814548,101.001853969979763,-350.137712200277804,-668.956176046246696,33.852688836197132,-783.467334504461178,695.512240398468180,101.804467885888045,-581.232527973668653,463.637113060656588,0.451341272084605,479.242589761146917,428.584634992976532,79.481538679644700,245.027490570733988,-59.458736179265060,292.113200670463755,407.342568687677158,-10.921275563918464,615.694989623066022,359.577555043198345,-87.930941498547199,-157.529038509524156,-572.518672724289445,-84.001502651959214,384.528266292944522,267.500518602849183,183.992695258278673,-8.065647738464826,293.509773286200641,294.604960674952110,44.124031302134576,-343.554615090375080,-6.595093289558690,497.880806799200570,806.597464058205787,-199.904699030098868,982.109155661023124,-314.110680339747148,-208.869173461951021,56.433380464195494,-12.223050194474837,46.812626627798863,-637.758764076053239,-534.078786847551669,-77.493374119772398,123.222576370430360,-150.199958557201370,25.792911052876804,-61.447677382985219,390.618758919760126,-399.574128270516496,638.136151119905776,105.958632558700273,-215.017024030467383,-1078.838697218685184,290.326043502673031,52.639240997914321,765.257346809780415,271.174512048195993,488.225487321356923,114.311815454170670,606.586883177653476,351.787634110335773,297.415941736771060,-227.436055558375955,-78.897050916596328,181.610378277912076,208.195075692827601,472.576313913886565,128.848969207820033,332.831012958704150,-74.721762069339476,448.884483209625898,135.795561328691775,176.855248118537361,504.670512963537305,83.285171757858592,270.970849240526093,465.472586695295377,102.840917905470306,-547.775278323783027,-719.494679286141263,-262.931312360782613,52.395832407868447,-329.021374740931776,204.672558178990641,-14.409909066449167,147.856008467854537,-625.462926395888076,-92.958104968882353,-499.130504344884685,-349.702773029473121,472.561663751169533,306.412848858327777,-103.606227781029915
-421.387506094956564,495.597570889443887,408.776732127209243,896.413195356305550,46.519176167891175,-144.006759352358159,520.527914527511484,140.741937696691309,103.785121961202194,862.952415722765863,347.674688681606085,125.375556534414315,-282.889880733170287,-910.400228694493649,44.998264029846808,-501.878862531320578,276.885919087171317,-243.823404392437936,-264.933322603610009,-399.909991053460146,560.805014691567862,-871.195449086399321,530.966808459246067,447.440758628514459,-17.667298143837264,518.247495233284894,-303.229019175642179,-99.025742112477985,-388.184176388978869,-406.588497267165621,667.131252416962639,-209.543031383203214,644.807523826387637,-508.153836835645222,9.384109420335456,-369.332770436202395,-300.706445066091305,-668.199368140560750,-281.727190601653490,-130.225213967797998,-41.393352778976009,-643.599259327441928,-257.971413648197199,-138.429783849471733,568.161807736789569,724.332750367446238,-296.640712929132349,90.793440148492323,733.605370418056282,229.091545376219472,350.445318911279969,-635.929602621209142,-368.414668500211292,-730.951623199876394,5.252319170052580,-242.008660976290798,391.654481136938671,-277.386983151524817,199.625455994574963,-91.095553604662157,912.042506980867074,-619.059424988006185,614.308411481118810,-140.828484934358357,693.877688708122378,-653.257699308697624,33.792841589044855,-999.906655619158869,461.616365931336702,685.972191892296451,228.269697636270649,-823.188869336765606,-552.444952933857508,-477.986017343354774,-260.049283903748517,-539.359688096750801,-269.268286485453416,-203.346184525436797,-50.881243841472440,-366.857486951548253,-506.450754452876083,472.981289492580686,-595.731360164046691,-320.265901889360464,424.419558321116654,762.666298397549326,-230.521406028251278,236.063055526729329,325.308410372700848,-132.076455397838799,50.788293884090230,-691.210349489510691,-354.198486716238449,299.683329477211714,-566.406992086144669,110.603873514496684,-207.564761504303249,-57.974055414579155,864.965130417899331,-265.152323376811978,376.629430792355208,51.363159644359669,129.417983309167539,584.890632990789982,344.337432898841541,336.127709925466718,-227.388911098771189,172.010028246668526,252.138518930747438,-904.006910657089861,862.420153697901242,-330.042176061867281,970.476941479938546,-441.139136822749208,-448.480949742785015,-188.188857944659844,-739.379421268824558,-225.543895286707112,607.387400375081484,219.398051645623610,316.940467432394144,-479.771347406836355,-463.773007910287333,407.671597178670481,-267.485505584009502,-271.270512849831448,-78.898969222379890,-191.111589006667458,-155.411793129078916,-96.847795423467588,-291.442973880693728,-57.243640145852865,-100.751429560631450,-298.647041422633549,198.221832015310184,-93.276972811679471,-118.793816364195550,614.786958333543566,-61.111994012416979,-167.736189776888722,-97.692628106009039,-366.465671953639514,84.376890880727842,336.039076991135403,526.803234103869727,332.415221434792898,841.329713778671248,391.392619674027685,-78.284780958022253,828.838494643576496,-1115.439226882484945,-387.379578896212365,422.380541249872408,200.768460425294620,-222.439509607285743,-250.912204154095775,365.145069419320066,279.026036430053637,-659.142395365752805,451.773710027943764,-58.925646248396021,-639.127671806230637,33.281486519832256,69.107977853574681,851.729097876565106,67.926640439783341,305.375227351652768,-106.331106801736013,-439.131788717973564,138.824560231116465,74.607729440080078,-682.811343424099732,-7.043765599051401,180.296709515870532,-298.871825441200144
232.375023361994721,169.355472234076018,580.190139253754751,-137.754379092486943,658.305325414304662,-323.280266885346975,559.816131723690660,-379.646279064462931,-437.651522253838436,-454.264082512688333,340.891675841078950,486.076224039619092,270.258631635151630,-160.355909361791703,450.045820022236853,-676.071668501483828,377.456001594180577,-923.984092502093404,-618.972007875200916,318.535067620050597,-21.815387951776906,131.248625458082529,-593.818511737789891,-249.857108212783714,-147.616747461584055,-697.239803372529536,-762.181792930372239,-257.198825828320537,-235.113485342295434,-565.187164912947310,-506.463896166825975,132.840123113990586,101.352889320329297,-204.957768202343971,-186.904924071564977,-584.519326885985265,436.678830972569699,60.522832311179080,-307.543954114068924,277.038060887388269,101.701113773394610,11.686612019126633,390.836802497196061,88.082463213794625,-852.326358749471069,158.742402835376168,327.289223519567088,783.241565137778707,-167.592058006593675,524.642873566062690,-685.222828830055960,-4.901905028573475,27.131978378522625,-858.862735345337342,-42.418897355251197,230.974572250238225,210.449890850944882,-382.585745162075341,518.005543046921161,385.668730338049158,-49.023961150804574,-586.333832592050840,-1228.450968556863927,33.045415566193007,-292.037497780474496,74.959325851279644,-632.692537360733468,462.521723378990259,74.430485246740659,-199.121630551723484,-174.373802148776406,83.680895428488711,120.778821327817681,-161.163159763682273,-660.190026944004785,339.242914175153714,-249.566503237284962,-1359.042010431575136,-145.920167822818144,169.554208484175689,-868.409894528661312,167.305793783023347,357.044030829287294,-178.289160999317829,499.172640650507560,-431.715828461949286,-220.305105333189601,363.681027773532435,541.447140822295978,628.467581093838703,0.442395981171728,352.966428355779271,-452.351311646879822,1108.677369922608932,-535.684892356265550,87.523515646009002,-153.395326411582715,-117.996287352052846,-99.309668303676773,-262.541846666696472,214.503003784278377,284.161176945054706,476.379309175378637,331.431292568559911,-487.874615567102865,33.334543388953136,-31.488288071086931,206.673561170011453,-1380.171508407401916,-465.919210365911738,-368.744470901518810,-781.361791525998115,-893.112959976491538,-205.819026091059698,-126.903262274151629,433.238313847733536,-277.882459674711072,-571.183356959714160,-79.341714511972583,913.263926662959079,-680.221003024404581,-174.363670199344341,249.536393744522428,-198.293841459483701,527.740164263138581,423.784016463695650,-8.270223392001320,214.901516609325910,-822.787449757262380,129.586993904204348,423.452107155138322,319.924163496645065,-383.780371723508836,-106.591471640952065,-58.621625169098920,-837.896160797821949,393.324332108569820,-194.167927689476045,-608.302481021393078,62.698537112746372,255.044944506829097,-475.291652908203446,185.914499421040034,235.321875100118831,-83.077915521673745,34.449296331740022,-980.064810843927944,165.348905941905173,221.190456657198183,27.418602906653597,-84.777775323185764,-81.671895589547134,-421.580172954474790,465.835445717489847,-335.743463629114729,-66.718442905375170,590.933283654849447,-405.212782855709804,638.981772193916981,-314.016534619007530,-393.678498991836875,-444.680999663653438,-495.492663315031280,590.857987028573575,-244.579813212260177,529.118487469869478,654.387507101109236,487.317277851817778,94.134808751007299,472.008327187893883,-621.419557417359556,417.024189371736895,-507.263507136730709,-454.518852338323597,431.677796627378939
447.942795356508782,-280.186143130651431,77.729182008352424,77.545937908533446,-38.034737713243544,123.000854689896371,-341.854572399470840,410.486800118825727,865.897885983546985,269.161700498842151,-476.140778940172595,-858.440148025120948,-337.069845719521993,729.321342618292874,343.127185344867257,1207.691570409721407,-406.756108613517654,-514.021832292130171,362.063531799999907,-360.660916381179959,51.627466698424342,588.460593835225040,-400.726900758557235,-633.761089679423776,-1343.022968308617010,-480.467679139291022,311.514695423778903,-526.156478974824040,768.857428923952284,-73.842967640792921,-518.381504482532023,678.655235740337844,-266.793964342085928,192.086556185087204,-215.124725188101195,-1061.320258653096744,-710.258505887468914,16.248407321787901,159.526965732002111,185.815051057681870,219.746786410659240,21.878799034381110,477.655529839140229,692.902717088556869,-44.655544946973919,292.841767091978397,230.438946872615986,-361.235536566911890,-167.384295280001822,-222.944635776704075,-524.766995628802761,312.138018282746089,-45.881570449163945,-416.675879653403285,746.029671849971464,-138.731888393063400,131.374940899877856,782.113855085344767,-498.059945455920570,-264.160081900541627,736.249149429663134,-459.847897508688277,418.968913415405154,-272.071307296379075,-228.498611017601092,-199.666832075210323,-401.331840145774436,-37.316322714850955,-125.623148754167147,-843.225619140409776,-171.433452336915622,301.377705899407033,879.774439698011292,332.633613209402824,506.943076475736575,550.795352669998692,865.760829754334395,-279.704159034683585,-120.711595072753497,2.948501789069141,535.969944775807221,-365.412414919312596,-312.109678932322083,-124.645442820711281,-651.457362732239744,925.019567751619661,57.827459544634088,-953.491361773907897,-5.053243771129026,-555.299865919430204,11.238169188832707,673.945443255479972,-118.824436798224951,-207.653954433326703,941.247597308349668,-804.767195215336983,402.319022783945115,247.543359923923504,349.072437141413843,626.556996252790441,-323.446336365542379,-605.944255318777891,420.902062061314098,123.032315021059219,744.776730037125276,-441.987806627354644,97.565637849293196,-831.309015685480517,-325.445237033375633,164.624637357553752,13.374778513789005,878.954220729139820,-591.211515859733140,381.710325587345096,1272.752915434889928,-306.890135374371823,434.597350612871253,97.013912712029935,76.970600006077689,504.757661357441236,-171.666222885836874,73.935706318450229,-156.430857526170399,224.212801943015791,-21.550281374563212,-802.601979772186041,-389.650622454964264,-168.201414265399421,-209.001126184051969,-122.774825648494328,-244.162393961219607,-182.241552764811161,674.125895903261721,-6.754442028357730,-267.017758518388575,455.901112947372553,64.293040813650705,308.708786941703750,-328.646042465954395,533.812180664559605,-242.630733050566221,-372.867336635909282,-245.460841618044356,693.674300386673053,-572.794306759481174,159.627595298218040,291.389552054506112,363.549086020986465,426.592823483465565,-121.550311863786163,-381.125638377517248,86.222490353031574,75.710266706226662,303.696461839405913,-250.177311316715816,70.373582327479994,381.203365361614772,24.896628789180809,-719.534445696803573,-630.468013495211949,-163.565648731687872,479.798075959225002,374.085274603257176,-569.064702994813842,495.408444795546870,199.093974302727247,228.308268935040132,-10.360916472611798,7.394367082761363,303.188826445317261,138.434051602105626,-612.268309819783099,-64.494400130071170,-196.764358510156455,-434.036664050382569
-227.233008988032168,782.000440582563897,-506.098553919037840,545.218266683642469,45.383032586677061,128.250507775270648,-85.255250531658419,464.596287545723499,302.117725095034018,-73.923611953216721,-367.374853480716865,482.459466276974126,241.082187642669339,-117.554297606583845,-475.443345033382002,357.386044987979176,-269.553709697359352,529.864253193777131,887.760973078939855,-679.000685014877490,-545.578827502369904,-492.598131941348072,289.180034804245793,-298.351888839182152,-485.687002816367340,-707.205014320330406,126.230479469819528,-42.589639029747723,-72.260701215290894,691.825840438518298,167.564990095476162,-458.578267723905810,-65.236100730296414,-68.860384665787791,37.270885653438832,523.878460911017896,307.969799860475291,-241.063400856951688,190.377247383144265,-156.134064939540082,559.598441721020890,-242.571515866746779,-424.045236885890176,-750.277957716278365,-175.248859088300406,-127.465637225169758,-376.748297583652914,146.936657384412229,1083.827336585735338,227.885223097443713,-277.327234259941861,784.329784987572566,-42.968570704165018,176.821769251485875,-311.830754977174877,760.479173449388441,202.249526899533407,-333.157585641486605,77.002921256620084,-652.243041253286151,-481.655804264605251,527.730740918634183,-90.975497901816837,-289.892239531618941,-541.215021300208377,-257.966338903488634,-297.945084287073485,-141.373792211718694,605.169312029435559,-471.451421508530530,-293.582357406557946,273.931199546242112,-267.542546945579318,173.755762073715147,109.489083858153506,199.125068695139106,-65.599009473122464,248.201824209948370,-1328.792864916130156,184.534198585462519,544.521466393079209,-461.915044819484365,-526.468344419443383,17.776325481180756,379.224867482385434,-494.526882923179755,-662.657043536293713,389.179965150826092,26.226787424518101,-131.489803292495310,932.461651726899959,-63.231411777007949,-538.316531537566902,170.683719748830299,-7.881612866555837,105.043359792297124,-448.751339896705758,-284.669379712407249,-809.901620963085520,212.928208940155287,171.460207444818309,-50.713280399437565,-615.930039554812083,-26.209112601240015,346.893056709687528,-102.257627195394946,227.771512689060756,244.304165760030457,599.814993283073704,156.005161247250157,38.121954260858537,356.034306892713460,623.881885247727610,-764.666682343621233,165.146070378244275,-123.457390446793539,480.570909101212465,56.513474542743850,237.821907226586205,130.234275437343712,94.078450228784007,-233.964622070728666,15.060665927814114,-122.183678099971132,-55.157433929133262,644.547421627016092,-358.226090690927606,-438.264876926206171,-289.208851961443372,290.866195580043325,216.866625603587778,-1354.018153785422783,-139.153144044236711,295.126387263195738,-119.093346045003358,-528.437918243345734,313.623789108850417,743.471585516961568,-57.694816791386145,-16.582182502322361,-468.354232561139327,638.777096532074893,257.565835563603628,-31.835041264007650,-31.139654531960584,214.159100339812483,-23.836114462826885,-76.857635670287834,319.042133152082499,709.710687965366446,-286.764265832733429,-434.623654973162672,582.675643120631889,240.883618178485108,87.316582023564138,34.438215634325047,-36.863396393952350,-412.385290094220693,-395.740432288992849,55.079535957695256,355.166810277780655,-867.558435939384253,-366.008995613678508,-243.808099040511394,-134.859865053133262,-327.421173594034542,-305.924698782254325,410.901457719045368,355.321102259675740,291.029621144701878,-1.098193289973000,-479.211182842394692,-10.077129370101076,-247.000458394092277,875.986977348218716
691.181580548948546,304.879607794436652,-468.613104298772214,-160.932502016482744,91.605712749667461,-747.744277217654030,458.831945526873767,512.302767585584206,26.450708208553372,-243.775461286157054,-146.485254660574469,381.536121092532312,670.767661667470293,468.916267523969168,362.693842221354203,-529.713935387322863,-10.081420520666683,-504.521706852641273,-574.619575224666960,-141.336445022568881,162.892023626149467,-653.982497378301787,-8.516076593411132,-422.749147932384403,442.743825114323670,-405.677352968680793,-516.566083825788041,131.235022699359462,-23.217482373874589,-199.295533825781348,341.479074759154059,757.665321523989519,-89.100244228750697,-332.447271074308560,289.185464831320928,-67.078701659012708,-1057.405593863401009,354.576924895702518,-600.362797583170618,535.442989933249805,-116.310948839682482,120.882376737733225,-127.189269536392715,-427.925846980820666,404.608168990831530,-242.917624669303194,148.472452414568721,153.825898893948448,-246.467670687304008,-286.781832926739924,166.206889937694257,434.531103569999345,-31.962488332302016,317.468374797026456,313.601581045101454,571.935071189911696,-91.629870426319854,82.793922183867380,376.425008701800436,928.704161589733530,-219.646876045614363,826.337106044124312,469.996651742894358,265.578547166191981,-259.857626533854159,260.384023541844499,-197.381298280943781,-15.460586826384201,-361.599774564361269,-139.120814357827413,131.337222466441744,388.732013251206808,219.916085832566750,61.736094329621892,-587.154609369956006,-115.834687611446299,629.073569649519300,-1150.398715640005548,836.715062693541995,296.855591206706208,468.328704255233561,50.984837017214211,-128.441931291268787,147.675463007539605,93.907372107920565,491.460759314313293,313.901543855743739,-24.693845168002163,0.962481374226462,294.673782500526727,-278.483822646053852,800.453038824110763,-486.005654281191028,124.222978106346375,22.061402275047890,-102.992433283329035,-403.055584004769116,-183.125640781934635,546.259736598658606,-299.184534523572324,-549.551795748202721,-102.271051564608854,359.500648045446098,178.502012947319827,-0.288280681740101,-420.260040969117881,47.983051378302491,-66.308886445428413,168.073669715487028,-323.178678190882295,-676.460225686484705,-542.879075217277773,-164.068676857827882,109.429130686093103,190.065772234238807,318.546039240766220,331.706869693130386,-692.029136242133063,-559.100627884615733,-78.161661006816999,-174.987271855733042,-846.116434871784918,-1098.157509624091063,210.830793846585124,-165.309282953840466,32.627707305367579,438.478927280474977,501.714304847129313,-419.868788048592592,-908.148772801982886,690.349045341981309,686.410293612877126,367.806365493337523,-264.785449773175060,-237.586665476074387,-913.081068982250144,-864.927281011812283,-973.632083334773029,-663.220211569559183,372.385050472711271,-197.726034653794841,318.907905775653660,366.751749404996076,34.057295631655734,-597.251328447183596,-73.626403179246651,-384.413622099153827,367.569470975127047,-230.575191334893134,-261.875268264883744,-194.742671513948039,-745.232844530741886,163.632530892296614,674.440278262068205,-376.907794930669752,198.704690648532505,-125.027873829924346,-121.942549148240701,-182.369905679627863,-379.279585403864246,-752.001977791409217,238.548833083544679,13.515174570461241,-813.340831079978329,-322.554871545490414,412.278479699133982,517.997545662929383,182.297618699425925,-866.859429726637700,-936.727089422291442,-446.105674204164870,-80.176708041034743,142.313871352552724,-335.269812040103204,-731.168186723512690
219.448121495943212,-614.001261879702042,118.351043036289283,35.766026075856388,10.162490255028892,150.688174435643617,388.988912324799969,-569.097055497594852,261.573967678698693,96.704371944937179,-115.979702352731493,-332.083321424772862,-200.157070689732848,-21.939915916001972,-1457.899374227870339,-195.352077756049482,-619.931297967448586,667.502935508647170,221.951704024886340,-151.422904030539058,210.965438516345785,-436.013428060258150,347.454689834600799,-219.046728958101198,722.800396139026020,779.883249891967239,-220.290144524365729,-657.943163386958645,137.534942257069247,-244.741918892591059,178.387334676966674,-156.182411507614233,-502.106068393164264,-20.289370223104953,556.719502470206294,-154.105422792601388,-53.428057304016463,182.187784402179318,-379.467175563422302,-109.615561748413526,14.396544817921082,-602.299810430534080,-222.628818060120125,-10.630654808487101,-55.731895853685842,-154.183221260449017,-317.559428449246298,369.783577083692933,844.541467035135383,-76.346981469227174,305.314270703864224,496.487036426220016,-271.422405189004337,-537.213779261798891,288.112979978314570,228.240957028880530,68.829319089853428,-55.945315626041769,-386.309939669943049,-809.595710444282645,-589.406240880676819,350.106910801163849,555.558224256889844,701.554868071295800,247.505973018870321,-634.784815615285197,191.588412912711419,149.485545067245084,53.728013592167983,429.842800998235930,-968.319085080649074,-517.834843486874092,-767.258329318409892,297.869996238687634,-183.078549302262729,-413.636339375073987,222.419187483779950,213.646441285229059,-461.400321040938593,-41.742938449026468,224.231528367536185,-696.199728674222342,-42.183265039784509,5.678422867767566,-557.866395873950751,-357.835073340570091,-386.240012455894657,-75.675219881141572,543.677401744196118,-795.065272817542336,188.279960404285760,-620.021795329470024,-2.033171702449728,-32.450354264707485,-109.523361765949446,-342.158822385694123,-357.984232190489593,-626.099359690013671,87.158691562174141,-185.862989341827529,-512.664684959090550,378.610158034307801,-927.492334420531506,-242.253777598331823,-201.980309649109188,154.643052770234988,15.338304158727340,461.569950296992090,1246.938003529458229,-415.724399031187829,43.524368727239469,631.299587623914931,457.613794691706801,200.656381115532184,50.504415933119475,31.127096852558008,-9.840542464369719,-413.994892781152885,844.938392106780384,453.995283953151898,680.671409254110017,481.872909175265590,181.877868471418708,216.988802381641960,-220.258693664049758,-554.670546666319069,-405.998988126952327,-307.713920338318985,166.760133711004670,-132.167805710283801,-136.783409668814869,465.703925111433080,-21.910006193146181,115.153848938772811,68.872181592971288,-473.551394417092240,275.201045365439882,-272.681387361133716,430.259561618960333,-995.663533028567485,166.375020998166718,-456.055889609355972,-213.979087324315032,-378.564393451946842,-197.113531961374633,958.420767443353611,71.984552717993793,289.975236932152484,-715.667949011129394,300.338848327263747,-103.683210860871014,435.834836509642912,348.365048234795495,858.514281331179518,-527.801357664299189,-25.310332215009737,395.826466626461013,-470.796346276451914,-621.183304655722054,17.993762479037407,-91.624517106647374,323.953955774559176,-466.061341893753024,79.090998081454899,107.034050855730385,112.924335838031837,356.788258760354609,-563.403979829251853,113.780451135271989,-121.113351755037456,-382.886023609060942,-460.148463942131968,347.463348131617124,496.363597150899011,-956.277254522406906
-159.970677871119733,618.708015450064408,-84.613413136709980,282.122644612667045,328.973733541852539,-373.645335573633474,-233.377991262900935,251.019879516315257,61.333862736021750,-732.868524281494956,34.679365177830888,-410.421479073646708,-739.865890074572917,-507.162716450407743,-256.149581845605212,468.995227790197760,735.100962473461550,-207.491273795269933,-515.974380978132444,-667.489714790370385,-225.691372057569936,-515.647292829552953,-536.851467277078768,-54.386886339110873,262.370077113953982,170.003624433649208,96.469308771589866,5.010555365918947,234.128742089356052,-1013.272569639496737,129.021188347306378,334.481798111043531,432.066536234724595,720.933127979416554,75.259660771341430,-80.739333457020166,-236.517733550988652,995.237636758816507,746.297807171573822,-171.066473591564318,-431.883303808742653,197.861378690212746,-199.024496674167722,591.892404241739314,-352.731088462072591,-717.843844163326708,71.414890534728727,86.445902676651343,-363.111465783270489,-123.549625786194554,-75.834922506991845,265.887396362137451,761.018931108380798,27.378009720420117,-259.715664531609036,994.983942986496800,-184.971750365577066,-379.191594588263513,-375.434996331492812,509.992370220682517,125.617193406324859,-1.388352563845096,-551.302000858373617,336.676815782232495,124.691737897103806,471.492637031428330,-407.187602809232317,51.476604979793620,-427.307426961487522,206.588160044890287,121.130861159293602,-350.400237013832793,-482.654181456494030,526.555216736942612,-351.950264159224389,-483.073705200208167,148.215304183456283,370.930553243426573,285.259125716077563,232.866488452163907,-879.884316850797290,-140.588100999748463,-746.391220398169708,-399.662931726263196,83.519431003896017,12.527830633003527,-262.008898697053667,294.763290315346808,135.864565725377190,62.948084779383706,471.085578373650549,416.502771106401610,38.011410242855156,-652.391193706086938,184.337150079730975,-182.633665439786739,207.905631754271013,-356.160953856438994,423.873904287959192,-255.067420838556870,-146.420034763404516,840.383874183036937,-330.976683971486693,-45.560167800325132,120.065435017094785,-141.318346922103331,-16.126707312660990,338.185531187325580,273.064797124909376,-269.702880586097081,151.306495408118252,-484.489141159659653,547.274865715476722,523.534087397078565,281.098734914712622,246.334647053058461,-166.587434360016260,-125.300458854062455,918.770059543188836,174.796898912780847,-118.056520960535209,-480.902770815764313,-110.037001409803253,-54.775760934887842,-19.478703799380028,-1412.138710924444467,441.565103588790976,-541.363416573674272,316.986337707771042,-68.991408532059296,538.160895655358445,-739.069340652390679,-466.921011305411128,613.140950873256998,-145.925132537729525,780.824567062450797,-457.359724975744825,-45.559480667470481,44.533981017667131,-528.887332882039345,334.691919997554066,604.694060497808664,83.740799923234874,241.063453987406319,-487.124330772921951,119.320202214719558,79.306694873007601,-376.599212905430363,-204.653654349940069,-68.170388489950241,188.618796717410788,782.521092449465527,41.803349885080188,-231.925869989138931,265.085794701025236,162.153408756160928,195.732610280688107,176.859738003011586,-451.896768670088250,70.429890978286238,-64.292349615791878,78.366382394805981,-41.506664509548521,-218.754453584949715,-129.770513834341358,605.713439540310105,-33.101048687129691,113.308559181295209,327.912318777744531,401.424284553077598,-480.616626953764012,481.399675673878789,44.581742225405158,325.585421558452708,-228.076354202129437
-216.915761440107616,-498.605125638275467,171.427701627597969,-493.731949913191158,-34.458557148525870,-264.335384378054812,-765.722280527162184,641.950201300144045,-629.190590704113674,32.987005821264454,-457.272218061289777,219.069203118062092,404.601593638610950,430.765894463645964,190.755117708859359,253.920309179801365,-25.882125727011687,-256.677768304008850,-493.492073896562260,-174.929823376811157,396.976631046444481,-375.408771217066203,409.509294322069138,-35.712789218609686,111.976735748628712,-73.021871973931241,600.795053475979898,-533.165480475750542,-224.473041534472884,-181.685374353353836,225.172390337080429,-283.460992368837424,43.268052862860273,332.258724064229000,784.708526785992603,346.228624440196995,178.659336515975724,-174.399216181174751,7.168674967198362,711.623783713094213,576.159684646752112,704.830523368230388,259.948839233214755,509.023826240495850,-419.067554601688244,-14.019454649222633,982.369552537437016,262.396006489660124,151.807888818059723,192.644499988935195,195.880256544740462,-34.548224934263857,568.471654220554569,-394.348493459143697,457.051462075045492,387.804446532258169,-6.870916461652495,672.872034191344369,498.147156178793580,119.187076642485167,-879.376194854969981,-688.721791838050422,-628.777393791750455,776.190236026653565,-116.317723952729537,-58.341799306941354,-88.461119354327863,-444.519093260928969,-235.012025366066752,378.986010643398117,184.317252532004403,278.588111361964707,398.324552638292801,-526.205363148295874,745.956979961491925,-316.287672897889365,-270.870447347973936,-651.838341652986287,-511.425001415801717,718.884466525820130,-391.363591033635885,-4.743935631608220,229.558897470592626,50.914296907791261,-195.376529351048617,75.954707494718278,-236.129499629333793,563.390299159889537,-267.349424354545874,257.016927677983404,301.757557669975313,64.951875425673720,-242.093076233119461,722.261668801208657,22.201322143385497,-511.824735942675545,70.216688789418328,-158.362849183255236,-257.485264117816541,-663.249992188691863,-64.988376412381172,-120.428191122221335,-438.390894558810430,329.489347418449256,-542.007998131560612,-50.450272406754898,-218.971647332111360,652.984542716714941,801.659795301456143,-76.714343352305036,210.380302138952345,13.124612528413031,144.912277592534963,-207.439131819046878,478.948588940744855,-504.731843056863454,590.659751733799567,630.216438215868152,-179.462742144715151,-466.365382634614207,-91.633299808478085,191.279063927629551,908.539879842652113,-607.404383992388944,472.327509180139316,226.893150778072140,758.455853158081595,168.907386998524885,-184.892265073886591,210.064268503973324,-413.192907417578397,401.885728686608388,-61.242385167035451,-281.062551696840728,-230.553090097646958,751.663371203352199,-10.689885773884075,355.130933581520765,-110.783367508063805,94.635647853535588,201.121159279814208,-151.601986427549832,248.680840334305230,-79.300169142573338,-633.071951685759018,44.427555280376012,-138.386931354763476,639.005883048468490,312.129277393317295,604.348588452903186,-280.828705534751293,-888.090136636382340,26.014271648653402,-106.946687145147962,-149.123487815774496,606.183054085889125,-751.443163331407959,-179.213714814865597,-673.595727618665364,-450.234230194669635,-366.389486920673278,-668.469222020494612,-1473.936950628641171,395.729803951328734,-640.048341810561737,-9.961474865877744,397.782818892958005,494.543928316554911,217.232744939004675,-273.388334485150040,61.642938240803318,197.596176025385830,-449.380244144997221,-994.362023847905334,560.092688339200777
428.852932249500157,373.338232363030556,13.820941300744128,679.252190353626020,-705.499103849503172,355.607143088918292,242.858526625267672,137.084193159664238,243.795957933866674,-1151.371777873592009,25.496962000343117,-121.971368189085737,-905.388948524588159,-459.817325451858267,-87.564089623366058,181.538581844427540,723.981703899879676,201.929397327004210,-444.992460753622595,-258.116872224753195,713.024735386313523,-355.325437221917241,112.970856877302424,-71.411332725601298,29.847505175741972,-160.429635111564949,-273.974716877200933,-275.931680959652169,172.226014766167765,47.391925496378917,-127.165939692461507,-513.168603301999497,159.012849567019032,-112.538550893736570,814.576934103270332,333.338087007439015,-146.653573637983584,43.473416843853087,-1077.123046883466486,-150.501911720444809,-98.104260876622106,-700.995028548710025,167.923926462600519,384.707206164776721,-39.949090283579451,-800.021135625486636,1191.296917743065023,20.427035399617271,187.080329326303769,-963.108123722952087,686.110055248080585,87.410256310507748,-466.661423853198471,-338.135903485397364,-433.747425279318350,510.684899587345967,-320.295295539023471,-403.928193963472211,549.478460642561117,-542.037704625902848,-456.678653020395814,-347.953733546535148,-305.439687511151249,373.627877776620551,251.563199969117107,-263.528752601769384,-362.750903463271811,-686.760700940984862,-129.567890655712944,4.966250180497441,501.008383912952979,479.341187918914159,-168.641282388269502,504.325903359647327,-326.786631371280521,-299.997500599625596,146.057368678191949,13.578177152559288,-138.990331577470243,414.937943117998600,-582.545028436608618,80.909930590011001,252.444367331714631,-333.714402891978352,604.655175540817595,-784.385712942913528,90.967610790950204,-96.470260356641887,-80.419873707209391,-391.565159703889037,103.140786753549293,-664.199430809985301,324.245751885043774,-79.301450170309124,684.725812315811140,608.841190515284552,-59.101098563590639,375.286669512320145,267.256026185398014,-780.821658484756313,244.756557674238223,35.475455709427678,-397.655744937446400,-745.001477209354903,-0.640275871598277,-157.133847962075180,834.894440921407408,-88.966339671652165,177.749717476383694,168.094258773181309,44.735448718736087,18.379255614573363,611.001222652440902,348.791844725686587,-427.853967043813270,-45.162516541403626,-620.310164473479176,-444.561404333736448,162.282232914964396,-586.123319176101290,-431.983845596919423,-455.814792395122595,81.590533173439269,-230.182252153243297,-55.184729397822601,-144.292629347675586,2.986006339038958,138.788044522010722,849.903583652138195,96.881930154555604,-58.864267980349730,-323.403330766026386,19.396492381394374,216.371440004995094,-23.553115479924966,141.888440724883480,194.321141227518723,-95.718560411217254,-17.354605531581853,-63.171298554341092,179.941620730696741,79.452717882202677,725.949931918652851,-907.775183534256485,-369.183978585906289,-298.058902779340485,213.194991502248854,-622.013984623338388,325.317250264482993,-770.476553989652416,144.873848432777464,17.556543163030334,326.883371032087155,235.994248468978071,7.996483374768463,444.889494485760451,374.038695859956476,-640.582881992593457,197.820157734913181,-135.387377388630938,-746.734296388000303,-18.601316573283668,150.564249278520435,75.361490853100122,15.343650952267225,-556.606271337411044,10.176815209626890,1268.606668728067689,296.281125022371612,-411.786107361734423,205.281658033713853,-212.228321896584703,9.130998638824341,-129.571777598397517,375.429043281875124
-470.223083159260113,-687.061843615183193,-327.522535115400274,-435.749050559104091,546.682651379228219,18.654884172528458,300.490441671695464,639.856676247297401,160.162909470125783,81.949118575848445,60.238888010573582,693.085022391732423,347.906759883298037,432.879114819758115,495.830368472682380,435.895562962682448,-582.874068801791168,-132.430086213595644,-506.839491313656481,353.159201829840299,403.316096719631787,-269.763163482328594,-545.553862654445084,80.499616839191191,-141.323259086938293,-296.562912337869761,144.071245291903068,-509.336761840445433,-522.496229619595738,706.117309466928759,-399.707182466231586,419.284292241955768,406.855116850456511,-93.718156770220560,-233.303512489839079,-12.568330889750696,488.910628410225172,-518.727789029973565,-46.465882988657370,564.262719952229077,-38.986436172481767,-239.090332438268547,-710.569603267179673,-410.569436780897490,135.655886863934512,-354.861059827031056,659.267181719044061,482.611930138492085,299.461375852601691,85.222925468766761,125.926630261816626,-351.794221897922796,174.128211455148744,-402.123883911790642,-939.037598840917326,161.150036686689077,98.383569457064780,441.184844545242356,-232.839800961316371,239.728543355518326,-96.132813519611815,-191.332637008121935,-509.744195261266668,86.419797186442764,-906.023383526772022,281.009451285951116,260.811549732614537,-32.634753357686833,-591.287948615879827,-133.605736489879746,-194.670526782718213,295.809874544018271,157.674432982700921,539.896724097791775,-385.957148729041023,-191.754999628871332,733.042569873171715,-757.475747282032103,335.531365726091224,394.752007058733511,-321.025349018456552,-422.228742705431102,254.401374754821603,-53.193192271685412,-140.148280738693558,391.878156089339257,174.927282819390427,-69.480691128181419,-160.335086737349542,-640.567765071518465,-266.226569680952707,98.599639714078748,-368.601963254488965,-203.246653040713255,506.941653635945158,-499.577841998917222,-218.431002540590725,-1244.782059306979136,-51.515386618040893,-260.391047257060279,329.758917490577176,297.760836323436592,1052.107039316291775,1114.545389420954052,709.568891830528742,-48.032231511944737,-163.945861994404993,-6.930853464690074,71.180452927333150,77.680923138854581,381.950888813975837,63.773675752312251,-292.711033506794422,-1138.522919993375808,-37.688081280774902,188.301296135232377,79.117578614541372,1205.463538370951255,-1030.007112579411114,-353.131735816137109,367.327769625884002,425.659223950664739,-285.559235664556752,154.861930897763614,-352.104406884067032,-344.092145717352309,795.220835602796228,-227.430711103364189,419.051415928268682,838.763052441859031,-242.194814787732724,537.149635591737479,-795.819440274555177,412.521911487235116,-16.579876219943060,-460.671929430002763,-471.693901009238061,705.337335882282446,-11.356696925157586,744.047187690216219,35.930368192700847,221.135586651692961,-103.377546294885931,289.363862516472864,246.424800822850017,150.747048779250179,-132.575797768460689,-216.408289878147770,-853.000104629227735,-147.625686274766082,275.941786564661641,-286.577990455098757,73.724089403259754,-465.442082938727083,-294.968964974837320,319.234701919973133,40.729690916231128,506.562288026292777,587.083281459534078,-161.045510465962707,-252.735427961568547,-125.909909889449224,70.567376204055265,-1038.108158423917530,-671.397056745876625,518.559064294943823,-117.598484192712448,-520.800331283241462,-303.042017456454403,490.535386664843770,-534.330687491922959,-454.109223853544052,786.701158735188301,140.208712073365234,556.700026710107068
-77.088880560685283,-198.644972116415317,373.807675711028367,429.140970292101201,-18.462229679857270,-775.628167393925878,149.268785037375295,498.194499747922009,-354.737900795348594,-322.241334550504291,538.447761962446407,-616.993595674742323,-480.257930580352365,-474.936640568259634,-279.253552206567463,30.079112898499574,132.465826208716607,101.004684675737977,-15.940887930437544,470.230368423229550,543.427966488883158,-947.331776387516356,-40.166082111961423,-50.822373765992978,77.989274566358802,308.758023966817404,-124.440708422217696,-323.853361814014761,-131.916100861535568,-461.977208666794638,1415.016653860979886,-138.706412143360382,-275.837720951759195,137.560116551041233,63.475476201136559,106.102265160698451,244.533559108833316,-452.116387476020179,2.953590078366688,446.070181884659803,-0.272565761440084,-959.956741472546014,-1146.333672219703658,-469.516855406785396,122.400061504828955,-77.567019659404622,197.607420916943340,731.412113116711453,1308.979712192700617,90.823619799344442,-304.642727965018707,264.806119644917885,520.413740530037671,-166.267511883035326,-929.503621840556434,-239.013369437064256,76.125194523943748,-167.768871382589793,-9.951958583839362,-728.783688637922410,-525.411731210590574,-168.519271928189909,808.636338218266474,22.802719513606277,188.748468070055480,676.680794605487677,564.932387362584791,-851.129667586263622,227.264098498297585,214.726205779504284,-126.953222664536042,510.319347157228265,-454.410103393755207,199.547392550348434,434.852259380866883,-646.709798337908637,92.012008241305622,-99.790077854521243,67.492792838535067,26.909888683592420,-343.970354482114260,205.790291117335926,-535.528105446692507,-219.808299030075659,208.075171097482411,-589.395548419087390,-698.509960580675397,-97.242610796155958,-669.279637362797416,-1071.901552944394780,-612.230890353918539,-53.632202592041338,575.451078318281475,278.124020254453114,-557.930495075625345,-120.892820584302243,327.058715140873517,165.070605903382500,-50.423592386584929,31.868254951472789,678.469758903333741,-141.316895763814586,-489.553230191042246,832.032756941544221,375.643672478112194,222.908110244779749,18.562375859973503,-225.095149217962216,-398.931609022714440,-1167.827791915067564,-335.614980401691923,-656.315705573661035,398.642260421415244,106.467513216175590,-236.487675582574241,-134.241361375657391,171.951742594636158,-183.785835132380697,-327.814006724921853,-363.914467203135416,980.431987110248201,-21.014682724097778,153.464405280313485,-266.686215214184756,-475.836189868907468,-391.699793509085339,-266.070457801768782,-248.693956569782216,398.024149663079243,141.844262976502847,354.810706937368195,118.411779965044332,-591.199134790852327,81.345374231331661,99.545420371415830,635.662381700203582,-129.003369074428718,317.298768075406656,83.313203079714270,-557.869962639959454,486.627427791015862,161.245664438757615,-160.575021893050547,-191.955435450128078,439.386042440092979,-198.260275689971110,0.484744901545508,-124.903080588773037,339.728103544941121,610.416499226690007,-446.131615235987795,81.812931743461107,204.820783658293607,795.355629382964594,-504.204132446689300,-356.195345761931435,-358.895445596199067,-780.537851206887694,-919.280064807966937,-16.026584957212798,116.220839711251941,-569.989782081672047,179.839753949177577,-650.355945106972513,-87.696564775919541,1131.750094631971706,624.596125935682380,155.533795446139408,1216.946467272023710,-332.270040963338033,450.359033691282150,197.239783577082960,-529.270067200478820,-487.746851659458798,68.792600551355477
-808.681394997692678,-87.458799490964182,740.137439902019082,459.189391048812809,-216.588232708634393,-375.464634803147703,-642.721877945284064,232.226159271254062,-28.966301245401347,395.733715942799620,440.444805773839676,-959.464529595123963,163.068908613778973,-658.376089965324581,-649.004255365245626,-343.464025780166310,440.293835843042473,567.388578762829638,505.888928054732901,120.042501349858838,552.173186586400107,-1024.722368978660143,-555.270566072643874,-42.286799150534151,-140.314095020556408,-507.154541315329823,-527.472140629079263,268.129897375630605,-139.757260067579551,96.990613350960132,958.054465129900336,251.093311522539011,1150.660622866513677,-918.926868747576236,440.682092863624916,-317.069430715712201,-462.952074190526901,-10.257151857441841,-261.004098306114656,-323.383403164269907,278.212424034595699,-641.700046425886967,-255.714188419560713,583.321459890600181,78.960135927121996,-274.596224261900318,-699.075564874777569,66.450560071485796,-149.044605813448129,356.046508400247205,176.988640957686243,-320.750387401456237,-4.783922988920569,369.565644749212424,104.573270668818452,918.966124418077470,-384.780793082820708,310.035659422543802,-157.727670167111285,499.248781621102808,421.333786502771602,-837.647426926174489,-131.810270315589406,-225.511824019353043,2.398630706790007,-558.494426520223442,164.621932990888297,-259.560022335018516,539.478464047431203,452.679095020634179,959.478983309290584,-549.448370392045717,-2.676498727581276,165.140364931541484,725.663808260923474,-168.069963065017419,-234.582375909872894,-166.094167850183851,41.170151172703072,404.314472104458730,1188.157128398492659,194.100222826940808,-505.102788327735709,430.374285404807893,252.824044224475131,577.264017078479014,188.221563388284892,-463.305144114875759,704.134928146935749,68.083011330691136,490.120208641473255,-160.883620436893693,268.234187435352680,562.174932669842974,-512.853779211937876,803.080673437232463,-72.034680523689076,730.122703265137261,-109.643668129392765,26.549492681874241,155.885539753196412,561.907619586346868,63.092216733730737,637.330034918240585,213.029930462145757,-50.072967103434905,-514.114923188066996,46.255685564735558,-209.638090429892941,92.724976726680865,61.196492387589863,-1134.673132370171970,344.799812405493810,324.376561254292312,29.468007305679446,-945.360130449081112,-341.420942086408786,277.845086495221153,117.074026915340355,-312.729907762327059,-114.824396433909456,248.174319997955763,184.649960355018976,345.774730689909063,91.300765974649835,283.101458033487177,299.018059961187703,59.846927123878800,160.431244550207708,-137.165755368061070,-348.806979019156643,-35.312604948926591,-617.149129196578883,-677.277612600984526,83.502615909052238,38.560727496048258,-170.135918233143968,472.870730028358764,-353.191667576349232,253.015591316671191,-640.920723537250751,437.343551579020868,-81.017884146186375,-446.188331379461943,244.049521082461467,177.015284633207926,0.583048068758586,132.722223387490260,221.884954266525853,303.042702144689429,611.492570543607371,-1073.808560027375279,825.587466843006609,-103.113158175166859,286.148558594224994,-193.369963014492015,-327.165863320687151,-63.726408452434761,314.055323018367005,-579.488159940940818,-278.035606136844081,-479.022602709696969,79.165667487572534,245.980969042665379,-473.238986089379466,402.855403171599733,-7.778184978878993,-337.712586998702704,907.459000022915461,-223.879843760794927,-213.892487488596942,490.314080948711478,322.742568074458120,-186.528473025283176,190.756788234962954
-496.385117347141829,-89.478317994532375,330.224187472867015,-360.047279068203977,-560.234310762117389,-663.607926164186892,-100.325323024947849,110.873824133776154,-283.277176607882154,254.028803483799123,-439.294459973747905,-286.904642424462452,-70.058486911837946,-466.517833155229141,237.033704360698721,-107.978646423939992,-182.142155794623932,-501.989197430959166,-322.074065716417635,-686.274614886155518,802.019656876049908,-455.861691342836025,-836.007605280620055,-138.517741647727775,-150.427945572148786,-441.591282326393582,142.282312317477306,515.214852979408533,93.274850872046841,-822.162551410906985,-215.902752006182340,232.035258649655390,-40.850038861986704,528.757880147195920,301.774670354884620,28.566152259590361,-215.114984030540597,-68.146650757364100,-324.714935171565230,112.699197634751556,-141.939858587926153,-508.101675664388722,-671.384434665747904,-70.762323149676575,-128.539961784819269,-456.093655516311230,129.677870168896277,-119.583958271186333,-299.212830854162917,528.024805658627884,-670.792383465775174,455.768649024335900,-205.553856855140424,-204.322148932130460,-323.745921496520964,591.385053751273858,93.808988048909711,-848.754151042087187,373.210354863469490,237.245568318096588,766.754941018749832,-338.096195798207248,300.488666356614999,168.326985186322958,-791.507150393146276,137.639934679483929,493.314678618978746,-441.259182794425271,386.247565016996589,524.062739505109562,-52.629738524404701,206.613455050085378,-78.529801345343202,233.955195997320828,-211.218892826744195,443.228831803631181,-341.906995558783080,462.535297526294187,70.663610969530453,195.519723349801410,550.133040797753779,796.742029082663180,-516.593411665250642,-412.168402288099173,224.003342567063953,-236.062639345799198,33.180095323479236,298.396375488196384,-286.216057706911158,501.733650965923289,493.226196826611499,618.202094178619404,-245.652196220906518,-244.778155633864401,651.439569301836400,-202.408989786722174,493.265218289032475,-544.886131021801134,503.062264907847975,717.138264188526136,399.203866127029869,704.589256307340406,156.973846133752772,211.951927498496900,759.949939463057945,-592.798647625546664,706.199228128940717,-258.338920164263527,-845.052693209855079,-730.643419736187411,-268.739794841237767,-317.704790243052571,181.249427853950209,281.031020210892677,-220.028476990900032,668.928320317266866,-28.652995163193395,-576.403775965548789,-160.585660698880247,501.844610064865151,394.446110206622848,-717.809281885477048,-174.945530851312810,-136.171611634071496,-107.136738478030651,-464.445196132392027,-534.095512230923191,-21.803970291809303,-478.876344146238182,285.669872350621461,267.142568935728661,-291.807196131562137,-292.336302934922173,202.841878425311052,-583.727840298397950,-163.208565346286093,251.688577123818305,-200.329188417787464,-49.522302425286725,-152.895110075912299,198.952342671363454,-253.351599435916569,166.086505155892951,319.601112594967503,-213.173103337667214,-828.548713921429680,-305.744386244559735,514.544495756395577,340.252964290015086,284.641874155517201,-5.062379755045027,18.395158939515110,-227.949106918919284,-436.327608856287554,-768.202085320731499,-360.563375122191928,-101.289153359010513,286.549941287908780,130.892444156174065,2.275008310288712,551.282577379710233,-711.364301859221655,-628.292867614711326,-165.492307683845951,34.468019495512038,206.642119118545764,63.171074542265245,640.419072906207703,391.919804637543734,-143.352770763667223,273.868329551026932,-28.642469062883663,-930.268657338544358,316.053768571302840,404.978684006244407
223.800850279601207,-887.538514617929195,652.189809063314556,384.688672310658831,-255.395240298569831,272.983883754985186,102.232443508986393,-215.033985890265626,-230.076070671970569,-503.711959997988686,-613.769354173151669,-171.699638216246001,-29.889387839965913,1348.420160847407260,56.289714513601616,371.907263621571133,621.720884021769166,461.607036697372223,-398.943414301419068,9.542776008658180,5.058839710581683,-223.241454997096639,-414.006834265373016,23.548128094832560,-105.815730236212261,-797.649664331691270,-275.658132536440519,-485.139957328028856,32.455488472530647,8.404297836395202,-100.352115207538986,413.961623350464777,-80.998524901077417,545.600643420110487,391.457808582433074,-24.670318130430186,-562.029791120262189,-311.422361491000970,-142.469676205800795,298.010298174492846,193.236184316610093,-663.172893227675559,444.802049581627784,-114.229793053045000,137.999039417839015,-480.032321425366149,29.677577539007316,786.958414028439961,160.559958433781105,95.888006168253611,197.434350200939093,-693.043785039946329,-68.774667243114322,-533.406903893123967,-480.808119470667521,1245.303058629552652,-387.753330073411462,-712.504054894399474,-227.733898372737400,-641.168204766862345,-29.966483520501431,85.763254702643493,293.862618799413895,-824.819162475611279,796.750196429395260,-256.197707233095230,211.765914174060129,-132.196269469778883,-56.252122126447851,362.068540435664488,808.999906827185782,487.801992766052138,87.984500800047158,-23.134614111461460,-249.078201638977589,-210.173396437271379,-162.572760985366102,-917.729243461964757,108.842586830181489,-26.356594444162141,26.073911697958437,238.166071884708316,151.181977942692896,270.060882581960300,315.314290230335132,155.228655123426790,242.477580476954529,44.982174097869205,414.795719612909920,40.259138847370728,74.332474228458182,626.687673840125399,550.538227034493843,225.903378127944961,-426.296709489264970,265.623424630471447,-71.870068742645046,510.108408225179687,-36.402310567805664,-544.851143124448186,392.520880957724273,303.429084523059089,-149.915952123710696,225.461034502359581,135.173399625671522,720.487067730794593,170.187620242865165,-449.153026233252376,-278.740316334873626,-292.958887023459624,1073.700346309318775,-1062.437885620545103,97.947507169394072,-502.903016873799515,-190.981026629362788,452.780298968738407,-40.989928232298205,95.395756877491806,-41.803628832121618,80.280501095816021,-59.918606479766176,-300.626315099849251,-318.923675842206990,598.349826267606204,-32.196789315727315,-457.800044094233670,-394.430273913683152,533.502785955658965,556.822760820930853,-45.934334497303205,619.458936533512542,-114.323704839849455,-132.069534286845169,454.380617428380617,483.586486819631261,-713.962667236638481,157.427705526710270,176.114727701775905,-155.860416940772353,374.630994779063656,653.267486648206273,494.072868700160882,-963.990655782910721,-652.183694333547919,-505.373800791130009,-33.972978381246811,-323.400109969782136,89.510651356096886,156.245695924588262,646.231600811428621,-415.114901710178628,767.752350558628905,111.528699646858328,-974.617379550181454,76.733869493150152,-222.895717911547621,78.130758830308153,-62.866620248705289,-638.643970347174559,-784.271484744203690,-123.639011373562710,-41.546299815380806,46.210434013822081,-134.906857206507198,-289.118932589441783,352.911951045233536,-111.375038904010907,70.157258929042186,625.110591866878735,-464.935830280112441,420.744394346053980,98.605433135270943,-620.396124490870307,55.884146650811651,28.490917022177928
-14.912987324831429,-273.668799773805517,121.344649884232652,-764.134456571832629,38.792043290136228,-509.246842425416276,-144.117214406454423,-233.071067016846740,-132.564949076517422,-933.377754467475256,-187.985800432306917,111.606752884006880,-114.888253026704888,461.672518048813913,169.330388073894795,80.250326440909305,426.496401791447909,106.028052235856080,-348.488783663584968,490.097957468434061,-427.378718859015066,302.845324974746745,-538.572613987009390,-229.126402182273409,-398.336136411129132,-385.783496996527276,666.724249559725081,126.775070213496562,161.208360335544683,-138.434732886319352,208.948675663587494,-880.328885569546742,-288.344067468465994,-461.356267388963829,-444.042150384066986,-692.363095902780287,-28.040866262733957,51.872308182331039,-801.733957521602179,168.882398787066052,56.164326943477221,-103.274425167044114,-499.492258790396988,-277.360398072575151,243.857181360660121,31.819275080080750,389.582012122331491,34.981993678767729,351.272832038462298,-558.331780587761841,289.231097605332650,-520.119687266610981,-82.280782951289297,-344.219028609260477,-167.655959629108509,171.081924730047490,335.759004572724848,136.356415678341790,148.157134427458175,-277.464129865038217,187.382703499480499,462.305457603593311,203.204268427779397,-650.620667270948843,474.179354879477160,-179.710918202694870,-57.802858895519819,134.742742934986609,-676.976726432679584,-187.550237819627370,218.112298188128250,-271.442784272916299,-434.420197998124024,-115.570432709893666,-19.550467161362135,-494.289762160394616,371.095463536500972,30.303762582476018,23.135782353926032,703.308076670979517,-256.816984236267103,364.814928728700124,-91.507176364395633,406.102677623825514,166.755479594677212,-409.712835933144106,648.925567922724440,294.518848123962925,-201.713727442300751,-527.233011652961068,-178.425391531093226,-1.916160955640562,-82.534822270198944,-154.365149783825416,-133.656297307100118,479.733753800456498,-678.963944486881928,402.948082990230944,-755.668585736831346,18.237737874592305,665.449347567299128,156.551020395858586,174.469274259829945,42.175900944172348,763.408850719759471,11.182222987330377,233.232167478630458,-127.622544696242187,220.411088986229913,223.418910497459336,408.747754286295162,-204.717050817940788,-483.407209834846128,-504.108211733545659,-906.176515608991849,-465.846169356525365,357.463496902030727,23.529039389959429,-129.366809756139929,650.915975492352004,-38.221559766639132,18.727965110516926,585.523016157888378,163.077053786341423,-16.764646716724727,-59.354795899855176,-456.097960337051802,196.710595334575544,253.421603043185939,385.153427212100041,-509.885879769389305,134.074023483771953,-151.303028933365255,-412.052877911122664,70.110706383930236,-10.026113978711422,286.924616396295448,393.090448883091312,350.674950804033301,540.721367216315684,-250.615873496078052,-385.010686377196180,142.602899497044234,265.162312427607674,-191.555084782338099,419.234686163786648,-28.671399965258601,-509.096910978499636,-221.096134735061923,-415.295359556120331,-261.097649276756158,204.376072170999066,138.244571021811055,642.758870887716171,-446.959077634221330,-479.189741496569752,325.707460652600787,-251.076094338626092,-147.937639402143759,-175.791901708171793,-130.464087985082870,-117.149559881948377,-565.922101276339163,-692.255748500703021,-689.714526229168996,60.148976263865848,986.467591552965587,158.858430412414151,1024.556791625391497,-325.511846582800842,-199.722777481018909,101.634317967494965,-1321.179689437123670,-373.064237998086412,370.123601328837651
-1000.795912880024730,524.708519104660240,53.870235963426111,395.895986477264501,555.531673593985261,32.759463869690173,610.819037897656699,-270.561368823633813,-77.289712368747772,363.502449206526364,17.325139431256858,555.996812839673908,134.893320457174838,-672.203822960505931,-87.149468148943413,33.403429291013978,678.578642467990335,191.373541148741708,338.077094982562755,-711.156467372900920,-250.375995905250619,-31.020623048435926,-299.380593244237104,685.961744214861255,-158.193697505229665,719.497692109269110,-130.889072000735410,135.258142209639288,-133.782244630602776,38.417432721076516,141.325279043066672,422.866785873831077,-181.276002938192363,-649.017426996723884,-41.797534881386255,-88.843406184337113,-435.279955255575203,-339.104827151387724,408.216892886987694,-396.407542333816707,255.224992501144186,-563.897692060638065,31.296703439650329,-4.778582966839574,427.614178823954319,260.645544071516838,30.887282146309737,-41.567158530458542,-554.250737074437438,206.603167306596418,-178.875411253167840,-196.695538837882907,792.962742321776204,-584.501267257935524,195.587081093030918,409.545471525662265,489.732511487466866,-616.588887749433184,-297.000862067001435,-70.921422562239513,616.794057860949806,13.441391390476685,-147.020944385592884,-260.629847127341520,574.568618997542217,-53.152396593053204,-37.029601618664991,672.830939149262917,204.498989245633311,41.045237628635860,234.425502956174569,145.108665325616130,247.124732180321018,133.387261689731389,-460.740019190885050,301.946204487492480,606.395542601998272,156.621878826045815,331.816482104516865,60.726389704608025,-222.162370058217249,-830.271467301581879,-696.994185867342821,-558.925948389807672,-311.400217394692334,136.839636455451597,-439.629313861747221,-817.756660590040383,-385.434891591186556,398.931973644463937,349.018206890572003,136.966490650471115,-294.416297261621196,-428.601134383059957,-135.140775842186542,-269.264101208810416,922.080552502691376,382.962091409214167,376.902199898340712,107.365962219656765,299.415804545911442,-796.998255704194548,480.212206038166812,223.752110065296165,16.819460644703636,221.255692348576929,80.912319085214676,-800.578680525813752,-220.784108477558675,-446.118034364102584,105.115325490696605,378.912463907150425,178.921016895381229,94.794848187322856,396.217627152366049,185.247667702619964,-132.066886979418797,667.305204365732266,950.742790129400532,-419.379980988568377,-315.688235641654160,266.334157729706135,-704.176689117095634,-251.214367627292575,254.401555992467877,-915.795272733960928,61.318668891801892,700.973563529238504,-494.085067338841156,-932.117203829711343,-807.403188218173227,-400.404500018329259,760.713342181812436,-264.791581163061835,286.968123634717244,142.066372733901659,-687.915643358962711,147.305183806540299,137.351825763055217,-324.148664759573421,-273.576292318828962,34.545470156503178,-832.814375878441979,1028.404114375129438,136.507391482724358,-146.678663780230238,367.663902297059849,446.490785548895985,236.734447017668458,-937.138099492732863,-635.411251518442555,-583.075992335153501,446.499975343613244,-206.404296910045275,910.870148985819924,889.403298530806069,424.642518954011848,295.125167802435101,-426.307365098928301,135.055825585283372,505.850463009181226,611.590218741407170,881.421231414810791,-382.247133447990677,662.859226051956171,847.077182166855664,-411.165062833173238,-27.235092525157249,-391.142418050359083,-566.379046069167543,-128.217237211745243,532.635626986035618,990.776801092650885,87.257727320665481,-444.653012936992980
-244.739775487805275,575.155297086965220,-538.360230226664271,113.187796605963086,433.816172841929983,459.081141100354557,720.390902756486526,129.624550375095538,239.378579452350948,-507.703320219268335,-155.109821303993442,194.660165850613168,368.407050795992632,-384.395385826736629,188.930938977343772,583.248195809181652,476.825063081859184,352.371989868637172,-88.207748257759079,-658.070451454478757,-1.661903878587172,-225.200613780720118,-172.448252809073608,231.674100057754913,-779.874458597096691,-448.923765740174588,59.562005305425672,119.265681379600522,-140.179814123718245,1422.351254248142595,-167.551452773265055,-413.970631888846185,-570.402210730322395,-152.319041370335583,177.064196592924333,93.109130847854331,186.421537329546084,-339.557825606241636,-654.858726430852698,-197.805602372743721,-1205.350470608859723,162.415173267284160,-51.436003211566330,221.474663998302049,887.414448208805197,361.372345710207526,383.507195057534091,659.762116172808874,82.448281088949187,205.965146796536231,-442.764602693303743,557.995310863362988,-149.564819621649036,143.334894396066147,51.850765580503904,207.668844591380974,550.297482757588909,-81.185738810307200,-621.276696510862394,-828.210395071523635,-75.847386591788734,950.396766916374190,237.981221656840660,647.532723042710700,-724.827258774352458,312.549383264866833,-444.231249215590424,-221.538008320686032,698.666875414645460,7.044804236716314,-510.174389629269228,69.250267427799585,378.222641116881221,160.511052331875675,-405.933880578319759,-325.062992519076261,993.321457708973639,227.507556340610222,-289.638710862516348,217.713107714623106,-313.375064835251067,-944.757606675358375,780.609359938952821,342.328422578567142,115.597571130161796,-306.281076963281691,-846.589833016957300,12.596999352157709,-89.247080438721468,-451.565639052587073,-509.586709013881205,-786.343729227934659,-174.285998495316306,889.061203313246210,233.432730453174059,53.213378708968548,224.381289184649631,448.283187479121978,161.881827826901883,238.145675927338118,-10.943739895886637,-112.793227110266216,-51.620958622717879,-675.164505550595777,-679.790688548242656,331.761964485617796,315.551961102570999,-202.235777279019970,-152.185383997391824,220.207165882438517,-610.377373115837145,255.356324155343287,184.714686766094928,0.304939966045929,459.113594845751322,55.178446076373781,193.026319274281036,322.528823638543486,899.193765178551985,-323.318222525079364,349.232569082096347,200.221685144076247,738.305370178295561,-568.015835964086477,-554.238752239325549,-230.617171844519021,610.432074622063396,654.927755462748905,-318.318764332963497,416.990780285995356,-100.982678350158153,-39.639951895515097,-47.940041861433997,-516.768981268896027,-91.289523619577466,113.723446123580416,373.812340032991301,509.099319208842076,-502.037102797958141,190.658119680699571,-323.905031985158189,72.725349943478818,-657.260714853255649,-168.811945377851089,2.903188758747042,-218.376114355359277,-572.071721392747008,-151.023903859422063,140.745105601491673,-60.821577395709802,503.892874178103057,-747.466318981316704,-121.771752358876199,326.330787350646460,-42.919436417110411,92.163762339807334,-501.789041414176040,489.451587065391664,729.378721371319784,430.571646076030959,-83.481984440466945,-712.359477211733861,10.227182767643018,443.694826467414373,38.779669976702735,252.462191675406842,-7.924088914158162,725.566033604904760,168.586425534461256,699.477326134977488,229.331832479453368,-806.195542044922490,84.358231338217877,254.600797749736444,488.412407818183397
-748.747705793868136,569.104800686352178,653.884446430546973,-271.421153598062801,-982.657085635513226,-528.184718552059735,-239.116479866197494,250.386933631706256,166.031253760846766,757.344853985914597,113.417243074055264,298.361622364663788,-227.249198194210749,-486.787982536740287,-1041.198308465222681,153.001428914743428,-256.592944142031797,-558.532031670835522,-668.373527982418409,-372.588271172138832,97.472083750666997,137.766643634573228,-1453.383180238690557,733.996023527226384,-592.627629349221820,-434.163702879273842,259.419844857235773,-226.907627127089512,146.575675005211622,550.519532481573492,-830.612720863045638,363.925684243279363,152.173366112248459,-548.582217918542369,158.314927615782722,-580.828469784523008,539.996086617262335,-1126.603729801780673,-664.703049332045111,73.536462517460535,-5.515465500665925,530.910586411297459,-187.295530836309155,514.309421137225627,-88.007363258209580,-426.977500161271962,-217.370214732035379,408.220892969800786,-300.572449549671092,-78.544509338924996,734.300046781630954,-461.946113505568405,129.765086076979145,-967.457422565569686,162.720913962471542,-36.891221611610725,163.399810396694903,-105.974442804897095,305.442703473713323,-276.302934133224539,-34.579186853060932,-35.734775846224267,805.665023549081184,-582.927534343775960,-129.771549703433379,78.051768278344866,508.594465669081046,-776.532071343386292,19.658705373845606,75.178299563556720,436.307724703579709,292.807683250785487,-717.379210735236825,-27.513174404059278,656.186827206350245,-223.476273241348935,79.817696108996387,43.086160221107860,144.833402335239526,106.244707677337473,-427.539025040409911,563.087645008076947,223.223391368117433,150.604151265968795,-97.838633488452643,-182.812895325608736,-18.206709312451579,-849.660773310118657,-65.181241795174259,-538.429073620921145,346.696355483894820,-86.784158939782301,195.358531268836373,518.585288472796037,375.556903070148962,-330.832570607394189,614.436513014799857,90.984573990646680,-462.527717070243739,213.509501169262563,473.871632768930567,686.361206494315752,462.282748948549738,-91.730312928148194,160.458078218406115,193.351994738346320,156.996372537842547,-223.847583090260571,-723.830172979829740,214.163358578910106,470.586375679034518,-116.359977390858873,224.411578428769275,149.249501920230870,-139.852999095810844,-809.533158181126510,204.919704681608465,333.419911426841281,-738.798247696082399,-402.223873847347420,-54.416547103554706,149.540394808296327,376.015470242508002,-833.044811030345954,99.046967314180733,-35.420351285975414,0.674677083510176,-687.039768143566221,-818.009513447283894,84.034282737559522,-75.241020950785355,112.998479122480205,-571.994506701556588,-526.051326606470298,-809.506994441174356,-613.519293621121733,469.689871498070318,375.570063277926806,47.092188429215632,454.987074362379246,-39.399459692532730,142.774364767869628,418.661974199388453,540.075763958411699,-205.144438826759995,431.935922931949108,-100.307561560142361,414.832661824643310,598.275533418904160,351.326372782890928,-21.511733195929679,80.288094196264808,561.327179899823363,982.730930830065631,-95.609176182231110,19.226549132191472,278.723059588606532,639.222101833598344,-671.926304092378700,175.631745172458267,70.355777743281720,-84.537741691575704,-124.959301475795726,479.879690778024667,-764.107968341568267,17.117885585182691,-199.900177507309422,-149.961025046456626,273.359014599193870,386.841594609302149,-230.673479878958659,553.382812176666675,975.954603482560515,-36.732689496865106,843.338544089101902
1.395746391134946,-72.336054627191615,-64.247907005441022,-184.619421658556547,-353.161196929053688,156.853948700735259,210.515218760711548,467.351617962845239,496.626743719363901,-795.280278565714070,-211.902596967570418,130.192601226968634,221.952894532099833,-931.512488423541527,-148.954337770472165,-513.577556438991337,-339.977360306144988,557.876476858499359,226.476597193859817,721.097660277648970,9.471053963348670,-386.571241790905390,-763.982906317536731,139.874075102167836,213.344570005979136,646.351135034711660,558.583506543756243,195.414015796411121,-498.108227563776154,52.649001582166150,-150.692013458753109,445.470522987471497,640.688863099000514,207.979972815488196,-1235.903894561271272,654.021274585099718,-286.252612495230721,375.144610006377491,-367.770728196722928,192.360360726584588,91.119822111279689,-285.997980197545530,-757.412167017350157,574.728952857548961,-91.063665397811292,-730.517164377983818,-800.032196389355704,-77.856707747384064,439.472447933162130,-320.267808025531394,459.589195705510747,69.811618420241103,240.254257040943969,607.458311339541183,318.167454366212326,47.435803668936259,-654.588522078825349,415.888035600306580,-163.900933076458983,646.478062775228523,-627.769441181857360,-85.006274829091993,290.658016671382086,325.676164212422691,-1028.881535385648931,114.874590170821151,-183.535131168783067,139.367046512207196,-40.758323060045072,51.202287672325760,269.273525081455716,-43.314058912176954,-813.998924761340504,-276.656477889271400,-778.666507938390851,-213.759276501661873,-294.686348748872433,-113.730776941914201,418.067514965357304,802.877451465258559,331.497996115939941,-117.950355191931123,-39.160453734958658,570.312484487237725,-1134.080646114399769,-84.745676952265427,707.244927866276839,33.005438990842343,-1193.624230284393434,-283.414251065629912,-530.344272615835848,728.448382694063639,94.274024508993747,-389.675598326654381,141.944909676279281,-484.080376219917355,-148.498616541971245,-691.273693592504742,363.462718061074838,-297.713457125632829,-1090.309531784158708,-669.737640084340569,22.986285964396334,60.794618285936814,-480.368410015454572,22.680241466549681,-801.638712834457465,224.249089533208974,183.199140074174096,37.265941093440311,-949.165345176133542,-153.134190954891324,307.591172400389553,87.990167761718624,-976.009933806231288,-642.724193861513186,-166.426719392871092,177.446378418860576,74.061893065474663,-899.901518738359414,193.318733969274376,739.897698482226815,-551.773549166108182,82.312551841512715,-694.927486446767375,-104.266056104992813,606.553748220420289,-407.954467194588403,577.978797226780330,144.948108621298474,61.936098655325360,-12.293924175883809,-338.702696013737921,-92.472279532360133,-330.672283719834468,-84.965513245017590,253.745524224880256,57.722946346021551,-320.782087228628257,82.780873253447638,-111.063694322296101,941.889090557803911,720.900660923895089,-853.468792239781010,276.991342456808468,230.417180975998576,-197.061682958762049,-232.038819214180506,-606.165542891036466,-264.059272587603743,62.556799077159958,6.593826579973186,-585.309326279709808,-181.553690901341440,300.256751844511086,175.929805255369558,176.245846761341141,594.911039096498257,341.924717016299553,-253.707236454600320,-280.579777493442350,-185.981710350798892,-5.779113376999484,-357.872302621589881,-361.074378245874925,980.635531514956710,480.100239487432759,-808.486520844536358,231.471291747349255,-78.153388726369798,-155.553811096383043,-36.431480108093481,517.719149298750608,260.701560275380984,597.976566379792530
-76.415349793710320,443.212763161525515,179.118593516696734,-268.926790897626915,463.752087082784158,97.862428996502970,-188.517809713141673,809.867185929717721,923.994387135088687,526.501133241862931,157.159627577431223,-117.846610841298656,-426.406675344656435,503.986598695615157,15.678724777430933,-325.728971416350475,-173.980916724585370,262.734987190444713,-189.858040870369393,-216.019272519333470,476.209635188824961,-620.082648767833462,-483.436172384383838,-103.584442156131914,282.680891318192948,-528.491044117320484,540.803577603942131,348.702080628955514,-311.113407757810307,130.062562766238415,432.737671456949158,250.973209834865287,-1188.321086147964252,152.323007484825155,672.467888171117011,-184.929925967693322,61.640088567396333,-20.455309766524334,-226.823501638087720,62.777763192996396,164.642953391228929,-938.178076971032056,-706.024067059349932,-405.042894068558780,-76.379890016173803,-68.423290683345485,495.837169045175301,197.763370974381900,330.645756366527451,-1099.170881649157764,139.476792491282197,-559.249917028385312,-117.849966248196083,174.214327258027936,221.803255121087346,361.450198072187163,-861.079402276568203,547.205246528232010,9.112465834593014,5.778355696640332,-620.793489094976167,-902.550531668547592,486.326516089927338,11.267251230400305,55.995428156105298,590.902989098835519,245.081807351234715,-1387.698518251204405,-317.889268529981393,585.468873799800463,-246.077927401815515,478.032896153317608,-55.144042083294536,414.474777879915962,168.254644610390272,-192.782501352063122,-18.599196181413287,508.227859718889079,83.803048303436199,546.787319353977523,40.678592314102673,-740.038150635905595,295.897311668792781,-47.866582583737795,227.700160851175752,293.483919026835792,33.591144604941931,-197.398742742372264,56.993947680769921,-447.104506544190315,33.783505029213003,720.524788846645492,954.024546256254666,-116.913086870238686,-73.057223351695285,-107.558488536464026,-73.683722716595753,-177.425080740521395,-892.378694646275335,-142.299350662719348,187.400469528148875,29.207696128307305,-496.751221480686013,48.279749226478231,-47.630879592231040,-165.972740624507708,-36.790046029200830,-326.202061738422628,889.089732704337962,-367.207168127763225,-237.471928921442753,77.312879434954795,728.688517986018383,-83.334298450145155,482.746866956705901,-568.132399380546076,421.937905083470127,-204.989878715346265,465.758025722828279,-327.299959013822729,412.580273945699446,642.990478266597393,420.659632572735575,-320.139220623548454,-428.088343885545157,-759.490112048961464,-199.996387085479540,-531.884853940220296,1092.611009006310496,-122.727777160232066,-282.723983222975278,192.636389081052386,-243.246262384812098,176.915727024540814,403.599443566360094,165.530532513230355,489.343726517551488,446.358537397076418,171.879944118514345,208.222881795254949,846.464860365746063,539.758360609210058,-79.081822807605050,1189.468072162210774,-1027.771040976643462,500.081697492126636,-218.305657291265220,255.171789040446157,758.462361226103894,-195.373581068053824,-225.418524366225142,528.045240781133430,-48.176479491251527,423.036740818023361,-346.781370363129952,305.671936131494590,-820.243525436741152,626.466643344100248,-347.331706473746522,356.978923903457371,-337.164893926971729,-329.051387486329475,-51.350673604154160,-670.531687208035009,-612.965346710354083,605.404215260960541,94.359336208637487,86.639392732630483,681.572182365073559,-1136.277968270444944,471.768582241791762,-126.040552355645531,839.005025155395174,-174.931796153742283,-335.251937654795995
-561.774862027902827,119.751900265913974,-219.961904558792583,-29.315386584660853,571.948288122798317,499.661416938211062,406.386703699477096,-318.665479265894191,516.883938684376972,459.632187242997418,10.116652305860001,154.221116267568789,269.484364428009485,-545.418386539749349,-56.266714200748140,366.943535743851555,-361.437687437383261,-447.434801011506124,15.169675695742605,159.985560476459767,-399.181670104904697,-342.087951621528589,-199.156342861741592,473.647556513997529,97.100818614135690,-384.622518282059218,6.969761653333706,470.362815548140304,116.115230741175253,782.053868571249950,-456.049837504535219,-94.775063258262335,-174.293284660670139,536.830105959541811,270.916730946222970,71.379092301141242,-80.455371759603182,42.566490747522849,-318.309318514281472,-576.186630383703005,-312.529601999890701,220.817721183385231,268.398137262511227,107.084288266869436,32.178238417882596,749.345820370679803,580.725632757476774,-577.485459272147295,-34.915463761143371,24.747116603479750,199.547664491596692,275.333669851084096,-1488.970498946455791,-328.353224507468724,378.055034334269635,-892.928073537238788,-807.460412915690767,90.730138051787264,467.501014596527853,398.842476181597533,409.244006718322964,454.607433242884554,640.505181258951779,-244.203486121931007,985.837604164572781,-240.436907220894625,-647.583785261978164,-180.243767774850397,604.962264230512801,1376.948575543039397,-238.014453598089261,-642.377374878723799,-290.255012041248904,-111.901201483089977,-783.662921059617588,-393.280424840973808,484.526588751556744,-130.799431857121021,992.228381724023279,543.242761993056320,-1008.667668888076037,419.873726688074498,350.239130194319159,-693.133735165979601,258.373526127916591,17.425137630502096,105.468458329366072,720.691230474334475,-203.418905545453782,376.067057214337581,-741.238669359407368,70.831647964807360,-277.643224760752332,410.503679318183913,770.558727161639013,557.812794636451486,532.222025083306107,259.973976391069414,-341.175323789531092,-34.760005953857700,93.444893941843063,513.053800223240842,200.550392684079412,-770.807568770903913,487.589601525597345,604.288352552774995,-170.612903367048915,-327.503984857414082,313.590327799020940,-488.329136242480104,-159.017176182708056,-125.469857802543530,220.687414847948048,-3.616931271957398,53.027609222730916,107.042389468119069,-121.056604128863356,257.881210805301748,-0.038214320695449,96.992082842856462,128.166852167200659,-741.294798521970051,106.875784233260546,-36.265945806047796,-57.142521669946660,193.996142488403052,-343.910903410937465,-31.250916732433552,-651.000818539335796,391.653334920501607,-421.323303290192825,-19.905454336542014,428.960249011868655,-667.214709483243155,-26.088192613085400,-16.858370962665614,563.583946818327149,-704.379619130346668,86.556402964817053,598.820737242740506,-176.563236767423263,273.090803484280741,356.150161607235304,-108.419687901582051,108.028351233011918,161.817621536059193,199.147477722809157,-428.355580829548728,339.626573225172820,-235.962473917277549,412.351155295046453,314.257734308447311,212.379957577156546,-295.885511880935724,342.698416576917054,-825.352573891285601,756.250740330372992,-938.497032101238688,669.723186781033064,1249.135666192301642,-598.437571481311011,-1238.331110007539110,442.065565601739820,616.477584360086212,26.197204490071513,85.425099009806019,5.369627086365192,38.166926676614807,753.347878387040055,300.015238313560474,439.093539947729255,-448.291993127029173,45.388153522850217,49.684240368369075,-59.977605586092103
-233.570782727336791,-412.156937188373604,-254.261852366711054,87.848508157607966,-207.976842636712831,-456.174807480045388,679.935264937737543,-15.020123966402064,-2.453307748175568,352.797023315659999,-431.355180453579806,4.414456348228138,45.931069904849643,394.350792412476494,-164.210153373119567,-93.683832526049798,-258.326043293350438,290.616964532064458,294.096678707388435,348.052893831028712,-130.247480789583534,134.683908735879015,17.637369846382455,132.721168194334581,-702.051697827323778,-398.114386467220356,546.355173753417262,-525.306582788806054,-317.141532181843218,-14.381677980943300,112.104236451631721,89.859330943500026,-204.738844732618276,-138.982392379350586,-12.593038011933897,-614.066482074422311,257.337119018450039,-195.685884155866063,-585.711667106766868,-961.173888566714368,-48.770551003594619,-103.566201744399066,-895.621719796713819,363.845757519074368,-423.019564710011821,192.612916315929112,661.607096269896260,-553.329111882182247,-579.200254165783349,-551.833018986636944,739.845396238934768,-253.995554887888289,-313.951573171714529,459.181183035227207,-462.168699967145301,-337.281104245083384,-60.158091958220709,80.204433817288788,503.815690354405092,174.961053688296090,-333.529304584061038,-32.701937619652099,-44.680572903350303,-273.958944893189368,-101.151797887198114,-143.243163353809194,-154.733057397496708,-322.814187802513288,425.526023329880616,403.187748054257725,1088.877757458396673,117.182534087030703,751.553324530463669,25.577244010192103,-196.661098751852847,550.462308114308712,-141.736519836400248,270.641305162654874,260.447341697941738,-319.746653473144988,-94.215785039122196,-394.943720266513026,267.731197901657822,251.313979456828235,584.701425597075172,935.448001640818120,-303.495740629727948,520.098063822782933,-7.962694521855116,-553.176902605105283,-427.576826455820992,-449.768796286453153,-116.816862589120305,459.208613903969194,168.109854051027668,273.291816178818976,233.403511281537021,114.308493189998813,189.444575416091027,397.330504748320323,-502.193433486273193,-273.641637116512413,-23.014899169043037,-729.592217878380893,-474.811259320015324,-287.848377848763789,263.400945770074941,-590.700563608847119,188.903807718149864,186.001815441809470,-298.094720222487581,37.626045619576992,413.018367198360068,-70.695143541419526,609.067033994381177,95.641687213979750,-550.272841665103897,104.822796681135927,156.706160085170694,-1596.496497872557939,-549.663778520334859,-250.069180555764746,487.300168709325305,-388.929152320623757,16.646846534644819,391.643565688736828,26.468684176840188,-448.348138871321567,466.996871750388664,-387.935975274848715,411.724089769739578,-586.448313366900493,-832.546007387219106,-651.083104414616969,277.424715816432240,51.307560404066813,353.683584596055766,-292.889038864143458,-1260.108775517675895,-62.091231313802460,-666.543291198000929,457.749947617750763,225.234519335836666,-357.035820754610768,-579.355603852073045,203.705342413183928,-395.718467436257868,265.520462436479988,900.573939683839967,-575.012034413095193,-380.308720370976516,72.972187594768585,217.546698159227134,-505.427513112743839,152.721898572632682,111.223655434461335,-47.491083914808591,-248.677693135798307,489.134310034833334,-510.631119004737172,-678.314417836354323,131.666988570819370,323.290966725091380,-1078.539462702871788,-3.962225017256531,332.868899805400815,-468.836857347807779,-180.602012135261049,901.350186112329652,97.794037820894758,-484.834958077520753,304.632969987932142,-160.874071112869871,-991.085629335338353,1077.572837494470605
-277.002656705490551,-240.022440030535648,-193.306658953272233,510.906800426986422,722.894872659612361,-917.907008043339147,-440.679481058646616,-134.568654005265529,-194.915755655576646,397.756248171035679,-177.995409491671978,-184.783239057517193,821.665815211047970,573.267212799932622,787.446305143008885,177.402786589238076,432.985603302483867,37.660629064926709,175.440038173032860,526.477387429209671,735.249859454209968,-459.374646468289825,253.949670368853930,-326.783586769748922,-626.995857279476922,150.892074377241670,-63.851088202254239,-66.477957400504721,-320.397651893917100,316.633527269996989,770.292394547870003,-198.240016656476371,246.031624918303152,-409.549787907501241,-540.032934921348101,330.961344106354488,44.022977152491528,-391.316467736016023,-261.976373633185403,251.936703301219950,288.225921684794912,-414.149221830917668,-3.889656528155368,-466.200639756749524,-160.864606443741991,448.353002205552741,389.906017770017456,107.827178723717154,634.824176928285738,87.893475432576153,-83.156399829524631,-58.850856347183736,272.555278599081703,-479.684707551830797,132.380383286818244,5.475826018336596,500.175785555446055,-477.642281819263758,-366.049736972292351,513.749065660774022,531.783649491436677,419.118114157136404,453.063363504901361,733.866678566922246,-321.683484535167963,276.551311461045714,-448.350927915681098,549.373942395157428,264.773124618321845,-100.871554016043618,102.851138155885010,-225.473762472546298,-165.226193914557712,7.558224369077507,-685.514260636011500,543.347450219096459,351.784114830201133,-141.800944241027850,-294.823367955478659,-7.256557672175281,-255.712993164555797,144.202056535650058,-122.690663222197600,-108.631635395665839,-95.422992503860399,252.949195154062409,558.308318009235450,412.270339848622086,-190.718680272315538,412.819902872981174,-113.765762093553207,-158.972738499582448,-556.911631382410974,139.421527450327829,31.511084707385908,363.465154776768486,358.091174680260110,93.478911515415561,867.480357507475901,380.577771446925738,-221.846158502547667,-703.419792108024694,84.198264106056044,1106.113720024088025,-203.184971960371229,493.000655552278204,-32.751215398443463,-71.294486745035400,-120.660974413731424,299.815904466541951,-652.550955111357666,13.341543418618441,406.629299059535754,-99.621015077830961,552.290909171484714,150.835478562268577,-186.451753121444085,-128.600619240802416,35.616036446868648,75.434931715982970,-395.755874855602258,46.012500195693910,-1375.665441501074838,479.081548855195365,-70.997364247692147,-366.402024867953799,105.415074497819461,188.176528968205844,642.991760086217141,-71.359144356796506,-339.374196822577858,145.320593386043925,640.327755657308444,233.770175551524289,-304.011082692136142,558.079750910832217,-567.850389191757813,665.995410956628689,-517.736591866266963,454.169161464588171,-490.323486970408055,262.814284907013132,502.988702995407323,334.965300701002491,280.315272504321911,-557.704218079491511,-493.281552849420848,-219.948260882120707,531.876049003956268,-6.077105335749905,-152.114912299774204,-717.751469809847777,170.860984153491415,-1069.846587995019718,630.797659754810411,561.271431735521446,-864.155255086069928,-85.125778880439853,151.346458233024123,199.101774076943599,-614.321995961880361,-392.511175231311654,-176.045453830443648,-290.746173238664539,173.135632898802783,1212.729797703498889,-256.205262495173997,-369.638328628292754,385.476076162415211,-602.745293123652459,-931.569854763137755,213.367977018402712,52.788719652209991,881.413964538367395,-6.223577680683446
122.285648767939875,145.852845578102432,51.214817051021292,140.082930465244687,1160.441085505437059,320.231919798434717,-645.923042190725141,235.273437754428755,-240.746203430414283,-642.466719425952078,-320.044510038743681,-468.740125743647127,-575.179249637121188,189.125236323500303,252.979988787427629,-15.086825777655541,-8.525778871252935,-583.974142418561769,10.416209323302741,-427.974126858868090,3.048506622195688,1.131711748157606,136.154900869907834,-641.239541988460928,-150.207907850377325,-316.217282303353841,407.719269770897824,700.990725273578846,35.402093319584850,631.253584439257907,-527.977392873387089,257.202600475678878,329.190250673076036,-307.384290185877148,251.812125844144106,147.591228032999396,-301.364640694718162,591.292782038948758,-368.199778351947032,555.405881705004163,479.739335928610956,-538.390942404730254,391.206606452636152,403.401712487796090,83.781810664150726,-499.527626113473673,20.359514405230321,141.155427460276229,-479.543971871388521,-692.174684978784398,377.088687943157140,164.248935157363576,101.572835153089642,256.103366355963146,-641.820255882485071,570.428459734644662,296.614945568176438,1515.610829217711625,-107.814292506629755,635.929513523046353,365.640385905655478,79.961276055057567,192.141727337978921,-898.463530390040432,609.147936759445770,-283.850709460670942,-567.911254921386899,-105.080756160760814,-252.736278784187704,-626.988142685255752,941.710741066713467,113.468824902375630,-660.795889373130649,723.473608785867555,-347.528519442758125,161.662049233305709,218.711864071130236,340.802687152124577,-2.833710037925798,-116.790104298540257,604.748358900302378,-340.169262680223255,-558.812781347104988,880.523995534161600,695.873224269348157,1109.646275995459746,877.458166369430387,-164.782807994760219,333.820090161252324,-380.694699154066655,140.859750957191807,153.060478904963134,682.884353999404766,556.834174187835174,-281.084262259104946,-85.406907097166624,575.840717234341923,555.933734199680089,-558.841168027394701,769.680474780220038,-127.545657204083071,201.888078812128668,622.094051002139395,-184.027826499528771,369.156010192419046,-319.658979088309991,-445.176243540561416,739.602811819510407,2.022828498641481,363.897198583286581,404.204822385760679,-353.341694600855874,368.450435745319737,-759.913968159997921,182.266283280799200,-449.164003082218017,-394.321699051951839,274.427158511787695,97.562337721265536,95.693276210082530,46.135731527624159,-646.839627421442401,-123.918933489250435,280.705756981597744,-242.866708004870191,519.617783957877577,-166.552834682024979,127.760439089858494,143.607392107836546,-553.953911310711533,-199.588531450113265,493.703555817875667,-241.605629529843952,-63.326322399535179,232.935406575026718,-218.138073343748857,368.591710907716788,-3.232817047133986,-892.040455716785232,259.086314817086077,-804.307263188062734,-332.729405284519601,689.998315090751476,6.825890430613875,-512.012268502307620,209.225094814457776,-364.405752325076435,106.034973542412700,-4.423610662388903,164.689276992851291,-43.327290443668751,-743.590005618814757,-219.524105629903744,-615.475128100061738,-326.801115776571351,-677.374338658743909,220.630671240164020,-719.857129390191062,476.437629538668034,-189.260348338143359,-160.280761586174606,-125.715802158815194,496.112316588801434,-254.192673990762501,-463.459872506762224,-555.264785280245633,-359.166171001335670,-193.694176503509851,-404.028973201327631,91.942275447393698,-194.337795291468012,-11.611068101054915,446.022752558314835,-593.356262629909338,797.431677592172946
-198.463337816076802,-760.689721361905413,-456.217157273199177,378.292612382304640,-290.193480607223705,163.655831757319731,-51.893937210672078,813.485068307246138,-539.351293758872885,-371.995792200872074,21.477502547499824,-79.399957621067429,-147.907203792693053,7.208794187093730,157.469835005286683,289.339835551917531,964.024099502158720,481.728684129546195,-353.402697133505797,-529.767964025543506,485.007219100042846,357.464842206274966,-190.096900371417405,542.345045902401921,54.184047442433524,-703.492130043721545,-851.862947096811808,170.773828694123665,-693.040987837791590,172.283486833641746,486.815704938916156,-428.223159135416381,-34.444107485989562,-699.891857977189261,638.377200940179819,-209.981700615444396,13.775671845678971,-231.677056728680014,-527.348957607358102,365.312320619709169,-1333.623952286931853,327.135071835203689,461.034747760848177,811.527503964297352,423.953134546566730,152.877601953937074,781.278049917365706,172.154131708343812,46.514584943753391,205.670725437397380,-2.808215849846645,253.773321463394041,33.782318813999730,-608.750958619611765,-300.771224062045974,601.653478308080707,-44.655089825224088,796.503665501784212,-298.113447421027217,-245.839781590919330,483.752302839897879,719.251674873624665,348.601020731730159,-149.764642994908741,366.484144690142784,-482.220292032362465,-209.615127881611159,-382.485364528735545,61.650327002805192,-316.556773574737804,219.780967421140815,574.610745793623551,286.767644828796620,-331.540202441563224,1095.238153521686399,-650.679885839114490,1051.481878286908795,-181.454532347696215,569.635093900804122,-93.494332798467042,-108.872712013373274,-98.121213486863184,26.641954690775748,334.286301038171757,-70.094280088472061,-32.667741117613261,848.435695647346051,412.241541778201963,283.353004812557401,535.487201967220926,-179.055788475908486,-383.355778262114143,1482.603760479019229,-59.356857023142958,313.820984298346787,90.522999722196815,-342.590098545542446,512.974428427445901,358.080636598951855,-391.496142053215863,438.971506017775084,626.263258149713693,316.477733003686922,-270.517431008722895,-240.308271945050194,-379.067513803051781,365.576293255636983,345.885479925151060,-455.363562128062881,318.157766958601144,-747.061865427296425,-458.567062490128080,77.675401594070536,899.656772702134845,552.318035441902452,-442.774208936943069,372.940806086465159,-466.287994970325201,-323.803361558315487,-636.580571629895985,496.840073742307027,-649.337235342754298,164.677465984015384,179.015923768440416,-307.740074658111212,-268.111171832142475,961.682306749805321,-235.094511799483712,318.616897820462214,-718.000597683669525,133.922473089591961,34.004259265314076,-13.377880592865225,-358.139315874920499,793.674259682502111,-515.360065289909357,138.143742494649359,-603.568901491977272,450.136346119055247,655.205584393987351,-239.896322186239701,-515.875763342447271,227.533020198072961,-86.595389072283652,164.778934126264232,88.697972903754788,-109.657763723764020,22.750569568837932,-149.650138724349318,-48.224524023034313,-374.620418746710016,-774.742547811610621,614.980023976024768,-253.357049950584781,-417.903569933172662,-658.553772855344505,-100.776261027193655,60.090171413957364,-326.382966094701771,-261.802547947972585,-361.569133147944001,290.696885264481011,-739.456898593388132,197.762112569677640,-18.105416694280152,39.128662332200477,613.968026837298112,747.734097610281083,-624.127261064708364,-146.389054295041973,-213.631772074593499,-145.579574273701724,-10.404547872420004,729.408341386986081,-347.586834936587081
-247.436630361901365,-215.969589075554410,-214.872711147727529,-171.571515598904710,43.228690172784283,279.269308307102904,-476.753205644181037,790.316907952877727,268.172153890403877,315.594492231229992,432.430266180550973,-654.692311516662016,-975.861408709062857,-585.725272003401528,244.059883492428412,437.937384418412535,502.660328032233849,312.253611409176983,-146.661938520428691,466.305531862613350,1004.467103226012227,348.244840401264184,-267.485893373992326,206.563670985689271,-649.790104511145159,207.865333976097077,107.164313499535453,-138.119932250773047,-167.715288686781747,-598.573281625597474,-38.494474068642788,-1025.214433196678556,-297.978471471693979,-322.598869908516804,174.137321380601719,-125.388745177700542,80.983506361376584,979.200617789924422,-11.401701291875217,24.040888507144732,-476.302945864830917,-54.888043043411045,474.462184574613048,304.577745674409982,-21.073935954930725,28.364411470967905,445.756626302491952,-393.677544616266516,238.924463333635885,206.591469741128037,76.789547223780644,-401.120750077916057,-90.462928225216217,33.317838053999807,99.279686273007584,-40.386573464356758,-202.404745630935651,446.940354127256342,175.016078979691684,115.444610460767805,-183.596581588608387,-716.469024759768217,-206.772044383289142,585.833745531220757,-350.154411314513368,49.622833362780618,-313.547451959313435,-657.069353199738430,-296.648883332632465,-266.001736539077172,-939.061069156026520,40.978322714627744,895.690641096917489,424.721000061811083,60.017305310690077,196.985693184648994,171.062818436946174,586.015875269492426,454.788090248400238,-195.671590749615405,-653.295596840285384,-16.463320848332152,451.266732230686046,312.898472272638401,-327.224851695171139,-188.939719762966860,248.605675997584683,-426.821754925829339,118.687423925309275,791.057876022713458,-819.475032476120077,44.303245606239791,718.659475639046263,-303.967961243898912,-22.959239787154292,183.715524517460381,-154.764588886067827,273.705434112198077,263.717682509842007,394.694809174473050,-28.344298907720287,742.066002558974105,-340.675724271255433,-390.384465235057746,-688.064977656274664,-351.214287211234307,-51.679234017847925,590.619289264529243,-600.449947348677370,-629.704732335694644,-1037.461436832220897,36.381520286849771,258.246371591408945,-22.386303668941125,1042.616572410269328,-483.289038133780366,480.659201787183918,223.949065662908254,-223.140833616426875,-974.901986490208401,950.372365757528542,756.285196227944539,-170.072520678667161,-556.098773812022046,-70.288171567510091,264.178703717956978,169.155640564441086,-635.442073101444635,284.999601659476696,-435.356723164623418,-370.473631954011466,-509.153342940735854,1.857823711255203,-1001.313189084996111,31.426788061887432,-57.008689813923780,-523.055599025240781,-178.167140877665872,-887.068892019694431,355.593131441634455,-218.788116042655901,-813.959048766176011,800.059316459975889,141.119624418060795,78.367055012268551,-129.842914082599236,884.239678758361947,-213.351334672760629,-628.914197823278982,-1045.594245257102102,452.566640626144192,-736.375075535871360,-188.663629292405830,-175.539473516753901,-195.451993243011401,-152.205012144187833,20.557104790125422,-957.599119618780946,1273.599004975035768,205.396487546459696,-88.508689101554396,98.220319707220497,115.329139652493922,238.800183294746773,-331.030304721206107,697.353975029471599,-125.759678639438121,-17.510054866087238,1051.357058974322172,-174.271782399231341,-315.786086709988581,7.291140215439932,747.503313247073152,-521.503068067152071,151.740502942126767
-12.725535432565515,218.576407259761226,-417.599507641151376,144.366629309574876,-80.306510328325984,-791.317014607457850,399.567582449080646,-845.156084016528894,-622.657549432829910,-234.430911720598658,412.942719362817570,-262.894565798090014,472.722414828910473,-211.772804970898392,-243.813752621617596,368.777180261579360,403.425273604043980,164.972164291764784,338.128379713927700,787.871782447369355,566.870358139459995,507.665772576892607,-212.020082286179701,-502.923190223546783,353.719742196159018,-84.304006977600864,88.121814024347103,-591.338959742030283,728.608274200229403,521.281345794285926,499.225239600603857,702.576131362618867,-109.577366591244754,-723.103906759549318,-1310.967202387366115,-293.031700265069276,-1131.145008648348949,-678.977246513208456,1312.346115315701809,-60.417315378179964,-513.193191908930771,-181.842256222019984,0.872782039543949,-87.153115156591028,523.804890887977876,603.398245180044910,-55.604755297975359,-99.941876362515075,-435.656932116904386,440.230600399089667,-494.212449469576143,-318.811637473217388,127.687059108214726,151.724997407290203,48.737812667995463,-630.431779861779660,535.565844153602143,304.633570966489458,235.251292190264536,-414.640185871818176,-88.322183460291399,-69.249523953100621,-503.958959752853616,154.934260427861631,-22.560959908295953,44.480700576017888,503.723210833360326,-150.240526970332894,118.946747040543471,-755.799624150736349,199.250347717412268,-142.073573961647440,267.223025963322357,-858.556595778342057,-281.267612353564914,-157.766814021222615,-527.968563651575550,698.101003826398141,24.292351757561228,-931.462211889856690,67.911542769654815,125.038884637098761,665.029704366124975,83.369859037137630,270.094408932058457,-290.166962334407174,-809.624577082912992,228.051751885710615,-792.546282378915748,-254.071658179459746,142.757284477114638,-293.628553281225436,-25.535879129326968,278.017275202150358,-470.866067914845189,267.484382132242672,-261.528869227082964,574.862812892026454,380.533402327514750,406.446980108315756,-19.844508618780445,340.297542717123576,-224.352523088123462,340.532413287112149,663.988366412956339,609.318934804494347,-324.269796532587179,215.861545284210877,-766.227921417470611,-465.591148863509488,-300.496823568901220,-260.951388861855378,-415.400800425762895,335.096288794115083,-313.919845706399201,-972.478664433761310,-372.972775350280870,179.894134840987107,-7.484955332454486,140.213876306143391,-379.039152636309211,445.680206684127654,489.884375669842427,-499.938068792374736,974.119883870217450,817.530199649441670,113.640703384698142,197.096308807090196,234.322114210568174,665.581138011268422,28.316918555745943,125.506115540553111,269.841737670922384,-872.925885581544321,562.826120683141426,-96.023778031562415,7.936223756753890,329.273439654623076,601.905174213775240,-407.286857560223609,-561.439573470407822,261.243675827567358,-1134.940700224330840,-138.736738284209650,752.066295925374220,-116.749482469823562,271.847591728404723,-330.375671329179909,92.148805621119180,22.062391868781489,294.951474829409676,456.251619622150429,-610.270476623038007,544.290307898160336,398.727016067822206,-437.552792018157220,547.469175948746624,-395.388045018017124,413.635738825404189,141.812254756619666,663.140242298004296,-386.492636464076213,-263.019614882933979,291.121632242410726,-42.451636228915234,58.702625187984125,378.816396941558878,-36.713935220158419,-3.186704093530231,131.951764578303198,531.011695594127332,-185.840724211685682,-54.546044469437589,365.369601133248864,-331.472360457285106
42.079099072762013,229.496846506939619,306.603449182341365,383.018056585171905,-59.601923804145272,662.603628814046488,323.561088664611418,-257.842303395516410,43.679181637349025,177.145848820408474,247.913259062175428,-466.201779264859397,-182.116887624185438,-371.767273133363176,-22.090212728017232,-569.206523051890940,-89.294302608864712,-762.981261637352077,200.695055712819510,-141.650000239729593,-16.222624900285979,-279.209605372239935,248.700401481756785,66.959182171972429,-80.672984072760613,670.548913763195856,-976.927223860852678,-597.654851147144427,-222.369556957219203,407.621312508608355,-809.689435650523365,181.639869050750463,302.104687661529624,212.086388529202168,86.770920108717149,306.898235479797506,-493.887149574185344,-221.376670393402122,-341.204560611984448,39.641858594698625,-622.036283883511032,224.733899774646204,172.036217842123961,450.427022013732312,642.282821515179876,-6.239296465309339,-517.322536287881235,-67.151253092936642,-116.022528149274876,40.006056048053679,-291.723770334091455,35.716278993498527,-299.434033959876899,-827.504494874325815,297.471514573774641,175.440653948726862,825.604815844860468,-240.944350985564512,451.484322005422882,156.159628298033084,164.421567030462967,2.130371443473812,8.617886324771684,-235.904305960956179,-5.485880084006746,413.232153235373062,-464.935600174214812,34.228066181006348,538.445540647873145,3.907051887811536,-590.435332257084610,-278.164466746035600,192.866567212850640,-396.604770968706418,-70.626105471446081,-324.232961460159061,-223.441925892082651,-891.181778300900646,-438.651871917779658,38.913166188947152,-490.847218817855321,497.378530091762684,96.893884218416019,116.487442021977913,-292.856783054815821,147.378867997188649,-476.268503234129867,561.525790784541300,-208.111302333134859,220.155474390777982,-405.305361876261657,-387.095115957920029,-245.311117748041738,416.982993737925256,487.449067615101569,-211.048396259111058,74.491784582599465,-222.663099635389926,777.664947594077262,-101.879181127903479,-558.225517596996497,-5.665080617668945,41.204387457560863,-616.975374691302704,-707.499578202304519,259.723331737558681,-292.667365522216699,-90.242416653143607,-159.040683370684690,-252.710326322851927,1065.122465678919525,501.656579954471624,-497.067598237922482,30.600235689164514,-78.841133155818028,183.936769259816884,-510.846771205033406,358.604854327444571,217.453562799023501,-238.851437130329970,717.880904764217576,-55.905368730170721,-755.312243593157177,277.618956101831941,-513.977562555579539,433.486236387362624,487.324078922674914,168.557173098711587,-115.661918432396064,704.942182696020382,-211.669738889246048,587.385011058602231,361.254658468366415,954.741078054170430,-28.673642729683269,253.034830461896092,629.881749271488388,155.531930800238797,-264.797941802269293,-563.524250545047607,-24.319244138640052,66.644359808498436,251.348862579271298,-458.240837116854152,-255.138886505314616,-863.078041398714845,241.103843037876175,-0.858346020206946,273.491249560034760,141.717477183838014,308.554107403847411,-35.434295102326075,-612.737837615777835,-718.634558632847643,430.115239764543446,414.625606995774206,-74.290286619455344,-287.006598322047807,-238.881666760054571,-305.162272177885256,-1016.959314735683392,-232.667363486985892,-6.147374881280381,96.534235615921844,684.758873203206463,-521.384695162133198,387.958251227226185,88.770019001359685,-224.934046694506748,37.809428411066250,121.093469455133871,-91.836933362540634,423.888946076309082,-597.136897115535476,224.776545213993700
-534.353387223968639,-264.502284735980879,282.008995714081323,332.018952280990504,-496.042798512659033,4.936041861377252,-360.448353618969691,300.599013135931273,1417.421112342560946,272.885318053880553,-464.608799468058635,-377.973489669349135,-174.218631822781305,79.631942453407319,-435.303250943859268,114.951344758753820,-542.660127355856957,170.113941716301753,534.486856771239104,59.874582421934335,290.187054400881891,700.716599343641974,-41.841390996512018,-482.962463722720429,-200.107002685379626,-43.159018779579512,775.426319314458738,-420.625372823643602,576.506535539493484,-47.567831492908915,-273.158993242238864,-622.713716885205258,-722.153611741786108,28.956323410883545,498.253334821949181,-706.150170698624720,385.329865405949306,193.276241668239862,-240.105937271243704,15.771348508756439,-451.450211669350949,161.253331983445293,598.380009654833657,-248.925006713226452,382.015788975724092,110.335408271806571,785.379128198485205,-761.017254430846492,-406.257879329297680,-1308.470339247966422,-387.790827382943576,-158.427366872240640,351.319939937916047,-35.507138486338903,568.637871495308218,-782.929211083613154,-464.792142568981262,-247.793809132596721,289.504201604807406,-184.107121985466847,-496.081467669630001,-296.558074861005707,371.082909807447550,557.478837965545722,-480.379277370018656,704.097016910460979,-599.188470000915686,266.842865899834237,735.342137499628279,96.759468464281866,145.053447078842112,325.940376309144369,608.928365842036442,462.713280398856114,139.001768429232413,278.522981120418763,361.588590028463898,621.520482111656634,148.775418855148388,88.498112171367254,262.985117098053024,-349.041781015698859,605.997020766851620,-151.484321469306735,-616.742622321567637,-379.164137741499530,121.482168980237759,602.736829801557633,610.935280006381504,-222.037413359234819,262.996476139525953,-754.454669292660014,193.905526743330370,542.898980573118706,-128.500855999270897,639.607944457820622,867.681112826758522,-9.555034628063122,-483.505539501544774,113.415755733305559,-122.031180060427559,-335.487865781568985,-530.274763685274252,579.122042059698515,477.226112347621211,-148.254855330962073,-472.650411128606152,-322.951669606880387,786.670994815526115,-375.961051546627914,586.170549734774568,34.934857064986119,-155.646537179769041,186.822028149996356,685.581781362005245,222.516286069997960,51.025305839769146,-110.223809393652061,342.991963586944166,-492.934120786720257,-146.394819744647435,-407.172448489446992,457.892737998167490,124.729474838094859,274.286810947855201,8.833235096740690,-316.005051965175824,731.689589568223482,906.352924167115930,-78.770441416286900,-459.274374764543779,326.631405442041910,281.412015676403428,-120.834424157634643,353.714542727130947,-107.374336046012715,-222.650459115901498,-250.329503998801158,-830.921231290984906,371.529016867385280,-287.884556810006814,-174.115386515544714,-543.277739060422277,-467.282056946127341,-587.558623423549648,-160.763632914816839,102.345093797850495,415.318003802602504,728.020602792834779,100.364632365532202,640.524783651826283,436.093723204172477,107.585246343635163,788.889134055429622,263.305275527519598,-437.450947681269383,-749.398122125831264,-760.491728001504612,466.530615789085118,754.411103305533970,1049.902299776418204,1065.563601018308873,414.735564563462560,-446.250883594156562,-146.147176558591099,-465.884105320037861,-666.731352036589442,-542.775162313296846,441.937446217736351,-119.511058150836604,28.788994302571069,558.375011874981283,37.238002982064017,-232.812566672758578,24.907536708232001
-255.649085606534868,-338.835630715503385,-155.040189867816366,-24.482017716556179,212.672658787623959,-468.739010748417400,-366.944205628678674,118.388040256438998,-130.033615626538761,179.220498224511942,593.082311735502458,860.519249000880905,677.667291560398212,-358.740837532662908,116.191510222975921,-102.831420136969072,-206.350109163948929,-487.927391545928799,-349.690427140810982,-333.129053718445903,518.709381233234467,314.179106958206148,2.329806170000083,-113.597815422010498,543.428112944639452,360.599276510989682,-484.606410448201245,166.064993056694220,-10.311972828789415,462.296399752995228,-4.063367477138250,630.805612257334019,-119.457986623040782,-148.714997819815039,-223.564146008838804,-153.244555892895846,-222.061634142366216,-90.944076612264993,-373.501967838599512,-720.246108236828263,505.694344683325085,120.568496905376691,-580.772568474395598,342.849180183314672,-213.684987270384141,-157.661081376823518,-96.350037008830384,311.171740285924272,329.508530979601971,-982.657625142104735,1096.896731430838372,-144.138861698451734,-468.045824172582115,174.282837832564383,200.379931085688412,-341.906510042721720,-101.091941469856494,17.081534004523732,65.124955755850181,274.744166779249440,324.032666128276617,-317.716792459185285,-369.197612043501181,573.735988364296873,-175.805762790239214,401.273722438139771,-66.412536728374661,753.904996783211232,-35.960727929619850,84.640558558429944,-666.054542930478647,356.625492119108628,278.128089695039193,-602.205557733230876,-1017.218356012390359,888.729802835003170,-410.629402473163907,-681.573922169019511,149.493767262699919,51.807681046626477,399.510901387365493,533.425785787468499,-351.735955656120495,116.907243929811756,375.704426937717813,174.206911431700718,533.237080460853804,16.932716351054790,-2.671527752211634,-560.525105192607271,-17.519140261940727,60.944615176671974,-415.286312461043053,229.924806050869222,-215.920260163549727,539.437902465204729,480.965455088677402,774.591253788685435,212.479461319240045,-468.002870804723102,231.218620103940083,-245.914314138336778,174.306313606474902,-57.202710829386795,-335.382391226835864,-470.410885942352081,695.229838159644601,-622.341081627264657,540.861374053933105,829.301882858982594,561.940889973964431,495.597557179230080,299.494671261576684,-665.957303011346085,-201.449780891282757,483.907878479733142,-829.381790117207174,26.193536348475327,-281.422875771077372,-840.854540837831451,-286.239320455660845,-67.027633089831937,-1105.970214156223847,-165.141298405376858,-569.331799131310731,414.432153693516966,234.475051748130625,-222.702393889103888,436.002259042730373,310.398264156444725,531.169193585488756,-96.048240562599972,-92.471217980769694,-311.982323710614423,-627.703532878348142,-259.807774259885150,-436.122879174393347,256.529772916539798,-369.064957290836958,518.184839646717364,-31.997927665999555,-438.746245713017970,-35.110646297437391,221.249979697688843,638.932598528125595,956.536046626965117,-421.053736172846016,-358.219701186903421,137.287290344576036,-258.113341184600756,-860.053738284506608,39.735212223706483,226.243222042767911,-234.243487013102111,455.484418272200969,242.400383569333087,539.254335359506968,-57.626891053603210,279.589318682384089,-216.309914863455901,-824.866184947904458,738.798087491992305,565.092332617489774,-286.179178871043632,-311.771323889911457,300.429081630269025,-103.303989024249233,-305.115756450380673,-375.998176884354280,-456.097767809582422,-419.313425433579255,-269.192559275653707,84.514058449361258,349.808976197007610,-422.569143359248130
-124.010550541267008,803.530038969123552,159.079775370164896,385.546450930657841,-213.040263519461064,-88.047833277357014,-293.910402463297828,556.703686026484775,566.218506621267011,-445.922102925708771,272.716211900780422,-347.358090539686884,-1150.411811694277958,-737.324775416755188,-524.872248594869347,273.938914671780708,145.646973469503649,-609.552561821588370,-548.171770590591450,-277.863210553649139,37.203383930655868,-53.391549156762089,-265.925929946876579,-54.588540930121532,-345.905033261716483,-541.796764228701363,-390.851900918657634,619.068828113862764,-577.019867150379469,1.801710861034223,99.938057373922661,267.600732262419058,601.403606977102640,-12.688451336480114,-264.551128520959935,-400.159630976127801,-304.290207391056924,94.040493538996913,-117.069239913993925,-289.481915034876408,128.602638899199462,-425.036517350286317,-695.202254578979819,211.132951982934202,-123.506443408676844,-517.647050594912002,237.516198749259985,108.003388972855930,-529.548343505468097,280.241117489574037,644.940763175342113,-32.156928922901898,-97.175166652003497,324.735600059979276,-51.524809316712371,545.806049993222700,348.430724330120825,406.762374496633129,-101.275793119807403,-181.838404149907774,331.683314571124583,-251.652414871179701,-55.185247916000691,-322.764521956651379,-425.169045131528037,-156.962756438536246,-1129.114604751003526,1374.898752628169177,690.440057414561466,526.838010282670666,482.208085985718924,-510.156507256881866,82.594058017842599,-104.078656427138014,-259.875260544878586,-183.190498422734009,-203.325196624594440,363.259705429186397,-221.205927294032989,15.929592898010718,319.691463471157817,-6.773109476585724,-281.720992487909200,328.605835988876208,755.559358511017649,216.519714069963584,-318.646101734056685,-320.090693167719280,299.158303656744351,-54.451314739734187,-198.126139427272136,-298.136449877811231,-542.281313861723447,477.051933809690297,161.504875590174549,-124.194378697091437,1473.999651734832241,432.041779226502285,-27.202698948130003,-60.077413823177594,383.787727673634663,340.416744353112790,421.418339328939055,13.690901170976176,-223.045764299739005,-236.961782162545717,-199.209246449913422,-641.729244742905848,175.194525129111469,186.947320646281185,338.539148681127472,-148.540934496305681,-701.057508024651270,-335.042979873889294,40.812196339768725,384.335616791723282,-1072.341256826343852,-246.279467333434212,185.904644749240390,-232.448408530438826,-123.534522767054966,-267.554869820101601,-25.919938059556401,-594.413900680880261,-37.689165615550621,139.985597848605011,378.222024499738950,495.863680076472008,37.580547661824561,78.995615191580072,-136.569703036809528,-63.697568348123617,-834.766003207006179,64.478029207920372,-599.615134941398310,656.973759615348285,-482.565084403172591,-205.446848736494530,-1169.673369074189168,47.030780376466986,-244.935452362116536,85.340019618253677,329.419573744363390,316.838567019142374,303.143846571507197,-144.529812657453391,-448.936343634467107,120.901003082539290,371.650393145567477,35.925780422140583,-6.240174371164148,-438.807323719459760,493.183320242476043,-128.668339793455573,272.819413383575295,294.834925602911483,-269.950987097599636,-428.825336970128660,-58.554477677675465,-740.160149876050582,-781.249203560450496,299.183345859325811,308.266313730374407,-266.361281916685925,323.999789322396339,251.356210608019296,400.034004070741844,-303.846934384336294,110.711445998657638,261.352698667370589,-331.800584905154267,252.566187046203595,234.700585537033277,-68.190897503241231,424.226948508757857
-102.267271684625115,-398.608625089040459,-150.544382271805119,386.052119658738889,247.689468307052437,-172.212772705124081,880.208564442900752,31.233498425953364,55.479028964599969,-545.174315450173140,325.152292700040391,600.359360393256793,513.670309695598348,-246.866337230915349,413.554421598484510,-374.675160314564380,-252.926913061399802,-1086.416497783643536,-489.535985319343752,-441.625392934551201,1148.294836415699365,-56.658630481475384,383.800331831199003,-268.990518745117868,-174.313871308932676,742.990533208724855,298.076423653065035,195.223550020527597,26.435441577714791,-363.161355097159003,428.683507167626999,340.780478401858943,81.629184080966496,129.899977980381180,-301.421395124384787,592.492742644065970,-291.122726428924807,374.648984934057239,57.094943955392708,229.179453047042983,-323.969931929644304,-418.647857865649200,948.071416145154103,210.190051712252597,244.190991243110034,314.053426291191329,471.681986560580071,583.830260135870390,125.739579831536403,78.099702743438741,-163.105043209336799,-469.761074720217209,-229.821224463781476,403.301285801290817,143.619545167608152,13.858420343111945,981.718004596743754,-414.591272270233276,-167.252175620980751,167.454882359430457,-176.840592826402144,79.980090144223510,-1091.012475843588163,290.215799670912929,-1047.524517257413208,-190.344300579319196,215.615429613212456,329.670903717425404,-327.447224597600211,-41.669221721122518,-756.752584584963188,-876.322958712382388,-499.720815444209052,171.226264534263379,-462.770845259366013,-89.675833889725922,-444.093870671340483,-8.901452923225111,-602.330920770649982,867.772362243386283,-1211.687603398158217,-270.885643136503290,-337.582224897100843,-385.772919735557650,175.108813408345810,-84.877017380484858,-104.934786842637152,-373.788209180202898,-159.841932911694244,165.238606763163716,70.761195035782890,1.294410983969280,-579.139066089581661,72.654901186225061,-586.238304510181024,-379.271132066470841,203.254691986831148,-496.787527808153868,679.492059223685260,-173.259050524784243,-653.278130969650420,-257.798182535672197,493.183015084317560,98.445826152592915,-704.352702776554224,-529.833715213577079,556.897282388959070,562.711759222103751,-403.460239962425362,-374.199372308903094,56.537504106043698,112.140338400596420,371.956548028743953,-49.141351672161093,-30.656976976889581,-182.775985206718445,86.167426617391087,-606.981971924886352,409.217502683316297,169.670825767247777,142.338840392724677,552.993615456373846,-560.536613178631455,702.192171315513633,-9.039338665176391,-467.700602869168904,44.966404947732535,-94.238366669652251,90.231227621274613,235.444717600591645,-798.634195197003123,-269.595295304002889,561.653659431547908,-252.261433146105162,-88.364447856095879,520.097537147510593,47.216962009572526,421.418988951109213,12.558630667228005,-331.474675844325532,-140.050145078646693,545.476637522329042,771.881651167761902,718.261142094374691,118.223015443659449,-303.345025160619059,-248.324114012666939,1149.201719960885157,-816.487427167969372,397.564075457183151,-634.562743427743612,-174.386673415682651,-353.619359999716721,-499.755849497303416,-247.738492215843195,310.020704635532013,732.556665658925681,-347.232801803359962,725.390189170018857,-2.207378077893011,126.837927979881755,-258.267428241293828,-846.466096431496908,337.821841424678098,-345.938233920209200,248.305965473025594,532.673777358426833,-22.953467809319704,-825.669691710878851,45.983258271812460,199.170507491016451,-736.449741224411923,-744.270579682426842,895.457066896476363,263.222318367987157
941.951324027132500,503.554414226756876,203.873404661475519,142.420017176176827,-196.587436487494216,83.419138417236098,567.224839110267226,-373.225282695387136,224.299795799214763,-278.338721215979433,665.749012327178889,-167.694978909898282,-961.246365260081006,169.887328337495347,128.065886485231459,-62.871909123356886,-284.693447358470678,459.124776462027171,-295.666274708500907,-746.571657378488567,24.083222074069351,2.335856394910623,133.884282783129919,-56.657668176312050,108.331747026247371,312.540768229452397,-716.634150306692732,60.730420564575923,-222.531810561182340,99.980058338148211,610.922156384071855,-51.444516902979998,-81.090026937242953,32.045406430228439,286.425716918641911,-94.602560418807286,-540.996318309324579,420.251356633404896,-469.047984233459204,19.470457199787187,-929.225307681666095,231.812872857424480,112.000613397000237,-348.444360213315917,-479.141400020037509,-41.825291512362377,-23.735803352486510,820.380707573228165,-640.599736617410713,-773.117485830423675,-167.742086104283317,308.421565086282897,-111.312104937859544,177.509594993642793,97.931261686788901,-87.414514532460473,-369.528274221848449,-328.686954894491350,103.657354736539602,147.105625556411212,-171.724253977953907,347.315564517748555,656.908908312967810,719.834376559103248,-170.737856314453836,-163.053034626127499,240.107070656508625,-112.546660153095146,16.458543385257585,-460.312909822772212,-271.748168246667490,42.416959047916961,-105.158934817803399,307.110848856028667,240.756358578729561,78.760655522175924,-384.709984424907702,388.277507227099477,-411.280030366147287,-149.520419387352263,-524.113628026861079,317.301100981234697,-286.124520575076588,-46.951589522056921,-84.710564948197757,385.669164869435008,-402.746150584707038,200.704922636479637,-717.718407494814073,3.385273366298989,112.532151406240573,-198.288675666510983,14.440717431652946,502.055824412090715,13.484319680962701,271.061507316631094,340.428224683143185,-211.411772081984111,338.024421269461413,-107.294569582554914,24.335743377415792,667.325114862423220,-110.442037496813583,-224.790283378792083,-755.751904747017647,-11.386518439182073,-169.113338228551868,40.428216959077368,967.412372007853037,-220.513506353385907,-119.554381505636897,-77.987228207303389,-351.374080058845038,-556.997105908939034,584.165804571853641,355.673218841682285,-492.663045369707731,-403.644407649258937,18.636263374405768,61.544470309354409,694.593446630269909,-210.126222692021344,183.977912091255860,-268.636048647655514,352.446707984999762,-30.604749404975902,-103.347746588731439,123.664648401112800,-114.432628152017188,-362.024551795950799,170.659942735655335,-742.085769715073297,-315.499116561814674,513.428733643126975,-217.853072310606251,-37.665734390027808,611.469570167549819,49.799627042588853,46.621503765708923,-710.925074469720698,396.349947714156372,-263.686376865211741,-314.628762297153628,-684.102631496903996,-110.701262681397338,-835.637744298109055,544.459451550264703,29.346637076319706,-351.357808338321547,402.654102666020833,-14.988825866543710,713.289692438645602,-307.790275262295324,275.692297531110171,257.953600181976753,-333.604683670849511,-104.792195619031503,-108.663029836841375,-834.655606943270072,-397.184809289215764,-588.589013901561202,161.476120491880295,186.517062141989214,-113.761494718943283,-320.560349101652832,50.241163462663536,599.227963932711873,299.764800494366284,153.139700322235853,695.706067446937254,13.828682788091148,-766.836665047168481,177.260795429774788,-480.760950702696277,17.448872536361350
238.039218906821475,42.841095240724044,376.724720731183425,584.740747438763037,657.452244265943364,-356.768101066115321,386.989426167596264,-162.453455522111227,-201.614615621031902,697.421621977740301,-321.463862300990172,-520.977061505150573,76.819802681669216,169.212312378770321,188.177393597666509,-499.560529150716945,110.722174800561618,539.446077592964457,890.428812595138879,-404.359024949156606,-157.834983633165166,-33.683743145489629,-659.905845979545575,375.374718082560094,635.037259325894183,604.025905902544196,631.541436938057359,-313.186765105830943,638.301147887059983,622.620150119822029,-691.789974569942956,748.625915618773320,-83.475334349455622,1421.034608908035807,-470.177633477519748,764.414194558364102,412.098836594407373,-705.258923870824560,-167.474115570548776,-260.469008189677140,-387.694432156826451,213.707630520792549,276.519610264557514,-75.384039710554731,-798.708751993952887,-147.609466888343945,-101.573381954725420,-694.730779715797894,61.460231854730949,89.229851865282740,-273.518705236652636,471.972763397624988,-1036.323712014920829,75.214852087255821,544.984796755920911,-731.881379870722867,492.633420645167178,-507.606390388725345,28.524935804035067,-437.697848150823120,111.438759621028652,43.061533344410776,-267.131028889729635,-260.830139481205151,-489.253704291797703,-16.748414209737533,786.143341422956951,-1161.320570048034142,163.016256659503654,-12.888700600233346,-137.482944378230684,83.455107061388489,393.581534362993693,-190.575067820566687,-226.629613437745945,822.692576806860302,-974.868588232367983,-130.862714718660783,-11.614331932387856,-505.831665129353496,-53.625916677685979,184.868375952437532,-350.551759272073582,-207.560167312142340,474.552333293731920,-21.665454440799802,-297.852112983972461,250.304053651159592,-869.879170863197373,274.490274244899808,982.487123303673570,-255.278712420627954,771.670444924014532,233.377301904379721,153.634930351808805,-526.758221368842669,-1038.289667020686920,-127.563360048628567,-10.371042533882715,311.076364891069716,-399.058738687127402,-170.176056803503968,127.838922321443206,-608.871822162122953,-45.722863373642760,89.597368713280446,-295.973973797659653,-829.651333814889767,639.446682380243942,629.981606797448876,-336.105284529884784,532.912915216891747,-147.767663479983526,-27.840257257967728,20.214815635214670,693.309997061141758,-1169.036985566669500,219.276377138193368,783.978437836563899,393.369775845657841,212.145118946216257,361.426273468726777,357.705743607443424,858.237733773107948,530.421118249115011,673.360562769620856,19.197654764303884,156.990107695520237,214.102554889475556,-342.779718618869822,436.864447085238510,151.294560687618286,2.795746827699720,65.064601826142805,327.746868745153108,-289.436198072424247,-83.411295455791787,231.920367870888271,-60.003342425110134,-365.871133312258792,-472.706142796895449,24.315759374563470,-728.930629260469573,-1231.617652448215495,289.064425346022574,318.215200347224368,229.156688638139173,-172.570172611157943,971.151138156293541,303.320727644992985,-683.980737023561801,271.090016966600160,-149.529900212511734,-478.286175372873345,-64.853642488863528,-701.467822752956295,590.290106892202289,-656.877690449220381,-723.513191231189808,196.765380917235319,641.273319858601440,71.450941957030395,619.625679466998463,248.941205972886451,16.410614928590320,-303.144514395747592,-529.131204792022118,-204.199663166528524,-168.752210582681471,-161.767212494418686,-267.304475623162546,352.090991481577191,-316.783932262513986,447.335313929360893,161.894726179817013
298.096657439829698,7.700585211896296,-443.884099832307015,766.578872839781866,-1331.423404379301928,158.286477614980697,9.257659179283102,308.237275874176873,-20.963068795036762,-927.835021596391925,274.701310085941145,108.243729208598168,156.098975636564802,-259.985682694636466,826.714844714443416,189.642770679680723,-135.137666237810748,907.317440436600350,-144.706551397098053,-224.519529645742637,-692.742656808592756,257.354151446415472,-491.125469357976215,-164.453449675569289,175.589489147174788,-845.491021069127669,169.412652585289209,463.544690111754619,-485.108966159095473,803.719901878136966,-365.221813382620269,429.799830213883240,900.071172337763983,-70.314214364043764,-119.775894794969318,-187.975818853253202,-365.211810328899446,201.942611883364890,304.975185343042369,-159.025853763334936,-657.401797952220591,610.335307497743543,-833.163310662329877,-93.723218321656617,-300.827894095230590,-200.717131788449791,-590.272588348908471,-88.214798926763024,-429.535413131779478,-360.830243121657418,-499.774812161276657,299.623085423771727,411.134608808477424,3.191130627946080,-274.883150257167301,333.214393817656742,273.625718524049034,766.416738117939076,-607.311930714159530,-109.351065933642531,556.195705692355091,822.324206000512731,-60.637648857965836,-329.288854287322692,1162.965862929560672,347.862143149274743,-582.865952751572763,148.221717720026106,302.319362159891227,184.091284367067885,520.790797209670927,-658.092713390644008,110.621077585283871,-244.103428640781743,-446.090985003830269,237.785747897962608,397.194793659475295,31.705907656899406,482.703130459298620,966.627208860871747,147.294038603034608,299.930664700843124,-148.852742535186422,-127.114675730601647,12.274335765525716,-328.973965534962190,-243.984787610228295,747.511934678439843,267.730916899450619,510.044681480799113,-671.389710682630721,442.691320171706764,-812.714776758423795,235.948587192004027,526.138061327806440,55.850844088137009,115.602141907127631,401.856727571100464,-142.276708862459259,-38.675519332007106,529.896187897572304,706.798520358021278,33.475992218875859,346.686750748325778,475.375605710029618,-168.858921169412099,-264.257948407997333,289.956368134016657,-596.995410055540106,-650.056021180611424,209.054280064210189,-372.650711462921379,-943.231283505822034,403.494595362584505,-491.619055618768471,-532.294946965549343,616.005108816882853,-285.531285648002665,415.319929821813275,921.049352216092529,-99.172669169058381,224.454635560257458,483.263487880691855,19.131718026377904,166.831556301243154,-4.507768134459596,1030.432578543052614,327.087519978366572,34.661552220460884,278.493567606083559,-97.237494795399144,-323.303199759183599,161.879706038469322,-152.883571413184086,-331.313032810036475,-285.233431227664596,-94.921408341050238,-754.345951591757284,826.124994436369889,466.085018260855009,-75.499327459783274,620.864495148351580,167.098145320823136,-99.881454763352707,690.923726374376088,387.925024741149741,-80.720800981626439,223.793595966367320,-549.613951498662118,-53.958320613338387,-161.057204930621282,-36.172035070814118,-18.674152590435067,458.749343941768473,-535.550214818217341,332.337269869608519,-820.110760365027431,-390.945369574425968,182.459985758400961,-42.135304086934994,534.702251255711190,-49.357794281336439,250.180935208256301,637.297484746924397,-425.130241825888106,553.222345209096716,446.609520458056181,-178.179086790031306,33.616208944257650,499.074694748705156,-497.675514960099179,-184.180192631752760,208.953889310220376,189.787046803298125,-412.970354754063806
-579.629330352826400,-809.556282843473582,124.882805290803077,-227.078489256898564,-283.161395128680795,151.765037819048416,409.567047205010965,166.720149213249954,492.715224477845140,-388.946509735908023,-9.624278818453242,300.736512845452921,6.115331538531846,-135.126898124263505,-522.679521131288197,324.301599747301225,1067.250078840186234,597.889450101749048,-159.807452991741656,-32.840088953061297,686.597410672721935,168.962961666188704,300.613582777058184,281.301363756476064,-640.463323544573996,-143.948642911903619,891.548883712312318,-27.022274412235070,-774.145576886248591,475.211495105541758,876.453609261308316,-48.543578389331373,-454.108512996301442,-108.582144255483698,200.886511588548473,-257.638182177204612,349.555313621461380,-498.867912106464814,-528.340691896022804,-562.139192858406091,-450.953263613320757,-209.709585457093539,-143.084787838831886,-97.550460904955358,620.429239783471871,-516.475342416062745,-351.506961662636456,386.685924207320738,-151.746527308577782,-303.364337152309076,369.049576995852021,-1005.333079158420787,-342.364366589680401,263.496146249301376,-739.879301581828145,480.125288825792040,0.702794579284618,659.928615812068074,-22.707120499197551,634.746430594862773,522.049483711177345,399.320904538808065,1297.778668601982417,-556.226079094026318,-23.385424328506140,270.854130572740246,309.209493487285272,106.763542658215613,490.816171616714598,175.182930831094552,27.466183659240869,752.152970721283850,71.270905243595422,47.396457452621128,345.395938177347773,10.514750212916908,192.390856512388950,443.649005407621871,-77.942656084240653,51.470177442657530,472.913698754224924,203.375886156425025,141.467150381805425,591.841985048395372,200.671964417177520,818.527760517791307,-448.220867049191952,272.745740616462115,-478.849402059743909,-36.502194699811156,-361.215760233329547,312.378311105918442,-134.687469243418889,-148.355980430264424,-402.236486509063411,515.267622749001134,179.732709298884458,357.023822815306460,-507.746600835807726,-565.597175990647884,85.142012774854422,172.873343862071380,533.257226067614283,363.000855231211347,-24.738990775412674,201.598207089906396,-727.310845172204608,627.903506818377537,1018.399047547652799,-310.138473307343475,330.730362967212955,283.117580321226342,-94.752926056396404,-408.077831147276129,-681.517880841547594,-353.922101843597147,-178.378578185745994,910.220040323008675,436.968583982070129,288.633581374078233,-1.654886043056926,340.596263218307115,-15.140554292290112,313.477092107602004,79.649536556001294,-684.615543957929049,554.017504937128820,-369.176499912918530,946.311326794477054,-79.893074070866390,98.030254089275076,-499.435258627869473,-268.906778649511409,134.958140243964039,16.035441605365012,-64.333106210179437,95.486722751570895,359.754358483843475,-108.090603411717794,-44.930323381072199,173.413370837181674,183.139367382332836,-317.992840084297313,90.123095094796597,83.512943754465027,-42.986199103233517,-157.114426817084222,412.498588927524850,-772.631880673573392,689.894979519386879,-472.295885522790059,-38.438386152079786,282.605566643199211,-236.466397309591059,-275.022769436784984,157.620464603021276,716.623471219742441,-340.681936690625548,-148.170383317315924,413.832047662583022,228.686840786735672,-49.138632144239438,52.969106267379601,-597.523629984605918,-1110.737801599070281,405.821220524549631,-175.402195407352167,-320.727820067693585,-386.312090138517704,376.806731975373680,350.223034679998307,-565.824257395490349,339.771742179038142,-723.441388032120699,-534.565521586334967
16.557356158409426,-168.572641527293683,116.789926743968962,346.164744471875053,-279.101949864009043,-381.343830360844493,-842.700123443032453,393.257760642707126,302.004266037347122,639.539689832782074,-10.982522799055374,-80.727744609037188,-360.529502038620706,-882.385202212843296,171.293332300981888,-335.188849641753905,-50.200357290805833,132.398549044927847,868.574057947012079,525.264682333731457,-577.184426910862157,822.821370877575646,56.847044994415498,126.827678657509466,-815.342565911193674,230.415294577603902,399.350394425514423,-264.259028854285361,-377.388089521432164,65.778550569644409,-685.908553474451310,-565.387360715214641,267.977967576326023,214.028688085070144,-205.001635854600465,246.654051216077448,598.462899004864539,-600.712308327863298,-612.117480610036750,791.664852645462474,-69.328019733675092,302.752413328036596,3.994300360656595,-207.734197228229164,-183.837327286209188,-333.668958463159697,13.620367503060478,-397.104643883476626,-538.392071294931952,143.415916130080774,183.367585439566227,28.764397926515507,443.549344220354897,-20.679701956365925,431.676034261191035,316.463653063737240,-792.156453914018243,519.382232241081397,705.069780155210765,-196.014720683432387,-336.321160750443880,589.947075774779023,159.283973227972666,585.030288887379470,-560.980225474246481,-316.299852375850151,140.248217883527673,-294.912154703083843,862.521368004171563,422.521702717016751,-126.537222168270134,-650.723659190998774,444.045388283130933,39.695513120135828,286.849669902460789,251.991448851409331,790.696834699067267,321.655843783093360,362.240403892717950,-252.446720718737510,-242.001126841671379,172.479829418940966,918.504641005713893,-453.027530007584005,-1113.192949732893794,-166.658555385214811,-760.418683598627126,-547.549313767921149,-102.049104222574101,-4.088835526033236,-373.769643135209094,198.604280343219102,-323.601870020806189,60.228832034556149,882.917358729414559,-643.241592322471774,142.843019536313307,-1244.849591680775120,-291.402952697760099,-170.758263844994360,-110.263523193202019,287.584059071791273,274.433675553667740,-246.452834698466830,69.849531587547432,46.929267730727048,-295.655330173878269,-874.104620139078747,34.645286206121121,-145.648098551323187,256.846613574572700,686.113692624834016,-94.286817307413685,388.889445284879855,820.752888722474154,-302.811985879318115,64.980652175455134,238.428946780658265,-151.057486941137824,78.374144773064202,654.148086166311714,-103.238483917494079,159.284081845888920,-350.876717722317778,-797.903533245808603,-326.525362809506646,453.525820148059665,56.683690364046100,-194.119233379991073,491.478514234227987,475.664745211546460,-586.360644302655146,996.979878660991517,394.314118530788221,-314.525798306260299,-363.778788890182682,440.082129824296430,128.543520588786606,-338.187599084926205,-451.683539873647533,157.456518133686899,-99.728276444191280,-6.872382101340541,409.306783673575069,697.345036345908397,171.753044741376641,42.291589915263117,-209.743298039989639,30.301937767926432,-224.821266091896234,-152.815965429873586,-719.208697733160761,525.100907841884464,345.376221967761467,181.418578369547475,-259.869774602599250,-999.921176634962308,51.953987720024777,-640.843202669357652,-42.023524807324620,79.156641601914558,446.631793181959097,-97.954399194886676,-651.305164660079754,-428.582360156550351,-189.694173162404894,641.391388500219932,688.430392290909367,-107.683822235453448,231.301287197212162,-129.506934900422408,-141.263656105141735,-400.411220520584834,10.563988715833375,-1247.849209642227834
672.504461794896201,114.430588362629265,-108.197280064769814,171.101772965355451,-424.717597859568798,24.147318211660316,27.899925875741211,-634.057655868599113,-65.834808746938762,469.223078624515722,213.703804382611168,-328.321567149121734,-128.980945139645598,138.609640074045615,136.644480968662350,-395.763275532759451,378.511850371677554,-85.702562841073657,-280.080071254596817,-202.516270813164425,40.930772817212798,296.017080017606077,727.671593237840966,-510.711302383702844,-32.051829069888683,1085.851100144578822,338.157270315049743,-897.373506762752754,1003.713588373643574,-12.032072800861670,-454.698378901818671,-446.261310871634407,115.815470543040988,18.917599133708336,273.415000705636089,248.470699282874733,-194.316322787504248,-103.864775582396504,-493.969828986660332,-233.794715346631392,758.899012621097199,-84.336016896103942,-640.221176791049857,-74.936285902803803,295.788051207926117,806.166505238623813,426.036289878985258,-431.889036019411037,275.048387636239738,174.121776379954497,199.397677231808530,-92.253213381018796,235.254395366991503,-80.233312898270185,-25.926905317519374,-710.245523830015600,247.728361570553488,-259.922224675079747,-535.516814083286590,-25.539204596823524,455.904409525951110,168.272926542370612,174.538378924796802,-296.869775318244820,297.782701899290089,269.377616118887659,1282.482323343452208,-402.934305262445491,381.482376831511431,213.610251750932548,-734.489048749987205,-201.677932986697016,-251.503883775606880,222.799269123712861,346.843670616142276,193.806413050701480,-16.983443171044563,95.655534391187047,190.340861394565422,-202.263016710657183,-23.239465873097437,11.151902186969906,-43.835662121366425,395.586179133836822,-128.166880790756011,-252.291628912908180,-97.336520912945119,551.286911385213443,163.182812689752325,687.580367329759383,-645.604523079843716,95.227153007374412,51.395545011234844,92.970723087115772,773.191569400959793,-479.614599024577444,-713.462217709306060,-414.216626807172588,-259.248136763316268,344.309770928274133,-403.297842405793972,-462.579260037873667,62.663222423183399,95.452471390093251,-465.931113659741413,-50.633855434325511,311.879053840954839,-492.745500224426166,514.965569129721985,572.114519875742531,173.499147336840707,639.135809954496381,587.802088196214186,-31.648777823799200,-553.305142550530718,-393.300514304438366,-449.734441625545173,214.587863443579579,727.054291141885074,267.748154865376421,15.773152518806540,-61.792701454486014,123.337495987680640,226.605858394199629,-475.565399720122400,-153.388360527284988,-982.796487102866081,-444.815155320528049,385.640392842687106,-162.428616364713946,497.032626735880399,-428.049923742773501,650.796798394696452,3.513020070969446,-387.734999581802640,92.623760773240036,55.972103884597814,-637.389916462259066,340.427214737743384,-589.835941000987759,-35.245055909048475,251.775188066483707,136.068584473584508,-9.008864201778181,-405.951280406110698,4.485270629273359,-39.312079783916502,-433.003014115611052,-47.712530365627217,34.595739126041494,-474.034761759652383,768.279698672373911,-691.171559496880150,249.065090197071612,206.476610589800202,810.433186402743218,609.373702156774925,-83.898630043605237,214.446469203624758,180.032208795632357,149.488989059111105,-15.579040363981800,148.934515944788927,50.361934901980305,402.593086204496046,-93.641584900505890,-889.713733359981347,433.667132152082559,-209.073105960099042,-692.027492541410993,361.688324293381925,58.746443247978803,334.703608980204422,-153.484593314579342,-241.030138154822964
262.207094195515310,-347.987382052757141,84.948850321618110,-647.777075650511847,250.843977259501088,-285.838120793415669,525.916727619271228,74.247742849546540,592.346033912629196,-686.510438867746529,1064.041174511355848,448.643102184598945,-237.882528437024092,290.701982152826417,472.729714344707531,125.490348671103348,-338.197194199607623,583.339743123221183,357.536337269522846,401.678813991025606,-159.872304009620450,-731.301941177962476,863.684283467496925,-944.358317951887557,-415.143422061359502,195.888887426014861,206.096207939618921,-225.301032875715975,-141.381094904790274,717.633703621858672,263.328655517953962,-617.101460188648161,-509.193296770166171,-123.092444366367886,-330.939678272697279,-97.997540018266889,-347.387085808700022,265.286289977305387,-173.802945420778912,-194.333452123973956,311.847275135558561,-527.732791550972479,-976.293593151197115,-342.097921444200722,329.948950278143911,-520.894360842605693,-398.288978092778450,243.335612841546208,471.178416986198386,-659.561700981806666,365.354516625644237,-62.356422394084163,126.942697954764114,1015.356600397179136,-238.952154623475565,-494.264235862464204,-153.308653534129604,-871.147446580838164,130.240131289385005,-234.453431319955911,-345.845050386681976,898.615639734781212,421.984274814940136,318.886377892704559,-43.127596030513061,29.495674022326863,249.731587604618767,1234.913717483634400,-373.058391366596311,169.606757740081434,-392.882295968268636,234.676982581206460,31.604778675410824,235.054639020391903,70.467538277193242,-852.026896046520278,55.784026745026665,-253.124349264753960,-495.443361833093604,-160.876548667792463,356.650886251046643,-658.935484779242188,141.061959824175347,204.681147563386645,-75.232606779055658,-145.757649312997188,-820.827111315867569,544.565716191749516,-171.063944331406219,-193.241146200937749,-206.906701394630602,422.378031690276089,-624.056488029354341,350.768145743556147,54.929839492704716,-150.371548803980602,312.904731666211433,396.218357112156639,-338.748741548805924,445.444262216484276,-454.185730703055583,23.876412476517160,-412.651630325653230,277.189908212160276,-383.859703333910829,366.316228938698202,351.595089616929442,-69.561826464859820,786.124393510942809,-369.337741304158556,-436.116878001265718,-740.441138883331178,-479.274138068325158,167.186209785472698,145.159704038995216,3.567010732353967,-27.723061139599896,-279.912628631464543,-155.449793773272319,-545.765189179823096,603.201149026841790,123.395718671262074,511.209033906686045,-693.364474676242821,-246.646721691529081,-45.197066916860777,-550.494064231800962,-499.366642634729317,158.109522377047455,-504.504421431396736,-125.627947049256818,-197.514633730844935,-261.695862497653934,100.441012647691934,-74.474272550919636,502.925728867958185,622.238846905468563,112.235672069996554,-875.205764768684048,-689.640596399426613,24.746551290829714,-29.612529552886151,-331.648880515441419,-361.982545368557396,-109.473253727869192,-805.271412146313764,-663.134992832493481,280.751784585542396,386.150040309528890,-25.643328936297852,776.366809960195837,353.305025832541617,-90.684677108743998,666.727709218554310,-77.195770715827535,721.892089525415940,-474.000248308146126,-368.657975728664383,-92.524748937102203,512.990416129829214,351.631680402533391,94.057279581347004,529.200729711355848,-122.694958844708481,-244.351953959722238,582.884609356897272,-280.697052417118016,-139.663039653240844,585.010147322058856,461.367459136357695,329.774227544755433,130.145656450338493,-18.300535920585006,-252.548526961817686,436.022020526979475
-244.368064237286291,153.064103431270411,327.860255628990217,354.381319096663901,447.339572032366846,396.675448977596716,217.033658966821207,208.744406925280288,24.096102524006504,690.693542897541988,-459.878619152198667,-693.878422585361136,855.536810498655427,127.106633812169790,-370.225491994465074,-70.320988095963415,-307.400778698355339,-204.646332707239594,340.879985239229939,526.238562482471593,70.892736454723860,-75.936941840172409,-59.243101185312433,-259.390590345860289,-83.895787183667579,-421.960427758297385,831.853366422324939,-81.369955267136831,747.808452083332895,807.766275426119023,37.555462505169857,296.656999710224909,26.235184754266260,50.208392813227164,-213.682969532524595,313.575425934836801,-456.349875194347078,-482.443427711042546,-370.657194431856965,-458.319577415373431,-66.241543211215401,-281.257971640572123,-286.580748489205405,-510.476316175537079,-93.481576825417420,509.260463872179741,-28.967468169435197,426.895898766748701,90.346604960963148,6.205423328620434,-632.675307656792597,525.981922495970480,-677.651811237607603,-169.541497121463550,-205.026708568246818,81.029805732744720,930.965443359939400,151.202158356297730,-170.360183250815624,-106.504460738068360,77.895022630887581,435.623018636935512,668.570391687921415,-11.707051946743135,-468.769975332511251,-430.845728465228945,-51.449166622710578,-341.367627715257584,300.068317002760011,604.378055503511519,379.141673028855109,-142.295506424843552,-458.754849802912929,-365.321915269468661,-707.523309468396292,1031.430277104704828,946.350679586095225,-245.333611491904236,458.984595242331352,-390.112377593370923,-648.393343331790675,-471.608674737242268,-610.609833116854247,-779.908120680704997,239.573480666095122,367.858456625994108,281.306851175499105,-590.778492587957430,477.790903804590243,184.905259532115622,-19.076461125740202,10.854009495396962,194.315027524615800,260.730852970871979,-518.123325196663700,583.455762787311755,-760.011495024387273,-282.443737445887450,652.109684879033011,248.592022463568782,65.586707962831881,330.311135975287755,317.041189648884426,-154.859127311445974,307.013544806647531,-348.595765508662964,-201.916017816155062,31.525471287323789,-124.272518240389644,-130.121793695813096,209.474209018390098,319.315049871252938,1039.002671773494285,-246.650646178457265,656.551062675037770,409.790254869561807,-29.456199642001216,-489.925260335807138,460.331006928996658,-270.487638679647148,-828.777130404436548,-399.942425553476312,-252.240803839820501,984.325054868132725,-117.309254595930184,204.402318849249639,-80.190934837792284,183.013207741689001,361.919768199655493,16.913471397875028,-25.033514876421105,661.937225695662164,185.667999014254860,-228.138984971153377,-484.672175972751006,-495.612211712179317,-409.238460674306850,419.658993318827413,382.032752527493585,1321.034971814354094,-171.512911410134336,601.370138722695629,-413.676342295753898,136.958460295466352,253.658996310927535,-409.246411950819777,572.634595288830269,-561.162517752896861,337.791095210919252,-3.128786322905306,152.198504469650743,172.304314798730132,721.089032005124750,206.278283338448318,-108.854379057482603,-705.528636735558052,708.865545542044856,-247.340919769055262,287.547075267128150,449.903958969216490,-53.385628696103502,-107.106725403368230,-59.354925122552338,254.680676174546846,250.261667293483100,573.794780257684465,-658.636403097103198,-513.461988761628731,275.128212547444264,489.712445253581450,-144.800756914145495,427.288914722035713,-438.602572756786458,-141.578514288374095,-280.042395212451538
-22.461228245264778,-898.944608261295343,-109.273784902942865,-647.444893154768010,69.676092408896707,-281.982669949098522,-339.028107029225055,323.435391325309638,-520.450286624752835,-744.644658375073504,-430.047963620740518,264.417956255534989,180.893278581270749,522.149455219284960,450.780493418683648,373.080836290683237,-555.738785549438717,16.543627654567505,447.251318173110747,-177.232363577371785,-740.498020517197688,191.037307762909961,-325.670567864821749,211.369892797957846,-684.859220941184390,-244.932701382094308,367.573312420528680,174.960613682947923,-125.349103204538963,37.697751033347600,-685.229855271328802,-136.643235824531445,356.854272951689495,316.358228932545558,-88.265779631710444,-599.889252645753345,442.625996919010731,-647.783457390053513,11.088156774424700,-702.213985589711911,642.908381666221089,-0.537091290928084,567.281643360063754,191.438927667590292,-584.733536670069270,-287.894958760766087,511.877853811926627,-564.476180362882019,-204.634928548671951,-130.266673867385890,208.103310867242953,-313.624248905602997,559.702769276996264,232.045878741190933,-109.559647583809081,-483.792215580823154,29.783563780709123,-177.898653908759997,397.856423754338607,-484.215898030494088,-142.955012177714394,584.854648250624678,-730.909294788349825,-222.824560516186722,334.362592336699720,-576.636352793444416,-505.620636970411510,-610.798433782734037,227.532906343609824,188.593304405594239,365.438652391603000,182.699919696031372,177.573919483479671,317.578035576905791,-219.943544799868164,-64.166964916572624,-443.885608732994342,-185.946932301622468,844.218922649951310,-380.454236789758511,417.629560942701005,-724.297319253400246,657.489231243234599,-24.549668588860762,411.301834860341046,523.373709763949137,-375.021593907560316,-563.091923737488059,-530.750326198581433,-384.740483451149430,645.411609777594322,552.914212687159988,352.533894880929722,-249.110321659005251,363.221318516610722,-141.153768123016476,1228.206616707793501,598.532267581330302,481.649292406478821,-185.099293243759035,-30.473419753970656,67.306322299781385,480.711487425090411,292.142045382546542,-687.028452406131464,-244.872667581442101,341.677368854536041,-843.564971049709243,399.422731162535854,-191.231635480140227,-290.124588645356368,-285.121750367249035,43.673218673628185,-54.567162992945583,605.254880557413799,493.144608971059483,870.942473430388759,356.453137694817542,-635.328645163547662,-903.764234620735806,35.788141153630434,-533.544560598541466,-218.760812238701959,-491.743694809592398,-54.888021848249352,608.841890697965141,-820.814257421446314,254.788225566344124,-488.631576776456882,-17.903049006825185,-92.764812767636258,-80.664869131477474,109.976167111175897,158.788934277937074,479.769245142802959,-88.271144746234526,-169.535220880371810,281.446733885531728,44.640745706726705,389.754313230866615,-446.148777041151845,0.063687493134861,-372.601823057209231,32.068152739419119,651.414082830988491,58.116267523964751,174.355543043030821,-367.759125067751597,829.244592873039096,-109.515435809893077,-313.896896483761168,27.335162005482221,757.495650108861241,-224.532709803866652,333.416643987675968,-986.461963007687473,-113.749903987850089,-120.390169999208780,-180.938758005119183,-703.978271406802492,-761.843324644457653,403.142079701842420,-133.061035786903005,-815.368810720081456,307.644089843200845,-232.020855434177548,607.453211226353915,374.733287444661016,80.598012619036282,-290.960636280944755,-286.399957758496726,9.908001548807629,61.072995066342287,-661.820681213737998,601.767154222124759
715.816070214375031,1161.931433806846144,-412.070127033052131,19.964447108276445,-113.583695356837509,-25.513483577145649,88.695390584984068,-18.192110931208390,1214.138518520751859,-364.362451069193128,876.716177013719857,447.554644850123168,-228.181740983564566,48.669007088484236,-388.624121512453598,-454.915454110014480,-38.165793221558125,360.949366857928055,699.677595795415641,-258.819823849656473,-439.360781130659120,-673.840982338316621,-776.864227098267065,-324.284954693786403,-105.624994589087663,-405.507234579621013,-197.454865200033396,-812.474592151400998,-441.327235030582131,-148.787746150259181,-791.954000042893085,-206.488392583845837,-353.263858622616794,359.489400622260973,226.117748410543186,330.398417628420134,105.542284753351282,-180.443691164366101,621.026667579975765,583.406620908477066,-550.521051416539422,-625.538555121899435,92.721554681774364,194.808036890173213,-470.717603860681891,-331.297059837040592,164.082628331611147,-85.776462067323195,-539.193724025811434,-358.455250947648722,113.863927955451146,-35.920294407775756,154.076216159983318,483.415628928531873,-1261.842177600996592,337.184579946760437,424.177979811094417,-676.720111969015989,-467.160391425160924,-615.744820885529293,-599.293923594927378,175.866983770152672,-497.184893186369209,68.912660308339653,-60.451815255639019,787.702881860223670,-32.132786120093947,-329.750035187862125,-293.634398739773928,-202.706689922869202,-81.471459979932504,456.659641645489387,315.755051365642430,-472.955115842871635,-698.491255598117277,483.251618031574480,267.013162566315316,414.945454491089663,-58.021502680673407,-201.349195591505548,600.402229041365786,-336.708964346839082,174.663862358305181,-71.513397611031081,290.322889766892217,-854.274432953801238,506.963034858937704,43.261253619153379,-221.282698337756869,-437.007791503017756,-261.245472576185477,148.776063161252978,-412.055906657793912,-540.252822591293580,-505.275485402199536,1008.447271978851973,-548.152458739490953,410.363859614207911,283.966551726636510,465.453092857078275,-184.381059284480415,-135.869334100282686,248.607431786449240,-55.296335091165773,729.365603966343656,162.395152217877296,372.003632679980399,365.768350665044295,275.917122258942868,-176.840097910220948,14.153523277489247,321.172966265241143,346.600707167935298,-79.909324868401171,230.040432260332750,294.139726380736761,814.496580525404852,-497.452276063190482,-108.394651232956832,425.314914284337249,384.129415233202110,95.609840195177952,-198.123904560750191,-176.926175409486461,-378.149538775254769,-392.357162977157145,169.802742039588850,316.413571167759130,10.685543749763564,421.988894294407658,121.113927194415950,-32.807128371843454,326.435720193296504,670.077766602905854,175.029512587783984,63.549558486734426,-236.284353875515990,-294.879647999923122,132.620384784388364,1.281604346219225,-467.685737947844473,440.636748914819862,39.914541073392591,522.009236694592005,506.929491527137145,-221.858552547253623,183.740702467770063,31.040013442321126,158.520182647656100,-174.963649218002445,400.605691979761616,158.853387408586912,-196.102597520556941,-119.648535657310859,290.495980909288221,-79.823336621897568,494.720164679761524,-114.418740930701517,310.262112759029890,54.167222616720153,380.786501034957723,-164.924591798786082,224.492249284958859,70.563274831369981,503.343201112346833,-232.109107667529031,162.664906236468084,-77.631334275419135,-237.381551571126863,-38.990681299304342,283.943328978449131,371.407807995087580,233.589918243485215,37.746640859227043,-60.225032067721976
250.395129482898341,183.418048300560059,-436.529200532596519,-878.734701648246755,584.324214485812945,747.035032389392654,135.337430909059776,224.892631707555751,-401.521581686087984,-429.542251023729591,-113.494880152751705,400.454241203383503,540.444243559360302,-512.781105785343584,31.228189779881070,-731.909925623853610,-815.886081290961215,-1355.065941300025543,-217.306229000189091,687.379634739397716,69.273962217892404,622.277951026234632,-594.753718220891187,953.152719083546344,5.042990218715666,128.920554127873743,-366.424639517615276,-313.522851574163838,561.964730573885618,-305.505301282926098,-948.798171369774082,48.792825902552607,-126.780421425708909,-134.673837468754158,82.239686155121120,197.200632232730669,56.671065045350950,450.586230674913509,443.130329530542440,-129.829697976531804,-290.425271977246609,643.082262843135481,798.372941476393521,111.371742283019231,-51.776033770261158,-227.207484693582757,-461.923641142493807,334.622147162947215,603.041677706483711,-291.806873018799308,295.126963438768428,-563.474238697961141,-461.652441222316213,-1001.020041578671794,-685.945417749998796,186.010837302830907,-362.669688199657628,92.019965788638217,452.586054717584716,1.230045392194306,-72.232434806689753,276.820889767448762,213.920886264438678,-8.324322468645963,514.191616375893204,240.981306329064751,-147.691325656426926,-430.429771889385563,-299.759442415061017,-178.074007679329611,-764.691812061526434,-97.571565630269035,147.757136562162117,-1044.148280352679876,-347.677992267897082,630.572179353646447,-1175.055477591086856,-38.890612258954881,682.394732525375275,225.620640957316937,-179.352941560035532,53.485582496162635,617.948108150268013,-387.952136366153752,-69.944771418046614,-237.430345902349529,214.798159247053007,-258.538967416817911,-52.386559863717977,387.942747399548239,366.329184376139551,597.042124247410129,88.975412499931025,380.047365797894031,-594.932783582765524,73.105128206752298,701.203990948855903,309.830800768759161,308.578163409475906,-352.216254770695741,703.967195415985657,14.477119523629806,704.140268628917170,-31.071751981531591,-727.044710444766451,309.817250556497470,-319.502685344738211,-728.507912157342162,112.699573242955353,-51.897462972229761,-428.608316944547141,51.268325051590374,-125.506083256664468,-307.158394372339330,-211.682162892948213,-284.436666531438959,624.194275822729878,-154.771128403624914,163.422490724228993,79.114192939131271,147.030287832486067,-292.071038890547015,-105.795799393732864,-54.203133833282486,-398.529173239781699,375.981428092598094,32.222909173735232,49.942474284385995,-816.408001487894353,59.581314596929367,343.394740370621037,127.446891164389939,240.864146405307736,103.562511156587533,23.407469406182223,-365.214964845076793,-119.040134831307000,-523.130927729516202,-567.223225501895513,369.305355035072637,-20.894841538638737,-393.237568189282513,924.475821520374438,157.562203432363418,211.856989757223914,657.775797628630926,337.839734018858337,61.013776693951968,493.316750684802003,80.271740571989454,135.478742952937438,-497.257290972520366,-229.011462053817951,666.922488786661120,311.921507467750530,-355.798607014930326,933.826992113737106,-879.577686877749443,335.935036033340054,345.572053189289647,-303.397391240723948,-747.583344676122010,440.381651930376677,380.646592140118628,218.495860022668978,-461.465012339039504,537.803763045580581,-340.038734996313394,-935.814272573091444,116.607413895854194,809.527076932600153,-129.561097000585846,52.943204073319521,249.240329949570878,-718.020628454425491
-420.361662770850273,-225.241627092375325,114.484235093485040,-467.452217446152417,-331.032673527415170,-465.914795813503872,284.825818059143842,-1048.413658657234464,-611.744060442360819,-587.559940355126059,481.710580065322688,552.364552121452448,-118.007904456736995,120.868325832194188,-66.637380623500803,-264.543282446333421,-672.926704767835076,-386.150336921057999,-588.654275180073114,223.753087417823451,-125.937250597426697,121.818184119580451,-565.194342730951234,1142.252642664758241,-266.763877908967345,440.338656016028494,-390.956308077873132,-165.869522856306958,541.723649962044760,-34.919923668510123,724.400350252721296,-975.476847746700855,-296.112958165024622,554.603903665274970,331.316123079353531,-46.946167397346443,482.281272722996164,-405.455162637296780,-360.857909350121759,12.554703275038603,338.111467505217206,472.462556124248977,-234.881839368513369,-215.932201518678937,-22.891623220827789,289.089338722617015,120.373941241337477,-468.276045963171669,592.762503414599337,-992.464933071144969,-287.184830660689954,-191.690618462920156,-100.838445474349015,-52.392916471156823,-189.512745933481341,-547.212326715873360,320.600469279935510,-247.181796189793658,493.584878340472187,543.536051902210716,42.865456859908122,-432.537741062464931,448.803591608944771,-510.157105579656786,-24.420294805210844,527.877779431512181,1194.655983047775862,-727.938163699779466,376.481750149784602,-1121.954852713140554,-1088.745788204277687,225.824986664701015,-217.460359023496210,-95.665024050267917,244.428367742759093,-3.099829480675405,-898.812429977578745,-182.444686441969651,-181.508011109696866,881.146641700164878,-78.073088911300445,804.830423870176446,-98.250238207362401,380.392916924870235,776.333984697292408,-575.087132199998564,-202.814545068592906,-815.668396525105777,-610.259349821597993,236.565418618115700,586.448436781062128,-401.982723276369654,-95.811532435667090,-630.221545285867705,231.879391743749494,88.335686702935277,532.640861530069628,-665.736021926925218,-193.222486481871272,-983.829064073485711,139.718595487534884,-376.969784309263503,-44.336381844200091,429.030454722238005,-92.045907875943371,-309.158620905134228,-819.396600995282142,459.107573568173052,165.432582662103357,485.720491391841506,72.419301887120838,-285.524731751344405,398.039182149495218,-217.501647710983235,367.217584502459374,180.144283816442652,-1022.421222135306834,-525.212399972461981,222.811727019441605,102.503406593477351,17.360225683064115,-368.086882337733300,103.627582733378574,177.810071708664537,-1017.174328150605447,150.991716036264648,193.787150460062719,-148.296132813403375,-291.240249067606157,-8.297762864146113,297.116162294446781,106.387375939595898,-89.184982854626995,284.874226160180342,-526.493876283591590,1069.555721866932117,-281.518449009865776,769.025019048413242,-89.596800716650520,-598.626955384057169,569.220183407063701,347.460966483297057,-5.010924702015078,-3.030664611410351,420.949244164451727,-203.109004153032629,-519.288573416577151,-330.670541144763547,-361.807076291724513,344.769742471096322,270.040206720023718,-259.244237044785109,1203.980561614901490,99.904174627775248,-232.454664032507935,-115.678945906774771,232.466197255767071,-87.591456509870852,331.333723008893685,479.944302654715386,390.164763677820986,-273.862507206827274,458.593643275965178,-201.585949653008470,919.507501749764856,-882.026322890202550,-7.256957260354316,206.212944429126168,-1023.846835691140313,-15.619187080696022,645.359226737295899,-361.172631936132348,44.779102257594779,-629.240912724425698,308.408622252477187
-188.959129814807312,-174.098015160533208,-428.235176477110656,91.333318605806454,-446.624364177889106,-212.415922635808954,-3.266957880522032,-72.062985823417847,-130.839859064343727,157.340507323754423,-631.167888432621453,148.870824616625896,-29.073007664118961,-559.463086376753040,-66.238145761089257,-69.009250862310822,328.751430823883823,201.177602221280125,-500.258097659123223,-765.186859562836617,520.845409251336264,384.531528320421160,226.446211514889228,167.199285486493494,-25.802507896851278,617.861057226572598,381.620777426906841,-52.391418578093678,740.076500657203951,-768.876365136846516,700.641533359938990,598.698020882147944,291.784245069121539,801.686677891826776,-185.664009408046240,-158.735219255503893,767.658288758534809,206.080170085467643,506.080381501149020,-702.117004969500158,612.723641060030786,134.570868747205992,809.266430569565728,1180.849313052387060,425.056619302633919,-118.256040627569519,-615.172077744388048,185.645509162133663,237.003908785996089,-15.089448653261357,-44.074184268785430,-388.036141115726878,-444.745520605748482,294.353738914393489,-231.878370120923734,173.673560096860598,-541.628703703988890,-263.778939159138758,-714.097119507188836,-117.567205783072509,-152.427334114309105,-380.063343721140200,-470.596728523605918,388.720371522331675,-207.122087606137256,-282.380703084648019,448.703482409794219,303.427359403913329,-989.808857194946199,-760.553772533162260,-111.686922115856802,6.383107936559683,686.910202113625019,513.341545200094970,-219.053526917642870,-470.459657358092500,-2.347504453977500,657.695720355585308,471.738584886987155,533.558308487897875,-2.666905403057953,-142.317856308042650,-827.397072789189224,-569.804371955135139,-170.028312929742697,419.210254373207590,926.251119222282568,104.157805616612166,360.625592570395838,-355.633136148359483,-121.126996288188238,-52.916698384773170,61.408954063517868,-201.055551009821983,-499.900604418276089,69.805993992732354,-853.691583306456209,-826.810570542321784,544.275167576499939,560.495953080377376,-266.896240028116154,-849.744005002527047,164.652934640089114,610.055885210217525,-300.353081361925604,203.152184758854844,381.549389148514479,432.286888893123489,-750.328218153197781,465.568205071143780,-593.402466728343938,-572.251126584030430,-810.658962529489372,-102.725084239176198,-41.500123461947567,346.977607607917150,340.857906418269749,-330.633330093803693,24.494837877766180,106.306633970331944,-280.587245346179657,628.772716395306702,-216.829967284925885,580.445312668687620,-343.705067857051574,-780.606890235103492,184.141637726770568,-12.680534531135940,185.947226975621930,-418.861995447027368,134.277323387283019,342.049111481130922,-350.272388363770915,671.169398926076383,-388.262497843526546,452.114581089809064,-26.540237219140849,-302.443786441114980,-544.646940551335547,296.537854232947041,-27.884864842448522,250.973299705318425,-161.505865039038696,172.121944356183008,-281.608267498660155,-399.204852077747603,-902.786441676895265,-482.596051416915998,72.578430413824094,219.733221537627799,56.713353794481222,101.026993176556445,-376.282201891616978,-511.808487442952412,-120.612767388391916,635.832778499350979,-177.519975968519361,417.381305326963741,-320.528617380961180,745.864633938037855,217.118166838251312,483.557650565197719,201.701492918884469,-16.882618461491404,-373.062389405364854,248.711699475996312,69.359591279401869,16.989299481664467,-92.023383107730936,276.201946606502304,-311.015731016312884,199.739591081630181,-436.140054451066817,52.619365987431863,532.234136942818395
6.082949024875354,-617.388442024802771,-600.187373521057225,133.225373451905085,320.546797640433169,-86.636054765436853,-220.175579341201427,495.097506944671579,1.618579808870928,-391.380725696058164,-20.631778287035871,145.942977329378721,124.538899386467179,-101.469345294041958,182.345353837381992,-174.574417242268453,350.417330133457199,288.190532474230395,275.784057243697021,24.729729087731357,179.466599291063801,112.603949667170056,572.130419245555458,114.693967075731962,-165.561947457758095,-205.486878313660924,243.058774188866238,728.914651187391883,88.894309226648772,567.932471221006267,-458.460690930499084,183.755492740777498,784.165609899167748,328.226752184045949,-782.642868789119916,565.194796524253093,-48.949166125810279,-141.324433327794850,-595.761483191364960,-327.742180915076290,301.536805463960604,-450.570837466814567,252.579734298219421,-518.503174313007662,258.689550856415963,-243.335381712951630,-175.251757475982970,423.603875028528478,173.869495219107876,-121.815060107028003,109.212754916294813,-442.311009790336470,-215.815410879634072,252.369827014829013,-466.058103261344627,-284.330758265313193,-518.536836709411659,336.210917634869588,-597.316780581214630,-123.651831464586508,729.313764678610482,517.943424608873443,191.737848847958816,-653.105304983015571,-85.724255400006726,61.878476578752725,-848.149323356511559,443.670859386529003,107.732644274695474,571.190416079336387,261.696498005732963,-428.196975994890352,955.816381589121988,375.935646042910548,-1071.349473755672989,388.034946861159881,544.447024907720788,634.808543709293531,107.859647441596749,1029.184473876649690,13.972327543051147,-202.508126103367601,-766.313444278990346,-283.619270177486158,197.489979497602889,156.182851318355461,136.214533704956551,482.558184517188579,218.755524760239439,-577.198658458342720,-465.088135126643522,316.637127133269473,54.495503300193981,645.967120313883242,-137.412033302926460,503.226496942903282,-207.028589157981571,755.426632917687812,-55.025025267419551,790.228950646788235,-727.302603601914370,-270.291480223436452,356.908934914820804,872.970100824989686,135.912507539227647,607.833719758369625,321.935185515605212,-706.638327384270383,-126.573210489363689,617.921551107720006,-199.183961424669093,224.335415878144119,-748.194434272336139,391.823801124929332,-494.812525789744257,-520.805316636504472,-309.117895291150035,490.801052423854856,-205.745697092377668,574.694319182952427,205.224748515745915,572.971396147574751,-877.339745791856558,133.163934493586680,-412.139479758501921,306.383889315188753,-197.502143236506981,-967.274244927905215,250.129868829206885,-236.768073402269607,-810.006701280979087,310.007132219726770,-430.302334554318691,254.345356860579187,-114.049553101288708,198.462668704963050,-71.221473740956682,266.901454018829895,-562.107642071735540,236.003140717087035,-151.059245600757492,188.272681344877469,148.244129308768947,463.925761957925829,153.786928102023325,-105.981870411217727,-500.291355894375556,235.285734983480921,533.044141978258835,-15.417078815860890,-281.810114653218932,-66.056846157006959,-565.799864099950128,-419.974144765057133,307.168923757604659,634.306320303535472,-839.572891889693551,-619.143203277638349,-136.539833349950982,-215.957916448947003,-1091.243825233257894,-93.019686585109739,-96.298956647388650,-720.305675857174947,-1031.912257200980093,282.837563702692762,227.893716994112822,-66.343561095446944,76.167081872188135,639.704524360292112,-239.861083493443431,-206.522066895819279,-4.776583145127553,-128.921703517339978,841.283121056302889
98.673584618176207,29.254147140858045,551.828038017033577,462.366491842288951,-451.002861638662750,-572.337895015003824,-290.771980866403055,-944.617519301008429,295.511474189756257,-119.714845135710689,365.700365070560110,-379.890162489541297,73.311947823044676,5.648038785983275,27.581706346511140,1153.919105905086781,109.464423913230306,36.211388605473402,466.958527094019757,238.185754947586304,83.605422202844110,1000.284320063151199,-329.803324448786213,-386.397321625223867,218.583421887638821,-372.865228027610897,945.325357368931577,-43.599761971326600,127.279480350790607,441.232422040884671,15.306207077940890,-157.160307295474723,-301.802575261106028,728.933486493055739,-126.126610461400745,-243.220314113606207,169.525098290105035,-6.026316347129681,-97.273543649607802,-19.419764006747165,-569.031881261644344,48.552630708205754,330.436231991003126,280.847270424001294,-220.899310841031649,-540.995278847655300,-1062.919170010221706,-909.670056436185405,-261.641643175889158,-22.481294977195290,128.249661876459555,-587.671098633713200,-971.822148392307213,457.909825730095292,-357.568360080008290,155.532754290303444,-54.677897056514418,352.069296078327284,562.534505130213461,-298.006061443719034,141.449638753619041,422.599666050300470,555.179249417780625,-109.644039635246983,-206.500617437336956,499.153655529676428,14.157256985356018,284.458941961887149,-307.751838836391642,-617.739258376724820,-527.176076651557082,-60.531955168805105,-95.504301880210903,296.947029698599920,-95.747038656737189,119.928720132090334,146.030413088972807,-453.622236051762457,-391.108048996781918,89.677338907203463,-116.451631102826525,-125.081501903681328,631.972593682686920,-242.906713449075710,-25.593673322495953,-119.673534188814969,12.700975351426820,-721.870404980050353,1.629775872050641,113.523743650500265,21.800042256301047,-350.985279573132232,-37.544158523556291,314.304490844883446,-148.924511263325655,319.360382564749045,293.440310826915209,324.990049136468372,-222.363552339645764,221.531799238132805,-531.998899056554478,-270.967137547105040,-12.987798180239196,-85.411905222570383,14.810451158381184,1.802833034639079,-284.572462625290768,52.518727909959487,-29.632109163426620,-660.943023744650532,-227.434974065026665,27.389284132979348,336.825349422599686,-412.824943897980631,-110.922211271969331,12.884242539354791,-323.476057620582083,177.329616812071833,150.091748963321976,130.138529943803547,44.625360848668173,-328.608688876079327,-811.653449315764988,561.783909294439809,-97.694560503938845,661.298729914815681,295.745287188588009,-332.857992381737972,716.639134836060180,-5.133037549211195,268.924245926339324,-292.077535292852190,-305.598882297335479,-980.581056366897769,430.393820357479171,-343.995372303242675,110.726979820619619,343.946803786414421,-530.976907470961919,-408.198098837258215,-55.476873052071909,-457.982061730640964,568.442492022461920,-475.552966294387602,-124.191422087458974,-866.482633950844388,-213.353876179143413,-318.227276683854200,-32.549269740135315,-427.673154767260257,487.067895380646746,612.264954481736481,-957.166573924325235,-616.815054012690666,243.834472027568154,39.239527652789732,-276.805502252761812,-64.307142027105314,198.005755952597269,718.854650179774922,518.332872882789729,76.383187979515412,288.477225813256155,258.871670375442477,290.626427826359816,612.995741389378736,-812.257332149647709,-377.069629229733664,298.219468930597884,62.630065148556262,-121.991779761572701,835.519339816649790,-138.223603818784937,99.329428300855625,-706.447273818636631
28.640607684208486,-49.332458579962321,-36.792745770329802,64.808734435377318,100.313382374739206,-40.572590374473457,127.366799684532964,-437.976572223730670,580.283051517446779,167.079442829597411,-657.806808845061369,-785.306298939046314,-532.822744428712781,-156.835965949022921,-694.410887934497282,-522.240847009991512,175.957892448920830,-263.647860177830580,-40.222358606505232,-603.280473545573386,-644.185073049157836,-461.355220186937402,-463.214290938610759,67.976239102226486,-511.441555463597183,-286.678193463076184,-435.505648377313889,-142.584817669838515,-310.077916330490893,66.146186092786564,-241.140583337529705,-849.370986015609219,-58.875371407744950,96.900037828789507,285.274523884393773,-444.785483474355487,-652.037804869311003,155.191641537656892,-159.864907047590464,194.947195702266129,-267.522073438315999,-560.597505684687803,-104.582182334899528,-131.125557330680067,-216.395916104533399,-263.404894380231553,106.655978450639680,-573.861141176391129,-652.182770634253984,163.434263204552934,438.160698527722218,91.096589203397130,-323.578733566224685,38.942186252908733,-257.017625900557448,-445.835575638147532,-596.349743204973151,-954.010103460527489,296.040444667925897,359.364047280396676,-71.240460362290975,-495.149600337756056,-509.619673480298957,-82.572343809172992,-554.566464405857346,171.414132949323914,83.240979193929206,-205.108947516711794,-28.946489800793486,702.026857043057134,-548.864274191429217,130.534765878808287,-580.969295977642332,-296.459526582095748,-373.817053206672085,-34.458646700573595,411.835112920066081,360.931037045460641,-631.320718391300034,393.971872332158682,571.863900539735937,-599.704963404737441,-33.351246091443684,549.613163864314856,-149.271402018105505,58.284501085200780,-26.965596753062972,44.270362122841064,-31.388988172911610,-349.932729449672934,-561.063641570924347,-236.274343649661546,-342.197577299708087,263.410907731147120,-484.097620911956255,-469.484851300636194,853.639912067046680,-185.117541549549628,161.804817137098439,472.314025002411654,-611.619769023042181,-5.957692674315384,75.729685716975226,0.556478771248894,258.713661563491428,387.380667666860234,-471.504907730298555,129.616470708811278,322.818450069874757,187.106510497164237,103.865663946834957,-219.951249175820351,-503.596361952377777,159.432567689247037,710.653551867152487,-103.486487068238645,106.836334462975543,-835.319620455499717,-89.299445910264154,-323.204793017323823,790.768558363622901,-710.470069109292012,-409.346804976080648,-992.210609364761353,-527.599950123666190,-304.447110403825718,197.941936593613320,257.193613797778937,32.243540577198658,-960.298865798743918,-18.316276411384319,-432.905571780481296,1.950150265929668,478.790074520870746,97.452942972095883,-301.186166524405905,174.721032421676483,-422.300457362514010,766.248622070160081,-173.356253490597425,-186.228575154763234,-98.397346994527410,113.530715395600225,275.911374689714876,-233.698573808732078,172.041386065459875,-314.667112725988147,683.242102071056024,-247.877278551268404,-201.273902078306634,214.425605300272167,45.556934903547095,259.590405464584478,639.323875999319625,49.308076972827770,-195.124865349481155,133.718560617747329,759.011242785407717,473.467430972351337,-452.202043347969436,-356.628745951899020,-529.315130434336538,135.718572563550708,-381.477710489477545,620.080525654973144,-329.762318203948325,140.800950835696597,71.361107713115686,-443.858011430622753,-451.479745688896060,346.850112658305022,-652.870069524151972,-51.028375386423583,-457.157673258910734,-584.079719521088805
948.740469944475080,578.378814780316020,-298.568765436588819,84.553098516177400,358.215444319777475,-422.731066382925462,-0.295054077755093,72.864999009854714,-113.944356273428909,-30.859858768841303,-33.014575195651148,-700.516599230786710,-539.631595846946880,460.022290590045202,153.226880103283492,680.364519980629439,-61.008249159069479,-186.668637007381903,-103.069226321600055,-364.542157721971989,-234.285850776663153,-289.810617049639973,-637.181327673874989,-188.149232196876909,85.708040768596632,-546.129117557513268,-533.368469369167883,-736.180136516842140,752.852916588437324,-669.716376484770421,156.455876989000728,-667.016130968206653,759.768387752812487,-385.111308976309147,-216.388739208924591,180.144144804400440,-721.615316210866695,99.592472185396431,-379.595884863584899,-179.433421616013504,-590.622039990531903,153.188698740893045,87.303163358252078,-104.776762074300521,-148.616295180243128,588.355606120240509,-308.960909425508760,1.245285243635453,-389.244509976300492,412.527492530621657,-372.475963365193138,974.202464361218290,933.220746019923581,-456.803823393392918,185.474184411428638,821.865061005969437,266.039924268090147,425.576103389497575,-218.171956327075691,191.856889012724622,293.669348543428782,-30.235801583314746,-80.858458613152109,372.006328673103894,-127.002321799712874,-223.198663712837430,-315.557634226530240,-55.383426660165981,223.832832951864873,-491.882354052026358,411.369499132207807,-334.873386649580766,251.851681752541907,-243.174518218173262,783.304243829079383,-39.248211351003683,110.839434086778780,16.416717906429753,-205.026330633681994,-146.384981584790609,428.219582958717183,175.984768616574570,387.784885839969604,-129.615427329849638,-16.002393616474269,116.142833037383539,241.184065954156921,-229.211708884205592,1123.427191682440935,1218.411182928645758,-140.745555214174260,-198.951983621025505,-55.934985431237649,747.779786843066063,330.214800440831084,-49.396514949054350,-336.206904778409637,765.855462958839439,-374.703686843668606,-2.182702234365034,-387.644079836541380,249.530307373626812,-250.705478367194246,-192.847442462583842,134.185045773192883,-253.529906006894237,737.804924266400690,-238.058572789248387,116.332540783763193,651.073087173547947,35.236631943496569,-526.720545290004907,340.932215918013412,444.582973947817550,352.476855162325705,-321.848040366782755,-542.586766654604730,153.059152963061138,-250.175022762383605,238.090406430510853,-127.925344163428463,-242.546535077133825,-105.389107415120264,-371.288741347334849,465.188086945476698,769.141176754215167,-77.168244706793388,357.071479720487503,-994.791841203015792,1.622735484130819,748.832535706038129,176.668603038301484,-32.475993072003583,-353.926808459539018,169.836536989951128,-5.760838050038634,-139.135374946557022,-234.158519334672661,627.970061379269396,-10.881524952849219,218.345651749596925,499.877362009483363,317.205895499546045,-557.324265782927910,-545.949273753629541,-89.929165487721150,377.687307561191005,-528.367787680334914,158.733508501930601,221.584982705302281,326.497351194458929,-582.359014614435068,5.299780811384114,980.168857813189561,649.834600372693444,62.986615248131301,-341.734928242854551,159.863056034605250,-9.994108502440765,-631.371963759304890,-370.664270691656895,-19.224240576668322,-433.223101255481424,-206.406367557058019,81.015293500163921,355.205979937055019,-395.216335807557869,859.536441586640649,238.546164873737013,438.156837146266525,-709.624870741568770,-384.650456247659918,-774.198393350037463,386.391782933429113,-86.321737954778357
-129.124929354449904,-14.988133459196337,420.860797220765619,-132.174785901020016,-896.455572119691510,-257.138749673692075,353.823438587766987,172.265428088357794,-344.872312110883740,-311.011570087059397,242.479435813518762,189.594035403254054,-801.670372308413562,-550.407750948849184,172.950418248795216,-430.753770217280987,789.031113286589289,456.013491881537561,878.129694611516925,473.512227373919359,367.695786006718720,304.603583628336594,-161.198096674012106,121.434668911236670,455.456035670496760,127.708345034584426,189.060122471704460,381.524093988409447,262.711775639615439,107.411413283773527,313.583380076289529,-912.860656122211594,-16.834310502435372,-356.800745985256867,874.659213697118503,294.649929369569975,352.004479702467961,-541.364422098033515,-640.582801333842212,74.852774673086671,-497.927087217601354,63.201845618177771,-26.073928851801845,-154.834285339255842,139.729337087681017,-234.255016543175145,122.067529149219808,93.188117218213023,-205.566608382777446,-426.300150931433905,-901.306967518052261,418.212867629781954,302.144640309260353,-185.870898907638434,-637.151567314578074,534.475456047452099,-11.805653748164950,-95.112912550166442,-517.656471825079279,-184.166784603774687,-108.171580425178803,-58.430499700256689,97.442907539004523,-755.117955516745724,24.632978834055383,486.680829472161463,-151.910630135867052,274.301430312035734,350.698427802256390,496.709290023180131,-99.910912298708524,-179.173104006911728,425.456539693635250,-98.920845518177103,316.549679276433608,-116.145954148924744,259.227196454280033,-196.267723656714224,-130.673684134746622,187.903258003480630,388.403735995022203,-390.287855883781560,38.277691144976551,241.297868737891264,795.878531173265969,-696.896642728163442,191.594210403263503,-269.566837019492766,610.662222803000304,-415.762997363527177,59.276602383626127,398.135334697423616,627.353571513987731,-396.991632040302079,-741.478164198375794,368.718829301003552,131.427596022668496,656.052097418856647,-480.644236453672477,-30.942027836566805,727.983756605707413,690.445799248939920,-1093.569686699779822,-387.671821038301118,-7.279231400486847,-149.966850922353274,114.174223041877482,-192.099520865886518,-281.810167385906652,-83.359117748065557,-59.171155969666231,-752.854506881267412,-987.815719214793717,257.033373564454735,-861.463753088538169,-0.445373410502904,-369.842439729155217,-269.929141157394156,-304.321592260594628,248.859442796976111,212.611055979783316,-1072.521437599580395,31.077895002232452,16.396736629344204,219.276100841782664,960.805513647385965,325.941684902369900,209.626776513886824,11.094336147870854,-550.948713210623282,192.291765931833083,556.799746294708370,-609.728451310790206,-373.725221559696820,-140.516691592056105,327.399174651774501,-239.600722289504006,-385.893469808877171,642.894256832444398,-254.161953347231531,-236.236066942168065,-315.264841196501550,-94.765932966308810,-437.113041233900162,264.424650843334518,379.738094302707225,-326.979072715462905,296.583511899834548,270.418454039570975,40.732708567081851,216.950446430148446,431.296909353866170,-127.197168509980770,849.162471504030577,-692.967850146006867,-578.912182893262411,387.601962596099384,-171.543947377390424,-777.655015470933563,171.568870367545600,-79.022560208294038,381.949546725007167,-333.883446447663516,-40.667109802716048,650.371981670647301,191.407066037007723,467.837406760398892,704.534726694877236,-301.258203529208856,7.953711726696355,-39.432420762179866,-519.182752231431323,-600.509606661783778,-668.479693479602474,79.800389311305992
923.324880834144437,242.317865128226572,-1009.966791120535163,-289.065848147820759,837.179524465984969,45.829865015426442,352.095135118625592,290.625070552968964,-510.502112594296250,-166.040017142442139,-343.285037574788646,-763.540415821229999,51.528417509962068,699.782121898516721,227.484885758405483,-425.224542071764688,219.033109767055777,274.289216645043211,-213.487149164890411,214.162208909067289,-155.690344419852238,-293.107173086857529,-86.710007875498036,-113.680542341038944,668.552518205922411,-137.149331810592457,17.198775395786924,539.280119810819997,298.184341376581699,-20.377721537332281,-451.680743147917838,-588.105854156917758,-332.636178472182223,41.498517101765152,342.109450320299743,396.518531559842984,-803.876898596289834,269.467039841670100,530.409815173258266,-46.020004971194354,33.517894665464347,-131.156133636205197,-435.099075683642468,-550.946849692215210,-59.197520205502734,253.919076337634351,-150.631462172027994,-509.376890973003697,134.175814599682838,149.569013875412509,659.245678392999025,129.583945641638621,805.247677584900089,153.813955338881357,110.569044559988356,-785.823297658660636,321.718188512083202,-362.558147211463790,56.721169639124085,-539.780420434020925,482.933308453143525,76.651510717213256,74.126253920828574,-37.092034834779568,108.482524562314879,-282.739327310497060,-351.258183249076069,118.202166645919817,-584.915938890461462,-163.919207554833662,527.816912848657807,-90.470663318883780,162.417231967365836,462.689249461962390,10.790585579620043,-221.086928606605795,-441.319135301302538,-733.316262862809822,-157.563062096975557,229.325510659748886,14.936311726069064,-408.313613747122588,351.253250956787326,172.611702857260923,-177.154684191151858,245.671973494174324,-568.150868600591593,-88.355756371687846,15.074491912624183,418.004697763956699,410.355325718209372,608.944129159247382,351.996406805283584,-89.645482228742793,-71.852746571238470,-647.576629519625044,141.751254850495854,1330.337636382292885,617.934217647353989,244.554497706972029,532.626060230432472,-277.551975708298244,-529.722827968866682,560.150798984459925,-847.588313967439603,-452.037020800664891,-538.779107633014178,-129.054799226026006,550.850312837673528,601.743682933103401,-571.598653904881076,-419.805295955595284,-626.383258868299549,-185.597916854672036,-535.317466609789335,42.127867332016507,568.814273449362872,581.021138687692655,88.482221016226532,359.282190308795293,353.881506483084024,469.421732472019698,-347.457483993289884,-51.270801678169178,307.190379022338618,533.649609696508378,-692.915496543365521,-684.224676595596975,-488.189276484505569,-0.045556614435613,345.750506956753156,101.599099605671015,845.687428405428705,-356.093080391290528,-540.643605985282534,652.598178958410813,-165.838383291132288,-14.948834661813597,-474.261798967264554,-319.975890689078426,284.543761486276253,-68.885518740953330,-277.067651466316249,-339.565011660455752,-97.167203734434310,69.508203812848933,94.024709379942536,-832.784616624010482,-597.247634869632975,-23.966394537201012,-89.478204471613111,-429.414777325413581,-604.228734620401042,132.022938344656495,-98.475172037703629,32.672731576948429,-474.024080594819623,117.840789609185407,-450.934483985630607,-646.358188259257076,-227.643728412117355,79.642941464294125,-518.436330952313597,-250.256548266661582,-163.579582991735577,-376.926960906363377,377.102052544430876,-28.955197202426117,-469.665044038651672,-277.858898131797162,-582.008266865517726,543.912389822794808,-333.925024459034773,158.636693890083819,849.620665323752064
-372.980145498527463,-647.733936783412673,287.579295558079195,-168.417493039350262,-392.179379732546693,-106.179590631576360,669.401120056358650,-305.974255974618302,520.598067280354940,-420.848429747349599,555.897674595560034,-259.595481561080703,-620.252888877500141,-240.946075394401674,-138.992405555994480,-50.228205851428392,-139.456501589604215,-743.397740892243178,395.214893585183063,370.270208629587160,462.437676114728561,-173.429598955670826,-236.518342454231060,-112.713202726803701,304.080818234041089,114.367392179343312,232.868984874374462,-418.614709098355434,694.292524289733251,-552.323710441611183,-563.402448980775262,-328.717304304175286,17.765200652882434,-61.904589259124307,193.772202241778388,-849.905502016417358,-333.153480734523782,-84.987601251358853,-311.384458284324921,-888.948620783202387,-349.793094862938801,-523.638547733657560,-224.813007687125491,-38.111087416709623,42.291911241887803,-748.695016760299268,95.267381206957808,-99.852960662422603,330.194412667056667,-535.688163359187797,-221.260998817635510,-550.569543185666475,-731.409326816013163,-267.363564522644708,-1117.471610724506036,-215.080141889772705,360.258170082755839,136.806705073887798,719.984688827634045,-343.878068073872043,-282.809225515873891,-839.212320406840718,153.222803302293812,-1458.553410262078614,-428.891686296819444,398.473117779956226,105.204069352513500,128.199765516348151,511.590678798084809,328.927108416273711,258.853792070215093,-249.887490633312865,613.459042986964619,-165.610896048453981,158.592849719862500,-373.330456242370758,-25.033822553650026,88.193524622804489,-160.743926892402698,97.199549702085406,243.067576505541155,525.085548022927242,-281.354565132829805,562.712670523526072,90.716847659541955,-220.943805803920100,-766.859182519199408,-356.226687513485103,-129.153574016716419,-534.033454988591984,125.854103844605078,586.906169971252211,-140.729505934571193,764.044055369655325,-467.216437515776761,-112.033588104785153,18.061154820026040,276.502818542857199,-262.958612042325626,139.376203622917956,-372.809954469207469,245.860190716032321,852.905953590157992,-511.811782288532697,426.027224120683911,-67.386869541661142,-128.205741862748738,-482.042589688370526,238.462786313085360,273.118956382543104,793.151966947410983,884.508762446570472,-774.988669367139892,275.984360743622801,-124.729309931500680,0.650930859751451,-296.972396017175697,-558.682963165780961,413.145705132779256,858.542659401148626,930.286430043242262,-393.449093369886441,461.772912334791158,315.873451552255972,-207.396600228109349,-448.944818643349493,139.757797275044965,-574.507272158465298,1024.734457393640923,-302.799073631161377,-231.434726076870220,48.122371621296594,-1100.310729654923307,-391.053749816410118,305.375773301106676,-493.771834531056868,720.050537294861329,-26.240547104561919,144.732249596169538,-719.265123341793128,-123.365322920253050,-454.587148760395223,-74.585569857516987,328.021249278665209,-269.873347592560151,757.514638527646071,141.934158080165730,1152.297109909912251,240.076927486590250,-307.111387475937988,-567.430632654641499,492.875368126958620,32.412690142103514,19.902318183713916,-908.985669954206401,-27.707085814275420,1010.661130734359404,-777.982011116149351,390.971777048119179,-135.718325346870699,572.204276448295900,46.727420778980409,41.139586021029942,-332.756364119345164,751.756425574931541,-1013.676648119681090,-155.575878837364996,-478.655222682096110,-490.426601272343191,172.924923760455613,522.355562425983067,-242.071347842736429,-493.333804594564185,-491.471333985761419,492.006737261757905
-132.012422331096815,121.192847260424770,539.368957968371092,-135.925470495537553,444.313079078133342,15.810131059919941,338.375207108341385,687.143171234788156,279.021652920353915,-344.523393623687809,-255.212181788279452,-182.755918533132814,-593.913739505312492,-612.783857831055911,-56.325853740330949,91.819642316213162,194.958671364716935,-218.278284719068040,-279.082770271164691,-755.211176904923150,-301.439681616593248,-880.974402406475861,-197.051860594424426,490.870503205367868,53.130262288166534,-795.033515273947728,-195.816858112010493,111.525075636177064,-1221.180047693547976,206.420301099515996,273.470610300517876,404.640285034985595,111.159469449958195,291.239932570926385,-10.167295605935365,-848.078944866076654,-439.407276705191634,393.267003525396092,51.075602144042662,-294.663358563900601,-12.717396604691132,-90.595802262186709,32.527412158491849,390.768426012408725,958.930016072788248,-373.274883941743724,74.718160045888069,-111.108392136325818,-193.484499353414975,346.481051096798524,717.845849846979831,-118.877498218785618,-508.931189419909742,710.312540751058691,50.880151480876428,843.134879269741077,68.156831962612515,105.125048173874362,-123.221743193791141,308.917056556829039,332.449287125197884,705.044552575485568,234.081681092043141,350.956191682591566,92.942226283703221,-504.803199450854549,-332.203771816503888,-288.433259181289145,112.147232118123867,-299.329954255049699,-77.751445262842608,226.797332752434016,-284.444765471459334,511.230087903018500,150.758468308418628,-493.334098783388697,49.088233102793232,-55.274146461603223,5.199741208866314,89.209856953651837,735.105015272630112,117.906557311682178,-599.473921122273623,256.542047566849931,-70.625206547299953,1272.885545492676101,-209.116570318717891,378.256815997290857,-590.731672103365668,320.254092427735543,-79.131137755530915,219.448545615106582,-659.251433870447954,510.351567321688606,445.917143325765039,-144.182263585874011,172.509378708716895,58.182247521587712,621.324309136472607,101.395623674933475,391.837640277742594,314.984995375843596,774.614032720056912,543.365731445640790,796.599259139457217,276.380362664359154,-657.887570248990983,-698.168171458560892,925.496183199257871,-523.094062086668828,-279.412528479373407,270.302327428425656,69.135650280103107,-21.474087167026902,-72.216586246439761,-195.501191492032291,-177.676562093579548,264.181770203520159,221.213913395037537,481.234407656643612,258.520183640452274,-574.788155290585223,-367.922928884243163,-236.472674232560138,139.878519523659719,-518.628309674862749,407.663373413264026,3.151095055167026,-485.838714126019738,-24.838457563408980,142.023467644460681,-815.482361102261279,-462.007263254013822,-280.282845684003405,285.784806207526628,362.242714859544833,-138.751266557398367,-32.073689682890851,-213.140958960423148,307.698950194947884,-261.264691384115054,74.184558087460999,74.766222179009148,-123.554350508891545,183.969621149662487,-702.839633490945971,-476.872599857800310,53.702408383014401,50.258372517613921,186.011010601767168,-522.779102686470537,-467.983090919065432,1010.114445555552493,-135.198663359017843,109.188071963926518,-192.360101863742898,-331.996277456112580,163.679557910611891,-780.719803079260373,-1156.910890959059770,-102.183627995486972,426.110475689721852,283.438110816589528,-270.144005696570446,-351.543644339508546,637.619032639106649,358.525508571216562,450.206063632116752,-102.899984900699138,448.379203754982825,22.833518913807225,655.754653434964212,441.482276758965554,-444.988641583013248,500.225524639516209
207.611627402279765,-167.160813625999367,247.603303092724900,-207.486834437966706,-20.058272251848628,136.100752036465792,-876.687630452568328,0.001736970370054,-122.855788490917647,495.585022460779953,271.352188023378687,15.013543668109795,544.781667681423869,186.683099816079476,-352.048456370207703,-817.660324799152704,936.697267434733817,625.589857544599795,356.408689827272269,392.899607573633148,-341.328754152122769,-897.845430280326241,-73.883024641030033,-504.571686682088739,310.240097230474703,-226.422999562360019,355.117898832680055,-91.571900319480790,316.547782128166318,464.710718101165128,-722.436088079912793,569.259392988898071,24.447117121856405,30.825520657635295,-168.077250407715667,8.312577142451335,151.940458094876078,-434.875642193531633,315.273621764390214,-45.655158697111005,-247.611227897181152,-262.336514051048653,-426.863899129995616,644.411792642874047,-559.921748261313724,564.256038441289206,455.997727583919470,15.304600988839908,268.223939758037488,85.453211218669168,-693.119476862254032,570.808265083748211,-153.805606591915677,344.790793856674782,551.810867698282891,-990.175857134020248,155.167787877064342,-466.648972419481311,-1133.229655994527320,-141.804665360319234,-207.750665758902926,-194.694573494179821,-679.999174247393057,592.981577146249606,-488.217139812739333,-561.877806663668707,361.641866154770355,-670.936273938022850,-94.360316138760055,353.814192669890247,-763.916746824743200,343.680735152497164,480.176788714669669,75.887310959712110,-11.284921753640909,620.539611560660433,-493.601858328023070,-458.753708424769059,632.027099207666993,-251.518032994638446,23.861765958664293,-66.344240236783449,-404.301980560830657,50.749926086820636,-319.538657300411785,215.176853928836408,500.835434717933310,207.893562293293570,-630.523937449005189,207.198628292840425,-312.109167205111703,918.500206816479135,397.251698066608810,-763.262826767360480,581.273609537871948,726.288640752313199,-1938.492863364523146,33.859710420714713,477.659540109346494,-376.510179253976105,-872.948136547049444,436.469113246650977,335.612849928465664,-494.572986444940398,-70.498203732632092,-255.071857849858134,-20.374362499885677,291.738810247994536,-267.568116345211877,284.028213791272549,366.853566487179933,275.782053733514715,-110.591606201104923,185.199343093753583,76.436263722918341,-212.052433191395039,307.085282939616604,52.463092819321368,-130.412348536195736,516.684645011171597,233.629128616210323,427.046492006048936,48.854579832536210,675.783779768839736,-337.710004579741621,-351.643168528783804,-306.134821875877492,-97.975878879654147,304.905608801648896,476.973789909960033,379.003244822378065,35.173987535715838,385.789017715858847,252.913209695095730,-273.459575780928787,315.703786860153286,-834.790069071780863,-372.566365211463335,-282.869077455219781,439.084569667541075,597.049610504951829,618.446510297396685,-274.348870370043187,188.105730586225860,248.268284967054626,-18.582112729386544,201.960461102711037,-180.106031403459326,-109.267999010114778,-347.298471661919848,42.907944483379026,910.453512957923749,-473.501188352220709,-186.185123795937756,-178.747005027920864,-131.370960137002726,310.690607118406831,298.776061098959929,169.201889436724741,-32.157390698124040,-103.591620285385176,75.068787233150644,26.039482682174615,-382.616564014591290,-229.725365398358036,287.402761399571602,958.062826630045151,-675.395196094781568,791.202127233460942,-1321.013433579802950,21.688533948889983,529.788952928580557,961.313270597532210,-105.774053891595031,-298.242757269692333
-194.388937794275336,324.913893923262435,252.376842537247711,-445.289077522655816,-258.840590099030692,219.571199096598775,760.314847825148718,103.257375429225476,633.558158886745787,160.584811212130120,-62.917790019912815,-636.688645414939174,745.710882701575997,-386.361345323502746,340.289131823380444,-333.115390763221058,377.083487150308599,173.133464870121060,-21.667328081328243,-25.096912783698620,-38.066565174583388,-830.818442748752204,282.992525359710783,-681.439722986082529,-542.566113167976482,512.416756713648624,395.088131577970444,463.195040136976957,695.923097333233727,226.690590810475214,-244.963690901791495,252.060971256007690,1084.029222071921822,907.757982939489239,732.261540013323838,1092.906469968241709,351.097059394191149,59.776603460621835,-674.249593765195868,15.500723854232898,742.349013017590664,406.327639529708108,81.971178097669679,-322.742339911713032,332.581132840517739,-661.456947681187444,-932.714653756585449,-340.107357215757929,-234.341266123964317,-141.385990898553445,-89.469337645708862,-463.682862403853619,-187.486207868972002,-552.452481660309445,-175.169590830155244,-56.715109231514482,630.473269137979855,70.328104437804384,147.341455203743379,208.325217603666033,-22.362251928004721,-173.467985654477985,-245.907063685404495,-178.380021158242869,-880.840706173015860,55.388909644492969,431.999485925797956,-227.541772607493357,-262.750312701454902,632.550590121918844,-35.358787357282374,45.557735613283867,-148.457915474828354,611.034193764422525,-422.468868554513620,-166.611558736174345,256.370679928689128,-280.087396055747433,-84.077128705233989,637.390679451386177,-561.968079265319489,893.599161337963778,-337.608862400411681,259.758657395965315,-287.923161970275032,299.591151858135220,510.119815253230058,559.903013037469350,-112.761490729132049,-510.079272588479739,-462.006099268129219,186.855012921156657,-119.591673957796459,63.790987078825104,-55.014286121914154,169.062346559476993,-1395.668513161397414,-495.402736933328868,-57.375811510153696,-284.807320241289744,-858.187219679925533,270.008252032136113,733.698965550678395,1358.190801237393316,-255.238119048401671,-206.691049925118904,247.287395957397962,365.815106116103948,-962.786412410039929,-1019.556260188647116,505.996477814249147,498.129403842014426,235.157793988218287,-634.603947432216842,-646.257186607260905,-76.738490592691619,-75.008969682920991,449.974562902152741,-886.928782433607353,393.029595672616836,-477.213936412646206,-169.298238284356557,-671.711469326957513,449.029928758969618,98.308998718412312,-395.655934600612511,-664.761395378220868,-431.917898519862774,-357.562894888982669,-69.078004469865590,85.189141053083077,74.381063471760029,-461.766670125737846,944.860367811660694,392.557386324269146,-32.212234717323369,160.284574561725435,-403.574712867876144,403.777835072830044,3.039873303287507,-444.060599663571111,114.686608979987511,256.945884119190168,-842.803186342404274,166.230344780555612,880.957880797462849,133.835458466253073,-321.593723496961161,-520.307334112010381,-637.607360319025588,206.105106611406200,-439.446913167958144,-506.468815569706578,64.195563977204742,45.175196132931617,-581.148767275110572,172.920422948452369,256.383236813418648,331.294499968228479,116.268556332360049,-342.780371536824362,-436.715117091683680,-820.757673825821939,145.784715757852751,-676.060341237680404,95.052740772561506,-155.390150498281997,-229.926684780893197,-861.450694894311027,-351.852558158653096,185.987872820408739,-160.269292340174900,-26.595703842304101,-329.564242234362041,-110.000037700403226
94.212443975961307,551.499940683201885,-192.871701548834693,649.629091950983707,167.548893270682129,-83.118711205598558,1080.041842863389775,302.234507336300965,382.261404959932008,-189.027109023346128,38.728952482964672,-508.080599700018240,-294.214830234140777,10.661502234599807,-909.960111700473476,814.404267682103182,-139.794298000456166,-783.685541212540784,234.979664336092412,-320.035251593030182,92.334215720853734,337.902791404826587,-80.671801495389062,45.319733941601072,151.021531605945057,227.847985632837208,188.617866576662465,-485.981609223188741,542.594521265830736,-1358.006114650976542,278.176170106441134,147.477758936704646,229.361150834883205,30.901226766354394,-414.786729730915965,-359.611895493443569,213.010331659526116,502.801688687572209,28.089399848520554,90.996003622966072,-107.248012398774975,-91.538262488484364,92.078634327483144,-1007.731864794164267,3.839100416747101,719.218198617602070,-388.734912854825268,28.591521094421044,-235.740262268129101,207.706797962128576,-385.603645113399693,214.850664378485561,-360.023213190206036,-436.206232036443055,57.542052539463377,10.106784579883890,469.594689023856802,279.870835836218987,168.379112187919532,-714.363146723549107,-211.345757477553747,51.210999443079210,35.576979461930812,48.893187402668232,515.740840797932833,-9.559226186112941,74.486787020740962,-183.320059520562467,-368.824896155942895,-582.564604945162159,279.001019929456788,24.125143228154240,287.431810482821163,-539.727501899639265,1031.301682848261862,131.681498424883529,-339.013916706433065,186.707508308224789,-120.727107458745351,-907.980782931223985,58.732148427675369,-10.461007811207509,366.810305113358254,-446.470282790634883,-521.926530015022763,45.994105809683376,-691.674124430154279,500.199001183249777,-531.045122250237455,-470.291485022123595,-582.966997245312200,-274.386296278429199,327.898466213706115,-71.710643813106159,574.641700639980400,-129.474290952918011,89.154006653648338,-143.914929442638254,47.243121636458099,-149.162850629848890,143.203433135881511,-603.571161906586440,1002.939905157056842,257.850263989025279,608.011574235298781,228.898777747821043,177.285949185817486,160.397410175543627,-784.790373541315489,426.444295064959761,18.375788107649601,-164.101871444705694,218.861951002604968,562.567772782029579,380.218679693851470,551.145860130587494,233.515732615125671,698.611670718923278,-46.325579603943119,650.737904499904630,769.172886129152630,709.627027483736128,-18.712551599466899,-729.376067629330123,234.825133536453222,52.892999133660197,104.168939867515050,17.396708676159655,-23.631729066180156,-202.199330365330809,-26.469757506467410,512.872748971765191,-95.923385053612975,419.736971978505665,656.437532420209891,171.431359954397294,-136.892605254355573,-180.739968543125428,348.281346696751996,-86.778898765905979,762.157185929073080,126.520201797520201,166.357611849797451,359.365005332139674,-74.725268746837656,-340.905725483986430,1053.656014267088949,-459.459821021457003,596.518655515877299,202.283394707366881,-118.635767979545221,498.828249464808152,-373.041975299770513,-173.438174678685471,669.033308799107999,621.885298431737397,53.111535174786944,127.482448932939661,-298.023912315214091,469.974790376628732,-721.946679284664924,687.486601898236017,445.955227631740399,-95.683137353018253,26.778380720890929,-15.132487900837321,1046.210030363280794,-150.228646177487263,-248.000138171279985,629.517562687010241,-229.695883846003113,290.076711162242361,34.721592091593571,297.024177076389776,198.168382607784110
-302.045683684076778,-489.407814235649710,6.869105743400760,124.038794307585221,693.102430221395934,-604.444757330493189,621.576359311025726,609.019225505976010,290.946051138269809,148.562135380729870,1494.106041722571717,493.721591768619305,59.055586965997975,-225.736188816133733,-391.368551535590086,-958.576392734551973,-436.813104557773443,286.408558064884403,-593.598103015109928,-703.994954409735897,-191.274905149780352,-507.001981221044161,-82.927784222540879,-220.375995128884199,338.581240452702843,280.604218334913526,-923.794074686973431,23.553070403507007,-471.972133568369600,-129.396114837717619,-446.441827281943119,-65.348472937299192,-142.377080444953975,83.676619765944110,684.920636522646419,27.727630380889330,583.119118072004539,-164.017159831529597,-737.057745470460077,14.084534373306044,-348.817418967368837,-130.735290931603686,-816.819072652456271,-372.457768100886824,-158.892358374811408,-553.933321145033119,527.891088988730871,-227.162708485652814,-134.782768238692341,-55.708355108175368,1147.839488459344921,-277.471148014510618,-708.124616103269318,-386.108180485319849,-252.190268455426008,22.889765220948437,-194.101516483599823,656.454038661679533,328.467297840227161,-407.089954742834607,92.906124783763815,-260.229529382813780,491.964800114683726,360.861022660090612,-385.676207605430591,121.816461716936530,-458.958272275248191,-470.933108565508235,-69.975370144495088,286.724390389993687,494.885494500509651,130.431205352982374,-319.682905418841074,200.984372670514858,-727.339149592353465,-547.584596073900002,291.345269587443056,173.679142490254037,-489.064602927223063,481.503103953031882,-45.774758545023353,-90.831822942016402,-307.452724278389383,7.894153657965141,-36.922362252404469,445.029060211391368,-78.777296511226467,106.401900007770493,18.111473896161357,66.360863738180626,-358.992281286003049,-432.275302300545718,-191.634373534277103,-286.706863244474732,561.720230468648651,260.021305392513966,454.555122493865724,-65.814909268984806,-708.642912026296017,336.182204589578078,724.691809376861329,571.547664929104371,191.879498810122129,253.456973272336882,813.252821113880941,203.034102122683748,-556.863814321211066,-327.860886923314922,-44.429228831987643,-241.342329485707182,830.812659609086609,281.783248176793506,-271.635870776964396,300.744767240807789,-378.222499142434629,126.408393335521353,-630.605786217268928,344.014493238448495,449.980882220301339,115.725921316462973,1114.451802062391835,578.693033407501957,-517.152479816547384,300.130681215840980,-817.461368973087701,-5.390533876050434,150.255549380621801,173.056409443430340,432.540391727776239,-48.867953476994728,276.632410048229019,241.837213120100728,-567.318605307984512,-333.625743652737413,27.683069835439763,-225.242277696407427,523.930605053035379,-437.788516079045337,-35.060443798141009,-197.937307494836944,476.686552100219217,-118.687956331816707,-256.301253026644531,-0.717863064839818,853.046262129626143,113.119041023073592,112.952886059781633,1640.078323133222057,721.721986771470483,438.551196432786753,368.688527201350780,-163.662560362997965,545.800187431293693,-165.685190475596357,136.885680324391842,-117.047586468651474,690.123558978552069,-395.089197163323036,-279.677451082178322,-171.487921121452871,130.978854830244245,141.539004495617945,739.514252062658443,-212.663347349233817,83.681536785893499,441.861489119765565,-201.335525794017769,-96.697833121296185,-118.357302646937441,65.073380766323865,-183.955165936688559,60.865531355169097,83.099909598486192,-93.041231822485940,165.270636970397277
549.300124468165222,611.234261450747567,241.672328061049114,226.002274650396060,706.902855904988201,321.481433467417901,580.136937142015086,-468.434107815657626,-664.193773515996440,277.102334742633502,589.025615704913548,108.169548326520058,-7.917692086746037,43.345470432706676,299.916219405724462,-388.467903966557742,187.152663023886163,-526.201374703077363,241.385256683392981,365.042816077545524,728.452179675160778,-128.379734171433682,655.160404156537425,33.619840444170961,-265.076304806846679,-169.526911653023745,-680.156878113541893,-87.276152035533215,-1089.276726418752105,-469.420830656023668,5.477620859492067,-27.627598806448741,-3.432780544483182,-232.961252386730223,292.784837716526965,242.504331908576290,574.379393510043201,-839.779781758400873,-371.398357852188440,446.415285845109338,-301.537655237246383,128.671140670344329,1009.153458625589565,666.906337461562202,-842.998693338933663,130.447374987323968,-13.984472008162131,191.773266801480986,-248.905690852291627,-523.769701753537788,7.948143417854352,95.334179868731937,-846.161222284304245,-371.231422124557639,-288.622512485468803,-527.111298152218865,-417.065179578704033,-19.385634316366673,247.338962004106946,375.220119689576393,-428.898594540809768,-254.780595966103562,-244.329246434913046,-262.227373814655266,-139.179897248409986,-413.768317140809586,757.602477562996114,-196.613867963808872,116.313943541722395,79.542525193338506,606.155640463773352,-189.443840573143177,-348.129473921597935,9.508438866436901,230.040371400492177,525.262739058145598,41.364551816019549,-53.263596157555469,-561.927702045112937,-321.587510172859027,-244.036290633348045,-466.140308569094543,391.995523455516945,94.088259986654151,-786.535105176498291,227.439785679125208,1102.767206419571949,186.153963228792463,279.568014216839970,347.375445883414159,38.976650191646073,-10.172982302571365,-95.839316761527016,503.336116257202207,-631.987336589212646,776.871953273793793,-1492.521794051759116,-189.463176130788980,-457.481844774886099,-86.267883679674668,431.557560168557984,-46.311655315819046,422.363578363563533,185.434155077771976,832.375990663476728,593.768802890198799,19.546227479095798,449.083600031644835,-217.895552616276063,15.076969245290968,-299.254292042876557,441.300935558225092,-706.510967602676942,624.917348768491820,-752.128494494346683,-82.645035214472983,-517.569265968456079,-39.637994893527477,-277.588881539417400,-173.234259272669419,-336.812502164419470,36.313641343672089,-515.190204594402530,-239.163316719600203,217.740946813047088,-56.499896134282345,507.338551165724937,760.147561571073652,702.192085135264733,-153.135324995838971,-251.094443161088066,384.148517955839850,-234.934341986609326,-337.949414572463866,174.209037298902444,43.087948057739638,120.366971536929526,461.679768726337556,613.308419353577960,-175.923117035331018,-37.573675313577276,243.271084357339817,903.028336335841232,-433.453307345104122,-545.399011145996838,76.129912038337778,-723.586597773980770,278.167607729846623,-84.395961080385632,-12.864853274769779,-455.559728558494726,530.755237470508860,-157.310971363171689,-66.347782170541237,39.883664701418702,255.334361260175911,-308.351708476700310,464.368670630987538,-436.067621940733602,-147.913873451847081,134.490898314122518,582.843805171910731,-459.999312756325253,-192.401169373140760,-377.774644937041217,260.945088505314800,-397.063369957751092,-177.186365950964671,52.210400750755198,-106.297383446526865,-543.841466088591574,-248.235602672856686,161.056450608456458,-278.164934054218179,430.145752070191918
-339.902534594881104,-19.275918584235146,282.836349237342517,-233.934481676690893,-85.055867767642468,-231.580419279101307,-366.278873975034230,615.420068733149833,236.920665622624114,144.128356260260261,44.452405964116139,514.485457134744820,227.017257082514675,245.512416745119936,558.152730814576330,95.053718959723298,-27.619048261424709,-847.915196509165753,-774.567972474580415,-386.080333237754303,321.658568633167704,-221.947709728098062,-611.560466336022841,-429.122003084942151,383.006803716546870,-51.091953681544240,411.410255099539199,239.228762712337357,781.375466442582933,-729.502307373211579,649.548956064408799,916.531278718040994,571.987585134918845,-380.394524408063205,-187.260772164750875,-526.571263906565605,-84.838060923162274,-44.502468587471718,-48.775767199102823,-366.591462050332041,7.158265474563670,281.536645533435149,-758.404989758501756,192.576992128807603,382.104588465812355,-589.913610999332946,79.342457058996175,193.299579826887481,-524.403363865845677,138.788032981857839,-32.138743588861637,104.997762204137416,-142.944994657873707,-977.444317170601039,-247.993998328749115,-343.949797285653574,-12.721778698339417,-146.726006414770382,105.120158292385000,83.770169714573314,714.290476947468960,-1521.617605878612949,-994.486935766552165,-84.477068690456477,-480.682984491481136,458.160776461971636,-69.402301738493989,362.592704556413310,-364.220201262250498,52.567092718864927,6.481311824980653,281.840885920402513,-39.749745886806700,-724.198223220587920,-401.876359962207857,-21.444949574630179,206.797157085692078,-635.321154418313313,303.787135736210928,44.584108525224913,-85.730799713188262,667.210996902590409,310.110483068921496,-525.156262800415107,-426.820733636847422,129.251135132822782,368.648258863186072,104.358157656832489,7.233976884523290,-79.781862185389954,-618.630581217338772,274.365137846783682,-136.956728136447822,-103.348306400767953,361.994277489680940,558.150194139044515,-357.634530232752866,100.199372396967604,203.077961467162169,-544.753580853161566,253.073229926811251,-17.248089941538861,9.855580586679123,760.183566551958847,951.111626583417205,-499.017413759197495,-65.257038159746614,110.939317720960801,149.725615331450058,190.393886185046341,293.192713444145966,-1259.782299352080599,-897.646650824193898,-245.652136167851666,-695.375699550372588,-236.390213788611021,160.830870999328710,-0.233740550243768,-653.644356837887585,81.580768979113515,-741.178597349834149,272.877901422806872,-36.875006793090684,-37.277936510819025,172.735936418876065,-311.987330467485947,755.274926411454885,7.608211302058473,-21.120447530648246,110.848705566186737,619.306444102758178,-277.087783701831540,199.786378100619515,239.698683342475277,646.523945942187652,318.682865325139005,-786.318680023427191,-208.906356443108081,201.359533768009129,1147.549997329738744,734.741573522452768,109.124531942792643,-174.930881669669816,-97.194267884274083,-227.652021281757641,670.365083378298777,-72.824450065278000,-142.911849193898519,198.471805697902766,-438.017741492684593,-397.874683099099229,-207.739263546402725,531.551060922653278,369.240496278597504,-133.970006151689176,540.352446850056140,238.841441025601625,51.711408942665095,402.527723567535759,222.687913419323053,-168.375305498782382,-651.282170115400731,279.251631605879822,598.731169956547888,-60.648413548506078,354.209363482839024,313.033155330684679,-642.875243258630917,415.330020866984853,-638.601003868099156,378.768640488959193,-580.176498302965456,441.337615501825098,259.845194520924053,420.384750151455648
-322.966771155168942,113.603567539096844,-331.622026248577981,-331.033174807216312,-755.358554440161015,178.319769932807816,-317.107477376446241,-303.224661002570372,540.918236117967695,65.732813279660675,-344.505603822363639,168.683563972083022,-95.503778901218766,-783.946503140716004,-1325.215330736732312,176.010743176147685,198.136103207588405,-915.727912976679249,-281.241659642141542,236.674090600581053,-296.854943697994315,-365.097452600586564,-711.641508750381490,524.131651790564092,-467.332893465518225,279.975798056030669,-1042.276898913449259,-396.801746729687579,180.372622128545174,-368.885700485728250,-162.585069564991755,96.843761373724902,323.906103208237766,211.512380370769478,-291.584079199314147,11.195783574091932,-506.112424131579417,303.898180058335186,224.201937033579924,208.646419357206383,-504.949995395933513,142.610144255911280,167.966846441673823,98.343387845499066,-17.456432274563308,173.657123438318678,-720.949387045438584,-65.388684662852157,-524.844160743654811,149.559786848916673,656.177637233505379,-236.613886894028070,725.728153459887153,307.386917418457529,473.952107605003391,19.619446862601649,28.859595529826898,-623.739875157085521,439.765104798811706,51.115559563363703,-175.664275400621364,132.867600552735581,-422.630500898739740,50.559414432118011,498.207413808068281,1.322130923795804,-358.722775305418907,315.400904505332505,220.590705219539558,349.507562095987566,-84.728697025958766,96.304789738839062,1282.215230479284855,-204.116543868281184,48.411340342218601,-480.487733959621210,-430.070149245618552,462.765480242282877,-82.419285453029602,170.868220527657286,874.846654000182639,320.203022068511530,349.982222621800929,594.776682139982540,-591.072631597244253,-1340.734532303412379,-632.699534911830597,263.221130528778531,176.376491238820449,-437.191919011657319,203.540279474215367,-812.938245189601503,-48.151696570022601,-176.717393857813647,-1.013223730007690,-193.434193474427133,-137.606296668690817,607.536869362935363,314.232128386653017,-549.082091708820485,-308.382302161772714,-577.632918428496168,48.934508863476289,-838.643154776171741,-175.320067870087769,-327.551058862343723,548.877234426009750,-562.627559176017712,113.912278526501794,902.429919499427115,14.922685391415165,117.272653631191460,256.678954433184799,533.535343124497786,-711.476716852450522,119.976626118110801,525.287732894941769,95.945732022763465,-122.081093094860094,-548.021168497586359,555.157367851674280,-100.660952655281307,-164.686323886466056,-604.523475199070162,-311.771863851050227,-17.929998029040448,374.931280983447834,-649.932586365428847,-297.225545960682325,-106.187637398926270,75.757641052922651,-885.920999761031567,172.128392008281878,530.545352750502502,526.100651011190735,476.469435811311712,196.206263645995762,34.998463037689312,-591.138644787908220,-432.361592394141439,356.886242063002669,647.296074970271775,-37.102935843551791,295.358249137550558,55.284039250130370,-19.517924281677086,366.394408141906467,871.812800711065506,209.728737830998540,-278.672040467377485,276.831696547020101,-560.769004703337828,-166.768309729789166,111.748434352589470,635.619151056425835,594.447390897487708,-388.086450206401878,4.074472712201523,673.736772795133447,-1374.634652872186962,-0.421139877037637,-180.519620991644075,155.759774482836320,56.890764805522906,102.836303102752382,-609.383899836940145,-113.626920456477038,-634.084069201681814,291.830371366377221,-59.518085077332337,839.748318988022220,778.426018225771372,-360.421326760266254,374.449122212980285,438.952655488281664
-588.980000504456484,-534.352457925799399,-431.504993207856103,-271.398002257301016,153.048378441123219,-369.989114665626801,-237.921055792904809,-13.290538283686425,-399.792320837572333,-336.055388942819263,-914.190402631660163,335.251452708931936,342.187255256005699,322.764434486775940,75.709436510526331,85.794681254726441,-163.038538438882682,-282.886262300444685,0.920085522980264,427.181837860703752,115.426711537953409,200.681290531648330,1185.285622497040777,118.777162844228911,292.843927786169161,90.512353806213099,756.585939448851946,-225.124064889482156,155.378655602386289,-373.357723245228215,891.346485844145263,170.953411336061862,504.446093797415017,-10.710622106433455,1026.500021477656674,-523.576520936325096,-942.005213074978997,494.806953372889154,857.603785034349585,-113.267961309704248,299.574622093983123,-617.149808933691020,586.553062571390797,-62.524618430989946,-150.335052072819536,-38.459094500605367,-200.599338611284992,117.312107139375286,-9.733721320183676,771.197987604571040,159.657656491630576,-200.460514525467005,-401.122592580033484,553.347169641470941,-1003.349872083679543,-4.561603178241427,81.718730979833211,517.534348694767914,387.562831418751159,555.808389985209146,731.712117340335908,-645.438171094606219,-205.992571466788775,-374.789958112471083,381.494539707948491,-92.965590140341405,205.079028301324968,468.080505380801640,476.096790896478353,83.143102732803357,-481.889955441292614,-423.559169228915493,-663.565009074183990,-24.513784640988767,-24.077255289241510,-705.273318719109398,-736.043248158033634,51.971889923425998,-126.009249368157271,-45.125854569981151,-33.793080757607839,-323.410282765332738,234.415462436096760,-204.374112870502842,567.024128978384624,-273.692610567049144,-64.138731337419671,-350.250579528534558,-432.088001674742827,8.019312586598897,784.169553683794675,-267.341324459353473,-719.655323066870210,371.565935835545588,134.127706006815345,-194.212901193089067,1120.723383848749336,13.747399855763099,309.329928076662782,49.483639732102844,461.609187880825914,-459.519381976194552,-320.328713250402416,93.648707936483262,196.924776627863167,408.305770467036723,-973.128640862800921,477.972855110116882,0.712614399631455,-382.979501529417234,-205.945213126153192,-392.498243870759779,638.523231840331164,86.621907431744830,-18.600531537020746,512.026414350148343,-90.051632467774297,838.064113364425680,469.274424309866220,985.376149317284330,136.752532169372273,-690.030228386510771,-572.490671577702074,-411.102018449890863,-94.335883655235946,-973.288234920569607,-543.294994136313903,326.578142697079954,216.164623735030943,370.057466458601652,244.685207226812452,-492.629730669509627,366.939960824388663,-41.362878281785456,503.801852574903307,379.276082393917648,-198.759601046979157,-290.207417863060357,192.476138582415672,-264.444707181687420,266.083485406428736,-228.374474302751452,571.426314998052248,361.759178423123615,702.499633684866126,960.666574393595170,124.496462053704221,611.587672876802003,-167.701232033604299,438.379031021023025,-219.403626035212596,-865.993336436863501,898.678809811474139,-196.530047433541483,-87.150679971583145,-290.682982986353409,483.107711727653111,-565.941081093957450,404.413213123173193,-319.574101521267494,-612.837477892625998,-1023.882078536789891,451.038677434892406,703.604411370586490,57.721325886378906,-972.268534686282578,-133.058246555103807,557.675261359630781,-509.737382871591080,372.757336110133053,285.161103554126555,323.447511079543347,173.048126962235074,375.920811756363946,-24.452942966477035
-83.820368594870160,-269.239599187447197,113.978319938506928,57.682485276528276,794.681155040686235,-529.192674613836061,483.312798052049743,-876.931542875996911,136.841576895685904,393.251213343601705,-9.506073777678196,-376.182156431216299,312.729741692077027,641.403848244871824,546.812380332953808,643.033934747343551,333.139771849442866,-177.368484459233201,-458.014503714944055,446.889161983181168,-19.503368412633286,-169.639747086663931,414.854083125162106,-511.546975628218149,-167.848862968271305,-268.742534346707941,-56.128944790457609,-172.649337962629687,463.159732677323518,515.044804617173440,-408.707621867713442,609.543540015416738,-16.362310296106301,-288.660950332062328,-272.058966735246941,329.249493992131704,-487.820016532626255,629.272437881070687,-409.195389363747040,-175.734726446037854,-89.098259449179182,318.998223209420928,-265.047480813096399,-206.318777015183400,-283.388324567006919,206.736540800272053,66.155498611413805,-216.781001302679670,-483.693783765227806,-293.070420971607632,997.832639350264571,-351.329676636986221,-154.500895869846318,642.191784222932142,-470.626913479535460,749.030566521573292,487.020224437058232,654.572682022032154,-194.952525638590799,368.742166196848473,-78.735323014336359,272.809007483499727,-293.043569314025035,-92.028468351849313,-149.773852473485448,77.944597513394797,-378.837608518374168,1066.428050260489044,46.337585444593671,317.426828889249236,953.502539311183682,-346.704420296101148,-137.520698704006406,812.925635877565014,-910.095709768568213,-793.599248889824821,22.400877902668910,-1137.886397455308270,-124.494375430752740,-86.566532979026050,-514.437284453845905,-24.173023227916460,-26.112484895291615,-138.584080246691030,108.079982718723514,844.810450913179125,71.159875277216244,-280.057939215739736,301.877266873915403,281.195729353968090,-147.199996962468305,234.758778100327248,283.534423679442682,-196.758319929234233,741.894864333175974,-83.207699744912773,79.493117395870968,-147.244368623454903,-40.939811850215726,572.524627057552721,484.645722814022236,495.479541751515171,-284.563992823812896,-553.763333435467985,429.311483915272106,257.340794460065183,689.149196430943789,536.720590271797505,-201.940525448468833,319.125673947302289,-181.330469980678942,1170.370220560127564,208.329013968416859,45.512480188005789,-313.431019646020275,306.778309981071800,-611.772764993173723,368.763020842708045,168.758492919928756,-1096.646460925892143,-106.074898529231632,500.340680215946691,-478.726765399437340,23.239254104851174,411.987798394167612,-911.304266794696787,412.146024829130852,422.564835859355867,414.690418807541505,-303.138373689534603,233.552526999198449,225.193731500363953,-58.200585152374543,666.303098435724564,-323.028851356607788,-471.213202678474829,-18.904048272305332,121.438974483715228,-314.879609512381990,-332.004369834834563,-667.853956981762963,345.103793529828522,-202.541763014856485,-867.791120297960447,89.419082408842698,524.367460528063475,-283.469576723230318,-423.189563496133417,310.460499502261200,-635.699775879813387,330.932546034220422,-237.258495014975409,353.133282067803464,-403.074882826563339,-176.074509270576527,-10.653750460500447,740.980478724897011,586.833044379299167,-230.543620922622722,87.199721786765977,-578.277642413716990,-49.506276782397713,-382.390774248386208,-744.322676613715089,-940.708328161086570,1324.742804890766593,-556.600864550588994,-69.696935466003708,-243.256199035693015,834.005543669546569,73.799935925113260,-154.306654710304002,-92.491053813202171,198.911002187662746,-250.731905450504314
877.214673743422964,579.568518781068519,-214.980171292808393,-370.428520345638105,-746.112582709607977,193.711802610901259,408.809144949326196,-340.614392908675200,437.853185815673783,-326.506842410239187,83.177383704224113,31.284506143921945,-616.659213227316286,747.001587919963185,-13.781562408388170,397.773301860141999,-421.150915139702420,-790.439373526371469,269.145995131140239,126.088614139326751,-439.236041403634431,-241.266755867404953,250.318997109058955,381.249461695721493,468.286488669645394,-135.654228989648288,-206.065801619063706,-71.322098286635310,474.052579036923930,-198.396053697448139,-106.874867692304434,-4.237682137362881,-430.232816419992105,-508.159225544562275,-497.757016444422845,115.448709223190107,-475.890966987181002,67.807948166020182,634.693305904143131,-350.558468907605402,-799.949107750083044,657.629041643074970,142.272746878493393,-686.288252395296468,607.523715030516200,-359.566461628316233,-1188.857928017320774,-621.879803202996868,-398.399988075644728,439.558246160114834,-344.181403789170076,24.095079461108622,-101.542794768312902,358.704612896043329,-640.930086449286819,372.577065627414697,728.484667116112178,-651.851562156431896,-117.778626770815421,-155.907423414686122,403.812984014674441,402.937901898089819,46.878600955868563,-556.997479232497199,1015.762028590894488,503.557282374904844,-381.061099512561952,614.937795811774890,-1129.864206846606976,-307.723091394584173,-73.555275762663243,-393.425290569958918,102.559498750159719,-747.282620203154238,-42.646017698243519,-349.367517384004998,239.247185511227826,260.351003351196255,387.349843965737023,-299.608215470236360,217.720857572433545,291.897828580532064,434.350269983758778,-684.359921107917671,-158.551450149381395,-376.582391084283131,-103.541600825489240,195.990169313912673,-73.582247319031026,222.060325082607903,291.721216618428855,-309.077538127484388,303.258707738536657,-354.045953955570326,384.893985419730143,451.821648577405142,439.807172737387702,777.054751771449446,-673.848926748393296,303.434608453703390,271.498326873283531,-85.132379338110709,250.410019359977383,-36.383635856472303,33.744580801078151,-101.423253407425435,605.364184114845330,66.488591898394787,19.387561609415236,-303.526751759933404,338.429081722180797,-416.158462207395075,-216.710975574646312,413.347682091292199,-536.525554216929663,-351.423553460459459,500.740220187788111,-230.138860684309293,-687.139907876168650,475.977697423166774,-224.980672957564195,-130.910558589465040,-485.176980215851074,560.822299040267580,-209.339114429294796,-64.744772206296361,481.230714025999191,-167.406616019024398,381.183397241138493,-113.727801923783403,375.553114499094136,-161.765897092650278,566.216649408360126,926.750023812539325,480.876557692273252,38.265180430795944,-46.048210416187281,353.041806268042308,321.833788063837574,624.343320681391788,495.673343286499630,45.784857660855792,-501.802274680339792,-116.496326901951420,431.038564475701264,-228.660607591895200,125.857734757515416,126.314803020049226,863.586099339490488,387.168232440059512,728.024833365655127,37.114737647199071,11.504282250175361,-532.791311678511761,73.248432033364594,80.758857921114355,-165.526953946449765,-383.064636295378079,-290.431915517239418,-532.427377048033122,-172.525771620528985,-552.249322099951542,602.800697799701766,975.173213098018209,-167.496541538943205,329.151690241536699,117.929938841519558,6.113102197099956,-356.499202481145062,685.547323199056677,143.438403311847054,324.745621738974478,68.439656470140804,832.932900225965454,-1119.115531065302321
386.268703039445654,-478.100070318556789,-298.631726068665500,-370.429028954453315,93.005745973593804,-439.598834642697284,-23.413021868424138,-632.721832014189317,180.487719545095359,161.459334311799608,783.926551307330328,318.929999384826033,178.718701287764389,13.876823320092452,228.339341880467742,-88.309958482066691,579.784099237890587,832.734798936785523,-191.064232255740421,221.043076740873659,1154.111409777726294,-565.667115121739471,-138.058192912780669,-766.975344916287781,486.483671397033334,204.029569193580073,145.603971155146752,-383.784624077220485,629.307534310189453,103.678280473039194,-268.890093564770041,418.796818336156605,-377.582337676023826,92.231065912563565,-647.133142044577767,369.865837022886296,408.551344847648181,377.795910761281220,-89.868978754810342,370.709718456850112,-255.847907247922251,48.285106963448214,96.810547058114935,39.730048754690330,231.327503551576569,-196.468992910097455,545.467054666956528,-201.886198828674168,371.886547497871959,-296.530488834361961,-405.930263309169106,-371.252960593905300,-314.064793886450786,61.703079925342180,-20.710678584329699,-651.316860889212990,-512.734379687839123,75.449841271290992,65.864543480180899,-292.634307499341560,103.657487019475766,-580.527951534029967,-194.084166701105858,799.296741821742671,-306.630871925813153,-108.239126476509711,443.432487120267638,162.836883400850212,-42.637851116326658,426.591216265961066,-60.230910829040184,726.609212246932657,701.590576171259272,415.474010676907312,-419.557930147808293,-135.082961546889095,-16.894767082425474,-239.578027723939613,-137.716820243557379,379.876216814135205,210.299666638358815,422.274186815739483,-76.628895970523345,-3.566779719583209,367.796707717184120,480.416013692415390,-440.860147536400632,208.369134674121398,6.606460415812977,-214.339337156907845,33.042680511968371,76.634414443406641,280.616158806661019,350.196019345318120,-826.094424812536545,12.337376837561553,-564.528338882619664,174.467468646256862,199.152528568830888,109.592740181658044,-746.077918356506757,-87.129007370867214,-381.686003859407151,497.789812884729201,216.266264000688381,-41.746982555985184,-324.025239459121281,448.636553463539542,-182.566520286905643,-308.747670293936096,166.755732518436787,5.944375652053367,-91.370018502615977,-203.687996900530976,532.168654940245574,-355.669884026264867,-13.624089092112925,189.995133599148573,-550.987321731716406,544.151220707059792,403.423492550734409,350.594845221665537,-256.678227380797750,194.814966115463989,-70.917153274291451,-78.525461378893326,293.594603149526847,-57.031109306827474,-136.411805461226322,-281.488418383831402,85.558846662229257,281.436838150777135,-188.513696605960490,-53.185868140129060,568.372714212393475,-897.045445559634913,574.783399612792891,366.880122222673094,-161.627448384960388,-270.285596020994205,-1226.821724038187995,-125.236053523371567,41.169039007186250,-681.835625505818484,580.934671684306636,-198.579019723562737,45.683088141014082,208.537665825800730,-657.402929564661235,-230.049386636761767,-111.534854893981517,-293.341293233292731,-156.019941045576815,43.163414608971685,-395.164499056673492,-332.280587579191717,366.665208721855208,-457.804589084072859,611.835420200247427,124.036436439669373,-326.425706524999271,673.765191331503843,-396.378567025212249,79.783124456539497,-78.696157470674166,73.648219714651376,485.086409319446716,-150.543953648263368,308.612624748721032,-176.786475788166086,132.044897130281754,-587.835837063941767,196.153406062758592,640.439244295095591,63.299637902107889
-249.413981017170357,-490.259973729738817,-499.497487650076778,461.100748797217022,-4.121897402074630,260.416694643141966,472.152097451154930,-399.259902745181648,-412.656159877922619,-654.530354782119161,-433.419037562541007,-747.427802597151754,2.837462297538359,-639.988947575143584,1115.807160216882039,-535.671102587132623,613.289564541526602,819.648293217501191,703.872766080817541,-256.527467458771241,-376.149769906841641,-106.488631184752677,187.069534687020422,-18.151367868185247,-24.439785164788496,-77.704381516774873,-43.874718415423892,282.915844634774430,22.732718495204992,459.087911508983552,187.630987332429555,-280.287071204579092,-173.673183336861229,209.008264759921872,100.063772251852939,252.099570122353299,813.681102591067315,-250.091546807754810,-717.903060249368536,-344.068118110170019,-529.359219809254569,977.977788681502602,219.259440725669265,103.006282436950528,377.778970164876512,-442.589406793962098,-347.156700180283792,211.696806198259225,134.036959678703624,-173.884440737977116,-848.282270589408768,-304.089118088397981,-444.529490743534893,-64.067039243807983,-47.766873323315167,-180.593725386875406,-344.754927684440190,672.472261284041110,-143.397161906619601,-244.919297471171262,-798.092467022895903,908.336880791894032,218.244940834257250,-585.010067498956232,-138.820468814471297,-288.336013796733198,-113.617444229537341,152.559592040014252,497.269999932563792,-138.245593872741068,608.511591504561693,50.689203757816180,-618.565737815810053,244.740663098622576,19.102658436754687,-43.880140190541319,763.483418146550207,129.181716275098012,-854.893064772324578,829.845059247351855,-738.860224051808927,-56.083529287855391,144.100636280528533,276.162615364769579,10.370156397680146,-476.417884101791287,-192.656725545600324,267.777277929718707,-242.650305163973854,-601.920419256424907,-105.306488628596099,-300.375883395850792,373.125400009152088,406.819134024323148,-110.886068472732674,-379.534259325082871,-126.470391519183863,183.062381750698080,199.697651023278837,-1.936682648465258,-317.799917243655102,-57.871103418698574,180.905783530467829,563.761760119923451,149.926558750263581,681.658081347864254,-1037.027961176385816,-258.961657238180408,-147.521692966881744,-41.670631084155808,-41.825801575504912,190.135354383187035,-696.800075169182151,594.402466696808460,180.094969797004637,-433.910333142608351,-437.391608390013289,-71.857955443089764,756.874910797498615,630.757664340192264,884.246624235114496,-311.876054636027447,277.046556439064943,1102.531794452551367,-195.291102904946911,317.965092462527423,1114.940871024801936,-260.028528813168464,406.722076898372279,-987.915661385042199,-122.274811191194573,-26.784535519698942,-122.377006946221030,-20.776926341047655,492.368763438888891,-360.131462586238683,559.587229602347861,-62.915497054194397,595.089581578367984,-383.825595594126639,-30.688775792455246,495.686821743889482,57.063433562028820,-410.712094327893737,306.861392582632448,-348.344738222209912,-83.654756824826990,383.321365849487734,-81.696730015053774,495.136189015031391,-489.218685824602176,586.514760009317797,139.880781261293947,291.328174202609318,59.593827377623889,-58.823011962704840,620.907213333614663,146.484140440276860,-800.121910684965314,-298.081414258277505,401.392891825794379,196.723958769354425,-174.952414432598545,301.364721551793423,725.032325011559578,555.267956192674205,-522.911244422104801,585.832165631837483,-467.588722362648753,405.136997580255581,-1075.690118670933771,-524.113828885278963,-671.436991596923690,121.274120105225848,-116.122646854904858
-37.655418963039921,354.920939964411502,-216.324606556110382,23.073719962696231,-411.251615833504786,46.582948154040793,377.640149143715860,-428.447558824529267,495.110192148775582,-798.991147068116902,413.745470839542747,-161.539674180607051,650.394976975400823,9.945066940102414,868.396416908516812,827.673625378928364,-22.164809805342379,-625.631099666951059,-51.837332879660991,108.286816736073149,-29.868079370375789,422.421866552048414,417.519084715167025,-295.486614851169804,492.999174115107678,204.305246766549374,44.095204342916432,-252.361407360165003,332.487379437772347,-202.961278274976166,-897.548143393393957,17.795253909341511,-717.295284411419061,314.253792145491616,-304.714438048562783,-241.785092393860594,-671.206094395625087,518.689631786114319,315.823412265349873,-825.933644897058912,-281.436732663297676,125.148226994027439,-396.143468124436254,-582.059190246455955,412.218903479049288,-249.573263083714636,441.812925884072342,-757.078616104112825,623.604131444193058,-264.302659690408063,455.192447665650604,-180.788580061149275,417.330163419669418,-161.585313728862957,259.891806164262675,20.519038749358732,-436.006020659784213,304.368346089191164,10.237106316334273,-276.066987821030523,-210.921024281671237,538.438654673189717,-530.387730490121271,1217.433276616128296,329.355855957026222,-65.096960765541453,-333.465832519047581,673.034405559259881,-348.118747072902011,37.830620302663746,-296.259010929284784,-501.144741854756433,9.651277611744788,39.919421168272812,-89.726911860506817,-1012.947359071481628,-265.123915718333933,574.667979900145951,121.612445066470627,86.158299088029082,-164.285161878162654,-353.568510896486941,-442.318121644454152,281.571339902096327,-177.819341532496253,281.116207067932521,-149.992160554817985,1009.041277297576926,-201.388910333660590,-171.733210546867610,-346.324330874619022,-312.126901594315029,-373.514268877845382,386.860266230791410,208.402457703504012,-276.379795573009801,525.389915377927082,127.066733378402290,210.379931468273753,-127.771149528511174,130.591086731151535,164.056678823966138,73.844616526533741,235.417515517587475,415.043407203921788,486.604016655704299,-129.611920861518115,-88.612725716410154,151.186040772527406,-384.423749087005376,447.248509736569304,928.632092782975519,568.085561669421622,170.774135577976807,-505.156049685758489,-484.421748266433156,256.070484279318293,308.492032135874979,483.668550867038789,144.032644889276980,128.045291477480191,109.977237587132322,-127.430360173732936,-120.973695066543812,-536.602584727393037,-784.241626412803157,202.542397456181050,-53.690438441254912,115.192532025943535,274.850377868990165,-45.819844605859359,490.049252212251361,477.444407121562961,344.144817477051163,612.794664444699947,264.739552052177203,-360.060357676936235,-149.865888446953335,633.168274911862454,-580.605503929423890,376.005358089584547,116.298881704635903,-385.754253334976170,270.438498534799010,739.116806023824665,-355.366734969946720,307.835672049885034,-716.804508716739406,-119.686452804637341,-489.899725836431912,-944.777871671017579,373.077240972370987,-129.767485535198603,613.087835182432286,704.818758790391030,-26.591886730958862,-116.239583035609854,-989.201782702410469,-402.756742893338298,77.598746592516633,310.953355467591052,-295.778841722121570,-432.149045786938075,-226.057691952208813,164.222900816311892,-9.417378965433905,334.100201623328644,502.030609923698080,401.809001277577977,766.698690375632850,112.905122810127153,-727.568149225276898,-275.164048557531032,777.300414066903613,-486.390892147701550
-44.597340392018118,-545.986326232740225,-485.127053275806077,-406.168386263141258,151.821865041704172,379.870681906865002,-173.522968489821892,185.430010958314284,-75.330815519182522,861.280834170719459,-239.366205094565487,506.702617589281886,443.111585224831515,799.328108612149208,-325.385537066188647,-456.475887449114794,-162.066277583161650,195.580800598353903,-463.022370377415029,234.114799280083218,-134.733846755705201,-569.321589023993283,-320.802628000967275,-213.457708393408637,236.116775792160382,-1609.768533044550622,186.547829530039479,-18.738148062137796,235.346264116385072,209.180535516682312,1074.866944210364181,-40.947317394496409,-86.759913597626394,-397.132133637828758,354.207201988955035,-747.620819204278405,-543.579105286881600,173.577237222869314,93.746864719901609,-753.491488386934975,-353.921185956273860,91.549972406255179,-850.359670992073006,-906.635375530148053,766.284921266254514,-199.672073891440107,-176.033816019074123,471.812531684565386,-269.294233982941250,-153.396441478922355,-1100.793872713769815,507.578022178155038,-146.317397138278579,220.987730750935583,84.776154466609981,171.508463714996850,567.370237232688851,-96.387557479989766,-436.686523074761737,-622.144067564288889,640.394448687664863,-181.162639788743036,514.708712967395059,-563.560795050723982,528.445785354450891,1230.205672346071651,31.156744590926237,199.995833652944810,142.979307053192741,-475.089976091780272,-154.299392123972922,685.768546131816493,913.087146226543496,-417.084255646479278,-388.067580955942901,637.517961976948868,747.617266454133187,-338.725576102541197,409.912939542290019,725.400388689258762,785.390530771756744,352.496340336613002,-813.651211483314569,268.865460518283044,277.012296643940829,-528.405678932100727,289.106541595325723,390.873309009769343,645.636184610043529,-179.685806061330936,65.655195474992553,273.085241018661179,459.771768417670671,104.175949373439678,-510.365143404556875,1024.805415251578324,-625.881980140739756,226.052152150919113,-814.133001005144479,600.296304039260690,-69.922844093957451,405.029589039812663,-473.526228818042171,585.295680532437132,-390.018621191631382,-300.063380849268640,-274.007918396560228,-94.304058640565330,-80.239625563486655,111.884114368017933,473.734837706591520,-458.120059127702575,195.275657573885240,-252.745766475420794,441.871195760838020,134.294042745913913,591.615846133662330,-428.192950266138894,-80.368019055780110,159.595705392502936,-33.039786664354644,-254.215598202383433,-355.069952007457289,-1.087989348462770,233.387190362483750,270.985535611767489,-640.206670735412445,673.893609949745610,-54.344320398057739,57.271386171987707,141.498950824773402,170.707104486720226,193.923381827588287,-23.420486543517750,-48.242871332070166,-945.539151474803703,170.053537252662949,-123.955613219148262,-657.729891223840127,956.043671116791529,-538.431938098549267,-829.537180621716743,-1227.068875742992532,443.987400723063786,-314.120096073155707,3.033638115768797,-239.090423002020486,-397.099837034425661,-388.114270641210453,-226.779206302344249,54.474984340893030,-590.471993985296194,262.909322223310028,527.160455706121866,-587.302895233318168,-313.901536079664709,54.593918623078658,-207.327718261399440,896.843233469388906,98.984863098358204,528.948714663927490,-228.275578313640182,-22.567690527372999,-355.817798457902541,17.387126343185916,-330.799885936208909,650.524338995625044,-308.611946100913201,646.154404913115059,-507.859318224065078,739.046469358073978,701.857628012713121,-6.589621445862015,-260.065008556432701,269.429174446243337
573.434867456281381,-299.668499813675623,-434.684480318181784,-72.651142153399832,-317.425650902541804,112.865002070115423,381.210118527805548,-540.472997832192732,43.825842080586540,-424.169934653830865,559.108047981149525,285.165931072397825,-614.596641914821703,296.132497446182413,549.995453495758852,-46.720306811157826,-469.916976539259167,-316.033265860004462,183.112176949659840,-894.735281759990812,171.807502179754778,-461.173136211775557,-537.374000232709250,-219.668474037097667,50.895491287130966,506.111350588357993,-224.956180070598634,-629.402988078240355,-759.300545099670899,522.661513538407235,-1442.271654759429566,161.702986198661705,98.567703740285253,117.311781747549219,-494.406707303675375,-107.662976330809954,-513.344005072732216,-43.096095927279620,212.495289220935717,516.301773896661302,-291.958259602283420,669.403645526104583,450.805748571383504,401.549841669949728,357.152776871853348,-274.224022831629441,484.653804754271448,380.056850595259789,345.362375847971009,-515.960372154054539,-466.887017062372593,-456.706132825612997,7.591889991833408,-456.272105306152639,612.627554959289910,6.046728429490347,282.475931599060289,427.599717459132250,-217.583206574641565,-613.636329764714105,290.455604203233520,-214.566122848327240,358.288521311060435,-210.977184838455884,-202.787580478160152,518.273602290511576,57.551494809726115,-83.263335385915099,522.140004455056328,-260.157685876451694,-130.412572740610528,699.024145743473809,179.292322663482651,635.001713844327924,-204.983430169306359,-395.634742357926712,252.694115639504503,51.671793730626561,269.477635219166984,625.006602569667734,-255.795716153071282,140.551589741793549,565.098424571744545,-291.727577271055566,30.318618944140027,-478.110953740892114,58.135254037295866,-330.306783126896164,-216.913354270299294,-101.006778163670361,307.625437225803751,153.176764031685593,-125.253885834952527,567.269210552097206,27.541568909146211,-238.055030698709203,-66.833459592223662,-412.141382581405708,87.795228105129183,115.114768801535888,71.502691872758547,107.205480209294791,518.441548020049595,159.386915866686081,-79.738729047994667,399.847271040108296,-1059.284225818516461,-155.690962407219928,177.985829539830462,135.728193893232259,-605.791712669968206,1013.435496505584979,-210.429092348193450,308.755892190771817,-787.443436467501556,-419.528925076178552,83.469512440253894,839.853681996301930,322.658888423742439,562.862834586267354,148.307244172716366,-5.282944360407278,82.504706972743435,599.290581323404922,-209.833573765861217,-61.275909067826532,451.410713255335565,-131.734450400415682,476.262209068525294,391.597888999916620,66.151631095600834,123.104316837390101,361.508407469977556,273.649563287377191,433.062369166315648,-403.638678478840291,555.218951805836582,18.487067870410478,-5.989953307135192,566.850992477125374,21.330465846475928,410.017576803310135,410.964740338741194,-515.089326493283352,303.698935155567597,282.731463635889838,565.531028433186975,332.455320424975639,-16.816429792755486,713.385608826377620,11.187199141343768,433.487666008858469,-218.647673349863595,76.050242944956324,23.361700060501065,401.194404907758724,678.560238292183840,320.831182400335138,-103.689552357013866,157.299822391727048,174.270047049831362,443.771673258403894,-549.499211100188177,212.274790556335631,6.192464584521413,269.536437598149007,-167.994067023694384,-282.518395626736321,-423.333668357779061,455.777826101444646,314.201911123854757,-765.724831974621452,-79.153986592274677,745.052059390604995,-258.003410496042022
-143.515489820800383,679.669158680104260,44.155885269816558,224.227968848318966,-85.341896796187726,211.747964930204148,-167.712311602519350,393.550615291506290,-204.546997780379172,-541.498282116557561,-147.351619394640835,-163.019483376851980,-50.120569988811880,-159.990204325246225,323.714788201789759,1039.352618834114310,404.237745653393290,-620.053807934213069,305.246186500999897,-433.052037080218327,-718.623907025409608,283.299972214859963,-503.832180155897504,-327.198023599994883,29.958964283401201,-537.909652850722409,728.536451582472409,67.416367470997386,291.109906605637946,-205.383840799195468,-112.383448375271939,-177.718789914638933,506.279724938939353,-894.341945296005861,106.927940287242677,192.473223289586258,-783.823337056077889,509.019142351167091,260.423112228590412,683.226997575312112,87.247100770078234,-150.935038706665722,-104.139312607691323,-299.220271128189438,-441.486818105376699,-280.334473299889623,-230.651301074146744,-352.865055427719938,-597.106775560475739,462.815874585395704,-274.800977688066325,228.241801407484246,-153.088981428569809,194.843358600657069,6.397695099581093,71.850835655323138,-120.920865218960330,486.778194402451561,-207.807774817491378,700.312205513843537,1161.443136233057658,-631.695162958736773,-560.481134113318944,-172.986366348920114,211.738502574162226,-392.561176292799132,-130.769557758362993,1020.011447154895905,310.033360142301490,235.103043336575098,562.374794176085629,141.018251361643763,557.086205504821237,-542.899575089907557,392.198703679731807,-39.149022432445896,456.042313201279796,138.759068169567996,-382.468220921497505,-774.728362073190056,934.581695174734250,-46.634738943689634,122.662811640195457,533.213725115628790,-294.995649521259054,251.903163745266738,6.788487983681080,-404.269572328617755,-150.180105055249584,284.286208163584433,15.313431240505388,814.752004114446095,-513.609828444631717,137.621805253007210,-50.891475787736120,-408.416240871709874,-465.957582518830577,-62.706039227381986,227.743487049235881,-155.076028431832867,-127.740641952853366,126.808315461166899,-233.287225740659807,-57.881858985236136,1728.376596660326868,-564.172094420743747,-718.759661082839330,623.510455385932573,-55.265791195945056,370.916838927341075,741.711626935442609,-559.256044673366659,-187.200455798920188,-386.728980690250751,494.581683054666826,331.929322051663291,80.040926386759821,-226.486111322653841,68.685697611656863,778.940135566475305,-520.001963815349768,384.696784223848738,-466.169526002740611,-334.853666081433175,-83.463885123573348,0.492334500948605,415.181341927394726,953.377491242695669,17.281807212247752,-346.221948232925513,65.296689733691665,-143.043937137571902,50.416379850084809,-386.526124968778220,-405.883214109770961,58.443707291607694,-532.891706490079059,280.994521618618819,281.723377389658140,-506.131829462741337,399.411022502432729,456.446038344626686,-638.665208196676190,83.745451145320700,-132.919915764327925,201.735944222766534,-375.636726924255754,719.589776321119757,332.459989567929711,-210.176672774743508,-455.819102885045709,-222.987382115077736,77.414149389392207,73.907760466449190,-87.040028697898947,639.194464090842416,150.641073111259175,-103.532435439068934,-297.024129463854138,-301.579986501178269,388.073978073539536,-335.339539834435016,363.602657063356389,572.723988293173988,769.789036934064598,-176.921756949130213,740.054229083575706,-92.015117410787838,-51.962175635603856,-236.626044301199329,310.478666097961877,14.063939956444395,316.127124535558266,440.382523871400963,224.968138295855965
481.745982430567324,-840.889288237880010,400.117597502550666,53.697501798877141,-444.161772081801018,85.584067614523107,376.036559653997017,-293.527955844574421,-209.245790307329401,-235.626385417815015,-229.982969006847270,-932.398746233022507,-292.544894176628986,-87.665689818260859,166.298185515595264,-346.905141617770880,-394.906186659395189,629.275863686257594,203.605728109886883,145.874477746741178,-651.289694017993497,-7.660620601402432,405.025952976374867,327.872895504202859,-5.337919615383774,-276.438094594256825,558.105120214588510,-29.110384577385677,505.373186607466437,-713.330462663441040,614.293357469033140,-835.761020487363339,589.953323059064815,494.940893767507589,-209.187864870001533,735.380521613744691,124.872360656737627,337.684735641287716,-552.213721757033227,349.414134406099663,-98.525253851332465,702.103248724308742,205.706859447390883,-315.899562062197617,615.508604276422147,311.194014410081707,-310.443448087884349,-515.704251052623249,128.276603594084975,537.699242529998855,-870.987307423415132,213.831771164009211,-177.022549332335473,109.320429532752414,-306.763611833851769,-219.712079299753952,-0.820677069033879,-96.972928583222284,-15.899735517363215,1026.479569686810464,69.826795346724026,697.930883203677354,133.160389191731923,109.139887513432200,220.439250697819091,-151.823550419945519,23.182951713862209,-194.036140119247705,84.714136776606964,231.588692125751976,-100.577551053477123,-407.565150071991866,122.250657717924540,629.465539678426694,-232.208538359206273,-234.276268943603981,218.850219793062621,460.255590075487021,-47.383797279710478,-217.901798279794150,374.417969146938731,70.078100679912836,-44.801430863469534,539.686467174604559,-491.415565318540018,-341.413096341969378,460.469734698502293,915.563582382188542,-100.765658769468288,-87.202604115697454,-704.112273444294033,-209.657870493657526,41.079236688703652,-259.877272988651782,97.748486733171504,84.692582864154801,207.203134056053443,155.183319285348404,612.720920319614379,87.507694367941880,-378.765593048216374,671.348729858711408,145.771137034551089,133.237281441523635,517.872968711300132,-14.961227442985818,158.752434725510312,77.185331088735921,203.557869538784587,-291.335802599213423,-594.123678907804447,-451.080273110032635,361.594010795291865,533.200789385173152,422.070715126778111,284.135421306393766,220.355362305047265,-450.205095689573682,-427.249262817752424,34.900386143550456,-362.083777867761683,-47.309810442825324,-16.745350153265878,458.756476373958776,-771.768719849093941,-538.844298424879184,27.211061681444235,314.314980028770435,171.373631934499002,-89.457337545309443,-712.799573505567082,447.209471212522772,-38.265687974875057,399.069420378658378,-44.934785994755060,198.857900875398542,-563.502515276506756,-192.411300808253912,437.354119386414880,480.788902786371239,176.550828567235925,-570.913391235871813,-18.624179324900339,-0.125792593984876,404.325843408605351,-978.105881447919614,-899.156856586422577,389.828895104662649,279.696222941380654,1286.359821188786327,189.057594540493653,349.924999807149050,-240.085498956184296,330.741828999021095,-184.220739631629357,-278.604509044003237,-660.180716289533621,-374.155112506232513,-845.014635558881196,-239.264630319756122,107.212049924087381,108.232099913128238,-550.592466150136033,487.237605558563871,494.371559526754027,299.605389464255268,136.810794760618336,189.118068950627929,322.432016319345678,246.532495150578143,67.066416103552243,-18.328292119311413,-603.795498388084184,-318.039439706680696,-483.979988481394798
340.658396783126477,-53.408170232390241,-98.850872124644610,192.153218561931340,538.131464581219348,65.768152668565364,-250.881711488531181,-205.196974059476190,68.385735812521347,85.927266897876621,246.036354894434339,-747.457334117566802,345.913034794799216,-388.417549706326668,-529.497721667336691,156.570030347784154,-138.430588662136216,102.066893328933304,-400.199794928590677,-249.546277052353588,1024.729432496990512,-346.599887881027428,-292.363836606769780,364.105454230500754,-524.391185482094897,354.260093242608775,136.416585327043521,646.142240569711930,153.939418151241568,-180.507690101796584,561.673025353095795,-200.459807379692876,273.350801276326138,65.506539150923913,866.331934910066252,255.305021094276128,344.034215740316540,47.071412064842114,-596.678726173189034,154.787663108170051,-28.516552403262978,-34.723027159630398,335.870746272686006,90.536433759485348,536.449652407036979,-372.060797396710484,-120.089395453187862,-467.116806884019525,-495.411973149611754,381.325064748073316,376.567767676204483,372.957000677428709,339.107612027537471,-650.849284565461176,18.084857866097337,-25.702595755313766,-687.072133011119377,-92.453363440201031,441.700474966032345,-292.651520764113457,200.063464136646161,-117.393559267789882,-407.444698881712611,442.337364035268251,-553.814646806267660,500.591851387051520,-658.472993780177148,-335.194537972199612,223.671260096225780,131.598330845298392,-116.470748047645856,385.766096682530645,-420.166042134421900,104.662156818010530,-99.506876368853099,109.357470196665147,-358.610641021455251,480.175058646558341,529.224936319076505,325.786943982199773,-44.535768149882443,96.473218916049092,109.951378545595276,141.056113874245199,-450.714716201897375,367.479810114738200,-88.311387486641337,-314.368627349252847,507.015072020715252,-611.894115874115073,263.601050775179829,-398.749820807013180,-81.386113118481802,727.090862386150548,81.619927546320213,156.609342682410158,433.392195966570739,115.548169762508010,-423.958687600609210,-488.731273298255530,403.187663149433320,-223.240358011502167,582.032602839026595,-406.337028712364656,-998.645825859152296,80.283465009691369,-221.094092184111474,-157.174913639289457,-427.743522911381774,-511.609438305209153,117.741498602075040,489.635768957965240,-549.488957766985664,-250.247944382652008,408.394908896798484,115.224633371659337,492.094357145700485,-356.560392148843619,486.658380087625574,44.268541336915945,-549.081548166716061,-388.792874616071913,-264.441830785269701,228.935161257632160,-82.340555268756390,78.747038009636356,-460.784189866888880,-188.663133519407779,-333.036879374182888,-373.730425815260730,-142.760881507485550,194.749952249600256,-72.606844699966700,652.607070409579592,-299.007004305553096,220.679900767014402,195.243213016242265,-95.214720252344108,-963.826504741340727,674.287087092019419,-142.998184875330480,-440.551156181214537,199.675859493745975,-334.368438819576625,485.446311937173959,642.532662357306435,287.775469667371567,-768.490645021016007,-420.648070653932052,211.318131554744014,960.214515796487717,-658.178761825368156,-490.791871883719978,70.617888361096533,641.429048943944167,-277.997979667522202,-550.662370958415408,380.015854157708418,97.945048405727647,130.413108506375863,-582.998250101150688,133.791630519702011,-57.919747589659643,169.202603728189956,-48.053175588046237,-245.748032174281832,-535.865133308621580,-122.184660598476825,-34.330826036062149,-658.583279789276276,177.522538920548925,-31.877268164969720,362.325917880313511,-494.265098613418331,55.962677933088287
-183.630173618580386,-310.439159967319824,-284.927785622464285,-191.828035122473864,92.104873702567431,55.495878080312067,306.073146336928914,-115.437004212931683,-327.217859452123889,-161.643184755349210,-697.335605877704097,371.536414396467990,936.308470668584050,772.719004768324567,619.308950108463591,-196.461290709496666,-240.107709897466862,648.644571350843989,533.504616346559828,-204.906816562029917,299.590990110580265,346.787888313468954,92.771165858492083,-250.946727143523901,606.061797214440844,-322.387076626263763,89.080880910154605,449.835808755917355,367.474095249871311,164.986556132339160,35.594181177664098,439.923172132337925,-457.135907670875156,649.545774672448829,307.432586317543553,229.834846705021249,344.856902950110054,-54.372889499511771,-218.082733311919839,-608.845375381740268,16.019623323221836,310.968554893533508,-348.914850425822181,-541.480381364524760,-366.903598112705026,-535.234833946262370,-161.297898511262503,327.524404945747506,135.812732240644550,-213.324419258697020,676.313396591581068,-725.333234171037475,-535.960573314352473,-293.618442627315176,-845.310221465517884,219.278256831922022,18.949373388111709,613.608606743964970,-253.445218977067412,66.034585043993403,-17.300615960985660,522.954712952571754,-194.280879106417188,-23.580288622930780,-104.214695526440337,-706.213750385573690,346.586257239759846,-90.252931489791635,474.044808507688685,-355.936605478073773,-81.783334207203438,259.844116226122082,-310.010002391882267,-346.786455537888116,-615.992005588083202,597.320942408685255,-1278.587901221364518,212.118133073782502,96.739204288917236,-380.200335367274874,284.821852360475248,-653.510273073028429,-481.364328246014566,-79.843742236039716,175.038274423650307,166.125803252698120,409.876504281500161,691.313491050085872,436.431223237614006,28.192235756800784,586.100650031921759,761.202205073506207,-406.968739616456617,-324.789711737108632,-364.004129759545947,248.440717400457999,-583.241548556303087,90.325554326214558,160.212691898154617,142.536553491259497,596.664082720366423,-317.844696790494197,-994.778765091519972,771.495333861187873,-94.487834240903823,2.357227512568898,278.975029260148858,-19.738656474683282,-409.090213681885359,-124.682168584992112,-14.024396308580812,-336.066926267233043,813.766976544943759,-116.409363276481940,-1013.950894004874272,711.509794422253321,-318.817041754759998,-203.694645956600056,705.461430039586503,462.719885333572734,-487.685324852994313,156.576578801590045,-297.738087543553831,46.459273022029905,-460.899959990848117,147.564089555536157,-447.131940454054188,69.166199799229517,518.561380982474702,-283.915599642070049,364.794016497808116,1063.220517755177298,-301.267001892039843,-186.938478536012951,-734.200480669379999,533.686092047332068,-298.189340746706648,-115.925832787113293,-362.571686608736741,243.541172789956050,184.071678891338024,828.797998929718005,-421.234908511328968,-433.221119971650467,553.072905872208480,284.515554091341869,-596.299139587027639,-906.128399352894689,-517.724183555745867,121.261992757000797,-384.184463393851672,148.129320917346973,-75.083110101907351,-600.637850506178438,-750.816558540668439,43.939986378898539,162.114138977788059,238.861865352350861,-229.139868065715973,520.415047982128499,-229.904517298737801,68.620061754131342,8.821531016677547,140.140070114094215,-140.209338801558033,-219.133342371291462,84.860096814626957,528.429151503482444,-12.989728066712999,-390.468924807385008,-7.573457998820601,434.711383520878258,-482.474030750170641,631.915832897210180,258.208512777749320
-109.913868067967940,531.361847955256735,-123.965666165488202,672.092912821676578,-459.916682492188613,-968.695547661089563,-131.457729887305845,393.604925531490267,-261.705934160247011,-482.279004258034490,442.997831049209879,1290.224057389971222,-485.099717717215015,161.677846263678276,212.787338652609293,362.190544097702229,-680.115528182375215,-367.497980914545337,-198.662032733878988,-502.390513398445989,108.925495200782990,-45.809679987123658,-166.666063088317770,525.197751935342467,372.462937767437666,373.265407937814871,-438.192834579914404,-143.721910163140819,-770.611883313272529,-232.785954933748513,343.386119496339802,-451.936598910653345,141.913911902782786,-270.523103559673928,-467.619985627742210,-1057.823779848574077,460.143448622560982,-482.125515391428621,-178.015338211710343,140.461106663771545,-141.681485654993196,141.396448707322037,-202.874156776737237,234.201567595237805,-264.603478322424792,79.824388758638747,322.361586590191791,365.944009255914239,176.369594265889589,331.467791127862824,-341.107639158780842,870.030592247156164,97.122425054735501,-616.728857187634844,732.508397796928875,-327.729181776662244,138.086215053894250,62.247750281510449,69.313607493010508,-224.196424863807238,-47.021008793818638,-53.743829398086184,-381.016280721626458,416.788260738543272,-630.436885660127018,201.238120259623940,484.897214757225925,-425.164266980334446,703.854570665222468,-439.493128601046919,-158.214218979225649,503.694659019678511,-50.225705435726560,-54.240781746882931,56.343583445710870,-615.514573616705093,585.139918597933502,455.393373022559274,-166.907804491019618,8.330204358954678,-263.671811973357023,414.740063822132981,-376.755518296197238,49.508115648557492,-243.680492900253824,236.973535609264701,87.798454746761280,-945.022507312202833,168.743640161478652,-486.242420639408124,425.701742766643008,-441.228986677798162,357.407659406008406,-664.947435547078840,-35.626762738415600,-454.079366359924109,209.902789965135241,-280.909972467995203,-55.722253329908483,-66.273224796399475,337.065355239564610,-335.550390458176992,-131.000209496709971,116.628940230282723,287.208301739205240,-59.011674621440960,880.457756177727447,-178.336536380702427,109.756187814286619,515.036384491914191,16.130783604712221,114.509327963287859,221.034268018102750,-218.745879762346618,-524.913232716206039,-102.649819090766727,-304.311966448470912,-514.392923044730992,-767.403239285128166,27.794264547243252,108.994730694611334,-1063.564410644728014,-355.449186777499222,177.700569144199704,-725.962907857024106,804.662736281210073,-280.072396366409066,-15.082875192505655,-286.955394022712824,-592.434025874688245,-228.363055729233565,-481.937591694280513,68.420051333575586,-9.974436358015488,-269.992976936235834,397.788125837876862,-146.501130384935891,885.458984025369091,1036.294498264146569,-394.765411215857171,-259.337362428024733,85.404314726829426,377.787106193381078,277.072471525946753,139.988874022663850,-57.535887455746803,-876.890965401170320,-191.595119915784949,92.572706647532925,-72.809274242142848,-1038.394923917894630,-615.728865769379695,383.667106908391588,732.511267626716744,-456.653684308723030,-171.899284843485361,181.152732742696344,-146.861476942379539,213.705041243480906,-162.039802824489470,459.224176209560710,555.258024190992614,-240.880194715496572,-581.889696450401061,325.344802476744405,233.339914999695935,194.724072668811345,229.256576544763448,-166.157940450025990,-664.061519525822064,101.287111477511772,-1503.326792053776217,370.641793507806369,-25.550662003999193,964.803119310811894
137.466406774061596,18.853939703029983,712.989356398479345,533.780324870486993,502.179681879281645,420.913001560494536,-822.367475353876557,-1064.710407231877980,-175.616999437104596,-549.311840134852446,279.357404782883293,-657.833144170974947,657.701248021909009,299.018331219497838,-264.841681647056419,447.519525609150037,38.907858787474623,59.773880735016235,249.872469295935161,298.001257677970841,140.489314342406232,657.384356707902839,237.258237345500618,106.862622353949263,219.751962811326734,228.050220855737507,-67.489781877260086,-156.052640812382435,290.245606224606149,491.093901952396834,152.584096666919010,-282.055156069583006,157.075697462695530,197.138533369841184,911.329841012055567,239.881759686978540,210.333894427749925,-227.894550362925145,247.288930673440149,-354.240207082219797,622.141768119644894,-648.887873144302603,252.304639878524796,205.805305575272968,-211.370963830054507,329.246399732206044,14.466356561512555,-230.704091206491228,101.617698037904688,1099.936551637883440,-554.619132505295283,338.885875439895756,343.210440416185804,723.443481453444292,43.077144843405719,-96.370894467827142,-85.845698319869499,-133.565088521602746,-435.856000747088842,654.763735296651475,-595.871966577151284,312.925934834085240,477.750995216515093,-16.697638800330253,-229.961536812593977,-539.025644868005998,-276.702376797255511,-129.921023522619066,302.397665940106265,-730.442966469729754,302.913724245239507,-268.714073560117811,-380.142989318869581,40.713698741748559,-135.357922168437227,292.828963570938811,221.328586895898184,543.739484078799478,79.214681220171542,-1.084697457340269,-134.839195842617386,229.691271149778430,-315.889642772896536,-626.730535070703581,-249.264469939316854,153.165649757138141,341.942002457339584,-162.386371722892022,-564.943954014824158,249.000272519015027,116.234928383597435,347.828782321756080,250.336589130318174,111.963872072104294,843.635553514119920,114.081465393982953,219.269333822622940,-286.624669257023356,-249.072426771285109,-36.545014051767723,-554.966701775573597,-505.462681871904238,14.845499735983385,731.072118576788853,446.186172698833275,398.269167600243634,-1059.028068245436543,-367.822351811117414,512.418144646658448,101.404301854578279,25.184134124948905,18.584890117638054,-206.735892569338318,51.550884739309815,-258.862875243731537,488.413948294391673,48.296331285719759,741.236018037569465,263.779508886536405,-767.559846167906016,-413.589263720596819,-107.362624804059308,71.714514284445528,1133.021581960595313,-510.145963797304603,223.237044923180804,-276.176493123593787,-240.482426507574928,226.265440337343733,134.219365989208143,378.991350742574355,26.434178554979471,97.338468283045358,2.019435991634268,133.023048716219847,-55.766815441728177,-1149.783955608544375,-124.145870200402200,-230.702955988374271,43.482306280358934,205.453898722235976,248.153069943104981,-370.789709444943526,-544.005063401954544,655.940849999351144,-588.657704774401282,482.518447605127790,-253.520543939723041,-471.754709038303758,-497.702928384110635,481.143222292205110,101.079884727043520,-235.673395004412157,-822.384834147553306,961.879385894393977,534.510334866551716,-220.622795812296260,-824.191748475613053,-458.091691844265995,395.668341377250783,600.236318833209907,-36.956264875094547,378.609035998096715,331.740638558874423,258.669906284213710,-26.757358223723884,-935.955770976426606,48.644547988369567,-71.268721317039308,482.678664581883766,-238.596401501425390,796.990718031440565,-204.291872207353094,-487.378472579734648,-349.726912234359077
739.991237291646826,-589.790943658654896,410.648311067951909,212.306822466789839,319.634963223608622,423.859055720683216,-4.996672628415750,-693.870830454821885,-539.849206445068944,279.277106423223643,-59.183259214666919,-636.027519646645260,553.911843468443976,-275.449790243177404,-365.186715765315057,-194.184459258159450,418.510815617941432,-31.412365170366595,-62.670314392699979,117.322469251006638,166.262578868337556,-238.712664668557522,426.953571150442201,-397.103737044795594,489.612909023098894,728.201955625592063,-1101.809151009234483,-277.051937240119287,156.965072054109925,69.260633727954215,186.949689316521443,245.044203509371158,-248.447805917984454,-143.479625148958803,708.976008283385340,46.300735887028935,-443.748323787836341,22.376815400641398,-19.695275701257437,-861.644720951864770,135.854628868486628,350.624926546812389,162.312024797123229,418.710204355580800,38.125262239868633,218.192802506312603,-270.925480227642879,287.090672856127469,260.240948036695386,-606.105465158599827,-788.097070042152836,447.874616779155303,-140.932310384266430,414.037447891979696,-490.338557726402144,428.411424532628700,202.968006965871638,-147.624291402796416,-112.655373932417405,723.704406271158177,11.072233057218973,825.308431013917357,-2.615428564137487,344.677535432015532,682.968484881995778,136.432756826931865,1151.388157504834908,391.569561023567701,-481.426120923774477,-99.697656191905281,-891.918519080698729,447.597476101956545,177.473542926764026,-175.566105659445157,583.550537962338694,551.986865942829695,-160.049029402291694,-338.297269416685822,290.896567455199488,-217.661766042091244,1366.725498651132966,-249.224931045418970,-1023.605191265299254,592.139902661644442,130.340437906459357,146.332224804327410,714.188033031032660,170.310073005532786,538.391296471522764,518.456001627358091,541.669989548494414,403.585733965072450,-431.989118860180952,-49.204572188864176,-394.642564100729771,-67.620658936197245,-887.914902703199800,188.900817731858524,-290.468477321989837,104.325173583078453,-580.532579620666525,-2.268608492555085,-223.635303432406545,-327.855333286283724,111.900308504857591,332.498835169685151,-434.021327603776001,-338.543862847149114,-301.621723768819550,224.885793045050804,311.964266964470426,197.299499583256022,226.524283701330006,358.413119287669247,259.499442879110859,-154.706060695071955,-540.666537310653780,-1048.539055825638343,562.523197411180604,83.127365169593972,498.297881721020076,397.500706044075571,424.112848990224450,-61.742790321477038,-76.280080659790158,-251.445416533964476,-981.866969723042416,528.304647035436460,-231.862916497480086,-7.809334314771432,272.920094482645368,492.658937469569821,-387.758449036202421,305.789847873120038,-484.452563915836151,-397.053484234165637,-117.963592323550159,-522.692418655904703,87.044227132519865,-779.180792739550270,152.036264473128114,-1083.136636306995342,-1078.378267513883202,-99.068434844565587,814.655339801707328,-281.868728994285959,-168.393045814816674,-70.167848070857588,-14.411496811394962,-286.229017093176481,-1017.788214497971353,-529.388559429015345,-5.218414779877690,-81.534662845735099,-130.076842467771684,-6.509793052619500,-339.908169150722358,-562.320637491459593,-96.896418046973594,348.120448036318578,664.205426884923099,103.017293959890310,732.649199445294698,-258.938599061627599,-412.874420019547358,-237.207493742055050,72.293197411874218,-542.307036503470272,-530.326446506359616,485.979572768863932,-409.504243246522890,222.850525123685543,-138.547318042946699,398.720752372368679,-27.904251136790513
-372.398407750285003,-29.022424026283048,-188.959576988252877,200.681339687787528,119.622865832678556,-199.429862683703476,-373.093995229598818,15.353847628570875,68.368194892464359,47.953650878356051,-315.271752833303765,83.189625210704676,182.448902054720463,-263.669570097490634,-660.571969744699686,-328.391330372707444,-330.618415652535930,541.719676177057636,759.219349148360379,166.467496705763892,-62.835263252222617,-608.530270233544798,62.465619865401372,-1046.912494990899859,-160.150390264158148,-575.335047800270672,-182.620971848677129,411.079007788268541,6.441377176845002,-355.105452455815907,-402.479124637036080,-158.708513845021969,363.127394264966426,-663.149355912638271,380.484330825993084,-428.160699684619487,-376.741004843242081,645.893725415826566,-369.465368807740845,262.150151677085830,341.022106932995655,-595.053543405999221,-736.317799182845079,-413.653188859782404,252.397540831218748,111.127691245405842,-474.423913346960092,-426.636468755372107,384.569913933910698,-223.771967790338891,109.453745595583442,8.465588899469202,656.244111616777900,933.073398005262561,591.894752739700607,170.128749650015919,729.366372564654398,128.677537449675583,558.409379663834898,-480.912003035931832,-354.869485613063887,-110.455931282427073,1081.071795604237650,752.395631469470914,-185.854005293515087,77.579666903128569,-337.983634153168964,467.411916935483418,-161.553919051584501,-408.873999397333193,-124.795340832403554,-410.739182095327578,-223.832259214414591,391.025707014196598,-1142.418327952546861,201.339046329614689,636.285001364540676,86.774132598139175,304.539664580069882,493.854501643231629,324.727482217092017,-681.097844794878142,408.319955554078376,-301.145758992875244,38.916808231393645,357.484058587090431,-63.085050001839164,-427.111503807865233,-143.341233280505492,-848.248320274350249,-433.654709783822454,35.395261714595094,-357.783602815260281,27.988277562252676,675.788687249421741,367.704319698841459,187.481311792385640,-394.875524396242554,-282.735647413246568,1005.861714899200479,59.275962654496311,503.185957592042655,-1089.646230873288459,689.408917396047968,160.245657808545872,663.114710116542369,431.501025226820445,430.200269631689594,-682.900247881410110,-933.410330115092165,-451.369270985969706,341.074736892334499,751.419596000057027,166.537537917986810,253.203391880510196,369.250317299034464,285.747340196430685,654.368550873835829,-178.465499604083078,-559.577437204491957,-159.209663159675955,-231.849928750276206,-217.462760539027101,104.680437056185085,-664.932332474476652,-402.229588927811619,300.261761123543522,92.927040347768397,191.577435073660808,227.224476879028344,61.617446784304612,368.222960070624595,582.896056366849848,64.444888120283395,-223.837466400077489,70.722986934255090,-449.436708180530957,-463.203447419192344,-1175.088309552389774,-281.252295934501603,184.617737538701277,114.116234915734822,-1003.757807900236230,190.283326014083002,-62.149399021161742,-91.876629873540139,223.681358540137467,161.000388959354780,290.625203774355271,-114.719357995684987,51.528704406259656,-756.595821753095720,419.885163344219166,564.710202653296051,-330.496292986586013,-189.197889423841389,-1460.349722681581170,-328.113602940486544,361.789959505624722,-30.259730573622882,-128.998344272971138,-109.967410538251912,639.319548766737626,-234.814257624554273,-409.205397688819232,493.248674980311762,125.084520545137281,260.030272471713658,1193.990607591740854,569.002348286111896,-140.619047020674884,612.958489741330027,-276.762224746541847,275.024173623322611,34.449928722088622
663.770542770106545,-238.005911835564007,182.572474089421490,-137.744600655090920,268.045677046618152,48.190196524116324,-461.029217126826438,-189.804719284328314,25.242421948062415,82.568913213401316,907.108701076121065,-322.583168896507345,389.408740618897752,-415.463705540619458,241.782243866693477,559.249718049986086,-210.201955577935848,-554.644644327520041,-179.297780081396780,-65.825477211204145,565.989935017369021,-34.986511408622079,242.115231987188480,-302.141035419110381,89.578205607314615,241.887692265790776,-576.596829341824900,784.434662115630204,444.779255049433175,211.225774532835345,-38.976771230518565,352.397946695432154,838.120369284884760,1159.563622467361938,-342.265571578284380,527.499456090927879,89.133377233011259,-386.143041645214510,-512.129005323469983,31.860184657168780,237.526111129124530,62.499977829619624,-497.871574231842203,0.090737989426138,-317.861562077375879,969.958817904072134,-251.233730415702809,-537.173463322235762,-129.543651141564169,-758.166186082537592,-536.178382017899366,128.902645002009223,910.502208465238027,110.696250019833627,466.578972685601400,-323.020923732090182,-38.392235547340988,-550.631327748230547,378.905468590575197,572.055944023499933,-157.336250127500790,-236.222693561943828,324.422486670417186,1206.161834664533217,-329.331764991917055,-131.426138251510707,178.643152350907116,7.779730898094215,318.876967193556482,-129.410925423325381,-208.084349940676134,109.223995130315913,877.709183515087830,-14.707341393022613,263.142479538151463,801.295317978903313,-23.881732214224368,-642.198779290334983,-36.151676383202087,-215.299253595773877,340.659272599721817,402.894321575811546,-49.894769587874038,360.168510504543292,107.059049391695368,160.635231238717012,-275.245622020829899,-116.905406576562044,450.266597212099043,781.755430613182057,6.564633062053424,182.112964751764707,-561.057477990616462,33.190429104192013,348.910668708764206,-484.032857854476845,225.439399042946775,-235.201372476858012,385.326833967929019,-352.719269265613775,-287.197661512176524,802.433049825885973,113.467107131175695,497.161672084217685,249.525278410082393,-454.248853561321937,-6.958647374500400,110.684465489179530,-696.851665399514900,-703.830928772121410,-134.739695311956609,440.185023321370238,119.786520344724167,12.347025784706034,1.223003225242385,410.947022377664155,-807.590430922651308,0.385352499288699,-455.561204612148629,-3.253140186013681,371.429886227079919,-134.353466862095161,-301.737186555807000,498.190876611697945,-645.669871160208572,-574.679027381348192,-564.321340955072401,-190.361913850074984,-504.938493845378787,-58.273461249490367,438.621476047359749,-399.690964718667544,-366.591843605732549,-33.344015204004776,-207.042237117196890,38.046679135282986,-1032.494797508312331,-660.008240809593303,-176.971031973130948,-655.111064825777476,-283.230389051055340,-758.276819042185252,-949.545856275685651,-503.348012597469562,583.045219511980690,-332.477186857341565,545.621793456169144,24.256067811471507,-365.088188861055755,714.735502686122459,-467.450784678065816,728.711681606938896,-1035.947557714510140,423.937885962902214,459.801962935178608,-397.553109915233847,-1264.905609129749109,206.272296510453430,-407.026087751023454,292.865994749422498,69.750241445173387,825.591341468918472,84.384650002635865,351.280837291977150,136.630152988114418,187.727743742226608,900.338038874844187,-853.913478802505892,-127.694786110156230,-192.253917810799294,212.983567044808495,539.732402151581823,-28.245224323820963,814.758886448021940,-203.949083528053706
-45.559134204351182,-446.507734837681824,-498.186148222916415,428.074373326751925,519.440829354628590,-416.298067057524520,-60.635128822155906,-29.179526952903679,-442.839649039639880,196.560314829057461,-941.762988977932082,-69.501157808473536,-261.122498649166289,-1018.224661057102935,-1.350493377743661,-1001.570395004672719,-359.336476312725324,-2.785949983298579,415.725089263911457,-362.304696617589059,464.999585871304248,-640.133161267414494,-794.349007283927904,333.102945983117138,600.283627792110110,568.197906155041665,-402.316026561007675,-90.106031957891332,118.217910206208970,-501.517726909883720,728.822061011648771,-0.484327164273573,-757.727320676796126,252.018290229192672,-114.760577679988074,-46.200190671179861,680.292452753988528,-60.039498834942670,-1127.610667555612281,557.178259720158849,-89.108713549771210,550.503107615695285,502.316779073037083,58.283707776623331,291.987308533453700,195.258170171546453,899.177725336141293,67.324671637874388,513.398568097791440,209.321497793418530,-839.334418149596331,197.943572368131413,-72.344352236847584,-217.823644620080302,124.191836344526081,-289.162393682544518,43.029161464413008,-1338.319712018399741,569.590509011074232,-273.256150110803219,-349.110096150557411,-238.495522936573934,-409.861108415834678,1043.718617002678002,-585.400516341350226,759.810112668419833,-196.150086592840523,406.131224943317136,76.361077296528364,-269.480776872831484,-701.763238493619724,172.818450164684208,-196.876851476771947,343.095287024260756,-4.229762317603843,-349.413960769757011,-134.340212701411929,-3.604744490245771,-143.633040513374766,285.454477113754024,159.305516164794113,-292.625356630321164,366.625853335182683,-100.794237152517866,-162.331909227867214,-536.289070705493373,-21.809442593319595,566.702740862235146,218.487399015147616,-81.782118955059445,-625.011836629286449,-255.619743380572004,-203.351501358415305,792.487656518697349,598.631924534353175,-388.476893755669209,286.436421170410256,-235.399132039293335,-36.912515097893092,304.662501083204347,289.009382421914097,91.114716069660489,-326.602320177342392,-1003.269488705806680,365.105392215374764,659.967574518555921,-7.926134056612838,-104.425821496668163,464.782570513887947,-172.741416738429081,23.812412893247064,-451.409685092887344,-464.002825203551026,-16.458618609725768,380.729961610967791,798.637004716906063,-536.868536432268229,66.519931979036542,44.777116193963600,-654.893047265025189,-462.337022179905432,104.295973327519505,-17.612233621017040,-227.979389666813688,-454.852648205427045,281.082539044739235,536.814181587039457,43.746680049818323,355.679901679899160,-39.745392812207115,-26.370449455990475,-35.505456843552928,825.230424821632710,2.031417703369613,78.669100911458798,-344.930489151802874,1072.478040893790194,-321.898404788096798,-879.450840604185032,175.174814681522378,-117.646196083833217,-375.347262941904376,194.945084426467361,29.256243625131837,-191.813569257157894,313.957466251945959,-224.570813050713639,-0.413246747943063,-346.624307235460833,-37.392401438771870,452.372468613775425,855.409474278879429,-228.744502568524240,1013.558649534786582,-43.643341574683220,288.284984722823424,615.006191413048327,-714.481879476033441,-283.947951309208634,106.393502282228866,177.805947381560173,190.156281488523348,182.882363389833131,148.248293697185062,355.029114095526666,-76.008080173803506,-853.293171393599550,604.393854462123159,487.625169845213691,-681.401892939249592,-1131.759082247344168,-552.774561054481978,180.952649181066789,537.348122711653900,146.966390037008154
-342.546034933092869,-657.443703137006196,471.232280681621035,-631.850868821292579,-186.235645844744994,-283.883541427201294,336.369126030102677,-181.403651362351155,-17.225896238581402,-1232.565704504175983,249.984766637346183,718.137464220725178,-102.282767763306239,-184.809127132152781,21.476769716355960,213.042908650865144,475.690020132982511,393.155279190872420,-38.519255503288065,-1004.257695541665612,68.061150864478861,-2.770770593080059,58.740411824098800,169.200881843080708,125.974211358749145,-361.757184976247288,429.899218475068551,551.093477098925860,-446.647949838258626,-61.773566526500389,204.078873436214479,-697.457889617270325,-488.156651857700922,-900.647621824298426,470.207642085894975,174.995094130437792,-110.038339122146866,718.463262401606698,209.206635630568940,528.407390459615044,-169.493985911176480,-48.458204556471664,330.032316082156456,-224.146768658913146,524.914001044226552,-847.751635694101765,408.084569940187350,805.223365800400529,181.807117714646694,130.779520748729823,-452.422303374063631,4.333516875840846,-752.979276442084370,-60.800927558607334,128.069694153207365,545.439200780901615,440.516990510573748,363.536734122614121,-812.347748197701321,414.288750882371119,984.924690446761360,-597.986549675313427,672.295117788566358,-108.698852437504854,-426.452796133249421,-658.316454049178787,217.777933457139511,-191.849127045419777,30.895124573201841,-504.790889605473865,66.512393144671790,825.506397101956964,486.824699078614856,651.515057141649777,38.408485651719886,-677.613856235312255,-206.369036639204069,378.378585053929839,-123.182091555067316,223.869539763959722,689.844674473417854,199.488310132300484,-116.881567196060161,-313.479227475860853,633.078334751660805,258.343372315459646,891.265388605381645,-162.902020875238605,-37.866617837870812,-151.958672610593680,744.992508595504546,-8.667659876324633,302.107061782823052,-197.290513786567715,-281.632037699973978,149.512498651579051,-363.140784057517465,-358.431728086435157,-668.192353406610891,-16.843205950568681,-536.877706008354380,-523.708502760087754,71.535444050318446,369.357653633074733,512.414887129548674,90.430849556246201,-203.282352581050418,284.654516814463079,-1114.974130887628917,-460.021377416194412,-91.383386276056740,-378.346631549980998,-31.270733362450560,-661.091106338290047,-241.378522445583258,-170.650488062506071,-646.400078148271064,-97.233692684987105,350.176975276160078,1325.722041006124755,1003.257482681455826,-18.425761213404584,-883.505500585210939,284.020962503218357,-656.360749372456780,-469.825964080737492,-11.046861582357213,-21.268843905765202,584.045313845660985,-754.315350568354461,-719.218577557340382,816.211486736770098,-665.009026005192823,-53.327709425789436,-65.475896114138081,-62.720206747464815,518.999395997560327,301.194123041079195,-294.079272931990090,-299.728603804847978,29.574568001847332,-149.300405044368688,-16.765553593273765,26.268409351843765,389.110766267335293,-582.743666911232935,-767.148284996462507,357.549042758947735,94.490651865192802,505.577670417813408,-311.834890274563975,-632.241818923870483,-210.870817334565345,-174.375846901150169,-771.322940330520737,-271.768103749526631,678.446624324102117,-74.725554509571580,-202.779275321085919,654.751747774649857,169.377737648227793,501.604026794780395,235.334543537984018,335.968116287670000,61.340892366232978,445.630759240592056,493.315660339034082,71.884493961809895,-133.104626700981925,65.631324658491437,-105.352936273029243,-911.517279802887970,-990.053972534269064,526.482591401508444,463.051498837054510
152.362453933475962,853.516732980428401,34.279260666685424,763.912305271574837,-581.861803688730561,842.055348255328454,558.913904337980966,-437.391993751436246,13.113785376782246,278.438148539050189,174.115153306546290,687.868192493524134,-521.947299349335253,-66.006086419788986,-257.107578769651354,-627.868472930539838,456.048575081046806,327.808602067472123,-628.136851538666747,-205.659743509846891,-679.197195761499415,242.275588412736710,-498.569840572812950,-217.792091618637130,-100.184773360403881,-300.433739738676081,-422.448744732262298,-303.481480430902934,-307.025273116389371,25.555111035787618,-77.030166274243129,-90.764025644737501,620.391251116892249,-500.573241497125707,386.626886068408453,130.233231304458144,445.089022590849595,749.720032356907495,-128.253371092372277,-77.932004639506630,-346.526350307105872,424.594810362297324,-12.273223095015798,-646.069065777643004,310.683530156643826,-517.637950514189242,-475.718386222513004,-35.108529552005962,-513.845545451617681,341.670211841176467,458.621281055346230,295.545833944610308,-343.744535596733499,7.254287400457883,-108.872380779098236,49.330731766199008,373.569040130435553,697.197572135374799,-310.051134255022475,269.865649670917833,814.451415012722350,270.565594776340788,75.866766358728242,-811.563267582165963,210.424299710761659,59.401732145972289,156.648463356645777,-274.658807529504145,-3.472173111204150,-643.892174975537387,-788.353929218585904,-20.940533490679350,-265.949229136689041,686.239820568538562,-67.564397513618900,-61.812056209652567,-123.203136037862762,77.122365248099015,-169.969790987647229,262.652961121976148,-11.699830733222564,256.980995492013619,-492.330772529765682,-880.860695478511616,198.613006735447726,105.850273754966821,-709.976020542562196,460.407754455495422,798.111590736763674,327.346512991250620,-224.545858835322690,279.781382265489754,-840.679272653959515,-605.282893833679509,557.282708434907590,938.801293463603315,-178.399793410067502,-945.590832841544056,-189.469136339642915,165.561248213140914,-108.821820517123228,114.507035595820483,-513.153894228416220,-824.311633910383307,-228.212059497357217,279.126428364834624,45.877254339980333,101.471404811982552,-768.977759207093072,-156.540932692154968,412.016695236961596,98.465085250220298,-263.021341170924131,158.944775984913406,-137.066131494428902,-490.924137061813667,-92.858120245269731,446.893875935626568,609.843271479268196,615.909696854160188,-589.410178277915634,-57.614500464614189,89.493411217011555,-676.421797338594388,544.378383658866142,2.990730300943646,149.855338016967693,-140.719218117858389,-1290.669618077905625,13.037025235280920,-481.804382882051300,-624.150450232214325,-275.496879123721328,-271.171366941455290,-243.982995030576404,363.923562359211644,-328.973914084901253,-191.952173401634354,-1447.307994789959594,-946.395640682879389,697.962561821494432,214.784041211230260,341.294880211662246,-20.278757506252823,-263.279300553903056,84.356127340718245,-11.221506355633551,626.522767948328692,-720.357593500211237,-168.681622892675136,539.128075671687952,217.582091892325252,-505.371639641444858,271.964573639771118,9.170105037532018,-334.956834013518460,30.581871016714825,-146.827393342224212,312.803426666179917,-299.080478412243053,308.484850477053385,-66.506954097997749,1148.698391307778820,-111.696408166808951,-638.425606116258678,-229.932576396897161,95.418499795731165,242.620021748659497,-174.766757099155654,851.559101411800157,122.835593827643123,358.853910163009573,779.023866175195849,-554.395589732231201,117.042760676442839
416.532916390331820,-247.154878361806965,250.736881818042519,28.156942698693335,-983.039845697097576,1307.236819942449074,67.396472434624059,119.151301538634272,-615.430706777763930,102.982998083622277,-505.861057878885902,-686.230689269209620,3.079228186083398,-738.882971355837412,-177.961968658458090,-593.790143104659705,-574.370419612171077,249.548567940684734,439.040068308310310,371.691652107796415,449.545428755987984,341.339463796831069,214.521041758743479,225.429287397034159,626.967657178754735,751.165225818945146,-103.416543564379268,324.020947974074147,236.144635264445697,-218.656476289414996,-626.172238878474445,734.640729946798615,-569.637320228069939,81.895984680325796,169.712745634100230,-18.554812247427968,564.387068524382585,752.892302071797303,-459.299169081265745,-669.655923759600114,-123.764055279034565,65.723728291079226,689.738678771061018,144.148620716777032,-339.705634840331868,-753.418030990614170,-416.533802688213484,-219.096844380578062,-162.813353419914222,-141.301998027122352,156.937252195351164,-203.437660012425965,-694.191236874192555,251.731650324106141,682.515246854146881,-790.853298346626275,297.734932375256051,-704.929969215427150,685.952813267742613,478.810820769307156,-362.815146142367041,-336.757520587239526,150.163906264633198,502.592883163260467,192.112241657223194,-226.203848601885568,-467.623338647169987,12.327819761864371,-275.132573796918336,332.508546357828550,218.538178811205370,348.269746574223575,-28.950081043199386,292.610943387927648,10.212480396397256,356.226874141024382,-284.614205196477087,43.599265348564721,-352.144065904980380,529.328298904951225,-267.283451466383269,163.172670848560443,149.185852558394970,-493.707050363148312,-351.367831795203927,-131.349510825161133,383.196455684929958,-561.468795022067752,-430.233655785519886,414.199844630974553,-657.648307384337954,213.667116283079679,231.217323586999441,-126.173944965313353,-24.947899686301135,206.366201770556984,-315.670361835969004,-495.001683203365758,554.649301005196776,-225.625964007488960,-451.102713966562590,333.257340466320613,-67.961421000144270,-227.109202562267996,416.604471397971565,-286.461461774497081,179.500512556623562,-111.783053646536686,451.887937872125804,-77.092260165551664,220.984282078051507,52.067391264364169,-74.726658740302582,-393.138282385710852,150.038212743563605,-122.699919692661908,199.063144331811287,-518.571658118527125,-89.086011490892261,-614.347404555965340,-695.955703164856118,465.633344472355475,-249.704045679774083,160.055551967748357,-274.011760997336012,-462.370558316151289,-59.815862326761902,-451.487479022326283,272.263843928418339,-361.352783509787685,-263.617945195145239,-994.749887304127469,687.988167868147798,289.618142720772255,-336.725323404364019,91.271442991791091,-539.772408764711940,-293.168552717087437,-209.498789810219421,-552.056127828019726,749.907698916103755,309.794685521757060,-951.210839479224774,-671.456986148373403,214.632383177775722,35.930978920396541,850.978484065717112,-107.799898955965517,348.203948088039624,-906.152067979201775,-78.007607016501410,107.584848022034564,-271.382764128996939,-908.217989347311914,-207.019858439367482,494.317739339051229,-992.588724928605416,-867.715174399455009,-36.894387581420133,-331.620250212443466,966.230460204008295,266.933966494749370,1150.806411876726088,323.110684775122934,170.792083716691479,53.864198339363547,334.328236831710228,-440.719507058407089,743.273807510175629,-486.451866959254744,-380.228399774554191,-105.670751849205814,-169.104313785570724,526.616150614014714,-2.097157824075333
-383.545201495423157,56.553816927211287,-158.603936941887298,-39.242575262155718,-22.772523257360870,978.432947902495584,289.838576497606937,649.280698051514491,117.826537358335884,93.013926269682855,25.903478175243571,-42.959561773671190,-205.204829229564893,186.803334758245597,-73.373171463274176,208.420179378668621,829.685826701885730,200.233912904224439,-660.971249125449503,-151.408595798797876,-22.707079394599845,-247.955595349581245,62.683855696775964,-423.120295398329120,204.472523605052800,-116.794519550062432,-668.708259381941730,342.702600329528366,-115.259631346957804,503.137365577277194,-24.963473699026984,-12.619730901798397,351.750461389003988,378.931598314281871,120.280408883832749,703.907961564260745,377.243585299525137,446.558648587920459,-343.106482725968817,-226.920676079338307,46.655364341968628,-631.342571636115849,-78.691783272390907,887.721304486869371,-163.562897903064822,-439.209915198523731,-267.384375656542659,243.842132834862383,193.255192182747720,-969.911318678353609,1219.497886707319594,214.748197114871004,210.733615782351364,559.584213288786600,-330.513837559483648,580.030963096053711,-469.025839087433212,117.437283317711575,-240.691943431178231,-389.862315179558436,247.038369574518441,-382.729074209272710,67.889771244400492,-272.081168191821860,-24.283580533774884,-170.571730856854487,-104.431484638459295,573.428577648161991,-1258.437470244322640,-46.102596321600444,-31.757341774782251,1377.997783435146403,381.174925962738712,-186.307149114580341,-173.403974386583968,-483.343366533113567,1298.908959604422307,-318.374826927484321,18.037564504561466,792.075252021621509,506.345184669797277,116.765340203021097,-622.937666205290611,-70.016047098196935,30.159879669779237,-602.635508412447507,78.532628437461824,476.337803002047451,149.203797393633323,-420.120488892879393,-1241.580682847675462,-731.016802357603638,-309.832914685554897,-317.565294454446018,-570.720183019681258,482.844055722783651,-129.297741067980922,-1.523176463590108,966.379090909534625,-442.270458617456597,89.590651731265964,-438.985551610668324,652.598366155756594,-378.606597306329490,397.447475417595740,-535.500835933277585,573.610925832646672,923.267104929411516,-957.788494853857742,277.039634802206251,-520.123581374205173,668.634826229155465,411.910371659216992,-564.360137860302416,-483.783270759142340,-51.834056058098120,295.612758827187918,-222.947806654552465,-431.050204621942612,-274.583876379905973,489.654998847605896,579.235266766093787,-414.807224149741330,-407.129174914714156,458.119837132698819,-600.860916544439760,555.731723227638668,-735.264257469478252,-476.849224632995913,483.810304732946122,-49.906700571205022,-640.483177606400204,-343.540566965140727,617.726045701329440,532.697966523021705,-406.409789841843065,-325.452032297487108,-2.957106692437813,-148.294580176726754,-146.610334844195876,-278.285023169592648,-573.067017222232835,7.572789598595334,-21.915242509884749,329.583557082160780,-325.340956911749686,-600.332727429721103,-288.580878914848313,176.776030942361984,-431.293398215043680,-256.101751911152007,-376.189991349673676,277.559458496305751,-979.806342770882338,68.642819703822880,301.302345505400865,-531.041646707198538,71.086466889341267,161.596291426503740,-465.602752267531628,-453.472815212079809,-335.676542056346591,-188.971595029472013,197.093744335063519,-588.572300011253105,360.428371904301684,-5.696474242692100,-358.394001137748774,29.088484200067981,47.539333981139336,484.505834543845992,-407.557088551984918,-225.212714985253598,228.905968919984105,-199.383566058869036
-72.142188772349257,-508.668247010733239,-185.008121369595159,498.709465853873212,-308.322458096039441,-526.887873593006702,10.803805476230570,-528.065343854126581,186.272311023405820,655.160018445304900,-123.900418525592826,-206.879880624483746,436.921291302212978,387.441508219308901,-380.336256157240712,-120.810589204343273,25.421783233304357,-94.652714757066235,-94.796109897425822,126.914105487150735,262.035323214322773,169.500003406564275,-362.193533775501066,-58.914346415269840,493.048288731734146,159.318853101770571,-204.507178016738806,-555.169251189696865,155.353056075859143,165.895173508718216,-88.124328927043294,-297.542959731933195,133.657074877632994,568.943707637086732,178.533605205009394,11.013661998887267,1078.013578934528823,316.199489773415735,-182.857599546890754,334.643751997624577,-383.139349705589325,420.856083914045882,477.551639552246684,318.115928062573857,582.241786406385927,403.822680235680195,-73.493119204512780,175.297746315826942,823.102899431266678,157.716927284413288,-358.252932675045372,-700.633792734754707,-75.038651555200971,-868.220637341556312,565.912682947164512,-234.604482497823170,364.746678866938169,132.844455881415200,597.810267727017845,317.212394270299910,-422.826204413454434,491.132056071494731,586.350826241391019,-79.883718304767399,68.370030594878799,465.507050814879392,371.582584986661800,-226.277406708595521,-220.534804742124436,239.450134811015118,-284.461099466889834,696.222345154910613,-743.285978750757181,-176.941642493538779,-187.983408345006836,-6.248662659143939,43.649179658608183,-178.951415136626395,103.389296504025154,-529.650289735913702,-291.916174901762815,626.615471206402617,-817.609697066334888,313.923071187847199,402.292037767646207,-367.738531128156126,412.823317291682770,498.883607621034514,446.507455666409612,-622.420999033301996,130.807558255780037,-1011.433321231224113,217.209056946746870,156.902046828186428,-386.494105844480941,670.899906224025699,-501.502628524089971,-386.470580854041941,708.982206004437444,448.727841219898608,-723.222484661153658,-379.181775784402419,-81.647951044257169,413.261459942706722,-206.104121497983897,508.257223826592224,85.466434886177254,161.630643049532324,-347.677873496481993,32.666093279051729,-163.516923989067521,-239.095433019995653,208.948485855307609,-328.142599145201757,92.100329909434791,719.712250361960287,20.735232764919569,-364.862815356139265,-348.148599606881987,-693.587895175033623,135.710738507313721,-790.281320187851748,362.660159182386224,-49.453883650425823,649.160160452847549,444.101052131598749,-603.893978453533123,153.068366175463865,10.923343566791857,-274.743637174942648,-529.973121420623215,987.912047090700753,-541.580336566916571,-79.467275943658251,-599.817197402392935,-247.444600758972342,322.661349746899702,-384.651169933418259,774.064367608164048,-405.975757277737557,-643.751269888852107,-777.158237452769868,-18.481930663822148,10.347933737986249,-97.204598870754722,-253.303194883773784,-307.717531470062625,-58.537395694619413,15.801924283009216,-203.819324700967115,59.628509147415372,796.840920122345437,-479.665181466304887,629.001509396712322,347.525403722299984,-1022.045124372713417,605.485392728472902,-90.652101209472391,-252.152784042277119,725.311292180193504,371.811934958813254,166.408817623551556,-326.863528300652661,-325.219786482480288,-153.478346518682912,-49.153877671611710,-677.778853664338840,93.237783226952885,-736.436902751833145,-799.209484610735785,-894.548287707064219,-59.229259877829996,-636.006528470072340,-440.624624408660964,105.024508093845711
1106.286681826758240,733.265591021475529,-551.489896477762613,105.090369962307193,-40.830698638360744,-87.530954564146128,313.626316255109259,-693.178828256000770,404.383090801583080,-258.992292638316826,446.917540970528876,-555.559301904699169,-69.194204969597962,1018.334794121035543,202.903118970140639,187.827852673083498,-264.022914906804033,467.630680377259694,595.087487798821257,278.882237001646217,-91.586411133921672,-403.275269426003661,127.567435027172834,282.654784462988971,1252.238222198533322,114.575003815221550,-352.626215299247178,-223.543414935695324,886.105840729422198,150.677573996416299,137.511383199365468,-1118.960572289313177,-356.339818254717102,585.674404945501578,589.105721154344224,-157.855384087309886,-169.777376709286472,433.969914549258817,582.836201820266297,7.300285331221345,-567.262609604611043,637.811903412651873,-370.870958129460178,-547.191631566345109,175.271160402519456,589.018309406795424,-265.250213323777700,-370.700698481540314,516.276533730246911,-238.519235775037316,-691.093575556316296,772.481242344402176,640.296195925351640,-96.863411100540418,477.382813690361559,-434.426406883022139,295.368346932062366,-396.425984956509126,-144.938678256461458,-712.769253526633406,-907.994735007458416,219.606860988059026,-86.827874820710377,760.575141408305740,492.790372122935878,634.871358973998781,21.271690594161154,44.706855319496881,13.736008685520844,-519.772916691094110,-1162.122008390636438,-471.411998818932148,615.809140616492414,-594.486840761964572,-491.501381504105552,468.639928943100074,-80.267416392660536,-1065.566608478578473,435.264258646867518,-206.227299203810162,1167.557516146974649,326.540889015879372,246.655778726084606,532.331340311938106,-516.765252356880751,-856.880055326322122,-410.953491175853060,11.180814440402450,-677.851119698092589,-348.074095979225433,-198.248206441876022,-2.303072415391403,-179.143234706001977,26.981550734246547,640.413987689458054,203.024560048831262,112.418090071355408,375.388919229925591,-79.619168447369034,-393.304375836507916,-286.282813516527938,-342.301320693877813,-499.939994899869362,223.126132615466730,-345.610096595279686,-11.831401909549612,-626.015844198907075,220.666803015157114,404.976129757941180,436.275167317899786,-699.670254380229721,-413.410180430001617,-84.923227862014244,805.139293524458594,212.170777009785894,261.199960771525866,-88.678899821065514,-132.660117926056273,-593.982409445411008,251.694780429969200,-5.665694862244152,-4.907413736640841,21.312172220853299,315.589774705958291,-170.636816956041088,867.442119443519232,402.928835926967167,120.797861372611607,61.292103070976694,198.163124835718463,337.727865540393680,203.696315737874471,736.292159541621459,-33.397949983336559,-42.886297720199472,148.886803046600818,-727.488426694850546,-364.054290956523516,-136.556440199439862,-477.424950059943626,-80.991652012192915,-1023.506446329707160,14.248627809770156,-831.302407751661462,-650.068364123378728,337.766837396724441,-211.843052560775419,-160.399101723969721,-638.697607957910350,-307.085346893016322,-420.428964783957554,393.049556293267131,-37.387859555841430,361.197197089116798,348.582927918463668,629.369863460072452,-331.781430166455721,-574.537035904097593,-531.977729590935837,81.895930211831356,-648.640162823996889,-51.048675173265586,-213.161133604995200,170.911709041194740,919.242963405211640,159.719565181123954,596.432860462692702,-49.899922148251683,-454.581992267291866,148.496880139495971,-366.157301181814660,222.775477238145811,-134.288342418114553,525.388637446029634,-251.289818056253836
616.412806644683428,-845.215947173358018,-464.995523666263637,-58.003986132418078,232.758415373455477,-86.949023662952555,581.036012344918731,20.076182848477075,-375.581806480914167,-135.497332742388778,-74.003239181864018,-800.531073365741122,-248.233428128030084,-162.415957337295708,284.143440866445417,-412.388907318845554,-161.318055616923061,47.753817469049856,-314.911143415343304,333.680584909390291,505.009169487684233,-76.742742078734921,-512.243036693031740,443.466290213616446,-366.282598186571420,-120.348056281701190,-478.887602038708394,326.803522825526841,-268.385231413129986,-22.942056279222385,-134.107972481420376,-319.699662580878453,-601.948626276905202,258.391696993766118,-356.306003750258697,-250.849164862713934,-472.156105553205578,-343.926903864659721,-433.143983851932603,274.212376588687164,64.694347517372265,-365.572388484012549,273.290002812484772,-36.697250294937874,-88.580172845632092,240.296577829527536,392.583773159949601,-120.213966701913066,-12.137411278705514,190.077083110246775,-497.451516265481359,343.644569292210463,300.234528335483901,147.677237109786716,-267.727104929883012,487.191395482370240,459.211847097130601,513.445598397694539,-398.311797813491523,621.651373000880767,-81.737235014731908,146.585286562701384,62.607441746197935,-242.644165879791501,-342.043767980474115,148.663388339911307,376.495866821100378,-112.103824657484552,532.665915864447697,-186.440275186625144,-1037.351528995068065,-88.989366361707539,17.983874894531951,-214.277570033438053,681.836975835913904,-857.383406674738126,297.784161282069647,-442.534218561114187,323.626443697006152,726.113819245039053,-512.783254117849992,-761.026909478942343,-974.129308848731171,-382.210990479479165,-510.980707531053724,437.938214718129814,309.076486306282334,-66.833194836957901,-517.412374112969474,634.139035742352462,-48.393738797462341,551.588004986115720,468.228234612780398,-6.551422848213184,-550.508584194283230,248.296824570345848,-409.706883055916876,-431.310139448784525,185.157292825848828,-383.079296859656836,-431.675069537001662,664.585523013301213,371.342013794666173,-508.038560834414056,-6.585878654938242,-354.543398779784468,-399.782118628498097,269.996372004234502,156.603913343300519,-92.137751045747251,-297.884978589154855,46.040206112088200,161.567871679583021,-63.617379475066834,209.168774255808671,-631.245150139377643,24.048056418974106,-45.511258183943070,194.186257358883779,42.525320695244247,1135.013648967234985,-312.227767155212177,-123.766666263603369,-228.484205589800922,-537.349910591643834,-488.805972859724136,491.675419913051712,193.763888044397362,370.234715459202846,-175.016279055373957,-456.871584641113714,499.765470563268025,103.298222594185020,285.742508007968638,246.686252985282437,707.938753890435237,477.051253512354435,-1.129622126587458,221.519699584501438,120.203182756272753,65.551922719733852,-189.550838344952382,66.789876723769936,92.171348671093455,-709.123871790265298,-678.568768833329159,-133.561564297643997,-628.244584841597089,-101.729588338795978,143.953753919845809,-470.625101693132137,-371.597117225832108,-70.971894061512899,357.235066997089291,-395.426443950916905,-895.600296673855837,285.410224878302074,-198.994687119989948,-374.846080949422230,812.153937965414343,-671.289380266935837,-239.406853905470740,-270.107089102799989,-749.419584770625988,-188.613080102739247,40.349814611135699,458.934766291054075,-315.508293146571134,486.732094839029401,302.686820123490236,8.839484324014636,-779.995014727772400,-423.699673802941732,515.731114084243472,279.274067814853879
125.728646613354059,636.032795806462900,-86.417058300664067,233.655255619883036,-534.120646221671450,25.530353888974439,325.809589421048429,-18.486081139439214,877.164380861320979,-144.862271085391683,413.318835509528299,178.851749562550367,-270.729662990831798,268.665739861654288,218.847618885986918,-209.131707387087687,550.946991645280832,356.714839930230028,446.874847966213679,-165.407857485650425,-308.848463236966325,-305.667359097209953,772.784236282539268,9.012839203290092,-77.758007104468192,-547.816244366577052,-379.168466228595889,-188.545688478242852,-251.413659198570031,-227.785955788333553,1002.720851872259345,-379.950459851214362,-211.342534926908797,84.434020001764566,217.620563617486766,-314.235606477751503,193.298893654844335,551.845381083779330,414.134023314117712,426.443280636548650,-150.910476993204270,2.673071339067317,-101.566216941523194,-404.649465189597208,218.973915022649209,387.339982201328610,-41.863100001589409,553.329402726452258,800.959300178469448,41.387282504275049,238.167869907431054,131.498877542070545,624.605924648354289,456.834339895562209,558.731624517019327,-69.624728724352792,676.607572622988869,309.094372325525683,-335.620698553610396,-52.949360543976262,-648.518068804349355,456.891247709056699,31.210235856479667,547.363131678463446,246.313853960959790,521.452277417140522,-189.675667429792270,-75.830944645027927,1.090297912514615,-1218.319106531723264,-450.339835303647305,458.984870746693332,472.140197632586592,-116.307621686348241,-387.834517588251401,-908.201216609707330,493.192113375284805,220.163618301525418,761.945208701466868,-647.607495735021644,-170.343889680458744,-78.510395732713292,-741.516858585291061,-629.989706597736358,41.019810549650302,-403.620933432590505,186.297875763539764,380.170887405204553,-224.050472351815614,-397.341819608086098,-220.348041931939122,-735.579459182225037,34.997837791214103,-757.953701676531409,-365.574553412357091,-100.146580759536306,-397.854942581513626,-38.857315842736831,-187.241980780284848,-66.071228415009699,414.556219873378666,-1060.487254310136905,-281.870937886454271,1412.341604352440527,-160.664008931341527,227.404491839199352,599.931579548098853,326.643577921559995,-736.447886507497174,-925.561833508307586,-659.974378814064266,-319.151068437981166,1381.945447008240535,311.192964671957156,-954.047817787524423,46.905658677984022,-82.619048153850400,561.969043913676614,44.523126044313166,24.394309361089665,201.847086957385784,445.147753751746961,-392.166187558808076,440.076972643298063,315.685346884066121,224.761560904045780,-425.006661080435151,-437.693498692846106,406.302525965794530,555.754455887233803,-872.118873032422130,-49.356662640778268,25.918976269476609,491.859706763158897,826.224739433137756,318.024657394070914,-771.765281170597973,-590.544336363750404,-341.229516794029053,137.725530656760725,133.195683836187982,-631.320008810544891,235.723579602243035,-405.444154087925313,461.930089487402711,-585.938123705376370,460.363633316018309,-204.441773073790245,-757.227682141336118,-156.951206881085511,48.297586695763151,-527.459919538736926,-233.122647875120606,692.716360999128597,236.822374416745191,-18.065914155439224,-398.489460633261672,-523.264208951720548,-251.295000298323203,-238.589895103134324,47.986719960172451,131.763335417571426,-151.950733172038326,53.743369551362463,-236.954926996168922,110.003629050809110,78.428159563348032,260.613954669070949,-444.903400067258303,116.746452194131933,1116.721581218383108,438.594193221780245,-792.859180272437811,138.396880466358169,-693.950976490078688
88.092083301897475,358.655245059666868,-305.800800934805977,-333.067089057054943,79.331889151425798,-65.864710676068725,134.962514416000943,86.069049042635214,689.851569516769246,351.645873367868489,342.313840426425998,302.705230413650611,-266.327258622325871,-468.147110570519487,-35.553932073287925,-332.263818523585769,345.574572501741670,132.942452543950424,-125.689979171410783,-401.068249134004532,453.945356442039554,-452.976670695570647,94.019225673365582,536.337414204390711,-303.522466684831443,538.526828254392854,-566.221660285467692,116.498850514239734,176.058161296737183,-168.159564391848676,206.298426491535452,-669.295280426500312,-1024.237810622324332,-34.707758469127995,176.689544598704572,124.768745397541593,312.799010994619891,421.964078783217929,-214.318098553024129,-373.997675499880074,-58.043066711982291,-469.310263662121031,-180.993213284277857,-214.447681827801830,-293.650714332469420,-534.460132381836388,69.046266490307417,-38.019949728475787,11.173344456352979,345.169480820551030,770.640125800244277,430.568426389308456,-571.565237161741834,38.921946299606979,481.412575271999003,-206.568120780249643,-889.231953894710500,315.510766951198320,-750.088070234263910,-196.491792171813017,373.000162957865598,663.513946089771480,968.390584657997010,-288.581877178028662,-510.270018285602532,226.243839154398103,1203.971271979984522,-300.737860221947756,82.822184809854619,273.115059393702211,78.683632175972576,104.206077749706594,-291.972087314903433,-408.059839255425175,891.030928715516552,71.401000003899014,-349.373237279630246,-250.635321885118913,-275.681651556660995,-193.994977097017340,232.024838569667963,350.498253084960140,-460.673430340637594,599.013832806719847,-507.450577987699091,15.685732377850549,487.856594920589259,369.426996095987761,208.202513440595567,-453.729321100500670,119.915061262661141,-794.475092299960352,679.160283095131263,0.538015032195183,-422.933805964635326,-895.291646065212831,-215.671470227814098,748.872532339447616,-1051.148217011644647,-219.488953780395349,43.438726632843512,-862.276241234688996,305.993678337954066,-320.128546562190650,-444.822805723342015,90.310602918167888,-562.575974759013206,441.987480548177416,194.575965866097590,596.873481610155181,-457.652610341197374,-123.542641787652045,158.095213877482934,358.805853605259131,-464.687662580749986,-344.482798351590247,-999.824343839837297,-190.580764257056927,356.362535343170975,1159.139655616810387,578.931970570159820,-59.508712913336161,133.408678643998172,323.869164769237955,-265.774520079044521,-331.803259605136475,0.170216752786459,-540.504264169422186,373.738415360763383,-664.650017767217605,290.623123914186294,-414.468828649659031,-442.360610430381541,-190.513918175209881,-30.682367523629622,442.848118242555188,288.533331455892380,-77.801323883626779,200.707036673762076,-437.134117250939880,160.635424673450757,-181.154104041808807,-182.049974936679348,-81.532067017947639,367.508130197139280,108.793133251612318,115.084871300039850,163.627427843478188,654.417022080127254,777.085348359983186,-638.130071998813378,-967.413260365609972,10.259394789666221,-457.670469152215276,686.764087293585135,-703.270605360600484,157.399395163128816,-97.586220156252750,-308.850662305475737,6.702328672710863,-200.939156180435418,-97.991900176347372,467.672814064843919,361.549359958199716,368.984430699096663,73.199046842030313,11.637237535896219,5.706224582069822,-113.206821683116942,729.000016183280195,378.810018251352744,-98.569350324709262,-691.358996382871169,-280.596219258858980,987.836496824570872
-297.688044496789018,-245.031932418712984,55.339096229669323,-414.327611433746199,-178.418552385837671,328.232241801591840,-1061.379151427806619,569.308878309499846,-565.106909534873125,-8.280082812275015,-891.244372294536447,-163.897607522874182,-498.595314740182630,593.625757974092267,-261.306654785597971,4.878170825173619,-282.415025065380178,-39.023297767917072,405.886677840011885,-315.495678597469634,-706.168315407164073,-365.729907309944053,-305.133064776037202,-279.873171008324050,482.980457934228582,732.652420089595239,515.787824804883712,593.045684521689964,-97.100244352897633,71.687298547250975,341.837911470553252,-275.099577788721604,-73.473652104219639,797.746532430488401,372.296250747184217,-4.233347302341864,-151.283246476633337,1033.656106601363263,522.658011769777431,452.751960209248580,-510.985209358394854,23.635165228025588,451.949596196133257,-80.782834914628722,-454.953506682814634,579.108771025150645,-260.969312192319535,393.219064736600274,-293.671699712293503,-793.785855686027844,-250.713890242449992,1053.918870389279164,402.295039702943541,893.631070243725731,706.045449431877273,-275.985293101139746,177.965218954222365,-245.432142112273368,416.879003407009009,-318.140266730289056,149.563580780878539,-756.314733289131937,201.833140245600276,344.823041987789338,-452.623179055317678,-86.696543172648290,290.686410175825074,617.825702791210460,85.919055388547747,133.623789842356643,-295.792191177932295,670.265725277216916,203.161272135105122,-464.036097543576375,-44.835629910803171,-296.947494113808148,-513.996012199432130,-332.850776915846950,-659.920039795206208,51.618791161950668,736.960575005329815,110.349115733272399,-625.276823835584082,244.060752394088496,-92.340365984363231,1114.310910403495654,160.374672041369024,140.552438527188201,-426.268867448979506,510.066393779682471,210.146410237846510,-284.525860802380805,500.080566145069270,726.131319580649006,-555.306860155402774,-652.968644750031899,191.208101353485034,-593.901557196338558,-158.478098591082727,854.414285038452363,-239.772080267911349,378.046732564950389,-603.930814515902171,32.372251823276279,677.346620352824630,-518.698741305207022,-994.879658622704255,516.555908521354013,151.091535653196274,324.879470122746284,665.763830013937763,-28.840719845372661,128.941322030012856,419.992774556069605,926.160065739087713,218.909600065730274,223.373271191497849,-441.760839437605966,-654.104080512075143,126.101656548997880,258.259520790702084,-1028.091489317209380,-308.523785034267064,-118.554915935784834,-304.066454773141857,176.437923960842738,-80.284357974724429,439.809119290533772,738.442333130286556,-271.398150368801112,-199.247446833341712,-162.062375626434573,-177.986177616033046,62.459887346680816,-38.237839172318289,-396.794481836310354,845.592334443192044,-152.305294976004774,-212.326390215254634,-18.166838769588352,-526.322524721739455,204.123122064515599,381.380712747710390,-257.358622192334963,-354.921916939263838,-199.456177316678946,-14.810735039651099,462.051699624248442,-338.235385033898581,497.851483384324411,-243.173277377674822,-464.621074437959464,151.504544930655044,-18.522868804209480,-314.376978647715021,39.023833726949526,221.823984114383251,-513.377139804593298,-725.598599264843870,-245.198222742969506,314.737841729417369,106.354970132113877,-246.723362307706168,-240.545226826989563,-274.000324900353974,-119.581729021337111,154.965251071256233,-61.693494206144905,11.201866151311073,-844.990242481171663,-274.064858927617252,1084.114985985773274,196.506507782192216,-800.300880127605296,966.420032394163059
614.558560225518590,-293.634344005012622,-586.517445010583288,279.316658978901216,-274.522517111572711,242.261857259143710,-173.484637264248107,182.819430529364837,655.624456010446011,-996.047735924282506,118.733209970011387,531.025467678765494,592.564220193033179,296.825554049337086,666.548882312675573,-251.882955840312007,-249.132084095739742,-584.203877637643245,-60.346775801723979,-275.620439771589304,-428.766507758425519,-559.649451538798644,242.360272721374969,183.823911439328526,-902.743870663513349,-23.952061669992982,21.820324045422527,-139.451808943239911,171.084580057807528,-170.123530742865569,-616.482273988048632,-252.085183684171994,512.133029377907178,-39.228671937365085,14.705549842388200,-417.376836583925638,528.942966399124657,285.387115269378569,510.923649132886851,454.920215313478820,282.808693493223700,-585.568137229854642,603.528494588816216,404.660466207122454,-51.139370932468381,256.057657871702588,392.461785301201985,68.105041271360605,586.383423689670167,226.372222828613417,-922.731703432718973,-57.117904117980970,222.702954800662553,-481.370368193745321,436.641676339755236,-94.395768310018497,-224.883790099647257,822.968352384144850,-264.907450806511065,294.470632477283516,37.629113413793647,256.888989637021268,223.048344748032520,-925.518993852344011,63.632855350234188,418.129545864661338,263.787314667004637,408.510897120355537,315.747226111461714,195.693585908759161,-26.149716611112019,352.931541042328433,-68.369984554128621,0.689078466594305,124.004154986337241,-243.012543015051477,-184.349886206460184,-762.124655058174312,-276.423289295931284,-93.034504394945969,-61.690362031403765,-42.955917039141006,-690.223269768460227,46.947977580326331,995.359013044281483,-460.299403991261272,-312.239275498289601,-315.193841647771023,400.239556528976834,-94.605223745115282,548.868779373097027,-9.252709026559275,-142.175967617686950,411.155404150662775,-864.501243431896910,-234.392404654529344,444.216753351438456,-168.061375460294386,-1011.294907106089113,121.057538794326504,-286.442342512506684,-569.556962624060930,-156.624200207814340,247.719138747994435,-515.044518204113729,510.034659822047445,-127.649810149876359,529.463504621135939,84.279258771195444,-213.970840910024634,789.044534773962937,-498.033334458410138,-202.091816109984705,-40.296516762537586,32.121562201253653,-153.188305217859778,-250.564426462745303,288.225640356804945,456.127798737719900,249.449629937466398,-651.757345086408236,-194.173908441671387,580.812576723577990,311.627980372610637,-342.187134409759437,-236.248819978835826,28.722771647789148,706.744080917493079,-187.399889703242224,-583.274888469877737,-392.445165617386408,-108.121600521233262,-220.933683931014684,-62.408311511362356,130.401847192338465,531.373529171694486,-37.723955573563572,172.425087244661256,140.796345810380529,380.953995130644273,107.383839453994355,1.520894365029501,185.027910550615161,744.539230202577414,-8.200309735340825,186.317323888046246,-172.311420040886645,555.122000291322934,-489.742879511901720,322.503384773284779,124.473802350038596,-195.008774418377186,-781.402409186955424,284.137125273925903,167.506419813314523,-420.096190551444352,-239.288641019821711,-99.379490706277892,436.648345624139438,-27.004682261553658,-206.334330262404904,259.575474868093693,-134.617520589221954,95.477139814238612,178.941321215458430,-1174.168836979300295,-148.820443217983012,67.285759597023869,-1199.416897984428942,706.036423491761411,1141.266654063305623,-702.158909571743720,173.318991292146166,-553.358914957193747,1.885543503245825
-452.169387828245021,251.664692840335931,-957.736249073745626,-541.326529152980243,960.186858108064257,-69.519031586838977,134.279343789750044,114.051047120353445,582.600034839629075,-81.745155822226010,-450.572488318973853,495.075407112443543,-181.552871208494082,427.213275290231081,-210.000826553764426,-129.562675632154139,420.791546799026719,-543.896061323200570,193.906910832745098,159.637633867800048,125.804146946615191,-1167.156919952818953,-1010.447946998983866,63.838622048734223,-411.516787954484812,-727.693959126181539,580.968588492889808,-67.818280233668091,-348.000220183303952,-312.403449080606265,-376.480661644124268,-235.208257710102600,-10.349878099636946,24.090270337789555,85.452408582313225,-1015.404141191394842,-72.161565039529506,182.363795131355261,713.294049136217154,925.306050862159623,54.140539466333202,-683.347759435342823,-737.091433706577618,-89.664489931072154,-360.650370346349177,620.674443719800706,398.895350920975488,129.307972384384641,673.401168130507813,-758.176985586438263,-21.316248510195827,852.460779377645054,-86.533251931986911,-97.433421180744688,-184.464746249219957,43.385225355930331,512.315893554885179,-438.046838938246310,-189.653276029831034,85.673944898525647,-55.503348675142298,43.028787096823429,293.040334938230558,-666.095384453623410,242.716509471760247,196.031544881351209,-146.084630252331067,113.376103363628602,19.979317916563637,-239.842821114245339,9.700357315958129,-139.673891982484520,210.852797677929516,80.541039425230565,-578.101039674482195,-489.956793303600193,930.178536365592436,-182.212370694687536,744.237752205092534,626.125675457000966,91.498976604514539,753.797289076514403,473.735357038680775,-287.763643331190281,21.607267265697573,-45.579772824847588,-279.149083068322170,-339.336711787324930,-590.857053368560855,-513.984874826266150,-716.372980711550781,1016.960841263283214,606.960280418844718,-441.670960734077994,826.294489064540926,-239.806064053293596,155.442039925641922,-336.589727614938909,-333.861347484412988,115.072602487962172,-639.312760700460899,158.992599169886176,207.647591127116783,220.700017452311442,-140.540933102178883,-137.256376407057274,319.617262123708088,-234.523691779433165,524.671248031786263,139.235444887889628,-95.122797218844298,318.947200929766609,225.922932053618240,-134.570875475765234,-305.623196481995365,338.483370850013046,1293.771657367630269,91.893320255441438,-587.967474674411278,-250.390967465653347,376.138740078442140,-256.269727590460491,27.614683839224426,-602.762784192637469,575.783232713415259,28.871758886332657,-36.402193026878663,-918.509176241800901,50.632968704307174,213.073540870420430,-266.186082832447312,-479.582242832947145,366.756916814317719,243.711589486524900,647.668498362502532,-473.161342242331784,-391.928497037358227,-356.712081752816573,-325.729499355864505,25.155417731780148,-51.186647183471564,-631.953515953425267,-398.375098617434844,633.717366655753835,-662.656832586788028,317.108099486859601,478.527596380082628,154.342843897578916,-314.207638801163057,-868.614576931131637,472.222253185619252,98.371498277188124,-126.722168382450121,-155.170287139085559,83.063794018233651,6.531665695061555,408.926175505344020,57.397422912864450,558.251779170017471,328.844876793086087,42.498165270715049,-939.634715854038745,-671.904938511555656,-118.725476993565337,-216.337657917036239,541.212028002257284,381.939261754883944,134.248842650620077,-561.991153531733744,-593.894269039370101,561.503339247464169,-309.636599119737127,262.163869703675857,-537.816792767913626,-101.242214125968204
210.426945388631111,-147.225720130323282,-640.239330881138699,-96.408790739269392,-19.520486891602843,531.008134042635447,489.229368510125084,69.232462389647196,-895.549649421162599,775.975019659591908,-199.650802209920869,-1013.365516381095972,18.730147760390079,-149.249702122846003,-602.173252025749662,3.921868762561314,360.415709142213132,565.413827140174362,568.225373343128808,155.618343384035285,498.378339563642612,-153.806772216992954,474.842711430028203,299.747231567810957,-338.141645948809469,538.201667520717479,73.965773503401550,-524.315193731719091,65.847085538019016,-83.968166642611962,63.424244465674761,193.580169461763433,-7.814719614682716,160.390793368762417,303.913935846208972,477.897259370908444,18.679568695782272,-66.567142332947441,1323.733599594154839,-428.288904623677126,86.147428867861763,400.623496632312140,542.574220124529120,212.630636415156005,228.736298076007330,428.781090825826084,-433.191325781007151,-477.663972955451527,161.809229748034028,311.646785540205940,-987.978796017383047,-252.989835666332766,223.539280035147584,-99.339168002902795,-284.578685918660653,-346.312380670405560,-209.807763562022075,390.925522934482728,-717.863349666275781,-548.235638195671868,598.568371878737707,-210.860540303800008,-195.055670805727715,-120.224942270275591,63.057629517776491,908.286965102747672,-107.096513401489617,-352.184984514505572,-45.694959848724949,-279.324524187472775,-390.198537047191564,730.337814490897699,606.303159147561473,164.702322226718621,-216.452773706486028,1552.148268330531209,139.693514005249654,296.869227333342678,-169.675203007727617,185.973495586997643,186.131282828891131,-352.792930764094137,-99.666674490510019,160.799119099285349,-339.810257927276382,454.046692114917107,-355.221640766557357,-269.330883548553629,-288.048779991376819,-440.671254888195847,-8.836988577049421,280.440532816884229,22.571445035178442,65.531109917242844,317.165051879361442,-381.558187879989191,-281.047530300512392,-263.518887598106176,-215.556540220918748,376.901290307377906,-389.598758728969415,-395.034214273842395,911.674995717515003,540.839532663889486,-169.629946241003495,-68.622532189728986,-265.068144346522331,637.757613378811925,-446.366947838977467,136.009756305459433,-953.481304925859149,420.367028170870924,-391.593960063009774,312.970583109567428,256.373882271650245,67.862438097588750,2.364710339829134,857.427224936773314,543.414527445359454,-22.620880694982667,-285.620824817748655,370.225588234854456,-1229.269930708578613,180.735924055161803,116.189088378935537,-250.288406077958825,-212.729909057701178,632.396609804804484,-333.166399992789877,124.832489989807868,-308.450541889260307,197.931234273515940,-499.520689523530223,862.648952868447168,-908.926111701337845,184.639557881643356,311.972622544270337,750.050927189487538,117.567425409138934,371.316630524493178,-230.748905409641679,-270.064445023202609,-208.620870873144867,270.368235964512792,-29.473978492347317,340.505178124381928,-633.039008927798250,-198.479172597165302,152.482392123546759,-400.160921884244317,266.419625419595604,54.283679122672460,-351.047423378306689,-535.621300544230621,506.469159171687977,325.796046791060348,-647.711575285217236,180.976547982226180,-42.696760534823113,555.605563755232197,-846.530061345238892,715.874279085427816,48.820149070802088,-418.080563368187654,-244.879390637595293,454.823373876147400,-136.019706799436818,-60.625608882728343,-1050.623220764400912,-362.855604375485598,-9.816037592671119,521.226755386659761,1117.082424392598796,-146.020946075445352,-215.440988480576380
-88.427944477539995,-853.922493797757056,-33.793501486933707,-203.519387899672324,-924.435416161026978,-162.312095804177346,-332.714725573794453,286.150109819126158,-493.751493033208874,-693.590750983576413,576.059613176170501,-804.392696160877449,32.970963119779285,-658.807196420808964,-395.020488023853773,-161.955113652562773,292.213730438080518,818.552314661341484,-194.511868110313486,-425.136955493347500,38.567167344644901,154.907172716792900,140.494573188575174,-5.294777731578506,217.219004138117839,-34.135074460412724,239.048262008590598,104.756496190521148,249.743429369599937,498.459914904461016,916.802178894002850,-506.511524372446956,74.244008385547772,360.447121987206401,586.686249793773300,55.796754181512831,-413.255025921174081,241.848291336124475,-1111.348198020863492,-754.109555667351856,-582.686139349147538,-820.710985469763045,-166.921032233178494,165.721746979697599,79.191459854656586,-20.503679853187936,325.762904185446018,633.671709388877161,-240.278639850817314,-222.668910300523862,-598.602617717818930,362.001523814243342,-38.539673185789745,-119.436126119529405,-632.604103487869111,-696.984516235945875,495.363554776398701,-777.324566712443811,-120.430450192345447,-31.789745177735945,147.010958260144378,-104.913973194785612,21.276402744429042,1039.083433187854098,-460.517470616617118,122.497141709073631,-142.187335448172291,-38.201160544808175,-103.632596631265997,264.481637789390902,302.326976475315973,133.758234908563225,358.592066180667757,-573.236893680441540,-74.881459409983890,-752.932600857535704,-53.925049400344335,-145.648738560543052,-0.858400631674499,-329.192500342310325,13.463093859256205,-4.827616857363765,43.214464910434259,-130.923218220968351,257.048027772544060,-606.529834571879405,-197.544191314422051,-91.645717338780258,-482.179254365833401,97.934521149370880,-447.546088355117604,54.332977160917238,258.887297305473112,242.441484201107755,267.836932970601310,221.422182491116189,180.899175573148767,472.594961763208403,0.966980435099671,-41.214491085597551,93.329835521657429,973.193714268459871,1277.666189979310047,-301.916440174537797,779.053776620842427,-608.744989123448590,733.873596707860315,239.674451003263158,-936.244074924331812,489.297014457606338,142.138886988291262,-418.461840206573243,-22.586761582426412,-1.121938389707843,440.167339696662168,396.217388835813495,-104.603476436214152,-1159.500628183870276,189.074430526655249,264.624097560009091,-112.203528694648995,-22.331083603163783,444.046490170481093,-285.363395092654855,-450.314301044291767,-463.150160069095762,-656.681897729143998,65.604584258460790,639.197719672009725,429.957603809726606,-208.175849745847415,-46.420157196340725,-503.706989722441847,-362.590057057328409,-655.013686169937500,-98.346113723668310,-138.439588097805654,-346.167034372821888,-122.278707017581013,-354.463758681515458,-91.073297833016213,-655.890033969961223,296.204093115398166,-37.926551972965370,961.711580504881454,-1077.921795761221802,-385.183483898299755,-95.219748570857860,-6.597949340817699,400.699571429338334,-403.977972633062677,-356.611341395833222,-749.521838340870431,-742.189418011943985,-275.004835206850714,141.434646733589716,-28.520374391365230,-551.968338018703207,-435.320312797740428,396.017084334474930,-22.589677481611041,-483.833865334854465,237.249001864253728,-75.444877271186684,865.155614377195889,108.631658281779011,-2.767331461593486,-216.774198603132817,-171.179949188657673,-504.838726336780553,-254.349002874541952,-200.817808558359900,-1329.736878227168972,-316.637201977258883,12.891518296717081
-190.832134538392864,-213.320269285486546,-28.622096524719090,471.859229186694847,60.188702648916788,752.847287328746916,104.302131391918067,414.864559604276224,-640.494166879804084,-575.130168501697995,-14.965446728694655,-268.077386027826208,-189.982434054599054,96.200249753846236,-16.306987292786651,-54.558064511958740,-148.742133074537520,-358.380501551435884,4.268188663197632,-195.827032858735663,136.861546410874411,177.229690562147766,118.094481070034007,469.471544178597355,82.440136143603809,99.805914681951862,-259.765718444406389,206.198607186358373,-393.767124415352384,215.786793613436600,424.260386797315107,878.340483413858692,-39.071373696470630,-702.332317314860120,-72.042968388500810,-300.351179501959905,-409.245612225475782,787.921365813565217,116.058371343061225,-64.104673995521736,-63.711978909888487,499.803611970495012,397.223420536064282,717.291333754311268,785.288255865357428,-265.307316936169002,-399.820284486352364,238.260277832056545,440.955328167893924,485.642976187305123,-101.528737295137034,-747.878473146389865,-1009.267267127345008,-462.453061855580074,130.552622867078725,-238.224608473769734,238.845180575527053,416.442585308961725,-92.366972277906811,809.938929778008969,67.216077861716371,-632.635731697227016,-537.540407705850953,-745.481781058016281,539.628656897359974,-644.948308854054517,-387.651825954691503,531.708311414273339,31.328707191855855,79.902291885087806,607.252685970384050,51.812060735072947,-436.729768422928032,125.334111874615104,-74.830415480269963,-221.524063014018026,158.011005353463901,-68.062010245262030,134.403187429903170,-566.843167425532783,-798.567746934232673,174.432127008941791,-329.319083779308016,-867.385647994241026,13.687284530922172,2.300182530662259,-550.930360168976790,-373.632990464120724,20.190434064816721,-289.983335435963909,172.634227660076874,-606.329578528276897,-668.548858982067031,-318.875578168343736,-331.358501976260470,139.859271048093888,452.086430945387406,-491.503686302660185,300.294472251817638,134.645515323624807,178.512673260416051,-911.347160248538103,-275.801700742605874,106.801187139501764,203.164958615499472,-740.703834628452228,-422.768288366541242,-588.126293876093428,-222.024508097619332,-364.638500490267745,349.542934763375001,-302.051927464393771,-37.886522017981370,-18.691640612751073,465.855718425200052,-393.901894623536805,-202.835030560066201,-226.738151737390524,598.577449197417081,-436.126980120353096,114.922215652531335,232.090637287212047,-96.517489192223962,-305.520381673866382,-159.972211602275735,785.083356184660488,141.386665443586139,127.834660919241131,-73.893218169225435,86.250239111302790,55.085566264185545,132.866474910337246,-254.785267992181559,-258.153742296050552,302.797047327518499,281.540429511183220,55.167047251729883,212.688505729785476,275.010996096584904,-492.748518101357320,467.144764765063542,-138.841155994239045,107.218565409495923,191.200057816136734,-448.282650533110768,-818.720121597728621,-599.617991962436008,440.285203967944483,-253.623226630133360,-414.437502765185172,-242.201666044715495,189.477998219608622,783.349151985726280,5.329104629802481,-148.191541920881605,17.110286484083161,833.900603191879213,-1045.864638446436629,488.975775283396956,-422.870640805222536,433.154754347835876,-86.870019057220844,-134.893186372161125,-418.712840260376595,14.761101025066253,521.034879493154222,134.303833488012828,482.155857853516920,77.597866231601444,-18.515751380109155,-195.292585009363961,-324.056600434956636,847.216151350522068,-544.705548509220534,-26.385151507431921
82.815878905369601,970.383341402908059,4.835408718445958,-126.003354840781356,245.516129305313768,-907.753435895625785,-140.287467023395550,41.816759511110455,-286.602229704304079,-249.535378448153836,98.924178256500241,86.389832836786965,-15.814320909022122,409.632628065056508,17.648953446312206,398.650995978867513,613.453875506734221,-85.564623665174793,227.645220229144286,-394.533144037666261,-167.891469980300911,187.183978026426757,159.093125205808491,36.484169553814709,-93.852464802835058,332.761831020183195,-859.881696008948893,198.778132303589302,-681.094259757332452,-239.777436396363356,178.538049967500456,-111.948887782784254,-670.867672718098675,-669.187406890493776,788.766572165809066,-341.093834236494104,124.877181072124245,-493.196146990675572,-432.368191100630668,852.059023576591585,-50.007738277498433,204.166620725594441,188.239234508302786,227.051098808097947,-165.659300018237616,-212.873364925761479,-354.981747515269319,-138.753110814830791,-12.930999607913918,146.701091983034416,126.200827362748655,-637.816438754307796,43.611538563615944,-209.008993223538482,-269.879562357826501,627.465923563531305,-108.353482874754576,-820.853614517069900,832.321668723667926,505.981139656839389,-174.147030752228858,237.711647881529018,-408.460500711341979,-54.477435984884423,-423.745972747084181,254.785020509815297,-263.207595943286606,552.151333390266473,-9.046031685209869,-177.907622009786621,540.821862592264097,-766.508353541612905,-458.657374889420680,-291.518282017484069,561.416846117565910,-113.801096717859963,-18.668071227751909,10.372270925774060,64.845740374065997,-328.550021558650656,-218.783892354570298,550.566991826308595,1082.779941013345251,-156.212030310095344,393.510585466375801,134.380838599418325,339.570980374416422,792.302889972253183,-319.621234693956580,465.835086586510727,168.769871722960403,-861.934072554430486,-335.646546209341864,329.564236995584963,866.986062865047643,-632.099311955693224,-20.704155724652416,-403.839346615789225,-268.590882243366991,-86.690602370445518,857.402242270927331,466.633637729184329,798.781192801524639,-473.894623786739658,104.316507923445471,271.269713497705766,1271.215195066633669,190.068890637783909,745.669446829072058,716.726752347788533,135.149516043952474,-378.620424342840920,-481.590262629498000,215.584938998357757,-997.527551357586503,82.708750394475786,-1171.270838440402486,183.956180711377527,-1003.119041425502814,-729.905796153300571,-209.545646646894141,-823.302699982035392,530.649511818763926,473.984919647088191,-398.356619066426902,146.774340161356690,877.714912743029572,45.972036430601143,-267.689904037884844,368.096578273657542,166.403400688193102,302.026970260418921,-454.484414964967925,-18.506412254857935,39.558270571545222,274.450538626495927,597.067304832010677,283.087526505233768,600.071729020148382,302.011201092711985,-302.854080970124869,-348.165867591036431,135.789563384653690,384.084386877531301,-485.502197022098585,-430.043929234651216,-204.961800809906379,-236.347780513017369,223.469680873270022,-56.382101085605925,-6.259970167070453,-189.521846432723066,-337.951931194106010,-288.650586958442034,222.372217025546490,884.488164749006387,-214.843344849718420,892.484572476307790,-768.060138666213788,-591.032332677490672,-475.668067870418724,-141.394620560085997,-556.776660207680038,139.931362223876505,-580.888102508177781,-450.972648942435114,-640.858702296763568,172.968116393982456,-153.924698224754962,57.877531790681893,-167.224956665547722,77.952520585463731,-182.951300900605560,-219.637097706655396,303.161139011769592
69.959377115252110,835.019906457603383,-656.194773082916640,-626.226892771168423,-43.585984944270059,304.361914864501387,-224.590642050487332,-89.304488507922912,113.093805407376635,285.335690087467299,626.534230519881476,299.870446143441143,-495.860164912323398,-97.630070432131035,-187.611476453486318,-174.420687514307673,228.943798211263186,-395.834280940506403,510.289899133907397,376.851443589826886,-540.221573098867566,398.285069250916081,-112.520235654804694,40.976516697099058,-87.062282667118041,436.690150952041506,-1161.321719794625778,-199.322475567719920,-206.095408259748979,666.913514745309271,-503.833913724208742,227.834857349557041,-183.820371334637287,-370.089859086483330,21.430861104575282,50.259864294688455,162.480482703442078,-159.111160172204166,933.203101091545250,-368.177559955947572,-335.345207516854884,509.355413731440080,-313.182170315343797,47.024243605102434,-185.306037216447294,423.451870168633207,351.422952697489393,-584.668689390188092,-422.938530444277717,823.438861846154623,-210.304139794291871,-432.877749557151503,405.437526538470706,-263.368816090107032,-875.147436538472562,-487.067504139629591,-506.449482551280425,123.780483805557594,-529.235301871015281,316.631748632882363,788.659785105102969,-150.058248887119277,-877.447586847460116,-201.609680373689258,720.206201874423869,328.968329151278397,-537.884496694357949,-765.278829604319299,-48.506193336330981,-226.631423371808921,-346.105038824687256,-67.357224796512625,126.172120224018371,-455.721178764446051,571.641137294573014,192.047896011937183,-346.664650501508504,804.197076734735560,350.042583758396859,-425.615135404033822,184.140286472933127,213.180163187519042,240.041205374080306,359.087097335644216,-652.983944474243344,-232.276933902073409,-71.233770743894524,381.329914572473399,-115.286920720907105,17.407088013341443,-631.474229116605215,-373.817732901448665,-813.304910225417075,-142.819992059666646,-403.748704901746123,-400.899317242423308,-752.788540581694178,639.072437245113065,-70.569799168122913,-706.836080675484823,-52.289400194250135,160.126401280758728,428.665511384931165,431.920555188946196,43.151278153101963,-143.496087843332816,-645.642656243777878,297.070313346296643,340.572729914855529,679.479499376032209,-102.069998263679139,-361.091537043958624,-116.150469780719476,-520.046307865627000,-175.206052279986068,-322.354686288458311,18.597847571489169,-713.387123437495006,-419.441147140558883,63.813712213364056,183.801947387259474,-134.774501540220569,-516.379776711351269,-892.355972869910488,-5.777735953683592,-145.380376036122186,-458.939405631135230,-309.199035422802694,-81.149016510968806,684.392238481637378,-13.473185004691913,-100.126503470200547,-459.445948007071706,47.034941551577433,-5.302582255445346,-60.332939475752525,253.343762300888528,-140.538790451000608,626.504297325815628,-182.621095153814167,-830.903890171805301,-301.079802030413248,541.607136976263405,-54.114696481254363,307.112794680010268,-474.615320323689104,-384.470608567492661,-1130.377257263166712,263.800805945088030,-848.878867895569556,-157.684646252167909,-321.709430801444796,-459.373383588134061,-52.289266310726390,293.922204374837804,-603.508635462543793,677.913497817258872,-225.702729741105969,382.436333743475984,-322.358937796788950,118.684382618940433,428.649115225463106,1.456477282508389,45.694317957036311,761.628575668448434,-44.282056290614783,510.478929366470425,-373.285522914593173,457.495775917598166,-199.507438477427286,11.598035164721933,141.145866620106773,646.234904729006303,528.641274390327908,-12.510750009315000
241.436588805814324,-691.697676442391639,488.250907634062401,293.299418663672895,439.270907328120416,212.555158404826983,-608.269808331446256,-60.429871144028439,124.335460766369977,246.050452344692445,-546.558369336555302,-69.441886040576904,216.237557852973083,-143.987545627856235,289.784176674995706,594.178629504785704,-249.280848981022075,-345.957866963066749,-0.552008504832013,-1269.950296007988982,32.985718911697731,-553.260586771672251,-67.806273104139549,-111.122389816682045,402.447894628553456,-285.941559695128149,479.305675887549228,811.496210069468475,-884.136243423450310,-142.391593282026690,185.587047555250962,-538.290525835785843,-368.181499541233563,-245.104665065775350,-123.296831251872021,97.949779466942076,349.369988919913169,-308.945270620144527,-662.717639205156729,-130.607598766529975,-140.900602283897342,-87.521233218517111,125.093994017172491,-143.791412590388035,1066.819183457660529,24.601052007550713,683.471723105037995,-420.304002078367091,-463.262772363155250,31.442958546734822,-781.050272349010243,554.257142200443923,202.060882506915959,42.628760552481452,1163.401172634112754,-233.246655012963373,112.621107123032274,-95.860095561417552,666.828443234832775,385.425064354460233,186.373704648229818,-148.937343441852818,-13.523161126819694,-391.939614524711999,-1200.105558523977834,-60.474762135639303,-611.110667908758046,675.195124734705132,-398.828098931675811,492.251535057696572,-195.843069047033083,697.067041176809539,-489.267146452366660,390.784990284927744,280.796226966894551,-444.698003478309545,1030.287657885196040,-822.209450000898983,-565.785255243434221,806.627467324592885,-535.000605360861414,-221.084599689775047,-339.848870974545036,-108.717630205128955,-639.618767388808806,121.562320926120748,345.792481014791917,218.326215873334718,772.607079914390056,89.802530618161413,-288.630372547357979,-511.997384708207790,81.842703793414685,817.416482376581371,171.381085456539665,17.227340835745842,-163.090022702712133,-861.088707194409494,-375.827600767858883,-292.269912121210837,-74.254878413956462,-362.611615455600827,-618.317774167178300,-3.938450221662350,-148.035414157479465,-714.409690307800361,-343.127203848958402,-405.352813800109402,280.294060989728166,-615.032554106590851,599.397607620158055,548.374237412765524,-228.492977774162881,-575.287811701097098,409.284325398856595,11.680605315921607,82.868143461545458,23.270115275971285,-135.445506924044253,-219.403441885129723,-157.457915705845636,-324.919083379625818,-788.830869829299445,-21.260425091079384,-386.519841126145707,149.276836770588318,-436.737670044961078,39.905451445379235,-755.010900618102596,118.638298490473886,-149.802658263293722,183.453157518279909,839.115503321884034,-223.397133953801472,487.202957646983407,419.288884708772741,309.681948092002642,452.491545963466876,599.267154173947347,204.939564243110340,-179.042412657180336,-127.836521911148623,-427.304167917808343,-20.399990399415813,-611.518442297862634,258.744893893134872,132.396459340954124,-370.878011722093675,89.789677492873778,68.556522278918848,-569.571730742420414,87.306715321693034,338.804034603271305,245.880107032551365,-541.922226842824671,-306.552203764385297,-635.463060845277596,819.417200739767395,-494.751097463274675,702.882721545429945,119.907291553022134,354.461826581953233,-886.099135807492871,-690.409838619210859,-89.475130885434822,118.412602975787493,13.074304128968357,-250.979298480875656,703.052824767448897,-740.042461477417987,-636.226065375684470,-636.425561148593260,-21.632699487046107,254.177948695548451,-287.608328309628746
709.560291531827261,-313.668363180607116,-772.317156542001044,-501.754413144815032,187.758556247311702,805.793923446212261,-644.094236349684024,-585.287758816272913,-147.585164320638455,-453.118881079217147,-821.009249561280285,-413.611447718420891,-117.235409691892357,-445.212058874887589,27.790889336664350,-399.845340384076394,517.693944154037013,-100.239175631953600,-220.958464845578050,-381.109163127952286,-65.978344814825320,-552.353062285214264,-633.225976616285379,260.818015084094782,-153.563311878306621,64.524980372202435,109.255799512034883,-495.917964001719497,-834.110893005268167,100.720155898449121,-543.727521542913905,682.438771377081480,328.690647112227225,-310.929360373157067,629.432872248899685,-253.052627736219108,-537.473748667848099,-159.024122978558239,228.764913623637511,103.102140976154743,133.648048580985289,679.554379940917897,430.998322318283215,121.454226399009698,459.160488444897567,-319.833310517606094,-416.747812402104842,662.405408600165401,161.631461052588861,-882.170400260610791,-653.667166316955900,-320.850652718567574,442.565620921480274,-276.758414546588767,-275.037075950946360,12.985839556642272,468.861022181325723,-118.429699548302708,-682.279593524506708,401.228567691243711,-228.942018822749759,52.056331886901674,-55.929423529300848,-234.751958330979619,432.203007484652687,75.572992393433012,128.540212590319129,-249.919351660746770,-923.862041078673201,-590.719340378736888,182.330349437748282,303.447790145839463,-427.014736839967384,406.636177259529063,-119.768677349118860,444.126489032419613,-265.316816079256341,-304.963862464947624,-59.078317305198013,157.748096553552472,316.811822848343240,657.431702313065898,128.523895789956612,-912.049349966872796,201.882438279568987,-778.493490756714891,75.041102740664243,-37.713147176327581,-734.753170260779257,188.470517297433247,-94.698595631579593,616.113680182532335,-179.707015937627204,531.856051839073189,-82.480383321684883,726.803013948894659,-530.288186420357761,121.585102570191282,-92.730656720195398,788.706738215760879,-397.590953116895776,-395.986386501671006,421.159975024689402,191.011031595335993,61.974528124318851,-126.016304111808708,-174.493723921310163,-651.882891238586353,-106.997528575142070,500.795188597227195,-27.743618587501764,-54.725962501300117,-276.414016333066172,428.141334679924569,-534.042132153150533,-710.729043891251990,366.317295455177430,-152.714084744540486,276.206037782087719,-181.148209458788784,-157.581816495754055,33.846699307838634,55.026331973919959,-566.219671025329831,54.423757350346897,-292.879000842020901,238.093242540477320,74.509696363878206,-8.158315928895739,-130.024424215388024,341.530088646312549,51.863183263360582,536.642873271616622,253.184790484307229,170.150979833791951,-747.906090030996552,-483.921384534910146,-226.667395393115726,472.579059778453654,402.045854058757186,375.084253601490730,-800.434747125727199,-379.296176818031199,-282.513257575246712,-129.917049825325705,578.057480220485104,-392.754222216458857,-211.932828053683465,-2.445090940329585,-422.623781529418807,195.802300957748145,26.350579032755821,110.773435800297889,183.929333533989279,520.307339541852798,626.578057053978682,133.567943764933830,161.464324522780373,-376.041519126713354,122.374957131237878,299.485784076825439,-53.008087018070640,284.862385915287291,-154.194324154623871,-1227.516124569103113,852.707324863358508,-115.270619527039642,370.005435951073139,186.744170276237753,77.283217869440890,80.349122797624162,501.071790630356077,440.078667513466200,-235.756448754406023,-672.236546830248358
183.490242273874941,117.523008407649570,122.329700137727357,88.266211368708696,-9.272945323973779,515.257526232375540,406.456832724603998,665.413943898075786,179.384595175247000,-863.126119788605934,167.197569477020778,192.974814830890296,-941.986152588187679,-1080.974505879233675,-476.209404476232521,-57.219205605328668,213.360011170976890,-167.268717559387341,-927.587887675427282,-276.715873319099160,-1259.642627424243074,-91.377866469528456,-103.065703046518962,201.612929466398214,115.145118520356831,-293.033255447335307,292.249926655160891,174.928094302110992,-1120.561073357447185,-100.005699187950739,291.076192929278591,150.937701481096468,-239.645850350573909,316.383345360748365,-114.550867589548830,-1192.658692635908892,-358.040816621506451,75.412151819687068,-291.800434825774744,-969.947910013452542,18.210123732060012,-633.300144571066767,-344.213358444579399,-255.799805300659955,-402.950386971290527,94.600588845567756,-172.204835346297415,77.451440544889579,-554.591345058598222,153.925000934498200,888.649551139758273,-287.094029837996004,-244.275044220137659,769.234364157703794,371.101560206262775,54.674848269069585,-85.628581668349568,277.230590924108810,257.285900889868742,-95.844659422537305,-460.874224587212154,-155.898719079529428,129.514745650540078,109.774872886928790,451.860645525721907,-452.012350491841914,-389.261040594278711,-786.070850448153237,-639.411320875991237,34.834169802459257,-181.754588239007830,-201.583599616543950,-139.710453715827327,-95.276136523756023,251.049747913567359,-310.782095692117252,441.712051435928402,1418.018376034479843,-531.484202155601452,-385.121917256362963,-423.321047107396168,-101.916536399902554,64.087055969054504,-216.732196773977250,322.898793551226902,310.105086303006829,-408.963290168910362,-377.152641371667130,-239.398854955878988,-388.700327681197336,-815.449524994550870,105.845422047891461,0.121277134890214,-42.169168951731066,-613.731404411076483,471.623210128002370,210.217149763110569,-209.084518612266066,469.850166856413239,83.481001478338499,-28.892863364196103,754.582643963299347,-280.340671235494142,-265.575949458004459,-576.782573615489014,83.536056604963235,541.899896447207652,-47.668089729375851,912.283397824731196,669.355689003770181,269.717372842569262,460.672355862106770,-285.812985687079845,159.394081257719762,149.220693767351321,-390.153083157457786,-232.000952287306887,-282.057225750253906,570.722219458727864,-196.003920458202288,222.248033557010558,-151.837160889441947,89.816067005737892,-723.062531429492083,56.588577225515913,-264.379581209781918,206.089628778610887,-402.461367469665106,451.754813215241086,-778.377268988359674,115.126986285839990,-289.222850904894756,-1328.913992184715653,-945.046229398546757,536.913560772434721,1015.919454090034606,-13.561540408441765,-551.289546975094822,267.756124222210872,-491.688916130331734,186.294053796770697,-182.681000396910804,511.183114112042460,74.376991172635968,-807.472474707764718,-302.186972836528128,591.237848545701354,190.566184791082549,-63.283538515745825,-425.655847088690734,-418.337296457091838,525.731060504332618,60.522797031582357,846.476691695291493,-581.746764044622068,-257.817843620810208,-512.074464223074528,601.214885742002934,281.268105069523187,-765.976862094194757,44.629111828057546,-332.473877066508635,171.887278471613570,-240.089187822163410,97.656323258390501,304.021059325385409,-358.536831421489637,405.905816061395740,628.676777928133220,417.374578998887614,287.739253634271051,109.510887208880547,-85.205709468623127,-361.631050260198265,-553.343814084869564
-85.010912219001455,200.813783463114135,78.092834048749751,706.563018832432817,504.247851545619994,51.111326168946725,1100.131816613823958,295.046772885335770,-216.978415194724676,691.730591152450756,87.159444855789985,-597.066458093259257,-313.897099445261915,299.980739738328055,-397.450573125488916,626.596388120596998,239.474220519191334,-497.648056562441752,-796.947868668123988,621.634674700037294,810.777738470185000,116.522488214733727,-667.709943575812986,943.836994951255519,-202.316270712046503,-353.560268083277492,61.556446448561161,98.207517565124220,-326.370101623863263,-917.914592216342726,826.666376482833471,-54.535417358806342,-393.422941215705237,-147.478423082625170,248.268443031642335,-203.628259118066467,139.949637943791572,-109.138564441297660,-436.471273990191435,440.841308582419231,356.903810585049087,356.445376190251466,944.660097879898331,-1106.541041594658054,665.381068980833561,419.676915782286073,-65.518557785892028,-1064.378323789578872,-46.405165556045915,610.932178444261353,832.459804866523086,-689.733486756166712,-381.221645967010204,-1226.261687895160549,224.610131460426089,-227.009638857719494,-841.112860472463922,-541.024672326186987,1114.315580648748210,-125.325082928962729,543.911326414751329,-357.327567047912396,24.825431463915926,177.234366417401873,705.764111315892364,-418.919696524747394,151.863184280067856,196.427970818784843,-252.054030345661118,519.464404469454507,90.469366680501693,-432.612670865053019,-710.498677568435141,642.141951405135046,525.050567577747870,432.469859946970075,-203.437256845866671,394.461364358002072,140.559971701660800,-271.743244873717401,-358.034727317586260,882.984311785218438,913.380073797551177,91.085702051808596,-347.087586995033575,-84.895813613441277,-74.932800720329908,422.754768283170392,242.265979915109824,-432.474277929832169,-826.100586275140358,-999.815779387706129,-428.295937778984921,556.612627083059806,282.734647993194642,252.253204216510255,435.609435783877188,-309.823258592115849,512.558472927757748,156.468810434136145,989.982557972828545,-38.113188336298414,202.128534484781369,313.836360030499691,509.961746345692120,510.307315282509762,-392.047735476388311,-197.607567464470293,-184.611709889058830,-847.217321859805452,452.204465969400189,171.449420247014444,-997.823718276354725,-225.065163250752562,-287.277283806978744,-313.136903384085088,147.537348918829167,185.880401613907310,-444.490018003375269,76.343256832237344,-682.414294179755302,218.049987048351909,-698.484259885211486,-421.010776732032298,737.545129144572911,-167.618609234001980,70.620426005708310,-52.318111549931942,-382.757382644742165,-226.780434208288000,-227.613786927228858,567.280491805369024,647.928528792270072,23.496778725790094,570.486388463457843,486.251348499358983,247.060266079118549,-361.858762646168771,461.646265748948110,-400.861574039754203,907.185348867827543,-311.438957941687761,-158.258743881578880,-69.114303543998375,-579.811305547693451,-0.692020592978082,-357.969413878957994,120.049856881966633,104.086571841642353,-587.118878331775704,715.713378623800054,550.369512179664071,264.658788529613560,27.014817380677062,298.090877926698170,-245.528995804035162,-824.943771012351135,191.011448651683423,143.811583145031676,130.658890907419419,-188.613469010298957,-352.854318979843470,-576.502103275974491,548.579107157295425,90.752549036515816,616.425608615508281,430.044564498982595,-56.235728354482973,763.020385293111872,-142.876473318992566,-418.789610143595667,39.833600224732443,158.365467496543317,-141.148475991074122,-32.033888312517760
222.383968760726702,187.300262844066111,-821.619003357015686,196.989803629905595,-55.388292050590181,388.700656797973409,30.613617370939551,371.942129543597105,233.165284018220774,652.599982178271830,-233.806562375424448,775.151251827490341,-455.333520626945017,133.251930441052934,587.437483602978887,-590.269744459108665,-374.196519300471891,-658.971897188767343,-504.707981298301604,176.197637996676718,-624.873649087989861,558.720460634176106,197.094708851097522,840.500376750279656,365.243773717035879,-170.091628168036380,-82.275433062026195,-82.494210869166025,-46.554185741485483,-243.570391395965942,219.772155650281576,-245.583097118425826,117.105883268744449,-476.474565585221910,26.844889681958222,107.038940143573413,952.460083578695389,715.852386322311418,-390.074333435921915,-92.737413985253824,-8.926246535778020,462.999290755956167,355.492383916668132,-72.565832670592258,505.944327894275261,-33.602714772228140,-375.875179120494636,238.434724545771843,-330.600309940294039,-373.068465641551086,-406.920150125233192,-639.429108566368313,380.314469015061661,-245.408229760618440,589.201580520024891,-118.829332084796533,-13.770174572291182,-232.933296215050632,359.675760910988117,758.605964468308343,-37.270262576792689,551.439138079149870,988.105381696185646,56.944612501218970,499.145824539323598,291.191692635787490,-276.232265722310046,-34.825902589267791,-298.703686385859100,530.151951090025477,862.437718933184556,474.594544609895763,-309.260220596140357,207.375778787762698,-895.324882093939095,262.317647483994278,649.065338060106228,512.343319520403838,695.772429272146837,-458.190571159981005,-764.899040768970167,552.042273405812580,-568.868370830342883,-816.266787171758551,136.742787768739362,225.731108899811517,-469.953293892593592,-3.919400507612458,135.652602310722727,-50.341609128421311,-43.931073207565035,174.031467248664853,353.662706172338346,-145.938505270699721,-170.107368490936409,-91.737519299658459,404.685868497091576,-243.555176659622674,292.289256034421953,551.822956280459493,-131.433335473919612,-244.879467857176792,276.221264567285630,587.527054808414391,253.083593491865770,-61.796854046218897,824.837893344086524,-351.199980031306836,-452.162132911203344,-762.508598077678698,112.280900779768984,-450.469685644827450,-174.694790356277622,-1.558704262104925,60.862048617288224,-98.292125953144847,-433.562802871857855,-325.285502863485931,-1090.135368034598741,-891.156062410791378,-767.233278494309388,-216.590557404199842,246.236488127963611,553.295027475023858,174.706540672227931,-142.001170744505941,171.834610495249876,-535.286625608488180,-626.159012528904327,-523.741518384311462,-440.147377835379700,249.608628482054570,379.073850797200407,331.736990235846122,-180.912029957814042,-176.382989835865885,-332.931915684952969,-519.451113897628261,-183.461665857664940,51.179324946913596,-608.223283663130246,-242.767096799760509,478.150030876157814,427.776556262466386,-779.761389029796305,-302.593286948275647,-502.435707187578259,185.651187687902535,-61.154506968241819,-644.786409041070897,19.486890308221447,310.183652199086509,271.339080020240715,-290.167541100285234,-560.863077929400561,256.688324247725518,-853.023015233180104,-569.362177134944318,-561.050812623289175,718.168204210269664,299.667859867996526,658.077636487669679,582.521541198683622,-194.014848902805738,396.820439160986098,-480.737973712332121,-200.648116152833126,-246.567027283690322,-155.151379868076560,5.298375373412433,300.863162061888147,-26.481094508495119,62.785971872058070,-272.408273395726781,2.906824421083883
445.280297001154054,-401.572440178896386,-959.347965537027335,57.244941924415514,1476.828335724536828,53.343790415896891,-394.004569808695294,385.723459609063809,-1025.731398973739715,-227.759241579166684,183.929845977183817,-570.437783135818449,522.342545564423062,284.212803347179033,657.054357252376917,-60.547953905092072,-97.048854369076565,32.585011656839924,-592.274599277367429,119.681464874308290,771.338454760335708,-315.940437259437317,248.754760193856953,159.282552415346629,514.065018692306467,-335.439849145184951,-808.993826905813876,32.366590818802408,-228.112734271755045,439.272604004858692,181.663790658384755,-102.358366293168785,-7.660869579740623,-18.881658739683651,310.584974632671049,203.017746238586653,138.010527719226786,223.904042938225047,50.712239427677545,-98.671001521207231,429.833270587934862,185.607857219310887,753.226358277954660,94.309608831168305,-386.382436353907565,609.762840582230297,180.595225081176807,521.543713638754411,688.619908318502780,330.808730935632468,719.827498705493440,14.550973729897196,-414.118548449062644,-517.718657862082409,-617.424446715654540,141.637533773519181,-63.903947975519699,517.698190327132011,-682.512203120979621,-21.762721899301759,706.215668097197067,253.343507010340801,-856.240599425349956,210.307293686043124,634.887535439486101,216.654775660797213,-583.543758634990354,50.188867210462718,478.975686042187135,516.431156709764423,-79.982223716707878,-283.539965810011211,-32.744366788069243,540.636519087491592,-1012.210698923967016,-42.373678068536584,-556.384367666194066,-1071.879499041303234,-115.844810974006791,-110.301890563696745,84.325327659087591,282.959850643344566,-9.100761111427421,-208.727271924429402,1345.474493773471295,166.853100226421049,145.004655226728033,-52.453383023924275,600.212906861479155,324.310161029182837,807.924114104516889,190.133570673744089,-127.539938889254216,377.946160574247415,-74.419141638235843,-4.888660643870037,-225.736396983846276,1224.222275093114831,-430.825321610614083,301.469717863030382,-164.545831484468806,741.839828447993909,-594.813119701576738,334.259614489305420,106.088504630085509,193.496747979798613,224.420271566160665,-362.513791912693478,186.454774875026516,-206.313964537666152,-28.860340921659098,-178.885088231650684,438.515862647025813,1237.410731044784825,-752.256483246746711,473.070230270528384,-202.123713795350341,661.149024604483088,223.379682309622979,-195.168378819676832,-640.395779324773002,-302.651835635983616,-352.928067330592910,303.351498795290013,51.604438328341288,-225.527147314661221,-649.825560101883639,308.265979242230117,75.022780414278643,-414.261463194436544,1015.617276845665174,989.847798049601920,-436.756522378422574,-128.968629765378211,-287.122366394198195,191.567015193180765,-319.064903239034720,-336.570147582664674,279.438312440797915,-132.010765428446859,-356.730900347485147,-505.125160966095734,616.159100132823596,-355.650411992798809,340.111003005082125,-284.869759512422092,43.628078299654916,280.027989859054003,-29.971538047569165,291.412455474640581,87.807854544550878,-545.853244084161588,749.568971562901311,427.557948049064066,255.296382999170362,-148.109392978697343,474.378467957189571,-643.245607872461051,-156.579837127741968,-378.049219673947050,-1263.791849838623875,-667.122086024304735,224.607885255177138,403.692572960704638,-14.942084944983606,219.474492474248734,-207.051995050639619,762.254007402984371,131.882921207057734,362.287549735425443,-993.762003784115905,543.765600752307591,-47.398352538759113,500.311691581799209,199.044615052842602
474.247489661096495,419.043483337222710,100.903406691774322,-413.511759539453294,384.563527168203791,-482.124395444226423,591.614965751990553,-171.594850199127677,208.975786432256058,-521.344335339228905,-494.277995907740603,-514.841291694007850,191.352183637368370,124.464220236205577,-160.355082778669100,484.757495841715979,1037.358812600904457,240.148717080710867,690.282260504901274,-568.970639285592711,15.902933807934794,-475.476987028647159,40.421230579054075,-189.403537183323408,-229.163021588760103,143.671196481984452,445.023174296087916,-177.022085608995212,232.897560330213992,-505.304681655864670,160.102308493765804,-469.403181298851052,-837.832518283923832,250.483361817909582,-414.372368727099627,557.750286227446281,324.644100049379745,-590.014786766249586,-248.781840348725495,-5.328109777043182,328.366932358009763,-277.658709861961086,399.376841122983876,-406.431634798079017,-60.573209448945136,687.947519872616226,93.179363939353607,-1051.660814733734014,-94.311015863619758,36.459578720936662,-190.161653409803989,585.671930659929217,-298.805796550151456,641.469096158615798,-564.902113692676608,171.614934487955935,-168.128623907264569,-463.124135740539089,-59.831495794306782,-196.492709164593691,82.579597712749404,348.176749262852297,529.973982270463239,-1187.214037505049419,273.743656508493984,711.173814213865171,-284.782891987228197,108.447300630749652,-201.301109357108572,-526.489031687783722,200.311428506782477,680.034265870751938,-432.037474274871101,306.237354698991851,-210.547051582747429,159.817730137145816,813.334429453190410,25.139904137287033,-87.300200130449596,333.175483402348391,698.482776635450932,155.365871313171908,433.524515222737534,43.912798645070083,-176.740280548735342,-226.451842461995852,715.576571767863925,95.947974484469057,-589.203044448700552,427.068084712517475,-378.940070005875555,-23.831810706484234,170.147561730297980,475.417705507404037,671.506033406601318,862.574613657673467,52.576334857826197,379.444688413241636,98.213842879792836,776.905497457616661,-1054.467791425003270,-957.583154794522102,-428.731297447614736,688.491552859284866,-28.951954009398619,-98.100775067245252,-55.872400329256003,-56.274400006195748,334.728167119964610,682.445450484219350,-473.071007191238834,216.608586019646907,85.109000046353813,275.995637114687042,303.815655897479417,-318.507004493292641,577.291284364584499,283.454675377446506,-200.012431307395246,-521.525941929586565,-224.332111380338318,-290.786139736378232,-437.623664195266542,-269.742580449547063,-71.578221628010112,113.378242905262667,-809.817697409399102,-381.910107758483662,168.952922427539704,-1048.138176882644302,-823.868819800156984,-434.278031388320414,239.031861483391594,72.646278722349848,-155.989841959438394,154.229658990907126,-120.342013111648299,-118.535523357669547,110.921811871406916,180.242901003449447,-789.943426978872708,-27.330145127285199,181.697579292186219,-333.859719088129395,-531.575865032890192,-513.650257878082925,141.574779146026117,-883.917848135199279,713.988345740869022,-127.456478599138123,420.766676748966916,-131.213197516051935,216.687604054803245,191.161841230000988,530.130817136095288,162.055849219549714,175.619115495651471,-312.037899808853581,-498.447841362619499,260.386472394416501,-256.213560874230723,-12.762614039166035,99.988150445159647,-105.818604760946087,-407.869230941931107,65.889782515276735,36.389945777189013,933.764943061079862,-255.270094776217888,-309.284391923820010,-241.746733091196518,657.748833129232821,153.217972917291519,-272.715058456208112,-376.393004876953057
-322.108275024356487,247.778153823848925,-656.618054574315011,-202.034026310753489,354.258266291820235,-736.067881169236898,197.872032970148581,563.552003434080575,584.157499152233527,-684.536574424620994,118.385158604383051,-259.596415657669354,-41.405038716709576,-114.569601701035964,844.638328579250356,-199.001015467794957,-502.267789342698620,135.661727484067256,-633.919624783320614,-133.103794530953849,-296.239510130259475,-405.310241543144286,-205.004882082236634,-566.644514483741887,171.599490277990611,-488.003314057570151,585.671279421628924,-473.425399231917879,-146.894371062453899,-486.029822471891009,349.905847432315625,-427.896185732532956,157.661239615021316,584.693156566308062,-81.583912495833488,-260.614312285700350,264.038426673508297,-506.972636328179249,-253.507377578691461,-310.946317337661128,684.952694860264728,-512.863260532227741,-298.019102901308599,-1175.717167098718619,-238.096511690667711,362.697334471496845,-170.450177807562625,123.594671024213795,698.535548095080117,-941.214431021470773,567.393090495336082,328.813572195300196,-277.149715107974544,533.581050785020238,-1037.096994527613106,730.207822072838439,120.506628687666790,-77.667680812497593,-177.845253770488796,-732.516787911819847,-561.601714778304199,487.544147196576205,354.064414661042349,132.067226041498515,-353.154567460096757,-363.968725681271678,-125.733029168767445,-181.809985418260766,-136.809546911620856,-12.772119457458198,560.191438092309454,118.390772298068029,-737.142368282003190,34.935479707943003,-410.208392965280666,1077.560727684168114,194.905622389624114,-69.368018139201496,-507.668776929523915,-69.008178375170203,754.564979816908931,-208.881838438783547,-946.968679282969674,162.358894394288399,604.222628916760414,625.136934557923723,130.447106800535494,587.016820780886405,76.914568544923199,90.627134958806806,-246.237698428495378,72.023757988916245,-83.338501006935488,240.628274773987812,335.610179348972508,1112.609538587652423,-239.773529526390774,167.825368214523166,639.972252036136979,124.025288970252291,363.651690973033624,-228.734830949260072,18.358648047535734,577.434377013968060,1288.867405001831685,404.648127885891938,642.710439828894096,-165.218834365560838,494.233075293030765,341.516132533107282,84.064664720185533,852.891890354192697,234.069939184410657,-168.605880485640085,-117.515396065531249,-17.368738498852842,-323.170467895715149,81.907513357665295,589.236720192657344,-3.975685745151597,255.748673418306936,379.869091421369319,409.790991450538513,181.713823914157928,-69.832840686428653,-827.102070749397285,34.213059897755365,340.682025109491917,677.819526639052810,-509.041830122726083,426.094007970020016,-71.742644341562368,358.694920674463560,-698.415896284894416,203.289332000184856,430.027408064444273,-394.908692541171717,279.438748947964768,60.364927743169076,367.211176026177839,40.750901324086946,182.075017923155514,-39.750950593167886,-331.108581329268304,777.858466961184831,911.662136786780707,-159.601441005559849,-33.600846021804159,259.398698482488555,334.965200917823381,-450.308688830450023,88.964677282529152,470.832037738033762,-438.965678510830344,-222.756927705497731,-199.470305482430518,3.971617861014769,365.673779894568781,213.819858430759410,-136.727707949424740,-94.215104175782969,416.654201361308651,155.474865919803250,-10.681431532915898,-1000.261153239146438,778.309501631935404,328.882528140792999,-692.280716401777113,-164.663078685865003,8.043260113534247,-202.180451919085783,-206.590255398332829,-817.008476360995928,615.611244469568874,657.643360081116043
592.726157837010305,333.674714956437754,-456.178199550376974,-189.513480592025616,59.172060246224511,-131.962292586491856,-5.603416360820042,60.291200399366176,635.787850020206520,270.775697440865599,-179.311234897197608,-158.713436726403103,825.915601845162200,-522.512557839447254,-996.821843399399540,219.549537243643698,298.237566724529643,855.889737915460728,-159.463731994513552,95.464560276422219,464.742065981222368,-301.336453837359841,55.089635868502967,-85.242248120084255,-24.949509994854598,536.083581828272941,-181.575842884109449,-135.981545791668083,440.551515993795931,288.159830958562054,-679.638761378369963,-23.417168081045158,302.472988444915700,260.771010809157758,172.043913928331051,-51.647242624098809,27.580792866106769,-45.217519891117014,121.324534886305614,-408.153747253729193,207.649518433753741,-257.444664850681818,-233.505403687594082,29.771746687706568,-989.376794754858679,-205.874563952020281,136.538579415244584,44.747560891379720,-302.892903248239008,149.980087384554508,706.489475711295313,399.326030783606939,-28.423564182960185,148.820747790528088,938.365993617657182,-549.675516361597261,176.107785831802431,-281.017639017939871,-33.000345482059700,-426.842447626000876,-49.902968799222393,31.642747887251524,-88.733473430621217,824.352974603853340,-844.632003147240084,151.593969891296041,269.710487868915436,-183.767536840406365,-45.371349200293018,82.854766892419946,-748.967955185790856,-455.055931538400557,-127.795696776039975,255.503697057623611,170.082383813333678,143.028595777860346,100.125911078053335,475.099921877299437,31.694729523925531,184.967930512619404,161.138631307919923,166.241580984706616,-864.505529073849289,373.550247648136292,-396.862581129884177,55.781083892822217,77.076476825955496,643.533127824973235,-851.121491800338504,-86.901024059491874,-266.503107492083700,538.746035850779208,181.778174111294874,-610.707705420594380,-513.087710492458200,634.222162452641783,-54.001974504413695,-290.990075799194358,-108.294286376164706,382.653935726597126,-1071.971571322437967,-231.677763294556229,126.463388299647107,-90.832792409723126,-354.183769111501135,-563.753657596695007,456.715004769290033,-263.796795319749833,529.263307443107010,-259.654663143630785,-54.659163141488520,371.506896470289803,220.499861109048652,-306.236604149609207,36.417848255299411,467.360553915955563,1281.424038328908864,48.418964354036561,-280.184651300841267,-351.257981779441934,-298.073301533828442,830.489289002972669,187.906279152773266,-504.546171205275982,446.586968680722464,-368.539064481183061,-700.630317434285871,391.811629432211475,283.742822046158665,-368.158900296029913,665.851350938035353,-939.821420206860807,-333.544379634768973,-143.494456760657300,-602.198820906802439,140.191140059742850,-172.845222906264695,-801.698981806656661,361.892378006798992,-217.900544442629240,103.177414867057053,-196.857318574739452,-792.712566666432963,-61.693804706126507,95.996093196350870,348.288013115907745,351.820712776843607,57.586957673978148,232.859398506860003,-99.213058112733421,13.316875606689035,-438.348177634303056,56.531977110416470,-223.103462233452660,336.177351930397435,-437.503227706355858,-135.182566342401230,-339.297688643875176,-92.690342774948135,307.251789422041668,-387.439912501001345,-276.052430322288160,820.063579554189687,-451.169059184239472,176.395648443654437,34.227257433598254,363.844644494481031,541.102501359261510,-254.589002226519654,-232.509113571796149,941.941723667819701,793.058858667669256,863.982741173286172,-388.957917711732193,-70.941165743532480
-456.673203635155517,-525.714467830137323,163.650871234073463,-295.514194253668563,-98.080212090446850,29.181217343780517,193.303928120827919,-135.238573029420138,-14.800805380377113,43.376869714850606,-24.072755293646736,1164.014757121749199,-342.905095668421552,20.454518601603702,-1011.203792648435069,605.609521072085954,60.359244733852563,-338.152693689798355,-250.152763193218163,-227.287022204426819,-387.687366467851973,179.948607930616475,-16.280208645963249,-20.819380456729320,-497.652120237675376,-346.453249601541302,3.071573603726834,220.584964668135342,132.473839946169164,478.644404167262394,-505.718345105866149,52.770193693684760,477.143578915032435,754.733575914868538,-32.828419144881970,-384.005216378262219,142.577255487410582,291.204965611844500,-548.540581926275763,220.674183228764377,-31.537275635652151,-82.259338115779869,-134.350392789907914,-271.429089680448897,143.187115959287780,258.648530341460457,-193.051407436789987,-0.982438997453002,56.916083921199281,-160.168407757370233,-193.135121731035014,-48.796941495155224,-1.393018279694864,152.027005115547695,-777.295558280848695,110.614333668879709,-305.357418721059616,219.363298742533459,914.008769906548082,-555.679415529129301,-830.730037682936882,433.070823402438634,-456.216818940079577,170.330598212596271,266.325063126014356,-110.423744079001978,-305.520601908952301,333.678803197559716,-88.568191423721856,467.834255976272118,168.275171658733882,68.608341754858202,-60.624341347612301,-209.865021952075864,342.472898123394941,-919.229837287398595,-571.889559098701056,1098.248472518147764,-259.436341637007615,1058.886047150505419,-281.811837736161010,-300.385025046540875,143.289543411300059,0.930484779538553,407.437325377030447,-99.851193708619235,-515.704390009880626,551.816640698080391,17.322970492935188,90.973328831867860,-180.092704483272456,353.507103981666432,-160.498117407622146,48.161270927172851,-166.106840666643052,541.546188283394031,135.021202898816000,-415.128465014730239,238.871272259977502,-11.247336098456415,1029.912672219062642,618.870055425246164,90.427307469556354,-414.284155319945171,-173.258837597367346,402.138938284219989,-260.863091306822298,692.777009016764737,-542.862116380032830,-99.686527247024216,232.200917662641388,562.987259382033017,238.873893683363860,-30.383489550063452,-144.874956270563359,251.405333526157193,941.752043913319767,-136.409924900060759,131.464005867237972,492.218752298700736,930.014235539185961,-64.424866834353509,688.587889915835262,-972.516484726980138,438.726957911664556,447.949427406022949,210.136401980120752,320.767631222036925,157.848256287632580,181.383872439549521,95.931658029095615,173.566747809773574,-39.656145221025902,-201.794957560927458,289.203589531372813,-335.776936417579691,865.825311488351872,45.771370373564288,-227.218136440402475,-62.883660368908266,104.003680904722216,179.992218969763996,504.518102910325638,-69.353784109692867,-77.861924885809884,-125.023002414434131,246.339580719397190,69.490487715280409,386.856576497347476,663.145515686805993,396.694136846611400,128.573895364732607,344.490358026693343,-58.653548124298126,-192.600685700202661,-538.963887897569180,116.872528631322638,276.916896191317164,561.056316838433872,672.286171137588099,97.629391535821256,-661.423995797004636,-502.964554661719660,295.370196831392605,-544.588569669434150,432.338937369769383,-77.071984366573787,94.866708062626032,987.449480706343707,1040.142450189838655,441.291393151564534,19.486055576995660,142.650545739624135,382.785147424731463,627.001446076792149
-229.039722341835216,-401.486912770339529,157.626742701465304,-945.683813059314616,-44.600465807203094,153.993212286394140,230.105769362945040,241.607961288803807,157.955308428238965,155.958079452145228,-903.363352338375989,-21.044391993716452,162.259835133386673,-922.876733134941560,115.398337067196664,-396.471189319232110,119.437042385366809,155.794263423187715,23.301531656797604,-275.647832563353916,224.450733270038796,-442.185292160941628,237.008902474368483,221.455161881730163,-419.445899375033378,-279.003374324366746,10.130444928444277,-1056.943636604780750,367.956528443431978,278.746977410852821,24.783700756844485,-142.533115418082815,-351.922322749021532,-972.579649203425788,534.102091247040335,180.720223614051974,153.665998998894594,447.939466314574076,-324.666667490941506,-284.300146819460224,-386.409960227623571,493.160623950169111,386.894034305541823,-49.221856247551926,957.309279511055365,-7.012142615406483,86.080594332888040,522.993080548717330,-171.404291249500204,302.593633249555637,320.277012838272697,-1164.514900008734458,-28.408816103857994,-756.099444311388879,370.059572060604239,176.984829357815897,-865.697449929829759,231.250740200467419,-139.541344635045789,-264.771808245098043,175.416495940389581,70.491134735157630,-31.957957904083031,7.397986278477987,-53.793133775210229,-563.762312966594436,-173.188438892384312,-363.209041100803347,215.158678663652466,617.202304141121544,583.005233741459165,-209.287660125650092,362.861020078291062,328.804273547483604,-28.417039548597188,-45.111751496143981,-148.957786656494136,-231.290672009507261,515.721762435248479,-414.231114950729989,563.046275404698122,-442.484036242483853,905.456839373097409,-319.547991686688249,-560.999343490507044,115.372362723217748,-287.012377055058607,356.108954150053705,260.639171371906912,-443.713020151700732,-409.731257847966333,2.154048330274150,-173.445116858186339,841.051645296394554,224.659861920650087,84.819643284312875,-839.010038779712545,388.355734047377439,491.335319127615776,-311.286876139892286,-233.045438818325664,-198.749080164087871,206.654297148455015,249.151340206457974,-102.701323182381060,831.934306459603135,374.418941571106586,-515.705144664660565,334.058065837846470,128.585288827956902,-566.744559034413896,-662.468759880063317,323.827663227028950,75.338877407329335,519.884194567452255,-882.844417039905466,737.495954789553707,-302.534691456114501,342.169167674726225,171.138466442079448,212.699485624369714,99.821597154799960,67.235550064691296,-363.150743062804850,-309.354790599299633,-297.227856869797847,63.507187922720611,-378.440857145577013,-504.436454315919036,151.171543931012224,-1044.049337211667989,656.953406765967998,-185.207676599044504,-90.862406551885982,-877.867921000324714,523.614462395238775,970.451933967865671,-11.304590350208512,-350.272258220654862,195.913439318379574,1.457566767683907,408.233730806862582,110.478438583662921,544.513152224607097,-174.672816075032642,-1384.465347114435872,-973.059191816970042,888.130968117588623,141.405951488571816,-535.367540544512394,129.686918631625929,-1402.990329810128969,402.638622064226638,171.637237967530751,88.547102881653899,424.918578918359799,-310.096167293577594,76.758250649792046,255.807402546177684,-412.069151608559935,-81.329069498783156,-270.806070431672708,533.130159709763575,-169.431714104637081,223.864233752343523,767.950834941770381,-631.329234021452407,677.485177079739401,416.665953902861929,461.643190954504917,-254.933472107491809,252.827423183130549,-307.097596207248444,-34.591095701353886,227.861490439912160
530.431318572792634,-113.324867564249018,289.359326091066805,20.441937990795950,-69.864855160586586,-159.102915408965174,-505.267794257266644,46.093975783305780,224.468442177256236,202.351104295979866,-399.077087101500808,-708.100419430094007,-156.970520965394201,100.187775155562321,517.303712486399036,49.713927230600873,-178.019445852958398,107.567028057322119,302.562915630091766,137.996744306310489,174.521517505073177,-50.373472699024099,464.604848191169651,-290.448526185741855,32.770576750338563,-56.579840619684063,1223.137688359385038,535.039810096530346,890.122312807724256,-158.860770467096472,137.229654773235126,-128.939719307604008,-583.564393553127047,195.247328498015662,704.413073188442013,631.753255955255213,120.789561214616157,56.988781582918968,310.207721117192534,27.706994616013837,-216.005010538904060,-471.507235513962200,-1158.969174503929707,-784.059792108677925,167.671258148514482,-937.354499169864880,902.704411812448370,138.591199265376218,277.130850767853076,-118.949989632188462,80.154317950752059,-230.759936103039422,-214.178177645054234,485.805308783264536,-913.664579900897252,531.529252141377583,133.353238558143943,364.528793162753402,-330.768329585937408,29.536579782150326,14.264806938775600,-90.105176391388284,-230.841796264949522,441.007512901758616,-771.179016397508008,-187.653208979578267,158.217589875890440,-85.737710646632422,-961.428468724997856,177.367508662180882,-232.531535246464870,-84.269539669880842,168.287160415476421,113.485949077730552,309.419894895611549,-347.307630780954355,-195.224982180023744,283.421178406312663,-624.289129832698904,271.908079865081390,190.537528162142650,-143.919267695272680,-935.869885695082303,353.533211817016081,198.593842726518488,293.434172975884792,333.196366556225144,913.301709438313765,-318.299837780951805,-1203.622945862299275,39.169222235773454,-257.655452936900190,232.873998432346468,224.312161250811243,344.609543882303171,304.863941432635841,807.361870776365890,-892.086661606094253,353.144266849650535,440.230561404097955,762.979604283274512,152.248187062265657,-100.144173200684179,-309.013975458353116,448.042331794113579,62.376422654345021,-452.559912309118772,-579.235404026737001,197.287544502468762,41.288319255145616,-342.573620631748611,-746.350617798394637,479.656997388924310,32.898732847598019,274.923072352955558,-199.810248846750568,104.333794056680929,54.159019173756427,126.562848365171618,336.171550208428357,160.241008432605611,-243.287536179581792,775.771173770506266,236.160634068436963,-383.328973036623267,-510.655094797287347,-218.390345108666907,-749.168172131602887,283.011729831102855,347.654184705278794,42.032603992825621,-213.703382480560293,-898.382490053538845,-43.403457987295326,-599.087790880472085,65.692752188411461,-175.767479660431121,781.153616266272138,-668.933103645526330,426.259536357822526,1008.005279991654902,-494.954211112676717,-738.480928342359675,420.729053544019109,3.475237873430256,46.197422930604674,348.009619859548536,539.347629459133714,428.976706266781207,408.393451853402780,-527.904801816694317,-72.589736914461426,13.765450203616247,24.712020984000720,-200.210340434266271,15.911957304626700,-47.252288598225590,-1002.633494803230633,-685.101560578716089,-175.964244194646540,-290.348170006862915,-1032.856941231153542,-32.050208101740900,-629.932356501125582,-253.185246908410136,-491.447218357411828,146.048190253155497,366.712105882687524,122.829709857604087,244.794598583369293,177.648541642367434,-484.000657010795578,-427.164252282122789,37.389075791497092,-54.138507671173052
305.702937692199441,-124.098695583680922,508.767286363057053,502.039629510253235,-130.571657725039984,297.479780093658746,57.847012424164177,90.638027223956158,202.279800100725765,-207.228704835637274,45.325105079765592,-573.418118810198280,-554.823608004683138,-281.330213265957582,-233.665715340014458,38.848537272094148,-143.511122548549565,-203.209772088779687,30.101339205612952,-228.514511939739691,-183.069522899998873,-1239.154569013526270,25.324261430145224,-492.504015033154928,-346.417317747585628,309.582783814967229,-331.533420076793618,-368.670739414631782,226.284233553370939,543.668517182235405,-166.008432044117598,-427.100208008544712,114.168475783133715,285.366002638677173,-225.903591049543024,735.344363791311252,48.827335563795714,-295.004085307554647,-105.890960478134758,-7.956393418679326,68.725617305471033,-485.829415991466931,587.472416137178357,21.929602614423622,147.731843600235152,-761.626229998950294,-91.222530325509183,-419.742732436749918,548.430640201475626,460.514004580812809,-227.572515513044181,14.711188287514332,-599.874802198418365,-80.351723947479329,15.456783296438976,146.953279276257717,134.727446206963606,-201.154435685358465,-628.224804665049987,-417.974296517052096,674.271170021125386,317.397041195296140,113.571175558193715,-55.804336713024810,-437.316087583953333,-514.623134357789922,6.513564068671695,-254.417040491672935,-8.540614621335369,324.956052889155501,-664.712418493417999,88.217841474019423,221.495939138537835,716.770781879210858,-262.819739345204368,250.898894082321249,216.495903095350201,-507.105595576585472,-673.419044829503605,-536.443423513452331,1465.619706479813203,-97.632207890836909,-141.291961856601603,538.797127006015785,428.509800560487918,-348.787701936741769,-441.525681762685963,-670.697221002572746,277.721367870653467,-80.735409571360037,175.213041927965151,151.492856818724107,-98.156325202855356,-53.067279317542820,397.976592852318902,22.114142551123923,-349.683105992838989,-332.951327432170785,53.881018546992763,244.868882040344033,-840.946029682278663,401.736059467636096,-517.725700099793585,-741.815843688874224,-140.249098082963144,-349.778228414284229,-537.304450760389614,163.876094176258789,143.450634284864833,-648.907321719711490,130.739025569233064,194.905967616026629,205.501244692597766,702.084853517181728,16.416868607421854,51.690284388729587,-1106.310818573795814,-123.385420952814286,-250.941133348214521,-227.768532268283678,674.867042911782505,249.970225374662164,-1405.787646083256050,-183.253975833971595,-614.251781803570680,137.672670251569201,-311.226664710899570,782.144317483219766,680.207274668390710,-525.522169243614485,-31.617017105105671,-144.437056563275263,23.569943313099021,-54.134997197270970,-395.761501151952757,261.911512017039001,450.117797159340967,864.995293080397801,-340.550676427955921,-237.249509687723815,-299.061967298766660,-664.516232623397400,4.057084362432491,-390.235720110933585,397.367625334026968,-143.299507431279807,-167.938701493581988,367.253413268351323,332.422049793689553,107.080570182105902,631.940201403967308,-445.824805482261297,-224.310580583531873,-166.271058360038950,-206.736311621217538,5.439796889394163,538.358669724481501,-176.436716920858714,325.887784132789250,-381.489381620221877,-642.461409682791100,-43.935508078780835,3.735213886527685,759.962649901206532,585.621612780287364,172.838209919355137,215.667168572657914,105.063994562732205,261.821362946667080,-257.387815503877789,-542.512168305237537,-311.280559792102906,622.249634445457332,623.328064755302194,286.986002102593261
-232.865859356533491,-573.630820849787710,-184.773822941444507,-381.034559661393473,765.694000713326091,122.893311199792763,-1185.649233640474449,303.050073369041911,-265.910319141427067,-303.284886397769526,-201.683947542733250,-16.211551338642575,-318.993841709452852,376.148881593821841,-787.068842491324290,-294.774835865559453,17.150503929944804,123.780688260672804,-825.989174780903227,248.602020754425610,-408.748103687155208,-321.471181374446985,-590.398320271211787,-247.338947317363477,-181.673235265044497,-344.076129044184484,281.789681494870763,102.211373503290531,-110.104941380951303,-709.598811788767193,-696.138631445939382,-400.063009748518994,-636.267233073585203,-61.483295545834395,349.903674152826682,-113.162132402540266,539.313269004114204,107.589840776317047,286.394299669049190,659.716326764029077,-330.661502970755635,-647.233442298630393,834.378461450048235,345.872692569106221,-320.250296771364049,-104.250135989867488,586.375801874745662,273.201462020753866,-166.673060488051618,-74.521614751670356,-903.790203472542544,-44.638106130274181,-467.176113414991846,233.190552696028220,-820.567392896429965,5.854894592770412,18.372174705233142,-17.750522743202175,-541.960468580614020,275.852375817856057,155.546380966836580,-467.750761559311400,174.536645779160551,-338.149558645612558,-54.471500028892713,519.188818707145515,-119.973021459296220,-29.952881395973936,738.244321463051278,555.353781553574095,-604.045602087491147,202.168070453865028,332.431697115285488,-722.507463303822306,-281.065224663817503,-358.823141692097010,543.495184883965408,281.482846746752784,275.885204582613994,61.051387315064382,-434.551635815714008,-278.429397205107648,542.854516294761197,-611.605890176742491,718.445251295535058,-602.059161148682051,35.386134905062569,-118.385299600599325,-571.153677716392622,-44.664501459108621,-390.241583210123679,153.142824147768863,346.483027030150083,376.159284164216444,-432.619109363757730,578.429324499903373,-86.166709365408849,-99.343073192434659,48.295202726187938,-525.796336072413624,-884.075813081006800,458.161693340885108,383.758791392417379,-601.971551716673162,-350.965721320479020,296.626300833478751,62.027180193431654,-139.324743988615467,-26.362038768696511,671.797696545860617,333.753783057246494,133.189205473834477,14.843921445874098,-44.369426966922433,666.469129965695629,560.481164258115655,87.264428151069808,-278.500780432789554,-560.248635963240531,582.665501730650703,299.170918449632381,-295.034388509429334,-301.113510390821091,-209.560772521116206,518.844312782018051,-130.774107289000199,-484.375088378399084,987.250232298191008,114.217076477384694,-87.963839985186951,-391.634470746439206,-359.868774283395453,-416.244247010177730,240.252552728070725,152.928068518100218,190.654404908776485,195.861654331569042,-873.689553333464119,-118.774691596500517,550.949741250696547,684.007976447532087,-570.334134702777760,175.776711321652897,707.883029506698449,-175.643851132493751,-104.555610236608544,-157.450032064728163,-48.669249024045797,-37.800870697246914,254.775041224280841,-579.697945381065892,574.177640309684534,-236.416207229340728,415.347956638881556,-425.399167719139598,-402.868518168751280,858.184074610593711,-75.178323791881255,381.018292013551388,-44.048017188827977,-776.109583636963976,745.981042095831413,49.846492363956877,-517.433765195127421,188.783893606997879,-300.588875406208274,144.983539689791684,-92.117046761114523,202.093282321762501,-309.054597982022756,311.064587669148636,-4.086295468736779,-324.197112799543731,-269.651496475169779,-57.029113281561365
25.543627498032038,41.096531088436677,-191.988378672488722,255.016173036559110,876.116772394326176,-403.780300692108426,251.272305267981324,1083.357868101623353,-18.213292709135438,358.331163867450471,197.290534303480882,-19.818803133425799,699.219632904055743,98.314236397135147,-148.708156260422271,-29.663330181216708,548.787257232451566,431.564139126165628,756.757148506274575,510.392045792733086,-517.904484417039043,-365.278331595135228,65.424681632282116,823.325626440016322,-496.589969822499711,222.483504326325118,872.309235313969680,728.425211990634239,-968.033281027453427,561.462041878148057,-126.870608463623142,-326.335238376184009,-960.929369858646282,-346.921155718584998,-448.985025436000569,537.932533032334277,-416.531982200949756,-534.303904355295003,6.255831916991617,143.734120488919871,362.545827911798028,-513.891690930448704,-111.873995190959505,-411.422755125184267,428.042351650243177,662.633618017646540,35.070324961107104,338.796381391139676,-484.695326271549391,-645.838152641386273,305.174595922057506,-438.205320716327606,322.805136019836596,108.106019023618757,832.919918481007699,349.435877201385722,-491.632238600879873,139.478780816318277,-837.238276264812384,269.047213733615706,544.786759541883384,426.646322621813397,42.608857311199309,499.339704631470909,35.020386789331837,-310.205980997904362,-251.082166261689764,-81.049657294595292,551.197984627633218,1041.785011837586126,608.045230611340571,8.664304413860181,381.976989178613906,-188.721532859356813,-206.004418654226356,263.465106787217962,313.186096886941129,109.673279560749108,59.357633857239804,-633.091250000014497,641.583965021598260,-817.598360329843104,138.507370329178286,212.779809788226999,57.834563315228323,-338.893909253278707,127.787916900187099,-608.846103529918310,-173.250730559143022,-504.430865098468871,389.089690635568843,-297.805421101425225,42.212889135841536,-25.164652692341217,-612.492768365048505,206.451415017854089,207.537586228083114,532.559124991275894,-398.748516498567483,-424.082083099927161,437.386782056917866,-697.561741532119072,-323.683654483434395,67.176357150818120,-198.625367156264957,376.571654176590243,-190.660014384155062,-493.573258250280901,-472.164699340129289,705.643145868341435,324.417229895431490,119.483564393760815,439.834406566899474,789.775926014069910,-57.437878953312946,-308.091655332065784,276.331887892921088,56.753473893826381,-108.528505538343694,232.499875810043335,-412.635889563852061,58.838725772442743,120.831979152195828,13.449679709175903,21.498932771338602,227.859043583518343,-660.924036363697837,-98.045255784789717,575.873839038154870,-99.570102146541174,-858.236516813955063,819.895587643500562,1236.198042476257569,-286.177072113212489,225.139799888077420,114.303432158338850,-661.602026371907641,439.615490158165642,-108.953745278662126,-131.219177197353929,276.542225394758702,573.545084451177900,-496.012132681672483,95.844133795162165,-598.708254885981546,-600.418689595775959,461.580399530512295,1101.270075980275351,795.560173777672503,-261.409365990017648,-42.324591753473634,-1139.719067705809721,-354.711684975815615,131.311995063504412,332.409250837499314,618.969566928277573,-444.277916109935461,-370.933201455323683,-405.155326764603785,-35.350457982498732,-172.032681127442430,-412.995367405741320,-56.486149664204760,-140.438396071482089,-303.069556844625595,254.093147109519776,346.032771249928146,92.442885199646156,664.199082823297317,33.017741204135973,-545.098162600539922,454.930754956941541,-374.341307690634494,-218.530778383156047,-55.769384532231989
-2.357870458579409,-665.234541597441307,-459.872162541784178,422.642405586123971,-258.813837492836740,807.159626531647405,-371.052304551304644,-722.711433523606956,739.093304654614030,46.986151937234261,-680.223070290122337,-804.358561712871619,-706.561035845768970,507.934808879324578,461.840622505273132,-90.887928252278982,-754.866923340994276,-54.276035354132091,229.480761517934894,-74.618865941689023,-913.024094879684981,225.846639274091501,436.510423344116020,-233.362807883240464,169.830206051190373,-173.877090161059243,92.256599942964897,271.783352373647176,-447.300815436199514,-550.226202024786403,-195.250920110760944,-611.140654327973607,748.262664288654037,31.956504709689241,-252.543212289318916,-281.572832683404556,305.365090576287002,94.951917386041714,-198.166519164732222,-38.228535804779412,-665.882447645430261,304.822104561155811,-239.248812000737018,-522.574280184218424,521.275368302600214,976.659196932044665,196.149138369441232,-291.384975672330256,491.825586489369755,904.986986131532376,-237.315686360251476,472.505658092346948,315.914353887228401,202.467318993611343,-433.591597287772061,-838.255138467258575,-178.966822842038482,133.710564390162517,-564.555768364783262,370.179291181136023,-139.993113848179377,310.765863125557416,177.171230328494431,42.791660242503362,236.893229507942578,-271.713134614320438,-403.416296586295175,88.220340092155425,265.341167692179738,-629.443560621622623,443.585670666460203,-1031.491578768477211,-465.290773386248475,117.775421562049871,-7.077449727840929,-783.816198710837284,974.279026429348278,-80.178721313352725,-351.002377358476679,-698.442935272965542,582.086465929640326,-135.462656239963138,569.538511997550813,53.335636287432386,-709.231294744372235,-378.791474266222849,-7.346011646095747,-181.398157983229737,-313.382463506137469,115.259550204037268,-374.080269257643351,-394.365924820332168,85.988031010193197,-256.109298683998588,428.637492489265924,-162.829087972531255,425.794503110239816,-128.824486045030596,471.434738869196053,340.332529657158148,-40.903025044422257,129.041604187823907,-260.927904490089247,-148.171010272136414,245.425415116668262,580.097169440107677,-143.326225976460393,-649.257521832205953,307.593693504643568,-355.715989474555784,-278.220029360084823,490.404903889905825,70.559639910578966,-43.900623227521123,151.707549853757826,813.641287392498839,251.316366751012254,-81.961801838050505,104.848461213887973,12.438755555185935,375.125616990213246,-146.111349344009511,-289.761387753449355,107.327352728543815,-104.005114539570641,-128.902366939410740,-126.527272778307918,899.649095154913425,414.235721443124532,829.958954910792045,-66.441072906164578,357.988455306474009,840.563347454458381,1011.297678444563076,-34.071442780366809,-545.292696549114567,-269.563446525537188,-224.010051862975615,133.772052305245609,57.471273937086920,252.791529339862990,-705.846170801027597,52.386726375690337,179.793050585607659,612.007568895252234,-421.775146157988218,21.949321076987282,198.298947212166581,-304.588662617363582,161.639731670700883,208.769750417380806,-67.426473451284267,-39.767607352826133,8.251524876817712,444.156015051654947,-244.938590312273021,389.305200354319368,179.181944286816673,-692.915087984908268,-282.733214881794197,-437.808193015998995,-346.380380278502741,-402.580049351829871,20.989934717076956,198.644587597047718,-563.523935094898889,-100.305700804717446,-206.798032034969651,-548.605697989301348,-241.324018690284959,-45.488326307631120,-431.491549327811470,-106.458099943418460,127.037042137599940,-1196.737526513910097
-468.829502675382344,280.789887320420121,-780.424345008296427,458.900876291795498,133.219792754409895,110.121845064144495,338.051191327822323,378.262842668708913,897.743835695134408,1055.339125755774148,-680.466165800530689,-103.858956959896545,-89.486010892462332,-203.644421049548981,-241.560227160037186,-161.477127933355717,-370.237476744123796,-343.312677356972358,609.238655066005663,1003.298041225563452,256.194229000109090,174.112351057667610,-392.942578708208089,109.247497145232899,-526.004321820787823,117.140022420740124,-497.050692258267873,-1086.914964407312709,-212.156768236323103,181.564877093864283,235.371160282622185,840.947134209099659,658.949133275369832,-12.443451422867426,32.117308479443636,-696.618314616512180,276.821726335438996,471.002384608109878,58.968841937592529,-246.056786861402941,174.005166859679207,-93.593786582689035,629.989831878014684,-52.820934665286416,-23.029711579347257,298.967729082000517,-375.849100561512500,-284.552647486258593,64.533496413324258,-53.030962810140572,-235.634393815454899,-709.539943778910128,-322.731155209312021,-150.738918526556574,718.252311046491627,-612.912087796382707,0.058881245103755,118.028630578085611,267.399756122832969,-222.542119141046953,-196.770120967460201,-583.885898841641051,-259.027896211719735,558.441959122536446,26.400530754571818,-88.209487274947307,-251.949393629348094,-288.757102187334340,105.679022597957086,-517.841100438861531,143.330885541416080,-237.865317851908941,-17.197195114508908,-341.027417345930473,154.327291551298799,400.214102297585669,362.924771736287369,730.818143563432614,-11.613621217047015,-760.407762730943887,-417.796962776818987,-4.061396812340064,101.052453136125862,-354.275548781215605,-158.506178268599854,-274.578589581607162,-552.384933503425486,-109.342696959792519,22.119088871992133,-297.551202593112407,-627.210681408273103,-18.485074208895004,90.304063333535936,301.960984345511463,-328.163212276064428,-191.798958537874711,-516.335048038746208,-430.278646207737609,908.287390526418562,1028.590558738581876,-300.932214520702132,-38.810996644561300,21.637961296916274,950.928079859820400,572.907317964478807,-82.560460360660869,435.481414564055285,509.949942887145824,-479.974249194647541,-543.089718078425449,-370.655050393749150,32.582513535159151,-152.654340548291060,-542.625313421329452,40.043688411449395,52.473311685150037,365.357683320635203,300.077561713846649,-386.886836774254448,-232.301133121260619,-369.640819591353250,392.023948404648877,-275.319662955845047,-286.855274933918281,85.653387693137816,142.432297111771618,338.172317630344082,-14.073091957508051,-144.073197714077395,-790.294501749136771,-280.695200864258254,-656.264502333590485,716.232827548233900,92.828173198168102,641.570545866981092,-107.150187692221692,-429.468430984552697,298.965056972315494,112.470692837782636,182.348085332281897,-970.690092957599745,150.459283544786558,-167.510868923960459,176.317808170356415,-431.180525380772394,248.787482684624820,186.865661462486713,20.218010325540561,-39.855523722618230,-1072.859612608786620,366.078041317141356,292.181256395139712,-55.028105312928496,-176.221780221031707,-139.987393949873479,35.620503426543586,175.199764448979550,-24.734436038221951,298.092441990911027,500.576057879492907,-21.061532134307605,137.768044615327142,657.447291774120686,430.758495985895024,508.188066091624194,160.429677241937441,168.308850619424504,-481.337242659058688,771.588343525385312,-32.641606683142875,437.854369224808863,504.659433896765790,345.754007697320048,402.669138654033020,469.864213794019975
436.015055821673457,706.428638506377297,439.722825744148395,37.555943492101086,417.433409224096920,374.092815044291399,348.847332752852253,476.372747179464511,485.207779130363406,158.672888900524299,-429.011544590007134,121.529711869106066,-138.341760131509290,-491.424936586025979,-136.051577874172267,40.973638107960937,67.126854671199908,-657.415611666899281,-256.068734996603496,495.745376866331753,-665.540000023473340,66.663521034843797,268.545757600897105,498.910936795795294,-427.995274775036080,-597.170936762320139,734.250433911370237,-349.590885062288237,-114.058325020386576,38.902102594274488,-332.048526244252685,1496.640414966746448,1279.898168833909949,55.329214766727759,-645.189755628788248,-200.725078943245876,16.170214184993643,38.157523639099949,250.420868888471773,-201.163259172585100,47.648971240731228,-25.941796967381961,-333.063955908839091,-779.802878232476246,261.281830403244157,-212.348482142086766,617.562012877214102,212.189943981248462,175.886495491163430,201.823940448999025,27.113807603359554,-930.634771862396633,494.279161563424054,156.648472123841088,480.961391129942797,-39.528072285913140,85.964561440664085,29.995549641547647,-281.211912513005416,372.915319972542932,933.800357979518481,110.033849924957252,237.774641224536936,-927.709863874826624,820.250537887889209,-1268.980242736316768,-48.162180824221274,-117.801398144373394,-1256.498118538285553,-337.962151490770452,965.897658311301598,-553.575795825286605,-490.533367136821937,-319.470275666198290,14.717392905389794,-32.815093061193693,-311.536327581715227,225.793351643624334,-75.850434016167043,-1550.837806514404292,-195.409157696336337,119.260973505737866,8.037675613180888,328.000178922298176,581.641535908881110,7.057862252748663,-39.680796155860136,652.825705553782200,171.515934620283133,-381.976884127414337,171.633417343331985,-57.578251892605316,-181.756544257287203,-22.579548286224185,9.365991044338113,236.161076540880799,-303.298673982826642,-295.985547438218703,334.112213729134282,716.789898633242387,-390.807783401299332,-13.772875334970017,100.720321784039996,171.080882443824066,785.076436478900860,676.528978819615304,36.268631755980977,-61.919738615682576,125.000955580869231,-301.982362707136758,746.558823812886772,220.522351935520760,-256.033110790947035,-1128.816146588698302,248.176528440337222,116.748620332668267,-524.373958277998213,-142.648904588303367,482.424759096214302,-139.946172422496232,4.144923107883770,-183.227141625491214,-449.297845006650050,-490.890199443155154,668.906304607683296,-554.842355012120720,332.218723637361734,-779.593562405332818,-283.478190217839256,204.292572186971370,-153.592769115931304,111.861351059958650,-222.699092242402457,-1050.780744816987408,345.192544974363727,-125.021604517991406,-628.795198961572737,16.730817990501436,201.842435825867398,13.482123568897421,-972.493680012880986,205.017069140495806,-474.040132375047506,28.025011492016851,275.892541207832892,218.650130319659070,932.870040723909710,19.400675689587096,453.613441043007356,-92.030199600870603,402.119858511317034,796.718502265599568,-355.185021841036530,458.866442625889590,37.492382868350305,233.053840426096315,179.416303691851340,136.128351749127660,-532.840296998454050,-40.766738992722296,456.796525514992879,-783.449415307133563,445.254388010979255,463.218613130133690,-40.300420710586693,399.445894218411354,-336.452357963774830,-278.992897490110181,343.066930204252458,11.127570888326005,-519.009885710922049,266.742195610937131,596.792040132941452,312.222747228177582,190.420902858745876
-966.562361074962723,983.310018747148774,-336.977853432198174,114.768365036119647,-636.908451014172897,1291.046382491723307,1142.156888640158741,128.864197326777088,-12.688379079183026,-145.956687818193728,63.220285103928063,851.154465683464991,-550.830028948572249,-127.465435248331048,-308.984761904371965,286.929177285821709,542.246783452606564,-114.538545123287633,136.443184997364369,12.756668234312714,182.591187201744987,278.156633364955553,-209.759384909088226,644.024094407123812,967.671395791634950,256.610165369310835,-515.939859140692647,-298.084918704242170,-189.929544424741550,577.615392393728030,2.851243364936042,52.648921436681718,530.199512189040206,-410.309509511955980,-23.688375846275534,-312.643843902324761,62.546507657724277,39.069879704895932,677.985096709459185,-590.252753917077484,-44.483618185254372,56.873859757370766,211.124506884318350,-93.440145712184858,-39.681212314824350,512.711000411511009,525.130164597666635,-139.107947915383306,-675.880719562117974,273.472250932374436,258.258155158148497,432.570368239258983,63.906805415090673,-962.012137826238131,626.025662641261306,-285.713424881922890,373.083695267967187,371.965539175338392,290.952057112205864,-210.816873979771515,167.801455334840369,-600.589279039371263,-758.710938253474183,-634.364410220536797,502.067417112007206,-351.927640538865489,-684.568225872695507,-76.045770054013772,406.374726170166014,277.417755366304959,-411.786775156924421,115.218428975450720,95.418249735229907,-631.114690229271105,-38.612189313051594,-23.474271452470262,-64.312542771377267,197.475587020253897,-415.891328996013954,317.882515289756952,-49.782201844699109,-187.538814288765366,16.427782687574798,88.842594541951826,-125.408271126930373,65.598746353262172,-1351.318809084244322,839.211527971240912,274.388817036195292,441.763018356461544,-10.180812687973845,-425.313753801665257,-922.112597043830647,74.045870099842688,-229.176186634709921,-169.044508830078314,390.642198037384503,317.725988154963204,118.358155959095896,-194.825708930324140,-138.124731022781617,-29.010246607084881,42.144111786974022,-43.025842840122976,310.564298428802545,-114.531215176071740,-492.689681023812227,741.685405885411342,503.310718959649421,-16.982342247217804,171.647131113567468,49.129807958655874,-548.735180747214145,-320.520755254537846,-276.476609504891087,-416.328116366641893,102.081142716283551,-48.594141075545281,685.089950766959305,495.330211846292912,-408.541913676700005,32.395428431631167,191.191789710486546,-705.017134356772203,518.135919504063281,70.409647444979541,467.170268496200777,605.056212260949678,-518.112056796201500,-175.908470402888810,-630.926905869379425,-373.535707338653992,-34.575054291910106,-405.090198532899194,462.189028569664117,633.344101391905610,-523.005796066055950,-130.189249228543019,865.408479672697808,120.009467667224314,-704.931021897608730,39.063740108191894,16.937685813666274,-572.703223578068673,439.966826980266433,128.967204348097454,-15.651618604504748,165.253790132803630,-6.766595224987238,-395.340461892863175,247.838868180962578,411.185707583259500,542.447931611794502,-553.912429995454545,142.657718277004363,-91.161781641212002,460.965853798740852,-71.274733087437454,159.589902271863878,170.793618475958510,223.331123025262826,133.264661831016554,408.996554221768974,806.082048223956690,718.666166175978447,170.275165723390529,530.362729025174644,-254.496862678468545,137.481047882758475,-905.370142041511940,911.532933437531256,365.427792260209515,1299.981483824501311,353.406597159247667,186.416814624801674
703.309502342727569,182.763604194424545,1041.697546047853166,-0.632231712239175,343.579797114525149,-851.364350490249535,-268.588294859296525,-32.676802457043614,-30.905677474486374,-34.219850974014420,-7.766286648690240,-570.401581861078512,-30.431621271600555,-489.681370606521682,-734.553592670229705,82.978741558619461,-1116.809825689932495,-346.341509317389239,-555.758918879174416,303.098418982843668,-230.389609585102818,-448.155334716770994,-29.730751034172982,527.100277792582574,-58.871850538653817,-662.539577442516588,-102.495429458672533,591.039475121080386,135.685425730759249,114.571175338602643,16.172412285305967,-696.128937489124723,240.545575025611356,-496.438139316219406,-194.250391630304449,257.672039616281552,606.153698558249516,-386.200591641435608,402.205923594111539,-353.424875625603363,104.555240819705489,43.520471897220581,-579.068623523320753,-437.091484249118537,104.127714896054329,40.879009252152244,-181.302388028816750,108.829460213952501,407.217552306669006,217.649363878546694,52.179605804556360,597.309592451797926,46.683942812326137,339.569632451456073,461.099893259929502,-350.462431745348340,271.900345816508491,140.227963557906861,62.099063656825280,-651.628188563024082,-837.902456892981832,325.664420027285871,-16.868867189153892,-424.916611333296999,-361.499606656148785,-749.850321511242782,-74.224140104742816,-223.964965032869941,140.889935589753691,-285.023296195854527,-565.586329922852656,-409.026087348960459,-645.451196740808541,-181.661550764674757,-249.109558396430032,169.295773245083183,-978.791579390282209,356.715103904282728,285.258067487562585,89.216803702081663,165.283422732917728,551.233038590070578,-135.588148462214065,-31.875778431745857,-317.537029260814336,567.325440953065936,-156.773908156963813,120.417635719251180,-479.192226324811884,305.770749057410399,166.083660658037388,-119.886461882233647,21.242840760658197,666.305723567514065,363.217146044998117,-40.880245140955026,715.541840154074066,-83.287029573009448,399.780148651112881,-425.804353847996140,-810.488487500348356,-19.419729183184455,-417.971496195664145,324.772572519106347,-634.896914180585441,-358.644936064530441,26.151800924478852,-793.001195080248067,470.746797926913928,-153.213754037880591,-476.484342513697868,-422.286182113283473,177.263090291228025,-236.692408659829340,-57.861159179639571,133.303075431743821,376.285461108871289,-328.508941564356519,-22.730547422643667,-42.584138657414741,-452.004959392629075,852.705295843854287,495.463588269614377,-311.266396046686225,-4.888392909838622,316.832396783341039,-403.078481489254841,256.954143708889887,-482.621008570525703,241.368870434273390,456.788605726473634,755.334267291781998,32.479683429922034,-389.066604796385036,-287.226795815095272,640.902202973136582,11.177007330302679,66.386861770335585,-251.572282661934395,278.014176337352069,413.635239039094074,207.125447991744807,147.682668995506958,-74.565780912693299,117.534481757394786,1.806568910124341,-360.645626476074824,-352.556692328799727,-33.125693985268086,506.909026424008516,-755.298238068437286,-148.949575675866413,1147.968860975192456,1457.264759769699367,91.489410649120885,25.740911890344211,-953.380427609010439,-361.610972910849569,-178.205470448238884,440.708559676786763,-418.402195046221834,39.877906141056897,429.804823190732009,-27.155087895450407,-728.643441002429995,-579.532151893005107,608.350731076972806,-383.982936521112038,-814.669983889177502,358.322280093445897,105.835350305206831,76.225816145769343,7.652539687211259,577.617531373115753,19.886188956801298
489.421391467151977,-513.267753255237039,-75.268174704929919,-5.737303607088592,-185.678472760367498,-205.807050834567946,256.295304185096654,-160.188329149135939,917.497775557722775,754.211540887447086,-497.858600299563761,-430.803995854077243,42.311571544098612,-176.257593800632719,-413.722606863877388,-40.973320399694551,527.285049924142982,-455.052331468756392,-516.497657996194107,412.183675793150258,-227.481110940472576,-207.972298864371538,290.683982814234298,-411.599918373009871,-457.015062137757866,-398.757348155421198,112.339963873359949,-424.670372533801356,-733.492786582054805,200.508303964184904,-287.789750467093825,639.268208760207813,41.951073557922278,-44.889693056899858,-393.363692296209024,-253.219442391119003,552.478211866822448,-295.319964596808575,693.630859248949037,-719.328648977254602,187.169121484291225,23.530201938781211,-80.167465465868162,-131.263243984692423,-324.156797962462576,215.721075134595281,-266.221749351842845,-466.643213389737070,-492.193714468011535,-150.350911070093531,89.579796727262760,-387.868153643502694,-168.759226405623309,757.288225808104244,806.279224165365804,-207.562453056713395,-186.276779955616689,478.124580148865789,234.436193554821529,298.367353650893733,-17.870790018432565,-56.552947925503020,716.857719238366258,32.313838925486102,-217.171178211872927,-543.592847239753496,-107.650446753391066,-133.138526435859774,390.415456334601231,87.362311015320245,747.452702190338073,-325.465091201169287,329.998210886203651,-198.963628332866421,-492.860988252128266,-70.239053806545598,151.957974373563047,-215.426283326691191,-661.134908990434610,71.847189325731023,1002.008896247176722,28.472742825214493,552.610173134808633,160.854377620023996,-802.636541956245992,683.067612180866831,-311.405901970363857,-341.961596821125113,245.393391356718467,203.069095320088309,-595.548347979347227,-295.275393921814896,94.593006936479398,66.862243300830912,110.359199416330569,121.016720189020660,175.181414928759409,-233.206665384880040,208.640328250376285,80.902010577863990,-242.775545118613138,357.226814928795989,201.748636179284290,910.466338538662171,205.679880222161955,142.662942203476689,-1215.437139500387730,-630.971294308880715,-249.077914378740587,465.500454343024330,768.874026100208425,503.677589395658458,-392.339084314001695,626.657684282825130,11.598115512466663,-255.340691932962613,-365.223531837245332,-769.745357501959006,-459.896621514070716,-374.343423244930989,131.550380008108164,-364.268301195090430,738.739268782433101,-152.534646664266859,-138.654788819118693,469.720444613679490,-507.256548586109943,244.030576111267209,331.432141665465906,-557.863437364024094,655.743122193160616,-663.762487044402064,-263.254481983893356,-588.034256645849723,18.325405045025771,306.960801829437287,51.436603893496425,-126.890903198356199,152.094449517287444,292.627302791508953,-670.858157999379387,294.961313398942707,-708.699317578422438,-373.967455078566161,13.391243608125363,-436.113638442302488,146.714723803492546,6.645682635758916,371.921991551510928,-167.814741735488724,108.541826378396195,-517.847562587245420,187.681994943305170,-400.636585955998044,-147.627690905859396,-169.579899965495144,136.769723000703436,369.266125491575622,-530.401178875968981,-202.866428872177806,292.916829386365009,939.115949494680763,779.657002277853962,-479.538901629909674,-295.650656070643663,128.229842481388175,156.298925011876150,-208.363506242297461,428.985980541468678,345.205068815782056,470.767185505389477,410.585053691608834,-21.235707234397488,-629.343037913229864,38.591935454659598
242.249654976110691,-476.329129631149215,-215.005267818175497,190.032150070729386,-721.751179124868941,-27.364522441745251,410.178676359809344,-267.762732138110493,-296.382749368372345,-398.568546711660588,115.883398169978292,26.485942996161146,314.879933245872110,-67.495080895290513,96.429110245651671,-213.762363698131253,-25.636905529481716,-1190.414743518011846,-78.384819904761201,270.806570506080732,-252.114736745933186,93.219681476788679,237.246111328405277,218.850251455447307,-180.322395545502360,444.308722347821003,-287.155137803169453,-158.112494939574674,360.392797312526568,1294.933697581786873,150.432954293870978,34.580647600124045,975.696475544770806,-357.494400797323863,-637.853114403061909,-264.746792101342976,161.838151729748688,-275.030378554627077,249.254185543667887,-437.842582984389765,8.881406813964352,1126.207304891277317,16.320791152382775,247.796493837039264,792.080513330111444,-307.481880493054462,224.744452436856108,-61.758784474431131,256.193815419040789,-184.749174755944438,119.169713367191051,-589.376890148247753,400.813982880682204,-658.217972416895691,1400.169219093256515,-971.085052876705618,807.047395609985074,-74.334812971574550,365.875874077807509,272.732936618255508,-173.487678344134622,665.159726419744970,-278.429945723911771,-163.040735390607836,-338.093277498790883,-2.193343465728939,180.230433057038368,540.957037237788995,-155.919289515739791,-24.726448105195757,-389.752235002757061,896.275667171445889,-425.074498089493204,399.908354607564434,549.058237305411694,244.391939116868684,-180.788299747546347,-547.767717690932045,-102.962994350843658,-799.092748975771997,-274.055260950000729,369.804750636416713,-662.386113101039541,1270.821829081618716,-185.529122371761844,-221.961584461544078,-342.999102863688961,-215.620824495804641,189.607495815619103,49.604611514687861,-257.242186510209592,-58.109337454243246,180.398076457168713,94.946283176502718,251.602032557705854,776.509232225731580,-92.698403613035936,-386.994588584389930,222.075964547819353,899.726818817917660,-476.859012181962953,-434.987553243402544,169.998836673499454,784.553450583208246,68.998377644391951,-98.197043681299348,-393.473997561686247,-140.760721487817136,-1288.668373180129720,565.351201247296785,226.312524762138793,396.851775178692947,-686.064477194788537,-44.817380744997863,326.997467173530765,-1009.232929438064957,-926.711719942640229,-373.906201463362720,-419.584194153860039,-327.643325542455273,-596.852162203711941,433.782483335176437,544.411860870494365,-498.183262491772211,-580.690276877456881,-36.398547186265212,-77.388410196383987,-500.357903074697560,295.766735014234655,-359.946091903315221,-239.881508953942330,-33.364896811210201,487.483105666520032,104.356412087991245,-535.660192152324043,1174.551407197921208,-542.318307994138763,721.126888244608722,-295.466846224661651,-291.888247352096016,-607.094229251524098,-422.366023921459941,464.476480136432201,-249.329230144610136,-235.713104131193603,203.515313069026291,-372.772610452794936,-519.054717721416182,-375.454001552421460,-136.756663456105684,20.903243759320183,125.416765308131943,-170.084952015879026,451.309699552155791,218.119044582627055,-218.220147421371422,-57.997586437709579,-353.818124736673951,426.174073682037942,394.671117255024967,734.084966373481961,10.895487491357523,64.658655949207287,-106.577488843901179,3.894503488175556,-182.816689271989873,-326.919834055031117,-500.901973395553227,-469.649291276901408,-548.118446558688106,70.963542026149938,-325.822749984423240,530.854551790559981,458.875135671797580,-88.088549986121862
-177.841883211795647,-578.244027259925701,409.008064741332532,185.231461956728765,388.830620047078071,416.761035296262662,-341.097726875078138,14.621758196976934,-187.846842347549995,937.214220429307488,-466.315516080857776,263.146831428067514,-862.471913800617926,137.352027187969384,-153.362806216152791,501.529942654278727,692.067853527576744,79.716645041573898,592.054778745426461,297.035242214650111,387.528125740521375,-152.678332342344845,458.540477460905720,-377.101094733318746,-77.641960045453914,484.326337523547068,899.029516471726879,-159.464495383038241,546.542066486747785,248.728097200909758,308.103614554461160,188.643097720207123,303.488100635159014,443.756189435412125,-358.609742896874195,369.003134784466965,68.424565306152573,-228.314053741048355,-490.946704495442646,156.407162177023594,-82.024056714833549,-64.128810058419603,103.527170338351226,396.894312185306717,442.066689133627392,211.633103464795539,-1132.814210448880658,135.758230128615594,131.662304604333769,104.110129236505088,-946.373498934623285,455.500080975757953,-998.228075473818535,172.150787721452275,-560.632215452093646,-20.799747524989968,497.683555658112368,5.213000601666188,186.199678231193985,-1.278862913954441,616.463129450768179,-183.641680399069514,293.362411032225566,-656.698013661969185,260.276539513339571,58.906470311379934,719.176813875693711,-204.909403851210953,-914.244006079017709,893.319346435634884,-99.202112955777082,57.513411287314618,-429.128993551845326,827.816894524025884,125.048763013044990,611.597559735918253,930.279843928752030,101.923782055714383,-647.651788481825292,-8.858414369200069,-230.172093038752394,-151.652644791110220,-197.765557921044319,-249.043029371600596,-307.508980485007783,-317.780936192460160,-147.446821403088023,6.818752698915084,79.566548705736963,-470.835616988334095,-441.620737401405108,882.213995827246890,149.852794716522880,-427.626446007750701,345.902385975612560,399.350995853922882,-853.583020799082647,-746.616520346891434,659.827547205047836,838.229942482412980,-159.435148402972686,394.689905662551723,34.986268644494430,-679.296405538275053,691.144407914462022,173.362815112435896,41.500362717963938,748.795962272565816,-592.038062282816099,-82.691452083108061,99.534874403396230,881.281272563141101,384.725052469106288,-149.623329980815157,354.606349275555431,56.839813362651867,719.457178288470459,270.009595074400920,191.818864121009824,431.809219471323104,124.839730937683370,193.970517552362736,-302.769807746700053,23.553757677013401,140.703768930004969,-633.230526510628806,13.436351709033119,-24.783262630958120,152.590241803959287,30.122141804605036,-676.171856057933155,-583.327338005273532,727.373048988251753,1071.940640007825550,-411.866422890196986,458.898188132646453,42.257851796243628,966.066454079501113,87.487038259314147,-94.812578097433018,14.455120984514174,-395.190822048151176,-357.733193569800051,623.073375543112661,-110.465719591491975,477.325735152562061,185.795249525431046,34.757702078689007,100.704045153189384,-391.997108711658086,-96.816636187115407,133.685113397943610,175.739602337505062,-331.671308756875248,-901.611056405083332,-481.352632593604710,606.989900837820414,-250.017345216852902,-742.978410145383805,664.053216488259181,429.718678593253230,-461.676335624530509,298.496367050127844,24.142821572640329,-338.394634564378123,435.551979912907427,-174.892703190200621,-460.682073853899510,908.227678135387805,469.857243439477656,-691.600652989322612,-212.216849958093007,117.776915766338732,430.458552897773131,-146.914631513550972
262.882389773458101,103.959350865628323,-727.122559155439831,-505.653709981966927,-383.186194876642844,-113.947069687425213,-258.262409832254718,-759.518355601195253,163.892692085390848,-208.885728758300530,179.173758952707118,501.820573839231031,76.173964517838854,738.703407351425199,88.773790095101916,72.542452914568997,18.092465265233781,93.886168159811476,-49.940333805469471,-105.586743955100957,-641.427650750666430,448.689352192980323,-280.643383305215764,195.105097687537807,614.808796984412993,-849.193588178746950,62.419611761401029,353.364425234130806,-108.368548179787254,300.922859783797321,-290.277499691249318,369.973585569189936,-233.151670920423442,1115.323267779663638,75.796113854756001,168.618239488734616,479.323404779370208,-538.629828108001789,363.340983599108995,213.405875240999734,-320.812352102720865,354.260612613675562,51.945511761916585,-294.952405667858727,-405.412871725974867,-30.308222719253550,-440.983804553161974,872.956128647800028,565.056960244406582,463.785317052439837,209.809462758285832,-23.853604678763347,230.389250094629233,380.101590301016586,-952.669757326372064,-229.310922742448724,48.517552590516509,471.680472924584762,-424.759641046047420,-367.090812187459392,-562.666403712825627,643.424500113854265,548.255118595675867,-73.380750298901390,571.504177305297048,-78.122163872631361,-103.767990521280737,-40.367012838210258,320.903035110128428,-397.373061128797417,-156.636722503472669,-510.908939840368078,-443.923375423242192,176.045427305612435,-554.280345918586590,-558.345916840383325,-371.397901230225614,79.375005565521690,125.323903343281714,-308.073298455346787,321.266997104178415,-397.247553879192310,-589.161508443334469,-367.887953827407387,555.224601777407656,-559.054821596399393,307.251228217804567,469.061529001957126,28.054877537304979,214.432685030717465,-292.887574406312808,431.030450037835067,211.036466326676674,158.984517691403596,-171.777694965835508,714.218051236679571,202.343935803141107,264.744700533472326,40.367430253874531,448.628866567306318,830.070505887990976,518.318431016880709,121.778721419395495,1.298194006828095,124.359420401639241,397.117146675001607,64.452059663562508,254.236537176082692,-840.905080173944157,-377.041419520779868,-116.122339108962748,-216.506143283638664,302.691861313015011,300.081887035338752,-688.091426403785704,-0.115080476187181,-14.450540913126313,165.252533748125046,-440.639878534255331,128.796328857315558,-174.828384347080544,-134.954997904764753,678.341453520535879,56.786055306337417,303.000581962348974,-363.340502329069352,-462.720164299644296,-427.259543129821111,-87.780224288109849,15.628071687522148,974.120179261782937,-254.163104421501259,167.321485596149842,385.550618914321547,649.069627996163945,-240.006926726518998,363.281494701999293,-360.808193556433196,-819.390060308796023,176.173389287377290,331.955012521369554,-558.116869250977402,58.330096691100550,-47.853839886932768,454.836657636558414,679.178038256234004,140.027105499687138,-95.247050794422378,-321.828681700488971,778.682989483206711,-413.298829190098672,-213.886744097533494,-182.799808483645677,-329.584782149769353,-87.952779052493256,-880.950968645531475,82.726853588251586,-663.313280541780045,-894.820370944019146,39.830256504359696,-495.426603207324604,16.722443020502258,-150.813537480758839,599.943781762851586,-291.561573202537602,-51.241910426012431,524.557072766241618,-704.209352706876643,-370.502862175387804,351.651412298317155,762.632140914183992,121.503907143334089,-485.700973949848674,227.250711707988529,-93.406784183834986
20.213769774838134,76.672796067038220,-512.336216790187677,91.192734039518484,317.158205336429830,239.235775844445897,-505.406786729755652,-131.780841489490172,-471.019280954512681,-355.471982258380308,67.803881405395629,-52.098704591429303,-114.094372341468215,-651.719322936829826,-122.289901765366594,-741.718174923697916,377.589957134159988,-46.422640996166869,131.224687221450125,707.648703038510234,426.731874066585249,-188.189153639419857,176.958503576124343,-173.060402838396783,15.377620397291532,392.901327396698377,274.191871000410970,19.096545837118629,-462.487815475340028,-496.068286364429184,62.004835020481408,-200.833961371966950,768.308493899839618,-552.854969143679114,144.823817675100628,-478.076980111081355,-253.045644297301322,-14.574892912564948,32.980334601044518,59.371223408563239,895.524163620077275,-430.756421354701558,-124.646160828092889,979.462721989196666,-356.693592835306333,-288.360604182410611,-21.961154744044123,562.965977438651066,-248.542743824681878,-920.821317387508202,575.775199833146189,658.295409052718924,-91.653718368680686,209.033294708200600,60.610409030588741,263.465623456321339,-69.688510880324699,-421.446600486447778,-11.100658915254764,606.314612175534876,-285.842450290291026,-532.441392753381365,-435.361305431621133,142.393649248419507,404.476119715876052,468.656294584134912,63.229116931712881,12.651649278990156,-0.240632454723318,-447.230502234529069,283.599880039420782,-220.169429362652892,817.115862764970302,658.328094600048757,-832.620208608049893,-463.368874175936298,252.143183195068673,330.285308996553908,495.384674258777125,797.713783055637350,108.840225319987127,312.135171356025410,30.547873689959381,-122.142015608067851,245.412771020626195,-297.879920951844838,766.639096117157692,-500.196268443569181,-125.095154424986859,-896.999333297637804,737.338498134511497,446.411286267235141,-59.905481135195195,-610.484107716900439,75.863592858787129,398.232017090452530,200.844219834235190,106.756102015129756,90.902100564039614,-187.856324058251516,-175.515398054967562,-556.463743784412713,-194.786760258462522,-71.766862662289583,319.042216228082680,-312.555712148461964,416.631824471638367,-150.635473192363747,-509.585609587032934,-82.028723625077674,207.864926558085926,434.468391490843203,170.238126286866901,839.162241623872092,-200.514203627468646,-447.874058996058011,-363.249560841611469,-62.252146681816342,-197.188446620546927,278.083645424177689,61.886839809366279,-115.302977457794441,-390.127402035276930,-487.041423625691209,-127.943666591794951,365.182073838537463,-1240.405090140331367,-70.614143122291296,99.105952532759090,436.662630001337618,-795.931882302021791,23.035016985493897,-500.355288505671524,509.447002435346860,-703.892546196561511,367.314972539619191,-144.951471657491254,-139.721460776768737,27.792878757726573,-245.202510703178120,369.748408147852388,-84.375709886999232,318.091500224212950,340.115585664204048,-297.343846654734989,332.933896095228874,-428.116182972373451,-747.053301980718857,-53.013466644350395,-1106.781823254044639,812.853219912233726,-13.815601009359190,-455.556433935302039,123.513127430915105,760.747552325279685,-582.021204101506669,199.616080353052922,-21.627194096138449,77.074938621194804,-562.791440063792038,-295.753155050486157,110.260126773733603,165.733117304019828,-987.316948566565998,-329.735927351699615,-1402.986395058764401,42.519176722917173,669.822156563603926,-113.129023954331586,-520.859345146484657,362.052146727727290,152.425345749736664,652.426805594964890,-619.881656307375806,378.734854316751807
-187.057534948568474,396.803092195981890,-3.125469839249048,108.725591809248357,-696.862142893467876,-260.839583521453164,-63.604826855425181,218.988711780824929,725.795066422943819,956.666395804999638,73.667883781790124,-291.890795393624614,-323.358171773196375,-146.720827001142084,-3.942563064231777,731.687738984139287,100.959856122324410,201.053050084725896,-112.810855888973052,-274.921278545539451,682.338004898225222,194.430129141918428,-193.891633904033853,359.535507908417514,515.597622728070405,-229.873019404051746,-480.764145575662099,-552.738258853286538,-213.332270088230416,-130.245691675441179,431.211235690855005,189.800947043947275,-173.897009963127118,-323.600828899547309,549.812112550342704,-683.652777359807828,115.710706373183768,-819.096584362872477,-3.140582206410137,634.386784932174010,-520.252697217766581,-503.482836729835867,-49.071965631523014,-334.293105216336926,-246.271164648621777,285.687838743489863,472.739622940497100,371.660302485379589,-149.687332521773556,70.951602474789837,695.761202544259504,481.399979691125225,291.811764024244894,-426.631328740843628,11.789492098742423,121.533458603900570,-206.377625805424714,-267.078805361701939,-95.378260796119349,-399.469492737044334,-48.647636446628788,-165.655289114799302,241.971762343989866,83.715580637651911,64.214275619223997,821.275054854268319,-312.120938900943543,2.719277965652978,554.164984044237940,284.840061290527728,114.065144866234732,-368.787028132635101,-97.412345945569470,-49.733254345893819,-649.202758081921274,165.505990955941229,47.991688611670590,-880.169027543373659,166.355715360631081,102.267703847570999,422.273051193726985,612.522743837243297,580.648108018776725,-77.212048070436126,-239.549619187773033,-22.056414025019482,71.821943179860256,-117.445869235479222,546.095149544298238,-620.842580193097092,-420.797301512765387,-289.795377426146217,-524.019209836299297,174.777097303308039,701.214460213114762,197.312955193585481,-35.148156318441394,-43.549732377543947,217.345260297480365,-557.039231480322883,294.457878775003849,404.847839292848846,-339.874457230836697,597.371840868693653,45.428995390459818,-238.827498060608889,591.400043747302334,122.471500008376935,481.415798655175934,-65.334159572556530,214.390741787945245,-723.406005466981696,173.260795729035181,454.335275666483597,-228.881318322012987,470.333575929599760,58.119840466158209,-381.054572495852426,-203.918308226092734,-529.475704999817140,-148.094017984789332,-399.292497007438783,-333.642656685049985,58.992002108805409,176.625387823520782,-703.598586444261628,353.134291282965762,-157.322869213753904,-323.408588278651450,541.567084410491930,450.839327139094507,329.397523319641095,-111.618036965655563,-661.547583135042828,-214.770285878455354,-349.865603822842672,-531.342443740576982,-442.972303251042888,313.592918835681701,141.114306309055621,-289.277330706264422,-376.123459492800862,-590.441633957875979,-1059.272557290445548,217.880662648180163,652.465143250486108,468.652169967533268,-586.200393728055701,-499.125667297233463,536.431855099224094,250.564821246885742,-365.467983151087424,957.596666141709193,-304.643760472275460,44.455689592603740,-108.292665143951510,-287.958822943765767,453.580020072760476,-129.691646203028654,-62.795673419487784,-518.106156676231194,-162.352974901052704,261.541453032872596,311.360595660201682,223.305651599109240,536.655867577841718,522.908256321053614,-110.462608296571148,-91.737522187163933,-179.781710779274420,-298.947924750243885,27.051774379641905,243.132171445278573,486.042443593510882,-494.928143068827922
655.643681935494897,42.268390385251166,-148.404088372210879,-86.257120730256048,176.542171616448115,523.170375952040672,-656.408535108479100,-287.993147020061940,-176.356392210132043,275.907958594464674,381.435648269447370,-617.429161015942668,-282.447435540454876,-176.489824153704546,1054.506263102215598,300.094824473653375,-247.666540362560085,239.908104118488353,235.381778508435730,60.472737038508896,-54.688376344508782,103.050430201450595,408.423751339891737,516.599814328740308,-799.536011942834875,-736.149369158846866,486.259187541173958,-263.091016938907103,-965.250971071368667,576.190944575503522,251.634750020959132,333.863804051019713,465.964797404438173,523.098198562341508,182.022514721085344,161.425939094598505,104.082708555753527,-537.956276143243372,473.502405257879104,242.567625167971812,-276.137881193985436,32.836379894667822,224.317168474151288,4.833261991495864,-630.262343422724598,1202.988751953647352,-537.993948561728871,544.352579773321054,398.680255345023795,-246.140785846007390,-891.969245858918725,497.604813275246443,670.440212547047622,-57.858040111765177,-322.484434751043693,-519.085704264229548,-390.745004856843195,74.064814578139035,-981.237486265535381,588.983020816624389,-45.572264965382260,184.550165329000976,328.283171313341370,-138.119810551976030,323.728858101991875,13.020495518927291,130.164376237380310,-694.432592667512040,884.064651720772986,205.144243629992417,649.539401648746093,139.250809577074193,-254.703883649687782,344.509754596384482,830.554626248304771,352.500801416423144,27.636397527595520,281.051050835523540,-112.650021955322288,172.896715309552405,-432.582162384136552,-147.042310407701194,203.288800019394671,-712.915960373679354,163.533120980100023,-418.026092770399600,100.930875556268361,-905.773357962076830,-360.892939968035535,707.109596764896764,642.240563692192609,498.227222194107810,444.267102455309100,-113.127666079280687,-349.830502958656496,-79.209715988540424,-632.889344910230648,11.442465513704342,85.171392089304831,-23.060332344523932,892.111348991671548,349.581808271030923,-485.408816163303300,306.630008244616931,-279.386206475889196,-465.016570262587322,-873.013908539427007,-714.459629994534680,-216.651131880183755,-187.907152962658699,-313.228170383240581,95.114651194322732,540.362100178644255,237.043506918767861,85.522188084298023,135.322945864107993,432.908925988471765,63.026590532548767,700.382033204338768,5.487547308591287,-317.930073105207157,-309.261644838083839,262.049646756117909,-380.862027441645182,432.637626327366718,-88.609827498966879,-754.726281507877957,139.584396413029623,368.770566822903731,-233.052832218910027,495.996343223744816,-320.201094801239947,180.567711425538050,-44.910485673694751,-233.603887683156756,-431.176358624314275,126.792033759409605,183.433903360859773,1087.073695123229754,190.385074129853365,-261.847942549950062,392.594372476907665,27.372349382711356,-124.053645685837367,556.867817881457540,-62.093741562696863,479.322214515423923,-54.255501637284986,-539.234190334569917,253.525478064729157,602.331395910212450,36.595226478594284,-30.959681178019032,559.755599672959534,13.276704641838627,-649.722012623305659,-87.540164725703065,356.180881774847876,-24.172264882095213,-19.193150580006840,-100.214273094836614,-105.555515888720279,-103.356236238526378,404.820518736419672,194.779607540917709,149.182385635493233,55.398201041906489,-463.411485176373958,378.609157055044136,117.559128070977437,266.829773064807284,561.885982401233377,-214.765052567285096,-645.661826395099524,-608.014831846061838
-291.402400610367863,517.032463852556020,589.811239339035865,0.461579512608875,-3.116559013737382,142.213829111648465,-447.654746421170216,334.035042417140687,194.564591714017695,358.788492379837407,-16.844113481607696,-309.532701560232738,-270.556565545770411,106.281692705921657,-87.706449898494313,-650.113270144548892,314.997185933147421,-49.382701532476290,309.750167346815942,665.289542096410855,762.624604446939657,268.467435605050696,17.735741678460720,-42.881630755906158,-35.233767905728591,409.663827256546085,334.996766046088851,69.228460958697170,-645.107642908503180,814.867374047736575,-567.471840319493253,46.701353708899937,128.295066350658828,-790.744409213347808,-295.400424598911002,-346.185881042052415,-61.219920907151142,-268.839546235713726,685.218188983691562,558.146122282118540,261.205334391349027,-482.150412223811088,48.715079381271003,325.049058818707067,-363.678624608900066,804.404455454659683,-90.401689780885377,444.793036549710337,277.800001901867347,-497.379006977983181,7.802180172774809,-421.038053274393121,12.468559594926274,440.258413114932409,-102.159845425690506,313.191343107776561,405.213520405357485,-450.045137230828118,197.619046346523419,-384.363309140920421,-98.328155186347530,-647.119154360153743,-12.311523161977449,390.628766331644442,421.284881063459466,-634.438250492966631,270.156137772178681,113.349281609397352,-313.432869300772666,-358.999818637914018,737.161363879639225,-323.822084879863667,175.136454437683796,-47.841113418089414,9.493744319790649,-4.518761253838466,-934.529827396392534,255.748949342895543,103.339020900383687,-42.104967867912073,420.954668669447301,-330.587382198651824,-228.434996969226034,271.135371336243054,-23.870312500461161,100.628720803318728,571.490619855024875,27.416829572765117,-279.749077196708924,381.825421588066604,-37.029426658058540,213.447558471190291,182.652084905367019,191.926999171696167,-858.571918777724022,391.540175011886106,-680.726424337954768,185.861140448201667,470.780528764803819,82.329140864098946,316.958323638237289,-91.995975270545372,291.214224835236337,-393.005758634597669,132.454402895196779,294.058724602410223,416.712400700913861,1000.568166364541526,188.055557225326027,-575.997567989248296,-58.968535420617833,-56.017564303424535,199.153189892596430,-615.137134038412114,-307.725254065426498,-1027.936730671621262,-249.802285279188254,471.775152689175002,88.184437403048165,-435.439681166576293,-102.987168059441927,576.015541397856282,745.868537257942307,680.765616939516804,705.970151630970690,159.075311799290120,-287.762916847197005,-118.281230155946574,249.021936132147459,82.337495284105188,-485.292019961353105,-585.184120815762412,-160.167999575007485,-153.714999560889424,-376.116338217513487,337.980761316802216,211.607850502997678,-404.192552967987751,-291.851526622303766,526.036361316012176,-136.706515393922729,301.936389445727741,722.586679077464055,-736.290290942398997,-28.971516465929472,-247.867789577266677,668.839369667568008,40.194171127552757,-265.635943288103249,-30.131682105605272,-68.481655075118326,-736.200560460285828,0.527777907740188,-450.590107460990168,-207.935148020913829,-340.444209884119005,-98.445278211363075,4.862466498220796,-115.935971821021184,148.164586026113398,8.076490714101485,591.150272069712400,343.430105014160915,-358.320822363273066,-473.024400076142626,213.641416281268022,-466.244404426231199,-765.991514977351585,437.927728941220892,-391.275295302258257,-586.330047347771142,1127.975688789405694,-356.566728951570383,-91.916570710710118,303.739959963724118
-741.926006003585144,-357.795775606491873,-176.840089492086122,319.420997737232597,57.525586753208728,628.008051298563146,136.543521268464417,-680.636806213614022,-387.560115156153017,-1152.366171433908676,980.789932937404956,-693.684920218564798,132.887602135353916,-32.859785997737738,-845.519887330438110,96.517005626606135,126.434243461976848,-260.149142168598303,-330.030239346610472,77.443714196007122,179.924803020509955,300.861047647290945,161.055958414131794,-500.034376931758231,-258.115633495552913,650.839938274847214,-297.402234754442020,227.762485584871769,249.337013587000627,626.965710550647827,-886.989708132343253,762.535270612955628,408.377512602336537,-548.956342012894879,-230.689904305957043,-937.675179264231815,-340.858908065178923,-147.864131231135417,55.681931976259548,29.223227060690288,-26.149760189427468,-272.915570568556689,-369.304637467874727,-234.119582706237992,285.631592141665635,-99.943105494043238,80.291886312544676,-96.190069860183087,18.809109273052954,197.634615375210984,328.916518489631301,-410.303154510514275,91.901622492095228,-120.829852239676327,-278.285642804597330,-30.142470826221793,951.749134609888756,-747.939680216585202,407.373320328005718,-155.329145583771833,51.994123960620634,-669.949607257894627,-349.261829061075844,-134.203126777923558,114.296691680930408,182.634666750385122,52.018982800204640,986.794495120110014,191.119318308690367,33.955687616178885,-170.088875907077437,6.552046343774725,26.542929853059441,-253.288877583631859,697.715134566543838,-433.262985237369662,167.323028566504490,314.478311443826726,114.961276275127972,374.762331929152936,-965.870953881782953,-695.538575419313702,-531.201386692687151,-282.518416193336691,430.290652627576094,15.229077608287785,-1181.992767745673291,-34.292123654388718,-189.343207241694614,247.823271925059487,-918.182238272219706,-89.558548505127561,225.401806022221223,46.044989981498190,-35.554440588180860,806.878052132653465,52.218858818376539,-245.948769989092824,400.213354069502373,18.634391609613324,-39.634067675042431,132.315075879675106,296.321291349702562,-231.260529309846930,436.529639259225519,-237.962208319476332,205.664177842590988,13.019147983163826,175.474508950337395,-307.030831712878069,695.422526393182920,836.049137809292688,-528.320729533104895,-989.755943456345904,66.779498406981901,-198.342873647060799,738.713233265686540,762.934797037171165,648.947259199782252,-176.828674467518510,-303.301580729198918,1216.455887975987707,-348.763012653648389,-692.609406982111182,300.913918152875567,101.913346137729803,-189.936987653316777,-300.405289757770049,373.348417838479179,484.102009211318148,59.890544518896846,-222.035511709850567,475.335922546489485,148.972757037905779,88.098193990080730,-365.445935525118784,-182.052076381585692,-287.303132337952775,-386.470524738107315,-1342.663654848472788,437.452779861793090,442.098360302713161,-426.971972466817761,-469.942886809126946,93.208690800824797,-659.568444910154312,63.733071939064565,275.115485274506000,-56.315621532783311,-696.949089732238463,457.573237363670899,1085.156010571030492,-161.787389687673851,-574.092517633364878,895.803144445562339,810.238380841862067,474.942285213241973,-230.370058693759944,963.005390842339466,617.278446572494317,761.541284929487801,-421.521175458882283,487.403547668923181,385.247617900004343,-184.280686012563365,635.365983231908558,-368.078683932913350,-961.781756819906377,114.210100925179717,631.879877492919491,-468.943188862890793,-79.988768551338893,716.320877025530649,-323.900180429256523,73.251416969719017
595.311991733467835,-46.605192310896527,224.688891996485069,349.183933697351279,362.437271614431609,-445.148773198575100,504.329584368833196,363.291347883171284,389.643432765814055,-184.132902919095130,154.483310474994852,623.075592389434178,-223.006181117439866,710.362267656374456,0.994395559450226,-232.973186619308962,870.795382502412963,407.126434902797087,-800.835736396856191,606.921097546917167,933.635329743455259,-182.426666826685249,-85.825067134749204,683.894137470915211,219.258316219892464,100.576761098853268,-199.829917900809363,125.582790682313600,11.735489666199612,-171.510798183111859,-13.926946375273022,-314.257099321279441,-991.922247351014448,-26.198954960520290,377.817651452783934,-449.310496760142257,-66.228018943774046,-880.783400955798015,-327.294079582616178,160.684096313734813,709.139721716212080,-52.356194885969245,47.475296206243314,53.246197710926360,-824.805215699852624,116.811699744515650,392.757206440034793,227.529262021577495,178.713509271640419,-323.412065286887469,285.395029878135404,-901.984031392924408,550.986911873125791,-342.634401649024767,256.975276813590938,1128.589376737417069,-160.921213332576571,520.292568471080585,911.161424502682962,-272.177185862435635,-288.451922531229229,59.722416044280621,-295.635740681280652,-1008.685487874964792,536.654649298056711,1095.535413858538504,-270.682895264603360,84.772890425073570,-517.956183861448494,-64.667928085781114,269.182866693234814,-199.382008368311261,-977.530270462360932,326.718045348717112,-354.052483231987594,-358.246417292520505,101.616306105305284,-271.649842949655465,126.369468026617028,275.280000918146129,-983.061728714634114,-79.367422315233725,-339.166693874131226,27.379841843090738,77.187570900983616,102.544582791608377,-173.011032806203161,753.303581033497039,750.087058698055557,-1138.881605056709077,-196.987879584852578,324.916903582580403,101.689093994461459,383.918520012979002,517.049184450794428,-809.189485006144082,-674.132796948347277,87.899769168997793,-325.454683563534047,-558.769909172624807,-312.861145218975480,-214.601909815848870,-94.359363219970064,-340.556433637337477,-462.466053183987242,-81.529551880570708,798.593246891136573,232.017906636283811,331.333635528323100,-96.894250521757471,-100.119188574932110,-326.733908246817009,-1327.256638824318543,411.179628542117428,-976.549725616310639,-882.257075457706833,261.379116104100433,131.038517714218187,-349.296891378940586,-568.248652266294357,-934.083240419800745,529.880977246237194,117.408377652668634,149.596015819700170,912.102862405242035,-58.384756328653268,41.123511552804800,-549.775053189874939,324.350566169658975,-817.291612530769385,321.614008660980971,109.992839727148350,28.096614099737415,478.479381703789670,232.993127230440763,536.346790949961814,316.367663361156986,544.493939300731085,826.989385576135192,-234.435838842999203,355.953357840798958,-636.067018662179976,-559.641219248962443,25.293699758759754,-180.163088236253827,113.701148092522786,-545.092763616507796,-110.027043798244463,-104.946662377959015,490.530583415753370,-119.321526654045527,1230.375442914960558,926.630118800765104,101.464894149262037,-539.560281519440991,757.621717696265364,-191.153415785930918,658.361809772760466,-117.142771295247357,112.467213215357106,-415.357469532680511,90.419560867629329,-100.875746000335951,-386.003178001015613,-999.374113407462460,793.707733293072010,334.562190295410630,181.543865239907177,241.533682088069412,-101.444803051597830,246.585040279586082,59.976664809793292,273.648025331411645,-290.718118941075886,612.703276882448108
317.187562529083550,295.825747779024255,479.882307159140453,-554.654039120923471,-262.348927324649765,-257.131940706951696,-24.078964547512118,0.224325040751921,341.954554704019642,-531.863103347228162,-900.494420366864802,-183.903637952525997,147.615328630229669,-19.616686255381900,158.249594355122809,218.943031508581271,222.484293722722271,382.161966733281474,579.178879502194036,528.836410953695577,-247.193344342252630,8.725561414096033,803.441975321340919,161.694590285413682,-460.690700026354818,-436.309453322274862,413.701513162337733,286.303741625328485,107.222335635224027,-643.704142627418150,122.153801456981284,-1460.452042913815148,-1031.652112971434008,849.792057116487626,151.416342579247726,-218.976628901679760,-272.298273727505318,-353.176970233844656,714.059454096938225,-140.089274820507029,415.376444491875361,65.758445200262145,-455.033958731526752,-251.030336664953552,485.934878016082848,234.872889952414170,-271.256364006427418,-336.848304483982474,-343.454833430117731,-310.523914079333963,-658.633386126364712,330.966043969611405,525.352693294477490,590.479228677974334,-397.506226319280472,229.471130637387745,-132.567943600784872,-498.014338313287908,-352.807038907162791,-155.630335696272368,-506.094047753976213,905.785449061886766,375.195765004270868,195.180247702863880,561.564159502791426,503.449125283635965,100.893183010318793,-0.285042256792089,-401.434667390831464,-706.083148492525311,-254.383789073675757,227.637458951904108,850.689517852671202,128.068798839790134,-5.572974522378518,414.177448828682031,111.306689840662727,554.823196211401637,365.979610803705441,-260.403240335886267,628.475930802369362,161.745092349631420,419.594250258107536,516.852772211221236,-338.824789981338029,-140.788751831989089,163.376620440509356,354.062385014797599,-441.266138084522311,101.276969597341434,-546.183406857216255,331.365302187756583,328.412321008558138,-470.074246403496545,7.814152122545056,-290.703245339724504,-418.769368637084597,108.079328928589135,121.211324875331272,-5.751841370485224,-219.678944513978905,-582.103665009202473,24.106023028677335,753.697062594198201,-638.615914349456716,-226.627562910451275,615.498973359673528,15.327089087065083,329.373073368915641,142.867303277710192,-591.630423957737094,-85.103511914354172,424.955466624475434,-48.862231619584314,-294.483975902662905,62.149142168476253,493.909570463343584,472.911161821739995,-296.026849636863062,-798.502492220099271,-387.339253089041222,-642.760104992601782,31.303003313400446,-184.348892280724129,127.920522975380848,411.402929320681494,-310.554618393607711,-449.820076738564524,-40.115493461132530,-622.719872611061419,1001.092558420439445,-572.809827076897250,809.045433048407745,616.077962008135273,699.127175541417159,87.890672175359541,-402.342815845325731,-481.208363126187464,-275.580735508201656,-125.240422926365724,170.521116260255269,-664.193421590433559,221.393455193649800,-453.162137773872530,-724.076570782212457,-250.687549575740803,285.235804478185798,-1041.320399062030674,107.122369978671287,-19.649362128189988,534.978403460664595,-16.886783730100454,-62.335986061924814,640.042196495653457,-299.800591093449270,308.597503125795640,-688.720152524407013,500.058346047530506,1248.830547000121896,-252.090926895122976,73.136695826463452,98.628144570979075,-482.587862390091914,-318.453032547097393,-1.789169470717494,-3.612954783067227,-161.336826911836397,625.827417488982292,-251.510336601071970,53.741685214568037,523.595874251376927,414.034681062798199,-353.368366167285444,23.714222635269813,-658.806766268475371
-249.813999000029099,-5.889149189496516,539.497899807326121,-600.990554961182966,240.046114957260556,0.615417715183819,-114.898485401983365,92.357456497956534,-144.626771768629681,-415.543184043634085,220.878005714810939,-344.342373095514972,117.142135534683391,-606.493824932916937,-26.838244269305584,-80.672085109386785,541.853472722922334,-490.791032070882750,-554.607386475561611,-752.407822042824137,168.930394291842191,-404.329850593085155,211.586245651138398,874.048411252502547,-113.519473069617064,-27.090903334018620,-546.478583023817578,320.768104703005918,-443.665074148581539,-29.625809762896331,932.938380642026459,707.202546432590680,87.999357782575203,-482.488985315637365,142.515753753780842,-1224.252514357631981,81.634815031058125,-101.790919782922387,-1160.805413394541347,277.184716456168530,413.043297506387262,-151.216386344882920,254.212837433650208,89.256670844563857,-217.608938811715234,435.952228474814433,972.080106323903124,815.019279903465645,216.380863842283873,-394.648540735611675,260.082297684790490,21.710257506949446,131.171039372814505,-302.719699297957504,107.729285254522466,186.278790094575783,-818.065933492666090,-445.553091291395731,290.424779098289264,-311.350039678457222,-295.411605900037841,-797.063665196425404,226.386125298205286,49.124349145051823,-77.746725459519837,335.511915808726144,623.214392611180642,-182.041544447966459,170.935161780265332,-471.176556780919611,681.635887259887568,62.423099513320061,246.468631078842577,-482.865882784039286,136.515560079333511,-206.847654500739623,220.619066645007678,-427.122494826649358,-19.476171153627952,21.245745926083977,984.617560463034692,459.339113615361214,139.165423672600468,-128.364798359468494,621.908778489786187,233.323533669417259,129.335633402752393,-251.478407233036137,-1136.536852533099363,-87.075450936514940,-9.205521464150596,5.423117269187340,-406.370023738590589,629.618562081286882,107.073798252996056,265.437591493265813,95.557492506145820,407.221791645740609,-118.557870901657552,-973.613254190200564,695.566961411417651,273.335385639534650,448.025051200875396,-166.637742637430591,68.401978336668890,84.980079098754359,-50.905292524638085,-150.044524267327091,573.823809996930436,12.977048478382336,584.376715099060675,698.389065486123968,118.699761077415289,-54.048436620966143,-207.908717140840821,-11.588186733944335,-360.262302461933302,334.998639437579527,388.804675228397116,20.361435801530995,-647.820882356853190,-22.053058389022397,108.575150661840496,-141.330291432098079,471.362333423006589,-465.223435091568831,-512.584281845544979,-920.611087569494771,885.597458609533192,491.667497670351509,859.576633202520838,-577.768519134173516,-259.627589634380854,-432.756844485591103,376.859093282662968,-412.672689333362996,690.802568989011434,-275.628948956833369,-0.486858459930366,-333.946037253155623,572.881682203344781,-103.519794448267547,389.820631503650247,-632.408316614712476,-213.924282127631898,-106.490818448279953,338.205900257562064,512.562840343299968,178.792774450388094,244.774587731405262,-796.028022142072814,307.845961435949278,881.720175283698040,625.116790305003406,486.212772073855149,176.790424210349414,36.679630515742190,103.346761438061051,-395.180142648111314,-422.168252366726392,121.519566193987302,-414.403139405234072,-2.216573277706967,42.452287380388334,-309.479139724339518,798.468881855734367,-402.174244838999812,-269.756977774069469,-133.289411125870316,504.233300820803379,513.020112547736630,-234.573508215609820,-729.829328315987027,-308.838924088757096,168.989992356905304
-49.415529302410299,577.712900318109632,-337.196571090061980,-236.896881743512949,175.182939702344697,-545.282443884605073,-376.350170382630267,72.903287439125165,93.079022753819942,-109.588158657507606,-327.669311669926515,-702.286152502491746,391.760635371355363,-371.246359369981064,-328.951219332139146,549.631200813678106,480.843357272408014,303.304847968318768,-136.794693110453721,53.967435529447513,-284.724358815399739,-217.371650515617546,514.676130919397565,12.653447349037336,41.653749839342943,-18.782573267584244,62.809417814798095,328.001189201003115,-242.972440122088472,-221.803618793588214,-203.645879134206467,-446.729458391383332,150.100022308948894,-103.405262269040861,230.355002969273187,-403.802664544400841,224.878758613354222,-256.469082561291032,936.592031391159821,-94.249271832473610,-478.133750603088117,-715.144302579334180,-252.141472921160812,-174.224239886263291,3.483236591408755,-129.308832472013904,234.059763630216992,-474.082349338622578,-943.640723798610452,32.777984943101494,347.091972136342974,-172.814927155765560,-532.079065124315775,975.365968197822895,-749.422876655080699,-174.997423598908540,-573.330799783579323,316.757304880414893,-412.367390631329442,-849.788417695118596,-312.718697057599172,437.560170263880877,-85.564900530148776,-242.120249953139478,-26.885099464676763,-299.482689085661946,-757.059116566769831,916.451909519862852,-343.695478985481998,538.248168037968298,653.448178111807010,366.837006550479202,-46.363266215002511,30.510644308995847,-169.975208685596556,279.456137129075330,378.040242660633453,646.936292923616520,-233.307470826553811,-59.383740924495378,-56.093301520427261,323.119754256764054,130.041744703945938,-96.599100620940078,350.130020574038269,69.701642815706606,-224.503084533329911,-66.322952873063869,-959.304101780919268,214.385575298489670,7.792772299909366,94.471915130184371,-139.942361117190046,643.402893150462091,31.411990333467635,384.406968871682352,-213.884428144059513,503.554792905026090,171.386462415212009,443.572532904540139,294.562034544293510,222.550141892426979,630.000459050677023,134.470835587318845,227.599590928666146,-93.364606032067996,-151.163912283243576,-112.906257090811096,127.082897099369575,94.547428304768033,-248.404529630134448,-550.712371107698800,-400.375180428887802,259.165034934055370,-215.376985704486685,334.063729195191570,376.804160780867051,1008.661571032291477,-158.271468241240740,-246.835118342776127,-266.212434918587405,-214.126854753335635,-218.771835380479331,-821.793490107410889,603.274366911689981,4.165594306502399,27.188406642363987,159.287377315639617,107.697103637988249,-481.148628123391404,1015.895487827885404,-412.294343096573584,-98.985967046778896,-1638.809321698846361,241.426851338241903,-27.277023434121691,-290.087680132784442,-53.915871399010811,226.251653400228918,0.985419244711750,-206.579977516889983,129.515949347286977,-75.154203582293590,-127.379771899252319,638.603058541962355,450.760780126375664,-16.565689241543616,596.403755011305975,406.123389811552613,-323.658096912811345,-138.159089943596712,91.106289738389421,167.523870676735328,-18.549910225050738,337.654183623047516,176.946786660294123,-384.293256820962029,-237.110270802804678,200.871586329964259,-422.310615065302613,-551.113210783063550,-503.792761768979631,428.149977141864895,612.422077648566642,-803.830824388472251,903.250082707472984,37.260692095347778,990.677480179908571,-329.643176118605368,421.635709918513498,-113.306087798955105,1362.929486021248977,76.057872776477041,161.327726784340996,-265.244895124189327
-301.727546053360072,154.172095604000987,181.928618967295137,-332.900585466217478,-902.272642333174190,398.329515773120022,-122.061283652242935,497.153318234920050,183.713078197974681,-154.637002263651993,361.482199580614576,-77.507970274584352,-382.291018745515203,96.020819957750547,-70.578111141413316,793.724403067794015,-522.168833879748831,-152.737089534842369,-362.234571008924036,99.521958238952976,69.164887983981203,-131.401701679465191,-546.797174398505149,189.667845523899075,-530.275710411730984,-391.258262970771568,360.919309153185225,327.795553232631107,508.713910663467004,-303.851560133246835,652.581309073646935,5.905144576990683,376.674106407495003,-819.617155773178183,161.261464318984110,575.887969323308198,-218.041815327372660,-186.929549106622346,468.105849627013299,832.744270850488647,-931.636409144587333,-326.550801553898566,-100.662525694725701,-214.951398060491385,154.364829665587024,-743.877978947217798,-835.807308424068196,-445.362964554816926,835.668585788889004,518.687822533614394,239.649918933874943,-186.576093674015112,298.497422345319592,9.466023211673217,-316.223479831766952,-43.797327142270696,37.155282700089664,362.578752067882078,-574.891561585128784,386.502867196088062,637.854856666163300,-520.778180765101183,907.740276984419097,-180.889563599903852,133.673792084211954,221.938987962955736,-639.646730043583148,-507.186221757931662,381.603023907863019,247.982984295961558,-98.457086852844327,54.734044696168091,-397.155112521028798,-36.327980948979430,1403.803732625653311,1042.759499743966671,-40.982036678208566,488.521180283825061,-515.762370465042068,-267.292779110148672,434.341932743261737,570.200677552169850,-39.493441160516241,-10.266088073622576,-76.722743911801970,-294.651325334981777,794.505038526049361,472.413831685175410,-109.706151732087378,377.423369109302939,60.774191204010549,-264.709773606575880,0.236208960542996,-18.856693621527171,37.739115934854873,710.973677645815314,6.721526575664100,203.119425612744521,-67.406608106317961,-376.058794310721453,-81.298263048225465,-337.990939899011664,-130.172276998877408,-361.305258662855579,-191.142215625213794,-760.565000527302573,-32.085738179894904,-22.237086462676960,174.389203724898294,-309.606167804207189,-448.866751493841036,-442.357906546962170,-130.659167989549445,-665.482625512959885,20.852567334020662,-17.435943230079751,313.316567292417574,-376.536354027878872,-37.234727235174944,498.160541647045818,-39.173542743951138,530.205192985914664,-271.484230823442545,-581.372983447742627,866.515886575183913,-77.185604101099045,96.535481416350990,660.577492106810155,-111.270388610269904,358.613817352687249,-1054.387340449717613,44.546732341888720,-49.252455936812716,322.996904624645708,-10.499000639874421,-435.382820651570569,193.365166430314474,362.654929205099904,9.163914452493888,327.533744011771034,544.297510088576132,-586.977705490336348,942.799508772515992,162.580551254020946,-769.569991164288354,-286.240821150661816,-21.354864728280276,647.470217441643513,-744.763591958603456,374.615333899311906,230.426366689671880,-497.583792334019734,-503.423282409384910,-184.428140076802293,-58.909867424490756,-420.435847153144096,-543.567503254349276,-281.124443144211853,834.069989879563195,-18.464109607984113,413.691304769130682,-207.103291820826996,-427.796382515589471,267.075727576044244,236.514433550352351,-843.784526194161685,426.438954735294203,-452.234720224255341,-562.827730678459602,183.339016321985781,408.524846240687282,-656.615236219975714,216.176186064821735,-168.384259688907093,-211.092813890948975
-547.654113239021058,-76.035425533650553,674.440227233628889,-427.370691055532347,464.250847375708702,-611.893013728035498,233.036562592204746,71.681270959593974,-11.534171258085077,-290.123835765968977,229.090785833778966,-748.455455960412564,-723.882280648807637,-232.165097519006821,-90.095238522028779,-422.419704765992492,362.120351495359216,159.833010927227519,-101.496440228176553,-193.726473629924840,476.867751931866508,370.162697107437111,111.463126216267185,-501.787679003115102,-142.451438703974276,312.687002551209559,668.569244239940645,-21.374701190175344,455.661849915689061,49.293782236242016,-406.613916802162578,-43.379109792225741,116.933369136994671,74.050628496704348,170.063803840532017,-131.277483934068840,97.115147740190935,-419.943981363648959,-798.045389127775820,-47.198134284645761,-421.935523853618008,-741.472038695168749,-807.343288135831472,681.771805593484828,-112.617729034330125,252.179953750318873,-82.549248052498768,-434.134337497600484,24.673352180277760,-909.229991923184571,453.277055804672045,914.094906900677756,472.548142268856679,-45.486591710349664,-141.852385868855407,866.138771771996858,112.232095242179511,-1074.620343462171377,-117.346691999427406,-219.261587351620619,-877.986873761780885,771.177130157592615,3.976137973861184,141.897029788151883,-706.269941113127516,217.710947980744095,-401.384009681900466,-570.613913398658951,-331.789792677653509,-431.427551235783994,150.924977358578275,-332.152124319231575,45.037285790452565,-615.508241921129184,1273.904456017801294,155.550099414749809,69.416246217514896,581.374347904980823,-184.955960232099414,-84.790422184333551,-814.342415022525643,-396.943324389664610,-296.773121653695625,-233.702324850567663,441.703795796395866,230.790164718347711,862.847551488189765,210.365316098547652,-600.575367951622866,-94.248968886394806,190.239080591171160,432.165542466912200,347.992287344498095,-108.104021298894409,112.947845282597967,108.925318199839552,364.988158805735907,1074.937622152913036,-241.550259802700822,-571.452195827336141,571.942873641896654,540.636532682063944,-201.305251021002675,11.479219679647462,-100.646656274672239,336.014832834329184,45.535646288055837,-784.221197411609069,468.805213167756733,403.042740391165580,-124.531071094352711,-288.109869136856958,115.192366742651387,-499.907238639628304,616.748933034878064,425.594530534119258,19.156996030077153,-145.615336900420601,402.689470875893619,-557.109936663657891,430.874450611095540,101.186622671871163,-602.212901739568224,108.969758601168635,318.404950011954668,-492.755313910355824,-728.546345871679364,-556.660439816663370,115.190384649101176,-122.332006682367194,-195.077080636186110,-1175.388337160508399,303.894796930546590,-117.122649864237417,379.666258904418214,-518.205523848242365,-251.825101063140437,-415.066743925275205,278.330378974770213,248.308768728740091,189.378664817455928,-115.299037610888774,-386.716235016586495,357.507009828767195,488.979234946920940,88.912992474279562,-257.025905440362408,-498.302969313089591,544.012190751481057,278.524835128426616,351.487864350707412,1000.045977302401639,-366.529244763863971,304.681708011295029,917.386168191369848,-775.956223073316664,-534.047001155018734,115.584301520528953,-1129.724430030916437,14.994909917059401,65.404797816723587,798.106625915046607,-383.731933403580229,-145.693374593668295,10.605083208541391,757.059795064262744,152.839664840479401,421.657506019711263,170.498644638561814,-280.421996801699947,-300.410223682337403,352.204058931899397,271.864156493557459,-60.387575616545000,-436.191602467701443
-347.005374418539589,137.760639940744227,119.118311082891253,187.301586284488252,406.573260581701277,270.490943712277499,183.806385240374311,441.848829193077052,-564.861929361663670,50.570274212199749,338.130559492631278,-172.843264597528076,-79.072474237246723,341.887968330362924,-131.717468771122810,370.918386662611283,-83.332651986336657,174.848329301900577,-755.084790881948379,436.097626842227555,720.107500695101407,-418.815511924867678,-677.389109888550820,421.138775832911051,88.501332354552972,-203.520310090597661,-79.146779290176283,-116.384153490585732,-505.897463090826818,-767.513147540310115,673.060169233408487,-61.555098957021933,-350.072021831054258,-22.716625416357786,-253.790534548944379,-690.562578458963799,504.439841565235440,224.779121819002967,-281.920849693072512,-345.811565018680824,261.515234733070827,-559.413257733844262,-79.228041949640755,160.109842419799151,-1075.842415336386239,149.764117161981630,427.331367368346434,275.235094364819759,-324.601606617452831,-328.214696533495669,554.557483821634719,20.019932137968151,-484.638099279570326,329.257197773487349,381.010869682788154,545.646058193176373,506.042502831301988,611.094051985700048,557.715102170699538,-247.335872711600075,-813.321886149512920,-210.206045855784566,-823.466109741970627,-218.191315966735914,-500.942355067033589,-513.103093277718244,-108.177431547885973,-223.732432781146258,-244.923642123276636,-296.234736247509829,-200.275698266957932,200.340422812131777,285.440121745038709,-784.994914064030468,-202.605203627387681,-218.545520326571022,-909.941601328740035,-251.903775045589498,689.513251942081297,32.711030537160951,-708.891706842444364,252.443551380881871,228.276166350454446,-199.361286166060950,873.209924073033221,56.254232889002509,530.215959486513384,-331.576709323258910,412.309684312688432,-462.307224068965070,99.036720929209238,-447.422308360522379,-195.375046524565022,-152.102272626103797,374.622961362677302,64.742470674178762,-794.460054205722372,-463.146916008077881,-721.282427722687657,-941.398185250184270,262.034073958728641,726.231540656207699,210.989742612954842,-561.613605174268514,397.080624640125507,67.370363345454308,500.834272895370134,133.496110687430189,-817.634031691749328,-61.270043685153112,671.977973741172832,-105.695463896534818,348.976672961601651,-352.478892241116796,-276.948537560466320,735.736120338842738,-660.908894678076535,-290.652888944418862,-279.147526765362272,-14.273136312128109,-233.163808794892248,430.328855542174324,-22.614154010621434,40.410426221128724,-655.088732692800818,-30.526347565711347,20.577735438483387,-173.520093116606660,221.226205025210618,114.049538628284637,95.625211870474558,1050.970289439257840,-19.508837194337076,-115.979137567631142,513.083232705633804,318.883940096507104,-691.999334650484457,-208.855134574693636,340.239346468091583,252.704600182903903,-53.778017291512356,246.629727880013320,-343.645283470378558,41.120986450937096,425.781198722796660,68.062793191438317,150.149080336873084,-821.990614468558874,370.550010754455570,-2.300009763411417,2.004442501340629,646.040731210202239,541.678224792944320,233.102307765215699,393.686797697667089,231.808216989169864,507.919996292519272,207.005528908501731,69.804756395190736,-205.675794314296979,115.377832833533418,121.682296479117909,372.951637837425324,-206.838647376263168,-708.580064415761967,152.200080658569334,-263.422487617205320,115.973329643205432,809.739201192820701,-133.403650375623840,40.010957070348383,291.937161546545610,329.186394194651427,-85.514676619227529,228.363366287302767
-281.728860233272485,-45.865388095882679,169.116704761947062,-462.166559341455695,655.763745465194461,29.665862812671058,97.810231111251426,395.681406456983154,-248.854421630825954,-115.612530647112166,-253.527957377858343,148.658444387224904,-333.880714061999413,610.296717633338517,922.896906104998948,30.050414174572893,400.506667029533332,537.555522688447013,-610.016051170034871,356.847107281384353,224.923854110963077,-5.627865781333469,-414.404042149357792,-81.229743082905060,-264.171649864981475,-900.497564071480156,822.005708361847155,381.654484495436577,-730.915778645225714,-121.281994077315758,824.392245031929747,-267.833243792653263,-699.127376149355314,188.249717120964590,-131.793945657005821,63.634756266548386,-79.197763615223437,-210.178152526703741,-617.741066533592630,142.245481450457248,106.054939821065872,-380.881878314269670,217.966788780217684,-64.622566070476154,101.921654608899047,433.891912503145932,632.029880464168173,981.765989854290410,-94.755429286808010,-474.958265819273436,-16.744010440379945,-408.559134220524015,78.552437185240564,746.195257115076970,-125.864591709040937,-210.280648556973119,-452.002700678319343,-1011.502631433274246,297.912137396187802,-234.374747574608449,-377.944798895598012,543.393076394953141,-368.382631163688586,-444.488834596464187,-491.159510832535659,186.670824947064887,228.153988623419195,302.620281518621425,-538.540631933317286,911.631442926770433,546.996166334466238,219.548600930413386,405.523546546200350,-686.449630470551597,253.191333368627141,-9.122575197418215,-45.340353110882383,464.618859751157288,861.423445145277128,60.761346728752422,-409.565031687393684,-204.810103653460260,40.896989425529739,-648.252582790760016,396.791983523339866,-260.879956525105342,324.792194617789050,626.778839029907772,90.708960120292744,-353.386253131631918,-140.671420552276601,-554.690566394249231,782.647767121044694,361.796187930470694,-398.019085387029236,566.992772837910366,306.106900660302699,537.488274474818695,-497.338063828942040,-296.398837913134457,1000.568785622048722,-171.890624988239523,595.506475428941940,-24.142470102105197,-106.051858562807041,607.840236422523617,850.531083352197697,-1262.512787269811497,-582.199317461018040,-65.899512256253303,-19.936386675245469,-170.759252449168457,-381.724746807925044,-0.238197393904940,-157.548816937572184,-554.629554425077572,25.576382045453329,-654.409928482199803,-186.259423741814260,-54.630234318949803,394.353696413150942,141.456944677521960,215.566930129348975,-138.051215094771123,259.586772082196717,-50.285521211087129,-156.661544908878994,-20.830208374380383,64.620791854367369,138.784628564060711,-388.056308765990536,913.533014992464359,282.449384624343850,-242.818697221643021,573.460174374832036,-636.591505704918291,196.613697191021032,-108.431378311110961,129.110910343185822,872.708376821358229,-448.687951732968941,-221.303134222872586,-460.860094910193993,477.552687717184426,588.577229707727724,-598.087935443134938,-92.372988037405221,-89.827203043688186,434.446083512488372,-213.561495466786624,487.818246967196956,496.900952518755162,115.021916015500480,30.146042322684828,200.144064995619260,-459.439018259449711,-220.950366419058241,377.353813143728473,383.265227753598992,116.948756587108889,-123.221191513939971,112.198286374548061,-516.504114926692637,-637.203334701386098,-302.769448787857300,501.663276986700339,52.201636563681092,198.340290790715585,795.693549246398447,37.501295047256164,395.025174552963904,-268.633335815170710,-198.009876178909082,-303.421194693874952,85.278920200999806
620.868159217234506,-643.530630561778821,35.354000234475052,-572.573180909563803,408.213114049385183,122.563712396618996,-319.166581699394555,-2.494516297296798,692.970140353231955,1081.049398801078041,-14.149192295071515,-515.124979394010779,-531.737459971501721,79.973316198555324,376.798010742733936,-545.961764837839496,-603.665870415781114,-361.065275364928709,-374.956592608348274,466.444337935619103,76.501646907023030,323.779205644299282,527.222713480394532,-899.465404418753451,-222.162988194098631,-490.130289147268286,225.230532553660822,-467.896087126697410,250.195388599153745,202.613224972407693,190.179215499533314,686.683698541792978,524.867113411602531,316.550669685608852,-40.246881562401299,72.358415825827919,-926.555551967238557,99.819877913934363,1002.684416989238798,309.849435522528950,-134.162955721283396,410.077352046085878,214.767197119502384,151.288716074292836,-724.648169619906980,-8.314791049636250,-406.259718430016505,407.922242041609252,-20.272863978741114,-64.881026547233901,-581.539892703977898,98.094062539007638,440.092077351053945,-464.761425091713079,-79.715386269684686,359.960088522787828,-373.282316225521413,-557.191914268827645,540.003658603502799,-288.113380653267768,-34.465495758115516,-362.343623373366029,545.034620961044993,48.695604009771813,139.942191678559766,885.243632352558166,127.566000173102651,392.443153118769715,-224.300682740824669,163.134613972014932,-800.449113262976198,-236.734961163737694,796.474498931856374,-430.774530214339052,-747.117748192064596,453.651997147327052,-585.545057540698394,-23.635218829146130,-324.011621150964970,190.020339919974617,341.549898352155367,-588.798442281994994,492.141274969940241,-482.369513728080960,-327.573354616153551,142.235132083358764,-523.766979257202706,-746.606241769531493,225.819285910175182,394.676577343231884,0.007704090905555,-97.008197493231904,-123.961375180033272,375.667108354873335,-198.972737407911382,125.760906359954831,151.788962020954756,886.104078357423077,340.613155154042715,-356.379997514461934,218.935893205200870,707.251903186651703,-53.242943188578487,-163.551338120551236,-24.188980241494725,314.271774964215410,-227.908049323678654,-560.644696421506637,765.051141814618177,-299.400811532328021,477.652318385862543,224.497174845295746,226.849863941379539,249.179497778580355,148.680773601943429,162.090534693250987,146.104127500996356,-48.640361246623762,-43.305267330093486,-98.285644721314782,-969.897008806255940,-2.552290592189628,-284.478839629540573,-322.037430481789613,560.846495169565173,-229.304828412513302,-76.957120320672828,150.684403135300329,-94.437414585453539,762.518548702088765,561.367120286047225,55.108453520283803,-462.848130308460441,-480.398286922781324,-374.829901889488781,-670.493804378126924,866.235890259618941,-648.140017308013171,-466.661312768644848,665.686446004743061,-769.722849558177018,-780.210320861107107,414.579324449395585,-608.904240865041629,-425.650493652156513,464.392746112419729,727.129411127294020,255.584117274107740,-319.483083837374579,64.283875079061559,1110.937576776810374,358.875286395849287,285.507435736395337,293.444968405588099,619.330392764746875,-398.016962978194272,9.109598691672872,142.065327891364035,-28.078550515752234,345.089014769836467,-549.407696741131531,183.066386484480290,350.616233764599144,53.621126070636656,-32.674944264805077,-69.546177899683485,-1366.828135006352340,-842.058986051160105,176.059908019256341,412.476737594664996,81.211469592389690,-110.577411214758627,-596.957791072508940,469.382100210172155,-1359.398858853930506
-1265.522235618136165,29.397344304383996,554.818806979940973,-142.505465620294871,-329.094346572209474,-1014.188785204317583,847.869725978250926,-461.072663613871896,-251.536113155643676,-403.555730604995290,-107.980895475269705,-88.617250252235294,402.421085189446728,-167.450285560188661,-381.804805278746414,260.771661819039878,918.540727814755769,408.369512924082358,450.062473688420425,-348.910111983973934,-315.970664788319596,-582.025737565886857,-174.585258004322753,186.014752635582710,18.869184105097624,537.301524966073202,177.692599574416306,678.668091249336157,438.261665841879164,-25.821439091922162,-540.079245722982819,-260.838801400217278,180.401727385867929,0.849538956449329,376.059008110362697,527.708379782657289,361.321611615945926,388.880611352289122,314.142112139126141,45.257742806687133,-410.807204211505905,-182.521617181317993,-40.048969910985193,-242.325784618141881,-441.527660408952897,-620.191609230338599,305.373770432625861,-528.238772163157591,699.202851717255498,32.797672877970079,44.735712357482093,-437.844186836051279,-43.068325393095989,-191.085536629003030,594.284672611992391,-478.604511864284575,-256.844850278093816,-483.432826889384728,-776.209441541602700,-258.783112635722318,479.928200120000838,-444.342487613531887,-278.687271015033048,380.285398799261770,49.330670504524932,613.654100580095701,-578.359682274546913,-202.714773143197931,582.674646401726704,218.548746441032591,-187.336942505767865,-583.083399616794850,829.991298501605797,455.449647917055870,142.975280427422092,-756.237045790979664,181.215769906350147,393.338298588726389,86.451795571011701,726.071076913828620,-119.269460939777559,-661.974561775531242,-44.960067339622867,-452.942351726670722,209.620722965049595,-76.619987044031078,14.479989401894450,-133.571273865832183,-940.416199945388144,-154.569133625199981,688.563098332348204,-632.584995563469420,744.493967219330329,-506.985244261606340,-245.157259624105450,91.930581459195423,-256.790791000425997,-22.847756965570440,-393.833053998266280,-381.116662420197542,-0.807720968466693,342.717252601421080,-65.545484456438800,503.178762876199812,736.808956707586503,92.447268359093400,-33.903861748803536,-458.091363488128252,-445.754451118291229,-234.813793714213460,-539.719882539487799,-774.232466185672820,-178.311322037948202,277.297696488938584,-195.635251523894908,159.060900921462547,-82.470009497197111,212.750770729939973,-103.275562422151012,721.420608957950662,616.025098551437281,917.291466853364909,116.504305748485621,613.681761311047126,14.513788434569950,-307.572233224736351,97.259057522946947,367.187344743060009,400.147243575919390,603.770096226203009,-794.729688669265215,602.842559475684084,-134.858853803487307,72.522626636456977,41.310001561770079,-8.417654856204873,-190.380391791922847,726.418399800392535,-241.732231013237026,-60.354796655651569,366.582171356315769,-711.024405896733015,-386.728993664612517,-177.333223191668083,-19.584019230168909,-756.976809311991246,-210.006555155621982,291.372947711222707,-44.719497597560448,291.303998305094069,1040.929373116337047,-127.101891263011282,197.962124230441447,-387.872591917402985,195.845985256745251,787.589453199346053,-39.096382102452949,83.301636245782262,-372.824343364872050,1081.314768524879128,878.098215959717209,-69.310033164675232,-442.081480592743674,-19.995037557729237,250.077237074970640,-356.670278200073540,-164.927172271770331,384.323285961868692,86.699474352664510,1037.494421673344050,151.167865507580473,728.655523585116839,511.565677129645906,22.456115601899352,468.879446098658150
-43.693880791666722,533.260163422930532,-40.086883645780411,-236.995271739969013,-462.442317902492960,-514.964283691435412,316.919479762332628,732.822379729743488,-195.659363863731357,-536.517691705307925,1046.453450767771301,244.238776799705818,39.233841259660096,-77.829852342856967,188.978733081339357,-803.110689383075851,-437.090511002151175,196.837177485336753,581.459081983382703,597.669916122834479,323.067944227403132,103.615434793137638,-381.700316669494839,338.125798086567897,403.362655565193052,339.933088004236822,-648.268159660309607,-190.020546812711899,85.617712792367257,-339.370591114881108,-11.277201632264662,-71.325986950731533,188.250314347348336,-293.098918605693882,-243.938542424988981,171.398400420470182,-291.809342281624481,-275.228022548468687,465.417162812591869,555.453869652265894,-42.278257330990812,-171.856939439010404,-132.608562501800492,-337.067917136524045,-310.573057075208737,-294.610329778795119,85.067850885929346,94.765372919191876,-477.414260974959234,200.047854133970787,-215.500632652150983,571.722007439300910,1524.852410993228204,-102.840631280686310,72.795196416427302,157.413320011531965,-222.700827043265605,-631.018785289683251,-478.433141199715863,-206.693471050522703,-468.833311065698581,-283.727807536011881,-89.781205708685334,885.303073325385753,-65.483080631093500,-546.434367709699472,-144.693844538325436,-143.742444307787622,-275.341033562303380,-7.320593285175644,-342.035545289573747,-80.423333419267465,22.517467834478637,-134.842274293528135,-56.948240621364448,-57.457899858832654,481.608394477324111,261.620923579120529,89.836000786060850,387.792536881038757,135.397707003157251,-617.175472151153144,337.608789301205093,17.033421861419871,-837.610669367501373,-132.940063237514920,214.690923105131304,-773.704246802739817,-173.962122703153511,12.539628566762755,525.327018186070973,232.760075361699961,402.057218798706117,-409.924080691509175,-43.600971981064774,-252.497751754806870,794.711399888520873,932.573632124680444,-898.482610175497939,-180.577730819944662,738.950760976858987,552.181910771925686,-307.587826981060402,429.567514478119278,166.976703647921369,-110.782591378762817,-327.402556079977614,-338.859090760601873,-512.411538916731047,-424.087762475922204,-21.317911076865940,-384.811834423842129,-982.178174554075554,927.682268067762948,-8.903136445065490,-838.645373578633439,33.555923737172336,-250.622784950507025,-979.040303669911054,-558.262518632411116,369.326254832363873,617.542599703008250,-386.620583466838639,-340.932856432310814,-273.380103776332248,-296.557610659253271,248.556856478996991,253.432070407752235,95.172946265298819,263.008724652107901,594.772408624195805,244.666005980936603,307.893657632155225,-6.894885779816901,372.605068958541210,243.992298404390795,-119.475773144668665,-233.817849475496502,789.590294832881568,-219.141786762136348,39.556004175353266,339.894573570196940,-365.642681668397415,172.059905778212709,536.537186759454585,679.593688754903837,21.416862741184957,643.227044337249026,870.896310621575822,-39.401472944075643,359.889523291432454,17.622109357789157,360.171396566682972,684.590585464975334,248.551993252989405,-31.553887641312123,-470.121429222561915,76.290491068822320,-719.359546299419094,-566.341200583771297,-6.119981953268463,393.759721580599319,-561.895087482712597,-120.439960603311164,185.898286681420615,485.418602477386287,33.149493316518026,751.175401961841544,-198.950782582172621,-438.325224718835557,-134.097367653858555,-412.590596727650961,574.135660772261076,680.534708999368490,-410.253331325606041
-274.758903702401312,-463.121667388975538,-173.286801829789340,22.154449321516456,-313.843001700167861,314.553539157236798,-34.388552096976369,251.977948524504342,-91.002658289075825,114.322274154419034,-783.547976773762798,319.527488879030443,19.031290016967397,-66.410400610824311,-198.596628750700063,940.986083875298732,395.724677226230483,-81.498186032128515,-795.167843648202734,-72.187805258299321,-178.857145369253431,652.262645124466644,61.789485653654282,-91.576308021914002,-410.268553729598580,-554.141968371564303,80.693118898501311,-305.765169101613935,-717.984216488852326,-449.802792894103732,353.232335937318851,267.963422568215208,-116.250778720137077,114.656746751240718,-146.374088264086879,2.505685917354717,-83.871724515695561,-141.722995842986393,-303.963064650504009,-341.859267336002858,637.008777451107562,570.166558439265600,412.831781999580699,-165.685575074245662,-671.231944375200897,-196.198386414898664,68.485450337545970,324.591137887473508,-395.127317614606966,-513.076959833592696,740.074016014556378,199.408077251101815,-237.262876150064955,-376.142254756413763,-393.351568529298220,296.826704583661126,347.140843038511093,137.269099220792782,-165.798226098948788,-113.764891209289459,802.149642564019018,168.240336809922809,-670.162276181706716,-151.768706281886182,204.378877357632518,-148.010728349314633,356.647150654866834,-5.533850648769711,-689.920581329473748,-673.398232823223680,-191.011893515770595,-422.458497366029235,680.122415245401271,305.368452175806283,-251.929963128461651,151.202537051521489,424.552212060957572,-543.402199797376511,998.795947324444114,-284.242997396410090,77.237637169769215,-230.001521819868088,1470.277382648152980,145.626709575587171,102.672311387392881,-116.206528735145596,285.928680620233024,-181.384400286975676,-159.752793123547718,-79.334161589917045,149.716605967903519,-118.352705468463711,-337.337670655604256,185.609088219640796,548.400465099977737,262.097629161973828,368.269662613384639,-752.992718260148990,-739.411772249399974,-293.973728610775538,244.710449366306761,-254.807866180685352,540.480809823570098,428.784483115934506,-173.138499114489719,-399.842231907422558,619.331238025682524,145.488451201622325,-420.043163756657520,566.636511804410816,-441.066503852597407,702.078078704472205,-490.368145681834960,506.182892672688979,-318.327837435501522,51.745206373544278,170.275723069998378,436.194322896131723,-743.282468885903199,-428.676846770567124,-492.754234957398921,168.396350188422474,-133.120315277879143,-697.865718432661197,436.249094580944472,-785.955369016179702,-105.571183358403147,-49.774013830429844,547.881768769790483,148.895706885962028,97.420556497307473,-335.874423687589058,386.537036752273082,169.515028040484907,41.604044715277553,-57.093228790597877,-60.750774702556257,-507.093528507195401,315.350763386088545,460.095860105174893,-291.215931377137565,-328.708922698150218,232.646308691920012,449.774867669235391,259.846159457828151,329.383687141077587,-166.620960033282159,-569.499949129951915,20.642269228145061,-58.132724632610710,5.357573142671231,-905.110573466314349,719.690656484060696,-447.191394241646890,-527.743148786051734,1011.674771850365232,-376.987233571909485,568.860015406596972,-166.635464165596602,-280.198784262944798,-660.572943302349017,18.652819894678398,310.499713669989035,173.914939301063072,-405.114386979937535,-525.396800327125675,8.320031863477599,282.864850996095811,-412.164930275463632,-169.455368256051401,153.540814315164567,561.910377323221951,840.027044969179997,-837.965575314879175,439.500845512782860
-254.089257514390027,93.131396852737680,-610.682696854693177,-31.846875091561962,726.961249607266154,373.341231548159669,-137.175312246905008,768.737007666762338,-350.141569158947107,-568.370586519147878,-445.579588357399075,-232.106637529344056,-190.748387096146217,54.897485114704715,-366.523402781600794,115.265526067324799,-5.136419281448978,-63.905817541325753,-917.621154073285538,-50.456961577041447,562.142531500455789,-42.789290022659500,-27.172345937952361,242.571782331826626,-177.232613521345826,-571.465358827956152,-29.405204338647749,351.923122779614118,-893.178581512538358,159.810336704351613,191.143763740832270,685.715552429173385,104.222296786369256,-159.674959884671182,-58.331904790625806,-194.427679502951150,-308.515239228907490,-632.749858521341480,-289.361311522006190,-216.475095796361330,-57.094549191240873,543.252193918760213,189.533052471236857,-208.893736435701214,-460.649656735315205,-236.987760931118942,-159.127191396929561,602.141737587661851,190.033543033796633,795.105921235001119,-481.182866093381449,182.106768063848136,280.313398135072646,-384.788409228013222,78.889189711962558,532.180217401228674,64.588605878526110,153.378807724953475,-586.396528763052288,-161.504876728440678,130.646429983366005,238.125695174045887,-252.479606016383315,15.361856230905389,130.961308305295574,-261.535545842808745,-177.376377702577201,156.759513289718768,-329.645474890396031,-445.534473330471826,-105.964217345823130,6.634856718675570,777.287001091370257,169.869897084563462,388.991542606790006,-14.948462309090353,567.202578243867833,-208.323007410171272,-1107.708678750715308,108.649284756351648,-302.375571733103584,-790.948572759735271,251.092967932775821,-226.246033640047528,138.908571045106584,-322.601280028685380,-429.813594537823917,-371.326682089186079,-660.181025187256409,254.182663209639429,-501.749367764975091,297.816682262169877,383.100986079670804,-289.186773990723111,-246.718231770869551,-128.635360569962188,47.671317828001115,681.874089435733822,75.565734777694445,-59.745889980956086,-578.616565206347332,82.346724047982732,252.091172043137959,-268.743689467096715,-563.825192319638177,-340.298029952735590,-57.105678479568454,-444.579172243428616,-518.018300284755014,95.260753017013215,433.555293140682522,816.546532877329014,-484.972771244345097,206.218463284120077,-343.765691343323113,-307.200970298884727,907.902681710668162,-224.905454000909856,-341.088624627206912,-96.868649349059098,-463.984379103659990,1139.353073297441142,-820.051423305065327,332.477569944801530,416.353825911270292,-226.815352236725772,-562.866101848986432,-122.247625696993708,-224.205693194539009,350.816488688045297,301.666807513754463,-627.948756518582059,56.751720849880883,32.666687500695453,217.322976367938736,44.792113598768481,333.627769505499145,376.938618280026049,-275.410076837796623,-123.404298453501312,47.334510965195975,6.425943635464591,81.776632580743438,588.311512911045043,458.008994197931600,-177.446347366325256,-1118.802812140887909,-123.976568257376357,-428.714221796442757,423.750688635231370,29.072059311860290,-266.015470815054073,-121.805684392398945,422.407788156433014,380.198701993662098,668.434320633989387,179.482466671239251,212.028225361320011,-49.721914950142654,-322.402031850726360,-197.916959222467710,-37.701896192102808,-711.889562025685677,-287.725886016201002,115.829145285008266,679.422717232355353,456.456913848445708,297.991387067430026,173.975424137095359,326.820203046375241,-579.828254808799102,-319.326833920170486,672.026915799085714,439.045695796474320,355.506899195268375
-45.083574894162524,-916.142736665539474,-376.706434916565001,-33.290520672606462,404.750564050645892,160.101869864083966,-5.863746374362727,335.127185955260927,-285.781192174619719,100.343339892636180,-736.575583269124536,558.971670243593053,56.712162398855739,-15.134681576051106,214.961054215283525,517.682226931607374,125.214212812528473,-543.026171342443831,-823.747085339642240,442.855730088098142,-26.638255109666225,164.468455468038314,47.902611579907848,266.101652453428073,-9.635590886809720,-465.114277795542193,136.588987187719312,681.297496022349719,-124.012539414594315,-180.000263813096609,329.644069028841045,340.615837677034506,491.534690075570325,183.176822218086130,26.129217312934095,49.172874911745758,344.578412423161694,-150.481847925864940,-164.078854223227978,-41.054639011472027,131.312207598752167,-129.430901499502198,441.643547501817238,568.068673252372491,205.561495588205133,-414.040947392781618,-246.412418257916613,393.216014911972252,-308.130534814200871,212.664522201017149,71.099975169487678,-297.582597496689800,-13.310091854407132,-280.476663740692686,-302.130970541770466,1111.503499557888063,53.176114791119879,-15.718399688791823,265.951322561376003,9.838862963837395,763.184507780157674,-131.583069707501977,-367.791849699153886,-586.853193501449368,835.258969122296435,475.581454391358818,441.374241194329898,7.334400280340470,-407.639987039647849,404.838724921308085,33.110155404669648,-466.167564602332220,243.175411633543888,-717.048823031679603,-629.972399829687220,-0.074433215167174,101.958227583641246,-261.937953624317970,89.710888860222795,139.978811645341636,-97.944320374273985,-69.569176262894487,-15.365773003291896,605.786209398105257,625.029257982433137,760.334296216767939,330.344281278524136,495.006841427148856,-1.585929112329236,-271.486145781603739,-289.888551500294000,353.421269147343651,542.234018973346451,-35.106456762574275,21.247934442038083,-48.357269957346254,56.483306836290552,-191.172764325650263,-457.960905268099623,118.508363158546061,0.800012267344879,214.035027094395986,47.332221373437093,118.502542346866548,-67.158815594325873,332.181518426355296,80.103611581772128,-52.951653641750148,91.449140765573972,167.311822453463407,18.971460137958239,-619.894242516081704,102.496672783876974,-157.233304203026080,-422.463345939793726,720.479637165874919,604.585951125287465,910.784576443674609,-161.215370848790457,-468.936905540781254,-533.006836087273314,50.984311821106857,-820.834101281458516,-284.992262637646661,383.510499115099606,-613.243787005524155,285.004531466267622,165.565735873188288,104.574058232338857,210.219125069483198,-240.738313842817007,-657.955423782380876,-42.923515332276438,-213.120430014495781,528.420099871431489,-968.225962576098141,459.073900393875078,-523.239577686330108,-57.888001510045029,1110.044003055969142,-321.958341760954681,-500.439013149300990,161.053484067479474,285.636206536296413,-405.007236435337120,673.393490407864306,111.414178725598006,-265.431957267273447,-617.927105859160633,44.536794503645048,-513.563197615593936,-389.738612096969689,564.570568647676282,-3.698389341688729,216.889454478783847,182.385342663472585,231.595487311797228,-72.424520445385326,358.183238695590319,99.740973266449203,-537.931296867157698,-224.695565812163608,87.584795664789638,-72.046225771561751,312.242657185850135,-125.546736791799589,78.037800479582316,133.163926087396135,-389.933138407226295,90.588720414741729,-954.196669107163643,218.304401969763688,132.812527717832950,96.514617752585281,681.142453066426697
-717.165321776737528,507.857983869810141,1357.914603102560932,670.965267798882110,-728.751280042090229,3.476346543005835,-41.924741948490350,-636.806501545616925,-19.201148992186514,177.476847273260745,136.651293649408359,837.683253532846379,949.619852374402626,-16.082582161193884,-152.052118809291329,908.710618173168427,808.241341945480144,-302.855811914187541,23.137513502977718,-663.460425990901740,-188.318815294832689,626.846476178902776,-175.473503666762781,-160.740050433693625,-420.673125864211499,498.709581385724448,-210.494667388979337,352.633560277204538,32.196573694976507,-404.791046257356356,-95.050048808711438,179.987387922826201,758.834041251737176,-113.897209656895029,-129.323725974709561,515.975157722541439,156.530700588013588,499.538400849372522,738.209968730477499,-460.153173271107960,-658.618964987075515,438.137634845600871,-76.513546323425885,183.117652906688960,35.888078504309902,109.493633099175796,2.185688453619200,-453.965177379945430,-580.010982956686121,636.445755298072868,152.873366599962310,323.740314954798691,-453.686313110895128,-122.735939808791500,933.315331472384401,-446.718993340104703,451.031077503073845,355.323028052786867,52.756830482851036,-317.536714783546245,-514.797847621991536,-187.344466800555097,-399.320638778472869,-446.105914773496352,-86.206917581840116,-29.911181000844007,181.868644831010613,-487.835926359359746,270.879875845704703,-95.433738847944767,-255.836262956548552,482.189763136890974,196.297536488920144,103.018334547579343,-13.483923020850479,-177.420002952256880,-860.505004637736079,-212.499078306600126,336.444087704676576,-555.888156816246919,-330.568648688080941,1136.232526757747337,164.374046682307323,-46.527393885577943,477.591451239349510,-299.329208395218131,-128.690712136669134,105.096316075187445,-176.814412286139941,494.373225442530725,524.553491619212650,-280.452746103937329,657.780053002342470,-494.517332511937354,49.972214775002257,313.873237464888234,507.453760509121309,-74.435023583655948,601.680530935518505,-552.148111500027085,-2.469893844747794,438.478125858680755,-65.189225976961950,-274.049408610789726,212.214276831320319,256.717680975272344,25.285864366684059,39.069529364644048,-510.880003872452221,-13.158541699586017,27.631504846005246,-561.079834136056434,362.294304999227336,426.650977876190325,-426.582351704417874,88.622915208281995,554.727617253790640,674.542779871309676,-546.647323289685232,-198.597579884822466,-240.364312071766193,-411.784861465011545,-163.089515871759176,-169.722605419183054,393.130287517002046,148.815542669121385,126.585357994755583,447.760550560411446,-196.075777939521487,68.590411837488816,-450.920283069837808,-73.032530434897808,409.617170802028681,-200.291597365040928,834.024219507264434,-180.122563531160154,-906.531085689461406,-442.308015098151316,989.006132887422609,-83.479407619275023,376.730963313092616,605.324296552030205,210.691596042821800,-558.221167058968831,345.440948491750476,568.509764747742793,967.249085012498654,411.787138277817633,200.206581703632480,102.633395976716585,-178.477985008386327,818.767126002311898,-358.607462540818119,296.008845785086976,766.884782264613591,-0.422816197020396,157.036835433727475,562.694593629358224,-495.630337036177082,524.308225927899684,-427.938567810355835,108.141374555837089,38.841793133408984,341.346426631085535,431.022727848746456,0.743250915140443,178.391222830548998,-268.280798127434309,-530.542315323025150,153.299734641674775,408.059792550936550,127.433132817118747,320.682319153275273,56.642489575016207,-64.577555960375832
-158.217613971562486,183.897498561604834,-241.594802333383029,-246.239170605981769,212.501328774813885,-390.183239822482619,-129.470986762562433,-552.175804194887746,-477.196113835993231,362.689966940660781,684.448376766426577,-525.778462999954741,-66.379563761757282,229.408448218990287,4.307686824814432,-137.606024475035497,-117.414032127667141,281.905730488899565,235.667328820823059,164.384352742158910,554.753140902246741,-252.348525320941803,93.012522844583700,80.862789521688811,12.071781462644694,214.838240610126149,-158.814979679656204,-551.612391472870399,-32.691252700059387,-446.492631338264459,-200.295459328770164,-57.184884851861177,-674.810158786227930,239.067961468708972,370.851075847784102,627.753598820597972,-532.470813575663101,71.920693066739787,237.636309244242966,463.917043675782736,26.830247597125492,-174.895592777005589,257.777019103675116,-339.299053865117969,-91.907039400398901,480.788194229768067,-1039.891681671485003,-176.769854397595935,-150.737789823997304,909.791147921266997,158.108752689743824,5.116692548882970,708.850739839819084,-116.226770506086908,-170.126098091332267,-175.795680381671218,304.243047478855431,-397.378761336444995,91.165617488410803,243.056477538542310,59.979229159602745,-231.050655447849437,330.783123242613669,-312.793342704788131,135.969848571319403,30.047043662845791,-5.038171957578676,67.946749586504879,217.663111674598383,785.137050175508307,-48.702667116229350,-3.339324519460452,-317.825113160797116,-30.093680053420449,203.101018800266417,166.970551239729588,-86.537499497154215,330.889959258736098,-525.641976485543069,-310.187527612196106,101.182532054073704,-146.180580635067798,-22.328017524463988,-320.297518762617472,-820.490214074444111,378.567004790965029,211.721096958090783,423.274898221857484,-48.003912393243318,670.531323228810948,336.612630656824820,60.893580292019202,960.164663254058382,-468.173175173666493,192.261286428180625,-218.595297551795767,423.300211880823383,132.184719207375281,-104.288368055940083,273.920745144607395,238.429217851686474,-425.870754603799583,-426.213028942094525,295.079133482398788,256.860011956269489,-252.995835968961273,31.442405635264734,-171.327733419715969,317.936228217577877,647.637492596045490,-392.463646311909827,-601.246445263694113,-99.724467431102539,710.289189014394765,707.749273549396776,326.360021780642512,43.677344802749133,-423.237750588847121,-476.970659547607511,-1166.801555284581582,374.862566944229343,159.537059391065327,-415.005932529689005,-601.245146942920314,-319.296885645994166,-45.601702474740506,-209.160346512674550,402.882311974207880,903.361857221635091,-414.088786900266143,-346.413936914949886,-193.535687637194229,193.462688768996628,431.910482262701692,-88.094076997352403,147.646756922518335,310.257319666889771,410.048784590287937,318.375509794690117,91.910591276923910,-50.884211176787048,-607.403913253526071,-693.696853071769738,-90.268265187360214,-349.841052470633656,-204.059584507040796,-139.398263029948282,-287.560596526087465,211.590367498276834,-89.682605809221272,602.173637750452713,-736.732743856830211,-954.571252347771178,-273.938820570859207,361.192561772395493,-306.903152849323988,45.218830806498602,52.008483884005066,184.184080334931934,459.456763152251938,573.751896632786952,583.597628173221665,-539.725756912734028,-1017.397360733483424,210.611451852574504,109.756143997187962,-279.980212025152412,229.559261507396883,-318.220565791503532,-555.762141746144835,126.411366532677988,463.320677224150074,-523.226893571245455,-257.491534125937847,266.985313300906625
49.077487339978170,-449.618360647508098,-353.811822052594664,283.135539424474871,-869.121841716487324,764.672733048404780,-118.069632170403793,-723.056361726384580,-285.780295662358412,-98.897018026196065,280.564174701773538,483.981552452551625,36.202858019551954,335.428484904025083,237.154520967254967,-291.099470184856955,-1230.753116177294942,79.444654397524971,-263.571278746409632,201.908235820154744,151.358860032584715,212.226183633662913,438.033042272360433,-601.207641339993643,-343.907641850550078,83.679284948437513,-90.746440672781347,-327.388997300992969,-373.436013707730979,438.882782561598390,-363.451910642173175,275.635406115784974,293.133869696224110,437.843919362879717,-69.521017979589971,476.294403705121113,475.688913603436276,-202.808099203777402,-760.023944927698949,-528.685128995921445,206.761397158223275,19.649589515094046,181.665630730942240,-52.670886333193494,107.425010262184841,455.495442433360211,432.944882462486987,58.210248184497516,-380.423464582931786,-184.877487092478134,220.416722034427323,-567.860026368929425,174.465381203546343,800.604710827246208,327.031200503163234,-974.446517122431715,427.802189047259617,118.582333218450756,-351.671010356682530,60.782148126894150,-796.252379555925245,248.594155517624586,494.829276336594091,-210.011304993566029,254.456904504023669,-419.846584641105210,89.006408527171445,-482.253618229809263,220.807374742348458,190.273200836877152,568.564640955862728,164.179610694257548,-150.744401119373208,638.054135450825356,153.593746397143263,-93.098223640295771,-701.039504019258061,-1043.586698803026138,-448.449350972192178,7.264721040608928,-292.752520575858796,735.186473712793713,455.414271370787276,277.247116086336348,410.223466919679311,81.331973977659260,124.086409748631283,-231.446423470500349,28.686416139185553,246.706009505423538,-97.323976444906009,-245.867661086068381,-269.874169648156794,-540.155416358536854,-707.792184949833654,-137.771522415742822,-7.118662509394560,-224.901981549264605,44.725742452144978,-335.708806640148737,-106.149233636598495,381.320679966042519,707.968300741521830,-782.187770404995149,-940.268149522866338,-128.463636941644410,-265.077311088618842,249.116034903323452,244.686626277429667,-98.579048786629116,851.098258327097824,530.509539544778249,-17.923976590644706,-96.741806976894992,-259.987310134885433,-385.836533966031766,-293.839727874148139,-152.199731107637518,40.137132302793091,-584.853544231564911,101.714283811998570,116.111512882348464,859.920529832314173,407.307900031526287,-470.146870137646545,-37.766976316071364,-64.401770028129874,-41.956698632882791,380.514385167637158,524.666132990314850,270.189014824302433,1285.343637801853220,-51.926208391007449,151.695734340841511,-475.485209106724199,-170.688382378497664,416.586833397960618,-158.947603597143910,-665.669631685585728,-495.477378453473307,-402.203558462355147,520.743764942622192,-5.960973540827788,-331.936655787046163,495.374911054204404,-148.900698121564403,247.326701080957946,276.125906152513437,-358.897430913310814,116.093350837264538,-229.748274213991778,-42.807670972876629,-657.662193422482005,-779.519103139887761,-489.121362182646976,-73.499268987853696,349.675851821988317,-169.913381575554865,36.316568258860926,171.940566077991036,72.727914270638550,26.003243654396819,218.007631564219452,-442.623374769396264,220.924471812164740,38.392961299538165,-552.173892205551169,-679.121827270453309,540.799275798790063,142.790819664257072,-457.474682450269256,-363.621540799081458,399.594646251613369,-623.696219742029143,289.568915084553282
-358.924181390666718,238.799825821821770,138.452550539406417,79.283801684617885,943.668697999697429,-337.862911766656055,431.697233938738577,-53.558048925588118,-616.730006556075523,159.409634579043313,-167.756464988726094,449.703001248701412,171.768297452632339,355.062070230113875,384.098765013486911,-31.975373706240262,-147.099755970627825,-331.818999382436232,-79.355921482761062,-492.318684999005313,-452.567641856444709,-184.627032021279149,96.929546540102805,10.926291918109023,-297.709509287423202,-276.744898836683888,1701.942016339305610,-8.130682791862613,689.849486169899933,-87.568690039358231,71.564836706285547,-136.064246866742991,404.702206200384637,103.799869851069630,120.146068516158110,-54.956202884800085,66.424479279794625,382.174666003626271,262.215892302394707,-168.655891424222887,656.476799362064753,1146.986555560698207,34.170078515196593,265.115885987495460,106.561932248472289,-122.134737245767596,-376.408004557861148,71.726261872085701,-79.543847996519318,-157.779229056107965,-2.904244718730107,242.255811208372080,-735.727146879228712,-448.757046493720054,548.103802666782713,71.652672824084163,606.369881076719821,899.381053833186684,-650.537724735500888,-193.016320586462655,617.520900484165509,-3.072222361874901,-651.394118331065783,879.076156103878930,376.770160607187734,-366.486146981360605,58.043526036105860,-187.013580273588786,141.682978283589819,-186.558380958721784,266.375763872469463,-53.844713509196325,-303.515662214504630,417.698528966267190,957.519240910296617,578.211552263756062,31.636701266015983,361.900765957630881,-376.761406443089356,44.624744426150443,-24.329590978178754,-330.807298144300660,-109.872557756690099,145.415685507603939,-87.388843958301223,793.644562974801829,206.195023785651074,-185.184028856231123,528.645934268957944,31.235643044709256,826.839113560709279,-228.700992602922469,-622.699174942428954,491.947004094216311,-876.721117276577729,-493.222004409255874,315.944375588455216,492.787664196971093,-499.881742319023715,-33.806263922263518,713.817096721441089,-169.483482610478461,-188.837578433148963,274.607574701059036,494.028694028304471,554.983595762382265,40.730507604330668,-121.600587763855160,370.508120090939656,731.655229031248155,-262.166307949071893,-266.745842648210328,-251.967590859278687,-292.296404254047275,946.432977691837323,-370.903104615587949,310.313747314055092,-12.602556944997403,382.413232279884255,531.954831581446342,-577.897587204355432,-62.886728468386067,-222.042899697527929,-366.673446348874336,641.867676050770342,203.246168346852073,-47.546254102067664,903.582121733015015,-146.131823918696256,-362.222125161457541,-38.391466797037317,251.909802490470071,419.145202927226364,-1001.096547727057100,-410.078791129641047,209.401811504920886,-377.220665046579541,366.857146354613803,347.144716661554298,432.413324520827246,52.148223476941652,0.149689732213432,-263.460017284239029,228.720972584506939,-271.082992728434817,473.505420363261237,-848.572708193736162,119.489492353779099,461.228142559905280,879.274826108206526,-77.137218078978094,281.554227080438693,100.837301663991795,960.321408816290841,148.701701865675830,119.616065766316353,-31.271752490139022,137.019988408112795,-363.124961704057455,348.834573722108189,-158.864844612848373,288.606342546049291,-789.481112656607138,488.256514431528103,131.030004361562646,285.559294839664233,583.576731036052365,620.781073523469900,-62.821327454993309,378.654399093874758,87.851816132116184,-30.825270481227378,-261.971605914354086,277.842465067601495,282.738456053984180
1080.870425685323880,-799.026066943271189,101.410784215088825,-216.590471498740328,283.061776158102759,-713.035539476326448,953.329696344552417,560.298743884025612,-50.755739258810173,174.543082570645140,845.086938592640877,-356.227945928959116,-50.919515473169071,1115.545354649782894,163.867404103730138,106.139569478612913,126.996771926041518,316.087619750306260,154.657907301420238,18.942877581443284,-274.277897801476001,-596.020706498957679,435.661728139796594,582.262435445845881,-63.427413419486406,231.746190354327155,400.920244415552304,176.255727888637864,421.693965901077888,164.765877661032675,-187.812227513957851,-376.264116423111659,-520.379546518072630,-226.971121816117261,-249.745148746329562,397.146045971263845,5.958726751503743,-292.922750828586800,-410.160395947493782,28.196430391289997,-996.563281411594517,-26.260985104677481,-816.092061151209009,202.353846858051213,-126.489131294351125,778.959658189144193,-247.478561389695813,131.738945261683057,-682.887837196341820,-707.016364596280710,-423.577209841548893,-325.212476054472404,178.124278861683990,367.260693709475049,-72.573153440173911,91.202071991806946,-94.391522237893426,270.434066091242244,-437.308347466927898,-103.111149117143043,-143.903502459924766,6.218804131706435,-551.942551794344126,-121.696331695298454,-582.258246938510979,551.721409160267740,-293.036805581340047,361.530916759576201,59.744928476768578,391.332930374869420,166.264266398236884,539.567884142794128,-200.813326972163736,-231.625376787097679,268.193810231119926,971.116806470105644,-114.203523851703082,-470.793239549751547,370.961086888213458,269.466991034387604,-387.874140799339159,-631.209393282410133,-128.536661053356795,291.547993436481249,355.141275825315972,337.844188204424313,426.555221743532968,-402.095644391754888,-107.426841445708277,756.106677304039749,7.979527762715591,-437.117128267294618,179.160988043105192,584.131100161678432,56.450696901979057,700.264020638478542,-764.840159215162089,168.774966724078638,-345.246906350238703,152.291866980693584,-792.851023785551092,-117.010599949945657,105.626042443506549,-283.812242887024809,-348.246953626898289,-337.155787747483146,-252.231866980777596,-368.922470529434975,-923.214582660949759,73.531661866353758,-341.605163788997686,-123.728979628211647,-194.653655878180587,-2.473686639383651,87.585851957567542,-259.889020212275568,-89.010231336541466,83.637317930863489,81.746338505289742,46.606416672384611,293.739807698551715,1440.785401786545435,388.540928470093036,475.826556404707787,206.926433384014729,84.602859543714175,-276.292363759078626,432.371213647304046,120.465975992554206,-326.060716988888714,157.586109155880365,519.434653200083403,-34.439678154578189,121.767859317800557,-131.902189520679315,-69.220918963288810,-36.702975138803360,-287.883103998772981,275.078173886337652,-301.126151300942638,641.134525085943892,-138.169921723279430,24.826830964999147,152.834924503996007,-536.389918211340841,-855.760433086063017,140.369939165172866,979.035369617374613,263.836604798260225,361.072890109993011,-469.832193436878526,71.139606106177908,139.711679161954123,5.968694691409784,-32.459902857422961,-94.765011677698041,-129.544543020932679,358.531335312294743,349.151562048151504,169.937791274983397,-230.406965490898585,-67.220823030366972,430.744414818788584,-805.546408481212779,-627.504457212104285,898.363609055441771,341.424193026169519,-140.746260974412081,-371.603926245721311,259.427661443875934,-244.450829197996342,132.275127689954957,46.847345847852843,61.113233492399516,110.124842758437779
-282.688089637446126,508.195052306575519,606.639465020628677,360.053384395126955,-416.861830293171465,-259.631865474793756,589.885714808106400,64.309611918073045,511.635486197606269,688.752061354531747,374.291372789616901,177.769034417095639,464.059523413758427,-47.883051374357457,-4.665206688203867,343.123043204242038,-228.034684996505121,-223.230904055029896,-422.434487706148332,141.655009592467366,48.106346380657534,-248.711316750257879,-506.973922878400799,304.754116655106600,205.056035216476374,-613.923554609347434,-3.636001056561740,-398.575541103590524,468.659504306256679,591.283487008024395,209.067212211932969,783.182653491214751,224.447721863365445,-241.586647596714130,40.524030120978878,-403.522351390631684,348.975258257200835,113.875481040343715,-773.519268106233994,-392.194027151964235,-703.026341817430193,160.962390014666312,-242.669332589409294,-469.103765561571038,296.269720401678683,560.967753359551693,-694.302850049094786,631.892673265359008,340.512093170817025,520.193709464109702,-222.791893198804530,-525.365118237817455,372.555096527565865,-849.528402728029619,510.859328671135586,-247.440819590874185,394.775212822794629,552.290496444862811,-102.602832654747630,129.726332068388842,-239.770002280265800,-731.345039188605597,318.270888674955643,99.415228306975763,-150.311419979850285,-1111.940601610153863,-353.115105197061155,-1828.766300682090559,241.114285039903137,156.128458420810801,201.476974586614006,-542.854235860491258,-275.126216795177754,67.050828974296806,285.837607434162635,-221.631390195375104,-124.806932654808406,74.546131654104073,-42.641716061504013,150.475873834085746,-163.726516268002996,352.470406911189684,289.392811031970155,-77.647359432178575,674.225367511877494,511.800007919930977,-527.940304190863685,-238.399725099874388,-12.495339693099023,287.383178715637996,-241.839381911592312,-168.750818228691543,-266.110950453903058,-379.649913399926334,493.083017680675994,-199.852796381532301,215.790855902405184,359.540374586958592,789.685900894756173,-661.285264533741838,521.144472261836086,300.548430388946031,562.380966843370516,187.366880317350279,241.509081462905641,757.568491527502147,-124.769208214072862,-56.991235271751208,-14.921038861190887,219.265359842949351,-36.534371842179688,-884.349223359526377,379.961282246244309,-7.282635945365129,-221.326934384470690,207.617465450514658,476.337305304135725,281.505036982493607,107.051349838826880,-303.681635998822344,79.109670049363132,228.167797962725587,815.658724709036619,462.313064942675851,133.523828326560334,-157.739987537513656,326.603065076182588,-40.192982312593472,-218.076223535637837,43.527384813824199,328.895498292525929,299.880301432830095,65.958874118771163,-428.583526070256880,46.907886992986889,497.984577224831980,312.637631005488117,316.061339459912631,-52.604658789641462,149.650808895239038,344.586531671751686,770.269178204336868,5.717308344075413,538.228182389878157,402.886671545152865,236.314261963388844,436.368470346026129,937.008879553895440,198.215383138995350,-97.661639137350747,-118.067130494659310,-215.479573169071983,109.391156219323065,793.891853147577763,-708.290277421250266,-180.661515475449960,558.927493418272206,22.613130328555535,-102.203961078211591,-120.213094867242717,68.910821649693077,-737.896894505594332,131.684942522512870,-107.663331598307266,-91.326222204987047,829.458904031511679,-114.558354613430765,183.336232022870320,-343.698262368595124,-251.850732121072554,145.291954287164970,-282.810312445910824,-13.936610639066757,667.545009331734605,84.450695903866261
-467.370982614267120,4.512820087073312,-292.617293289706765,644.293643793876072,-222.716793407727550,-87.160403980576348,694.102912187381094,714.210099628140711,42.436571516519010,281.982942740736917,-114.312506385142314,-551.754216258128281,-909.936939056813117,592.050857674669032,2.786079468060002,-172.615152489182776,561.657993518592320,497.793673861874765,499.789702666163464,-63.099586681458646,-329.700642465744693,-332.668285270454987,-767.284886580024818,-823.152852882788238,-467.800552153087892,-149.837115157731574,281.628469260247584,-507.958777606899332,-206.546074178157028,-181.791232597907339,319.391548681369670,-344.798279599172304,77.604482918217499,-989.241648010104200,-36.793564492938025,-131.345225565316014,-784.436999819533980,19.545658081072069,244.814712843842983,172.441560640245712,-885.179635264477611,-366.645930594558649,-231.489263563720129,225.560759729120093,-519.962580077199618,274.531714469518306,-197.294960918383879,-349.940435834450682,450.039974470892673,-448.757871948299851,-378.104883356778714,-18.366426422222773,451.259931856560911,-426.188636646925829,244.348620073142257,240.664356682699577,255.780495895677973,178.526719432907527,638.291549966612592,272.133298400967817,426.432458503450448,105.515032650802922,220.803870112950534,-594.373150386669295,-207.903985841199017,128.783632314941912,-136.170932127571206,524.739974815083997,510.328341157813895,6.484262746267714,763.096432456999310,551.093394749924869,-311.375383814561303,-344.081283445745100,-80.767236697074765,-155.005741762072944,448.068402502028448,641.760203510766360,-537.008491028188018,-23.611298772795511,99.488974621939605,-962.622853315306543,182.837832392487485,695.251990088686853,123.319345717420703,-92.770701285635568,-355.220238039818582,406.928617896418814,612.338274853407711,518.990328052697350,-288.291587433030827,-249.003731803064909,94.268777535002698,202.059367186100900,-656.068992805185189,-489.740088876976301,-192.656317018596667,-92.285964183787073,542.528719928171427,218.324079162016176,426.049973046512719,871.161255862519965,70.721434363992259,1.579520082384089,478.673358376181852,-434.540679215206126,-356.986000992933100,-76.995960029784200,-346.835642634631995,-9.446285370104659,-126.712258154202658,260.660152099887398,621.526767308080366,441.124222967015271,128.611523324933586,-362.262209901038887,99.216978875001956,-2.875335805741883,-104.952945998476139,-458.604163322244744,52.404261451635776,-319.447294376028196,-249.397898582774559,-70.512412332789182,-426.284130192050213,-823.659180998161560,268.189739044886153,318.123790664643650,864.696851342929108,-260.089934330553490,-891.262829624995675,-129.040687422883025,-54.357080772493589,-210.974523056277889,134.723420368632276,48.597679840163572,221.689655516390786,428.743122842292564,290.977475120011661,214.142983113271896,-288.137760941418151,236.315585533917329,-133.182591803960833,173.989630933790409,109.223015139995454,-22.437982643138422,-169.514461442052720,489.348872965485953,-577.115903392173550,298.292469503670418,-283.740642643416663,7.079584668967360,-96.335706158240498,-566.510852601194756,-358.692043075324136,-10.401568703485221,119.374958536840879,37.273501415429493,49.993451582180334,-147.794423751445862,611.663254107331795,752.300695711616299,467.243032386885886,111.771003736836562,354.193026940764696,1112.586758524919105,47.385848685082742,-496.935339053920302,1125.300508783367832,-681.814618413785411,-66.396535752960816,-263.628295181386648,-343.657298873069067,69.693001322090197,77.646106082054317
-72.941736572992866,-842.159599455109856,-441.593457141502881,-935.113534375561130,330.822689687425282,218.811996583820047,-266.572498303929819,390.527872711900557,-594.092858921925199,0.015645547065309,-487.225477417487411,138.956680854765466,284.389898255477704,393.405999804862120,383.659304882209483,129.832143958599261,541.194483259209051,-461.641862282730244,-617.057462855866220,-17.177431105884004,-193.732707386993042,-171.624529181928096,1116.930259237870587,-204.086286086456482,-69.863379924663164,-103.732212198167176,7.868950814163337,223.263630240080744,-715.497313387765871,123.095586792984605,166.614747569302835,-579.879862972424348,-536.195591189397192,444.966887225244477,-289.879002524622877,15.267944630918926,890.882220297208164,-478.271947903332261,-303.248490269587592,832.607020430807438,-418.048268148039654,540.606811781209785,574.195896352796581,-96.019076003350506,156.957909607351809,35.277174873095717,-254.240161434954501,228.028149950791146,-274.017748447126507,-200.555306202001049,-932.313076167115469,-143.272446316732612,98.041546539575862,-362.953994408696303,-191.981308068714384,236.828363239715884,-37.365106697796044,148.785494260401691,-15.910207372688493,-687.722434287560077,-437.375924548601233,57.395551495970444,497.244678289066655,-215.629098022683820,139.935462271863855,170.235007143409547,-885.861225898882481,-33.036760977313250,-102.799607100301500,46.124090547203636,827.066024155706373,700.989009441012172,847.967547645289528,-347.692736671089449,-111.258021568957673,261.513811408609058,693.785548763919678,-850.085224345352913,-281.228873608451295,323.718394360152274,165.399107801050008,378.395859948618636,679.662916649498243,53.966794434833339,-36.444342521184652,-671.437452206029207,159.002612018088428,-499.763462487035838,-317.914353118554288,380.344925019488301,77.523713331317495,-283.870161043991629,776.307873217069073,354.647734243798027,-254.985270147066473,1168.527689081260405,-555.841277099186641,563.563968845227691,-423.497456153339272,-723.112853580746901,-452.677095100737233,120.077813507617520,206.148078796593865,295.313542822624925,-327.468349755162706,442.617134567767323,684.703318686340026,681.487250135482554,-532.931399445415195,-451.851223925101067,288.559487971549459,29.856042398208029,-682.079583330229980,398.905239822069461,-474.242448949966843,56.438164101979929,422.552008476749791,-163.602859524078724,-364.321740263695062,101.590576641495062,-164.903063519964348,135.971827923106645,769.281582771898343,335.799165418574205,266.293596455687634,77.997962343709645,120.503191838456544,487.005241471311592,561.463814341556940,-390.684812342484861,-21.176591148395520,218.601025646915758,781.572740460330465,303.388735215148245,95.528500882360603,-169.410747426800611,-127.822467382513437,-231.587612426379280,-165.196388321984728,267.947962247276450,193.950482436764730,-267.020185942715159,-499.441612107532251,210.331042984538527,-743.932684275894303,-586.305823019087370,84.213534214676528,466.273841786964113,802.708551684953136,792.164152944952548,231.169181832929439,-601.883800550245155,-403.036298947633668,-607.715298563425904,-472.784841877715337,-365.422905822217388,-699.489830837611294,437.448961522385162,-87.597223668364137,93.817294269763295,-42.512319996475419,-102.639641218479028,-399.666785122982844,489.608002081089921,39.315307056043842,-29.551610537656053,273.592445476627404,383.028642279460712,-321.780987072597839,27.755989647859909,-266.288812215621761,67.495003379452100,-225.110665382809913,-531.317213868487556,549.301858563210089
-370.283187416266173,52.038273181871460,-833.532208147132110,828.633922858380970,473.387480628907497,-83.392829960594909,-151.463836449463798,493.667316862547466,-181.981905087067872,346.954682074537288,-187.481435847837503,-292.930278473022440,-370.841056221845861,-509.709254466529501,-519.205445079480910,87.358091654657741,-257.739991596576260,415.604248183963364,-54.176586755381848,-463.697840363065325,178.322294636905042,-116.422817820984932,-560.514245307002966,-775.630364176263470,-677.420895691103397,-1270.822297354581224,-382.999320450023959,340.801675474807325,209.544485422335839,-577.890058291015748,167.029972122666834,-101.803779041777403,-157.252068499085453,-299.838250556423930,-184.343528438531393,-175.735767069905847,-159.488972289616441,320.296739068486033,-94.881013337939137,19.212658790708176,577.991130424249377,-460.902595353816423,932.418238936119224,-33.940579897986609,209.408413870009326,682.352474590156021,-112.236805269220199,-16.182354308032629,77.552036337867278,296.064780927754725,-276.386691906165709,-577.710672679722279,-400.922974540798748,-362.924554990991339,299.091062797737663,-186.261425375187855,390.354696603387310,-881.890076704530543,624.397620659860991,-334.389267863157158,-75.329993773643395,-678.490523200404141,-281.244947104166727,-381.285703587331625,-820.358771232736785,686.678437287698671,-598.737982759822557,565.506440455144002,59.038048033172160,-82.896051627556105,246.017746128490785,221.958910114244674,994.524941953781877,830.351795870088267,-11.829100601382130,323.088552207353302,-27.400524678264041,470.945472958141806,-1069.104531061374473,-904.659196102648593,108.452523626310494,-107.515428728577689,500.142157641038466,362.390931469693555,201.843732115221798,64.003805420165548,-659.959220777673977,-230.109854186172726,128.889664120210114,70.608833507012747,-124.837198608060021,-887.192082291255247,-1103.009080476450208,-51.924393474293439,728.566129140677049,-341.447811942168187,595.520038084604039,129.667382968624281,-489.424039223840452,544.025222232669648,280.684120412478762,141.262007634014736,128.030188388383010,437.687005942340420,-425.929800917958460,324.089277895013709,740.140733916728323,-518.783082012447494,-359.750552129497976,757.938168575452778,-643.696497928884696,361.072267036879680,-372.491911728607818,11.911776214724739,-88.485371228452607,772.046788468001296,39.428687186800275,1238.290846978269656,562.967240914811327,-676.081630893146439,96.290100450129700,166.289679757166368,-217.327529390187408,210.553911037640631,20.336639051832190,-372.194407180575922,-283.751918067975339,-6.539701718717765,-221.551455487942661,-221.598149050651557,172.601786065535123,-4.088536574848185,-757.437021715084597,-705.095645359317473,-245.358199549698782,489.296247425140393,675.920742082952756,-276.120457618392834,-936.166382861410284,312.514881978730727,106.027475019132055,-262.519756006520538,-511.414536323098559,815.108481563135570,414.847407702399153,-146.341687063241125,-191.035807539743075,274.566663386882851,891.840550481618720,215.522820203980672,27.537590734131058,-253.199501941090034,-142.274591176819513,-680.051200239497348,194.860338918725915,268.455922070804718,-802.610393520208731,-613.813473120903723,156.424937199303258,-801.815603585838517,-329.000270715285012,228.483580431059437,265.862583662569477,11.026704622771724,-204.949363629229964,-242.192257279722043,-274.407311877164943,181.940110517759734,385.916094553646303,-380.686244910760138,-247.734072856604001,445.437695540946663,233.078105151965872,85.475783730664688,713.886068887569309
459.613708707640228,-701.112988416005351,-416.868165991072317,94.518591023629398,-576.290857094063313,-500.699168714055077,533.997113871842089,-131.688301202166571,-1275.709556542361042,221.095812781963104,102.951224918818468,388.608705499204177,7.667103799904332,-369.911882129142953,-784.004780221151350,-171.020508553958024,-180.052560584135847,2.111529034945406,25.269174859627530,249.799640348151513,-82.906188466279545,-556.304668898467071,278.963521311327156,915.226333126375948,487.920826236519133,-564.752488704176244,582.226575279161011,406.243115457194904,-137.334409356747642,1083.428606658479339,214.936239960880044,192.540428716531920,184.968322547375777,-30.080137568127377,-495.441086847992608,263.588367926716842,194.660921817956051,-819.266154473930101,136.296404994490587,-247.341484111454378,-256.916002169379624,-338.935042818939905,-563.857786277707532,553.817476502968248,130.591577212106955,-606.652027632532850,269.627729483209350,116.731909284508248,-239.188680295498841,-196.961934227042349,-135.061185040584803,414.841880775796767,-394.344106674900104,-391.592448444111540,654.183447061465813,-623.081890260448517,543.712436445829098,-94.186835674813295,72.307554905404245,-129.764029065472670,402.589727024624949,-236.968320606520393,467.648726894977244,97.029236322320472,202.802065765736614,-640.259699706334118,583.604485053151620,-281.306088008319534,520.053499236107314,39.354746406044953,-236.212209957959431,305.239524036146975,9.011671358536496,172.835475274936329,422.873293752115956,-307.891540001703845,-829.218040858347536,-164.705181144214379,-764.921841812572438,287.591992426033357,72.076093440672224,68.242477180684475,-80.209925770538717,482.552576324131962,367.100357981815989,49.557874566811691,-1235.126719855583588,-582.998487109455368,568.038153183675490,779.575680826771872,403.387437239730446,-254.055436904756732,1032.913645277328214,-118.398779104195853,-425.185520315604037,-210.659955719858630,1035.487930045054782,477.103799199299374,-483.037564283885104,194.827291410560747,-368.178164740225782,696.721554282713328,-1070.220189103230950,-608.619249501599597,-326.327515733795451,57.418589109053549,-709.180534684541954,38.929791905028885,-121.235702039105945,-290.589428357465920,-338.820907860324667,-502.869289584681383,15.018443214912836,444.387377335620045,-278.021509628949161,-127.408404528499361,256.360031910348425,65.685158949336682,-348.073689356820466,1012.448186391036529,-743.877418009894654,-255.695153747425280,1055.990284675967132,452.393539710300274,179.484819364829178,291.485506284022961,414.449019588059969,79.181053703645148,-951.203870796259253,-132.411308493331290,206.869725797125341,421.240494300165608,-323.012239310539371,-994.843010430967524,-72.169612562627023,-27.648680642858885,22.292082883918255,194.133116718810442,363.688401128101134,-50.129046695078870,396.562892127325767,541.154298355666697,-794.694249197145041,-190.350605453692140,-174.317976349281878,220.238704480319598,-80.855856162629607,556.852397371621350,-149.859171282464047,292.776524793427427,-654.662745937939576,-342.667797486859683,196.128040416915582,206.148873989552499,-736.009264512524396,121.020186060030213,-211.969915681297721,-451.184833274025607,-714.515142644132425,83.872238585729775,303.233067571854860,-253.418568484770759,149.803722813754575,812.719319032069620,-122.454013835953290,-682.470310038234174,1042.389767592983389,311.126634737206928,-64.179251094564378,-131.900234809730733,82.106553696204912,-145.189612574826214,349.254613002499582,385.841576443257111,40.520216467140429
877.689728550786981,-483.796625878972463,102.733645137480693,125.104470963745442,265.994084743871326,500.208443081620146,529.785322136554100,253.404098950230463,-528.368118837458837,-139.672439495817144,-240.103273506818113,-544.901582742441292,-1075.757053908164380,449.305808769629948,201.290531270670698,-711.804181261217650,282.344699385618753,-564.769364072511848,710.900571264776204,69.384667641836501,-111.609466267617023,-456.595219056859207,-234.500320658008548,267.982934096806559,498.367715511253323,160.519778796876693,251.277158394171920,39.171981219762891,-202.230962513762250,-642.815234771146947,-271.462847840507209,-101.704222152807574,-76.880133849162135,-130.494061012935276,704.218696654516975,30.525738434185776,-372.665013073220621,119.941904185250706,-127.447596354546306,168.274661250486616,73.162185199387153,53.889217372428298,193.111031972646231,9.761451818533194,153.817135935138452,54.374286088244673,156.737575332795075,-774.563150736016269,-291.331620679477965,-617.764984710386216,-650.355388484671494,172.141517279114254,111.515684030258257,412.817859811544054,190.759906429520981,-196.369594229871439,-336.255515592908409,-575.819702182158153,-148.708284313155218,397.600186521451519,344.891784751736793,-391.046850452928481,-676.686887041450404,-347.220653473761615,416.075798621581384,575.083240453430903,521.553526262168589,-147.033507826743204,-659.608498430599411,-176.145129268735474,-90.118130959725420,570.977122384845643,-314.312715145912478,529.395607842492950,482.808568173690844,1.233615853683816,-26.010040922725288,-239.662133296775920,606.321201148658133,270.545649603152128,-146.584293605318152,-761.072800953885803,208.831262421572376,204.614617899566639,224.699696624953191,-63.702484954638059,121.344925828194391,-345.423505159167860,-383.508073570941747,298.743993616395130,-405.495941613435775,625.051019344234192,1114.681573926182864,-559.783509509837018,696.367233985121175,181.366509365088604,-170.490002520393602,-810.591245956723697,-103.903928170694186,219.821513174198060,-135.294221670771037,34.142737076347601,11.326312868047250,-804.895864356723678,244.977352773675619,-127.997567233507709,-241.720011233710096,-126.916134436259924,-168.446190510744827,-307.927616474949616,-837.007155494262975,772.547739567140184,-200.831435808074673,575.338755136853365,-27.611587076445499,-847.451271902294025,-1.497718673815339,-67.067710866089570,148.450641647318122,26.630618661184695,-247.886694220658285,43.728013641516846,-229.578545526235615,64.074503308841471,526.736031809137899,-320.418084051486233,-287.482848742946885,-430.576106423281772,-499.038780077597607,-560.378883650318244,-680.986180749299024,-323.988711373029503,809.632967519311705,255.899049402560308,-111.117273414192965,-165.436179327013292,-212.723039689678018,-569.414495274924320,20.225547217250480,-604.913222626359470,416.483406450339544,-474.921961810299308,-70.275660836115264,266.108976694677608,-249.178787977970103,474.920429361482036,506.737776066283516,204.486200031265668,-338.090003935725406,-724.011077887452188,412.120093749269131,655.228532304451960,-56.032537489072567,293.419915223524583,-58.788616550698030,-117.183031431567613,-67.026376207656170,153.496916125548381,-509.943419607333851,188.649387348196115,201.800946127795186,174.826118084618344,23.359957793185064,-230.319161846127656,487.490843703562859,119.152929386682814,372.320675324844615,309.891074496138060,-463.700756410709744,-537.837499834943060,-523.493660173480293,73.195759778294786,607.069395507371723,-434.045540270594870,-738.283761110467708
-334.503131660352267,-105.809034401023766,183.256682322881829,-62.793713470750433,782.969325605335371,-360.352384679832937,-313.587492862330294,-882.525042638037235,546.002075412760405,173.143204337780588,202.248195206055385,437.614208919470059,159.478801004793411,589.251173462457928,-434.721867413837572,1008.568502417116520,-87.650139465409978,-483.864337615563954,-975.876177515848326,82.950355396172171,-589.923804422577518,-650.889700506389090,-139.246488247707532,-598.695834623765336,4.743115029445171,-866.769287645904910,180.989208178925537,-1.363943794593922,-251.354213679881752,639.552918153221185,-268.358484091478772,230.342073788877656,-679.612246699056300,-200.364431691776929,330.843699908835731,-422.854710786575936,-514.152600789865232,295.001649887731560,710.979071639729909,59.187928550799491,675.263010200583949,-220.589078457728249,-1184.782278323798664,-713.424703261844797,188.714927156753077,-68.691246985822843,271.474946424947234,4.353633972562037,-958.133124481549544,393.766626501912697,693.203993854541864,460.355788889786595,-466.099638008904662,743.998595978990920,425.768511359689001,178.391997645170250,-73.015071015484352,-293.681261755932042,-134.296984497914707,-298.116438486496008,251.999010681855196,133.583422066242633,-264.153731526593504,854.889785938995374,138.534899017142720,525.475657482754627,100.057429638082880,593.765345150524922,341.699581598580380,93.486904920681951,-293.656903863232458,647.245779268299316,10.160956739397953,800.080402637555721,-122.410936303017436,770.496163691968945,213.183783589826987,-343.715086622665069,-696.684452086918100,-825.760988354707706,796.432610455943973,-132.374460389945312,141.489864790229831,76.261675358493989,119.229877965042334,624.428540578096545,355.223956610427933,86.071780653068586,98.182529361587072,-640.944218647608295,23.612148941508110,-157.382664081276232,-985.446719302599377,-18.306017240786083,891.592491910739682,-461.873185116709521,365.334587846006002,-19.975887333909409,-393.352320545077532,586.659219791345663,420.728801026813358,118.973328667156053,-793.406394082090060,216.561749336235550,-47.722778201866717,462.626777604362701,-858.933800515464441,109.164915537557647,-274.192554347651424,601.422810027042715,387.545376698428811,830.917226160532209,-106.831080271440598,30.777569892876958,504.225151841675142,343.499663313346389,-41.128790571075129,516.577079802350227,-312.381921173078183,-53.358383061315990,412.936233226463571,694.632680128766197,-157.323578331425153,-191.647775179826397,-268.504790423718248,-535.658880630733847,-351.176726792015586,206.908745748600211,-113.684865171792396,-80.495092894291176,341.885253087839374,-107.532173374069330,135.822270323413136,497.782723666722745,176.359624241942271,35.768149782599373,-135.974282269956774,-125.670687824590246,-1150.398528833692808,157.031873555711343,315.515025686846627,-116.287760164977172,-179.467643951203257,672.614106728600177,-116.187402412665946,213.493946334824443,-123.779375854227567,-265.794343071442086,-505.944655911847462,-538.389917144662036,-570.022840799724008,-644.545906558842944,-45.462592846311622,189.270097795610951,-265.027445956093288,401.747361818356353,-568.772669533996577,194.590338606093553,-4.454508001134499,-990.519181729879506,-111.631430620973077,182.021455429585956,385.204798368406500,-130.468730759710638,3.411042621974760,207.733162007721830,-88.791978095711244,-816.208332748291127,985.312623094444120,612.268895897149832,346.042429897614454,771.670495661554696,22.672687797591674,267.221747104917768,408.126324257124963
293.595455550642953,336.251272748112513,70.329445054679880,266.200709324530180,-107.440156730532436,756.764580729033241,-213.425781594292118,104.719783613460947,379.059888021052075,151.529650778203234,580.572009399435387,259.752863886407908,-837.725882693250355,-81.438443119281089,325.197254093898493,240.735441175673003,129.726412610017832,-541.744243586645325,0.541529659514993,-539.548819781392467,-464.047138279121100,663.033725211364754,417.988003800752494,432.638549920661717,-321.199338415360444,151.456775785329796,-370.516665704502145,427.471274078744045,-323.862539216996993,-822.645302741294017,-527.786467208376166,-926.445815736254644,-1088.379626244680139,12.987256038246990,289.395461137892255,-580.216219304502829,872.841697647388628,389.692727995238158,-27.250267399866210,757.634997006753679,-76.145182540822731,290.562537597262121,253.060441053042695,-964.566510116119730,656.599271788465103,1099.535303834627484,683.773861242781095,-393.638501037189712,-167.345918416108901,22.041288878434415,-47.923279482066988,-93.900125721519260,59.612051303086787,250.838183371614662,-87.813358215261133,-12.082546405776057,-350.537311026611292,181.777111867331683,439.459743992285212,-195.758612433367659,-265.039166702751174,144.966905972654615,-3.795684419265579,-62.793218019367103,605.686717132959529,329.141784827659251,-576.110402765084700,99.196359564114118,163.721834047848972,-480.853666862409057,-24.924076772629455,-328.599824187579600,118.945929830681649,300.209094337244778,1118.818192126396070,446.394861900929698,-35.318759922722805,-213.736980792123177,-882.301008410571740,-50.084879444632193,367.105160401506339,702.559815898009788,-384.549863750721784,594.520285001464458,-473.736775579740083,-289.369850354381128,461.693749533205732,307.865184193920584,597.473000408166854,-188.742422958971645,-538.505449368995983,-773.077956943931895,-606.544005835534108,732.131100766014697,334.757634298514859,-8.971016389251357,162.933676756464337,-597.747995219899167,-933.130508693937486,-54.790215627883157,264.516934835080917,-168.043425385604024,412.349587833332066,-319.123351045167567,590.379663805864766,-88.122429986122256,-224.130261148005303,188.855325825408613,463.272856771433339,797.441561668119107,784.790688274001809,34.502981098459649,-671.068782056922714,10.335155215260315,419.521746597944002,175.538709476131999,86.324049431155899,-354.887805729179490,189.069391715045356,-373.386182190023533,622.738877147743324,-339.882351565074202,-36.431718886973812,65.834322850325535,-381.778782302490526,134.662388974215418,829.998809109547437,393.600567944610532,-26.818104934447799,-744.136448218643523,-363.770718307568359,-340.956250905725881,424.082982249054226,-211.872818022435297,314.064336812919294,-257.581822940688710,275.054856137138415,-124.936363620306679,132.704488539520923,25.778283762327625,433.791668116928747,-507.615960755237438,296.724394834233465,577.473179970632486,-487.210913568865237,-200.759540281363456,-43.731474615484771,678.114975889979860,479.584092889358658,-101.919485391828900,-999.817898651870109,712.996568259040487,-330.011999181481940,198.737223516956590,-393.236835929062181,11.880157997453612,-277.803065656135288,-428.160273988863196,-622.861588977844690,-652.783391939375747,611.365119782615807,256.305187484777207,-96.348725709703615,28.909254353688269,559.519267530132765,-170.514232526108060,44.923548026705497,-177.972930429929193,-84.192696095783887,-24.348899571597855,234.701590836489800,-557.449094977103869,-497.212648670359499,-263.932711972685809,-612.346862560915952
-108.212949532920419,111.629199936355306,115.702157432166445,42.412065966456375,-419.647706506572206,76.038060621084270,294.180294516972424,-308.058685488133790,1100.217541935283862,-229.639224809782547,-1170.729132066196598,-469.817820028946585,581.417083320389793,444.915660015270817,432.264013670865609,142.535824692828896,122.583324625027075,180.706476017229988,28.552313959945046,-77.269018753679404,-980.337817721742113,99.511729027781840,-284.104235389016480,-234.336442111472536,232.521087239604498,-63.548852690333675,756.088325477191120,-183.936012879483656,120.292599477996831,-22.265463034588720,-449.290173059942731,-650.873579196460810,-437.294789350239057,-267.979038007664769,-276.788785983136052,248.133255823838596,-625.691046245572579,194.024968560987588,-157.899623509971320,705.462671680324320,412.953617361374768,376.397955055824013,-3.011442770783852,-432.706705027023929,-26.741417141381476,657.697537081033488,5.925388575325982,599.738101296303057,-59.807398471590865,-275.459552423622426,-962.423550608851428,-129.958830335475767,-120.594750016754489,359.751742864625783,633.261156762366909,205.446086853087195,-149.031974047207399,1821.898668397730717,-83.329787223822962,456.586458750964653,-729.810744444981879,431.160912591479814,471.355311160231338,307.466717706418081,-453.887180618577872,-310.785020884954577,-620.004491240905850,-82.085146585470682,78.510544376597522,-570.960267709461959,369.504348368307149,-238.074865113508480,-722.890049856169185,76.635910111472342,-709.327249313209791,-222.031730863447905,181.287575915534433,-519.570876381591916,-379.644532732040091,559.368691384350768,693.502744458864527,-618.949940639321085,262.468592913365171,473.011108097724900,84.244928119273922,-837.545379610130794,343.080393842568469,12.970962449907304,-334.606234749673149,177.478508712066827,-200.628692307841277,147.229468748288554,-1280.630522124763047,649.166846550730952,-5.698370550716255,-350.701902377606700,322.533041179663257,409.627412013499679,236.688566239650186,-726.894635258750441,-398.373152156805872,-957.600183979825829,588.650197107019494,-618.762147097469096,-868.016384302434744,328.479125147598836,-239.372384814484008,-143.278638124995382,-127.087594374285516,-17.773130221254021,911.413665979252755,-108.387136175992836,792.366580533911588,-284.581548783620065,-299.655692181030076,-189.011737003923940,773.950481484513830,271.662563701376598,167.515288212667770,-693.333490204723148,266.450926331545475,-37.669349519878537,250.429735538799889,610.305884380879206,39.373556451335041,850.089991622889897,-291.950146616139648,674.286224744649985,-104.769787365820122,477.498268512981724,-1104.913919891998830,291.355263518676111,-121.053585217551387,-908.159268402864996,-337.464854808212976,-229.139231551795149,401.549328907090626,71.804942340474952,-227.809592919997300,200.961970930246935,344.923424824429446,157.896133287113912,259.432630204010252,177.594954495884451,520.894477756295828,-259.915107587054194,369.855364968993683,619.425335332006512,151.685692558669984,661.006721553337798,329.448995114285935,465.775730548113927,-618.937297457302520,-114.052326184972884,202.575175355401086,160.839491365934435,362.078144797628852,671.390657774664305,-74.091267646067706,-522.649004839442114,-337.383822809519700,620.483288944028459,264.652538222938460,-65.333492638057180,101.490215207418544,184.710020281456480,210.529253019352751,585.149944767667307,-223.820717194976766,137.033571652757416,-176.592633198764133,185.885272456848583,-976.835011329243343,-412.303278088433274,-361.047365848270260
746.487478467903088,4.789657250661772,114.715757938483904,-213.650975218979397,780.960591111352869,543.883626559244817,447.718430072505612,537.300239987515056,-235.905012607159620,-259.577989541138777,229.743746497044810,769.632678505925128,296.308397621309155,-25.685717493214419,1185.098959252547274,-521.742988975711796,-969.491333774580653,-403.384724387301958,-16.856402416665645,-761.921223236403534,-345.632202814437392,-343.159125072657275,551.043403142899479,300.448016413182017,150.951163670376616,-603.697842141977389,-768.423938443975203,957.182916572682416,-766.932607955119920,-1089.874357803676730,-226.137614872347655,-84.927110641163935,351.069437436227133,574.394328462155045,813.670527748719678,428.298680968675853,309.291827632294769,302.997088500847724,-547.331075232744524,-239.432234843941501,709.249176291415665,163.680305728855870,673.188626457389091,-557.071756943008836,169.821054598107480,475.435906917807927,94.289438189073635,-654.424189973545481,-222.827993622058699,437.835717035510640,510.230052541137240,-111.242795181614625,481.213970882474428,-35.219572470751345,-292.471912996228468,-467.913856864770821,-411.516733081314214,125.800301170032057,477.976083610386411,899.407824167669787,22.976398200924351,-215.597442455343355,-320.538844294514263,-386.239915864651493,913.817411381259490,-778.654560991941366,27.015240879318249,-94.867872581887582,-916.592598765358161,392.748336932309371,1107.709737422951548,-129.660182833832181,190.093619207292306,-228.506778173883049,-326.075989062954250,-409.146878459984521,-446.286274765566930,-779.576586669261701,26.746453861544396,-211.139141520099770,548.069366254608894,-92.306083385371068,81.505036655093747,450.524441989372917,-583.096966419641262,1308.667810476301383,656.954335100832395,493.271655117706132,-517.213973173342197,-276.011900540465263,-345.975474655257131,-97.198630600130031,-195.550298619743273,-521.861864174009952,41.258788414940184,-207.789846119178947,-9.209889376718253,-482.639809335107827,809.569928061545511,-212.671844817905082,112.166530150192344,-249.802525392102325,-68.102364576439498,100.689770542051008,-291.468355356319705,-33.138845955855963,503.199334382648317,259.470160030452064,625.591057973862803,183.503000587279729,-172.832982982674110,362.379161948829733,103.840509725167976,-250.061216620862723,-317.756396044373503,289.533732778981516,-352.913584671244678,75.302114469193555,51.855433075152625,-571.269502590692127,993.447412728044128,-571.227412101214895,-542.009182884085249,-360.439169495228612,-1012.033564412281521,345.078210942784040,962.933912170524877,386.223305845999107,-429.684652117549660,-821.802071446329364,533.059705151340381,904.510891332849724,-253.578245454658372,362.701252360436683,154.210161981524834,385.365303588987217,-171.246150013727771,-204.857405650158825,536.953323356352143,181.659751933795320,649.002210105562995,-245.041685043448268,83.360476872511413,188.395791282527711,-197.765864677022080,-758.943563814558502,-446.114057407814755,-506.462792003769550,-219.846954932228755,-329.764588577011239,-867.240968793503953,-285.999795375533267,-447.661141122490960,-449.208593676339433,-707.097163845796672,-1108.243784988289917,-659.915100456306732,1216.778626270748873,276.473584043770302,-460.172545857833427,-454.798374252277085,-13.834619273848107,-553.078800274253581,-564.960724915356309,599.053796139848146,189.413877785615142,7.354397615840448,555.386398249473132,37.343191243849851,-112.354270667999899,-400.581609883698320,-816.195628975591035,-8.137682901450461,-12.326677880917680,811.635029313805376
-332.713522647417619,-385.296762056784189,735.525938073203861,798.334830482178404,-908.924211521148322,-450.544878425416130,50.161073588731682,-124.308152911905836,-668.899512040128798,111.785202835823284,-205.307993697852282,-234.559438200295205,38.403054651699080,-423.097490256131550,-218.006019123096024,-165.540701692520685,-36.266859285315867,664.088170218294749,-276.792920801724449,309.562002243926202,176.092297542710185,853.548019406210187,-596.643481678484704,684.444485528839891,87.446816750940030,229.980973881449273,150.445080870294987,627.510717824219341,-156.997967302957477,280.017239308914782,378.000331199770017,455.093416326796671,610.393372317172066,118.759144168192790,95.471914903302462,115.048869243064402,93.574540451734919,8.743167074221841,-282.590084490912659,192.848859022107064,-48.075679554453238,126.088375192614464,206.749367267475606,308.609606518787302,-25.064214270508167,-149.830146509193384,853.353441962076204,-341.327991284443101,-198.706263339391938,-152.832804540860423,1000.140743365621688,-569.368170886892585,-442.539272487534163,7.424360466897966,465.717350401211547,469.297232058846362,232.941632121857083,115.179280899293559,714.497877196364925,742.649822857624713,-33.071326624411384,-89.824330559712863,107.312136072100714,-627.914924098637698,-442.708234284070841,272.438517472778074,313.077302294257720,-692.408793809645772,-53.750035105739677,-412.331243433950817,75.164344623737250,260.030024374802167,54.231736101140967,-94.058016251510395,640.993945532321391,-695.536904392755218,-767.031324031843496,244.555539478913943,979.262712007189293,-346.040794985103275,-1024.777305481578878,327.221754513133646,-368.593603455953428,-419.095684029575466,1016.370881615114513,666.266640742737195,394.671990928059017,-229.337988270722349,-36.957020956050243,-121.188455289488473,-140.001695631274657,-89.465281247446754,1247.472573652714573,-319.653501186917310,415.729289966917406,276.482781233189769,523.485733744684467,-480.490976502225863,661.707439485721011,-53.435816505058838,406.155414647683074,49.091826052582874,-18.207768687489793,-494.176873428113140,-625.985446944101227,-587.677268558527430,-33.465353676817017,-523.106058743180824,-887.764702153605867,-30.779317149267321,347.205380708723169,-415.526284417560419,977.320478303227901,-888.623577002136699,246.805949840918515,-598.147288843775414,-449.647032302215791,461.527728063375207,-65.223106886262059,-358.177515763106669,321.231820821054839,-260.387806878313370,-560.691652517124567,255.206239185969594,-313.827113040689596,216.036823757943836,-177.623893318940304,-808.084013062243230,-147.152439410534839,-411.025273218183088,-445.199184357364743,-517.487736843955417,-460.279149908384511,-132.321140464454260,90.199606466838461,64.070636093452038,-247.156975184737576,-173.297191574083769,-249.244653000970146,-66.369150416982293,490.838867625845182,515.495802471358843,250.120966242193418,-358.023517465955649,807.688659030795066,46.784191705892155,663.979321050632620,-928.357656872108805,-464.899106333667646,-193.714371905480704,-318.057376707212086,51.771452497947365,-60.079869666220034,-365.958029914429574,495.510979256740484,-502.356085035715864,-376.655908526240864,52.007853908722296,-439.345271591587277,64.095177043136218,-498.211962199571076,285.404794673824881,1085.619419855841443,33.708844629225162,226.462620415313950,-142.180634752964750,92.930560585569566,-185.562093597163965,389.287548947401149,68.297330868340765,-546.598330548423519,555.990584624199187,500.937961806284704,-653.833184671552999,508.477260527311216
465.173570216354108,590.862047245395843,287.731870143441483,465.306366364248504,-365.091425140120521,300.619271931677702,40.449724443167206,-235.819963378628671,-26.354136875718666,402.626886845409899,342.407184974739266,414.577860093357003,-141.141241343824390,-95.021942013523102,-470.717117730261918,-23.821680910527522,774.483810811552644,-611.880762556070522,301.594325563489463,-158.121096761161908,-68.853099451509379,-345.957106709705840,509.358897266359634,-150.724036325715588,-580.835875326923428,-156.660816849558984,-124.050302762929476,-316.510032272684384,-601.514772857138269,297.805109212094635,-99.371683812075020,110.831798767926472,304.792266737586488,-844.915494533848687,-340.813426710238332,-355.398901202429499,-559.607949190932118,-665.498899922147984,-143.003815040413571,70.418447775471193,49.359938364310807,-382.279664703564549,36.096431366056287,492.904940991502883,526.977037672243569,427.799602194712691,339.943961212598026,-284.993159808168571,-784.066834760699294,484.813287146941946,405.012237490705786,456.409030619839882,36.807385191305755,384.900188059666903,414.751056408030024,-771.231666146656835,224.577959554359467,-22.529564505965570,326.373577012827354,546.833961483441271,805.883994384530297,-326.467559839154490,-161.052145449348615,-644.204026606841012,-181.857007682094064,64.823058484603678,-17.402983057963045,-36.903453466750328,223.864969394830581,39.389698326487867,253.783160854637032,461.310342290806375,-559.233786334405863,9.897805378580465,822.470401867568739,43.037266172378203,325.607205775482441,-55.364148183295526,301.458343204368987,-1025.347512663404132,72.124275004948672,559.086184475892651,-750.176187389677239,759.196853497795587,-157.078685321615495,324.156477658491951,625.582733274260249,688.167804148537357,93.672964071742157,465.744746579308071,-191.381559546690710,-124.272303144879416,-323.064379863960426,-179.937087658844348,381.709528241732869,76.037632031565735,398.944406108119210,-210.906254659532351,-281.037683920437075,32.894297898540074,-401.301207867810547,-560.521488389605565,1175.153268754883129,-252.432673723721990,-543.600378572648083,-382.663010953467335,-545.797711052589534,491.941155002734661,191.785178826500271,319.058920657264423,-237.320442130688036,-250.606834421945507,-28.447861205601647,102.573236273876432,-67.169085827229196,-336.683138652984326,-165.475469534884013,-462.006226349198755,-344.114050863930004,-90.241753158002780,-658.990516196556200,-587.569102661136071,252.902710384776213,191.553460327273655,469.341338144653207,-381.629191287896106,49.555232381526480,-30.212391742589350,-47.426985430492877,-35.155757901904721,-325.935580904488120,-804.981778979387968,-157.273249690383409,248.551573524454398,-162.191855101714481,909.455772380579106,36.353428045721230,-236.570344075691708,236.075542221483829,-150.743757418246446,329.168718285651494,-527.710170144965105,206.546207291315710,390.931011413370015,-202.994337091620764,160.253108720387587,-87.057456207709706,177.544027169997008,218.892169231858503,386.634549274832523,-383.782770622002658,124.358367703232744,-377.896167213496142,-335.930824179189472,-263.422380534767910,-493.526562854893143,318.165516506461813,383.769227760106673,-646.288680654606537,-247.544828366905108,25.264552187424034,-677.413445309040299,463.279145889471408,-119.386643126037839,360.405538429769422,-986.576635719163619,-174.461540395983633,-164.624394702134964,-932.548323496871376,214.057516037785376,556.505343302080291,113.234441272205743,328.357588637851109,-481.155169834924095,-742.983212360560515
