2.249320841515033,-0.232235801224167,-0.165499056275035,-8.795215053070862,-0.503275674407265,-3.471649751133841,1.569889570615237,-5.137513927185131,-8.419053288941157,-8.721583926946419,-9.412321863069499,-8.131779916048195,-2.174746714546667,-4.842115693442732,-7.098063373404527,5.913533548713872,5.038787132724137,2.087739073180238,5.097777753664428,3.878007129422427,-5.478069431858783,-9.563521060436088,-9.541446711852322,7.353341386499686,-1.467865914376418,0.718233096003679,-5.924816953442004,-5.055918766475076,-6.104751040123022,-7.073814934571281,-2.313084189189270,5.447690405598591,-8.899721817608640,-6.733368200651888,-1.235313793827542,8.652035394597764,2.054344320516520,-0.199368872262930,4.519995708243894,-8.161171580177156,-1.341957389595542,0.853297591721718,1.393592356235541,9.409838872556644,0.164054737181530,1.485077149538297,-3.646963064725568,1.530290898266751,-0.557772435277577,5.326086017185286,-2.321917118414292,-5.596587714367331,7.454801807928995,8.173612336620625,0.329461966257902,3.406650345176645,-5.373635494556581,6.227415863723198,8.590852640477646,-4.586455767091035,6.294044477047795,-4.149933495500586,-4.912974512969654,0.132014383809908,-4.542976187192973,4.251015517455222,8.463182929379787,-6.362500777030338,8.325463819105675,-3.013102615167302,-2.833028141055629,-5.955354469954141,5.983913013767914,4.432602197645835,8.727422868236530
-4.107483638378877,-1.304451271892358,2.394841919003891,-2.799019441823272,-1.498059602594243,8.271128214035937,4.661002705200820,4.066916591492385,0.965764270956321,6.111263012424221,2.203564814470138,0.856114074028437,-0.521939328611067,1.507275462566442,-6.284911729173999,2.653196668096797,-7.518138639876311,4.581681851596404,-1.889780261299233,8.422066560077187,-6.166129236266553,3.540520813376137,1.951520531052196,3.501409026923577,3.177729646997795,4.395589191964186,-3.264011609782993,-3.190948314337141,-3.309627307253078,-1.874843052338855,7.165368616471266,7.825742737426157,-6.219563378924747,4.303816225025638,8.335141747001959,0.001770459230190,0.271785453184439,2.366898785870708,1.417170468215129,-4.658346521166196,-1.728778265075757,-0.938744158301244,5.217212531074672,1.945419491108451,-1.274731880866129,1.795615776646468,-6.404800843591647,0.918562825840695,9.520981594395931,9.645613859238217,3.064629999572952,-1.562816071362521,-2.010418996225340,3.563782400801772,2.741469730825372,-9.094563015361050,-1.774412803436514,-5.794298801741844,5.587541442500591,9.158596901384943,-6.847839996651286,8.283133779827100,2.623223954646502,-9.733529870695074,-9.255785833661525,-9.450563559810604,-7.790407395849963,2.183193964833634,7.551864878405937,7.997480889354726,9.485490359321382,-8.040080911339462,-6.245537082281068,2.526537967678928,9.396639032715374
-9.719483831618676,1.392181149613776,-0.562938970189908,-1.556043225167441,0.649917134828673,9.287449514003484,-8.674528853335339,-8.787350528348084,8.491567209871029,-5.204557791180684,-6.515786578102900,-4.692403363772605,-7.350329468008388,-8.296446005372252,-4.410313455470218,-8.960462276936571,-7.015497768388150,7.768446807919460,-4.077909314258474,5.423099054705570,5.029103825122704,-2.801820597249178,-0.687011326642903,4.827831058536274,0.575491878784868,-3.276842942530553,0.874421481726497,-1.286939052472082,2.227473758963166,4.144447283967265,0.120079466580398,-9.386607321477236,7.499508180032613,6.273848887903799,-7.098597604954695,8.408297627739376,-6.875841905538332,7.949585731203076,-6.917752930566965,1.747864486733670,8.859417564851185,-8.507485444860173,-1.242677831792037,-8.878501509865512,-4.160228833725093,2.695669759511066,-9.325800616456698,-1.615061181955513,4.535148763678706,-4.007654468377186,9.691826119585297,-1.847145362914112,2.092097068482236,-0.235172091655269,-8.659126281557787,0.418178805747454,5.841340039646978,4.458031762585900,7.057695103813710,-7.123951130525661,2.086180695672873,-2.533037013456689,-8.227138308174267,-8.549819764435986,6.527200611235745,-6.259805746594367,-8.088699120809210,4.253932287357996,-4.564288739192803,-0.174448972002406,-6.406249596392827,2.256783404839805,-8.377839739564873,1.971922552051325,7.750312268052706
4.892436311989389,-8.603035606791789,-4.523338196861511,-2.505687052705685,-8.365557909941989,-4.157989636021857,-8.634965466356697,-3.577469006314569,5.533015431662303,-3.004235413398655,-0.032441731864132,5.915191482056789,-1.358121232320133,-5.412966231701724,-6.301613686432614,8.764371225820739,7.561571114831938,2.551994205245434,-6.132722669015427,-4.844118089566336,4.240188423200680,3.062623755318354,-8.985817707152314,6.659955347003514,6.704187102486891,4.587356757019203,-7.067712399494628,8.222301597843430,-9.303953063976497,0.352730081685566,9.397956079490754,4.555927082488591,-4.656310529509504,2.748873494097076,-7.018641694669244,-3.472370640693406,-2.969193971149789,7.817504709204780,-8.435539683626551,-4.304503842761383,-3.015837969619861,6.425283712865763,3.714784798641197,-7.875346081864061,2.019284399574172,5.393327627466618,-5.380994843097657,-4.840280566643611,-4.883567437293546,-7.006058814052098,5.838628540776343,-3.431311385961653,5.556724973064357,2.145629729532523,1.637128252146571,7.516255718910362,-1.366643021321261,-2.071962788796315,-2.656049051625695,5.229619158645120,1.840041422348332,5.339353532085180,-2.619436556893426,6.954266372959982,-5.334827942569069,9.689090689353041,8.764847508467508,-3.692360503767280,-9.524068098575501,-6.319713672365886,4.111486390514475,-5.845093869929119,2.302930104838417,-0.636152706399844,-9.131840200153222
-1.032576545260220,6.358867019745542,3.661294431154580,7.424025812982268,-2.221208808667945,-7.017170503237762,6.432702245945727,9.032577227335910,0.375642779673067,-0.657779606404747,-5.827463992746651,4.602379322886470,-6.000631936765377,1.367380206559165,8.115750485319349,9.642144982045679,-3.041310594542237,4.370615636744548,6.539841583572141,-6.542876556394878,8.754009576469429,-0.850956719342408,-3.518633486621852,-9.420771798934416,-7.126803382305087,8.386385180758552,-3.848594449425937,9.621583511273151,-8.510575576028959,8.434395962212040,8.644632745125847,-8.560134752385631,4.675978634853859,-4.386650329172587,9.600820903925896,2.822837545125658,0.832868511465318,6.972390483432406,8.096177283615450,-1.716100179469189,-7.092577119959397,-2.350018938647665,1.794386505015988,4.639202833454084,3.723195867605249,4.100722159209951,1.869275364493516,-8.408966433455724,-4.194794359199843,8.254630942238549,-2.850119413855401,-6.108937353633479,-9.396618812808978,-5.304437056907039,-8.447017818396311,-5.239360916584637,-5.204063054968260,-6.277379333566502,-7.104243318503514,-8.325877349867223,0.861304666836737,3.279586319602881,5.425255465350620,2.680839447471588,9.327818689827019,8.186634377016016,9.253429579928852,9.819827277583354,-4.447586412839279,-2.330888398836073,7.304272997701958,2.024598476214836,7.181322671471555,6.000218633328309,-1.621649168631137
-1.816529402709961,-4.149071241681430,4.460535693772854,4.984982152220619,0.858776614245318,8.088752683215692,-8.861031812259688,-7.909658095225184,3.875391853502812,-6.395802207802843,9.368017854969896,7.574778935555585,-7.783034469673513,-8.868191849335798,-4.802862177739198,-4.227905193608965,-7.862606408863090,-7.736697937213338,-0.071668184386551,1.877655012923242,-9.484251534714810,5.180741061893981,-0.000120155514946,7.644067104884599,-4.375669316069930,-4.535539186334558,-1.275701114034414,8.060181701238580,2.984708729814123,2.025528648073074,0.352897528734291,9.051697572867063,9.413517562308822,6.117368892034200,0.622355750137356,6.220853448060506,6.974205062542659,3.608831190370999,-1.766437276241287,0.678780974970710,-6.403551873391757,2.753524378327899,-6.955530557955547,-6.958806802296476,0.885960988806076,5.106714297326056,1.397668855815375,-9.586869699321490,-4.403120331472568,-0.818354438880478,-5.672253572377233,7.193701436386196,-0.448507353379927,7.070985519005326,-4.466616647991879,6.790050038171412,1.281510190163281,3.218726879749308,-6.009696421931350,-4.921676794166547,-4.006727387619222,9.966746487381513,-1.386149354934943,-8.578713110705076,2.311973088063311,-0.056299110833109,-8.216511207164658,5.401058953078914,-9.184276318705729,-1.663025938974270,8.822716649039073,-9.820758041341445,5.429705294360625,-9.235852684995734,-5.367501398611245
6.921248984853040,-1.596062167808350,7.764551780000353,1.653897439156093,-9.598805270799209,3.675997859879621,-1.069386946656065,-3.958527516510804,-4.212395785871594,7.941643738044146,-4.529769571693770,-8.993755052004943,9.601033954498767,2.541611778604050,6.618089101812718,-6.577153413549519,-3.429119554027354,-6.464627049857386,1.274177599001117,-9.908801144838787,6.276461853696013,5.993374029789461,-2.505973709344156,-4.686325341324125,9.765566877118744,-3.048931827157868,-1.186503346880563,4.670321489045531,4.015162386173989,2.106080721761739,-5.956240709935006,1.623491340244506,5.497093305824329,6.716747902714321,-9.810691363737615,-2.748580370726296,-4.342970513281729,-8.412592477805205,9.403194394270493,3.058441741945334,-8.136249190460529,-2.617693181665677,-2.631780300746209,-6.626880395358798,-4.276204599857620,-5.286871813890574,-5.878621822463290,-7.177801961884393,-5.173821319371418,3.598181863738734,0.067134017618613,7.080049228246558,-8.392677448578636,-5.579380400696352,7.841492866356948,-4.608669861984023,1.243634979990972,6.895344517184991,-6.593881546202828,9.126664592716764,6.464308474673061,-7.676629919067071,-7.737022734466508,-4.932376065743782,-6.288435769333949,7.915711435917846,3.263648511975692,-6.773950729937006,5.791635322612649,0.645329908536102,3.981245115338261,-6.445824434178624,9.533295437451926,-2.927704728011957,6.472876602325115
0.366946338628404,-9.017361633820865,-8.860521104415682,-2.192716202072940,8.110922493212648,-8.268173976179041,-3.021248845676197,-8.399622187451852,-5.403058094185369,7.091098207506782,-8.055781166542088,-1.660721582325394,3.108069784915049,-8.943501617547620,6.576882445257045,3.531014794204506,8.897554485058137,-5.008008213148205,7.312439689624753,-9.113261815267414,0.782552194308790,2.049877820130213,-9.367437652578284,4.164841245583577,-6.560334160032404,4.758280878859114,4.833579429785475,-2.770660380129017,3.362575798185979,7.427370367516634,9.695533771405824,-1.876156881750852,-0.549141759701415,-4.516090606649752,-5.386075857505272,-2.916772991710685,-8.470024886559393,8.776919211284913,9.303675915065288,0.289440608105522,2.087068406946935,0.754625049696013,5.715532090434293,-1.887060743421220,-8.705101909566812,7.358860647951751,-9.441105864979653,-9.180876155018055,6.114403548856213,7.190085267922054,-5.295535162128360,-1.919770014860232,6.185405482236483,-4.196839294669843,2.988830322260743,6.657232005896066,0.847806306778489,6.760049813259364,5.511471433790195,-1.939273424078184,-2.625846748185410,9.174221816073288,7.485870675524279,-7.035991359932503,-4.379202962245548,-2.868442786900946,5.734395587978177,2.360123588877247,-1.898673204012820,-0.802196111545687,-1.980564517017323,-6.276774817934847,-1.123940512322473,-2.907467813011593,-6.904570000624792
1.752859174832182,9.649329373940855,5.257507105557579,-4.184919025275661,0.224830459820142,-8.971194110266921,0.109131623985217,-3.475038758521629,-1.725343694388142,-0.995400359100945,8.096530691493395,-2.391301626141824,-0.476853574589564,-0.573212062311930,-4.282579398099939,-3.227396041494752,7.393589199780063,-9.897042445348550,5.274474390596207,8.176750195310472,1.627553908946735,4.367229695573622,-9.715984403520828,1.414325392841764,-0.873099174280647,-0.757184841545765,-0.724445654166017,-2.342660386619519,8.311839195648101,-2.333542843977796,5.052678838545111,-4.101281447553489,4.988047470796817,-4.188507226624743,-2.068058284299548,-5.652171947347546,-9.335799223034407,7.882965706908564,-0.123142027348093,-2.060450726588177,0.792195422698176,4.336002069403065,6.407239924553380,1.178482929408142,-0.821912085544593,-7.754429936629168,-2.095213446027127,-5.400432523654768,-7.242229667688369,-4.427793872928516,1.599994945941530,6.333142469241150,1.019743093449554,-7.821896800345549,9.993309679814232,8.013345430572809,7.969560307862068,6.657858147877882,0.155692798210019,1.846364961717892,-8.162367478659558,4.661714840225200,-3.736768443491904,2.866438950306538,9.963572512226911,2.355378818072293,4.983452543152040,-9.087533275570767,5.902735251721825,-3.472937713689259,-9.966925070212502,-2.276211337211342,-6.477475125873209,7.782154192432781,-4.428635941971901
3.867103958781922,-9.868894403942312,1.445524382128021,-0.036026501569593,-4.096764740460852,-8.988903816184340,-6.943794710240567,5.191195962157895,-9.908127878111589,-2.055674396032339,3.050737558568679,-9.950809767887623,6.892782738729483,-5.326261785527278,7.940566123453252,4.582541254499926,-8.416146511477534,-0.436155553724923,-6.354047869793417,-0.605803826212910,-0.363199236985759,-0.687794036894275,8.457012106780951,-4.831667368161479,-0.702959168425970,9.588544521048476,0.070516191955992,7.491343304801706,9.064649625941904,8.505368079431271,5.601865041726962,-1.150229604471109,8.248866381897976,8.287938599729856,7.061962417374591,-3.491450015211965,0.539437503286177,9.341274470283530,-6.940355133522791,-7.328587340203856,-2.172457540429546,-0.405375534395187,8.131202059053617,7.005647518869086,-0.122810965381618,9.454516206337932,-7.959076537986753,9.865393217725963,-7.685016299765712,-7.987480369355502,-6.027214205129667,3.312562610400276,3.198247185895006,2.827042110499800,0.848380685256219,-3.490595659527287,0.927321917705623,-8.518296986298889,8.323933280196265,8.312096333861255,-7.836429450615019,-0.017444699231401,8.695756677510762,2.386780707735067,2.761186272731935,-0.416278626545299,-9.670336301092362,6.418766353884450,-0.279058597666413,3.462456773565531,4.292212129880106,-4.300472839578222,-1.712369696751612,7.249873145220150,3.384254348823450
6.485693708624062,-5.129218259478002,-3.569563237075633,-7.311070552544415,2.837155339909529,9.389194916045632,8.734517016531711,5.912720517312511,-0.582781970784525,2.009637956412218,-0.626758740851452,-8.322931597506306,2.899171544508379,-5.020846003573149,3.338863927721665,8.704055009041820,5.516285648438640,-8.941481936188151,2.240906366070110,-9.138909269913061,7.750121581877863,0.395933381442347,6.858045804603186,9.860624031149619,9.732626803273469,-4.877888142323368,7.816815380553553,5.434973487362027,-8.702070538100008,9.866556770758145,3.428512268834520,-5.913025326767196,0.437153388219329,4.152233416870745,-7.496753970544587,-2.096951286549609,-7.934582294569063,8.814662737482791,2.812378083105278,-1.187515515267650,-5.267854949760473,-0.676348345839280,-4.422445667229922,-4.284316952315475,8.498155475251171,4.977100170045679,-5.595810621051891,-0.391125429692972,-9.404181399136837,2.865599344370883,4.401266106348674,-9.078756957446590,-6.256573504077818,-6.157681604420349,-8.577488036439107,-0.815397109129620,5.578788145240278,-5.440126822406084,4.776721047771195,-0.153763822523576,-5.922377112117481,3.923487660050020,-2.720517318144200,6.096720590057441,-7.998674153314045,-3.356314527509423,3.574435486487983,5.949298252305919,2.874887016009243,-9.754864346451662,9.134121740469606,3.325817659022345,0.315410105028914,8.316158171718065,7.950050237720475
3.234778886790064,8.027865495920608,2.213710050869032,-7.307723916239706,2.076713763641020,7.747723608055438,-9.546456919280102,-7.784590294104346,-5.156599611101682,8.976742139474300,1.934767428646740,3.297974072543550,-4.471886787958201,7.249742513473134,-3.722221651868076,-4.327258174283708,7.548396415349096,-2.019531822641452,-6.536583386930220,5.084668923244177,7.785092604890515,-4.155501909595570,5.643587139270243,1.493361863652371,-1.950361922282216,-2.150061106492343,-1.007361196698422,-7.902549040524304,-7.453779389604261,-2.530233223664844,2.382888624868942,-4.696847635383643,2.580150826822386,-1.469566511364244,3.097123400524250,-9.566215649059508,0.988515234821124,9.158217069736271,5.070975866529079,-9.245843640134110,-0.069891582354334,-0.697849649972360,-7.462232224572176,1.786799203944865,-9.886351643251761,-4.589287936193203,-0.595144716444514,-5.039286414518993,6.947535262812718,-5.745468364482540,-8.778837032881794,1.433268283007077,8.767846292159085,3.376521797233210,-7.321702593353723,4.099048865381839,-3.746789923660339,7.479898562848671,-7.561215060475091,6.569982624015246,8.328134703623572,-3.079043852086503,-4.724111435437495,-8.187305027099484,2.242935495531977,7.010727549508992,5.106959488496020,5.330041513551034,-7.033437166344443,-7.495493632987871,6.077284348877111,0.790326459546343,5.635801130857740,9.504150836991887,9.979447121997417
-0.506699235353995,-7.929667233256383,7.739674404923736,9.544868828554339,9.770135124455116,3.422911203069550,-5.222538816043983,2.774532621065454,-0.289882013365048,-7.256311442394834,-7.620100054675046,-9.359863295935655,-5.153356187112181,-8.787470183224624,-9.866100958833560,0.907189203833774,2.659854805180641,-7.725202330846237,4.584874918340109,6.604722197532350,-8.823365593185791,9.484348852082199,6.013669053503065,-0.111953094724358,-9.664404171306360,-8.847244635153714,4.772706514283909,3.085634731865763,-2.275709590653971,7.433941167437066,6.618496448387553,3.435227680384198,-9.870719171464156,2.704604031672186,0.843868240045785,-4.511787611310323,-5.240575325953913,-1.463904091822526,4.363315031056281,2.181449568833802,-7.730953112122478,4.068430681639317,-4.490268978786434,5.642945264739783,-3.616853154370157,9.658211985180440,-3.932711287503238,-1.769997642485993,-0.804803567418988,-7.547620695969986,0.420028364461068,-2.547858234484142,4.143918076955615,9.092626157032647,-0.090115590734300,-0.753065750534645,-2.905059897827609,6.537504413930474,-4.600249910533611,-0.340516513890581,-4.175280903196747,-3.929591842781377,-8.711095583519246,4.172486581660245,-2.496959661173268,-8.271615210326297,-6.850548074655494,3.220020608053936,-0.517823361721714,-3.286837595722039,-7.065266287236540,-6.348423205992502,8.935806785448762,9.912093099352290,-8.071682547158936
-9.961841811140140,-3.740246445037235,-3.878778633317439,5.928434819073836,-2.733139603711994,-9.039435290725013,0.559068734787758,6.530358238531125,1.855332112951961,-1.209454149795011,-5.627117400950290,-4.293021978257920,-8.437302018832099,-4.142135286986282,-3.888515200864370,-4.058665712059963,5.403525712568566,-3.347358752655143,4.916070936437233,3.554969339156557,3.663387485442403,5.456270959448858,1.732495284844646,-6.563297139491800,9.791014898693852,7.957948532821774,-7.197398302678069,-5.792869315853997,6.425522692403348,6.373300298351456,-1.316153707100494,-0.867181173522697,-7.330037688577706,7.590044025597635,3.222318737708109,8.608853246726596,-8.820169256866722,6.868569989123049,-6.384916251821384,9.688361159003527,-0.388653635445069,5.783475590583549,7.470107931857996,-6.018303928003503,2.342125435459305,-3.798970771856885,-6.574897082125397,3.406929548416013,-3.296866566391050,6.916202775467774,-6.027415354315266,4.748514781887973,-8.415156090142812,-9.361590536995639,-0.786568710856113,-5.773832685826685,-9.417328356402852,1.717740187400844,-7.786197846600706,4.123345620629239,2.767721525434458,8.564352530044822,-0.754834319594540,-7.913302611704935,-8.453866490304058,-4.899257632512470,1.481558699747678,-3.495602173510610,-4.834609676307347,4.505347949453256,0.342658953794624,-7.794958221423767,7.181915015041891,2.898355458045490,-5.439776796417273
-5.601160790972446,-0.518165051721216,4.118200653460967,1.664125020862325,-7.213207408809394,-8.159382173759383,-4.245815812176252,9.510121287802352,-3.347539687183938,2.612561974610053,9.600069633684370,2.059396363160797,8.903624098044091,0.614067391005452,-4.316914252305559,1.297602984234274,6.538491833545010,3.304182302470526,4.143559307425361,-5.721819468261947,-0.924703670155429,-5.026871943791664,-8.933494945263355,-4.924428609880691,4.038694287107084,-7.136795184197711,-1.310773016676023,-9.010689081996226,5.285985467798266,-4.395958526667050,4.505837632539741,-6.487869259937598,7.095691943610255,-2.322619891335858,-9.999981704314163,3.091364210085130,4.659620794324999,-3.677242794051747,0.111267832298541,-3.156566764625515,2.483963173009201,2.265704370202119,-2.459251875718063,-7.424316668848370,-4.701226936109338,1.728042889264497,0.152645083990352,-5.928895213884222,-2.671867706247664,1.287297254159530,-4.104167201198679,-6.370683550181493,8.223554080965361,-1.594979525900387,-5.600990260872509,3.118084816541950,-8.386419481869748,4.244768956923375,-6.270353154219801,6.595337332718941,0.966467665245039,-6.654700560818481,-0.523258544732046,-8.667343546797406,-0.100689353645102,-7.169999176445363,-5.572020838562168,8.793238499947268,2.872115389911103,8.058431778270144,2.499031660329631,-2.741606865606911,-0.730106613419554,5.353880297456701,9.058858774879059
1.086530372930156,5.298820391980977,8.486130883680843,-5.551908432231762,-1.067900226291425,-5.792714966198402,3.031642929555836,-3.585166938482008,5.321392247412554,-2.301882656835266,9.405263850200278,6.727018216950462,5.465958669043294,6.675529626550151,7.504133933871056,-6.488275213847821,0.268619703804315,1.469053583852872,6.085943447863517,-2.093347565501304,-7.105120071786686,-3.396008348312412,3.972741605514967,-4.048696614617981,-3.358446662030867,1.968381015007090,4.386592060134971,1.043044988987862,2.251227710222729,-4.710969374935063,9.418353980303277,-3.117611941554975,1.413924745042671,-4.008757536004333,0.223618998708826,-4.705741581507454,-4.000960288496169,-4.207531885825205,-4.381191986042179,-2.362784673382721,6.506824536921943,-9.961763378667317,-8.776753446721624,4.944447601665544,-3.847959656741988,-9.976788941280310,9.849378135958389,6.497381702302071,6.622335028030189,-4.738408944185670,4.887611202442956,-0.709318057447774,3.811874975484390,-0.492124207985391,-4.282253743040303,3.990348858376365,8.572510370480963,-5.013610025434132,-0.343096337869424,9.054450120623383,-0.195619295680142,-1.733339715332251,8.421862549389687,-8.087725192854711,7.703370841346441,-8.601332278382436,-0.634866439625410,-1.095259038899187,-5.768620852382977,8.387942079439103,5.896783306466855,-1.826232349147430,-8.873270722297114,-8.203182973520263,7.840200057806598
3.610278917422811,-4.897229243361654,7.855170908467606,2.392600319520115,-5.875087712493943,4.571703154161771,5.435518379784263,4.085767725455172,3.818765625636511,9.477990736336249,-7.304762371261844,9.954520134914727,2.546224710047065,-0.658845885999021,6.070201759795019,-0.711907298333346,8.529644028579174,0.609039728098232,-8.703562463710863,-5.891645085251607,-9.085689171041389,-1.286340148073474,-4.617056036394320,-3.168782559729577,7.454416972860088,7.261103476218366,-1.585801284744619,-6.325192760663104,1.985597699495168,8.271852236102859,3.623688805141880,4.929994509018709,-3.396467266495817,6.105862534974296,-2.473986080663540,-8.124040720249859,2.375870009212447,3.523488306051455,-4.366759862984821,-6.469704302703696,5.860005344278134,9.294454867271359,5.818221283820208,1.677178644433219,4.593548827702186,-4.386037332144279,3.278620187534084,-8.549255188429562,-8.083714545384119,5.852518693718721,1.696854087578343,-3.119899431057451,-4.770705402148485,9.039765420212980,5.947239821623430,7.487926015340573,-0.720660081998084,6.890331794552726,7.047201161404182,7.919077995536831,1.203214291388084,9.020433525216252,-0.695121596790065,8.366343780243753,1.799603335058320,4.400881419284449,8.319627935622307,4.283616751112360,4.876668770999242,-2.013598152090170,-5.577300601352229,-1.399512286412726,-1.090114601244776,-0.569520652731523,7.355487118082703
-4.931965397747524,5.305429397522673,7.571857762648605,-9.995108510600744,8.108209249508644,8.191911769760964,1.318959012651607,8.842309060840083,-3.509706791270393,9.399259277210394,-5.848536682448840,-6.311633453870908,9.819838560946589,3.562280736828525,4.402496042552498,-5.008104826387763,-6.556691339927072,-5.035708106845491,1.244739107815436,9.751125051587643,0.281977073714096,5.407916545425810,2.922703346457215,0.817009800426066,2.993586140680392,1.277438738920866,7.700047781198410,1.840814314024685,-6.100912030357102,6.942141746382305,8.561518194658657,2.181214440316390,7.182636254028480,-6.774466057480238,-0.974555342961709,-7.991285020365182,8.662647163094999,5.690957203935946,-6.409884326110513,3.749692312130158,-8.282433156174571,1.252716327051607,0.049215832884295,3.716568433812215,3.756625621142662,7.630733598448501,6.550676580015804,4.056480374063520,6.138709399353765,-0.181218213577257,0.366540607392686,-0.965558581088251,3.084490120023958,-3.068975541960297,-5.304598958441778,4.541104640280430,-1.328400207401394,-1.302924146516657,5.885794051521959,1.626249646934891,-9.148374697807659,8.725346406893376,-8.891760879962575,-0.635615173941719,-2.272926583077077,4.893004966942314,-8.571296443108331,3.463238614450914,6.881593553610358,-7.436772824780253,6.965483248652234,-4.664152682335907,-0.984311598255259,4.497187077955759,-2.451277558680573
1.684756638012084,6.797449052690677,-3.016570189109036,5.889023738143848,6.867640170506334,-9.769667783727041,-1.672813612235247,-5.739164357598449,5.265179712242887,0.227916272193829,-7.371433723440200,0.352585616499576,1.197978609399481,-2.817381971455521,8.902909763916977,9.453733097619246,7.055479986597540,-9.525338825377840,5.810409947379116,-7.223381014936365,-4.054665180725106,0.445707835948570,-4.455465114751316,-8.977517778107817,-7.709281990077674,8.507316542035923,-9.866255446059446,4.923571187482105,-3.899632756566945,-8.733467624073159,-3.561926931086898,2.992932721955267,7.070714260685964,8.779145036344755,2.394466865570523,6.946681792987832,-5.576678129982486,2.198830117931482,-8.881788610151332,-9.711770001822757,7.437285003454907,1.664231921215741,-2.777006165246647,-9.349310495369496,-6.204048615245945,5.645359924264763,7.307649133249466,-5.222587244665906,8.687190667938342,-7.434711427417612,-2.668945345833274,-4.204291052127964,-2.313345753171088,-3.769373464558566,-3.409357040925838,-5.631356159962841,-1.467157367431604,-1.882604991386291,3.963411164445541,-3.822608485151273,5.262957352093915,7.463204141895655,-1.597634051506347,1.549235421715657,-4.278029453861903,1.338618637375761,-8.776846111523021,3.833664054712862,4.703105007140183,4.384398814391071,2.368042036858121,3.735752867965505,-7.114230521438840,-8.604956776000742,-5.349840962978655
0.079027641745935,-1.971490150589608,1.894367438919303,-9.122138860233877,-2.793781591811372,1.254182226415228,-3.885388903886251,-4.672960801321075,9.037920053001152,3.597400080555760,9.559559049902056,7.066975940281264,-2.858131551838145,-9.117323199615901,1.112622309489090,-4.185641599863414,1.450536125909931,8.231613522686057,0.107510483178379,-6.471017047365990,-5.156014410186691,2.756802851145125,-8.155318845611202,4.044013081572494,1.107048169859034,8.197635751782741,0.559349389308050,-1.840374719714514,-3.159155928268915,-0.377418803949119,7.886708409958242,3.800153386198238,-7.310705084460571,5.160882028359946,1.394928219804106,-7.558554631354680,-0.507197336453405,-2.749560314186754,4.235395653703364,-6.243478889784742,1.268372120664624,1.492789468798952,9.023364906911652,-0.186767616459370,-8.249031049739378,6.134922169659809,-6.985900330066666,-9.539003420372634,-2.064388679310283,-0.137098223360546,5.724721078249971,-2.262283166747183,-6.705239156480109,-9.200850583932210,5.913516276506181,-4.609190417346232,6.588917892666338,-4.630127353573553,-0.049653839812123,-6.021233575521229,-8.896073822497044,8.303786421483888,-6.884887994035987,6.332872657368284,-4.858938680099715,-7.345488126825828,-4.696383045216241,2.281274827564781,6.856812166643653,3.772856975523665,0.206758579882569,-5.810852880541766,7.606576004812059,5.670432099487448,-1.091585318634332
1.376780517788578,-8.058298254238183,-7.352332259236432,3.692440098535341,8.248762047270834,-0.396182357158104,-8.752641248590788,1.537384008465308,-5.485848578479624,3.140668769065764,7.577085502242394,-4.964472762481940,8.965386329764652,8.491222759532526,-4.751558208652533,4.784080929516252,-7.043984261947001,-0.589365152898068,8.793105004448208,2.646456937911708,-8.333834427713295,-6.608418079351592,-3.850566853419077,3.060692091753989,8.790591333436510,8.459154936102102,-4.957890400957996,-7.036449239340894,7.141282972771602,-3.769394601490981,-2.209426904507894,3.419836626411694,3.154487389104506,1.948232580228629,-8.984438692864833,6.997455661113417,2.134154828333974,-3.957261281686833,5.645109266188646,-7.434880503471611,-8.801485468385748,-6.278163185799817,1.078941063136867,-5.314041040525055,-0.746343116734424,-6.533452224526015,-6.779827159292521,4.238989294449508,-0.370889627836720,1.685951521507192,1.244664979430061,-8.099256728514206,-1.933638991962734,8.770032941320302,8.571146471345685,8.706443445612429,8.626099795975694,1.381941848522793,8.762981122352620,-4.088246780031433,4.225799042850282,8.269816778197420,-3.293136033421007,-8.016960705719701,5.101271884662228,4.679662479111729,-7.067515201818397,5.058572858340602,7.564203362153105,-1.537629509448632,-8.255464093332545,1.019280098459181,4.295074697659619,-8.493158009899711,-6.808772187841415
6.599505258253593,1.831041158106485,2.106590664563884,8.795433352090502,-4.699116037812852,-9.806894541254456,-3.540598293972444,7.392322719438589,-3.228677572126470,7.282931321310116,3.001213112779283,7.221227153380262,-8.155923738323914,-1.310924717147108,5.989546220094260,6.976377076748953,7.875292651473078,2.663207347589516,1.180378588045269,3.708391474484333,7.730607294157103,5.832334471530222,-5.961983596442650,9.609827847941318,-8.064228421710219,7.458913921364672,-7.292113404456866,6.205769323938583,-1.619371725848771,-4.923083881667331,-3.193206446412811,-5.357344553763655,3.894835231652307,-5.871014709721177,8.123394619720720,8.645926198711194,-8.814992837183054,-5.096331016743005,1.208147347726358,-2.929074414597026,3.140424254130776,4.055232262407040,0.367385125155346,0.418338048453696,-2.370034652187791,-1.260094966983418,-0.263896756890219,-4.898884043723218,0.838633856171608,7.187118450845155,-3.252882523333405,6.579213693764434,-8.109524990608463,-8.977698849253635,-4.077846822369835,6.033803093770331,8.920755798960819,-7.266892260189374,-4.109728734961349,-8.069808014368981,-6.412494150949919,0.399202051597715,8.050104960127157,-0.800774339416021,0.572118669782620,-9.789435024152402,5.057442020650155,2.303191363511095,-0.143817095158527,-9.986636128718233,0.359747668022695,-3.927534155688541,-1.440674333014723,-1.461356065104386,2.610639898388126
0.181545930279059,-2.160542479697387,9.553256482158041,5.921064880688920,-6.177413878860474,-4.823253177276712,4.508099940827758,-4.660243578681560,-3.464245337502147,-1.267387622068359,4.494352595285653,6.630500067912148,-2.968774487422752,-1.168528473332536,-5.417157200182623,0.888931746950494,6.272393129962641,-8.532273178983438,8.370485160046954,-0.779289490990516,0.062070579451653,2.893971891849676,-0.246278321739819,-7.780050164893773,9.588046818980519,-0.163813045260399,5.190604594640240,-5.473366740550807,3.348922628464180,4.220377422337098,-0.966190986388940,-1.384520478024530,-3.374503835231191,-1.647702243805414,6.652647943226864,1.288203510040118,-0.554873321630971,-1.896753349655045,-4.895580645351128,3.243274375014861,8.133706936316287,-6.474708591987057,4.200009002393905,8.422989197768835,-2.503174819266787,0.013727525480274,-8.423416517513580,-1.024934484767268,-5.836944235526225,4.234732697823233,-0.655737783507135,8.719306740454329,-7.857852840258051,0.066743478049995,-9.317937308757205,0.942406674058651,-5.249229936847737,-8.339437298036493,-5.507880869020756,-0.737904201189590,-7.766080296297392,8.761010527727887,-5.593441047100942,7.733002173170505,-0.624142589628626,3.197075779905285,5.055982055632791,0.666415244045851,-0.631051604223316,5.440684164722240,5.628574095263044,8.947380817710350,3.057254164233793,3.864630187428169,2.708214717057661
4.531986160980299,6.946357334296316,-4.179711668728321,2.168802530024280,-4.084790461730970,3.405589957299345,0.018310635074052,7.936652504555692,7.398030897267198,-5.979497942989322,6.982063098565984,-6.866530772302641,3.561418474137184,3.219623727946804,-7.976451925238686,-7.866812268604737,9.018833859631556,-4.983903889302197,6.009068221705384,-1.418988574136424,-8.371889391688255,4.613202480061030,-9.695692306789274,-7.278286180845289,-2.913092146565999,8.440733359941614,-6.630758846516775,7.990680825383638,-0.191040052285953,9.285050748316280,7.210634268268958,-4.711490404373661,5.856481851306306,-8.945490245055169,7.917195917947947,6.453099752725318,4.790848198023326,8.942007897775692,-2.383548103982173,7.323060795890431,7.239716104429043,1.640338246774624,4.404755193359616,-1.498701913486633,8.711642627623931,2.583435417516991,2.509421977833670,-0.317018535595254,9.686598482650485,8.217678876231822,-1.278510592655053,2.577571105719390,-9.924194465652610,8.696032272624027,-9.101399325185437,0.099552378052914,-8.079671624019745,5.508493840930635,-3.961967275617758,3.814831003558734,9.615751842776653,-8.932325929251480,-4.094987710811817,-1.458634362343222,-4.137924637662314,3.767078717963162,-0.320964245112689,5.625386873635609,-2.842518288071966,3.298398549059058,-4.981313990414717,-5.393155528388018,-7.150043501763090,-1.389160745762901,-6.407897663279137
-1.834805303806977,-0.318292211986810,5.162163834944193,6.164125743470930,-6.588254708681194,6.025148895096052,-9.064230878484928,-5.798349599400789,-6.255164091129844,-3.787072544753418,-1.474323425412807,-8.328152601116416,-2.976291073695705,-6.954728714310399,1.787236017207029,-3.981769848914725,9.703252662593570,-0.983811451275292,7.408733537812608,-5.868366865797123,-6.768356089921324,3.492157853338236,1.219128529445703,-1.633274595185068,-7.719579117217529,5.315097998437956,-2.454177191275402,5.447528065270827,-8.244519978924043,1.737852285010570,2.816350658444950,5.266304438971572,-8.373080715158103,8.790157870399643,9.763697836586530,8.650017627147758,3.773243405634513,-6.383081500204559,-2.920813435380190,7.884759995557548,-4.751110250243153,0.073775606208210,9.612671372249398,-3.446399903677522,-2.417667138565813,7.605482371473929,-2.086736026350140,9.755004364022295,-3.335020365547054,-5.388283957756665,9.175466568380497,3.287428074726188,-0.557177782478762,0.819403349381302,-9.228253302381212,-6.653551174497558,-4.408032053738948,-4.994377762735094,-8.017816506233313,-3.846945048050388,7.970109926026559,5.660765196519664,-9.528403508405017,8.173912245301992,7.061925492895195,0.307523297833722,-4.505707565421937,-1.958334890786158,-6.746473446098531,6.704894434073257,1.897103866158465,-0.336756497892782,-0.439039752553329,-5.884300759706933,-0.146311916910467
3.449275123053967,-7.585437649215594,-8.528458375972214,-4.331947034328256,2.650035515409011,-8.856252957696125,2.108606076888261,4.632037296013072,3.897349439451364,-4.628905008644344,-1.029184240336267,9.251053013089532,0.163400187307376,0.699964046038774,5.668462688388317,3.785671525417866,0.798884888793335,6.751234007098951,1.896403409073336,6.453508509454945,8.580959534580266,4.681064731246105,-0.730644027552938,-2.675939809617443,-2.582442502779454,6.651600836910841,1.553355063990324,5.302886391548451,-2.513761417497420,-2.901566780211664,-3.923184979769214,-4.860478584011294,-9.662110119768156,2.826752065106778,2.415171376665588,2.501933165793229,9.176717926451101,-5.021886961899811,6.958447547644621,3.542341044970204,-1.120357865595327,6.726732488246093,-6.259257250504326,2.499073167341987,-5.995385093107995,1.258444991928332,9.210325261777356,4.534528216205009,-2.812950946615704,4.484163728540537,5.022070596196627,-4.252520948988487,-1.813962203916349,9.286876360727657,7.997545223599765,-2.809585293076820,0.707870335407518,2.064131354737988,1.510081322978900,3.382881215074327,-8.009085843466835,-3.006505574225853,-9.828720173273515,0.883879743038328,-0.409387114091786,-7.015856719104985,-2.931434112328022,-8.619246571153898,4.762335858484155,1.853690441868165,9.081075765062934,8.416011200818858,0.157608385839929,-2.280614599471784,-3.291722756041362
-0.670414531086518,7.588768025249337,-5.800020981161240,-1.478375022920531,4.755936790737781,-5.287479383811602,9.278242390846287,2.174411263942211,1.036734032458007,6.961299177885572,2.430226275578384,-9.462754479234817,-2.681445307125334,-5.891081968528016,0.671121959133682,-1.078207899762537,3.490075021621406,8.061495956009782,3.577412822422001,0.654728847565691,-5.511163962502373,1.029797806937909,-4.539695008518956,3.186227243225892,-8.098983178442596,-7.936220776481151,-7.700128871125244,-8.922867680686529,-7.505372989086812,-9.354843189437211,-6.239452487738228,-9.905773035134306,-2.188403133624246,-3.898940843239551,-8.679386393943130,-5.567907282621785,1.430673243175807,-3.680131959100381,1.825644453076759,-5.552885971825356,3.962466679326690,-6.728517176848944,5.391091619353986,-7.830640362742429,-4.236250529495830,6.789675418463869,-9.874222972946278,-5.107113990169263,2.206535816271737,-0.169990658519483,0.890018829000262,4.836741544419574,5.693419502080086,5.146294804858814,-0.336855454332024,8.372236563380703,9.859406692888882,4.170132579073563,1.543003968159786,8.399167885653092,-4.845008194976145,7.267649682176433,-6.771059997347548,-0.637790712828155,2.087165226107356,9.597139345440883,-7.888527947548560,1.478959796728716,4.660758222308699,-3.847619006641494,6.353437017972904,-9.013581500253810,4.714115174735859,-1.989548745789094,1.396258984470194
4.148922106369689,-9.143308403167529,-4.424994334507120,-6.429264234550693,-0.422799752675351,6.505850978473962,3.029382449954156,5.237543433992677,-9.878175819052730,4.536593579079957,1.468892751250033,7.965552643963587,-0.348267865885528,-7.736931119559896,-1.337015484177414,-6.091854979268831,5.911786660350115,-6.238416106548208,-6.971734190214911,-1.513162213104124,6.382806226353562,0.004007333637055,-0.850034297225637,-8.513689428936306,-7.308561089899563,-8.002145448540114,-4.112969355748093,-4.548279790840228,1.376082156270471,4.533121494962272,9.757265916516229,7.591400781899644,4.885774800239261,7.423507061545280,-1.185599331691529,1.044347208723885,4.251532318183266,1.554749214345099,0.680056063000233,-8.246004494632434,1.548534212292259,-6.840705015549848,7.200396584294214,-5.421913262938906,6.148699501986734,-7.523047101257923,-2.790272677248664,5.339981157831126,4.372878998378489,9.064134894224317,-4.727671213034301,-0.591130748146195,2.980483845882977,-4.189352756735810,-1.907822961094398,9.426304727543652,-1.786495047872936,8.142287419371584,-7.695304060162345,-1.239792438932369,-9.556843073577447,-2.667092358794840,1.735124730860857,3.153299747318252,-1.361262864036497,-1.060752931092644,-6.178110122978369,-3.242072102471831,-1.230990061258732,-8.429853825737776,-6.850887263896304,-5.109024342326906,0.865869706869461,1.652301827086911,4.134557287605926
-5.880873618542188,-8.265462890933096,8.439955539962039,8.035763939424285,9.584569618510230,3.204810596315975,-6.986995495878164,-4.232188463967370,-9.979837632259818,3.039144424702700,7.396520764636335,4.034581394249386,-1.855219559994762,-4.809053437392821,-1.842960135714060,2.657923275289676,3.421309427689215,2.339096687920945,4.648198942425111,9.511880797387843,-3.347235001857777,-8.992736069541532,-7.406312680449403,-9.815213211478929,-1.259943002981130,8.315346639301740,1.588812593428774,-4.408060874204378,4.361867964112751,0.178519673041851,2.195876504954910,8.626777273010418,-5.167996186003685,1.550419800898194,5.350896754107545,-1.035397558695038,-0.118667004623287,9.432554794424220,-8.810432382430635,5.024769361710993,-8.797761811348364,3.824939340340718,-9.532100208251290,-8.826857401887001,-2.459483627651573,8.002225986940594,4.118316115791776,8.050966366392522,3.223818462830064,3.379212062021280,9.434470128592096,2.878670462475487,-2.609119522970360,-6.698500752300419,4.575847687984888,6.909212255829040,1.231379170753094,-5.999926604903740,9.467484858773560,-8.528716641095205,-2.811297757900948,8.468971288438908,-8.615457789544061,0.378852191883565,5.059351533717074,3.791224285543343,-9.772800571727165,6.497458055925868,-0.094521199908149,9.545424000564271,4.748302765670820,-6.417485637386388,8.705349560760478,6.623510181606378,4.937869865348466
6.669155230266970,0.617723496371095,-1.471305102448712,3.193870953771881,-9.275527343083258,3.493520211301917,0.118066056724039,0.529554401571243,8.705195170704648,7.515450497917364,9.408032005557459,-1.171055315786580,5.615588575618888,5.664985987408675,5.215926081759314,-1.995275550554807,6.509898083515786,-9.921219848196818,1.470286063321986,4.888158327050633,2.836520307537640,-3.693195357272199,-1.259193525538620,9.415890068106989,6.496453685763626,-3.450278255479963,5.483857232470523,1.392603362316265,-8.028236890694558,5.648165952258356,2.064211473781899,-2.682013314229112,9.518286926331644,-9.793362153640517,9.445297241311078,7.542849277245651,0.239796128957998,-1.894324861481474,2.682199309717600,-3.412535805185753,-7.855659604709939,-4.532254316767315,-7.559892611909342,2.691261230807214,4.392475133050954,-7.805725580497079,0.237050683947649,4.647423720587408,2.526044028962165,1.866374171404189,3.240643214150152,-7.172825152882312,5.210393077858800,0.005839911516048,2.409896584447665,9.084565830568238,1.155534149932949,-6.331490456195241,6.172177522904519,-3.736536300893354,-0.064040428711928,2.435489097718502,1.214093019220448,3.230618734640130,2.653327264324659,-1.723883578780709,0.082889424776960,3.893989303090692,5.819881331755434,-2.422870885506578,-4.825541641700393,-9.718163586902421,5.601228714520099,-5.037080697971364,-3.609011355284082
-0.255628140095601,6.639083205238332,-7.228655256755621,-3.503938612326738,0.518783170560638,-1.152838342869089,1.615363707771387,-8.446854051396199,-3.291574331316607,5.287237675867473,-7.041834908929154,-0.988484485357562,1.534097140054438,1.992770337964529,9.991652180848398,-0.963707488690568,3.159338417723909,-9.830537910922603,1.875857098290197,7.260894998443593,8.774605336476387,4.240955770614496,-6.323185087663939,6.226502072823020,8.344858271678110,-1.519771877858364,6.172789015520046,5.123152124095995,9.722349799450619,-4.457275530782320,-9.994959558073580,-8.991763294242890,1.997471606284389,-2.537390654322175,-7.236405455213135,1.854464402578708,0.993655666675917,1.657503831841341,5.597695088758055,-0.482747826338612,-7.736337186704709,5.199441978918607,7.873212899129502,-1.932089478829649,0.768499966347708,1.087381454974174,-7.235891834687163,-5.655678247257936,8.189055745447416,1.258359169175600,1.884381478956477,-7.507301904552479,-9.384067982905343,-4.358655760349091,-6.006601947749748,-8.081348167318652,-8.502550286250997,2.138860150634326,-9.322568613955507,-1.765777408152001,-0.196644339726319,7.157236415760458,3.528877509009934,4.246792583038012,-9.346187368133073,3.618014488837449,-6.470293014473320,7.187060848511109,6.261071650647288,-5.208665790954258,4.153252030310043,5.914638280257423,-4.134055972342816,7.257856369084010,-3.203989803877971
-9.726288089848417,2.499439989286248,-6.755772456808369,-7.260137014971020,-9.520220694195645,8.537851096090353,4.410736084618105,5.962907559418888,-2.180907346490981,3.876651365967218,2.821490577275107,-0.164584177846965,-5.433375061569913,2.672146470281971,9.633710738896262,9.699823908005754,-6.760795398980943,-7.549025400388871,0.686188134921402,7.809816178107468,7.337774271275308,4.450661304949918,3.905073490680270,-8.484239730381431,-8.168246487556289,-2.905375911425478,1.991167214887181,-7.217738405492790,-5.480468874470963,4.935016798674392,3.328268405240063,-8.820122648621187,1.333737544116115,-8.992857858236336,-3.477403129755539,-7.067917636376961,-3.579350792924365,5.754594964565502,-7.520464164442371,-5.735694729436465,-6.535338151625552,5.967888167758790,2.934126936993875,8.835732477744791,-7.597930407990976,-3.007365957531755,-9.602605726826461,2.389578283260851,-3.435933275244045,-0.429059736953841,7.272693536174529,5.519389490817726,-0.661503145394622,2.876963442862362,-9.949448535182663,6.213851954370092,3.749510726186276,-8.845243481212631,-6.124428277287349,-0.101440969326633,9.858716530364962,-4.440621931593585,-2.898789177209105,5.124880493801918,-3.353563422556447,5.729935417249772,-5.677615844584729,4.902364176368827,7.395579298371622,0.785259099209076,-6.132560545626484,1.371216539158143,-7.599040080772788,0.684558345479342,-1.778468995680683
8.810184282489068,9.446178012447888,-3.973411237775453,9.752041045692700,0.647062278515522,-8.226377263110274,8.412339692219259,0.134585980493878,-6.344848572908692,1.073035085755942,-7.298743802890737,-6.496353087336995,-9.447494297655020,-9.463694077123856,-6.649758233739458,-5.637284225444437,6.485253053802630,-1.458908456226522,-6.481000498312495,9.688471335086962,4.458057985918311,-5.957757014333911,3.439570428726281,-8.504024841228347,6.670358607405142,-3.693210721296827,-7.872845163631281,-4.996228653067190,-4.245703022253895,-7.480636126971119,5.832002016169398,-2.998343528901044,-2.643861767206865,-5.334641149728714,-3.393635720132995,-6.011875122871397,3.812228431190608,-7.952410623419701,-2.557291496792306,9.904979700254106,-8.413641237337403,-6.587239605765554,-4.681718785097432,-5.888379071786156,-3.450810861051083,-0.859758019825501,3.895874775656086,-3.384812953657777,-4.499511062273540,7.191307526521705,-8.884365432557672,0.856086897848876,-2.990440895733364,3.475878510847028,-7.740883236549251,-6.937465748240397,3.768484955409445,-9.571438323863193,8.573139887128278,-8.569040844425363,-6.652010602209318,-7.695676160686662,-4.549452498356159,-9.165615057872296,4.156646091065443,9.923523539145588,-1.267859572445886,-2.342579878761271,1.433407298931581,-4.498606074721008,-8.441243520784603,4.424131352593484,-3.198308030583408,1.623427765744188,-1.563429668522538
-1.341666182359178,-9.608725186518466,3.938683865610797,-1.683308116531306,2.444583058362234,2.036640273756626,3.761287212240894,-6.174787525202541,7.220349077236193,-1.159880930996223,9.167571237017366,7.385547474186740,1.954964959456744,0.603626168701691,-4.365565508678378,6.826343816272779,-2.224696407922409,-3.928259868549464,8.087194108984342,1.782236790163729,8.881325612002918,-7.210468883335583,-0.828791113754704,-2.507521189041406,8.782533090259818,0.372835639805677,-6.922976906440996,2.930164587456987,9.474215691336944,-5.210223963914268,-9.953656785928832,2.498755895837608,-5.638502345231922,-9.182528139615636,8.025783346972453,-1.274737637200792,-1.343518551840532,-7.906322708714053,-1.698139104691506,-2.240899764237943,4.937376950962882,3.160660396364987,-3.493993064597327,5.086926199951300,-3.166971874965037,4.030810993672640,8.393913486623486,-6.066692720124093,2.242658263899218,-3.646042259935545,-8.426874887505765,3.786937191125659,-8.171200250008424,9.030946811923258,-4.888272538130433,4.908567774328391,8.782285415610311,8.940624590821265,7.672404294930175,6.101687788520152,-8.407439627934847,-8.693633420344804,-5.693876582153241,-9.886746475764653,-5.546312126573303,3.552947611330515,3.640635385350929,-4.732298243928883,0.054515692831449,-7.711211489396240,4.875450260332999,3.802302160923109,6.862801275724394,-1.770579030848685,6.902816198088896
9.578634115694165,0.373265061016955,-9.739407434976126,0.560994303452176,-8.166567941990392,6.993020593928179,-2.037285660690267,-2.745060353778912,-4.722713786195967,6.709604185295422,-3.912105139904707,9.149942901004810,-0.807217401433620,7.795651203631834,0.167943840348894,-0.830705785296317,-3.472581803310126,1.075956267930398,-3.507807824705209,-0.980935787548384,3.341770780950203,-4.470756700269343,0.338524414803526,-0.772929152513836,-3.059708256421114,1.195200651044663,7.901179448271225,-9.199319582608091,6.269005232751223,-1.458810527769947,-8.210198034589439,3.072360021470775,9.724950186384007,3.738123913376059,4.197514249430277,3.264485306475537,5.538495943060850,-9.055852270062701,8.913783895270331,3.179367505483997,5.185446255804575,-9.588234778934886,-7.707270541302941,-0.462217070203025,1.920628010209384,3.401762386985180,8.253868852053529,-1.182567183846441,6.934875225471313,-5.011577722190903,8.376748962004402,6.696364282584089,-2.523400197982046,7.664422465182160,3.640570605790717,-5.858519966044851,4.350353468300259,4.875283073980325,-2.515479439973225,-9.167867591257760,-8.369585206655703,-1.206254515232787,3.684873862279929,-1.036027600011391,1.082906828351504,4.632731576851722,7.424492038669058,2.999943933913995,6.124848599877801,-1.936454095252380,4.704844406099669,-4.954358478653509,-6.727010019348169,1.640984639164584,-8.613924034168342
0.592557239476392,-3.395989160825142,-5.409133407488071,5.420069020627841,4.174219761528096,-6.620136667405441,5.076235051760538,7.272388690999630,-7.762053017026029,8.188068533688206,-6.216422349191333,8.577741722618811,6.676966779039677,-1.077587990148395,1.474208713807519,-5.210304438678126,1.408287906448622,8.607366133718315,6.484637821311445,4.045121344283428,-9.428991999424847,-0.460912060493042,-1.673426249870129,-1.069635562145226,-8.652666846788243,1.524775429892351,6.445117883648329,-9.422542989224967,-4.654615721569282,-9.483111311923642,3.203432913775107,-8.498462971018583,6.050845052192912,9.872551785485626,7.854999773573279,8.714750394656118,-8.306937714103576,-2.187992002810681,-5.762458577322653,0.112167147886650,-4.289498601218309,9.762017886769023,-2.674096757769377,5.850028194152344,9.805484414384559,5.755003722652985,2.995548793418232,-4.281406491966360,8.253911385444226,-9.890278626198395,7.486561249022099,-5.018201418530612,3.780702837410351,6.715200610772705,-5.193753967678352,-3.545501870023804,2.808533647064484,6.644351035450015,1.230810516793069,2.138651476236026,-1.408956378881161,3.013630816719196,-0.608100086744427,7.323977171686316,-1.773059313203609,5.646879923273374,8.069271334505586,-8.379555999340258,4.166037838212445,4.960288925020336,-9.127349303870798,5.155649157653334,6.303366958441785,-6.557964737277850,-4.351141807136063
-3.635907301215113,4.379895582402224,-2.208721651403957,-8.262874061652834,9.807760567252220,7.829946560303423,5.735701858502429,1.153316406675671,1.997726015338056,-0.328235305739092,3.246326883705027,9.799446959000452,5.520116987375609,7.086399450726518,7.496992076698984,8.245999884520025,-2.936588601705803,-7.832423861124582,-4.205441734674730,-7.492189732529486,5.895404343594510,-6.029670197864445,5.873039874856218,-2.048237227132623,-3.790878708798484,6.557507037602569,-5.803885311770543,-3.291563569418297,-7.955254347891614,8.203840116304779,-0.723714275355880,2.555088232589071,-8.465830477204449,-5.362200734718401,-3.910865069116967,-5.299273074801456,-4.387228793375339,-9.852806653551339,-4.327536938749792,-0.887790479515180,-7.178586067409336,-8.131247001025180,9.118104411021552,-0.381681864116237,-8.218078291064543,-3.946449781948806,9.658567256408510,-2.815449559252698,9.668231818684884,2.451192208585349,0.430531383222652,8.780202474765602,-3.800993971652000,-5.969104675346122,-9.370646761106416,-6.643736027225056,8.281001918643113,1.981902218029104,-3.853312867844854,8.494793000290123,-7.532736310568062,4.577554383749483,-5.864865338158114,-2.977776673391896,1.505434946857285,5.574614511914792,8.518661719185314,9.342461384387828,-1.589069323882331,7.956061492696652,7.511345609123726,-0.482623045905818,-0.226486534911636,-6.873568316806922,4.423821551274031
6.063774141433459,-4.236598079165765,2.547536034966498,5.766714509526276,1.037950150416663,-1.803213102929604,-3.661929273674658,-8.535217937038260,4.901342390901963,5.380338392401814,-7.350479802836974,-2.842496423557169,0.553813792392518,-9.470839032434622,-4.025456581960207,2.803488220674781,4.964480663700142,0.235098374674013,0.084066726329407,2.116761028930650,-0.944451103030410,-1.714702249032305,6.709692814250623,9.539665315970460,-7.051938487139211,6.249872270247778,8.776385661900644,-3.263650758524490,-6.552494358453746,-4.830531269489811,-6.095999646260132,8.341180702570881,3.797308030150488,-7.530631818569282,5.762736527530411,-6.181267759801221,7.432094273872597,-2.936224085213171,-2.564507908537205,-6.218119324648629,-4.179286561276836,-5.001862447705330,1.409015326989095,-5.164653848744189,3.658431748286251,-8.252919575247642,1.852019467516843,-2.781020794761046,-9.424074215146661,-3.035625105817184,-5.563652837854709,8.965418821288054,1.283955894647361,-1.523422464995111,-2.767960552947820,1.623983949148016,8.130465901052396,9.205000196262446,1.470608337658065,2.336923974567572,-8.098993632612173,-8.048261375206526,-0.047942420837590,3.679586975723900,4.700675040827884,2.406438289012133,-5.831070098010363,7.745776597543280,-4.739567244987574,-8.208958594353922,-1.709080292135731,-1.711364358731334,4.260224376605294,5.551012572908512,-6.070348029932329
0.770922275983509,-2.434789770044028,-0.803379006849244,3.765071705664960,-0.535346534711636,3.733390204303671,8.985650146034537,-2.604704138748623,4.103482530319734,3.571259145874144,-7.307962675273476,-9.714037889408942,4.797128474424948,6.040499304882349,-6.431774499208755,-5.541988445083740,6.803919822895946,-4.380214978277703,6.997540099979190,9.415429796351930,7.659480574171432,6.212646543315095,-6.899901291808741,-2.356351013253049,8.149821788735252,-4.474917841740556,0.506987907272492,-0.598638119027424,-5.226676379270556,-6.801243308952674,7.378535347161190,-6.873737258811216,0.436872615511142,4.442521514003596,8.982391863476099,-3.406843147781986,-0.846221281404439,-4.072952950174282,5.675095358653383,3.097420166133602,-8.635293110702477,-9.969481623947090,-4.920570672697025,-2.869117168926872,-1.014743509886362,8.058887932748593,-5.744563432959044,2.931804954554750,-8.619876827280709,-4.569766562055875,-5.890763597813626,4.583637438662830,-6.458180405160294,-6.870808049248199,-3.296121311790447,-4.224047542239553,0.202931181725104,-5.520195397651728,5.703197051271303,-0.285387427246453,-3.292941025272818,-7.135504075074874,-5.863959543406456,-3.055642378485341,-9.878145245555579,-0.146213522058265,-6.001988364802740,3.314123700121616,5.815855408913656,4.638409539309105,-4.460451699039223,4.256193271113911,1.773139946105085,4.013034003639419,-2.410619056732425
-4.435880331579536,-0.367190989052721,-9.358981209284781,-4.358328518043297,7.791740876115892,-9.453180233198990,-1.736121658492859,-6.129620015072767,-9.102870262317577,-4.427290760769981,-8.264897536760078,-4.023725720341589,-9.737266660142945,2.922736292557817,-9.175263165788980,-0.954083848416676,3.191437130619512,4.432876309645355,-9.432755672074663,-8.917094890899662,0.214334909908612,7.616535019476636,6.572760677600513,2.946912122578711,-3.835863105771331,2.423707154326035,-5.408208003716184,-3.754321210408438,0.807954324101622,-8.939838801401024,-8.063521730567029,-9.230241437724187,7.165831104226005,-5.616105736998149,-1.916338057467119,-3.334796276240692,5.271163596917978,-8.232149122928650,3.512802230715039,-6.985624089905493,-6.229994869517455,-5.107849342829622,4.498605364513235,0.577080398614653,-4.987734242780800,7.217786662812923,2.490096262256547,-9.937342380231577,-8.158977054213878,-1.900566533063570,6.902226347149625,1.131185808951333,4.334673166415550,4.737294226133816,-2.872638886560135,-1.326558116218518,3.091474545456670,-3.638532277038149,4.408444171453006,3.277605213134622,5.250699200140364,0.391267788837792,5.883429763277789,7.101557808991327,-7.068411745536409,-4.849311413182624,2.356532931354574,-0.882918462505097,5.623465813124469,-2.817509054773383,-7.592945719836647,7.367775906142189,-6.233270297707200,-9.917133813816253,-0.068901559018698
3.810972195792147,5.552559067062459,3.859082536176935,-1.225299877206050,0.896312258922086,-4.802088311271322,-7.758548467370943,5.245785780495657,5.497344806804808,1.718553876277840,3.270029357645816,-6.872029303021037,5.972217309973111,5.721663033971407,2.825406161000661,4.495559889623394,4.966430612992873,-7.687817508734356,7.786375409839334,3.619093393499512,4.795209845672105,-6.594598658288755,8.835685829076148,8.689951251007642,1.832660883226090,-4.391080101757172,2.252363672433848,-8.747107497470923,-2.712821053924097,7.427876654316467,8.469283052314491,-4.698997429614451,9.984905902011214,7.490232128060565,4.958869675028881,5.876395724149416,-3.721950200098654,8.844605840855991,-8.610696490011405,-7.074612171063479,1.448420550668970,3.072750745765740,-0.650073558619175,0.634801396683509,5.396619345705369,-5.020802211001403,3.619445945841207,7.100956896693816,-1.618775850624655,4.447496577780374,9.069538300577523,4.196124398447790,-9.201413208710216,9.540381336815379,5.127275753275523,1.852513194969687,-9.974371918430101,-1.603173363031198,5.909088642842711,2.668947671819254,-3.392336904658992,9.564348613492122,9.730346217132240,7.125248572515890,1.573181073511133,4.959553304809285,-6.940696953674419,5.204978705285248,-2.900831864005948,5.563149184021919,6.522341756537134,-2.813208658810174,0.915614156377000,6.546979956589546,-2.446897956375893
3.494870439930098,-4.345620042528013,3.965163738420506,-1.291737337674837,1.623350038626635,3.479758655677125,0.721792750286506,-2.396387811182306,1.123207804352521,-2.354032905007926,-2.098478251782298,-2.368176613290882,-8.271242045790492,8.262401002476832,7.204579941807406,-8.902102791564017,1.193698108020877,-5.933464993545385,-3.999625142377578,5.734756143375961,-8.534437517873981,-9.750088834094317,4.593699439407104,-5.859291167999645,2.323636501920166,-5.197839212889166,3.022773451198056,6.898079699048022,-5.564940540589278,7.928821329818437,4.473582004260145,9.190655295405211,-1.045041479512786,-5.859234392268728,1.297735110387491,-8.748264519119932,8.548330675589074,-6.249224962098112,-4.956667185669755,2.423337815808686,5.456953787742139,6.538457280269789,0.038801874605479,1.376159121983541,-7.023038653270380,3.096110221904119,0.983989383588090,-1.363510884764798,-7.929455981468201,3.166307574526249,1.492989863762208,-6.736955835033333,-0.688782062592935,-4.642371367755677,-2.727087129117523,2.252335614906592,-8.327491570479580,2.871852751346102,-9.327644715264116,9.611095602098146,-5.959328087158136,-8.853695118310952,-9.957516703580456,-7.781347738577256,-5.324923613602992,9.711542367717673,1.248255945774170,3.480631043312295,-8.361008741673723,-2.477843625317993,-5.346862824347383,-8.630914105139144,-6.487946666215699,0.068090021960574,-0.041697312190994
-4.286146833165569,-8.082015492025024,-0.201415732776859,-4.764080637982633,-7.929208474589835,-8.548640627160006,-4.210681823067903,7.791820110683609,-5.395600345700428,-4.065365113315680,-0.583883681826244,-3.825922298347915,3.483981195653048,-2.218998223052946,6.526834037372215,-5.619710017323472,-4.804991368620708,4.102060564947898,2.220843887560269,2.139866577128156,-9.528456942399590,-1.609363885832980,-4.463890769411427,6.848940804106999,5.680108617097710,7.035168331721238,-8.266086105262570,-9.740138698018130,-7.653039848543730,1.850866597244035,-0.538383142809826,0.579598425918677,2.288444884835158,7.192621956938630,4.955449267049980,7.993690451641434,2.600044498482159,5.407165864593619,0.401227301116462,1.228446547837311,4.114748193840793,9.091442877191348,-8.694107716240516,1.411172501285648,-7.980042137801576,8.828551404945571,7.315621430205862,8.585596143584283,4.860004623338645,0.317716661043841,7.535688832258124,-7.737434623019485,0.487825101978135,8.996277873474824,-3.096596418011943,3.079027905125233,1.646915994974883,7.940840538402330,-5.560589342437810,2.862410352161756,-9.070324552022591,1.793593591570223,4.046597175403901,-7.891614671442930,-1.706032787032017,4.612749732498076,-8.603913592048682,-4.705663663603133,1.865240172521695,6.215877796846708,9.430570093367848,-9.515439487797565,8.819584389210746,-7.882770041100686,-0.272005176524157
7.319771472409599,7.926904366787081,-6.519013447484861,-2.388164745364629,6.994149003325720,-3.280825951280095,-3.738647394741945,4.470995708544530,0.722431780691540,6.144854357302044,9.987139861679257,0.566732574751791,-5.002127082653544,5.452948318844600,-7.262410060627255,-2.445503293302565,-2.011474531863133,7.235783676155812,3.779172815891203,7.666566196937602,-3.203126322684735,-2.767949614445246,-1.872192252893898,0.354728016172405,5.183261906316631,-6.144255379847281,4.068780576924997,9.484367581669350,4.611763532938999,2.283603103753864,-7.140588655355202,0.100533580935519,2.020438370593228,9.135422231506460,-5.768097649235761,-0.729360346007281,4.582307279205395,0.904380624912910,5.923912675132454,1.597252885295932,-7.741538279474335,4.275552898278081,-9.049963151163709,-0.958974792762062,-9.621981024617458,7.758012033251489,6.367796090828485,4.950871977187084,-1.759562058016249,5.154777065606616,2.548345230898262,9.167681741790147,8.575874834335380,2.639855376519522,-3.985041795114872,4.585943062449829,-2.860278676796913,2.448910465302381,3.502452727121469,2.788081315114042,-9.072489068297413,3.855736196936142,-2.536130144565732,-8.125349426435946,0.649638562903561,0.023622599636132,-7.213188921238727,-5.190996549468183,-9.657105154425684,-4.006066861884392,9.410666636544228,-5.022748129963130,8.006854495020754,-9.027779643684530,-1.975657780502528
0.967265995401888,1.791501593437520,-6.815159005475564,-5.647932064003268,-2.416934273013722,-3.582092063493461,-0.402971923093052,3.430058651334029,-7.888471827168719,-6.321712619426898,-2.388785958513216,7.426441173352771,9.322068340665346,3.318936080424905,-6.588350013310277,3.566300827453544,-3.507673170394665,0.117345660972273,9.208800055289821,-6.900736079378278,3.942735889212134,-0.296951356116908,4.161117106430650,4.139391864824194,-2.449702648967143,-5.929553239298377,6.261527153383405,-7.946631762341365,-2.339204786779685,-7.694249067194767,4.398566459015409,-6.212835341230942,0.972377192652683,-9.582998250399168,5.470841863936286,0.835750458760057,4.590469602958262,4.328325280776390,3.110324367993016,5.936941973512830,-4.634606645621631,-8.226541831723049,-3.077909458971623,-0.419683079453403,1.692824122919438,-9.256158210398603,9.300326931288282,-2.968783755019011,-4.548230805997788,1.329914861568842,2.355010478113048,-1.646503597369104,3.416894241099108,-8.338112935900641,-1.006439001388982,6.383386401726820,1.106196129139311,-1.979758861722566,9.246014578882349,-0.138493951400010,-9.520818987281869,6.887513465392477,8.823008091036716,1.752035198237126,-4.259912238143546,-5.255954958426301,5.783836774958441,2.256416555028530,-7.067346260397674,-5.019625601037434,-8.536260511938567,-3.913269583651622,-3.044451139573066,5.590356529045025,5.831619551179980
2.143373869793168,-9.284353645293288,0.766394522324683,-3.820981284909280,-0.019977821378369,8.355834080624685,-0.716670610465524,-8.182935633711603,-2.066573106499099,3.286534315086103,9.849884824038174,7.000044029397365,-2.759252231180847,-4.573942818998620,2.663159444906274,-2.667909536438582,-4.951813811553023,-8.893252914461947,-4.143286493861716,2.899277566897986,1.583771028929446,-1.062192291060546,3.293572844224526,0.823416116974613,-0.327265646955370,5.546782930207748,-4.036656172038375,-2.022410193451469,-5.000308787106880,-1.532003696467159,1.717548204325750,5.030085008030040,6.229470677314204,9.079225578539962,9.129466744654774,-5.063068672661979,3.313032174529059,-3.724024072680885,3.037044008725836,3.159723810938331,5.422577166560146,-9.320998775276523,5.342851018934052,-1.187592679200311,-8.949772569799229,-6.568815569303421,-3.993344840984612,-6.363289792182365,-1.658547582008758,7.029298370462985,6.585604501194794,-2.875663532179910,4.127489137574846,1.520818820353423,-8.860940708900234,-4.944719071496733,2.901083429958199,-3.437122139986926,-8.240614135748656,0.606340711521939,-9.036266429800406,-3.260623168037711,2.637935061009184,-4.818850293518883,-6.423976562678697,-6.141024172089439,-3.192235562254194,-1.150736049491405,4.757120447239823,-1.312987359255226,3.878101266179957,5.029678295802650,9.161283160646722,-5.633069370042241,1.854928244371514
-9.355936641988862,-6.161065478860510,-4.696812539826909,6.852708132230394,4.153203138640551,-4.593043747243966,4.711403478792064,3.661703381963575,2.894928031282181,8.726590614425096,-9.844188362691497,8.383912653162135,2.405186813827351,8.140440148111495,-0.415441905491434,5.832735313378208,3.078117449592670,-3.835155905997587,2.878119288264287,6.706130201033169,-8.793861799339226,9.027556865930318,6.893503224034639,-7.068638130168214,-2.530803582554384,5.724745826868505,4.413403947188009,1.555517367496579,-7.766838695620775,9.141357459532358,9.344924796356690,-3.006406966791406,9.507549799851084,8.083541542674414,-9.989645979447630,0.736891347042199,-5.934682447778419,2.987821827313796,7.197039639371887,9.499501176229689,9.970192908941240,4.551632294785211,0.138367515682713,3.515045351344648,-7.527471809578943,8.116080581860054,8.317100392584635,-1.493573746291357,-6.475383985389054,-8.935640414251081,0.416985226527142,-7.969487620076099,2.686489170330255,-7.032482657422266,-1.518239298017148,-9.399910239935954,-8.227061646357877,-2.431651843219365,-2.857604159367353,8.564840648427484,-1.427747800856032,-1.650842993873130,9.936249104828935,0.329759075726523,-5.427092639357785,-9.522455014574039,7.441301775170480,6.405794110074755,-5.957234751316238,-4.121259396267027,-1.886373612788528,8.259307258825267,-9.565793534798404,-5.065336009942961,-0.600095925394159
-1.123375434199405,-9.481332042465899,-2.934953633469251,1.537407713638881,1.728072448548925,-4.231786381035820,-3.146087717504294,-2.358320818531768,2.234346392520477,1.820616329882640,-8.947775902652227,-3.677812738844919,-9.968037086476528,5.482258240558554,6.800143399233555,-1.115812154811035,-0.804867444947245,2.245409487962691,-1.578071883367997,6.833932239101649,8.104827214220865,1.098296699481230,2.174187311405078,-9.559673053127298,1.878612314156332,0.980649509447671,-8.374288511897227,-4.595583113032450,7.089520911500014,-2.933201772731532,-9.877724512797812,-7.142708620738041,7.377269372630387,6.096000044058080,-2.392438570319371,-9.583358489491687,4.640150348340523,0.139562074667090,-4.400322740113005,9.109324905914097,-1.162514776760572,7.439884247416504,-9.618419041328934,7.265759573514647,3.184059626419186,2.642746521968100,-8.409451538982349,9.496361024566273,7.117009100042871,-5.288858911270515,6.691079818038560,6.699949095845326,0.686061366963804,-3.441047638695201,6.738415147312672,-7.380126485395387,3.717390329588826,7.467929586097068,5.821734884677491,-1.850036939035940,-4.495818943389231,-8.393096664994902,-1.087074793140594,-3.395964468369872,1.579776716228851,-3.173931109744403,1.720517702544004,4.843133297660698,-0.063520215993185,9.285493446573231,1.024054057935594,-2.686385561837634,3.909153443866291,-7.072862618066845,-4.360408955852034
-2.993197639734076,-2.067518754557021,-4.108969037685871,9.072994953283732,-6.970829987144440,-6.249937457849136,2.711799363257452,8.555825964033644,3.803910311305472,6.800867020567463,-1.680487551411192,1.769064189308809,-8.252813125219712,-9.251557313909171,6.917109728301103,-5.835350818048052,8.767091754113132,-8.608420855707621,3.223211382356139,7.977019131097116,6.086819289362410,7.651731743661514,2.168785762917022,0.172944896179848,1.287633399409687,-4.596860747514715,-4.848652048816877,-3.538937503716864,3.434569690211518,-1.638223659586348,-9.743224658831259,-3.874630016149803,1.391638348735810,0.320587593296588,4.185955278857447,2.567517646236382,4.757622684437404,-2.986984247174411,2.784339693750283,-2.195688138517520,2.299176039392144,-5.165872084436486,-5.006091111659677,-4.225692677001048,-0.602734701124755,-5.368404086970697,-0.211565945292499,9.263217053154388,6.845214673786632,-1.382631815468489,0.898734767147612,1.110832737410748,-4.589396391108189,-4.952050165370158,4.406331311906120,-4.440950887556514,1.311611458943059,-6.761661638495222,6.524488748839357,2.224269169251897,7.309495995605047,-0.411385120388053,2.482359765990942,0.119846274320182,0.842617350859136,-8.289904382874905,3.892847961426867,-7.669535399880962,-9.867901821179554,4.416409445896232,0.104656139256480,7.366640443287743,2.516927874874854,3.654925763357662,-6.667485377268363
2.553051555633523,6.358425853915726,7.893019582796189,-8.482897973465594,-5.266457411957832,-3.153308005542477,-0.511782340626974,-3.208697002063580,-4.406558949901598,-4.994397366837708,-2.386339455959119,3.346354734861343,-2.734323716725601,-2.613109821718959,-0.887821971650533,-9.975650761184029,-3.193711786932914,9.389413473010190,-0.268523493160618,2.714761498127958,-9.177865065726996,-7.692620141200200,8.225923078105669,-6.841906934991043,7.459238013383068,-4.504020094786584,-5.705228494720373,-1.755225309068670,5.542762835423281,-4.154070042115472,-2.606076083805188,-9.969664783390307,-1.292240780613827,5.748088855819745,-8.905860084484740,-0.331066279768068,4.487092358933527,-9.981328415506987,8.956361697008763,1.480576502311269,-3.226429109498170,-8.446566416774102,1.572474459949154,-0.181281806407647,-1.855877792547545,-7.986525508680213,4.743286763828252,-2.893906500093761,4.158581555097598,0.799086207172897,8.848086607827238,-9.247343654255591,0.692876941631944,-8.467447660822300,9.215541462048286,3.425815940833237,-4.284201750531837,-9.987470166036410,2.473023895980571,2.571970097715523,8.079296853009751,-0.210339653990935,1.553509193270365,6.940128329164274,-6.489422095007815,-5.038766057720423,6.275237265568947,4.998345070701880,-8.883786346689602,-1.715089472245410,-4.899721214312076,-0.023874488121180,5.982997808043326,-8.686544356798906,-8.662784191290939
4.238789288994518,-8.482745280195836,2.256368007933693,-0.888047141101733,9.944784608764973,2.414342325995927,5.300924758161660,7.651454994367185,8.710328811837030,6.704318604025378,-6.674446048358790,-1.496074838026459,-8.616643447977012,-2.306861164131362,-8.532736856868556,5.009269644233294,-4.105552721807078,6.246318330531725,-1.962430795088352,-3.271197145284894,-3.200535071924837,-5.637027067600995,5.731325751544901,8.992579350084362,9.821336495041216,7.336467825903391,3.103506173904227,2.507256382001755,-2.115931279754449,2.241551408239005,2.219763214488026,0.909558722185075,9.836332324055412,-4.242742484305111,-9.051607543850778,6.090187828226433,-5.273178045442921,5.552665522217794,-1.400947270162590,0.521181051204895,-5.556510541021669,9.730494773644001,2.724599551411567,-3.287584324031554,-7.208152832975257,-3.653051065772512,6.976977355024175,-8.837179664749581,3.166784828026239,-9.060314370981498,-2.273022044937343,-7.425682376554004,-4.597076628009821,5.752879504337344,9.484813943584797,-8.905074247130294,0.888444437684681,2.474111800481509,-9.342750495185520,-2.821369821086169,-5.252201319639207,-3.417846370770947,-8.187155893171292,0.835103398721557,-8.395691282689452,5.403711772584650,-4.196344550329234,0.831826211991036,-1.038440095598457,5.129111927059961,-6.790752322826363,3.939509913127903,-7.920546171401104,-0.181371671691867,-5.040580504321950
4.682285176411725,-0.816939361834521,-4.265367912187399,-0.028024950493812,-2.286896798062628,-5.094324716663905,1.686888683698378,-6.136849587976538,-8.352968343630227,2.054253111132816,0.371962714593547,-8.599212808368739,9.215442390028233,7.682533149940038,9.709663851498657,-9.724366484986094,-6.597635960088120,-8.269810149018923,-5.401242069425198,3.230713209907478,-9.184197010928337,3.606487000519811,-5.107463088069546,-5.426449545166736,8.060697206764658,-4.792986984874757,-2.088036248291871,-3.279561570269360,-3.677159751721357,5.675171703592664,-0.556498796909429,-4.245145195535269,-3.986666823871124,5.559042255842272,1.946279621900002,1.309744711716867,-7.966397706893189,-4.783191458153066,1.858736008048709,0.680999974058178,8.115372228742547,-6.036596847403979,4.568580975953546,-3.451812031830547,4.466027852420142,7.010567337956644,9.333225832376527,9.350771740884777,2.068830765076864,8.690272460452263,-7.126370624200309,-2.391736316789279,0.096596201769326,6.570895681401559,0.915407139359010,9.847814048544777,-2.431042239089438,-7.435391768886297,-7.074639066453125,2.229615423141730,5.361697360391515,-5.599098294305367,-5.321938372154325,3.327402221893001,2.612148243879151,-2.187080736500189,7.069847275113229,-4.879518447217119,-5.751818169673697,2.088598654180059,-2.785378045387392,6.869567733315478,-1.569125055165696,1.024969104300961,-2.174334769228214
9.248725057577218,-1.611429995444526,7.147736854073752,2.229191308147202,1.761787222491549,9.848684519479672,-5.715650523548621,1.843758008616627,-2.882031854347920,-6.763785402776095,5.811571711114688,9.866104749871454,0.494270970048492,2.311789480367965,3.897475334273521,-1.292468832962065,-3.153252924891867,-5.198677807703422,-0.559495176162194,-8.471885750538073,3.063685539900225,1.501119153511530,-7.686785757472667,0.820775042885844,-8.528119677372485,2.138168407360382,9.789676983679570,-9.182607326733365,-7.493892474600763,0.529313037027313,4.064320604829197,-0.443207119512262,7.962504065536962,-9.848059608772120,-3.376413013448174,-8.324123732930769,-8.200655389797769,4.780588767136180,-3.366332607768621,-5.046037853542003,2.186999609646188,-6.387209999271364,-5.962500846712664,-2.584610112346020,8.082843539273327,3.589645691917653,-4.815960486676669,-4.918064992788747,-4.690424726317737,-9.432660752833383,0.774483019635097,7.286174858854523,1.761921388940825,9.725412909369084,-2.808692553220709,2.093552056530644,-1.124400018916671,5.323338464634197,5.329155382622289,-5.820889203754611,-0.596191497305071,-3.273822191540456,5.394896538487782,-3.204940357196195,-6.122078992592900,7.001538573028739,-2.951803373654876,-3.102264708801588,0.467504093324397,-0.173977739413740,-6.096880202249828,5.223346786240057,-2.039346160942149,-5.650804695020797,4.642524757783972
-5.966953962844659,7.509546161858296,-5.545174508960280,2.333162985509876,-5.405890038740722,8.961652570463603,-7.812838465826212,-1.072649511503682,-9.629442079407021,5.601975884514914,6.518886407494545,-0.289448962715031,-5.072650400968170,4.100594570688250,5.977870733237850,5.990435010779793,-0.869798906022854,-3.051123438497793,1.829252007614759,-2.998977821460431,1.370428089069682,7.332855933044925,-9.348146406817248,-6.243706626432946,-3.542683262717945,-8.158318932908330,-7.009759296626880,-8.443455946914165,-9.299627596834858,0.139154266771024,-4.074456819699382,3.537100925570114,5.876462087745274,3.842155142891098,7.490481629513134,3.359255220375559,-0.893255502170767,-2.405376962772630,-2.838751158912465,-6.520113822166862,6.730647428584678,3.939304168840383,-1.961749079608669,7.415115602852190,-0.629924936919730,0.591918340938838,-0.153339294144232,-3.464861826728185,-6.000764745004949,-4.416074670724863,1.400702920601333,-5.167815803110885,-3.399370753562869,3.204416746939669,4.784624800533400,-8.136422176027864,6.989266637736449,2.407452512306602,2.432032322465702,4.819757285615950,4.364169518935801,1.562954706041367,1.770496791666766,-4.490406530523881,-3.905598997114286,2.670726560796338,4.672120540331711,-3.821157770828725,3.858297142214170,4.416760059864709,-2.222709764469304,9.609693990165521,-7.313854344930119,-5.050965418089381,-4.063521607888452
2.757021556792122,3.179152813902073,8.971554128075930,-9.735226153091819,-7.882997815801707,6.811611265592639,9.254041031806178,-2.475113741228270,-7.750234691920815,3.400446343784814,1.633207624700416,3.157985025650802,-6.240813532025705,-9.303326744260360,5.359214559905009,2.408387801926764,-0.597441855071771,6.822935745902633,6.494246776100578,-6.024256222334452,-2.074255478995806,-8.102127544971538,-1.012978513409383,-1.560662893213225,-6.626554594485984,0.340343520889583,9.259781066199903,-1.374511362908654,8.889659691356918,-2.201901154910879,-0.271598136738850,9.330122103022962,7.893159138729931,-5.581383459083627,-3.197714577224007,-0.955819909071016,8.782541778657322,6.964317864258923,-8.284515375679906,-2.071457083361867,-1.170513517717531,7.879600120188986,-5.807656314381406,7.996027202173625,4.767633922211044,6.589298943728615,4.794037281708015,-4.919853422463502,3.344266609563382,-2.348990133906408,0.491242796058508,-6.141949884481455,-5.754370934986519,-7.209240039473994,-5.582345286094181,1.690382430727917,-0.084403530339729,0.726358691129565,-4.161826060397629,-7.650458886894778,-5.010142390683447,7.289062522082364,5.644538365146916,1.374196401237704,-9.693400908059978,-1.930156945604264,7.016426718251729,-1.014788351608713,8.604833368722776,-4.295089710864087,-4.345669030140624,-2.694157702447184,-5.819501397906677,-9.586004261820690,1.010465903385729
-0.445973108392190,-6.679203935878803,-9.524914963446305,5.053486326793937,-9.676973790799311,-9.472656032251521,2.697542742268906,-3.633643393364649,4.861965931265539,-9.409490688885104,7.651764515675897,1.047890066567977,-7.137267131528898,6.462459733685503,-2.567546413563841,-4.676113088311995,8.467237661133822,7.989568515195131,-5.629017829476126,-7.152571205090837,7.050534116217431,6.202338092481416,0.644427979429842,-1.080372590908862,2.940284058444940,-5.753224605315246,-6.588979711202421,9.123060580180280,0.912275308883167,0.342925639308444,6.781055563313050,6.359180357458953,8.976148759728929,-8.868076257482453,3.171205327572910,3.111700786694790,-0.140015147332450,9.111179442770641,-9.613223437386926,3.154823569077402,-5.228413755484864,8.730082737253873,-0.039219183779435,6.684784779570819,-8.078487757841843,-5.298009638753880,5.221371400442665,7.350901334816953,-0.409661601829052,-3.760259406710025,-5.970081556993434,-4.092735871615063,-5.525517342324868,7.956314007001321,0.883576962129615,-9.152481959202550,1.945273462578005,4.676416013110538,3.742271395293331,5.347036212088433,-8.468039801623153,-4.177919180342542,7.546772545777443,7.549619085914490,0.549521699405016,3.343934095892976,7.521547169379186,-3.146451201611375,-7.801994860174899,-5.135689481966335,-3.354740778954010,-6.964525994254787,-9.849429462584231,-7.831979981571033,-1.253899596364114
4.170795912391460,3.083179881200460,4.236846123190441,7.242700293073867,-8.967277956604917,9.900117843132026,6.244563940147142,-2.049697375106650,-0.411401973797133,-4.878901032081369,-7.036722472695949,4.926313140170375,4.417080623437489,3.128085227080801,2.530098906421065,4.327368978608670,-3.691155933775292,4.696813719380998,-5.524546145500926,-4.018241193113374,-2.603821340975228,-8.157336903658070,-0.810511611642347,6.547825835676729,-1.870446468427822,2.917211748762325,-4.395667215105505,8.443303214378005,1.162747615152625,4.875741630111204,6.728429283612787,-2.472087418078369,8.737320564776439,9.384096029740874,7.875296096734935,-1.110977968273462,-2.622924458284719,7.766547265586958,7.011562411866009,-9.819991339687803,7.269578420948207,-3.000543363369195,-5.476665564505911,-3.989042174882553,1.994249879701860,-3.964762482842765,-7.427464244263193,6.964353407671652,7.712451958928089,4.232038645728158,4.264904725495091,-7.706868856673788,3.136713739753727,-6.129956751129175,5.794513685408367,-2.840413174927001,-2.133921908955503,6.369573151667996,1.085416169218593,9.435687118366268,1.697243800959923,8.490233054778763,5.924083673843981,-3.171957070626055,-4.188788208279767,-4.023107166437169,-2.848772332628362,5.800813846828367,7.458107330298585,2.473610156914619,4.168152334950054,2.711294155616077,8.184018027028440,-7.547673077764552,3.437464599860171
5.267977359889006,-2.283181089066611,5.594587418719357,-3.306367838116422,1.173183110495454,-1.540886817514318,1.238579300736486,4.070381994153783,6.520010051453969,-0.364230176735585,5.153266497312149,0.880623285409509,-5.898255817092146,-8.743265030717254,7.913502939457409,-1.403797605202628,-2.110366286364571,-1.878938211097303,-2.076282834929004,-0.665636465162757,4.806012704011808,7.044245844303909,-7.382148186199933,4.761272190945478,-0.847198586586819,-2.763993241751233,-2.481669350130429,4.299327816440840,4.233382416878060,-4.261323326792330,-6.051353763520630,3.480105977333015,5.733087342693185,-5.851789205908302,-5.104767431865669,3.315007061787121,-2.837680430695196,1.804951754048801,9.142468987517905,-2.247492768037384,-7.795103600063296,0.167869361342801,-7.682536012076532,1.915563708932515,-1.331983460649145,-5.411384117982556,-9.881837643566922,-6.364069060987305,-0.459017902088457,9.679011238887750,-5.362838750234101,2.016993991253829,5.278098685368143,3.019014602070682,8.807133553175547,-9.822720447618632,9.396645344396209,-2.553202845887128,2.590118620109592,6.070218728215025,2.843379403556426,-4.265144760094026,-2.060472781240879,0.484980672779312,-1.366669730059332,4.971029568388445,3.625085760236528,-0.271150848573555,-7.622080069979074,-7.139248696347460,-4.961705047620963,1.052353054533475,-7.927835395951712,-2.717279008529205,-0.099732205560993
5.738730874611321,4.711741385868621,8.482834949108785,-8.639998722235445,3.664247769669853,0.739680042011159,-9.316981112917784,-1.666948908790468,2.180892747206487,8.089026237305934,6.949489231133668,8.277820350354531,-5.509974207639459,6.011276369196779,1.884489539119400,-0.700161043193706,2.110645374494863,1.096299332304838,-5.165178114078383,3.634425185099801,3.094323718155220,3.960950432640317,-1.170059665150191,-9.755244607575071,-2.410432925868202,9.940214482717806,4.795294366105507,-7.650420130878908,7.190555034362781,5.826786841767301,0.797839932674600,-5.503603438549172,-1.930713202317554,9.325045958467651,-3.085552524296872,-8.308586494915268,8.847275005004679,2.443244911526374,-3.365255260653369,7.012849554406742,-6.986137937528493,-7.805967277422530,-0.963911868514117,-1.329080081891318,-1.077332145406082,-5.321555824758722,-4.681590186720581,3.830773527781144,-4.345541855235826,-8.623367350358977,6.239354728295904,-6.135683446345269,9.120653204146411,-2.648282457659139,8.519678792725212,2.521467636557752,-1.784746560810541,-0.557538875386292,4.769389589326734,9.739086991491394,-2.123884101863379,7.944027880776854,-3.282603667298445,8.502037690887125,0.273871427110777,5.968826860696701,-0.024380841433835,5.983936023822983,-3.365614673490778,9.600009870797926,-0.016793532835191,3.134015496676428,-3.908552231318696,-1.838897961081667,-0.573720754679234
8.480086527362523,4.782440968220342,-0.389761052141298,8.265238575832562,-5.487450754533456,0.159127809790718,-0.395304355435167,-5.227849881674245,-5.248883474087771,9.998513541879372,2.204061917240750,2.397915296873034,-9.358219741282195,1.492376266816709,7.916484702673550,0.288747596495424,5.752484126820924,-7.164669098443584,-5.486966306127505,5.142647793869802,3.608242286166519,0.477222038386319,6.142407359945683,6.858784452515948,8.393527805507183,6.731633314882128,-8.593069296361932,9.970661357141353,8.357239280526354,8.909215032732611,9.014955472788067,-9.738596226258680,-8.635228920916614,9.140462245621581,-7.271542019792254,2.384435889271689,-6.966661734068634,1.982734934927342,6.885236753660770,0.299163328367021,2.438933028534178,6.963793607450341,8.839480351566952,-6.089454096004712,-5.944466941678299,-6.538234227928744,-2.114316692231766,9.999766060915057,-7.717147024877431,-6.507480080981487,-9.980888363454294,-6.990813155388176,-2.848275733763881,5.772966918721430,2.653144689656362,0.187141523242838,-4.865957243777139,9.246093523418335,-4.490523040846417,7.960811112090500,8.499434589928409,9.640795008174909,-1.365854106322395,6.534073842670679,-2.453942985048432,-9.188781602061244,-8.470545237805052,9.625131525757794,9.622438646474865,6.303434104807291,0.122916495211880,-3.823342828951224,-1.912283405352952,-4.017064510507797,6.079900491573611
-5.378880248145910,8.700580868823309,2.884640320194160,-4.107440207469645,3.642390690929973,-9.397940943499488,4.627453092501471,4.522517033444988,5.190307141908113,-3.096841207244321,7.932691264010508,0.464346626630155,-0.718050151231882,-2.589458874815593,-9.458138409468830,-0.781740074842855,8.128102066042100,-7.603408733994296,5.328399276431053,-0.624758688725787,-0.221651669027896,-5.648209788443374,8.522443739811468,2.496448123302615,2.586584767238451,7.755925181656963,-8.541324351962547,1.329822605710820,3.761332991246695,7.162136353390263,-1.826965294705357,-8.680146716411475,3.989519565701587,7.316003996856203,8.307611869580715,-7.461029441749107,-3.091386777107235,6.128646534196093,-1.615218572960233,-8.245753728299714,-9.477426316489293,-5.589213188322768,6.621216274687548,8.567693373626145,7.810933099880707,-9.679818878311275,-7.380681222998327,-2.382517498207870,4.450077144823915,8.086686012346163,-8.473014198056168,-2.057853054033334,9.497193423798006,0.046958969137584,2.013920644529987,-3.655424010030166,-1.490559064537303,-6.565956901974335,9.935556197917261,-2.456906944501944,-5.852666049771953,8.151698824849611,1.442847097821963,-7.802533782852086,-8.489925645553804,8.407487886269315,6.620471249001806,-5.728950884843965,-9.083873811381615,-1.479821492250986,3.881855433125823,5.870660925855924,7.286224906383907,4.251309463877618,8.624795041021969
7.697117723991077,-3.073448629760342,1.486352372433910,7.298469660301954,0.008736838948542,4.393516541007806,7.636407046167442,-2.074899216558497,-0.523141115540241,-1.805887922553309,-4.964274489122895,-9.595523284473229,-2.002137624494564,9.403725844350905,-8.140477146919814,-1.161504200997733,6.709495300472181,-5.565261193238071,3.050878433089729,9.195295240018311,-8.553093090347112,0.461370508801124,-9.781218366261928,-9.683048199539082,1.463869821121389,-4.396599298378927,9.938750301277480,5.300645595134753,4.881381671899890,-5.118661135695024,-5.382695322463582,2.578777208436678,-2.764124665868426,8.666673521918199,5.181856809646961,-3.446118224894549,-9.565460105064830,-1.073634370324402,1.814511109290798,-7.891358000258151,7.688935759913797,-3.664064381088135,2.259608442247000,-3.087053669697102,2.049722949714614,-0.700945027878149,7.715332425664798,5.810895684126116,-5.388576252959922,1.362352132182203,-0.095032884394683,9.176470053169197,-9.317150902633156,-5.210728036525589,6.023733255277325,0.888478786785296,2.496240008913324,9.268629432573498,-5.492897491223527,-7.965493069878590,-4.556737810046387,3.420789777435040,7.182990314172798,-1.970908090253289,-2.088388608572986,9.767331471973907,-3.017993962593019,5.721682341321941,5.810419416764239,7.663684725457639,5.717993281023393,6.253788724886309,0.184190192042211,-4.252533376468657,9.204899154381192
2.332997759668364,5.887493554263150,8.670350917360903,6.672042576494619,-4.583053104603509,0.447147150838035,6.104668829898532,9.883920631765260,-1.412651867390348,0.498672748605991,-0.071938891171911,3.306308575989625,-3.571784504198487,-4.376876800071789,1.656686559955304,9.758846259541706,-0.885011314968679,-5.381795947042180,2.500110872250209,-3.334491661629535,0.345876144104535,-3.030647737745038,-4.129740901765917,-0.355918700628878,-2.615963339432268,2.995985643297065,7.494614833893642,5.865045770187452,4.900894874909078,7.113082169932742,0.628277001316190,2.883722413407492,5.154675939954821,-7.701038900441923,-3.612177061264448,-2.106599793128751,-3.374731041075174,-4.475745240759810,3.500121611969313,1.932536175417212,-3.694244926754735,6.274734134843353,-1.707177129465371,2.039031086697612,2.202613002343814,5.713901512273347,9.286366479855964,-7.095009245438632,3.191668148021030,-5.126569436863351,-5.765258011006424,-6.777210616266447,-1.248925454643652,6.698803448125780,7.409618414528328,-5.168952420636311,1.689657041353023,-0.884344622286001,4.499097835911920,-1.507619802413556,3.364991200640191,2.688645175661948,-9.008469220788932,7.706807578879442,6.206440773658755,-6.085970045853153,-9.008043741766581,-8.738983289401878,7.053730463131501,-0.772610407522098,-7.701309415503270,-3.330548008584397,-8.848110027220859,6.404922994640742,-4.010686736070735
1.184631219678295,4.984189590943851,-9.889038063682193,-4.014084067286950,-0.850135109158218,-0.213870996227731,4.526458724914555,3.145611812242315,4.621225308704993,-8.796181793561814,7.457079890961793,1.302737267527911,2.737417332216756,-7.017095385209959,6.040941523964410,2.006629284065689,-5.801995854507764,-9.207369210249768,4.847254992106487,-8.682765820190566,5.618788862003377,4.760395515544779,-9.264624983411805,-8.849711187223193,6.724286218697195,3.738698912835140,7.286494437008589,1.800237516234226,8.161584489878877,-0.665974003647360,2.991394991585835,-8.540430342929072,-0.342997777661934,-2.219650005774700,-2.595125548957517,4.947249991368995,4.928354246102062,0.613457398770453,1.915548363352713,-1.156008433879332,4.954962946891222,-3.716224183455137,9.191099160836206,-6.079316496021690,-5.215175965769079,-8.244069409556069,-7.478846884775560,-8.998385024965552,-2.546672240521232,3.025906002313976,-3.343520283984107,2.951172539967297,8.270240629630475,6.446280768383421,-2.466995645153814,5.587600136899953,4.353398667575943,-1.623086458099740,7.144881352227095,9.426201354213511,2.418735146594964,-3.201788280086236,0.392197816600529,-3.451491701895002,-4.005074563192181,-5.195624974102446,3.517498958364278,6.703767952059000,-2.066630346889591,9.318367690802592,-6.692674640374216,9.879519828048473,8.026225249036315,9.075464674554141,4.963201161496949
-7.140910824271527,-0.029502946439862,9.951011834460552,5.882214578111501,-9.212777210703695,3.345892742403390,9.240912828587625,-5.567010779400086,2.123803539571984,6.294161290278154,3.641191412037280,8.582503840778855,0.684437656159131,1.287340167553255,1.044607861166662,0.589703361483178,-0.060616338822804,-2.169677777940755,-5.078862310544070,-4.530498387262720,-6.987996072792633,0.693941085893105,0.279175119751089,-8.312432449880543,4.992650213938830,3.983221367385770,-4.418917699480187,8.126228780550036,-0.639468429117782,-4.246137933952420,-1.203356106607490,-2.092191253039834,-2.420414123345386,1.146082539189885,6.459977546006172,-4.440036820513522,-3.987237935634889,5.882528387312554,0.685105706904610,-1.534718818815730,-9.219806218827280,1.235317288913826,-9.537683763012836,2.929616764122429,6.315631387591477,2.788665079638722,4.084311344403488,9.865175773540283,-7.288079792176032,2.140247564110522,8.958916474552485,-5.612473338008465,-5.258114361604393,-1.513521076117971,-9.273753204848989,-2.667334746187448,5.448892755102273,-2.535143843709163,6.685207810561117,2.913489516581977,-0.045749454659735,0.636167189498131,9.115366096495784,-0.585284666976342,-9.024901815463359,-1.541374079188923,7.533213870355993,-7.140018269728554,-3.462534653749647,-7.753886514294277,3.058289834827384,-0.501561032737424,-7.013732557170069,5.190716368393653,6.904865860126208
5.494688360190157,-3.699145834133626,7.680227044197981,-3.018807787039101,-6.147230511807093,-6.158548032919908,8.895959193154262,1.848854839830638,-1.786186502914902,0.770904442741662,6.675917237159702,9.948967370759881,-9.116178736418236,3.929688225635740,4.194211196112308,-9.982192781907615,-7.190407369978510,-3.903942760846528,7.384119554701801,-5.941880075790809,-7.633136503556031,-5.038792110238877,3.438793581303219,-5.855411597189666,5.847187583802249,9.644952958347051,-7.800839163533110,-6.453592450345882,1.720943394789272,9.430809496948957,-1.529596669103842,-3.714482822276746,6.040324643972646,0.443112733118934,-8.556718736058599,-5.434030870982136,4.182338195322373,-4.875524443467746,-9.523548692951966,-7.458623799318477,-5.993179592425335,2.508623021275566,3.521102401758869,5.285062419980179,-2.220133628575962,8.187560488686405,-2.642480921474410,9.190365339231718,4.010002467165002,3.489043425360776,5.318114075335989,-1.830620709270537,4.730551393979194,0.403439693302531,0.862903242136788,8.741428927131235,9.653166513657197,-7.221513271334768,2.442403207506915,-5.816898290369550,-0.779338275708991,-0.665488979264047,-7.663547981741639,-4.451027093663972,-1.398682083761610,-4.251652380544535,-2.677434578535866,-4.850693938192235,-8.895108977649677,-4.439602517858421,2.609244595878156,-1.357891318823581,1.921982640442243,-1.235581421171659,-5.160184095212035
7.762063052000691,-0.698483475781586,1.250776753208328,5.282541825704836,-1.029755400444925,4.478745544251391,-0.924189416392371,6.570796436910523,-3.663725457574998,-9.273740364802574,-4.745797157487964,-9.865054908112377,1.993071743030983,3.645644298486605,-9.363495484511621,-2.780155138369054,-1.082105761027307,8.267293528115211,3.408241649473055,9.195936703493174,2.005057176550158,7.444212637311892,0.065052911372502,4.116431060637140,-0.926838271348247,-9.992678948189601,-4.377023569666791,5.621693033567110,-9.061747143865473,5.414738117134894,7.296232366733431,0.792631325288333,7.278425649399296,-0.404846725431758,-7.386564066011109,4.540227371018231,-5.752192813220787,7.521345490459424,-4.118290101509155,8.684884097573441,-9.194489145689058,-8.286628927725271,0.885828385448841,4.555359424845287,-6.985380297436345,0.950033791480489,-9.035674536522889,-1.269673836375203,-0.447004681543707,-7.556200601455394,5.307676963335844,4.263256651175901,-1.813202102169132,7.620746253292253,5.890824553825258,4.971911898835179,1.801795520069945,-3.133146495857011,6.561114826517080,-5.125803623725140,-3.917857239758478,-4.663007941595671,9.228546455965219,-3.440245680119656,-8.770579551050879,-0.761194596207318,9.265359108362968,-4.612698412252434,0.556915947301086,6.593072596017020,5.329546786950148,-3.512520147077236,2.303154787569163,-1.237540646053921,1.487266140014970
-5.417356521121275,6.406093677149393,7.747836299839321,2.830113714994960,-8.350157751387645,8.738588304096506,0.940913546804635,1.694737386274092,1.085437525013775,-6.430690897607394,-1.570791803246284,9.548788864168596,-9.279706623589632,9.909093902518418,-2.911032209673634,-6.276093776778808,5.500261530462843,-9.110035856964917,5.281150387406333,9.092926391603410,-8.376606046259232,-4.972088324056180,3.470490267369135,-2.271752964020597,7.369640032658797,-2.920779901475736,-0.139654851261376,-0.258026558701124,-3.743259774053113,-7.283834369572270,-6.791051001527293,9.793379295361934,9.831145346682788,0.085816997265852,1.880760937310587,-2.573801675885667,9.984079843892793,8.082701911452006,0.166529608822845,-5.938159239934297,8.367853557788546,6.232894751566050,-7.871471820213576,3.916222525830301,3.097984430129070,3.412733421538888,-4.609504239944069,7.744318649112742,8.956649354443481,0.261992656238572,1.362211936404611,-4.337839100938981,-5.581646871564874,8.481944557860970,2.117608176828954,6.211177527905956,3.838483026115114,3.390008977204602,1.489788876890588,6.456311342121680,0.688102460295287,-1.722339499881926,4.353239757101512,-1.215052724928867,4.462298909529125,9.419710449770367,-1.677482459093921,6.062397902994363,9.961911634153058,8.588887738978944,-8.276215878162796,-8.904458941511193,1.616724213030441,-1.645036926356234,0.402442574174621
-3.558361654929387,0.048367575212412,-1.367494816809330,3.230057218681745,-1.604328646601560,-0.687148752989375,-4.313393020532425,1.393414891699168,-9.282143601537030,6.871945363709521,4.045021673927934,-8.709603891440070,2.372685201595395,8.533724921665890,-2.804802927233798,-3.282512457103842,-0.396466718238429,0.164153408900168,-0.542814537611891,5.723524475593543,-7.814622731359586,1.753446548801588,3.992611190523728,7.678565333095474,-9.892237633376691,-4.331081363625788,-7.008651414505705,3.951517288047143,2.407040592731548,-7.748397307158045,7.416880479420598,9.338158877908530,-9.545406363042208,9.969784281394375,8.465736706938984,-7.966588639729347,4.247161215564837,-3.832122595533480,-3.713602849711344,7.631530937039670,-8.193973563072641,-6.025083434262626,5.231947194605862,1.640981424260593,-7.162737939145001,-3.912132661247263,-0.269664956118394,9.667622166100617,-1.400840085907832,0.402693317375682,-2.773092340444590,-1.810274809137171,9.071132421306856,-7.492637501494261,2.130495300948798,1.204483806369019,6.591426594825627,1.148832255902255,5.313803320280108,-3.892799871559274,1.094850957530856,-5.755946672627557,-5.325612806445490,-6.403390919967340,4.400995836207578,-5.728817527329053,-7.597219571724656,-1.373896326857622,2.647685063690833,-1.213440104819504,7.010756202093628,4.493931547069003,6.725811019908409,-5.936167508538532,1.551530421281242
-1.528875423965649,-5.091189362997501,-1.065724047335417,8.403970057635902,8.537198004583765,1.148506104796548,-8.524542752672087,0.126392292524216,-9.443820723281640,6.547605199598003,2.554460037496247,6.195315175721635,7.962956563755963,9.123062079698158,7.701276679149505,6.465412715554507,9.592741228277571,0.148814902038353,-3.557837823356540,0.768168702016826,4.150334389562593,-6.309546613858499,-0.586119169259710,6.252768262333685,-5.986591866821307,3.634001134124802,-8.622581447137446,-2.422626025057903,5.740290846897928,4.164358219155082,-7.863745727178872,-8.931107567117564,1.664904965935598,9.397840401126558,3.371805415878665,-0.429014703466439,-7.254743938326156,5.691426649989788,9.802687707799461,-0.441590886900025,7.039316060141523,2.495635898336534,0.521714083471887,-5.196453016412439,-6.388585433887721,3.705184490219660,9.494573912977160,-5.657007863879464,7.283654461752068,3.382184844046780,7.161172140007483,2.951486712950246,-4.780547206389634,-4.594773311942766,-8.687750218182480,2.078942075663432,-6.410210521202750,-9.198922173711088,-0.821573693039344,-9.745519352225340,-4.567723924556408,-6.145204677426612,1.919097277047392,-4.104045216586663,3.657447815613974,-5.903239313450273,3.336165488843308,-3.667980997984803,-2.500678987971576,-9.654162473224986,-4.460872816784185,5.843160744872083,-1.736327181937297,-3.312284003384449,8.606850224667298
5.345463766661263,1.736499621014129,-8.508951889172781,1.153072486646805,-1.121430073369037,1.740081709637423,-9.980467602730993,-1.381445373810973,-8.931097092577618,9.066545966378513,-5.533535676812182,5.441171277092893,-0.709078851456994,3.796619389989983,-5.848471680958538,8.300520442981867,-8.667347802919117,3.870573889171638,-6.999250185665808,-7.955114882463665,-4.314102529602364,8.433137579536570,-2.208866575099703,2.730551730814948,-4.610064423753036,4.809530555987937,-1.293016061608148,-1.576264435267873,4.783570565602036,-6.505174380552534,-3.729735705389833,-5.674434452701993,-1.790373918478391,-8.933486166453626,-7.208932888587219,2.257560954032947,-9.530498923902790,-6.046746299936814,-2.496320684932122,-4.726267821872883,5.756401441933843,3.803602329727392,3.968875051036363,-8.360807225308413,-1.129832755073803,-4.742306914588501,3.138206003307998,-2.256659596368282,8.957053407673847,3.109227087443296,-6.465093887765989,-8.396820085794596,-3.543513099387800,9.306658175766504,4.877989354095051,-3.641287355680227,-2.371424632095083,8.438325509212817,-7.692869533767532,4.475285636886968,-6.618154365252815,3.052220363068841,2.612806555021415,1.450168726259696,3.194389527570841,0.739763575885281,-9.851705772975484,0.140436639735590,-4.542180281135377,1.335964204993090,4.111681627013450,8.989350606878546,8.900628704001143,-4.251225932857450,-5.819232558067206
6.493866167198433,0.432295437824703,-8.126672255312688,2.392110409545804,3.650807705501887,-6.727848831363625,-8.330451253062209,8.560442651449062,0.472472825743544,8.956295780502472,6.760450343688134,-1.158784699405402,8.297405551223378,3.574566806960382,3.317493296842688,8.029286394688203,4.735397657753122,-4.482024067709269,-8.663389493666402,1.213888904452634,1.183401307025649,-5.123869222490354,3.047797421888456,-6.668563998859698,-6.741220791102274,4.489861006532784,-2.187213320555353,9.131171862381940,-4.867544177852716,-8.689983783007992,3.230625271245231,8.036437171644128,-2.414857747133878,-5.768217942344737,1.343493239638043,-8.383287633952133,-0.037560278921752,9.000100094793936,-1.453045497862899,6.677048853840400,-0.937722652412079,-4.224727522539180,-8.499683581072649,-6.670388751084444,2.157962146962248,-9.684387215658210,-8.536632246658925,0.281083134572370,2.283272514590941,2.273581760023397,-7.863561943865934,-1.666238466580076,-5.936501528098653,1.078540912367350,4.570811181558449,9.056550370714266,2.533825086503290,6.587681028811431,9.319103652315121,1.108284745259922,-8.927268526889026,-1.066828155087375,-0.186657695772162,-3.161262281977850,0.268031711548637,5.459870720026860,2.585366355999550,4.138184570082572,8.128581098437941,2.311241075337936,3.849083424834649,0.997617104225148,-3.054822080204880,-1.461652258240553,7.512038900834199
3.962179799245479,-9.660649893927179,-4.402012338085450,9.203908801550892,-9.579059549731570,-7.820123895483282,-3.723440820182238,-5.258944026719439,-9.763365762077388,-2.712705470484300,-5.533632348559729,5.609880085816393,-5.687919586231098,-8.250926532738831,-0.183193193001340,2.235141268209986,6.071108830037112,1.343407732877100,-3.288949648476470,8.824735738055864,-0.195649327683254,5.602854528857106,7.419084798134296,-0.656421396199505,-0.604574229978397,5.380284059980415,5.429276467812139,-9.057802987306236,-3.110761551925780,-9.987416943967510,9.388844791741580,0.296040994155602,4.833101128870968,-7.362036658281534,2.525668588922642,8.627609990594628,-3.715513075477146,-7.839704787978334,-0.441306278246909,6.976136045383555,8.556364707089998,-9.011065854991669,8.491416507803972,-1.716877128440455,0.933133162170810,-8.109466860313766,-9.813438287478970,9.411500064864157,9.411853362639036,0.389452541250492,8.756599140462338,1.138715958909387,8.155405123818916,7.297228294320071,7.162396363534842,6.964819731595984,-1.968400176008338,-8.172867888023529,9.605133222293606,5.203679397834833,8.136993464079602,3.238752947477426,-5.744800711271760,-2.393242775717832,-2.089342527707907,2.085517546054028,-7.074822294870087,-2.682693288923302,-1.640425655044508,4.294017081750264,2.587090263019645,-0.795070371000255,-2.746885841459088,-2.313606225811940,0.265917866448209
9.939190887329438,4.184487141435797,4.791380952156354,8.905195369923199,-9.780203038282032,-6.636972846668754,9.073620607315075,5.675153552888744,-4.799487795360142,-0.402866286514325,-2.135143994678388,-4.818457406780601,-9.739492921588095,9.619746834258926,3.617994742057871,-8.119506349956850,4.390634437293993,-3.559769940377908,8.412150138714644,-9.443625196871094,-4.428000080617400,-2.014971371531516,3.204223426252140,3.338808533737286,-9.188527081696026,-9.988565841723853,3.461071314292912,-9.901945147713008,4.756548266246625,-2.780327324398410,4.291495234167677,-6.045502992261804,1.238184717222667,0.203712853801886,-7.287457613533075,-7.299544269566907,8.397320813265125,4.145106604556350,9.765281387777897,-7.303380104397794,3.780834679587313,-8.060456407800780,5.032792284881902,-4.821714340202094,-8.547380563944751,9.852804515401473,0.909069830635993,2.804594312719043,3.564364744064459,0.950334253262383,-3.863080925513152,-2.784231391156764,-6.307662353846446,-6.724809068268598,-8.437328228222185,-8.454482146442153,9.034451670875161,-6.438171040873105,6.611113692042601,8.564238863190234,4.022855320734589,-3.051940048889641,-1.341985586032958,-9.017484942104577,-3.937815513121194,-5.764412614523390,0.514505959244671,-6.965641195295258,8.398585347021694,-8.669930963011099,-9.733474314359871,-0.690874879172492,6.490864597158243,7.162356896629710,8.121138549775988
-2.289485190971043,-6.741261653988337,-5.839972543679080,0.832973723196506,-4.812748293477823,-2.464464869434126,2.264900276753094,2.834704262201839,-3.909725267511719,1.871516499391834,-0.963965113950490,-1.730837207161155,-4.395765819930196,4.677531305084642,9.577360100528477,-8.731989447650170,-9.823600019942649,-4.889394856595288,7.800071958080579,6.422483867155638,-6.469816616061619,-8.050373445345269,6.082878030833246,-0.874422540079644,-2.138840446202986,-7.220658394302113,-4.771605165464905,-4.097921160897402,-3.311748161212142,8.864898141775473,0.380063426306272,-4.267653918195173,-5.332629362639707,-9.078657181732515,-6.067813068505687,-8.227661003285283,-8.929858846674890,-9.127324171837156,-3.931424941746695,-0.081423054576842,-5.953764366635630,9.491996368855819,2.552538991702743,-5.172278464968931,-3.902847630948257,6.362265325822243,-1.872504363003289,-2.505696070619477,8.755024387153888,2.723267811188414,4.239129803660418,-1.426394901854909,3.813024744945320,5.931685894452434,-4.180115779354390,-9.799077300086701,-6.168801869550649,-1.774814474831945,8.480630680245021,-0.579546956121533,3.864813907902423,-7.171930796953911,-4.304929536998941,-7.617140360252687,-6.524849091614707,8.869766216773296,3.157142206243224,2.308557967684759,-1.531514040700941,-8.722445603510238,0.669053992093385,6.815000999216451,8.839834144589247,4.156615000590890,-7.777607622822265
