823.190188631918772,175.228679770104549,167.100612915407709,103.371966532113646,83.807498901785110,-409.286855602673313,155.519442973711961,164.809051376743412,-834.899034456029995,-404.171105975354806,516.480082498072647,-487.328790100286824,221.684996934393837,-442.700041811105564,615.005396682415153,-221.637349329733269,-222.270154264423155,-73.539142808638672,-502.898179451824490,774.349587930517259,690.453242192002335,80.379511893770328,365.433300343742758,-90.124007540809330,65.655295452606779,-123.639834232236637,365.385999819207996,230.863834141722464,375.090726238527623,285.093435499934742,-26.307874360581827,-197.722867273934526,-520.587672718778890,109.167603899389064,57.718981537713802,966.117867447554090,35.799343271056500,88.224484042977494,-7.578070717390620,-444.045660089121100,-353.850738843153010,645.752888748657824,222.675908694860965,360.929109164208228,-107.508744252643368,89.319041297264633,-660.731832588948578,-549.624275417277545,139.629713449981637,-26.064367559417523,150.155199449948469,-133.350013665229028,-717.866981937324226,-381.041346432433443,-11.906049452021612,-225.697321227101924,-703.562739649953755,-459.650971653006309,-95.149877412775894,722.003017997616666,-149.732488553785856,-86.910444777656892,-167.532154320058964,-442.309756217877748,-519.456301217155783,-641.035475242699135,-114.702807083223846,301.450314809015538,-254.480444116491867,-5.183556251935951,273.138819462307993,-326.974390045853170,29.543962094762968,-277.066108814627171,-390.634795169138954,62.341894551483641,776.911595394542246,48.558830332123676,-205.475130177187111,653.582478027629804,-741.023577620567835,-701.750358417085863,-283.232459614375728,-6.639359579685143,-462.660315199017703,-1038.109995097192950,401.026746986730700,104.915804509069019,-52.278680451971148,248.542013453183245,313.800211001556022,363.522121078746295,375.909613124933060,8.957130187938791,-430.001683102206698,11.383749036256331,-525.247788729919534,-166.947212880758315,-239.762685341603287,198.173144176375587,77.842842428319585,3.342210153731177,-278.118008731758607,456.782883389160872,-162.918613423822137,1239.897815777823553,79.890444484732967,-291.564665798534691,-651.616653117141595,919.157568321901522,4.528162565724445,-402.785754185025269,-833.705374853039643,-379.469131277106669,-81.029050540808441,-340.702030773788010,34.279058731402714,94.423191941093322,-514.602418688237435,422.068275931619837,378.557146966032462,99.634321885999370,342.535862190075704,-230.400713673661812,799.022533307426897,-91.226251273909341,388.206330587411856,-368.149433526889936,-329.716575494224003,14.211897495469559,-439.033705044153862,1114.372661305619658,194.910786967553491,-341.241578389520384,17.958616423933918,-70.053658866825415,-231.397876953823356,-53.148515293037150,-477.276035152390875,-454.755531327325230,85.573008304899290,140.899167855603736,146.745224302786539,180.217960102343085,252.765465956100314,133.280103980203393,336.473678701855761,-398.912641903248470,376.345536585505897,198.384430293463083
273.543738649215300,-190.320438969682613,-339.895999922220028,-376.688276244477890,553.599726687424777,567.561502499118205,223.015400127827149,-190.775827873079720,-437.998342177253676,-637.694517589254474,170.290750820003694,342.365367791083372,44.164311077089629,156.499821289544769,349.500507923729003,342.955559509892055,44.214470390137436,-873.343716901582411,-295.160427595713486,831.265759731782964,209.719953211741938,168.342193727537676,55.430494857664534,-142.224269814824908,-90.231705024370228,539.748541741899317,-209.615190437122294,-314.418401894232716,306.081528367736212,201.623459954441273,-288.645086274366520,-714.554288044416694,48.965638357841698,-20.640201856036509,-230.174441062160639,-91.833740860042852,691.154851394612706,57.406862651778432,16.001187159000196,72.402682596222419,-73.689379822868503,-223.662106782851765,-157.288632668676428,-84.954863470762447,-238.440431138395923,377.625479749874671,37.519498293519462,319.144905788522124,-155.710119322875329,471.382022910003457,215.369616912585570,-534.396031234179986,16.939477992439759,-187.139134558062409,309.071521005282477,-112.027560875289709,-1386.053790145144376,-548.457510290194250,126.223275756013535,1024.191174102908008,212.811077957594449,-375.898860021165831,-219.778951512370440,-155.087321164995984,-310.576446900419342,187.213214091250762,-412.794698001287031,-243.573289936097893,162.881109833529365,-13.220045916709697,255.606223054050588,1418.292888423938621,-227.900742515994153,628.651994078847906,-615.234910249182121,-415.576856701660347,-58.677883267045850,43.555196350166575,-606.884029266032485,9.299756947698839,-903.144711730841777,-459.185697853306124,281.158733197211461,-331.286423101440050,248.449350770169701,-165.740147588344826,-317.996076280602210,-150.434249640041401,668.093188298697896,693.651971514349725,-572.266479225264561,-169.988046444550633,-197.896904480167279,307.152392158304224,44.404781983946705,358.689372670879834,-643.464208397032962,-251.623855209906793,-807.346729065109685,608.496596056066210,-434.116936872663814,58.364009000809887,-406.283691233529680,-70.063850395077452,-370.281874517372330,-115.165798400571276,411.289374920714863,-494.337027039589259,-489.095245120759955,-73.232082052415606,-23.468461552658184,210.248870828219310,-606.996613440575402,271.339589036175539,491.176486226947418,-358.631649828483376,-339.838702666556799,-249.265259381285972,75.232043512643571,-386.963203393874892,-29.403022496805921,-59.206312152876265,445.460371978883359,-78.306749841852195,-263.893091953218686,147.947550703349805,335.692622129860297,-416.933145381599161,-160.842426746454066,-352.158020239669383,427.859585263720078,289.255324131469251,733.261468922065660,224.891098491518733,185.200768415624651,101.609326108866156,321.835772991920521,891.744193726476738,491.157926658313443,-536.051366300188079,27.083785594105095,-44.665980778956950,-433.126425726100649,311.984205503528017,-22.920784077338936,-330.096137640042741,433.979656832806199,-362.813555117810893,142.055514232075637,85.591533904631760
73.707328535276787,827.390286874993649,-250.335297317117409,-574.620319120920499,-66.573505835148296,873.121767411637620,-444.785086897482984,-1.372406877631697,341.536233130013215,507.884794231799276,-605.659916124064011,-250.944213432370617,212.544372055882263,-391.910298157461568,-382.189969300649409,157.563412694864894,157.585514658213128,-169.204306975554545,618.819292045902785,-305.157196488338002,-49.774423127426680,252.441056919382447,503.300445325061332,772.876452393698742,119.229678001509441,503.867235669635761,-218.653651750685640,-659.243128564001609,-83.641157214908020,311.714716257106545,81.201607201805572,-278.410122711117481,102.574689472060967,1048.553548681079292,-415.827765103112540,120.228498397876905,449.426036759988733,160.217895831870237,-143.122435826750177,67.654505385373170,227.279106533777934,317.594844322507981,-307.437349865892941,613.525079667389377,-197.790637867597695,348.366320480296167,-175.395607581130577,-507.781219291609375,-553.182164488013996,83.861371987028846,-790.698098244954394,258.397972496215971,-66.498004872370643,50.914917012616151,-257.487916262075828,215.496260720262001,150.875134559428346,-105.521261776723094,112.610239676309476,-163.567760422329371,509.354084634616697,700.992418569911365,734.686444444603353,-845.560097044564827,519.061183864796021,294.693588582150937,-291.004930625744464,39.911592815596251,0.809475642629806,-701.303336533067977,757.389921955444152,-21.626544332991635,269.635743730169850,-200.703300702751704,-939.811434388239377,229.047199546510001,39.554372996778596,234.868725680811224,-479.905371411352917,-238.733312924978549,-411.151169852737155,519.490559212421090,-331.630727952238942,160.024411419098271,262.949051104738601,552.814874082224605,-506.874112414967385,225.110689320821791,-143.555251025375753,65.330323249451865,221.228989459911958,54.519045374637592,1231.869047185668251,-111.770371774582443,-300.485926691842735,462.229957582993677,92.187692865284305,496.008703893361485,-212.230098386566425,-35.673703745702895,-70.971191834775709,-334.728218580380258,385.070256476267502,272.360540954784938,-428.892740966779115,163.142732613825700,-125.349222106431000,-56.215836236018475,544.627618040827656,-403.446487164843859,440.794323088138356,132.807403543635587,-129.359367146285507,-184.677076621007444,-336.351056443192874,94.757982218986427,-71.575494043384865,-185.834720501027675,113.587286150211085,275.918404533276828,448.879797195890717,-140.076841877664947,67.191595154164574,-239.270704101552440,-147.410822382492825,-141.375527276143970,10.080642643900614,769.444884651952520,377.919778189858164,6.478552924378107,166.319876920554350,208.725285777110457,91.172983844943360,-601.402598092440599,128.933209371219817,-29.444353043860374,-204.688460497638431,-194.403028735134711,-79.190189145904370,275.681887398376659,345.421926076527370,-392.075734522000516,569.134749787854048,-408.399839447406237,600.327354908197663,712.868621813667005,-767.544688568858987,-245.834987307027973,378.938285741588516,5.702335910827138
-201.608225571772834,-1028.142998179402412,-64.993276499007834,339.997759927564118,104.790615899343351,-133.283860933902162,115.124047239164582,-31.314485612186825,-643.158109012171508,-771.860915607306310,30.007474678378109,143.030411259050624,-162.572614033465129,-439.924789303682189,791.833693373867618,271.570919667347994,-168.468058919673581,-349.213840482382750,714.284757427047225,-426.740290636133750,209.215330898588377,-108.576261959710649,860.306471597693758,-113.202171171367496,-702.262720820813684,5.012943467142319,150.280498373495703,-62.959289606245527,-184.315444149334439,-501.447875924855964,253.737098256151768,-436.290901364448075,-139.716906507554540,-59.003509858191521,-276.034296452867807,-452.239805065887651,130.373300123755030,246.740563353149184,813.405601051460280,161.923123484318097,371.865996869722267,136.119546037998902,1092.798573046005231,-115.274037652343651,-930.368687917474290,-825.081225186113784,-75.391087092701099,273.015982579349270,509.406875895412327,-241.746574256161466,162.055104037258133,116.366594741293397,-347.909706358214066,-81.062812005174663,227.194286146145998,286.999437050764016,408.759508543176082,360.412705747788550,194.114771155037602,146.543221628847334,-104.806624856460147,-161.567743932854768,-127.973395480457967,-170.934076998025091,229.876571445072472,302.358581802814001,284.505364365046375,-367.284128652698826,41.009469600802170,-236.535942879192135,104.760097096723911,-239.987361679369883,-274.602640293378386,86.182013660794311,-633.946270944419211,458.704096918425307,-303.455521340503935,-398.792451875123106,407.971292764939221,378.474005195424638,-132.152156609562667,573.237557612093042,500.215438775428822,-22.965604626186533,199.205586638461881,-431.085257280817075,-162.089631370998433,-234.990065597956630,-4.658864756277580,215.508175160559801,701.121751926363913,875.328301921038474,-359.419262023554438,66.744871079341678,-50.362592352716206,495.737786052991567,-219.794070394489381,212.243117061387494,310.079264535332186,536.184885808184163,20.215194648764417,-840.322423425842544,-474.277248987326743,-189.262114331242060,436.905009071813254,-472.003726802539234,102.248499020433073,463.259322130532894,542.863662847515116,203.559439524320055,-832.246997363209289,-662.464906281467279,-153.809744527634962,13.413054983615059,-441.171985000017514,164.805174906167963,75.085023450158644,-808.515627268876756,350.316440278297762,-129.468472691069650,-430.036978277057699,-763.045027728066430,-16.323273336692857,512.303703459894905,-226.081623950698372,363.407173273491310,240.788410556309003,-404.066599303110252,467.364806567318226,-1048.838887678329456,333.575767418363000,3.524555434557984,-365.231211796200228,0.302251536356565,332.974648576150628,-144.760792396006565,-174.361825922509581,-158.187018023888243,-274.862366099351220,648.013014201528335,115.382932242528284,450.221162651057398,-635.292652733897512,-4.165821748287932,-30.370066523180466,296.092035465837512,-495.155289071070797,-123.916918360556650,-489.614735932552435,68.588466064871000
-180.281089462588454,336.372117048065491,-646.001560801301821,462.065827373291768,39.582081939167239,241.936906103121913,-378.331319895582908,305.972669444749329,189.302053336170871,-4.801146470509686,116.526724642493008,-180.050509748699369,506.397145817005367,-84.117776268263754,950.949147874752725,195.404278768555344,21.053571775152378,-179.019562466451930,220.284350313514437,-963.406899015044814,-324.646034904275211,-162.043428326166918,-74.296413775404815,-912.365991164307275,-9.156230427559443,132.643523385782260,117.728139908160244,-12.925180788546449,176.866712580164773,189.467394663055387,-167.702478573033545,-974.627169441139131,-519.476770942192161,-455.845377223363641,-231.607558064790680,-234.016626905389899,-417.957455209811656,-93.985226103969069,978.210206609571287,-54.368522387206021,687.393759786678743,-182.315069546727727,414.339721348788146,-351.474861126219025,282.552842027015686,437.856681255767569,312.063713127567496,131.054765629223795,404.126635176720811,75.068451679443626,566.605802036326168,-182.038263078787224,-328.778280817520681,254.027983616511449,121.651868468913008,39.360488614628906,-66.035298035405674,-181.161503669628132,-128.374680649835284,-363.618822210809071,78.636762563894948,232.927653290337076,92.497491650076029,-83.800264454416364,-236.019620233810627,-135.314691907319371,398.758367811448352,66.283848537816013,-256.565286517668881,-231.798583955095665,-378.692543247786830,-155.958109281072552,-1043.208483314280784,-346.282266685782702,-585.240827973099158,189.442236448135588,812.490761511278151,375.212955817023044,1.361978089352939,339.707446178123973,-509.025945999996281,-61.919116921544685,1160.021277598030338,648.814146534766451,-325.531769574126884,211.024370470592459,-239.163358690784094,497.970434602300031,176.819645261753379,221.564809533408010,286.517030443253418,-396.627047650441853,14.675069698131416,-621.756254823893187,-81.316554641028247,-528.320230379504437,443.612187683976401,-604.521330428575425,223.641212824804995,490.761957991603310,486.993395845508871,-281.790707341563404,-578.395579004677302,-51.355589624433790,170.558214282209349,-410.913716711823213,733.382898484820203,824.930603382567369,912.184788116113396,-667.526066127485365,-261.031360269688378,1416.255263604303309,-375.222526475271138,659.155192271613032,-94.393932246950186,433.420855173219309,351.742705845479975,71.388270103729354,121.836454539395717,151.606667839445294,1210.148877009401076,-768.761186807633408,-64.087612068818132,-397.488398700532628,-215.968035087350700,-178.074547091852111,-45.923291810171669,-12.197425635413239,577.757388847011839,-794.732876257900557,294.930029560772653,-50.889019203913278,281.659375338088751,-727.971363303720750,108.041659818976996,267.047274224841942,541.387585431229695,394.072783387265417,115.273907159320672,185.020410699551348,-270.401152615826220,-189.129076154415657,37.081018108919523,935.820374446738924,546.579872022418726,-62.443989321094932,58.664920046599960,250.689689975702322,430.770568780833798,-66.814082810003782
572.886734399596889,-456.707962221548598,148.276889725437087,11.364115331233954,-43.661760448662733,435.649383634798426,376.563182142197832,240.423456933401098,31.038700180138587,191.690064963452954,960.714757635398200,-319.657964958535331,-23.878054224944407,254.354255518119999,-226.815929073374491,292.256244251659382,230.366565337313261,211.256474012382199,-232.391091583314619,126.962665439272882,130.779113119155710,-452.905175493047182,441.944665821585261,-20.968462916522920,-87.741834574462558,-220.892795984308606,-229.261909730326693,-988.741758852928342,-275.310547030783823,73.063659335410804,351.617231714572540,-668.200953339618763,535.747067299627588,-133.870178439485301,-655.039556018759754,492.266998791019546,858.422728013913684,-406.539702413748500,-82.963754428090382,544.079549840355298,-266.914475415566358,259.330769599231871,-708.395640508419660,-342.858738793963710,-832.744577215843151,-619.233202654339607,621.985366838476580,454.058232352698724,-85.850928459339698,101.794996006634079,-524.296663107995187,561.168653272236270,-1204.846570931367751,612.988847995246033,193.775684039895168,-617.114419984133974,5.075098077747136,-757.402513504235685,-50.813506413675341,198.825850501981563,-281.984525105263117,546.652525585267426,465.722460647352420,-9.601249928153123,-920.882975981166624,-187.788840928816512,119.680817784620416,375.652461002502548,-236.134510059624461,88.745245920711994,504.860470614232781,-92.477801148251189,615.277048317383674,992.538470544124493,123.268881831881032,747.932996871902446,-1112.714772559307676,39.056520215728796,-433.468184994555259,-253.573294347365248,261.487945000175671,224.551754230798338,-7.753316771352196,-555.411782104280633,-303.798817173714156,-23.057870593831396,-63.026349230782202,-17.246845852654825,-1055.086729402170477,-98.472385722595845,424.229436498656014,519.625750797990690,-476.007718742774784,-117.684137824625751,237.637284155706510,142.664551706268128,350.084537224331200,74.695511324272488,606.367303010116757,-97.933916291129478,-528.307127274151867,422.795513322102977,515.808267019486038,283.479649524828403,-233.495673183904756,-158.739881111603836,109.383907115535038,-765.792158505493376,-267.375139720579284,130.364523582252389,-141.491663919920143,-225.122373654592735,-490.864459922979790,251.365399352618624,-41.510550905569616,-299.793829414007860,-364.552066634601374,-187.453482248472255,-620.375717776110832,387.053416613479669,-6.431688511843376,-267.507659355199962,556.982411463388530,456.094465157896707,-25.510185079434038,-167.589015715663237,-347.126530056355591,304.234504703033394,-8.124806837570567,719.278440428490740,106.974892140498142,-129.081876380653028,451.052702390501793,93.388871328850129,-188.797696023177394,-393.561338537741392,660.212154215270061,-782.151007355216052,-859.462824323504947,-182.994565627762142,501.213353015263522,715.674304553634215,631.188525069910725,189.271863667376351,-373.646757385928595,-88.426711623240493,-11.948562105402623,-97.748910520777812,144.807914124501650,-155.975743243629779
-482.921273144781253,18.968339414545675,-803.186668745262523,-17.589193015691251,-460.015209343170397,140.110396146781397,-93.873466806096701,-373.821854332660507,164.602925075013133,-739.102116554116037,121.898466851293918,-568.543164907494770,307.417637460383730,-425.565589308607002,-125.953826121231344,-41.401191704594908,-821.219699298259457,459.337931673742446,279.152277348761800,-380.759427051974058,332.993721618074630,-191.962585881431806,-254.945209325760004,-423.881203497146714,599.538580315579111,-590.471900807256702,-47.240032259622794,606.118240667447935,518.416135997412198,352.395700155735767,1134.584662830871821,89.334817334252179,-257.684343294854443,705.696439656167968,-928.354880322218492,369.122716075882408,161.330957008535250,451.404248330095470,36.936352459548054,-122.217812788681613,-762.142650975865763,392.984765661707229,137.863603508267289,119.401372005748541,20.566923766810266,-412.131900322637705,361.067467948561102,162.115640368824756,-262.501991115098349,-53.138760138491961,-215.578511903190417,668.687505183538178,812.636455257022135,-43.158778057359292,155.742570740291171,68.553127758444319,90.086160317024124,656.699532739932806,784.100851001619617,207.791201931820638,167.580954252753713,512.827300559104856,249.913003849393903,-299.507303427567763,378.133711568735578,-17.035229468408080,-144.049175431273142,-67.113627181001959,-168.873238730740923,386.940358347970630,-336.908214599517237,-684.297601309557763,-594.597836572063670,-990.944702461708516,-219.058403400562838,-703.463798606323280,-737.620558733417170,147.166168962450087,560.424119122448019,254.678809657822711,-316.360324448246217,-239.714138913187981,412.784423960850404,125.310759675486409,277.913120742386752,6.110423776160715,17.217662037723116,56.558687091155214,469.646774748533630,95.148694245563277,-152.717357995100087,1.510350552869948,760.037522793541029,-105.297191460463921,-844.895632779638845,-332.818013377963666,29.045292074565705,-466.061877290442567,191.694516610511869,465.201584520563642,703.042249923875488,-246.614278255123310,-865.594886858198493,-188.335363339018500,418.760405822683367,-796.751976297862029,203.993938157091776,589.739653853422851,-92.464469950595316,-112.416404917264430,387.968935257221574,358.558054021858140,-456.585457781595608,157.801915614091087,-139.526090847740250,136.447623813067509,-247.054153143823896,500.642257437827652,436.973520055927224,277.006872782999608,-76.460729954554267,519.005840534823278,-611.158215398038919,-243.941868347781593,-778.882690757285104,-933.732749493176925,46.302417922440107,1227.556298565684983,-34.420546092501198,358.538027309169593,557.268775885428113,577.142145258318578,808.494038218346645,151.402468576099295,-191.206782028677168,1116.685644753589941,-19.080385634569069,-217.476367099908430,430.348209991756335,-226.823606126283124,-177.504317732611952,642.253584655603163,-381.863441805897651,629.048146105683713,-57.703748640093579,81.810311121035980,-303.665591504264682,176.332654274130334,453.361383071208820,168.586013395120546
249.994486966698616,-142.490990489583311,-441.647126959560865,-524.579394125865292,451.970194118141421,85.257566201138772,-37.849934627025405,31.097373193565307,-169.713944458157954,64.765784234149592,114.181736691208002,500.540581889436567,-524.373418638286353,-455.809724163417059,-189.825037380588583,354.523279420779659,89.239861839533603,512.969370673738922,-124.942982161419920,-99.608306920112170,-475.770964661580706,-610.903097452269890,-377.111797703203308,662.565984467147700,32.749515175659468,-533.765133516930177,-249.966667478279163,44.562590271781978,-316.435462254560377,-87.714062236972467,931.456692790552552,-46.604061558732894,34.048698579647009,-18.020724011703628,-60.823460911232225,-529.408969847288631,122.934885437935066,-117.941842916511121,-65.122370572037951,-469.362254909711623,-282.782169118716638,-199.609180021340677,-374.756668043965931,867.975791872450827,194.081456912922420,179.126166749964568,-373.823525688822713,-73.839110982618820,111.501182208412359,202.608290435094574,-8.330806630027780,190.667091417506583,161.509525525942024,171.184269360661546,-135.843105502787978,46.478426718453207,-620.736820351235451,197.018212461957944,-114.793669942043138,-753.191076718365821,436.124133801960625,421.162736113949563,-323.692943135630003,234.072381000314408,-126.724207680424428,47.535731465813939,-390.642603730964822,195.026298904342013,383.739938409345939,658.632886820755516,-265.623540017749292,-122.209125329158013,-184.991269070286762,143.935741872756552,-457.641814896859955,-79.048277137219841,-18.212997219716435,386.509037508813037,62.371459398619649,-461.138961918519215,-54.609729875056018,-30.695202046048550,45.369947921367853,-45.009306525826396,-518.336211972023420,-234.169174807012439,-581.918293300475057,-672.583451580273959,-477.584139977450150,-302.252016370514866,-414.793491511252341,-282.490114435030705,-40.003304528563099,-23.584385360762425,13.630978219671064,60.640172361865197,371.577772428365847,-29.340278261927047,218.640076861724822,25.083865469185781,361.194001326730529,-48.245096535240428,-284.760411601420003,-69.673694899702127,-18.445058410324130,-418.793455948032829,521.503943060420511,259.625728620169582,-137.547950745405444,-100.675459631332913,231.928432639672678,-241.787433914379989,-228.436984480980357,271.147914004327276,-55.747873845154288,413.416793137830496,-110.287241093348115,-427.052171170553606,248.800761853396011,126.372194281884873,143.796549364417245,-321.331235713715785,-160.606038828775041,-12.690265528380550,-132.074970578928315,-2.899245023257254,-106.074703660026046,-1.674851637046366,169.608917847838654,382.328163306686292,-402.242743829906146,115.699484293964758,-279.664736877705536,236.592265218732734,-82.708922136430488,181.580380879759900,74.757280256476236,351.502771791366399,-423.358155901738769,447.254403205167023,600.518427810461617,-414.280985937389005,-613.189976116627008,-186.333606188290787,44.708188271380472,600.927736950288363,-31.027247465828836,20.330716273917396,-224.702913236542315,-256.119281771569604
273.542769463209936,-391.261291851257795,-96.613336870812915,-66.887838005170039,328.097360652087275,-65.401131789463392,-14.256961952383236,14.810163505988239,532.404719403134777,106.332694446629162,-206.329768547274483,319.126515718626536,494.039945179323240,-1049.828783612508914,87.251988727201606,151.896683451847650,438.258745650774756,-4.136132905159229,81.071932740257878,-624.779656045405886,-837.468415159714596,-854.295229643180619,-602.210802757295482,142.585004198406608,46.659458832826587,-731.487540692013567,76.649254360669659,-88.556778869900015,139.460856819228781,-3.649117375709206,740.126349949796349,-34.255372382432341,-436.534172592315201,-402.346995583877742,639.752575568613906,-208.874400644041572,-170.581198469117538,101.560156452196139,-378.180908446229978,-419.988507321667214,-7.708112295032689,101.102391500557218,513.913133730470918,153.955083762390416,-620.045468865376961,638.781736170991053,-33.688718267008582,119.277318979387161,166.596646220890335,-408.814209282000945,-1098.576338071507053,-94.659772843827398,490.836369283439296,742.705973046133295,38.425890936013396,-346.036033726265089,641.017114711154022,-546.163326249241550,707.429211863641854,209.057639324861810,701.007376242484952,-200.306011764523532,-587.839028722977105,-97.319744355282111,170.379719251131917,-431.058498376332238,25.513711340813074,-443.487091721450952,44.081533401510612,534.075963034887195,-118.930095846034362,-870.679518657379049,-966.637407210249080,301.600723767194381,-572.553225332565376,-180.951969787038536,-95.146702097410895,296.861356043572641,556.098263925828405,56.899927457957332,8.232018546588321,-891.614389670503215,439.817375851777285,398.901110355144908,-618.533790757063912,800.975413486941306,433.880410808731881,197.121938954828721,-135.327223693695402,-116.095551999800449,-75.224931061658097,-516.409734057612809,354.391683883698533,-567.532888878394033,21.740050593022811,-23.801743622333085,353.724304261207692,-354.929643500237887,376.674582446110264,-80.216034381421380,-154.134077170373757,-309.349679944071795,342.263984431037045,-383.811399028536698,-648.751758488841688,106.023872007069940,203.827912599011654,365.030277942903467,405.070635296548062,308.165118998786397,-401.792352542271885,523.118285545323488,-516.964672321366720,860.633560676018760,207.461997458781809,404.402294704936310,497.394058640487287,100.337376963286957,192.534161137525274,123.844467083054184,-264.401977204806769,88.078874234069389,-182.543594474654242,804.468665214500675,175.766830684826516,-591.756553943282370,-214.140155896326888,-370.125771125545782,-75.011901145243314,-839.458921276765977,-526.182829315646700,-257.276284538503376,-310.488148595019993,-391.657936935130977,-499.541410322272441,-345.124087509790058,196.792233347750596,-1173.259768261263162,734.658260397233448,185.464390907528411,-447.366778914908423,-271.185990605097118,105.448847186880087,-745.632378615860944,-609.657561031853106,-334.881273644391399,125.868449344024057,-343.606599607732164,124.833035305568899,-595.302943180200714
5.116644634103563,-205.195913215119276,340.982686849190202,-509.935422457244101,-445.300071557341198,-46.230993346427390,178.428501200414132,-24.999444946414506,-208.686816296044157,51.225320540282112,439.233491679406200,835.817287863653064,-5.097187764767885,609.725922827282261,-686.284376464767888,182.326666115972330,-796.344605463531252,113.384744988817971,1079.828504879355251,-73.661902158550646,20.221152520564637,-348.723055042798080,-774.690768022156931,327.843881627755195,95.630923965102966,-444.994605340978012,-227.119737412005065,42.987631560741889,304.355750144886883,4.657469116091524,-271.945942629243575,419.624900808640689,-610.273886321945383,2.963940400213451,774.727239992245586,372.548002811111360,-105.983887528240814,12.968715368055419,-289.410404305594454,61.616210855680194,206.211928492888120,139.031279205347630,-95.719949799017385,-1.315619237206406,-19.610640531234090,189.712618610512237,13.795031849050865,154.223694289293547,520.508800248196508,230.155818071014750,-1095.512961764662805,653.695832952979231,345.971131243570653,119.507285958956373,549.163417297784463,448.007574700815383,-425.136572459594333,-289.471628771818303,359.822307757892474,225.867164533270483,-349.787745699761501,-149.590811526572395,411.987446968398444,-747.166243894384252,378.253612892785100,305.087323992154268,-576.132712920872564,-193.302502185977005,288.050687065961540,-601.083844248059222,194.974974928545123,-367.965014201183180,-286.658884503379682,430.695882800013237,41.893008654711416,-578.441445416228589,-444.840993563794143,128.555550437844772,92.652780507179457,-342.163512661649122,66.610867478276717,-476.688085565399376,-198.227186654777199,263.068175530196811,604.449000507868050,282.541294295874025,181.160644084548665,-232.288911742845954,-248.725255487236666,1108.325355639653708,-104.654687038597217,56.354573428234630,72.609478245149333,138.647619370995926,671.517545743503661,66.919610552699069,-647.812261818608931,300.474202424610837,-822.836624828473191,22.629260950062918,-238.971929414591671,176.252419071588662,-1004.950675268730492,264.272253131300033,171.617013869509748,-205.811949135620523,-241.217890139307457,-98.638668209068101,212.751086092893587,142.940496311860358,198.394026576467894,-336.450217068368659,-470.532164714061025,253.307028044773062,993.469879766428448,-233.069056359504998,251.405592058059852,-673.421213604760965,-276.684595871788474,660.290155236742180,-150.936642815167033,442.943207626993114,580.084574314675706,629.231707868935246,259.008210396251911,460.328701056741806,-248.726136797344168,627.204249108820932,-695.162776207622983,185.959332046503789,441.409278409582214,506.970980673221561,7.124484215046806,23.717946919706339,6.970494313547114,115.959446530194526,-184.735645365609088,444.760991839096789,-101.834846408131710,356.864705712462751,-213.187704455801651,170.501664134363836,128.956865649645579,-282.204047659199375,-855.097432563731331,923.252434363427824,-243.696817340437349,-192.202610210827288,-69.675426285720150,164.544088304430801
-750.001890673863727,-100.647618571400116,-637.933483151970904,-298.594558086787970,-360.242332083562758,1006.959945407435498,-231.466031616126827,670.707513369357798,-417.082446470113553,104.775176183243588,-369.211654290394335,916.492307948592384,459.117156084565295,-311.920722103096182,3.901268066310513,-412.338958666393410,-485.569958027852067,-14.363310353777162,281.058891704971927,-85.020967874648761,-418.764411348845044,63.779240361671235,86.061550823492524,-314.439112957465682,739.489502019187967,-1142.661030506814768,-150.865049054466169,322.063122518274611,-420.021938655409826,598.766975566389419,-170.931917269879079,264.881434616332626,-342.285931567462967,1063.918508482074458,-88.830730339524251,118.905829121265640,51.333806019785918,85.749896658748483,-288.714268512423928,-566.582194809835414,-75.938026769854758,600.716741211739759,-412.486663635271611,-238.013647159588800,-167.705720893886507,-318.781818891284559,-54.873647939534919,-318.838397636963236,549.111265812770853,-819.038905086630734,-577.075662779497293,435.319890419920739,683.336357368772383,112.461607236016249,59.755257663294174,-385.804794368173987,216.496297101263650,-135.039187849185112,335.437318499726814,-166.747520482104932,499.464125403332673,-477.830610924886798,-150.174286311077140,-570.968535866682032,-92.924369465504185,80.580043180742265,622.521016617217470,129.029724380852031,-130.815278085722071,64.033042614308073,477.999357831135057,-649.148535313767525,-10.677168634968631,722.803514791197586,-263.912432800253669,-358.758257458565652,-220.374346011257330,246.482210412759969,305.755581255111679,-1068.253441265248512,154.266298669170425,758.768409126021766,-544.544972953986530,-220.980232216601081,-473.955636792723340,-12.012927513683779,56.170887424695685,-251.851082223364131,-41.019834110455228,-1032.262022179094856,74.110138005807002,182.204616984513024,104.567321930558478,-1452.868852595961471,-255.381545748587314,579.394867435547098,507.774801711283317,101.128602738805014,127.048080912382744,-34.595954069180706,-228.076921463506835,88.890458632260959,437.945545734040309,377.088677959514200,-431.569330521783854,-459.695619534502327,449.025747642995498,573.164046078485967,320.995381244923294,615.485141160843227,121.908245372833733,-134.709551206196124,-252.533915162579859,-112.478615773803583,-1159.939656491267897,460.289679779048640,394.060332450848932,-302.880433608104056,-23.261322118107365,-454.423215601321942,-437.981422958256132,180.639827342446040,-225.539221317662680,-228.249308423409076,-449.873230935685228,253.913429496965136,-151.584477916829883,445.360256738190003,-10.426238011514082,-242.848789741101939,-590.266024401828304,-87.474374856011025,217.521732428570459,-587.277847203483930,759.540842350164553,-230.087717459459782,310.201797369539690,-1025.817180697453523,335.912296183615979,-462.727639967535652,-331.413817723468696,-342.607761774730022,-146.993966840952453,-177.557721364500480,97.760215653956607,-293.178977140531345,268.698580485487810,218.759544686348136,-110.123712556612290,-714.734192333569354
757.480337058763780,-427.840680504636509,-231.808655044266146,235.899812841501898,570.994464455749380,-216.548746778451971,-64.573462041498559,-315.594933166597627,791.583562821982810,25.465226615515476,147.863765948529874,-179.837512915741655,451.425886867234283,-139.593075739847876,338.911730063825644,-183.322558024331443,-142.186877326395859,-78.611295041386441,325.812445444169271,-105.247644538784812,45.103359779854202,209.734129638462036,116.617704957693931,165.910033863555896,-130.168028729885691,-621.308103699729827,579.783236979926187,-94.036113704760368,80.646099656470710,-32.937146820978178,451.437131232744605,-460.014121672814781,-318.973273957107949,13.894037515730497,-184.907583128587163,-519.033404556278469,312.888315320695312,508.702471141121464,145.719238479150192,411.408029366135850,131.282976954762972,323.650321777493843,286.335831150206047,315.453838424238654,389.003663981474972,356.734464225466581,-282.658541879022152,-405.201847245959641,21.265508837354915,488.798696854733009,-503.998030406788700,112.986451422302068,-71.127044170004410,33.764801839075069,325.999834009398114,228.070415042238466,125.414726668120693,427.431281001781315,638.392377573156750,-287.218058883150434,462.795473708115367,-664.812807412070470,344.485035420177383,-388.212693974037109,-335.888930623416059,-17.043582755525499,595.941350654515645,-644.354296100793135,358.078502272241622,489.935300891569113,33.661892948182462,-11.903012329118241,-721.661409417744039,-172.955049095695500,132.251449957013790,391.382541540193017,595.176519148904958,23.674124130748204,1471.762092583567892,74.318173689476268,-487.533325800130285,270.716825547743724,-468.092444393936717,-198.717363021541416,160.252206374115531,-432.809008667093735,-612.058350772061090,-247.065273799885205,-829.124048514196147,-511.321387864169310,52.609331663472332,45.191301431354084,561.501358072884045,46.662480763038303,255.802479832497767,-481.882237329768998,-241.025634939391267,-240.674725870949004,-321.224270963656807,-305.039874153441929,-52.897063894686546,86.505253078416033,135.825254891764104,698.857061945690816,-216.852701393887259,139.006690567525823,505.952380760466099,540.978182294979092,-383.959657960389336,600.501356334113893,-6.153712343840198,106.716736096910083,-478.971535660638494,598.490230759221845,-145.364188644951355,761.812266194878134,333.803873896187724,-404.788856502670853,-147.697928241063977,-379.128236103820939,145.909480968024837,518.675651968063562,-239.982252533579697,-265.689816449761508,258.747198656443061,-227.869255013279172,456.778274191440460,-97.683390533455380,-162.718265910612701,-54.787159060647937,26.528329309736275,386.420544339527964,514.639005924489084,737.621332493390469,13.993156250138965,-430.680227196185285,179.384141322429969,-865.061383693194102,-24.555984961201183,393.345920072808212,244.499332837125763,-113.053680172830212,-32.766265135065851,630.012774594656548,107.722233980625418,-752.798619569124639,-698.192118416568178,-16.726581120263056,207.409714479980977,100.134622866315752
-381.605299474215542,-72.061784294614540,202.238529315118569,362.913621048959953,-465.504551542463389,-133.807756742573446,716.012681050569540,615.444756731975076,405.060138017416591,-372.996122813652164,92.699994473089305,53.415653272964391,-289.534713393996128,-110.626368930227969,-34.054262610541748,-520.650877728545538,218.129403702566151,148.628113716662426,237.564494028378789,-40.442725082891812,-492.632592134536594,-178.045711868870967,-474.840037410407547,-52.397692729890302,378.503977633176817,-529.339276441829838,-406.065545392282672,602.068822943290684,-592.821122640889939,-728.295613394944667,174.587903853835058,414.638530353659348,589.715873064650850,-172.316259561271522,300.384726773397176,342.394664990959200,443.113829556561882,-291.689625085409887,59.007835713226356,-66.880064142185148,76.257081666899964,-104.217596688151716,34.730630526421010,50.081745555097285,468.919798860022524,33.359065241637921,-1097.727333032360093,-30.675733895997482,72.851358751429473,-76.493989894673675,180.828753423545322,-90.231762267168889,-95.425265031338768,-205.394944979487718,-553.603511934623043,-409.547471509772436,-747.686279118931793,193.883688334962130,99.570348606646519,-598.148845795409557,-112.855412600312164,193.894355434240509,-54.442034752463250,-353.944481731249027,-213.992978648459513,119.912371583862949,64.908950256723713,14.617008581860119,-266.686296127904313,367.621453900619997,-571.255607053325775,230.241173032368408,-203.759349784438456,4.510830385019723,64.099379483272202,-209.633300301674097,513.064798504083001,-36.140383641684295,20.068144262500887,365.278543972956754,422.185165398311142,-234.447488293203719,488.619470886359522,-376.529314524130484,-304.195608652362523,102.730632372009836,196.761462476978295,-122.718310428726241,-543.403720718673185,-12.263806855221731,-278.828875902005620,-29.131981382747778,39.628719686429982,-886.651515265803482,231.402539727545445,-555.262078432658427,670.310429802294152,244.145538152286804,-302.282721271606476,-667.131693872661458,-248.889036535145067,385.130036552081094,-538.957229203443717,67.511646726448816,-227.110338575574872,699.193558560079055,190.039437775084679,-403.323380498916322,244.858544513066249,94.224514564508723,-755.552108071931571,-73.960431826607973,251.323940178640413,-755.305856265088323,-160.252139549972924,-221.080955661522438,264.790050466443176,111.257278240047611,-121.052419757166675,46.340324148776162,-38.520571481245895,168.516590162608054,318.639835363271800,-49.028889314511552,-410.507738215148947,11.296486536180437,494.397084840100604,265.925911407399269,642.599204888309373,-572.155457080128144,379.834388230666264,728.229621870093865,158.797364710549033,-223.242406202771775,-820.771249625049791,80.866543023117003,1095.433171474583787,119.681361098102272,324.275673508298212,280.763437772260602,-249.626691392790462,-642.538065685247943,-83.697140384727874,-17.231692727600915,-119.668134751660105,60.385639954933566,523.327571575464390,-295.600439135323086,299.080112096845312,-64.031555199050445
-116.586091465603843,82.475825897619046,485.586813350097600,156.235565459938641,-24.464895464390906,-25.811194389113304,866.980934125553858,-257.871571537401451,469.140313842718683,630.105775814397248,-66.065071179769703,7.973147005018610,1036.294125466347168,812.938336217445226,340.548016330271992,-70.832493897532032,-306.293454832363977,84.883171460418069,243.388531302126040,-198.410771620458547,-43.239526420620912,-33.221981672717234,-86.672860699471570,148.337522446501737,-455.457288928275659,36.317190523076846,381.500862779199679,-127.324930826097017,-369.622783830621017,290.531139554476340,55.404090627073145,-431.788433441912844,-619.207303523800078,-380.236714487767586,-48.574764274733290,-28.858150948141095,193.098075623454037,116.372598255158579,174.649135986378582,337.426136927556172,-500.257960442993010,-4.132074444910121,-68.103960659773591,-809.743390625888765,165.143525990508408,349.582156009917583,65.296701524553981,185.811930121915026,337.848150455570760,-590.098404993675331,-469.573131498842599,-92.358899491282429,319.720916943751376,621.467401567031175,-90.884375918967805,313.141471301878710,676.275583658114670,196.389688198054699,-20.852812243620107,-171.399545726855365,378.702658237333480,-197.676679679669263,17.945915933684393,-483.236610449865395,113.326701984934957,449.248453292647866,-97.935547632069984,-472.816242975729210,-157.645256115494504,169.351390140058527,56.514045105585389,-328.024507545788310,-122.814642472483825,-594.262987663371064,590.070511623080051,-651.532505959357763,719.339806113255236,-111.105848072176542,288.255795423580366,182.367851504854002,-250.720077246981958,-103.498213677658214,-169.748001827674926,-600.565564320031285,413.295779560020321,278.370191597269979,-1088.381220214067298,-112.409362376844555,513.169425007807376,908.946258638570043,76.090821829407986,-355.356564443334150,-455.347495568580769,424.019093655787856,91.494119594320765,150.998634009797968,82.847475635095350,-57.993408429325655,-17.943390075126306,-188.976366632480620,372.100441989506351,376.419184169665812,-14.642939189378552,297.250389745006828,-463.413024412497862,-14.305726065805118,-37.061399146679769,203.054575172557406,86.153087630909255,120.126488972642363,369.819392054649597,-238.180296251741993,15.098493592190922,585.673353902338249,32.013704378439655,-181.216759298656456,363.925159648161184,793.077763589046526,617.282883429618778,48.328440007057168,-93.986327212200493,298.769232088190051,40.879204626345469,-22.187305884659061,-126.056486608733465,-546.440013627373673,80.390868380351804,422.377297542835720,329.791240762749169,-844.190304663389497,-67.178736748243978,107.309578825792158,-288.198453553329273,-798.655720858921654,403.072984322338129,115.604856060476067,447.920724253431899,-81.478903649726021,-675.571113702505045,590.049129910240481,-322.371560328292333,-21.703992918591638,68.402420406268917,773.332562979061777,-489.481883656926925,-276.761077414329975,-34.970018733421107,384.729905595272555,-195.709305457066108,-607.636441710719168
-265.446225078543478,-432.992389403041670,326.428928523318234,25.082972731530703,236.764553290595586,-399.219192338465575,564.751945603164359,-200.539277581747825,-22.301105007335309,10.288616571584839,573.971699298157318,154.112074052443404,-120.235601082356311,-302.379110407204223,106.264360854904623,-395.606214697046767,-154.759669555879924,92.952159706876557,226.648735763221481,374.832149740693069,536.598379110199971,475.083779266819931,-219.658208302008404,-57.279196671226174,-562.448826751857837,187.497231765954865,613.510685372186117,-210.903011640175947,-19.537725435714400,45.339753245131845,569.023842725002396,-5.799442980931511,372.491794763418795,557.948738195792203,-51.554331249970886,503.548243743795126,219.504264669980103,280.605347843418485,-145.338101677743566,-22.504620249941350,-187.601647140782177,484.723801199950060,-223.209717048327292,-368.637765437191092,87.129066201203415,-757.397733649149359,171.912118205334423,-293.185222398073734,-201.073835594776455,53.963171562146719,-788.215840493210521,-646.040535131690035,16.303144319097541,-436.000519869306288,-424.981235840199929,186.428690157184803,-616.095663131666697,-345.123763239000766,1019.886212947842068,-229.126048534917004,-445.439860768418896,64.298113006026270,399.970736772600844,113.274859065920140,92.604649360422655,-313.264993766543910,-28.152809946662515,270.202616639739176,-656.855859958420524,108.004304673734879,-282.894764497018684,-337.939477194894891,97.503028591761506,338.173025426026015,570.738711850554182,-114.993022535515919,259.157210403634451,-648.620869724766635,-664.640577635063892,547.734305340345372,-53.257885582982418,-149.291399113841862,-449.957321320716630,194.920695651931652,-266.540072172195210,94.891563456075374,-215.227793570000898,-241.051069444323304,142.822839694411584,-120.775497116668234,51.461856778046680,-241.490319084087702,-401.755673818160744,-201.055104413774018,-175.899567192216722,-5.174289638950832,680.506407143900560,-240.038373540073025,425.878732322090173,166.272314356322909,-215.596244332935811,712.816667201224163,204.994140003256689,55.644534999284701,241.535105586220396,165.532820267674367,355.540014360951204,65.242750014487328,-439.594429462371181,-128.773374586379390,221.963625702774010,323.720318470857876,-238.182392745832374,241.971343008361032,408.306773256989914,-512.701361182483879,37.178549707762613,-140.082599160703694,297.791607992207787,133.115602577845920,-3.653036392217562,-155.054822162911051,292.685695402216879,-95.142821052568991,462.702818529635579,302.229191832591141,203.362209841509241,-546.899290038717027,81.758545270996649,-425.436106056365134,-511.951249726740173,525.347885413054655,-459.449583631573944,-224.077474106454559,-212.657524337083032,-161.635328036635372,321.754103460799058,-221.372648752746301,-204.048836993804002,-415.109591818617105,-532.418481958944994,209.411626409507619,82.697705676822679,350.424035589476546,-552.162419405085870,-780.327157291890558,-386.159116865158921,-95.224122682507058,287.239445487499097,-473.893525489562023
-351.365153704556917,-357.324211369030195,6.894884261804997,205.470473857026377,487.415458093648283,-571.801742537404721,801.688682813046853,242.411668729689410,497.710102977038730,-162.279772052604415,11.353515327996380,-440.784706768168917,348.822346920444716,216.506688601769241,-494.086998365274155,-191.297635345805816,169.487868068518111,-27.243449159921767,173.615202619125171,267.473111121460818,582.417336647407410,308.300890327827290,-193.352226586325656,-213.871476972957424,593.442919004065061,360.374094587904267,-353.172030452265062,355.402367708518796,-482.090479820382825,-160.532724583545615,668.738065781930345,-183.157224446701377,-401.962157132021503,-214.317928053734704,-291.223732987609424,296.636846626844033,-315.966009307205070,200.297053939802908,510.146708621125413,-84.428904764399491,205.824324906620745,508.241157682257040,-166.219412843526300,-225.088170276577017,438.091168809028829,517.344143083662971,-346.486109028330247,449.960995558946081,717.124177794153979,95.329944456492001,-179.993261851543508,777.782859268289940,-480.007935822531181,-263.247928345779258,-183.657905458995003,396.924104894426534,390.181915152319789,143.291697535081653,186.445972051434921,570.881374055207857,972.430707210572109,239.036763413926707,450.004752516095834,-85.729121568866091,613.060687076678846,-7.555169487770810,-927.754406514192510,-27.198846230849636,-416.122717111609006,-524.687746552417480,318.907233084295740,-180.266364238333864,-603.758844360078456,921.717719320621768,1029.551864896700181,310.570938902290209,446.011534143472261,-1013.011625047071561,-21.916084518182739,-41.746055124358669,-324.529947960741481,813.966984581284350,285.280336651062385,-155.953067347405835,-0.772244260672480,-39.132123320810550,-245.165503739149813,-545.504957659734600,-469.500105511331469,-393.395871776750766,-144.666229076225477,-534.092035394108166,125.864688498898772,-193.158384794453013,-249.960750526888205,-317.522295456351856,-990.356660572648025,-29.335770844730565,-490.736831969452226,91.055737901518242,-518.038856821509285,546.052809004232813,-470.559533495129131,1272.894747431909536,-254.942789474714942,921.965366261253621,-13.300815801701013,-505.189599064261984,-422.755733993659419,-98.229685190538646,-668.441547446130926,-479.230255714695033,116.972230951172207,169.964097948904310,457.085733552961074,201.638371243825191,-396.124595757923032,-991.182919631027289,-479.603434894491784,-605.185397035615324,1270.931286259251465,276.753163334296801,240.001755025900934,181.772708435817293,-365.418793222261229,654.389731809866021,-51.055387070486496,303.395481374441943,-258.247318326108598,-344.840615834872835,12.733425741063531,61.905583788202577,-574.873585616741366,-137.807916735869298,-156.779068125147262,362.068607855915559,52.986413338004212,-16.863645737858306,593.677267418956490,144.777471315218577,-53.056758189619721,210.597482072451129,-119.926331578162149,391.311021569273748,71.806125709160526,530.961475921246006,-442.804516795274935,-86.270051993252821,-123.480243122733071,280.251948699444483
384.890363306080133,-75.449253997295557,106.106356686746196,-141.812595850099939,-321.988316896230629,-153.470857562420548,424.914008744483510,-10.201840394032494,102.123724947924487,435.835622236234997,121.521899296092428,40.146863116951302,594.607007416933698,-160.749055124762776,289.873668458590998,-323.148680541391059,412.725034530102619,102.337135413477014,-217.380143797300377,-74.863746661470628,-21.808829704181484,279.899488782928984,186.581489394429070,-491.007178588197689,92.918921226064597,328.659037654307383,97.104037894919330,-501.001997736357907,-456.601901166579864,-408.466677003925213,-80.592728232986303,-289.841006998538774,147.702132332009569,-107.439562855673131,295.342902528363766,-365.316849311697524,465.332703039198236,-398.997549749631105,465.767371238276041,-271.147426991004352,509.157137392230766,240.360457924666434,-248.335132061971052,417.577855776700517,166.504665589661414,-122.446944199652222,86.913413108462692,52.049117677066739,708.555194884166440,-580.626406402854855,-1175.876876875716562,-111.346919503402063,227.565998600704631,-42.220555985341463,-410.303339841904517,350.580241352825908,440.839668733271481,-177.177159378733421,217.982689879037423,336.149133259178825,140.647799234870405,-499.193494221465699,-415.167143817417241,-509.938029865152885,-978.831640301788298,-140.910044599906627,-32.760568634301961,128.925577147124756,188.518393174930338,316.833654557580132,755.071062994641352,-316.761116824016881,600.721503312264986,1104.553511693894279,-886.080652706931573,501.586468534109713,348.155541837652265,-355.447389255572148,-322.058861109562940,-57.522184074566383,341.985588814084167,662.270786420858371,-179.527243016872262,366.351936258046749,-440.839082702942676,569.274530960508514,151.065305259435434,-550.741886699066640,232.122302083461108,-281.085827002665326,-104.602767952209405,-240.194842585606807,231.160126675551169,-148.896662098441311,7.556076361726632,-215.176756650390644,415.313637406678026,-346.990357278139300,946.080532429999948,-50.147743937571079,-247.793946038749823,-329.368389445027844,122.601845843203222,456.034101479684807,-615.651612244041644,118.307522950014416,347.849238442221917,677.459876556918061,83.625443860046900,88.721537308733105,168.713010721990400,319.351709847265283,173.994149075538644,26.528381903644714,-200.536854407811575,1.047563497900725,111.134761744313678,283.980494139184202,-145.229926806929910,31.481960716322270,608.966764561772379,-232.586021419163473,607.782680245302345,-238.719195374330184,63.843589633932673,425.891413816530019,102.826095773057261,108.418601071726499,-2.043395619891555,-17.905456555165912,-374.720327883561538,139.828162990324500,-192.693580377495721,568.732761162651514,-42.279868334052580,691.336962037607691,-288.396734480177884,287.815136281558182,996.873197694769146,57.976693662479157,-138.864609802632089,-395.332342481558385,-318.311142455945401,-617.636040348091115,125.132457119661112,74.802034290946068,-197.273973640205384,139.370608771645891,395.552744534886244,-32.049471019155305
-154.502218228331515,117.174472890422180,-237.253058798622675,468.413235416616544,543.415128387082063,-446.497079073612269,-686.014639843831787,-348.324006284512450,-278.869368138468644,784.111047470335052,-81.475865911920351,529.878742991483023,-34.334945595492634,228.314046134889310,293.300267506002797,189.674859144302218,419.844699630973537,675.981254761420360,206.529341645855311,-180.847703524617373,-586.535286164322656,511.032203320941619,109.401225526770219,-247.889068365034944,492.886693259715798,-292.366036730143549,-123.187342475609242,-541.532759702674298,-462.561474170216684,-352.088767806790258,351.314497612509797,342.936494398102127,830.601068424331856,368.722771012662179,224.977979877882859,477.854112390900525,771.123050246782100,-21.555339127110678,-89.343339524121504,264.982722036138455,683.017268130632260,-6.393107629463266,-252.089455325254903,342.784070628707582,503.869651508958725,356.745568417076697,-53.720152574853813,-208.149277487514354,100.237709080807576,-40.816407952448849,12.061148365259520,280.967657116325654,-131.719269567142788,-213.255676610159639,21.039123306414353,252.373937692511703,434.191329006880608,435.396957304406953,69.545444988066293,122.764621266742822,-403.086821194231561,-837.306246603582849,563.401085431403658,306.707972495803460,-390.371555714344538,-247.260898571998979,-91.474084334608321,82.536816833006199,236.684731416636509,104.680558634170993,-256.488558437644372,355.623228891496524,-188.752460135917914,-64.562815842787813,493.848300431988832,438.625414253846884,162.216356390992644,627.382390098993937,431.034740283358246,-507.350875937496653,-431.660798175540776,696.829311816766221,-285.228018509926983,-145.752893048668199,209.130637673524689,244.592642755735540,78.302486557204887,508.770528330272157,-438.972059747582932,-164.280864931150234,147.300353535756017,17.129920074314231,69.841830379924090,-173.154918018743047,-233.110349803709113,-61.609163372287426,-746.907891886699872,327.866122305641966,301.669458841890389,-6.615925241667522,-454.405420245866196,-861.751354841663328,-350.271801307842225,-319.435775031604010,-145.705010002164755,-447.020445463448141,314.487511400879271,486.284221555309671,19.422748983854650,92.960046091028858,23.724729891945486,69.894407627366505,-138.217857073944316,456.646432185799540,324.406114229598018,27.925032590017395,-104.602483044014804,-887.520476803524048,-306.398130468349450,-188.405136740013660,566.798075644002438,626.823841303679728,739.019797311721959,265.773983444614089,-247.780772360060354,-371.887011891789484,386.046520335818343,-184.457429780149710,-399.034300221669298,901.447390176812519,711.053042888381015,-407.175043998799993,129.165962765016502,51.743587246703171,366.017789674033168,190.034137577784065,499.513078491688987,423.796783617206984,-506.103087139815386,566.137979484378093,-145.648588157264271,-806.230350024601080,175.751876414800819,-115.327439645287200,270.439453077741689,-103.492489551877512,365.986293727229508,-691.670885727780842,-509.833442153694705,406.524774032028461
-552.958932975977064,-476.367187882358564,559.973708067607049,-443.391005806187309,3.807058334668388,142.389304316615863,421.214857298802769,134.850598687984530,-765.418146197235046,477.247667086817216,-621.507141892286540,607.062035887992010,888.388124851906014,-240.206973851183648,827.572166211539411,-303.573675712878298,-114.873608637199325,624.376528009395656,555.420889438945551,548.808483131447929,805.351165274553523,695.380966213284637,-3.320072065436598,-1031.371820298035345,658.693826949711024,644.419251864069906,-140.562522269991064,-533.312900229233719,-678.443232217966056,719.477349038814395,-341.070162198876972,187.650140459575510,-35.613224791597396,34.467111038192748,-717.434315273225138,267.673763754204288,-211.984952116660082,568.025845665561405,-865.151876504213192,-158.154113321710298,293.150025468886270,159.979194101786504,573.663945389423247,579.660981532799724,-152.311306285037034,-712.849160404010036,-444.135058726372904,547.118513736116483,393.191516431341256,-52.666065888035725,43.818024787394002,201.332603046963186,-62.714332040550289,518.339123587099152,57.942240710393477,140.119670388028425,655.545636531906666,180.163230731906253,120.956946841575444,1394.750575988003902,531.930882957673930,-20.893647487454096,1.997835495296169,34.521393345100783,170.905886926333380,-146.804269673629108,197.941963784501269,-124.901924364180189,290.990372318053915,-203.926159190946578,326.898392914763747,538.794158473820062,180.288837855015288,204.267289154800409,331.414577325053926,278.235753697886992,53.798632926031196,-361.832784244636343,-130.753053766682200,-265.498185871412602,-310.651992393260400,13.226896199538832,-271.197764566984176,177.061832291763835,156.896971849899472,227.372297137894492,399.360181055335318,-141.449955484323254,46.759843701067609,-198.965866571925034,1292.051024483027732,-23.226866081189048,-401.414398610673516,85.085408518845497,-638.315086481941989,-706.982329194569957,-293.382102774556756,10.777400478179995,-99.413968993994132,335.415922051532448,-100.328565733444080,385.414130395601092,-182.364940478984437,-229.104079496522104,105.276716212914877,-258.779860427988581,67.884069679803716,-219.000510320370012,-111.069374028359462,-115.217551192044851,-413.709081896518228,-215.801094016744770,53.171353426102357,736.038560778339615,-913.796850335172735,316.978535709356493,358.020969831606124,263.267885690798494,904.133420735534969,707.181418265920456,60.480855241040175,521.727262674107237,-151.355775883388077,-196.382192614230121,69.941938689142702,51.221906746538963,-177.505825381390821,-373.415867714855381,145.865584829731006,642.542818130988621,10.257147471663792,-364.765884499973538,-214.991144239657217,-691.489001790312273,-26.569619998847223,227.187626921254378,-48.807255258886769,-41.233714788483816,-58.357741133902778,80.932591417517756,377.184159107057212,241.591879331932631,56.879827060499949,9.299558755643027,103.156644463081989,-139.567579549345112,-137.877365620496334,301.891288458468296,248.716815225532883,236.656533493277351
43.674899466499888,154.759394101932486,-751.005148906785621,26.903732290831766,-558.682104360778339,-114.504404025004519,670.605606396453595,-42.943566645345655,140.981671545275134,-487.116108682288882,111.820902059502572,-370.289406210992468,519.554453253256838,-4.148910531449705,-324.631350201430109,-268.657748414370076,709.954441528890584,-308.891461565495206,807.094594094354193,-4.563400010900404,-171.430133489289574,-298.119966362365972,70.739115744057273,-387.421278405233636,723.314798001013173,157.548676577239490,-97.139382999261201,656.189111060834307,-329.319716984542367,-668.700286707407599,939.107760034056014,692.206573799452940,497.645033238944279,413.655535196961694,0.178517649819241,358.750912124174590,-167.860527812186717,-456.381752922770772,368.541575925153495,-288.298225013444892,-316.609911959393060,101.082526152081698,227.226154780220952,755.698499783141983,311.775005835595891,-206.312528054621282,33.232554854124203,-84.884640560599394,-148.717321399802586,-411.209165293625176,334.189573609449383,430.089324800197062,160.697190315496755,-623.769369938444015,8.082960449685601,415.575843263984950,216.076956115515856,-415.051050659014606,1169.726571790763273,447.881050955407488,-25.869787129957839,123.288476368103758,-753.651254632546284,-222.969023331270876,-180.791402739928202,-393.057533826801887,-981.817481390208286,-41.039115769912797,318.222745697324001,813.722608491534515,584.720850104439819,-841.370553641845618,-472.237044010932550,-49.903410594912309,-128.827278851536931,-330.871711337741374,-419.511064666668176,-165.577011372866906,-898.721162581963313,-275.767232937944186,-184.556629080558224,-795.688966506597694,647.445355558861820,196.785287198052970,128.500908872786965,587.239458875145147,533.303109888397330,-121.456366711839820,315.545822644216798,-111.605945318315150,-209.927699013052944,219.728505810527139,822.913984536750377,-7.549063445126478,-526.963109905080046,-665.561297152887391,448.753312627818843,487.736151928056358,104.424263775211045,422.784587218734373,-632.718837142265329,-731.831692620868580,-341.782403760509965,18.382819656882916,-626.204531321756463,-331.223852183099552,262.990900041247244,-317.167806752558022,-600.609427337260627,-71.339255061161154,-572.073603894706025,143.478255736524886,-165.931920824717849,-1011.688335672458606,-71.068423898190858,573.831706229988981,-760.430468688514338,-117.618485525153858,128.511100305509359,-534.260994291729844,573.071005029500498,-150.197075155182205,395.176821578558759,-942.586297875466016,139.218470841393895,-235.340591006987808,-11.500420192336506,151.393853596496427,-377.225603070781574,-627.425348270130598,288.580291985522251,-15.790087314453043,-163.621566794761577,-186.598807126016794,-322.585910804981722,1129.250314436827921,-313.687354128502079,410.171772454971347,649.409699369318673,-392.126887435273147,25.149669788567138,-608.997963919309541,636.558852269765339,221.587368040599245,398.244105911129566,716.109347668361352,724.451823706806294,-427.941608378178501,257.207670819423015,188.441511238095956
103.049983009496927,302.187927600959199,373.172442623709685,48.752188939573934,90.848779631080390,684.879882824458718,520.540413565724862,681.796426814292090,-146.136397353465071,984.708691627452140,-260.373156776718872,-527.185755591741554,413.809401658253989,37.117457507170542,141.454828639522475,-105.643080666601946,674.878949301148396,-119.806884373471974,288.989573017524890,489.214999686557007,-631.730003312218400,-739.607277842107237,509.064788002244143,432.452476172156821,145.167183999736949,339.392593848096851,644.990200253318790,448.681887199155085,185.458486637736002,-71.400970933386176,-424.868085715177301,-207.004158757057155,-800.409571844474726,-263.608043505233638,561.241787049469963,76.383284251496079,-440.919898037764767,-424.377499120551306,-14.533632437271031,674.633413317039413,304.037633259259735,-554.181644062036526,-71.078781688374377,-494.650358868211981,-57.610385818293992,-208.658732694495114,605.119529483824067,-560.318494829438009,551.457441693050782,430.696932968353849,432.444424491977827,-110.290335898636670,62.491365419873539,-277.921624595679873,145.370837494472198,-227.568335411462726,472.638229073724972,-274.969462327507415,214.655493034479463,-628.412057518900951,176.117428968918574,-54.100933505301064,190.507812231517761,562.453901851262344,-365.988735955602465,336.719098895055140,326.661242817533946,99.604283167164283,-852.760556026693280,425.245587531206922,15.053996832410554,276.882824598970103,-407.932130358161089,-813.324331837052114,23.306276639776051,-18.434215638283725,925.972221116601190,-355.110436309139345,36.506453656560666,170.183650649841042,175.856880304746738,113.653046810796823,-554.528844836438793,168.259672451306244,-396.374165082634136,-710.709669408446189,-1233.746307233970128,-583.466812403631820,-305.806106022139545,-473.128528009137710,134.382457071363604,303.189177303267684,-277.815795945374646,-178.126950148436066,-14.576197012861247,327.586912041548885,725.111290413385177,-184.168251174072424,186.448280048824074,27.754754736053940,-529.161708565453978,613.446086127542458,747.286165966276712,513.292932028112887,797.606733109121933,-215.850720172741035,585.737624148207829,-45.220709187407572,-181.435274291469852,-154.067022589855299,-522.730124719134210,360.954390732468937,243.785390815999563,-66.661274673793997,-282.490999341831525,401.613797290212972,12.080022558018683,-86.057897778076608,387.213363992869176,-554.178325381072000,337.851817825673152,-370.124053402695438,-205.594679927272637,-543.100499845043828,-90.703498268655409,260.746582541099542,-558.037189061500612,-621.012826742275934,311.595642131616728,-178.972705399760883,-159.819363581748092,-85.556465523177096,-219.333910966174386,40.064068203280115,234.867373710532348,-374.493932068100662,-53.189556777223814,658.618645385145555,-333.102374802621739,-397.285209845218617,1178.889025003118377,154.433930971108452,-394.285016056411337,554.517176243986910,-65.346857110950310,-219.464533736630074,-314.716215960023931,-110.898009102927205,89.539059908167928,-433.123695311495169
-731.643727781293933,500.410659580456752,5.938642698115252,-54.324077220785028,336.124277772178743,117.138617709688560,724.768535272613576,265.511258174320744,-562.180678688130456,-1276.704692144874571,-166.616743172262090,376.978646532463245,-255.187937573925609,-397.995806123093303,88.559341258433761,80.686172853493787,267.687208647025614,282.637414652407131,-323.008491209814679,-417.569017160224121,-960.905551373102981,107.712396468136092,278.575412100019832,-62.865944272292360,-258.901249052741491,179.608846426323510,-41.241780719520690,-1140.365672797237721,1339.016707876779265,4.077678351547689,-226.407483376070786,362.488820051791379,480.923536657923080,298.677280356482640,-1384.299567013873229,314.165844954528040,125.312149061338616,490.694960862079824,127.276605089614776,71.832579712004275,738.572147385613448,-931.206147299069016,338.494613995298835,147.790521659301362,-127.014925626385633,584.302333340771611,-377.472970388448971,-1331.236264371451398,-582.188726365705861,-727.020136649325877,382.853317330136065,-957.082600461337051,-518.992839855407283,303.602992296927937,-202.670846982111385,-1365.106316431176083,373.011809642721403,-671.050896297014219,-16.169378817191639,629.092448005871688,367.529558823677576,71.260827283800097,720.256540431963799,167.406856169844275,100.503758572732494,355.078967227559588,284.012717463276488,216.064039706350144,-104.897765165367602,-641.573495783163594,-154.700346594433995,-474.331528204802567,35.901196460650304,-98.908941518300097,-213.422394008232970,-205.352194115472258,-222.135318488455596,39.823307274845952,-262.938204156391578,1038.518807009653074,304.942909123506013,492.162913194718840,360.452719044186438,-486.604070373499724,355.345491150152498,-92.180533320380988,-385.508595917264984,509.563144215706245,165.855905899671683,-269.506156941987797,-55.139520859091874,534.363902457167114,-567.001666254962061,321.715145874516452,-86.428554944513905,954.512996070725080,-615.514598372123601,-896.591484929821490,375.741256609923312,425.648678212017558,-723.879784144184782,-148.474550753252572,524.890418781881408,-648.042287471542068,101.932951237822010,-465.474255963835162,246.885684992290805,-472.075128376552868,-262.736052454880280,-493.419485826185849,246.093003310919471,-121.887146548941217,728.428221276873614,-660.427018025753227,23.207104973522590,-371.538891390470440,501.519458786308746,431.950910078667164,621.437396383994610,24.782481760524789,-777.134389016313548,-35.086965483876625,-25.088810511142650,145.812784113539266,-145.810852379206040,155.390845785131830,-558.574190616624605,-780.865816069570201,42.037928081543647,487.706819767776267,-279.900443648734154,455.836832563324606,880.752349040809122,-1697.495260033703971,-24.050493643118365,-1136.214279179428786,848.781773543789654,163.212659114400736,-4.073191562257596,116.218097156282440,653.518062634394482,-522.061622256924693,222.919280955339872,484.613884019377679,485.918194693451653,-674.679239809286514,-132.788767403425538,515.742479851754638,-110.797106594647090,-797.011130294668078
35.211589305195844,-578.371768934344573,40.952623097287606,-491.962861975922976,450.334671651444353,-12.741551005855261,740.479680998719800,-130.149619299220859,-33.579919181076647,-171.153555753421131,922.812166012162265,-140.577365014556278,192.114336592656542,164.885609412515805,43.707361321613703,472.858268421084517,-289.246452789492650,-106.446147181891305,515.787881627623165,-208.615490868909546,219.391455844720468,-104.246837614003255,34.376704750974618,-349.600503975955348,-587.138263625864852,332.327717825299260,32.560991141600837,168.250467973842035,388.778122292729734,365.256843839175474,139.109101212644390,-128.497828790098055,34.858480366523551,316.578834092383545,-549.303863610784674,-298.605739057394317,-900.058443850887897,219.526480796127828,1298.074700226749201,710.833416833918022,-260.440644872014786,524.968025093992537,-301.111172199327939,-47.245751860754780,-967.197556463696401,-316.219097439261020,916.780376434031837,449.269934808255641,178.021055026125623,483.855264239940368,-665.474026605167410,-307.444025547545493,-678.775655239415528,-658.076249819880559,-101.049258679531775,764.769067486409540,-312.214059690342026,-592.473492054958001,211.779330043119813,-585.632588015211354,-56.366518197929352,226.204234704774791,405.197736262493095,441.143264940273866,16.687926876591639,-244.482751990992455,-687.963013878398897,-355.083818003676129,-276.841315153301878,-441.961317868263905,283.959050762793993,270.254770708245019,407.458268657432882,410.880440921703268,704.256097812040707,50.046879933193736,-284.070048021119362,-319.097666364309475,571.085229005966198,20.426014437760529,-207.268682118970275,1.695492347621325,116.700750860221959,87.891987351061630,-310.640972945693136,102.188251232663276,-295.401315465068819,-807.763764817681704,-817.364083936740712,745.468851006967839,-183.432164119751405,701.683772429051146,-600.465173225514263,-56.423399033026428,555.710716826637963,-190.674518585853605,102.336055521750879,-270.915885206344512,256.003187767193936,335.039195566350202,378.692931930193424,-59.420218880560952,-266.152688289786397,-284.137751143548826,310.203248777259830,-374.226008839163853,585.536945774676610,279.547340958053383,243.338437610467821,-592.604804360104936,73.682606863505271,-98.487179627321837,479.824255008885871,228.163816478802801,336.853414919400507,560.927464409707341,312.776277175490122,-73.082440754868898,287.635896844344870,407.318719607583546,178.085311988962218,61.840724593684278,42.514547157863618,614.201227060722545,75.484744884146295,-574.626137445333256,556.375369939231518,-351.355219119145374,538.982074764205322,-667.857797284588628,145.413405820515663,-136.074583905285692,-400.515776747532243,-168.266736282726583,-206.864523798726623,-471.405785458313687,-307.344417430204317,-195.732363991478650,35.820811703801965,546.250147373912341,-579.149588637405145,-51.453132450822139,-18.674836282420813,410.640991538345247,-150.243466688859144,113.428324741582458,60.864205327868333,376.833559786049648,89.310885849697513,-419.200975444489586
-69.780002204180164,1000.241461266712690,-111.627392873309091,302.474911378195486,157.940247531225651,-480.870044198366656,-1106.477805160701564,-147.304194418634808,112.116324121651644,-402.208748704642346,-578.847630802729100,-261.463507321662576,135.563888350703735,-157.983950794599309,-436.016240748760879,-160.839180546551660,-614.669662517467145,85.589712824328473,-15.772843603747665,-223.204609855947098,-76.142531747542620,223.080487788548226,-21.948227631462196,82.408308193171408,343.309662121606948,420.105420269321201,307.194177715989156,-353.146363182365064,377.516940642750285,-143.770970690647687,551.110342573948174,9.581139491045644,500.751211615474290,361.167292501457155,-530.724432385202704,152.942539965998634,-6.475041523001181,29.260117594626223,276.306894920633852,572.892967730356190,459.314480427391857,-782.085141833060788,681.590229523092944,-946.089264547875928,380.767131535312387,-320.862057477275471,585.489723046374706,129.111638173142381,-147.318330154851708,-288.470526682000582,251.530458239366936,246.910066715973016,240.665395449319362,146.327737681326880,274.135959239641693,54.449275969580285,530.788755139543696,-278.331407167695431,-222.134731299872726,-0.878533184249584,-237.615028830224873,593.454901168708943,790.722504206808935,-60.604631324230589,668.273285274258797,279.062175287538821,-395.394575324021503,-918.943089302621502,-93.282074692520098,-579.857640077386918,-88.680399611860025,-772.911325425267137,6.996283319027231,-589.220785093816517,242.100777218294752,-519.388017710175177,-573.072374175590767,72.087298807627192,-584.174293882249572,-338.685826966918967,276.184300789755639,-753.283497353012535,-440.840817374019082,563.878314050180848,711.452455460609713,513.396836804716258,-652.394625160438636,335.682103204135103,126.240808265084098,-380.133212152994645,-25.691850020368566,-102.101175486931751,-590.539056448318775,645.825322454079924,-650.069799865018581,435.848415513534690,-71.218482225997008,-735.755520219503296,-589.797064566958966,-434.204760140047256,108.137629396526648,-221.810721702627063,-350.597524846271085,-422.002764361141089,479.690020760184666,-132.436347280475871,-124.179445640883330,280.080689921794090,708.169672147927031,-72.173370656575884,300.750818972567345,749.077677160052303,714.572077167603197,-241.890305963638809,-120.037252053342058,-497.917570374832337,631.511348062991374,1002.075489431993333,-288.108242367667174,476.208307661854974,448.987076680703296,-733.971641833668741,-188.304663593437738,209.909967412844139,-253.994895820093461,74.097296567837972,-503.390277089544327,-394.113190864645446,-398.208482311517969,-229.416887274501988,608.383986141751620,-143.659483144509835,-118.777674979933892,-173.255711395957576,164.984007187863170,-42.772858585140135,-218.269848012359205,624.391688434449179,-261.821423965920246,237.885168410228943,-464.828128550230588,288.800373485566809,607.759298343357386,-64.927000316834523,-164.272953255557667,215.941467003121573,-1223.958537769861778,-160.657166522760093,127.353728005333153,-424.665520982347005
-204.898137043204656,175.079695059317004,-1154.121480618668556,-163.045241601711467,102.184974880856089,242.738614192869733,178.569369269852473,-767.372599273692799,-195.233091762250865,187.454655320284701,-58.505614449594177,598.878890395924714,-236.881066306563042,-340.117523837782301,-249.887152882433043,294.683088143187604,246.197294328179908,740.260889491142507,654.616303175773510,143.600105429343216,-377.994988010206839,-194.864169596092324,-357.647663787375507,-244.046184451452717,519.770013158908228,65.835875204807664,-78.789920685922681,201.176425678263485,-59.472073275336776,249.127522011577696,393.162472260166851,-162.154037078399455,-654.523096963721173,414.374188052987847,-245.224583156120190,257.415112891451201,-710.595521755385221,8.349454106443432,233.315021814228800,-407.542596360409846,23.700051940094621,-176.357561520608471,-477.260306208967393,59.470867667302585,543.278582257304606,101.047050478862616,326.807311002839697,838.480400619353873,-198.912820085094040,-227.569466453122089,-356.220902174668197,590.541998201082379,-212.270636262446970,803.188932974446743,-358.359387706859422,585.945365848238112,985.387763514213475,-50.512995941405727,365.243297273790176,-421.170950985681543,574.771314830581900,-230.144962633869170,491.396857474531657,585.276515971402773,270.184290808888704,399.660736722085062,37.998826167577668,-449.510983936692753,295.771658729413105,-90.132042238854609,157.152505656801821,-109.917379057658081,-595.221966907701244,445.116939496737359,-271.441223461378968,-8.141704091130400,452.666979242147363,494.187464890478509,392.200236164411820,-42.330662565076516,-824.721543695780838,100.432534013168720,364.848275437367704,-685.250711320683763,126.456815421506576,-100.926305334050596,-51.943504985555002,-150.349376857079932,214.316680651859201,-744.033821815474539,-99.293308355970112,-500.279052177067854,-348.564718987346112,-192.227510139667402,-390.690416238826458,178.587751175631354,181.509665059888817,530.561680177181529,180.576217773197953,520.749840446202256,-333.764965924130422,-65.886933058261334,-96.378562001970835,79.069070626634470,-742.298278713851346,-979.649492673822692,109.450382114173124,231.798787560540518,-86.401567065125505,-328.863256690201126,675.425859515075445,-45.018701876532354,-115.880979563402647,1016.394718369966995,8.468759878948106,512.249023902920158,-398.436365389652281,74.137282013331941,230.100506877496230,393.182012630214331,-406.885122117950573,-260.994786591610762,-478.458813290850003,-409.978540518691716,29.702026266051806,187.687906132137641,-123.138763109581575,61.563089817622874,132.164655766202543,359.593292736864669,-210.802865408450913,147.998859742887959,50.563721379810922,-144.962365889876224,1059.230630130102327,384.979878101181896,510.943000604154690,-317.892525032611502,91.880285933667906,767.216422387884450,509.956169586088947,-338.535352380541212,-932.968644160477538,300.924955811583573,364.562152035466283,265.549541978772595,-107.307972257066041,144.643641936923814,-225.400061415635747,-403.086116352220813
-136.691630257708766,-26.297961409688845,494.597458435565045,-106.275739035439116,677.909577676207846,-482.554694379019963,112.504581793775344,294.441631614183109,594.882095923785982,324.275248125637859,274.678029493874874,-846.981159757002160,103.877825500333927,11.062735843783656,-20.294486641284784,-392.229302037812772,-15.728900301487414,-167.630029406944345,327.762986592226071,-438.236164673767973,-34.431981924490906,54.950765080297302,398.576239810721461,-250.288800089991724,-354.250989695737474,444.803282459665695,-407.658719864773616,-594.971731836021718,280.872605442188217,421.357923244203903,663.701009361211959,-525.336866504388695,262.508551138967448,-235.124488495496962,797.389493147522558,-583.924391704717664,79.458885879154735,431.066170776618605,468.510771322177391,1026.209207628156037,49.357488407229361,-682.074122445153080,829.690040357416706,-962.627856346428985,-1001.207759062115997,240.438827756120901,401.224370899095334,639.388636889282907,61.508943837220215,-635.802003170077683,310.369472076654120,11.247664184014283,669.180667522653266,-546.505296406410594,-238.698489554269315,-129.578059900532651,126.037647123514461,422.602264471642343,-166.179078357273738,400.130709608801681,-53.692649397308500,-363.641112249361697,0.006151089015738,-209.530647258811143,578.338870093867513,143.427247681981555,-145.464421049036019,-419.782388856745570,122.040449529315026,346.281121810531658,-26.633233539540097,-289.136886637030443,434.549221284148302,266.230672094067188,428.592965386588332,-332.472884819173260,645.376451833094279,-788.153020632669268,625.013426491211931,610.740256444128704,-290.040718842596334,-491.501504006669450,-217.431040687538655,-57.723078151961104,582.786331983053515,684.086937230491799,-226.240524894087173,325.948250621693944,455.002903289063681,628.257822417538478,-118.943952815881303,-353.365320590391718,-203.974341908258367,152.506729171741995,-264.134470454679729,126.415705646263405,-298.159071027450807,-145.946693611165244,-179.343923806614015,213.203491514203051,603.444942110114880,-145.572155312827533,424.506417309501671,222.695327886987172,-144.656730359896983,-408.594327398347048,-550.597942922591301,263.032398756724490,-574.356950571605466,36.874068432853576,-69.749521828860068,185.091853708475469,-503.174825036483696,-381.408901647439052,443.882003085419797,-109.231810774662520,359.072502710280958,1142.721510810744348,-24.958011959050680,20.851245457333107,504.993252172950122,-199.950689449941024,271.225600840470577,-192.397448652560428,459.107488548906360,-524.405057362040225,273.149951832219529,-902.187287277737141,150.821446065498037,-114.490362159833211,-420.475111134508211,-294.155155312644865,242.951338774465285,-37.497966395485527,2.044348678415439,91.125746149083170,-280.951628033960560,24.810139663677177,492.777099094940183,179.682874202300241,-103.982677295320300,-64.256082885699755,-112.991932570583543,224.511157131272114,399.267255420624792,-178.096869966089628,-195.540707087533292,-270.537798614663814,-285.395092077529171,47.931416120202122
-240.715366609958920,35.536900595587156,62.076050860343102,342.736757614562009,-51.325341689967544,-292.664984649307144,237.167787149505671,64.797379469735091,-393.185885503043323,377.399215759141953,-762.232553608835246,80.054641019529925,365.511869570771296,101.683571644288378,507.107062694163574,-146.413297676439754,469.893506482820840,527.560652779670249,-79.699632703534007,153.692564971614672,-131.840196465129395,-153.221483070525522,460.315890822179540,-347.762875418539295,240.758809199646322,684.781670952142804,146.778499301058531,-152.376806834835037,-228.782501678545174,-37.718254266106960,-451.407664501953718,-225.155010926414889,16.276704215631000,-405.549834643714973,-247.525353960224606,-466.426282123785313,-598.987278885371666,-185.486583001391068,85.387426893239777,-139.218214980272563,301.606499060727344,-209.286372649697370,-750.652041781598314,53.204039235570093,96.497691521704994,352.391836198832777,444.527683273033688,-620.880361389392192,24.722752466708233,-631.388266043838371,56.083587519016497,115.866703352466260,-859.565281158405810,534.658988684715951,-320.139334138244010,504.148108852787800,702.403912971246086,-273.649420748498585,-124.322072227703856,40.612295169977742,141.935737510051013,-766.479553596757796,1417.807335187788794,404.224057395232876,-431.577596186541371,175.456407933793969,-607.332010009294436,28.289278419088632,21.131492796807169,25.039175786678875,640.504533297453008,705.317111765138293,-192.212531600004382,181.149902351240968,3.657224654558316,247.063950263084365,320.809629679578279,-265.133616237331069,-177.461387336304142,512.727275145569934,-423.512747364668087,923.023589171681692,-221.500026516746345,-813.820083710037466,225.229685866062852,685.339953864760446,-475.800824050286792,-335.798021303523626,-561.847875388586544,-272.119398740082545,724.271186534412436,-226.041880026775175,-201.691358214621516,-234.433617900186420,380.813512832584138,468.433682820494028,-798.014244580449599,624.534753293530684,-7.773578425389605,579.412865132857974,-914.440185766206127,-624.874563004367019,91.311242009976610,-335.949027816843170,-124.466973586826370,331.824565245887811,526.675061280264686,-196.342921852953538,-301.664887714293855,-36.244160492851712,-83.934750761066411,-290.437827996439637,325.713754139776654,-244.877447275092265,-273.124083496195738,68.624272023328857,-226.710652137835325,-814.201124974823756,371.427587659442167,-191.020679933440050,-446.317933399966478,-54.312420075105287,393.213305983475323,300.757870245058029,358.827775917755503,64.755675383257355,229.149411299102042,-469.939215827594865,405.949136036425500,-182.850378330254387,239.691721353761977,-362.057589714512687,-242.664771737255023,-409.546157791520102,-234.729923299447734,41.372699575167360,724.963946052832171,-109.613728056707316,154.624125358700184,-69.920211292994253,-184.701130188252876,214.692549951495494,-782.962386816383287,307.746523463499102,402.286854444627920,174.417493097897534,234.289008748478210,-501.254770337791115,92.247660207098875,-462.824954137191071
-370.790323587165915,312.954193664375794,-42.321562685101966,93.509387284560518,201.946345847363460,159.055156794680471,-146.572051080198349,-878.889677470223774,209.013291287510441,338.017259784676810,344.007303061667358,-244.851065163416507,160.022523216266677,-80.096878226960342,-78.082505766649916,97.428018645185773,-402.850766204155434,102.570281957744683,749.886875002438728,113.837362521725908,60.633474518412001,1125.016184929919746,235.296771235461307,203.583502519656207,-62.666563681101835,468.114943070238098,815.437458057105914,-167.718715089547231,-301.407038391817707,572.249314224680802,-133.195590923576049,460.573149210421604,265.580093350540778,697.601611223792133,159.631116281710376,-141.520669178786221,-277.874057970923786,730.669528103480843,242.678777799595878,60.075662961137226,-8.209586186184877,-108.795759495803281,-330.468418109067613,619.592464331354222,80.854537867747794,704.982074371182534,-581.866705650309427,398.000718954171475,648.668079390144499,85.055805015434927,-179.242816190376317,-694.887880191734439,2.146309149041047,-258.731842281583852,-778.315508527493876,-332.060142903931535,530.220745416836849,196.496069999629469,-147.831289745411880,337.549232184442644,51.288991941580406,-36.533101878733547,-453.115864123335086,-218.848063564564029,187.619418024216998,-615.035055142618717,76.995112955016637,-262.750267306246656,286.806952707551090,-391.089804036908163,323.652020704811548,81.033741507343564,175.077115746807522,629.287221549291189,222.091086811328694,233.566309743655268,612.664835209937110,-528.263669501689947,307.728997960099036,89.827791970674539,209.006815914159461,170.709658471119980,-558.462095478151355,-54.357956133953039,127.944064634727098,-258.941949268386225,-131.231239403412843,282.589336988035200,554.738866844938457,-285.322042485355666,277.483529974144460,-230.082828563134001,-340.582043014218584,-591.689294960388224,-237.166357488451666,-0.560084947617929,-411.742401637641763,193.264741770867317,319.676704142191511,-227.416087023484835,-678.962504681764131,651.881278805725856,603.842050430676409,171.117762200307254,-18.411190647044009,328.888778226756870,165.611664388958104,484.402632889697998,-75.434713536261413,725.988813053969352,66.616195308968429,-483.189849181274099,-168.837377871546977,591.970370129099024,113.706891642477430,-286.326286898226897,238.191609371775201,-478.062693030577634,78.214270769216853,279.643845396996255,-249.033000471008648,234.980312283717694,312.192170382340350,-7.657829348733351,332.418836628273766,113.637183164201133,-421.310991040081603,-344.084487515115484,-207.794384094320492,572.450885334652298,385.348013545709762,52.323276284188552,-665.596823193730188,-733.471208837235508,257.784581765613382,-375.869282632643888,118.501055682018773,306.785379275922196,118.270681855029366,329.984339843725252,450.787927866105463,-743.242095860153881,-111.645790213173115,-158.633164852646075,-421.172647026156540,-114.945042010656749,668.290700812280534,109.505973823435838,-175.513407438542231,152.606784417875701
-122.638923108193296,-5.948810925616311,346.910532073511604,95.079754541083389,-653.236263652480602,-159.939006042431799,480.631778883300740,663.435681448841592,215.968212025809493,299.402153270852978,-155.101590407175166,-320.797041166499980,-133.039798726627566,527.552980031376705,-416.641867556440900,243.858419809830764,-159.952828263062059,226.263818184031265,-55.295064099920282,339.649891115044625,30.538804629767043,566.876585686849694,272.568259923234166,-445.910815059746881,-132.632843269318869,527.372752140810235,-864.941921491211815,119.185039499039348,327.858498096593621,188.798292642801272,-565.580142544697651,718.263566008948374,-311.877406917213591,-94.309501328444938,-33.297147535663839,-468.038836302946720,-74.320469041021084,317.917184338100924,397.803523812237813,260.936695239843971,-154.179744730914024,-520.294713217405274,-359.033136475339916,-328.919655629187730,358.143630653971570,275.306805598408857,234.831149933725612,-203.584407225721947,-78.078384304140570,613.226463538346025,-242.354389856436796,-247.981372664117288,-718.979459389962585,291.921580425697925,-374.550019916178542,-147.791367631588372,-382.902384691772340,-130.098001911578393,144.361951936715712,207.496875355493756,-12.912046390374231,-324.424679619396102,-826.408265467763272,535.529910045494603,42.011910368252245,-155.836408348882912,482.324270823584357,66.649179536473483,179.216939293926714,-150.280404650346355,-504.528591752679290,388.617270351756645,246.984565168345398,-405.890910322905086,-63.298937337226000,-629.775897819497800,27.164416175831143,139.394813067696617,63.800185361993307,481.084134002412554,232.418783758300464,75.071041689081937,-281.439513822459560,278.972726819339812,392.883384292713060,464.094452889529293,-69.305809430928235,-342.005013245916132,-765.625518087395676,809.795945747736369,27.533651341436880,-561.805945308626065,-406.578286919465654,-64.103111476161885,633.375702004769892,-230.108382774610988,-459.784557657250275,-273.630151726341410,-342.487483628281325,456.808019837221593,-556.612279917893034,-95.189127934354502,304.819881146412740,278.986900716597177,378.802523200032510,-103.218279230260222,526.581399368527173,-58.138127780838246,471.181194156441791,-13.308492749812350,-73.352000235190303,57.404011800066066,-204.996508401588585,-123.661878238274198,-634.902417774322544,412.877847979058060,294.468149628630556,-49.641298729972014,397.304125783672021,-642.131846858750237,-298.055429697832210,-662.520745976319404,-340.539648793321987,-686.464036407190065,-128.916390294517413,314.060233069484923,-138.462925138186023,560.481543381406027,-390.645803879495588,146.174592183236342,-126.410276403366922,309.783918479773320,-18.605614963930165,-245.720246849235906,417.147175765734062,-501.573107111105060,495.102924127883341,402.329306666022148,171.397272328131436,327.132463213761923,13.283543074799210,-936.649446801983913,-329.780485397557072,387.021201041907887,762.738164864664668,301.214186442570508,83.199514478147606,124.431080748647986,-22.707932602813809,498.567929211110766
237.204203930094081,577.077753804863391,381.608728093008210,-94.232653779478213,679.277099217630621,-335.833303242633747,340.799224912071054,332.743969035181124,541.558225863573739,-279.936559073985563,3.727207774539508,72.556901296279023,338.186348336245089,-317.346782884448032,-247.585826053083792,197.777889433421507,16.076877957383196,-1.045744176671331,460.057664706305673,-579.437734846191233,-84.904431680069536,-639.061098562441884,75.033107892520562,470.303002787845969,732.878124563290385,-373.996666093019371,-290.230323826879498,-366.518773879000150,-402.155754151250221,-256.038955653892117,-36.802089095320994,-659.506874670323555,-305.154251284824625,84.033476305807710,-129.904974225909257,-386.059515629771226,-289.535422194064608,11.389638948557586,434.603297925378115,-108.718322504111882,-183.396179286578530,-95.334809023312999,269.787896257346517,161.123560329770811,-284.410196231063026,170.014141222970522,89.566189500492413,406.202522357062094,-403.133046284048078,614.793971348271953,-170.738273912563557,546.130738298601727,16.122949860936274,547.329859470121846,-310.875389423180991,-46.001229887396079,-24.243011579422365,639.169222452909139,178.751687575055769,-103.053056334249462,111.567183203312382,141.464863214989265,90.002478969629962,254.716560584191768,-349.065002345078369,-539.810999464159636,-1014.637392646830222,-660.041957891474340,-80.399033893151625,266.370384846216496,439.735759080294031,79.346003169508833,-574.113206475181300,-21.266494304791305,-316.003786598484453,-667.115483593598015,-48.058733801439487,-324.565257834854322,-340.137921551391457,-62.137847763145288,-493.845954242879941,217.320272959999897,190.870550944020010,276.059504199893809,-256.547206865503654,-230.815487124516096,-661.680002316150194,356.668734811354739,603.580405243319319,639.801784160728744,372.182733123482706,-457.386151963910038,222.806185779458559,132.523531843381704,-336.166814847030366,-19.033525480689164,77.049911495142283,2.333726790149109,247.945518393707488,281.410693457489799,-546.341892022489446,-168.466407671908030,34.777587164306148,-350.798063525543000,-410.210077957990620,332.263378133282458,-81.467975405709183,-196.992479786121947,190.855203112539073,520.815849607165433,-366.518826422562427,417.682168386712647,-286.388662220929916,369.534039867201784,-224.086859700146618,273.080574033770802,181.201913916515451,-487.816670211831195,16.069452257216199,-9.377628559692642,61.824622311314798,-300.079708858188042,-34.557904924944040,639.303197968498353,201.528130765536673,-278.492938881660052,-209.645804258215804,74.896356839001186,-222.643946641538719,-249.668037836152450,274.619891005917452,-1026.940353530605989,-214.619316990619467,296.307282492818103,-63.006347519262178,130.099242136395702,456.434209548995852,-55.013701551570506,-620.540980105726248,597.558136926053976,299.679139288465876,-0.669539925823138,635.322410069024613,16.182838700850912,-492.411072094972781,190.564063293240508,-817.304814524984863,-194.139028526270124,376.510987932028002,316.432763325780968
658.272083473812927,-258.267682642948557,278.049412977836596,-463.863512103548771,231.029970487790479,-400.092830947168238,460.406727265895825,-47.526173657454926,655.285123121702782,-373.848617711352574,206.162689846946193,-138.422759413814561,54.815032397024744,490.310012255259608,-434.852052134370069,-211.042383985966751,-163.255079220077107,256.678949736262041,-774.221227641805285,786.539470260597454,-40.156667749071026,-380.648233530480695,-14.217114933866377,-93.998598849637304,-262.308971394776279,-155.479317058049816,-216.425614893463262,589.412022931461252,381.930112483069706,-92.503015170478875,180.062373210527710,696.571265301445237,-900.212682386356050,-325.396685726574390,-33.110149309656165,-287.669417414566453,-278.119667532432743,197.250801682945195,148.017113078905538,-526.379103782285483,-762.662837429076149,344.613653179228209,439.810573851967661,-504.567993250860866,213.517218583179698,-141.342630151975783,855.251901139197230,-79.363228780140375,-469.071035936710871,-81.133903064794723,-289.140618374817507,16.046376105525809,-279.347354756093637,-715.625025840445460,17.776754162336061,525.395445270796358,-849.029237140822715,9.840774480819842,-109.163201382481091,448.295825642820660,-257.973446386424200,-593.679199493964461,65.577534145060739,487.502809518510048,-132.648462144353118,-919.408012916180382,-513.035165381648881,-61.266927115243774,138.101522064043309,-37.201638808645683,422.686278463798544,-898.678828222705874,214.422675120784845,136.497877679124315,179.070881020787397,-315.998317998227833,288.147519216923456,233.037200093520340,369.860978595200891,393.834851435290318,-137.100532118946717,77.844744217860054,-297.178542671604077,287.559744041087299,314.340450400366421,-967.193677039967497,-263.776461234563897,-702.724322549280714,368.698514177834113,146.965871270730645,-414.552827154651879,5.011407437632697,107.128261600970333,211.647166491738091,163.494448468367608,311.137034479393890,-509.730680013257597,45.544360206075126,-434.797347263496420,-441.580719346242347,-117.110123221351415,-210.964620494106981,-63.544359937673875,596.930941088169334,228.061136349213285,-575.331952714732665,547.412369581657231,-2.704571158831072,-200.699939487885814,-241.977508728355360,156.316884925602039,-503.210792805296137,224.489611922938337,-33.818469145174433,720.799610715697327,253.595804558626327,-258.516016027230080,326.037552335572343,211.119207047055340,-366.515310418422814,104.329454903000283,-480.630258143418530,7.188487157875741,-554.896973585994147,-365.394304526021926,-322.085777385995073,51.112708048444937,72.724729935294476,-572.689608330897158,-369.988800141156617,-335.802825382760602,24.404230777029170,-200.072469725719145,348.947762711992823,-143.428552588924077,387.460459106784299,-308.979651296591442,-540.505117862835391,504.352046409769969,177.070385558009264,-329.923094887311549,-461.007425279666734,-224.451018440778086,-35.579054170625000,-279.336370777312709,131.535992327561559,110.493291058842956,501.582632225500731,-513.129462416235356,622.838016078505916
-99.710821509775243,-578.548258532571822,-642.227523150070851,-459.631971417655848,436.564732586002378,347.649175943471448,-129.139926419520691,-15.220843602598620,-914.565711570500071,304.115620708759536,712.111614348911871,102.775244300157908,253.558842787542176,-88.256422620172231,-132.694859769785353,-187.910606473428260,-323.436107033371002,163.558193376649342,171.066956870881029,385.586368296476394,-506.422770729666865,-387.966707041732775,-696.101749971778872,-861.364742321190079,-177.513265925962344,-95.225229551923178,-691.543235905931397,131.589807519109058,172.530740989555881,-250.133862393197830,22.058952190713185,-487.810335504882232,-63.708967699128209,-315.256212337309080,41.471588423505871,521.030516940000098,-740.867310569577512,211.445112072594441,2.184056255810214,-90.923417071463575,-227.160816015732053,987.305603299379300,199.147500753833242,212.624640679684461,-433.267598714286407,-46.116411443207426,-344.524888217208911,787.102619926041939,599.947051202233069,-739.956992712802389,-517.841158811985224,53.411771877559751,452.223838303204616,547.068455633715644,-378.334505615493697,-91.431971228332372,-146.841778463684392,-488.031998133200148,120.964017541485433,522.410204284011797,532.539621773473073,-239.674855963028676,-99.317992739376933,-79.872217812141386,597.389283912613564,480.451330736033071,259.517354778622348,-582.933816687210310,397.489749849611883,292.391556307630594,-607.773145168352698,-1559.866347066756816,-332.314158727227664,66.649941776270481,-147.607340801152759,-878.794296365016180,-271.864007070665878,111.406676081938429,-3.862450384640449,27.748367538597442,805.876166753959183,42.045370957213201,-65.090428638930078,-25.069251970120398,-306.411407647419310,507.097848464477465,345.598724335968654,409.362529213465450,-670.840937114988606,-200.424518584551521,-105.351378648815668,-930.553037869607579,68.991419035236589,-506.067846574286307,-526.851658960842428,-258.968106638445022,-315.540251964062179,36.552081614588367,260.952405931384931,129.665468058579478,31.818480889020876,2.833667752696334,-719.085843657038140,494.658567138784065,-499.063817870295622,-241.317429538870556,393.807869927769673,-212.736848325979651,-143.754506223947288,154.362798893644708,212.388102304229591,823.247259414436030,-305.123758058051408,1071.366986109597974,-37.547040958691788,37.424430901583676,-120.486073725274508,215.306003172264184,233.209418703551194,485.292088457570003,-107.914008579758175,-215.824292073562361,-100.064591998734073,830.147676876376522,234.448201701689754,-99.705452886643684,-1049.371751405617260,17.861156257119013,-416.686002814297012,-4.967936224917842,-116.982079290390686,-706.482939209009146,-1213.581872399989379,-650.389902836510487,-348.992587716533308,209.220496830642503,28.730135259972428,-410.678313142126513,701.414876123085946,430.601645380587001,-1331.375305170717184,-185.700914717196838,89.302139033542943,91.259495231401786,-479.796100862812978,338.998681838062055,360.743086012313483,419.320417613503878,460.567454077676928,46.545141387177154
92.521777482085881,97.076974515558774,-471.657057831820850,249.882341096486641,96.768769355725851,103.207124786690642,-65.930798126074649,-1049.191134500502358,-474.238875392879095,-216.298918805189345,743.690434049571309,284.653353129847346,37.807610742479774,69.376556668589771,388.714910425488256,-114.043169903340356,-165.855765995440066,-432.431661686381233,-49.457059320109643,-652.658724724429476,-269.015567105968898,-95.296568993086709,-250.021658448336950,-284.649651373533857,-256.071786867696858,-240.511787779192844,-202.899229780059329,308.839069019147701,-165.072062375429311,533.016619379412987,-483.874183395693933,-89.691216910214962,828.777554903446685,-104.578399576853172,778.964027791816648,-644.225464220510617,252.514756369870810,768.325463889682510,-518.294315811208321,456.399480048283976,-301.310664756970823,-785.639005244018676,561.863725523472567,-407.185130725923273,518.684350395792080,-447.570833833623624,-77.489247676937552,253.125035478344643,74.608684611697555,-211.310894476294436,-67.451506945958897,-540.031590904757422,126.966467179504775,184.462496050379087,107.805101759210217,-116.769440251953498,192.219162680042132,144.202548131931479,-158.550562296554801,147.440365467813479,-293.267503092160609,-385.165986383041798,-254.187367446177518,338.846233756072024,665.460128614461496,-153.870003788842013,21.255121357259757,-264.484991790220533,361.082134425766412,158.157621207524841,292.542904634786055,255.912106282723414,311.752737422728558,166.179756111222446,207.909915792495070,38.876536915892387,-142.490718590436643,-55.897785058428767,398.476141839425452,-346.389976640465136,742.378102150642803,-148.866722802225013,-652.775221634492482,-45.371408726788040,-944.944516496621986,416.460965307920389,542.796922501803579,409.662230807771550,285.115408033171661,61.302721384825396,-25.257512370666916,-180.305366024104359,318.580195713282080,361.690831020559528,-64.949495140874035,72.258174734495995,76.191515701858705,-96.552374109434638,430.876192010501029,420.054986383642699,-89.195377955716992,-384.344690091011557,-408.031103584435130,-113.406314227548791,-339.490027478348509,65.876284675522953,-286.092203461808367,-171.647495319391624,40.658673709166663,356.414063555467521,-498.175724264944392,-109.836309182538173,121.229761844716194,658.965531666875791,200.450547449058604,288.991269164548498,99.146103707546345,-215.166388138651826,-338.337060923551178,-212.747135993596828,-772.123453976541100,498.377200197761056,-287.146181279355744,-308.599498542110325,546.460912809625597,675.073859784635260,854.918255680430548,405.866302285134566,-871.964440578129370,224.958556772924624,601.386809751259193,-426.476767717667144,-650.327126424490643,384.311716817409831,286.870360616153732,-147.589548516998804,-403.682743622567216,-18.683229730780248,-220.912157730087472,806.189103664906270,287.794138262172567,-261.962077290159357,-27.831520488826087,-543.564871810610498,-576.930213257648234,150.830230566790931,-240.341592943461080,-418.559932803575236,157.808985728981582,273.605695919972106
-75.447496832458597,592.329816292112014,-144.138995584452573,-350.779077326973891,-73.667622977790259,396.155833208500667,331.586967426360729,366.453414155324367,-599.193928616030348,-352.868011081301233,234.256120406125405,-508.535677675241459,-129.216153809566691,78.592051924949004,532.087548345924461,-326.784875265551761,-385.644440885523466,168.308465701204170,41.020251025738858,-295.377020535790905,-45.379512626508685,-504.639122057882332,-547.484413980577301,440.544838814953721,107.912822135016313,316.721200933245086,-65.600119041872588,429.983061209718983,531.722642078271065,228.317011873209537,-165.172118803511125,498.793724464540560,513.068883158692302,314.693457020609344,-159.518689587193194,1147.554679672426801,45.529702571268096,-81.140597147847075,-679.155362039974875,-409.473516600863206,402.609434469491248,116.257557407819633,667.045596198462363,-186.288263952768574,-598.449503481099669,625.556596248106075,-438.188289347105240,-289.684371530911449,-296.049077787809438,133.835842448296603,633.961330716086536,-160.658546288023217,-187.294243224647516,-881.813632244564587,578.017890102093702,-413.998119641098242,-635.026994072690059,-596.940624357285628,-130.103151368120081,276.719974363095048,-96.952807676574892,-535.140332231993739,-156.644455335542773,-402.562390013258380,-30.102232802447165,-40.436571760320902,-557.740892114383428,498.069481695477066,-430.288909635063305,379.501393236206866,222.409924687405180,-195.922396394049656,85.136332796970436,-106.125257055702335,107.417765321616670,-138.979330102539080,358.553608625889808,-205.641278667661226,-2.608879569485037,-214.370448551404905,-77.663629888158653,89.494613468404694,-135.205391540235865,-619.482948404178956,260.396357522806454,-478.686243322228449,593.144555115482490,270.692809807297522,-395.575642041221840,430.653280630950576,-125.325610417818837,-145.104305921527924,561.352310357139686,-220.263000141954137,-144.140334210190588,33.518189939383738,288.225937877451940,506.468740211021668,-362.496688663930740,-234.979998838350298,-296.909584179378783,-315.142105871636375,-488.207636991315042,694.119246365036361,-274.731528422766132,-188.402685598807494,249.567686867133773,-127.645371609347933,-220.130230815113265,-180.237816992105621,-190.477647734269425,48.615501566077775,-398.198706800716479,701.189071684218220,-165.299298216713169,237.602526396383922,-742.841456762021608,-504.256399650568369,-249.029880367888353,-436.588767900529206,330.841126974156737,382.970224553362186,52.221937340082491,212.950718750360693,67.865847189348671,-539.527604904804889,-139.010233675748111,247.876734259521896,-229.374143723463447,396.787963944413548,-438.737281586976167,-119.443788130753745,47.828753105059775,242.072055756171267,492.985644776015761,-91.468936695828219,-115.598883464122849,-419.270813645922942,415.129391193445031,144.108440062978730,266.235372864821557,-208.321121396200368,667.806098120096635,-136.583994823257200,-454.494487474738378,-85.672276058608858,310.527919714177528,360.485998995408067,-243.680463370498586,394.460821622762865
-105.280247278164069,-240.772504015801672,-214.056814081563033,62.838214460411130,232.529343261633500,1340.982378961667564,-382.882551063954793,-149.839372001247028,-378.217912059348691,294.449222398185100,139.663732434751694,-148.464035438307576,96.730926066372760,-145.868710261056265,103.814572736883207,456.347002679481307,-330.808724275783504,183.452402436196138,606.266719440233146,-424.359550581824010,-19.376931135272489,-555.832683626352264,-246.235251374741836,499.135482646602838,-175.114658101746386,-158.211545071610715,453.346315337747626,673.745821208685584,828.062589465443807,-670.022833662870312,432.563870232863849,69.192892882068321,-195.187691791114474,20.866535267852626,162.609817896829156,80.336925636245013,-16.328892993455746,-883.462401244118610,-1072.006383635947714,349.744281250945164,456.061748962556521,-319.826590867600316,-428.521334197403291,210.256610603963054,-570.362170838204747,277.238676986987628,-979.937185449213075,97.001464609742769,212.499229501659045,-185.025495517223248,-926.065389876673976,-151.283429178676613,-109.605722921335229,-177.133000019183015,-203.433327373746295,235.354280375072875,-485.840571715902513,-251.467470338179567,488.979297821428759,-336.420669717692874,-216.974135764748723,223.231946162557676,-349.596022228612469,-323.990076404512820,-709.649245743777783,100.826850537453197,-543.721634055148570,420.906672856725663,-315.345191550631966,-41.543488280258131,21.524912284032958,211.770232948511619,-434.504659196089392,-177.523491804653418,-88.939477354011117,231.305144187814818,132.269786463355445,135.591309034521316,-1154.545022144080349,-650.567404961702323,72.149777669293144,-152.163833372420186,-370.098821110107963,-504.110966973036398,-856.985151807073748,-292.962521872442835,543.326212724938159,-46.581435572770943,-192.870088689673167,-167.561962659243278,-555.327469146083786,725.800557373020069,543.528290881583757,174.326573900455458,114.126515634924829,25.466257245055154,-154.971308684695146,-202.328780248173558,55.222254832192597,-112.753194772809593,615.467512509473636,-207.609777138733818,-376.256839163082361,-86.492541061441344,-298.133345959368626,21.308668413613120,463.372530923301213,-502.028054630988379,-1.938697956672620,-125.156986455739712,65.437151579536746,-42.715152617726936,192.571343591707432,242.734270897270278,-373.288014181805806,188.589963613409765,-717.363077197788243,54.856213188785198,-331.502547888577624,484.032810013022868,284.608321997740120,24.539006610374454,-390.897418655029298,570.869359467718141,817.072914476325536,226.075417655461791,-116.368712769971680,8.087995594407793,-60.030863236081792,447.071098199490962,-146.053685809022681,750.984505956425096,-600.326558620187257,271.363901549985485,-367.278864706021579,49.025363967394199,412.426396159244291,345.910773002636915,1.069897738972554,372.228727118734525,332.434458752377338,-97.333230258362050,-57.195216075181946,486.859426688706094,-575.482789023667351,-434.453352853972262,342.211219043015660,-587.641822554550231,-270.880350689404054,-541.204695933517314
124.362544521864635,-424.545840183390339,-517.195511655004907,329.526036997184235,261.985698691838763,-570.045057526286200,240.836816613448434,-281.714190925218190,-180.831211518038714,-133.989790274103257,-101.407694262199641,168.515190678424688,-324.782657549868020,-864.972554827918998,331.825664140921958,567.672962453449031,365.977246011768102,659.588040424925794,309.325929176051545,149.945197274748722,732.035091514830469,-543.816245753381168,32.590937704619108,-697.328439752801955,-47.032135762496040,145.967075502150522,492.393215799040320,-51.726493065059202,32.413896499871967,-272.311049390465655,263.756842966400825,154.056487391645732,300.603885179369286,1140.850228194833790,740.464221986410848,471.706386770978213,-863.844233248757632,116.451664537302065,113.002965769652818,-258.819122176085841,-14.347521295351967,162.967776148917920,60.337352812120784,47.844133125374348,801.621058732833035,-200.446842643365699,-448.430123614525826,178.495398840423945,256.996160006646448,114.729198926729140,160.450237855698617,-505.042866014370247,357.870968514224387,-105.250073810779838,-83.340942513151461,593.120474729992338,971.716960509806199,-470.467536388895212,758.779309132195635,-669.647339495024084,-297.019884303998026,-423.144009375491521,-291.036646815603831,663.702222969438253,-33.506809049304678,-523.793616009901712,-185.766582152934092,-129.493442494799552,329.471145825569920,6.845267714591238,7.558736005701803,-302.908094367461956,-94.594722444039050,109.102753804515316,55.100740839471889,262.581670660845930,-479.643774596753644,268.659825328227157,-435.899777229209462,506.317869345204656,153.263795986705588,-102.310517207879769,288.689506680025772,-43.015783667761383,-485.746963099735808,-239.943966159838226,119.614485994337372,729.933447266223652,398.088232202680729,-205.555482213814088,453.591542959874459,-69.844713409696169,-67.307593439182682,577.034019594995584,-225.015259555050619,-50.381557807819881,685.650032503719103,-164.981158259402434,292.204521497044254,121.819031635490006,604.972351819714845,-114.781892553851335,549.242316240731043,-352.340160464052360,-8.128637919407112,-140.793586147118845,-296.833859972621099,443.026462342917057,82.625797280448566,-555.661590366606902,193.001389041981895,209.751949599397960,95.942463249270673,220.165656533753463,-328.564688848360731,-241.148763068951212,400.563810526771249,-147.001432561523188,-31.836656793968057,459.195218022174004,-375.776151366346539,-353.703128292586086,-100.797537623940116,-239.621011563851084,696.698958680656915,772.991668067005662,-358.614105269099184,-548.770720942850062,-638.527025063717474,450.686254529292910,605.082121990797532,396.789297924623725,489.812488736714670,-186.918002541932708,478.512201424489831,-97.725157939534768,248.721475308682614,173.954666070197106,115.868307738263738,-83.827113541517946,319.419737289592604,175.896619523241611,-728.329808960307332,-83.901152309066759,-53.382842804961356,42.483681576402105,874.682013189339045,12.648410590236463,-388.689434039050752,-177.932352236752990
-232.065577550649181,517.970653960368395,-432.798336108594981,315.969278720601267,258.709241304271131,-373.869216605726024,-205.952075377779863,-79.769246461669354,833.357402121450377,-209.331467782371476,64.136263567814552,-251.842764488191477,-268.253712951607099,-750.295080868338005,186.081986524414816,116.690011293989755,-1041.728098575741342,139.693285920559333,534.393922002312365,-1452.063368709484848,192.357280412521192,639.090943456117429,108.875152112611232,-62.185017429368855,231.947482087587673,-252.362814102499016,-138.760517074487069,-139.618088488317170,-326.417217567769853,155.580854038842034,-25.892750932928045,-359.925931614866954,655.755972250978630,-484.750305628890942,-573.433549821985139,130.162740067921078,161.975649230104949,550.919523561767164,-97.826440839208772,525.246682524770563,420.535123004291563,-651.674178680219484,103.484434411749646,-863.983658595701286,-531.676019933177827,226.566831291032344,-645.207761621683971,348.661258943946564,455.306243077258443,47.812474107905558,196.354332031619663,-216.903655077313005,473.496431921732153,-785.472896655913132,720.869641625992017,-289.217813489060745,-331.934844254558584,1298.534327178921785,-703.012295507312615,-476.826369060370268,538.729643905461671,59.901570840476310,398.366355784110965,-121.893447979152199,-432.576158567858954,-1031.204332989664863,-1023.483021055471227,-392.120016531674992,144.007368037008291,117.845341160483102,353.448790692424609,-217.082855719107272,-306.039360542749591,4.768932343831121,-416.832749780883319,276.497464377428173,773.897261176782649,-429.035937128953663,187.600534633557146,-927.576711332891932,-77.296701765693626,615.798026057384277,54.351089050465248,995.906751872545669,780.033393219427012,-223.867776776238543,-843.355511677176651,-455.998262749123342,565.398207690813479,-426.595169324486278,-228.964699562768118,-110.856676394781346,-236.183497927001866,-655.311181770638200,-304.168121762820419,615.934292968219324,120.703249429766430,-338.479986163461263,-14.319919058020652,-463.188478331253293,223.541752509395138,80.685165317204977,-331.913123172246799,410.919299384791088,-12.817923760074635,591.698401895841357,-334.024190278430069,512.578896042470546,310.390376096798889,186.533543228665764,197.789725828674960,177.026197815913150,260.004304173649416,119.683583193664674,-142.050014989706739,-93.699203446871508,807.404772048644304,-659.567850403967782,-54.847141880484870,-321.960211145566177,75.156685902501749,216.928516878888416,-94.153502559294495,-77.711787356768397,493.399450012689499,-467.383469999181671,-337.699258640249354,102.170754824649464,225.034522080308136,75.269350732983312,35.242416279926744,447.316268117071559,944.939346718673050,-414.651542156561845,304.555472209866139,355.234837768510204,-185.196622733486038,-60.988864881350466,235.755722115021683,-125.584857771324195,323.160237834665850,-70.466502013741561,-37.858612667458665,141.876363873711256,110.135814129147519,-458.090895578638197,-211.604163091352063,-45.234264275530663,305.517879440289221,486.178430478201449
309.941904069617692,-514.805062990359602,-117.082941852861381,128.194469229189224,-265.407664157674787,13.900241977567713,861.187426356253354,-155.617546000244033,197.760696637240073,983.672898317740987,36.301655859386010,-441.247609303592924,-50.321091413583375,-502.526179279958001,-218.593209342552484,-251.014115706707656,233.771748365850073,-463.123255819904102,654.271421707430932,286.065998737967391,-487.140268349418307,-465.834085738585259,605.973684434364941,-122.110435963715275,11.962501570489032,169.789795577507277,-934.887185520376192,181.644197291080701,-36.262671942124697,-613.603266465514480,101.955339795478665,244.048113681273861,309.713717151157255,-369.820766845872072,375.339555418612861,-667.986112614382023,-222.205243855039612,97.220703907432835,-141.275028206514094,1008.800322198532513,123.865068333430457,-147.639548737913515,-656.995564889040224,503.680028453019133,-440.807882260840358,-81.544008872565840,-631.710487036427025,664.972351994869769,-278.413676587135228,0.203122840950769,922.690703056028610,-936.226258086965345,458.476174255792671,-550.737555756820598,-428.392049100123756,-17.010463268057102,-165.578311514186765,556.561735766384800,86.249449699658953,467.673300824271109,90.277984820114298,-171.003213631385819,-384.365315036621155,-354.284969140344401,213.880615720465983,61.198375357738868,643.068721627192076,-682.133507961856708,314.089502337518354,168.733831103641677,-894.844269266987453,850.538467206210953,465.857307750598466,-270.802009350839285,540.311771743893814,390.254375485439425,-150.273049873283924,-163.344888128502362,315.491893590282245,-213.440509641265663,359.187404452005012,-12.101877823967008,-401.447266229362015,271.644847147156383,-75.241207931592371,-72.640957738329320,662.458778391044575,313.663637447901863,-211.347769464531552,47.321476374105572,-407.884261590908409,97.737010516709205,-153.979606323110602,75.716883110121159,107.025402762916670,-39.635333959026802,-114.567533457468883,-536.584468277235146,1.225846255085457,237.936531186231235,-345.115172110304968,71.348910885262285,707.727747939230767,-34.266110960179503,-415.555768053812869,-102.219173626048217,217.271102235821530,-284.973535080692216,-52.503446258707328,384.204669518210721,-340.871112906240285,-342.689807411785580,-812.513653878636660,-40.353155238907135,-152.414487144743163,-399.795410145125743,22.238440002684996,401.318859671410110,694.864378936074559,-969.951894864798305,410.807536070515710,-445.725794805848011,393.223775728782584,189.348052719185205,-168.510003170632160,131.696053491195187,57.990978891944977,-1006.474567403564151,-671.398493365831882,-15.320548607387124,68.794057935268185,291.409069534342564,299.472868185146126,32.256253673239712,-150.225741005531575,-635.168485836655464,169.143933827087437,6.405443157165564,324.902453188916468,-170.487891887256410,-53.185556893392665,125.068299405259012,-146.535625690083037,67.164122339915025,-113.753970216159360,-274.683908913296364,1007.355672946377695,-303.984272240544101,224.263654819832993,37.453894758527525
-555.415459839964456,1174.071321486571378,476.082958882888136,-185.056579618513069,550.705896480798060,-667.504788524650849,-332.678554299539826,-333.467445765339448,-74.685460300825184,385.434559420934363,-891.348828390650397,-569.883570263323008,-584.405750124828728,-664.974184247770722,143.821572311160509,-594.006531562985629,-8.627759120370033,760.771416961299337,44.798267458282929,-601.295257958076718,25.292802631639194,551.296665321875139,479.319592929026044,542.106387962991221,-232.901798638337965,560.845823535063460,143.457969881705168,55.256167586833058,545.626360227119790,192.123484446087929,-44.830337290479321,-401.283046742832369,-30.651603840127752,13.384708994422780,55.762229204794963,366.370076674611369,-700.778874484971652,350.112187128199025,85.116395130714182,142.152902191463198,620.350103749523100,-293.691089392321828,597.731075353901815,554.621159668826976,-186.859528702140608,456.222780935098001,-414.859819701193089,-750.974106812913647,895.168810463574687,-155.494375894859417,470.355371371347701,196.658266963095883,382.748887505831135,378.180257336732666,24.758494050329034,533.407521049740694,55.580991785268424,324.661992154738755,-754.770317246921195,-723.747836967273997,-328.674949688518552,-253.356959506484088,836.103189081227697,285.078869315209886,993.776353776020187,298.153587820850021,69.392438529175152,-310.538819866984682,138.422057806764911,67.225997957507104,150.264657112686024,388.675550056940892,100.537638181257407,-51.462463992625409,-373.503591962409303,-538.724324978467621,576.409972195296518,-117.260204004803938,-97.011189446111445,130.256673240453438,-185.536186686458791,603.536104881211031,805.777246013697209,254.694686904325295,395.929948130284629,-595.162982513069323,-214.307039971805011,401.505756792075829,68.648327182283225,145.738457281859098,361.522894999391667,65.306879365489195,112.211948567717812,558.313573004042041,-677.672850592435452,-36.712881764096402,-474.882075713830943,336.595081126728246,-1156.777517041448846,181.653893610594025,-760.330903837367259,478.096638581013224,409.933154577732125,367.092794824301848,104.591150700562451,-281.171757037155999,279.289955672048563,-108.837243491916084,-754.565517306429342,-232.934213001483556,186.973473567081470,-138.814690951227306,207.393005888092233,300.227079145714072,-951.977652724538530,-116.668256223063807,-129.274104030374076,1.087983077767774,-246.644358960707621,-59.632930227556599,-261.742174378052994,-452.700557717754407,-661.549782504566565,141.778159805869620,265.382881901819530,-166.618169146178502,-221.933259919223246,57.991632543009828,150.472586488403920,422.246489822365390,-253.317477330992403,-222.948250812329036,338.495174684502786,-576.035225509482643,235.682744558945529,-794.181221222841486,-72.193503133817998,-655.014139860261707,69.736824439351096,908.972343724508164,24.268151656745690,-94.148874668886123,-181.924280851990034,365.244152239603693,-213.843495410836624,318.400546147341061,-467.051118998806601,1078.591862258402671,58.778864993154443,-321.392014864816133
169.306923183354598,-603.560918271434844,396.834430556651000,249.993907723691223,2.167183517575697,-598.204342918211523,327.331104489877305,318.381269893057777,-929.317953643022406,64.460909479754704,654.172187010142125,653.079061948730782,30.820822322512566,624.745145127516025,87.969693044984552,424.707875907018376,561.008597199386145,-525.559940028168398,290.638865996461107,351.224142253372406,-61.377401847378700,-605.403748756747632,-16.710919895501817,-56.541968219982358,604.256449781592437,-9.943822905318347,333.976744026810252,33.920911461494590,-351.129143093510550,-108.440757301592726,-176.011386198954312,-340.851707662934359,85.800521838106292,-124.713324922117692,399.044088507870640,-79.513985664828326,82.104805531744020,-208.996406553252456,81.809407761244572,95.412279865801210,-343.305217628039941,700.305536680264595,-209.344322572726099,-3.564573377003418,-394.364756234871493,-287.442443968764451,-250.483950437918679,-192.295495921885077,-149.897770721743996,425.587030715667879,-383.024668378678200,386.709051276022024,-231.889116690642766,364.114186939438412,99.451956172992112,-126.727267346208819,342.225403954378635,-177.092249199310913,304.707937425148714,570.653307208436445,306.972853777492219,-423.878524606674205,-452.469996909866666,-177.909116150756120,-36.607899873724065,358.960166846604466,405.628640483535207,339.905239230370512,-189.334640773809156,285.573440619100495,148.960485459686396,278.860554723897792,182.859818387428447,96.598352814405246,319.427853330827304,685.204414124294772,-713.926608340678740,552.237099245371269,164.601179939632885,-186.148468904831873,-390.288859353198916,-774.737731684536129,-126.471857275820582,-596.738025837022633,-575.404218487942899,133.123531634354066,354.725879640794972,36.813653343042304,-0.495768721971741,618.094220507698310,69.956669420635066,612.593355013782343,-123.522859604944472,132.487447230640470,-494.244324545137886,-4.698077319369080,336.119372834402441,347.072677568914855,-468.800100125063352,283.522913086175606,-332.804381024138934,466.285064123642201,221.400184545492181,-462.647274747654421,-312.958151820781836,-200.009394076451457,-1215.585102620319958,156.886154573073100,-38.370096614272789,393.541364498364942,-963.612482441592533,-542.410163883546829,-277.624578286582903,-681.306784803406458,-157.801998496994031,-560.225859131508855,-147.254670307686894,479.849821600654479,-470.928443669736339,14.947944523342505,-159.129507343910603,-407.096059035748453,189.116936252252742,79.544885977163361,281.969345852129607,919.506946799760385,-344.402259574034815,381.047329283914848,803.373265839496298,13.161082799061523,-263.740777318483993,363.270776939225811,49.976220500046637,819.861533827788321,-15.211250218779295,-28.304982044447442,353.252081890735496,777.244690893999064,-383.250645922844285,-39.631313943969950,428.844632948307492,-483.592503122823700,-620.564142357502760,-60.945167274049908,534.151564201435917,380.333227413351153,278.428122583474021,-668.683425954238146,-274.942361711990714,-698.807678002175862
-45.819622068219850,187.205734086619088,-275.196014273847823,79.091336819192890,336.792659493546978,237.090495733763760,835.539863586508886,708.341192593643541,-176.738473729524117,-29.676908350161767,776.062484106751072,-96.972971072378797,384.294499730070243,-423.283758593999835,396.545685847235177,626.098445173164691,-550.536502881680008,476.391818947262948,795.445566609295952,-776.703498949040181,62.392735212110530,-577.564062114701073,-733.425427441714760,12.795108147060990,-715.345894758302506,-296.872941177185510,302.477416672858965,-277.514795188077755,379.121767285503097,7.447671278199946,643.555375689111429,704.024017239540740,99.473557484868124,328.180021280431731,379.182762359159142,-16.234299016881987,269.544367784045335,-303.343691303973515,200.170698833020367,571.188973408074503,504.079583011556451,-25.533526048908666,1262.086394932701978,292.216214842812178,-600.302071308315931,49.725115173027554,-38.813430108570806,-223.350517651126324,413.868910419644010,766.838614097139384,57.456946426325530,-125.587055574128627,354.040655333299298,-375.883019010752207,510.869685053059186,625.197693226215392,62.408142375537331,368.359404582271679,677.003221636180911,-805.587923200776800,318.633952122968310,-555.512190933584407,-181.019707878337812,167.852972846249287,-116.239357943851019,239.078905917210790,-119.846934621862687,-94.231430652060681,399.688621431690137,25.012297560292627,-204.635582890678165,-466.280811838323643,-292.681440910808476,594.545682812899599,-833.482449991964700,308.043665393355866,395.809534026563881,440.357104824540045,444.998097902837912,-900.790416621885242,-446.570156200055692,-158.589400278929531,324.986311414081058,152.618942181742852,8.715150569532568,-343.770964358556284,-107.349937170620478,-171.665143510518675,66.250349024783304,219.590751128055956,-280.905299188656272,496.988577218024432,-137.739459375979834,-406.541072561045439,136.650314798401155,373.156030405331137,650.932621571839377,-635.444227153099860,-9.785761536018107,51.392241898385969,-475.212303231589715,-127.332724953589107,258.759227654618940,215.895354631637360,-308.879583021092685,-597.713308562310431,343.722366056302462,455.553497265295789,-8.846111772847198,-402.834440064436478,41.928326254880552,158.249495167943280,-947.779958625232780,445.361295961332189,-99.246317347555802,619.456579502194359,148.718907875280678,-470.655634064086371,-3.226163315238758,-50.888857334902639,408.687989942587933,441.999861159851889,-43.703815255467816,100.340531667031200,-6.254826955257023,588.628648088946420,29.422876367092510,253.070041253521339,38.840955739338533,52.423122619585165,-363.524784214576130,259.781341575847478,-192.403566363611731,184.185844227017526,-876.266005023262096,505.464634255427541,410.066253620402335,151.705567967198988,90.966613240603778,740.769871857491921,440.866653341721474,-412.943684373993676,-265.651929071754523,419.475098040483090,-31.298093686013193,-628.095467731001804,-155.398533312395102,230.557220771830231,239.187325330942429,-503.955333708783769
-50.834631963870656,256.305283936031572,-200.633209804716245,316.019483097786349,-23.675126672085121,-292.502801481608230,-28.398009522703816,891.279813611726468,652.708470176801711,59.305759480297340,-1543.558760967614489,258.539338136973186,664.584531486675019,-801.885567399701927,668.406719706485546,-353.364360041165924,-147.249033231958606,219.613962610330930,-154.415282188367712,-95.025770454759765,-173.984069049418963,306.843810605493218,-305.260292079049691,-455.146317717029604,252.476192888275449,-118.793991432096263,-548.283003719549015,75.490558795019595,-725.969825039523016,-30.507872230309346,-65.674262773505021,119.232017907982325,117.607945141002773,350.087508446957429,266.298862341843630,-257.524476762627273,-512.224603638709709,-340.224106942872538,454.561464435540245,283.214134517321099,-653.864767945640438,-340.653458928748819,-370.299255485042750,-754.754448133718483,263.161309354257014,-153.949625522626974,427.952888142386087,600.184418076658403,-619.519474389839502,330.236402172357600,-277.858635357706703,140.468587267051589,172.651028859421473,-298.545897232070558,88.485345396148901,272.842511915496516,-237.571201330601440,148.248510676245331,61.264148120403775,-267.242826799734871,-805.487683048374947,-56.905749260038050,-249.005969210775675,285.053759569623935,94.068248446629042,-399.175980594808550,-528.144903190330865,138.900355052076975,-217.838923257376848,296.969923461714131,801.231232549078072,563.762300557463050,56.960401692127867,24.109343602137805,90.727888977694121,4.501713348980957,410.872763425894959,47.814007874548054,174.254506713554434,-428.610577440564896,-762.127318466342672,131.406457869849390,651.528887907538774,642.406037095667784,-12.549266394917908,271.763098179330598,249.598119108323147,-722.131918037205196,-507.645133281373774,202.588806704771912,-191.064386335690415,-653.219683634783792,-66.771769585608723,-31.066666080523063,145.885046315452598,717.654398570531043,-25.664474374166410,-506.707053598627851,-108.288959566543468,46.543070351030174,668.121788599081242,-267.391008255874226,-99.173610714329712,-15.634681308880047,454.410683426726393,-236.775084594739326,-123.934283378962391,688.142186341306569,356.122196663524221,-321.132063820376970,30.113664644062723,-349.442390305809454,131.182870905783886,-113.690439148748808,-39.414744888162730,277.599120297484262,-245.384135887574189,-21.752258301323209,-344.083721910584245,165.387425188815371,-778.341819577395995,159.483182136890747,-508.145591500220576,-200.800368844043589,95.219321566972908,43.575741986958676,891.315826608056909,-46.141663171476715,69.968982821822806,-1003.970942581153736,15.207848197469318,407.412592208158230,188.344474387350431,-276.009231264466564,740.751820225477672,797.491724139187909,-65.435099700889083,-117.591814401923514,-329.451844808034025,500.761510317920624,-868.454166755823849,-636.888648639951725,-532.320681971887325,44.275638529294298,326.419196628796328,27.203010875603205,184.626110830033753,448.367142140260398,-73.697178220785617,37.642652740551910
233.369053336932808,185.318820025334958,-572.906214329769909,101.177004344067626,11.058038238058305,-388.037676739835149,-103.098042396328225,520.043765222140564,-534.445207929760045,-195.120633833014296,-23.999691902149696,263.243706139856158,659.550589042524393,90.642143920329374,559.557279843829292,213.057445302710704,-249.619820554852254,356.618454213199755,-917.739757013142253,-424.219436141913945,-273.311826896286959,50.686746199875827,146.740423171633324,-311.074510699814255,715.111055904981299,-124.308514272563372,556.392479339584270,-209.401023652568909,-116.702727310016371,308.839104420914339,134.673861960818499,-166.652801293581689,284.293253366378849,181.629167107565479,32.342545768931444,-33.226306440042045,532.015707387148041,-214.489195505558257,226.411841057927035,-86.516638073488508,-286.194942101070751,-94.022405107625161,416.457798805628272,299.612754999018932,3.936913650656013,-64.421613591125180,719.656207840983825,-421.903725864632577,408.587800201689220,-63.894348088046726,-121.956709256926501,-357.458072761353719,-524.249860945283444,280.409410216903666,-497.893474505057384,-659.625297199893225,761.181910590546522,277.397071861889572,-152.269363197110607,589.926375917452106,35.761919963158249,-581.109385276902685,-67.772869707365970,-209.829289611303778,-564.807349716146746,405.780994187526119,48.196777595115591,569.693237002881119,284.469245334030688,174.486934705204590,193.124618944013292,-776.503836381617589,102.170931839204314,525.624026655834427,-29.673384897897510,244.025294155322058,-552.161136871331792,-147.473775695886104,63.947793501406771,-405.921623833880972,71.156638607117287,-129.146818453251598,663.734287769009825,543.785018576107973,-72.986715018883785,132.720207649852341,-59.741507018272330,557.542236303516688,518.077743687052362,438.846781361734372,414.552050255301651,419.108027177315705,980.793794575453262,-78.518645487633165,-301.167659311780483,-34.095231269727570,-242.273772225744722,-877.663856758158772,829.710277617787028,912.087733847274990,-193.116275025809927,187.519380229181706,352.068958871167752,-74.122110167103500,536.140115793852601,239.347427390493067,243.991947341862982,590.271149764081770,-290.160223866845286,659.908715446009751,696.107430433690411,-323.758907093037351,91.582246693597895,-564.783256702267863,-414.592665888076112,-368.566338377708121,108.946469749165288,271.747133108406445,203.995873125098171,-368.064127452349680,-133.850298193474458,657.359851796643170,181.626160502859932,377.298398673341410,-793.063600123592437,700.578881898472105,-41.007317354651477,404.393162039217884,123.340268633228845,-205.067919126656136,-440.293987909293833,-293.162130885057763,777.343181015821756,593.203119509838075,-724.483871987382372,674.448654237343248,362.627832406408345,395.303186731107871,271.228346170735676,-68.633551792202752,-59.348042182322182,-325.464342529927990,342.732509859484423,169.272292889596343,1225.002259226070692,-373.271426000914346,856.997621318367237,175.011509616938724,-291.328953159085131,-71.557462003364748
-484.634636717918681,302.161524816371696,373.051223740809405,-920.557915843696946,171.780098391403783,185.094229248551329,-326.118548760502620,997.156387956479762,-101.093982401315657,302.033155703923171,11.292290284128978,27.990796416552072,128.865516039510538,125.293924793872677,367.602862581453280,-616.843193305905288,140.832868920848597,224.553194342309496,34.476683704066708,48.135507733296649,318.866690342462960,447.340706478207892,-121.222483375546943,-79.817111774063306,710.706149362780366,340.684737297431468,-115.741602508675555,138.718721860112908,-857.508066274822909,491.310206220386647,-444.180880611809698,-33.719530493897651,422.657069126607553,491.353273488256150,89.613098434965082,364.473861910281471,400.451780618544490,-185.287899081542434,616.965775312059009,-307.968144153678281,1021.651038395600608,755.340005219391628,-590.339728747541244,-254.257798230907071,311.995871447272748,-31.095297051291819,658.975943635780254,106.987594944425638,229.593506642189652,-174.958075300804694,-692.958138205709588,-82.712806078293838,309.989998661668153,87.261699607296691,299.831211688441385,-159.330170952467540,-255.479288364421819,-472.113167293486924,475.651393532603663,-25.302981738158699,-707.641470993656640,490.445148543484891,-98.691933556238993,-239.114537412611583,-62.281031039161746,-97.780979887186447,-669.435007671971448,150.234728856387079,-681.472689866113569,302.073230368547058,197.332286891887890,172.031259736229174,-8.638991312124968,211.776325935269085,226.050023512626808,47.509168345623983,-209.227968775199571,501.979717907699410,-109.795371937104164,-408.974381271104221,-490.647309793461375,211.329028739278414,-54.594415364258296,378.235769377557801,-557.605897065856198,-256.846661170191851,164.312924740663931,-183.518700399233097,131.955748093133707,-168.048234642017576,558.763511934582880,-248.021064384771421,-545.751307247226464,51.135380482552122,251.630309459994891,-429.839255150213887,-77.654958501343586,125.533547102950791,-195.904200813391469,889.270819751417434,-274.097353711143796,117.486247744447041,602.167953822218578,499.043371295734346,-141.811902030883232,-497.414233842711155,988.486492084061751,-510.990712592760531,271.581209602531999,-412.018830013237675,-313.158831989397584,865.883022530355561,496.106262496805471,-147.612643860678673,-51.288191372948859,221.774251137754220,-283.494384274980973,-457.722675397948933,-93.718961376666371,-114.317425697350060,-373.401480286777598,-756.607224555248536,-750.019738691192742,-0.238379040643208,84.243844084968373,-409.452877595233417,-24.936810852293302,-659.260930703538293,-292.677896841515746,-337.390732009675560,-572.328055117162535,-411.947308071314922,-48.350647387177091,681.337569072386827,103.991942207421175,-88.248395680200758,249.296770002336928,-1134.895806392396025,543.324086677264859,509.607401193060468,-294.995817393004302,-513.285993230363715,-261.488272501427105,-143.057042632733868,-295.104884759961578,-497.320324201438609,-504.075806059169963,-354.869783935854855,-590.592002498963780,-317.070865928342357
53.897899490830355,-55.711298074840869,268.348781488445923,127.311487457407111,-364.435081689735512,465.588342077769653,-504.876264243779360,206.995116683812938,-245.896295039971335,-79.775179864745439,-171.880830350204207,220.238409657163487,-189.233829617584348,270.336540532989943,91.864755655795747,263.756075079520599,952.993682876987691,429.436538206165324,-532.786023261933224,615.645996791111543,-40.381725830083646,-40.994412823960332,57.089259362755882,-288.780894118126241,87.159085097369967,-254.002690534921413,-723.421212418255323,-380.188789679089780,567.655708880442262,568.426902345112239,-61.698329367022069,722.799032523023357,-97.297028160175927,22.922249401439636,-241.944788696165830,24.076026687639001,-524.739669635488895,-161.437346197323706,-694.000914987822512,-156.125554435731942,158.150485364350999,96.436660689230806,-388.672076364244163,274.531090985807168,249.310592231443934,-450.143746170821714,407.679270668687366,-465.401729870319684,-342.949592899746449,511.373979720791169,335.128906925848355,1186.559303479345544,-797.648474766349523,209.904169648234529,596.049601422367232,37.157062300102382,-204.774767974731333,-360.931428187416088,53.581538475477814,341.469740588175569,-262.760096609073798,-873.214930974327899,115.931560922889915,-222.605933584963140,380.600168090980105,637.268891942515779,210.361124564548476,478.746390800746497,4.297479982118475,-472.598179169231400,-922.901399145227515,-177.567243811526282,182.780976532636259,-94.066730951869545,441.418723262364097,313.372285202164619,-157.081798433875775,-126.705692056673882,329.389998202620689,107.823828040651392,224.203969288239193,695.161218469213168,109.148935665034173,406.851215090901519,-4.671204523883262,334.798018805666459,1220.202527809894264,-129.668063926141286,-120.539687372530622,57.027823977113314,-39.973302151414657,75.896238222036047,206.757820720929971,623.739294079083834,-177.623278669335775,503.809783984744797,-586.997179170942104,94.311086165446980,-135.920097396723634,611.533657519206372,682.105664713273427,-450.884537011034467,503.272627543736348,155.593801120989099,412.870565889679256,24.869677896078606,184.210995828882375,135.761089076013775,-217.864799051592399,-183.686226502286360,320.747516517606641,-659.415183168871522,27.824845639058246,14.819257241709217,537.311034646415010,-459.026359490629829,-1.503254134186555,-646.020878275195400,401.146761730968251,-138.589613572081191,-167.685696701849821,69.624818596072586,-284.189991474062708,571.823079850142790,-371.465044840576923,346.568279512159336,128.626923141166543,246.443917903065540,-420.377276372372933,1115.829348106821953,-286.499595409504650,273.464565336731482,467.384688805092480,1095.999698942204532,10.547029093553434,-500.125886045844084,445.432046169430123,196.822698864229579,-875.002488120140242,597.010194349065841,597.656836735224601,-148.589249307711526,230.548564699279893,114.761749290444143,202.371306448962912,-517.551860278712752,710.265325208230934,421.975738383502232,-14.199088600971514,989.377253957084463
549.553280065216995,-288.103508672311875,231.185167607259132,-207.971180996025026,1.642876389665540,43.335225620301117,71.025194897179603,-32.391257877247284,303.130118420524127,484.414422615757189,31.922013068770973,857.341454715852592,410.268973400108223,-39.837645291303964,274.143081327235564,-732.283232618640000,-210.487886581540664,672.452882938463858,-131.200944038009936,154.321041404963381,-196.337119390331253,-18.968686416508994,144.249799232921106,-564.121345192718763,247.299525315160110,102.542293562150292,-96.549987869363605,226.777059562376309,-50.411624946518870,215.796382868878965,-384.821538373187423,-437.978266173453790,72.821928320633191,-281.443910701520906,123.711276127366560,216.933739731036553,114.394494438444838,-176.430646799220597,-538.303025128415243,492.874541585515033,447.107529104804655,-657.421183316923134,-35.041130687936189,264.598686920379691,262.479745270300214,-42.599228319832335,-857.972956584001281,327.051500154105270,127.772222175085659,178.813861582238189,55.375599721538393,-313.582120285775659,-674.175735548976377,421.793299656690067,132.947705494832519,-305.001159293037404,254.153456028551659,167.425658368067161,114.452712241145818,134.998688597079024,26.121451311512473,-860.908047388755222,565.958910433198412,575.874974263760805,425.594161470587665,353.377749191382009,89.946939273454547,-294.287061571419542,214.071092208075243,-488.534706961638392,-255.360896288704566,200.386443854083780,-360.848925618615340,-186.669290254570683,-85.826808753334063,-697.143503276083720,529.303700651586041,-134.412478921248407,3.486390779246630,357.687351347068784,-61.970077471149921,-487.416121675586226,64.314507738428262,-336.117945585564428,547.960681121094808,-50.732264055461165,260.595590250769533,601.506660132559205,280.293585957554399,402.160591559964701,267.510612325815998,228.690523813755306,307.580698155887092,845.051791708427118,935.727331188557287,-134.240449949613264,-5.976495704016500,-531.166837779972298,-194.888957074643997,47.966358844971168,114.223848106422480,-541.264955058724468,-41.805031968653523,166.109313521888055,-82.569248499837158,-701.292657763193802,237.185624387070845,-345.384142750012131,-388.077046733352859,-126.611836265426305,296.054942641911111,-545.664808397358797,-156.377527256531209,-23.098143929207168,-74.860864296060811,169.648144635052290,606.568758040341208,-207.659659050246745,592.466267416482765,-17.741604515674283,304.688708576182819,-12.223200566509913,235.576921585761141,291.925636262187936,-254.897725882462595,196.753649599842333,279.947972197773424,202.671027093022957,-299.028733640395330,52.365543881208673,14.000115361303585,-419.591880105042776,-116.181558849543848,-449.874651466893511,-318.143474177757071,-377.142163908932730,310.270064337039855,-185.837012826130319,-209.031460753654841,211.823272789215281,-159.164389627504534,-525.740514235979958,217.604899631594748,327.171028088195897,107.063977208636246,17.987028430906804,622.175668119218017,908.844379849053553,-205.941369336637052,343.682176645439881
-77.870495514535236,115.904737428392508,-89.969081570818091,-698.526392952527203,-94.190712272194332,-206.109655996257914,-766.297782192018872,61.256968470694261,-594.622295591430543,-436.555366844364073,29.920114419780063,733.137420883577420,279.436846434006043,-167.855562068515837,876.437873352280349,-236.563873377450449,-825.203833298827476,313.484703610397446,-169.410561356619695,-413.148940589890231,54.263425837665636,495.489244523961020,-633.215022050276502,90.571199047423349,72.145612560708713,-287.462963450537075,-130.636307133033938,543.146901223687109,113.818531529656113,341.742767782568706,-503.946079491272371,631.932444196148140,-119.637140070577388,-607.393648623018748,-106.509239460556614,-61.256510828386133,360.275311198963550,59.577394992935666,332.210988650952856,-393.388461765415457,-228.087369295067020,-529.749353781401283,15.751244676910844,680.190243854556684,195.409104096512976,-36.779236977473047,472.637324854313761,-207.294443037288829,31.636210191122515,-628.531181312165018,-522.352564545717655,-454.062192393570342,-321.864458906830521,-82.390929304750458,-357.337584458819606,342.146850429571941,-307.514547019411566,-172.884025056008767,159.561289868749270,-299.602598237806149,32.116236618816252,-226.672745891229852,32.924801625316974,618.401130003647722,406.410776923788603,-416.856457755168833,115.033297580017717,-8.075536019925089,-38.804010901197657,-461.396629939469392,349.671366928576333,175.985108410388335,217.915901890756544,-1079.054836208520101,-425.736094718263359,-636.679110207065946,-263.773964238019801,431.416144242535154,320.417223200341425,-32.922368350849467,-354.170062905324130,-134.340595938958558,-163.135288764723953,553.394208333470488,537.231226374341759,823.442149680345551,135.094582941444060,-65.477683047368188,-316.844729688305733,-427.830776141435706,303.983908255573397,-338.159389502216470,-20.902616286435865,-780.026939489062329,348.686942115469492,-163.314506306673195,91.584128343034024,-198.649886407374083,-64.277330153070665,606.934964937105519,-84.086990748703997,-827.176329475043531,-67.192095337648226,-361.073070686744757,581.482868242173595,237.269869784809288,720.452222562472571,460.562715455491855,-103.796450083107729,134.484734050613611,-160.077364452342920,-408.643347086010976,-292.890592039501485,-983.997287922719238,-181.552725202877554,-397.911999933674338,1324.247023632904302,389.700607903222647,47.709845569306964,-142.006516734126734,-627.728780070822609,73.466805754471920,-586.095126518536063,-185.468527861195383,395.058451975557091,189.381739555616207,617.058298845200511,-438.899869459230104,504.859867426028245,-666.886169623343676,-438.064358149151190,149.218530037632803,-199.665470563539031,-221.751751321017878,294.678550619284977,513.529454325162533,-543.694461000658066,11.422312708552695,207.330367885940660,-81.796922522099806,-744.544070661654587,-259.735235850861955,348.304142641169733,385.152290057678783,864.553938791520636,-310.655999859242343,207.815549320667230,764.639206632772584,287.130981770905464,469.179808704725417
479.597943307122989,130.556106264442548,-934.562825703166482,539.279830386133654,-958.686673233910938,-668.888365272508167,785.094570860311592,-214.853548650918270,82.387894017890659,-301.920517539309913,68.658603597476613,221.804328603789259,237.028399237522393,-172.017673286027673,-57.472662151874701,34.025124523322631,681.596645059612911,422.216525956613282,-123.494892020411115,-86.253393616659778,18.419327512970710,-472.618125907471892,-238.531412098778048,486.710171121792996,199.678259149406927,478.083694282205954,40.344276176378486,-132.897997084712159,-97.082814276985459,-916.280113776936787,271.332723590672288,-271.535274474767903,28.999784741751139,-816.978643764577669,68.523000715892778,693.587872125130843,-61.969725066767801,-113.303990006095518,138.288391417163012,-77.299457786898074,-774.971560219087792,-565.772209017003661,676.061821943128393,349.421900153297372,71.324018302497919,-613.448941208249835,108.586811456656051,424.229969445865549,-46.854349731032627,479.629883833990732,-550.283370790269146,498.061353856413575,97.177081091127761,67.089178185379154,-307.883494928216976,409.070720965830787,155.388274691582637,272.826204275738178,403.737641514165261,-305.691083578363362,508.383254314590033,-690.406331162753418,140.064824497526558,1063.651916913845298,135.917597048796125,-771.301801222162908,118.495225855272778,-663.653770466026572,32.212971106588654,413.413360125204747,94.353835588256032,-71.577494837271132,-491.411577679780464,-248.374820699156487,-454.415283679804475,60.393873195651231,419.035644676425989,-483.497099221378846,377.531100344617414,848.197044613799790,-162.870343824872009,-882.822882473470258,-37.058832304606014,-197.975226503903826,-188.709963012550531,945.739441944433224,-729.308185935648908,-302.149226641615826,106.225212847900963,-37.675196178203166,-221.844315494525659,-380.624881060751250,-2.391215991470297,296.821013172005109,-162.830185283000418,382.009029418341129,107.251546947029908,-78.494791455975403,533.371160639195523,-472.826392060318597,236.718915537381747,333.791628436584176,142.823376371114591,-472.914799490867154,-70.159399735678278,-208.659047701546001,-95.665134708654918,401.378049965602145,367.137926508807482,-542.648041666773224,183.919406491910962,245.949702984131079,707.352154091377770,-169.477773985973755,198.072944240700224,308.289596652046271,419.334186851158449,475.723627483811299,-182.144626097996337,607.029345690939977,19.341269115982598,-201.966817834849877,365.001063005223841,-769.224120261283360,-210.535864768008253,-64.369380155661858,-67.369094929029046,410.906886060295903,270.015494391713958,173.712071553788320,330.594952014497494,-665.355755957696488,-283.148158652887162,-685.131087283210263,-320.779546627803882,151.567521460651022,-323.199292183555201,518.192545868653383,690.253257154058588,-365.817879853216311,-483.456016198027783,496.956952784288490,-122.499228560716119,-296.105339354068519,-298.511869586539660,479.631127163134465,-859.826727133469944,246.589262919053681,-133.044258920990075,516.966144077940839
370.128361546133135,-186.756353401888020,416.091588584928274,-479.702781189007112,31.041584754426637,-346.946519098320664,590.389122055230700,216.462394758726361,178.337290803571790,160.154698316815342,302.655796319896638,-96.099866588936038,372.552033506167049,480.561396882564509,-525.009082240258294,-140.765884002503839,176.575097544587038,652.571727283777136,146.342948002452601,717.907770037430168,464.152145253334311,-285.260689496764257,294.802865955309016,-291.561424246852653,372.308628853849939,190.309165523821235,7.689736039484604,-29.932419038999988,-470.099647885211880,-535.999930147917212,-23.572677665937718,42.222297324803037,-241.418226726019014,-48.560182058180331,-505.693403059128457,640.834252394636223,-247.389668301298798,-400.031562817696567,-254.746409432178922,-618.297843892531546,561.689226747743760,-396.852804166586111,-737.646778171413871,278.929061956452642,408.827102577471919,98.807007387504484,216.723236112682571,4.095445838063590,-249.290673415127031,-317.578951961190114,-130.169546259865541,-397.143213638163843,173.763189866514551,62.279798440101978,-390.936185240807276,-425.886397672727810,162.024541284196658,-336.677262501822952,402.280392995009265,114.768594876107130,344.395234021493422,247.483266198202443,74.778849947270004,-15.364664006706453,-555.057650651050039,-352.068519670079297,-162.227198269473718,-684.326454020221945,-202.713599573238639,24.005416229613584,188.544038846512734,317.724220048146094,7.978947366644611,-507.958696767569165,504.520044451511410,-57.603413771735291,-173.200723145205956,-64.044746182861019,330.941300055370789,161.059071259154678,-58.478325309266239,-17.921932135223770,46.215911123337001,117.020003608618055,57.211701008460068,-52.674855450330995,-280.321955287726155,49.965899765474745,-779.817223331364175,257.021599929939782,-181.053596053583817,219.734107596507556,-165.272212936711185,10.002881275500542,63.898545550645224,-214.828244382056567,93.918608606286398,52.191550529543576,-397.339353013441269,377.122444713884136,54.128545452402307,206.095358976668194,156.005530051853100,-263.966910214192353,-306.203962949539061,-517.107593230320390,178.305772189800905,423.350442640202630,300.668094182100901,-618.948593504367409,574.269984706005630,181.783820793565496,123.547949724415673,436.749200545760914,95.893422642020312,-4.748909400564912,33.328037830449041,6.855538937398620,671.898588786141659,-236.113932395388304,481.270376603794546,-307.431521170108851,-114.678423267752621,-241.083208945691325,-339.727356554817618,369.895195012829845,-645.248345684299352,-255.142283985573982,-463.084025681872504,389.193761510395689,217.902464115718260,-205.978139082866733,521.328970364093152,-302.922766635085566,627.078198113340818,-130.764164920543521,72.927925271281296,-30.873928766687975,-39.125629043859213,-848.091133614277510,365.805892868855324,-156.810694005989717,392.100615222526073,-795.193871101183618,233.237580555747400,777.125226285587360,322.173413793432303,-245.622367138223979,55.504719292337100,30.511251739340629
-170.543930627733658,467.288335219711826,-184.506927236069629,87.677352085849336,53.254862575301473,542.315769036355050,-613.326581271971577,-850.114018459600175,144.837931978921830,1050.515817510794932,185.568772630223862,-620.999079041609320,-37.398070366196414,33.175221583711249,182.293866232573919,-425.592447598477406,739.298489211319065,-340.384323508435500,-390.622637375364775,493.463203542978533,-621.526748708941682,-268.001659710848912,-13.786810833117389,-292.000086644024520,-529.296600812199586,-334.816281976465916,-379.036243146790468,-12.897435427301350,319.195767226346732,-122.774118787593252,435.750216884858446,-376.237659562691704,-262.083639151781938,-334.675232167769479,293.146462085423195,-272.024477186586978,799.193218972707655,-581.703772083471222,400.368809629705595,605.136686271944427,-588.577112101370972,-291.507120042317979,-559.167893091206452,-300.221406153946759,-272.063423380177937,544.971926848243584,-188.133926655185206,565.279467957497445,203.234498127486376,189.123768706678277,381.599111635293980,436.271517797278250,43.705156244377584,312.049401748282548,493.931931542419761,535.965427938554171,430.273589507376130,696.465016690140715,-132.083346815569286,-86.722459424538073,-237.992765126566496,-129.415518829642451,-92.780268406832107,-372.681128729421403,73.055884657007169,600.580349347271067,121.244197968781677,-360.342047197620275,508.380115108449957,-144.504592287416443,-679.344902622481868,191.940142842438149,54.514539000288458,10.843618413789592,-270.256860786007735,480.441750097676788,274.176618561232374,-259.941498868829285,236.508805971084598,128.934855515659081,331.296789310762790,-301.760542076808576,309.775076614257330,-955.963542764366480,174.931551231241571,229.212887261496377,382.727998365298163,31.371175644430497,-394.746529003885030,103.001962714793407,92.887923426633989,503.829258070747301,442.121641544218107,604.481986221244483,-349.187698715973625,215.470691802420532,526.126042562777343,500.344153993249222,75.785661356472133,-307.405779150189289,295.646785812874668,-502.459845827621621,373.447657215697916,-323.145834007600683,-0.023233585702068,-822.515547399174920,-587.668917062398236,425.739425450460431,-356.448020289969008,345.228947409732996,63.643946628946480,-315.955410891247311,97.970518377004424,393.215246084790920,206.122342105570624,326.768293872571803,-164.530608983536041,492.443869294678336,-284.832574653992765,-268.795870470963166,409.625777345568679,248.735015067947444,273.028246429241165,121.521284634386561,-128.558810838573294,-387.019244182419754,501.331650660819093,-714.830395144856880,-245.849329676716906,120.083699744102574,367.754168542625393,-257.759267431239152,49.457930541063540,260.242131224252716,468.774634769253680,40.102804040008145,209.844652886870875,149.985236189574664,316.541070152838017,-657.334811726373573,636.595842543179174,219.681263867910161,-5.251319019640871,83.715002001748346,-94.369458048246528,374.736874788676403,-116.499650816109508,-627.617235933117740,-482.616305055766077,160.749711509239631
286.962485280762223,312.470125312718096,-244.247141985977919,279.530806257352594,283.901960557995778,-331.890747021146694,103.381105827600194,-272.207776941015027,762.620222688963850,-20.716254852130735,-91.711423994834405,529.923175293616737,-467.139236309872729,-35.955393705637505,-123.172057005287172,407.708708293519408,562.528980234017581,-386.230897667485237,-223.398797963496662,6.831517160545424,-304.437428543594706,92.188122312681514,-129.460552993623821,530.238288825420000,-246.866858729406630,-147.374403204717339,-123.925302150005109,-517.001323814863099,351.908394365171318,-33.503466836441987,-375.148206559792357,18.764568493500903,-4.479318216190252,-143.846053576330405,298.876908863131916,-577.892387300212022,269.598326494459172,445.800936444969693,530.394209811422343,38.156244123780439,-296.857653791599830,-88.841058794580050,369.330306162721058,460.016830003705650,-304.244522333812597,864.070809074617046,-26.032949181821465,558.028955103533121,-500.336723140794788,243.976967810550377,632.953969368610387,-562.859971202226234,-300.807762780879557,542.750915134634965,-206.107737187761643,51.331621787991907,370.028738530445992,-56.202092751925399,91.183214931940768,-488.737117067848317,-30.342696818132701,-125.762752734795583,69.390585953850064,317.157709691983030,-364.153693122310301,-640.690018854667414,192.494174437222057,127.508436476653685,362.535928951358869,-111.882673867265197,241.920090088927651,584.338855343847854,305.011896012641728,638.643799505691845,-109.106158177339040,73.368508359806199,896.511563168730390,413.116741520808830,281.696840222350602,565.457561752412630,-454.310350740783122,-202.130318176115821,86.610734208195794,-381.859911109438826,190.465330730379378,-852.557028494721294,-476.158700603221519,539.565445289043623,116.776697281705665,401.283323080582647,-297.030700808902793,-144.092934875955677,-401.294689946867209,372.056566584411712,1010.621794183972611,425.134995145150640,-123.592141319795061,356.901218461323822,-75.605221499234261,-772.890897247444400,-230.305711443189864,-634.052057106758866,-39.890286433591143,-336.568509005341184,117.379019664904433,339.205654898673743,-158.429644747096063,-529.621292640299430,691.203795799131854,56.062628272886435,-275.916874975435519,-227.524638557480216,-361.375552482016701,326.357855900890627,552.135271920899186,414.680415225352817,-122.418397691512922,405.224365826445478,-280.403607421865615,-249.077726766348007,-386.018798970653336,87.677898620106475,459.953111841494945,-79.996006789207811,832.607515208098221,-458.104899442398334,392.388546733359647,-670.796825404644096,-22.678697888787106,-139.610011879139819,-60.250465460838335,-105.298538727489714,-369.161883508747621,124.908683895622715,-32.066277414746736,-230.730772970562157,-76.377624908194321,6.346599937613973,77.618642426328279,987.087513717387537,230.145998552534081,-446.385439790883538,-50.206615256748535,-187.889899279274971,638.614790190701456,-477.955608653848856,48.256862342886294,87.117698205993108,701.348294558176804,-287.152068693987303
501.403664269825128,135.026000762569510,236.806297139113070,92.284724234551831,427.732364346158988,-147.144683861875336,-708.388228236281520,-192.276948353864242,-295.185083652975379,-186.833624348813970,-446.022468772036575,-51.908898317482475,-184.834542830739025,-113.215597677344732,-50.348806136332087,-714.336446466597295,-596.725120816831122,-295.072172413688463,-369.651993407386669,-239.172787065135793,298.379109667581758,67.300692628532147,87.285885471480896,513.288037101190412,-706.974750496703678,88.044904080238283,648.615682330085292,163.540989960866540,607.082965941952580,-738.909801793046995,-147.741785724954667,-544.748773770819071,-148.611726531837121,-715.409391450992757,411.975696288797280,122.427687291463940,-385.743476733589659,48.923331955631262,-107.334344042364563,-637.899267023104926,-201.387022304579091,352.621189242029459,446.982342882460159,48.847017136473312,-823.192914205458123,890.573332354841000,-34.674456061479319,-932.509794789978855,-199.942697296875338,-135.056420064237670,-208.897867257067048,-136.342221764854941,-581.940221114776932,405.673226409605604,-678.187803964648310,92.035995749347293,-244.120822590066609,-288.461494182718525,-718.662399686625463,-320.643673363250343,-54.892145279083707,-135.313708073406531,300.657732977576359,85.992644941491164,-115.050936318277024,-64.338971105615272,941.182747318433144,-805.884656034323825,423.495707240445427,-129.278895323173600,-35.827546714466649,-563.904108102747841,-633.301777905350150,376.039032414902238,141.862331379556309,-321.484470060171418,-69.073789971511545,59.780137037687275,-238.730964261537736,-211.055288293022784,-338.683320726220359,-129.846183534530184,7.151564042475382,-255.118821363798077,-395.194026612477785,-1013.087711526303337,77.622904044457925,519.506382190471186,2.232116093768948,-11.096558671065372,-253.228206742393894,-66.724017354944152,-116.098342377478360,-40.805210261094224,463.330778849285878,199.345902322763749,93.665565648274438,1.851097169367625,-711.516500029415170,-1051.043189166569164,-516.610245417179954,-227.812428544643552,185.808876212058777,37.429402871750995,-323.021582874207468,751.618467683363292,807.292077232505335,-516.642708872081243,-350.529286875530545,152.960572896998144,-353.769135430338906,453.097583447457396,276.647904947480242,762.175337472995125,292.775021322223836,-555.246106297229289,-77.895222795336736,-342.987677323562423,229.649649855760174,455.956315059282531,22.474318084410100,-596.146785164303083,-407.606575303537511,290.375322704025621,197.133131044358976,-282.824141057405370,-419.617727834116124,-313.530155406122617,-65.172232350327320,-706.885378161890003,-63.157431125481700,-57.053913750417621,-732.823201892967973,-424.413856078665731,-270.271020654912206,-1047.737934098520100,-43.304073443561862,-664.383794104720664,326.808808970686073,486.741840033076471,-108.188760046993295,98.011269977570521,-93.317820114322856,29.979116851352334,79.733817329556075,-46.735834836202507,-72.467048721050816,-233.637774678471260,-502.969037267346209,-283.058703343217076
-707.689521986928639,-157.606663000084239,-419.394957164079415,-305.558652881177238,275.269568528287721,198.647372673884917,211.905481095202617,-643.548729626913541,425.828598793503375,-137.006619619863926,191.643974462309927,-160.621363716700188,-317.965660883612543,-170.903340391065257,-90.575733854916109,508.562366122458116,-915.066205119004621,390.290055132873078,-7.724419231219462,-733.068878945100096,161.932551689617156,675.303354742951797,381.212209461453824,-685.785679527488128,-182.021016932630545,385.245320240748697,-344.695401229725690,-667.403546249359124,75.750935632674143,99.113895164366653,-207.560964877039055,203.844073767891501,-421.750651461941175,359.135533462908427,-807.703662592921432,-637.989879245271595,-314.306828179226443,655.787809782005752,225.786505529092096,-161.128580294412046,7.755554577210123,-317.345237215315251,-429.256457654896394,-185.113508432754571,502.723370186686680,-789.749334080810627,-430.998778276291887,3.638288163434801,-233.611853273919877,110.529782110394734,-357.231920300458853,-42.209082500341488,131.248229201357816,127.280289971882780,74.824222319682718,-30.151446403548150,-185.910720768044285,312.183905405565099,-187.417820342256505,191.286935491834072,764.510478096610086,306.403968436395189,505.775611453843567,303.076494403557092,428.153253590218299,-750.848171032783625,0.181852923507098,-11.851305276666885,387.282916648463356,-4.319184328017791,-39.577183306115536,279.623039595000932,-237.298628777041330,-154.157326179032054,521.314554230301837,-746.846986578569613,90.495294065250292,46.293560875221019,-492.062220381840632,-555.635342259595177,-229.525892038213811,48.391804602284921,-457.311678784235596,-12.780183832188477,-3.452920902913874,149.883579256569078,231.122216282235399,264.738152785993009,777.148686040151347,-698.887185327805128,-469.273033585440032,-552.959162357083187,-35.653366579503256,-15.621869451211516,-272.900667322513073,-412.099248382140843,-51.582602889338446,-373.637864575569608,-120.917889094472997,300.358458181548087,-208.591672105497565,-179.741625357156067,67.771332836772345,-77.971657781872153,-225.940225783112567,342.036631710939616,38.105556639503391,410.381201071757459,136.604814515420884,-623.276261137206006,-209.279924217682748,-68.947048418548462,752.983447161999038,342.693064288773940,494.498357910353377,-729.626075194427699,118.676391465324883,-46.361205718680452,115.694571913464998,317.754952841317561,-29.810230463144848,-91.562176864289029,253.649855896372969,129.037974128314147,1034.635324959655691,-361.512805300708237,-24.437005344895830,168.217547969073564,146.747971782844388,758.688046751056618,651.544236240809369,160.498999479064054,-304.737269788711501,-477.739671242812506,171.338419311632890,89.706731079454400,114.258526461131339,-73.995672074870143,267.448410958645127,196.948576877977388,-1122.932543621169089,-360.083530764025738,-22.824310683823921,-154.115496294665888,268.311223899957383,-303.912029264645184,41.986808112050824,502.748582448558011,212.418333487660988,-264.595818978750685
-201.953182450893109,91.596352603702883,673.403199201156212,-216.330936640623406,-393.475343808985599,-55.625504263999510,-215.009521302348816,-521.364837537836706,415.445145494900714,820.458946736108601,-995.135553390799600,253.462503735308474,325.437705962906421,-77.261066335801544,-125.802695187426835,-762.430513481557796,-171.264857189886214,-549.352432968454877,-186.207386442978049,172.618370952781930,225.334725198496642,1461.588103149821791,-266.598280706654293,-418.326863348879101,12.425777088211751,-728.494565929384294,135.909289910554321,409.735602632595828,-321.375783592727771,115.666559063616901,373.507641701928719,-39.191040348511827,201.220344265047515,347.356760458620784,351.534588241856170,5.310512337144448,747.248215960408857,-6.771524769067407,550.399579103812812,202.150500321817702,-483.089843230381916,-129.761439245115838,-427.995242445315682,-593.771066226083008,-64.449430713592037,291.994332994109584,513.273824913557746,-14.643486221330825,-24.242966935726763,-251.601590313524980,-306.900627719453098,827.453130821405352,138.752182596258137,969.350680893304684,-75.126306310284775,797.100136435237005,409.380136298620130,203.693671899308953,52.199951832989491,71.513174206546879,254.252972030120020,154.813548433410489,104.941346921467385,225.517954079463578,238.159270900376612,-666.938194907254115,-240.508374512681797,470.502558712442521,-383.700561975946130,-409.424072909819358,-521.126966581399870,237.144735496463056,252.836501861805715,347.812749270780614,225.278685050473655,-393.561614389614135,361.076002735198699,400.348002346005103,-317.698062111212323,-1009.007704031787398,-608.864777231749827,-384.415002756032379,660.498289054825364,387.576331025329637,349.690764644807757,-78.702971516672889,449.324116114822345,-810.462218113121480,-140.364979606572604,498.044996634803226,-119.987069806382735,-572.250805009334044,398.223747946674848,-38.105933483021417,110.106703197383084,-356.137868625156159,142.368166755371703,73.674026515065748,-340.761276699147345,-125.273780533127550,-236.060427721510990,-97.053625966759952,-27.847771188374161,107.822569995557899,33.421298965384821,191.917952782865399,403.834772698670633,-273.920875251582572,-41.816992483644754,-301.750724224351643,-149.831350255693224,98.395519941702560,639.307667206409178,-244.636156093769927,-162.921229199922180,-290.046492058512001,583.814858210369493,272.392341547198100,-1.912668900291160,39.739752584276935,-127.075473771676769,-141.757813522345771,-412.485281261772514,121.566774734746957,-540.122787987023003,-302.138016505108510,181.118440625745876,-420.188998632636810,303.051921103147322,-1070.982088107532718,-296.176043727681758,199.805299044760432,-230.090549658519222,-352.485703568536280,371.011480631428526,268.242407057542664,-32.227237123165025,-706.351136070317125,-354.934341438327465,-286.101005547522618,-1066.961916662974772,-90.804964799630923,-326.681935849617844,343.763048001447601,478.205911474099992,143.273464366331694,446.080072933032113,451.881081452490037,-361.603472545990371,-342.261608862986009
-335.130309205975834,220.797341658570843,409.668111761880709,-150.467497815217740,318.607650648151548,406.708894566518438,-192.209731047601224,-579.329842331621535,-241.413811276041201,556.617033913803652,-40.013376673700876,496.783049641819957,203.915192632993552,-347.235012909368720,1098.553928075954900,231.002128306331912,334.127452582199851,455.621858038846426,-171.840058387020520,-710.528001690503629,-530.533072496502427,108.653318051094701,535.191466402585888,-18.441451103736874,-397.530684106724095,429.032897509844020,-169.900169615402433,-556.356064390150777,831.786338239147426,-388.672101492295440,21.086131943810660,-426.943026499595817,537.350471174209019,-836.071572353210286,424.603529785357807,221.542247684932647,651.546691033407910,258.941847187304575,85.888784700045832,870.241930374902381,16.714378194566972,-582.355831742839655,40.655365309121834,-244.223395704973967,-751.511645150155800,494.484949791315273,125.084098337777348,622.025969641700840,-49.656640584830143,-464.479505149982060,-593.089692806188964,-596.516439931691366,507.128103951786500,865.228476337155143,-690.144610277259517,1.113664098246225,159.583418562160716,43.977609824186523,-411.941380307185796,38.717080772808771,-510.034657225214687,-728.676620039112095,672.598692447290091,309.258386348632939,280.459470587785233,691.159728443326571,-111.220470132612377,-187.861195159373239,99.468252900346826,-294.038917382950615,-305.544346704207612,-26.309719673019320,474.208793930176114,-524.273786666121396,-517.253773612520945,-76.320033126024839,423.027616890294496,-44.028817507220410,349.687226695174047,-171.620985671375536,-442.866081492840635,-12.791312776104393,52.397097732370696,689.159580307462988,289.670947747485343,327.859241515815654,-70.463335238453553,241.908458158702160,-121.472803452796654,662.511894264851549,-6.225508843290156,-148.923354083606540,-59.307716326032164,-167.228946228570351,357.388805419424841,706.807571074794851,-145.015743420233264,-2.673145258783025,94.673743873220857,-394.413838191331877,-534.309254003936530,-252.230996614900704,-99.419495191858672,-201.569977770224170,462.171671330368497,-210.409572792879487,381.639811950778665,-407.182452520126674,561.643992280753423,22.311298858885227,-426.099900484360376,525.834790719106081,-244.894535507597368,531.538856312197822,-191.650037042001173,-156.161201072471954,669.866894373182504,664.393560233515586,280.463217469234621,-192.554547775376022,-180.236135518280747,132.789116561304098,-414.935830010715165,320.113021487153333,-338.289983024229912,-258.840594297317409,623.808888581167594,-315.185711980619885,-420.480220752845810,-300.687230460750243,205.809482177020868,-510.417823821726358,-642.055701405369632,307.333706707692500,-573.420543523205197,-398.784212604180539,266.297517913319609,287.197956673338695,96.779759209677295,928.334656696416914,-298.222754035784931,145.939860006911886,41.267667683088149,45.369298721312717,-481.577181411061247,96.741606838729297,-579.847146560532906,-217.428839986186745,34.252136578826139,613.677740706506825
-1138.232754000999876,-66.960572758572440,-300.609577676014339,308.617093637573021,142.979928757994003,-204.281058234336882,213.468357474947538,65.457363022550368,254.440463368895252,-421.045729636620990,-134.127029219988145,-817.791887999206665,344.288051594109163,-220.307135370658898,906.642600394328724,-22.886443426330999,378.033171104126666,-135.212048402305726,229.109557330942152,-53.547949306454377,275.182594469782089,-134.713725715505717,154.861558195990739,-484.868828228286986,-498.227857841597142,285.310768658476320,148.922727425745592,349.030595156446395,-96.393136805390242,-170.708971600809178,-96.450050583307984,-18.934489399866841,-153.258313573496224,-92.096009221462879,-236.933272478909657,-189.189133002100959,-199.495645964160332,-145.317713970694882,637.269047145835430,-295.382856086376250,481.078058275972865,-354.494019648996755,-182.195732267078654,311.525742691997095,614.685751349134307,-529.164166956935446,-25.818877863370496,-32.756023251331520,822.728735142955543,431.314776307281818,100.010923568367403,965.241848087616631,-104.367021500333465,478.440651124255339,-399.950427306844063,442.286151121443140,-176.238328766381329,755.564916857463686,-79.731380060463451,-193.156586994361817,38.905341559124452,422.720588118593241,444.927215213762395,905.993663841569514,560.517885947231662,-244.881643026693325,122.432017343795195,213.224483713792608,-201.695795532844414,-150.529824634777412,-177.595423023559590,-336.216566358463012,205.108236926189363,259.324020190861972,286.043114678715654,304.473664260621376,401.020291990941416,-15.651013780370398,-338.790034651226620,-331.836829322907363,-404.789225427763142,632.262714290671738,112.374760961962352,223.476807156319154,-101.554294860717704,-182.882918978625810,-106.303223534712544,-943.078736890855907,489.211772856729510,-304.665621629377256,-127.323194841132306,162.352552937944836,109.801898615078770,661.133254517967998,-372.125660720417784,-598.590010301610391,-425.843232181476310,-566.207022811838669,-426.340441511502036,-130.743845212263125,73.234610694152252,55.647772428438870,-261.911921422984392,397.871599518259814,714.056520879460209,-745.884860025959824,154.167935427921634,38.535399534984705,-103.310933976814894,-696.881115322792425,-461.703268266872783,-214.058745086241515,537.825723144309222,-69.036113122683645,167.027504793677025,-340.717493142671174,153.623566283067419,-689.587092700356607,351.388387921549906,311.630729965733508,270.142516578077050,7.469268170066375,80.421515423117256,286.576000148315359,806.260533902938391,18.144484105341757,-302.411033144034775,216.842528325211902,10.682361972817823,-242.292875030361330,236.443440505597323,265.087047323041418,-290.464964501408474,-244.885661863373542,-55.084281903757528,-257.751159414700567,268.425693867094992,341.764098397576731,341.453683711426379,731.758165599593212,350.066377181149051,461.497263715187273,106.406424300825961,122.918427495791946,3.294012497224074,220.658274990030463,87.132730200451903,-6.069699336254093,398.014541834902275,-200.863844335610281
431.545823956264428,301.858555402896968,315.954578583434682,85.659982437109733,-427.340954259386478,269.148919268252087,-208.602732941957640,290.243438975613458,239.538740595870195,-68.755367525105669,-316.233167087957781,-161.291760918111180,-248.975570798883894,176.016241914650692,-162.362302820479186,19.092731054612031,-279.591775490514294,-209.321991690578187,-743.162763770267702,132.125528560788212,-467.244664728014811,141.339405150786263,-495.433855243339735,85.763181226997503,-101.199345763878128,-514.224800902112975,-14.244404104000399,-458.516962357670593,361.149506406927571,824.750375851456170,-398.574023341364295,-264.059361897038002,-117.461435849916015,130.408910379479295,430.815387909450408,-185.406813127042255,-81.873982955381592,-281.462329180802726,-509.513931557800959,-153.846991974223982,-103.080785400419046,-361.875326197716106,203.676392154379869,-876.982625933628242,-198.277153002216522,-155.164923551895157,822.164869334658533,-512.630346950928129,-1103.934682284101200,-195.441542264347646,465.356445280088906,95.203460642104432,136.612159485592088,77.361991891643882,-114.942693405051529,54.062348229932070,245.607650570785950,-173.781160116165410,388.446840796049742,-183.432757527484682,-613.025015535387865,-249.731259476743674,1093.289118644859627,-314.300236605823272,162.505229410805129,114.354560553017393,385.107270998833826,259.594268930820931,-701.353883410651861,61.792032711013135,91.361498671585736,194.184958968883791,367.791453040056865,228.438614077820716,-157.014458878265600,-1070.090007093684790,-347.460484585814868,861.103409627521614,330.429680596744447,224.625532650066759,443.642147021276799,-213.453620137623602,-871.514480186061746,-521.854525262197967,230.538643087583807,143.001946720911548,-694.825442155259339,-364.742154085731386,-733.415597391857659,1.434747134682852,-799.642080962230125,-189.300607379842120,-114.426730521756937,-622.650099306640413,19.976914202841670,27.237238821983560,-15.290360222949214,-296.507826463164633,-193.724039274727318,-328.898824865109816,-536.670018350658324,516.716303382989054,575.016495756331210,74.590228469327286,-48.229088367039900,-1010.108348664191340,573.326553297614282,-215.213209693194329,-512.134800220531815,48.430349411983180,648.764987347755437,126.569832905850205,-248.849586151305772,-424.364955245007366,-495.349639194106601,354.174270874178603,-159.315213247257503,635.868134794948105,633.284102674186784,-379.855050524152148,-1163.642155438030386,-350.225400123002544,-424.415920194505986,-408.091897256469792,-1116.826814986009595,-1153.315990697255302,524.121428287584422,-250.670914643034678,47.732556213982967,60.842824654220600,-99.526214640432016,-38.154330630850666,-110.548095334461991,220.060299171195311,38.446641288404514,-327.383988992391380,-25.335464239182116,-629.201201997714747,-499.721301698612081,-45.153010271912983,-548.167916029021399,128.313328372225641,97.151569596259776,792.664095311828191,-656.343180517976748,-386.848183324667900,225.065744006596788,-45.628535377082954,-1035.234511839779998,-1154.817841339265669
362.644656289299689,498.608901094421526,533.264051370208676,-66.668975015918960,-339.310670874711889,315.822933749254503,-379.758100231299693,438.611600594912261,140.468689191859426,558.611975352448553,145.436336959891406,-182.600967317677799,-521.148224254894444,-65.874547714654696,-620.485255875206235,-66.013135355828837,-972.944227805717446,452.957703543854450,47.867019495262106,-457.679414339614254,161.473105730630948,963.470389088389084,631.157469430190986,-112.773170553463217,192.402775194908543,-231.464503776268572,605.200433203812167,-311.379379269830849,-230.113421794224166,469.064321894743671,45.938683671509857,56.225607210492356,-598.475884026168501,-318.428710092102278,-114.426840415897118,-323.676925029210452,-143.894699859488156,482.188906380866001,-138.141775591852735,47.085559590473125,38.823782373149825,-298.885313493642570,-376.948784016819900,-112.807707170893011,184.370281646938878,-1133.203477909691628,467.847963997171234,-207.518630694133691,619.231684005960801,52.967203067224922,-37.773241457583929,-147.865151603224319,167.661333215760266,-596.464831307471172,6.488447804046096,285.682112261128850,29.784351123745481,634.800776963253725,-113.224097379853731,223.241122139987738,263.058610173117017,-182.985033681841458,-251.029407073515699,-415.160318407751561,-336.777680236839103,-116.285164598618366,40.825903549686828,214.899870942520693,833.739323042493993,-282.164497800286995,-58.160407988777358,232.861216877724587,229.799960935620248,-470.035707576286427,69.791751130412592,-59.005982558426894,-158.207737665721993,-536.483014424801695,691.659776460323883,-227.443730137842550,109.221751346826352,378.391361584608092,196.860516546291933,525.096321216475076,409.546580302430755,-262.323724362506937,-71.682811851738222,-524.668806772116341,-187.261313410153349,-417.436170082476735,-314.608473669205694,1.733038597427250,-264.292598998915878,-831.604428808773150,381.869030096700897,339.166210149582412,339.882469844539855,475.063138859474861,316.839506693060855,-492.171597665890715,81.766932479923767,146.669753851697493,-258.488977108239283,34.450063571419008,-33.184455718141706,491.766497622578868,200.316202459317992,91.556133274234725,-260.916815470972949,894.985961554589267,517.395268206687660,244.536005334508417,243.689233822262707,-874.368283405425245,-699.228633076295409,-237.834436473413348,399.169587589083903,-223.601798624092226,-75.463807776900921,346.697653241812702,198.438416981826293,401.417282146577861,-250.878029523907657,-106.845328503482605,-432.327355065550762,-93.053842192411153,-557.491507017163826,395.102764708334462,486.572866562666945,503.187006579105002,-846.710581445688149,55.773123225803275,-118.956115807654044,245.267884870401190,191.560752662777873,-366.925964653731910,-312.016317652763291,-310.834398741119230,131.977388810083255,-262.795468577851693,118.653214872923243,483.366308889972515,-92.583166946876233,463.537515186805365,61.833471866073488,89.516065066382112,-531.348503919451900,-355.599184394372060,644.961389356627706,444.949461826007791
393.210975075867566,-1.181337586604978,538.611444315214953,293.854727733941274,359.654157933867054,-366.895803958979343,420.309553591934957,244.220337190272289,190.042455576012571,-265.879437062241436,84.993918439015545,189.238554258397329,-44.788827183559263,286.945679956989068,-481.498217400764531,-365.520637265472544,-586.913454092304391,295.124261909749748,462.469744549360541,9.572212273030829,50.488810905155290,-374.641675464435821,392.081325131448637,-50.977777114564503,956.702938405703662,-13.606884585958094,247.236953930331310,261.226608407230401,-830.626441175976538,321.958590547902475,-419.519029297201371,199.167840522095929,-497.157958933631221,242.538931190156944,-201.727658496628095,302.868081582098512,-292.715823313382884,242.715066057363998,-510.642547129017657,-423.352617981210983,-162.590192549344181,358.015652605448622,-23.257115829166231,80.071459405213048,-148.826747553558533,-287.271323151538127,-56.626301847926129,-187.112480975940088,630.478569101489256,300.556070343324961,-188.031407452765364,95.223603685007276,132.794373920258550,-209.360751459923307,-691.941597973199237,344.096595573940192,129.557906181073747,73.442141407871972,25.588996879338044,-47.864606703354674,-55.728649195423202,-360.520373818920007,-134.488721719763930,21.788315072959882,-510.196308541672863,-945.269829111179661,-885.021899973590394,82.073782455315254,571.224409658670652,453.269416178975689,548.972787886801370,-492.039903352672695,257.242805818635645,-153.805534378559884,-38.085175550249076,-143.874174534293189,-867.386704258364716,-328.908936221930503,-25.477093194543322,473.845640906612346,137.769422117063556,-207.282394529492649,-60.185719941696263,364.109101018440072,5.106556316316539,-344.451528338363232,303.241972351620973,-51.212959974330644,-110.386591775711778,-238.579066638040274,498.014781105639031,681.246083445572594,538.832483465108794,161.750053431933026,-588.043206385916505,-599.718780564391636,563.396668178545724,19.191240052248471,-152.004736000287352,-594.043565334407731,225.643036303938146,54.752724503348666,-204.653762556165617,-109.116366543787109,-449.554228103139906,5.992983330889890,-313.427608732881140,238.845494207591713,221.662569752277449,200.697689158303973,-96.398721535469051,272.656993240834481,216.482338042033405,-183.349530833371062,-802.723714917681377,319.706353809661380,460.342072945378391,6.339865649350379,-49.640158857747046,-166.011537963718098,248.206154385996058,129.739278648719022,525.327884469101264,-167.116102763552789,-59.904076323263702,-95.902514052360175,-566.322319211936360,250.221224842546150,-235.868603771994714,-193.526576776934661,91.646591723105374,-191.126157793577249,107.383401113794761,-392.998013681934140,-117.474480580018891,793.989999749206390,-169.521077921211457,-418.919475353829796,80.026980636614354,-481.993630042764664,185.735627648265563,269.018024208435122,168.178284430758453,-136.298897648527344,275.859435493918738,973.496324387255754,345.095234849383530,-575.734401544257253,66.626506238329753,332.476812244362009
602.232520635959531,92.997714196274515,-280.799229035903977,-119.563599362272114,-61.394532731254529,19.528398349961623,294.311784892071614,326.039439672715616,194.135743808380113,-498.729503474912406,-434.681888965786470,-467.433100320440303,480.111832588509515,735.583617816581409,111.837879057566724,-445.303417088287574,239.105176108850202,23.947319316411985,-96.272982965213558,476.650719095753516,16.861749194754132,-37.448334920705108,-632.320146774677141,314.126244744009114,683.489294310303649,408.305489003745151,-153.127783971848316,394.035314154002720,29.872598139380710,-233.779160087748153,73.931222612594212,203.710929814386787,194.806606837028113,452.824668693592798,17.480479490801400,-142.571550119143069,239.501605966060964,12.271936917773282,582.642131149806573,216.570712922749578,264.309753712806582,-312.084507851158719,-350.971702063897624,111.175065520778148,171.511412334777560,-192.161740733982072,569.052908623970325,88.038042779032367,-517.210259311599771,-577.057670986225503,-51.848117191595136,825.587224236281372,1125.089790008239561,-599.429054821546515,80.804745908447089,165.472864540063057,597.964444225591251,-190.210276574882442,1444.917089910120922,-408.030544879858212,-124.923994413009041,-153.211088157450689,-462.797971294775948,59.743202024799089,316.032834257382660,198.835934644786590,47.723388847161921,-437.306774406119075,137.925016863933337,-422.969512651036553,558.771452617363934,-127.579698271828136,231.977281503868880,97.625544883859291,308.417406602201652,-701.894969323557348,254.025745561470387,-45.724116869730828,-43.956715180477659,316.309955056866102,-217.512711312839656,-216.091475290270211,-173.220388054081923,-176.383374241842034,694.046845482927324,1412.042074533987034,-232.255115089786557,-437.948205107755712,-19.269214085838598,957.025149040452902,289.069523884435512,-109.266008995221085,-45.638679871796391,73.515662140647962,695.621968115376603,364.379321821665485,49.828084957253736,535.567280998342881,475.587180569796203,294.653255707812889,288.371288603434266,-54.041761958976096,-397.372329908045970,-204.699646830588421,392.755650176709992,-204.396869376903908,-185.094617991477207,13.324431180221225,251.883217106889646,374.395217888299726,434.914771961044380,5.715024690880455,-196.196841679595309,-457.511699261734805,658.829483138952469,702.323359773478046,-380.596176702076889,71.748251423842660,48.775388458727605,-474.645028981155008,502.891691333784991,-120.495518676118650,338.887102437356930,365.681451491151961,-265.270206551837362,152.447122339811500,128.595041568593444,-105.440757868220828,-225.997765677330051,-367.978143738654467,-345.672027466158852,3.741857080028055,238.973893730537355,434.046035355291906,177.906210226101109,449.839684579633058,-329.189186859110748,-294.598987543724604,297.611270261546224,-253.899688230074133,-618.434416361020112,68.228712728998701,1352.492529710071494,-324.964588768838041,-97.061780249432587,296.269110688976752,-347.956657253967307,-174.198454821957199,-406.926342424425911,-365.083391024111506
-29.084563375535087,-374.271856262206427,-526.061701490806854,-228.970384153086428,-646.181972028870405,-406.470395193872776,302.207879934704692,159.342157902577071,99.105484135635024,-33.847545481654251,-808.889766336480534,-505.842403360930803,-656.006189268767798,-401.996148376804342,-631.494224264745981,222.066538676522214,-394.591474491561826,-587.941243425476728,-22.901861771537632,287.698874798646330,-201.335872424781542,-800.875782472440392,-661.801169591870462,718.318193462314525,-143.662215646904826,289.687083347734642,-108.010929651668988,461.397530555526259,699.539632354620039,-1346.052492199936523,8.648938703301422,864.131246860644296,728.818405710019874,156.253312755398554,-151.924688053353123,529.356177095066869,-172.713306852771780,-482.449146883968297,-130.568932388140496,-27.659811506061899,-532.985582106782772,-610.004289261403756,559.613201636376630,93.971093269543843,-941.564223828152763,-491.944724563036687,280.302010567810271,-215.151767588624182,-913.024674138145429,333.889081199649468,376.644432984074854,-678.430186061438462,276.744494800133111,-263.701991436459537,176.166552761511639,190.427579374557126,-721.485303827311441,79.923515962182663,-388.424076364380142,-425.160493772299048,527.459403482851599,-95.553776910792024,-417.882221306936003,831.436477234891527,964.127030946240325,272.035480057935445,293.627632666096758,-160.312689494293295,184.620394778409434,222.598734544960649,-454.992444712862721,353.819978344293190,54.222622856474779,147.785915267169941,-714.434123577603486,-171.472855472017784,-276.739756223459437,-259.947588374182203,139.250933221171124,-321.550901723750030,138.196506208083605,-273.785326189503110,717.407440344742099,235.397138510525338,453.097034414173834,143.569063426330928,117.192808752999937,111.513709979738650,-8.235197432029217,7.768836210049578,-498.759162994357041,-184.296224024519375,55.670319937454998,52.530989737495922,-104.435502305667455,38.006463955796285,459.996215732401481,374.725361896068080,-71.494493256115774,-97.691764012759052,-118.716801305224664,-144.241991555036435,-819.113420912854281,-557.117233702612566,308.721319028126459,-494.872055849552339,-362.665905272603993,182.448153937473194,54.227771302353212,-584.535715429708830,602.717356928105232,604.273447200709484,522.131623469650776,-113.307772947069054,231.084728490708585,-667.416310809451375,181.006498804371091,618.426811089317653,340.083731546509568,70.607960595327683,-788.105074517370554,-96.711633197771292,-14.368790108218072,-44.209144445673502,-194.424159177041645,-17.859282570785204,-165.062409083857062,79.021498260486311,396.809529640392384,-982.997355648408416,348.725207949131629,547.907319147544740,57.626929490146836,256.578510392782391,60.978577742935983,19.576970396059334,-292.977828384307429,518.507113058486311,325.257882866710816,-78.782001063909490,-179.064371673092893,311.251411375077168,83.301645757145110,-816.027658600039445,-192.590526825685060,-390.726774373833280,-0.151167130554708,1328.115915523022295,-252.992591417149583,120.144428646519401
-324.365941793111062,276.677526757052817,570.063470484120671,67.839585105732198,216.606755001302702,700.469309820968533,-289.322551908797152,69.364601594018580,-24.389421779443182,-10.383897394076522,-86.307948516325808,-288.395315058740323,86.916291658161114,635.038433695234176,-374.884465184827150,35.214969904012278,-640.041658130091832,-155.250988273974627,232.774525845259689,591.612819788043680,664.216729839631967,1044.225001649570913,84.287191253325091,423.571862081581742,678.098147707269391,-213.520290795249338,-467.010832351312558,-182.207127036734107,71.370298583616474,559.171523554524697,-321.951033419595547,459.515395082310192,408.134402304174046,550.857048318339594,628.286319482505746,-227.466076003715472,679.829511194496035,166.630409794904494,-99.782072813290441,248.628211138661328,769.103464382755419,779.511357553928178,-71.257618170411718,-235.613920205004234,506.983945335334909,0.503454382703620,1164.982226277191558,-858.074589022748114,-177.673687399680603,570.664005178241041,235.881784175667548,360.830095747811811,531.307748630879246,-117.873073624339412,803.109704964570938,-164.684456578469650,724.005137906993468,555.377032044615248,-160.966816396187028,-52.778786298496897,-662.430592832939283,-127.522790376566789,211.087032769496574,-433.838013883885424,-444.559868887725486,272.637047838001706,468.500755359666243,329.386034405743317,-253.585248997210158,248.465240228047293,-448.994718918116348,-355.810812168645839,519.175581392621439,-421.725608856780013,-160.424983210504848,-439.495374401883566,-993.613087498179084,-6.022556595677894,-181.040973629880909,-562.484508498726200,-14.400843444297363,312.175065792677287,-201.546124070854688,1168.566493024085275,490.918044793573472,-362.904528903111895,606.000275311531709,362.191581643584868,-288.231180433466420,545.938102454192176,306.628137744689923,796.627985513267049,-173.082714788869737,-226.589961400649571,282.046341683728656,-265.882937257454216,-690.705854903259478,-190.267241217473412,-653.101231414352583,-487.028858586124443,-583.834404404813199,583.072973878059997,592.960834538543054,-40.455272445109600,461.663730213271492,409.479808829388787,36.326613124307123,-624.275593942828209,75.347131182136764,92.491837359330106,-422.765595130411555,459.760475121943216,443.466115489040646,114.229033680831762,-363.861084466805096,-163.502220888746820,-330.881099853103706,-620.037205939627938,-36.310396504036873,-258.484395539233788,-858.774516075681277,596.353315482679818,-177.753933807112475,-28.964040410737582,-249.637611504957931,13.299934808056449,-405.129594120071772,152.635412081828093,-463.204415954738579,333.679818142606848,-2.797297893074024,1155.999595263886476,987.955774095051424,914.109661447208168,-195.294045670418342,155.722981159776111,-345.744844504918206,513.164509667278139,-920.081690463777591,-372.499557476728285,328.425405279309302,310.421577630765000,675.007376151079256,275.131621201750590,393.441820483529568,218.614092288247974,-19.809274023127671,246.007106765774893,-163.356489991797162,266.669402101618175
-145.523547673992169,158.712028175192671,67.112158914988896,739.264814199935131,367.927656254268527,-76.891105328783922,273.759860352537999,-151.564991738326370,10.840395004784872,870.592120285774058,-722.127621610613801,-599.536017600432615,121.995570467682427,-223.627256376986907,586.596735742039414,-83.355117616170759,1243.059236983011260,-64.215790917298051,129.918893716947338,224.932386773348355,-768.067763315050456,270.749145022488847,339.410509023091379,-753.232326007242477,-21.071636744350030,-598.014450489377509,124.889936438534022,-544.970312200829540,173.003779827248877,52.788335219144834,-496.269612218429529,162.410799816921781,65.214188597861408,358.642495567763035,-52.985704895856756,344.194154946259005,224.839800105207786,37.550831676572763,-255.704874105650902,792.029944644392572,446.954909495175798,35.926175208386788,-175.407148877492517,18.739686418256039,146.026547284917285,1077.613685264747346,-183.756012338631365,314.836970676379792,-43.434662083808149,-54.362291441726256,684.989248801668623,145.215097339115317,540.821336380657954,-92.365591835265278,-697.259697950306531,-848.467831924222878,153.082463900277133,578.261999465291638,-393.974549862787228,424.375963275044512,-511.107079446640171,-179.937331711695379,-428.133506759561385,181.911250572395318,714.486655440366917,739.355985801483598,322.838398263519764,505.314862003987287,462.558538637317383,-410.130622217580424,132.760038595888602,361.205218575084302,166.041741300432363,-660.178252950940873,272.045491381899637,-2.614276785577324,510.426126777307957,-455.513560794621355,-89.287448249990021,-248.715682344220312,806.448531331970003,733.597654839030270,12.785384469918576,135.183589668756042,184.855582691240755,449.610651598626077,729.415247241979841,-171.329854891225693,289.655454835592650,78.483753519845351,-208.596307912507825,3.154971178205333,454.962007332165967,-30.096128471888434,-35.229894233396379,-34.363652387417488,-689.574140922987453,464.378288876017280,171.828330026950312,497.572103976446044,933.494689958777144,-310.082807634809967,-613.721279313782361,124.224957774426173,-100.930889471083290,46.658571218236986,-164.963456102610991,-365.076948327027765,662.875385272443850,-720.393856552648344,293.748057830152675,-3.477232980873957,159.480379130206586,-497.213496653148979,-277.757720275226006,997.884678007100206,419.571472532381677,61.502552032815743,156.711542331991922,-496.851033028534403,365.644126087883365,70.675776030285888,-478.199895699063688,-307.010628337650132,33.199579696719859,159.881820145594958,789.848504072194260,-19.846793944488475,-543.065733443059798,-869.709499406206419,241.818536834265501,-90.857092304932578,-303.621018862245592,-194.376865958768633,53.817587230967227,142.439993963875423,-338.097108803484957,102.784519444547399,-132.088741099113150,402.861097184909056,632.844142513646830,155.297120970630004,446.583624214304393,575.569233691303793,-828.845383406224187,-379.844915820811252,-616.753132017560006,-309.265537982408546,126.187814759691705,589.167911807845030
-98.967219430153776,-214.446967844044565,38.524993303595586,-1012.235938583885854,-486.586251575831568,-346.530426429315810,250.375989250100758,67.256052658177865,-285.838016309212151,555.005305797248752,462.162063803055844,41.541048551591246,-358.507127451769691,-569.135820969284282,-407.100349216172731,341.686288454501039,-915.574254021626643,274.800203836237927,656.324575842441732,-9.583914530880381,-167.411112164324550,-518.190230946956490,-27.536832408567747,-191.959509428243564,636.086637878936813,-341.932339950671519,111.247438509950101,270.239459661570436,-84.789516553496910,-457.634984016096666,-257.923482525815018,245.644485560386528,-75.951914524407812,30.967673019028737,-345.316283024905601,195.172773822756028,241.533038768689977,1414.184853577928379,177.285147880816282,-695.464154907010879,-545.694042212313093,-104.817479485156170,-40.989747593062972,144.197167525547229,-402.205686382454758,272.663494658171658,-456.295588664603315,-385.032201592577906,-92.298905041848371,-0.601974639451015,-1244.823055473431623,-264.724990835336143,-103.447295194138377,-20.698055153300842,-893.584222656119891,-1023.388930141629658,-722.158466560587613,-205.758673242677276,544.517475683846442,130.698121631023014,301.911925356421762,-56.600637055945974,67.968600875284281,716.481317705693868,-132.133205772532676,-1241.245248087941945,308.541068785462130,691.773626454356531,630.519973401934294,629.079741064727841,39.334369616735927,176.142070882470762,-172.750275745564750,61.613137885431655,243.307639444047595,493.076389854192428,-68.990938183936720,-210.423764269486014,-6.724514832532768,-64.684025074762403,303.727715993977938,-671.588204409363925,334.715626194187962,-17.597046501794594,-784.123748616670809,-199.837372331890634,-56.230074279321066,-275.537590007475671,-102.470900543468048,-83.565851920863850,747.891231732647952,205.706619203122074,337.913899804296761,-806.546673166479422,-48.306989131182533,-778.526989319264658,695.757086113097671,220.881393920711758,162.306958119603195,-193.509485635237496,106.804800885964056,-24.023532673492149,-397.637084079021463,65.424033674165514,-365.600454736636493,-3.002630265338809,-395.023842690251456,159.108275051756721,161.259490965198211,-365.982047968146333,-478.256925921904212,105.763042356115221,1037.850243376628214,-288.660747417105938,-957.004725618045427,499.386403065260652,317.218447094364080,562.513525066544275,-152.020611549329885,659.216320762887221,-622.936416714293955,-380.420022031272595,-389.905544295427376,-246.892855579413720,-28.751494532791028,86.135354977621603,-260.313952489236158,-66.841602625149505,209.016813526130989,153.862556238818911,228.279333719399460,31.735193349315871,190.411745228768496,-3.769214599340017,127.716947349161273,231.186741346761124,559.682709399494797,-491.004228653695918,375.610049131832625,-18.238576236733451,314.798180706384812,-604.029442043400309,-998.845525571624421,-23.001353725146124,-422.039029110707872,47.762605073309139,41.229158267311568,725.851178827918147,-1149.027272604209202,-300.191363975804563
-300.820527572969354,-164.818211164978521,743.531708612521243,-684.675823496677253,254.252650341869014,15.055340382075459,-430.997658982744611,406.674229233252731,22.475917635623450,481.028124185346485,-545.654608269958317,-202.057814987985154,598.083423232173345,-750.741368971039378,450.315129823682810,270.967731854829140,-159.041387780006971,293.640258421260796,419.431667152718433,93.831422421479800,346.952033956468767,307.286433258107422,-522.576721404273144,410.000078066779281,-141.640294788316851,-211.039060224194628,279.294844623034862,131.730714576295128,-741.339939857598551,-986.744206622871502,642.819561853355140,-30.960403996402327,-177.463157456932692,204.137464546428930,-453.212687053725290,-970.821319029447295,-691.304151073321350,222.374846564772071,612.671125161566579,-423.952537526656329,708.077286873068942,371.672892540590283,-607.591689803254098,432.217141269774686,181.268912645028735,-461.894895310432446,-52.973533401255160,-49.807716817020214,359.843358093888355,378.145505563473989,-1268.221370927122962,-400.962432082649741,-77.418793159519581,185.003019335965973,-710.482413599910274,-11.526158645960972,551.942131856844298,-506.336344040931635,964.382971728041639,-788.087602717470304,-320.875204010109940,-24.372023490808083,-701.583191902583508,-862.203936807704622,395.678215821032268,-40.262180468624933,128.241062890737766,-629.704408501659486,77.033548338699958,587.632194730746164,115.793052276420553,88.816526165941227,-660.228305953056292,16.715579657749355,113.869989879205534,-406.409630299109097,36.917899659218172,40.402841499392842,-827.031472032374381,-328.634008423878868,46.565063792756717,306.994106896980441,198.726617580745710,569.816565038044814,4.503369886475578,18.632203747429127,401.545439228216594,-959.218581152887282,-392.589976651438917,-154.859561830560096,25.714845575390378,604.994085418755390,472.683337543528467,-319.850217855049721,-205.647220373596809,310.362515028667360,-0.030195267623539,-279.646760310620664,398.853977751241985,692.025092264059481,415.149948697801847,327.148293671241220,279.057407749441950,596.877088315465471,482.044091691585663,-1183.431549980821956,86.746193312554567,252.429982526464187,275.745806417775839,-53.408950368350190,398.331784875063192,11.195951990803092,-247.185198951651813,70.060685500738472,-116.403904031769770,125.732922660314628,620.216375581960051,73.943477960780328,146.991333973124853,-80.440727339643473,555.579799878875065,791.434555094949360,359.131864249984403,337.631080123282345,-194.123532609659719,55.335902229452671,606.107959911266562,-390.859756122620524,25.020633262533920,195.416999330022406,-161.720646270914585,-192.920392797232410,-699.266867852169980,58.298570849813991,340.117461131781397,544.705797158960308,31.939147754369476,-110.641572729415358,-421.187804773866674,420.786182221031311,582.307401907746225,76.028573571533315,103.206184402913095,-596.346178924100514,-494.460127922850916,502.998896992383095,-438.348591026463055,-213.143537328690655,-284.168479518239337,-473.181004877592557
84.735898783554916,14.304458979332345,-19.137089966837049,212.864105121204460,-493.059972345190317,-430.143879392358826,403.136644950607945,79.002601782244710,83.375542281929029,787.639995971294866,304.191271654895672,-33.809216662046893,315.431717377316943,398.685570096918468,-329.056625470953577,9.490130670400784,-224.762057442428329,757.801958717536877,562.489916681886257,-249.048471674651410,55.514235297248050,-138.711182110574470,-72.285554321182218,-65.476907891406114,-45.237402053246562,-512.575760591522453,-351.514542025463186,293.767861339785270,228.103928300791125,341.487265882624968,-47.932739283997066,-127.717524402903464,-875.388623857494736,-65.538669055722650,754.350031107926497,-292.565342418516821,-951.357400790454221,95.947739432797903,55.957680951020606,-239.569647481975096,84.313183747644501,43.959987151817828,528.399280306864398,519.031595389337213,177.429706976695940,-45.669220295465749,271.119624724942184,-622.697220722682800,472.801071989624973,107.238144787346911,-112.388368059769576,155.417408422130507,-281.746371173276145,-373.472078400865598,-408.801112059401419,500.537963943019122,206.601872074717448,269.759229587371351,310.302511845645483,-835.361003288247844,-527.291353854255362,-304.785735050602113,-206.801886795948263,-159.149258698905697,-187.417856495956187,460.598967926073158,631.318450217307145,-392.325769720176311,486.687410214814463,309.057340384506631,153.773422905329994,-148.536227574377364,-271.689287743677710,-190.999506782318178,342.004403442137004,-469.728287364719733,558.374642349554847,119.897893337152652,495.707013286935819,11.080738376789299,-523.518780147342113,-488.116771536860426,20.067144211416302,580.516332410571749,217.212599928311846,-215.341686207816281,147.381444822559274,-92.518152419985043,-900.988270842825159,-152.674403833820435,-15.994450101302583,300.288486054733426,-317.687644428493627,-458.397870544182751,347.307459699286596,-272.096338207690792,-383.285046726667531,-376.144595632284222,-110.018437094818509,-16.839715614242152,99.600728127878099,-205.082301522242119,389.145813004437173,272.112482647451827,500.487035184216779,-476.925916902905840,286.118179580072137,321.121018338926717,255.945065943391228,-147.693438577239618,43.263582380256530,426.081283246109194,256.853255021810924,40.834108617475124,-101.703716113193707,757.237407117308976,685.078582894311808,-33.522817299319840,-415.759382198689991,-214.956260025636624,-444.225782241912384,615.814811991521992,74.579804536710327,-538.904659837166150,-296.568603296650338,-303.548913354448359,477.579077184729442,82.220743601349440,-345.968661567528557,596.291724963721208,-91.768049969964210,362.340923955315532,-145.959266718569523,0.876871043084371,299.155856781695263,4.787791544358800,-335.954209468422391,84.378278534843361,-338.609369919274513,107.152228248330374,72.978848510031867,-194.086084365350160,341.211416231632199,57.197098033669455,-17.432458603711616,223.209643612022006,266.539061140393926,741.932202150897524,-384.507613591855829,463.780300955338078
-83.448702599903427,-481.894273813372479,562.036335685498443,-144.495419779115508,-150.326580459486649,504.963514041637779,-265.196054618436676,-348.730098894091839,449.670837598069681,-409.791387350290449,278.990910269976382,-242.868857847982241,323.218793402185952,154.834814804637745,659.548634489705705,272.230322342904913,655.719989574882220,-14.794693802576404,-298.932294793780841,-112.852252075803705,-150.437845071500476,-95.977445218593573,-298.691437376191971,-177.576042456161275,-245.201719542085044,191.524471848896013,-165.549571403100657,-673.171841289105032,123.707137176410640,266.119095629534456,10.002404604850931,326.729743971512903,399.511072527767624,-222.204771828528777,-270.590323490467313,-506.730920259607274,203.937375039217443,78.842605479838980,-87.379672460928077,87.382573372714333,-233.402110541370007,-322.495694892608924,-594.266813070412354,-291.528215403794206,-256.678162547064289,611.158080928460663,-165.131123558666957,625.586470348769467,-399.078915726774142,388.253996140742345,98.891114470706128,-32.158988799630933,-142.972786433944236,452.211225707172957,123.406418788767482,-319.265990080600318,233.331154871920717,-36.782943559122913,-295.463629084188483,-420.870671059308847,181.668283005259298,-125.438685690277509,124.932914958734827,-279.043011603098648,-307.912744599454697,48.947931693667357,-113.174014080551657,-427.642025923072140,74.852697301655411,-427.029348682665102,162.604433747764546,187.505372595225879,306.357017457586437,-40.902921743793598,494.540576442883321,127.275243181831399,287.546223766099672,113.470531903446414,494.415055028392260,-367.936549375770369,464.588883438689436,357.920924034478560,42.770368168788444,-88.071602021397084,586.026099107652044,528.784720731045240,-242.375842350303941,90.890418974206099,-290.211135093147902,75.263003359677427,-129.326459041570558,-739.788712199740644,-464.287644900792600,50.863726162313405,171.548919688289629,-179.471626567084797,406.021023167646774,137.319943415134077,25.058287186562364,304.104227417245511,581.764055232591318,-122.555336759303586,-72.065468816426304,-331.971333002942345,460.998342954883071,397.178469313222138,376.732918763303303,482.697795609290267,260.900941536484709,-104.988142490020948,64.303803488977110,170.360171688446485,-472.862556918586790,1225.637213361088470,493.370155169257316,421.566989666123106,302.972556075428145,25.909681496903385,579.951148500356226,-445.963978226118627,-537.930531697953256,709.140881696662973,283.496427656005437,-627.844507606032721,-346.310276231805915,-977.835094028748244,553.760047983160575,220.283392497447068,-832.208885531919350,143.603236584769007,682.958397259442449,-235.746209264311688,332.732764296554024,205.481986670443860,-17.991099693515672,433.262152426300645,19.053105357788297,-200.150110956982559,-216.234601400244088,-331.600966301904805,26.440269173068884,-61.475990424024282,175.871040088529242,51.611502385375339,626.246195741080442,-146.844117591980307,240.015267196691099,123.788444300944732,-164.346887421034410,316.520357783777513
-221.394748473899710,-360.598340202213251,-21.710407363048116,-250.688899212704484,697.791619989862738,-567.252812735424754,218.405864142669571,-350.934783404552945,-238.682022689464901,-39.728550504051981,-214.629857230883061,171.980255467990219,419.123090406243819,-394.419983745071136,-95.555362003632311,70.084681411449964,-177.486245533889416,227.480051005559574,-27.372972033484807,237.609718717524515,55.986281817387692,-1264.043544398353333,-131.541165018959418,661.867864022613503,944.903323116924184,-201.778565300598018,552.017715335787898,806.863579001609310,-857.191601385312879,132.089912556826818,374.745400364957618,605.617273239412953,-629.492079277858124,-4.335159926003399,-88.287415622417100,283.343875824512509,-518.996542553621794,724.543022530272083,184.475989520619777,-137.321704651601266,-452.716580046865431,-142.283747667536403,-465.288492551217814,40.319949895418006,386.609042248705009,-726.438438862352768,724.568507576973843,481.338395104428287,-99.987419778601620,-303.698695145836382,-329.805667135515307,301.073584683517311,-127.893367851881493,-42.734766708343358,105.236672916575571,-160.370462376020384,-39.566509128341991,-315.837235268425445,50.537890000578336,-669.413676434903550,-227.648258122689668,574.999143376870052,217.096179094887759,682.955526387633768,517.744997554770976,-140.304466323701547,-982.256858235321829,295.077780381707555,414.518276264910696,-666.562100169872679,261.903965013889490,5.065394517450560,-505.722348858322846,204.980705216174414,300.816824086269889,304.209987141061845,-204.858290116480731,334.507806233259601,46.270633745811956,-368.484473494086672,-173.443312411142898,-123.441641289347828,404.627766347888041,-109.082053785939081,-298.017032857243407,-61.441141347794328,-88.486209726544800,413.659526240804439,15.487118090433327,-781.843897905823042,239.760435999456689,-751.148882419607617,134.786565527340315,333.626668339744185,-477.805314680454728,-297.586986593475785,137.193937113517990,431.555210547053832,390.066498986496413,413.751401191814523,-225.301089766681343,350.940720027157624,51.378533720992174,38.774668976793407,-94.791127037012714,-621.906295271003387,272.992163775268807,1107.276891468301756,18.425761037714867,-264.841311648463659,-65.437678017926061,-63.682743721900181,-243.559056429956627,166.134307525773721,492.110759280321190,11.689140463383723,-90.196847751906148,-86.939010341134576,-471.658368255906225,146.361039029257512,360.721594485094556,134.106224778390157,-357.344643254730670,-47.245530761090357,25.423947393524504,222.169035427256460,338.949544438766566,-5.162653207645647,-497.589002915296874,354.590377122902510,327.785521896466037,-98.600319447051447,-470.745050907883410,799.239263336914519,-78.452674122357081,418.618200626267253,-397.680257074553424,348.604545730679035,188.750942425125373,-736.785980695848480,37.125114292482294,155.533544350369027,360.750132796082426,-363.053041510486025,-1028.162271221525089,848.321123852178630,423.721914256616287,-1231.264142062052997,-349.813674090271377,211.483811232678761
-111.036652977039623,674.817101260982213,-221.072305162976249,-299.292866401578920,87.866106691399153,-143.160572222646181,80.650317040517763,152.278051978546699,394.047601562893362,-603.927266996790877,-453.408146759199212,-131.891548670987618,-449.001022638667223,67.645483465096788,-283.939324524703807,-152.496648524083270,-319.901680017367426,-499.317640702587084,242.607955445795312,-575.065571035489029,93.893778325435207,166.322799233591809,-77.774449019315014,779.218672189280483,307.590537878282134,784.668105017629273,86.905028184539901,-156.322801476280063,151.750405669162461,310.167255622613254,142.931095990088465,-331.728637544453534,316.884414516858499,48.642859523500142,-681.376898669406273,-200.080149351604206,-35.253267844870521,414.086525078456077,734.020069551492156,198.326321940200359,618.170440301601047,-555.792365872953951,-8.256230598919377,-8.376851955382053,260.488018434747630,-117.276733745713827,-336.405875204612300,-272.037662864960339,367.774008936106270,-77.556300339059234,108.833724842259826,-588.213851887632927,121.652280879730611,-370.212281940795833,63.765571025438327,591.585258886847555,-238.948388655197419,-484.023129339122477,102.965125562930581,-338.225188212383557,451.583705836969159,455.925947401599046,485.854048132460377,83.323356969931837,-439.163404973457318,-532.203938052884268,-944.893223165892778,294.169920572272929,47.354622238268902,-312.022834713294174,442.649043438124579,-397.324671676786181,330.444360223170463,374.880203426697562,-927.276974234746831,-99.751615370759311,110.784469044447107,-16.922190296216954,-210.849875663020953,-81.607100446483003,-292.072608272738307,-623.122322564063779,575.579423339637515,803.280299450615189,-272.966875210743581,-22.900361909964669,-301.738508496982945,251.183093031557775,613.142372391098547,-266.454466698969952,-443.798493949116107,32.616399325362003,134.920908587983462,-417.225892778692014,-115.946552701031493,-191.669295104120863,457.902394282612590,135.111879708049770,-84.333870987803735,138.338249035754956,527.799638690732422,-126.673169627102453,-521.535763244523991,1016.774391405477786,-112.408889759468266,61.999080005698765,363.846886869197704,217.439248083385422,478.085874537324287,-245.723526476667132,138.092891872022506,1008.089327928957005,219.208453663561841,-186.750185549136830,-823.770097095758956,-48.726704343284766,-8.769129041075828,566.694045664730083,-663.808218483392693,565.113665410696740,43.526983886520163,381.133723270424582,-185.523626840883622,-186.719987761893236,-88.987235986130372,90.526637827258753,-741.704662844156815,265.388510820128488,-401.376186621525619,330.126082939351761,-42.398900060954141,412.896071302168480,1032.212893390647423,-339.501712898191272,89.103711115527574,-66.712366841898216,-110.112780050059584,168.325382891710262,343.408684186251094,203.734502395694705,-144.384193760702601,309.462813766602324,375.153133733205323,87.423634213057738,238.571107844892850,-145.220046745110153,-133.001754009947774,505.909728139471213,520.056693681757565,-341.445554044976291
-472.835197445113351,101.220717569083661,250.932725851787382,-678.562903829772722,584.949637824131401,-153.251397649582316,824.518594186872861,-227.814514545740309,217.373981648857381,1066.333810841935019,825.116330751217788,-266.455056098271996,165.565274189014218,-60.018321755832190,-284.708224623855415,-313.329143938406048,-267.411437257047623,-208.235531813396477,162.374518929451966,-131.643639029094373,749.564655110475655,137.924167801826655,-101.707513325623125,585.418199660949654,376.573866121726837,234.102054069429158,14.295479068485104,200.869030346457066,-379.261028135506365,838.412329045169145,203.749384123809989,355.911161333310361,-215.283592561703614,-294.975514130426347,-121.670565165820605,-148.174933157808283,342.747648986453044,335.232610845563840,299.043207672024550,-6.890108590245869,-40.058714776744907,1039.331541178887392,-452.845845945777853,44.182909410611771,503.350860371856641,-98.143363544097227,585.604814145030673,-156.686647458121882,-176.395282956162958,-143.831333323066474,191.447374141732325,414.535799112499319,-38.553736827922364,-412.098034642459766,580.425789934213526,214.446446769108547,80.399282415654227,-337.056106372745262,869.521126249303961,-903.099377354208400,-311.141299149297140,298.636530875372216,-270.568798572794265,380.537353461585155,909.311048952331930,108.240886785545896,-269.305138052357620,-6.502716248695574,127.007110404917867,246.241818184057621,-235.746670873076340,70.244166529187311,-157.689207683594816,-332.703051976521238,-54.427782261890819,-50.857287036220299,-184.756937916893435,-186.984687250421302,-243.387414722360148,270.325690180082233,-240.568130250597761,10.125764177171424,-278.953102460597563,-416.899244297359814,197.477889561049579,-20.761209225582384,182.849777909244182,-356.414671838750564,-474.519210375205489,393.773690237309097,408.560594414690115,160.493902086326926,66.234162909998815,-101.060541576411723,-63.483033883727373,-590.232754456187422,-15.959156430533978,-27.325352781719104,-407.251368930215506,191.313408311520135,-533.951763357598679,201.147090136313466,515.247863458087977,160.859446258794208,-214.681871659664296,-329.608543860438488,259.115394583486932,110.666887156024359,225.930338534464170,-962.913316299327676,-77.642207110649181,-404.793580076988007,-114.614887670171299,283.859397898005682,392.273306382372425,-360.198968365393227,-614.826536577739830,-538.930792407674289,412.784632686316229,23.500620357970650,669.102496111869300,403.748437767779251,546.748041982105292,-4.174888310434469,-364.255314669478935,-700.462007238006663,95.406868765059571,-444.057906905889297,-116.339761465639612,512.026742981146526,-201.277925730181607,-223.653002606164364,-479.838875826847868,89.553505977098396,-212.855260131295694,188.939626675471601,-235.491569753868248,-90.502452973261427,173.139108772452659,-197.726551620942303,207.774697988157499,-359.150192877790516,-163.668395177660102,596.427057438853126,-24.675554615598017,125.508064960945475,225.892753976248088,-30.719843876714812,296.013355012872012,-270.828181331460428
197.492120009868756,-147.655971142160240,-585.045752082406239,13.607381207084654,-56.002692607860773,-777.552250391493317,-653.206585913215235,-118.380988218830225,-51.015374786832304,168.773565216585297,141.443570337223747,-142.003645951913029,-336.000604625298251,-509.784239698848978,-548.424270017380195,73.083106851951072,447.204797755883419,511.525446404743548,-180.722379502485438,39.177501230803472,196.817086009395268,930.104019650945133,83.674226375901725,-68.999598849503542,341.221781116492934,-646.808882439319746,443.469487780690145,-782.402524397595357,386.444511945839679,6.847042998160232,237.341409286812819,-90.158664736497855,143.990693544255890,-734.153375306141925,-511.027401035052264,124.111249997591628,-76.256466100507637,-107.483889913830652,602.353701898011536,-650.128726919959718,-436.723377880722353,108.838259414763826,239.747896464255035,235.789897262200583,234.927606394772425,2.534879896167432,-673.337329816357396,-669.053252967927961,390.475318628186017,105.845449691801434,781.697960286222155,97.074554349455980,-203.093708749269467,266.797524509177833,264.118299831744935,6.117608511732239,265.386266212552584,-12.106954889942497,-137.329408301189630,-415.418835800155250,219.416352470120131,106.042292261914298,-152.078989580452514,-362.215543402977858,136.100213953917660,-235.386333039710053,575.595884052300448,73.139244855692780,662.607543052923347,-222.718164395527026,-244.706580016890797,-467.618916342273337,-625.907441732290408,-24.402967706186182,208.344601775458585,79.732353961510682,538.946087493997766,173.600840477348271,441.034650235902575,101.745999361666691,435.124513161986386,456.126594904364140,620.802097466550549,345.052322064236535,424.666759733946378,45.615039988954564,-283.007085657112214,-94.928224092188799,38.315938897907216,-693.290097000971400,357.456600316399658,-538.253934964404152,-246.735324992692711,178.790675511007123,145.534759287603549,279.226296014686852,-304.759801860311086,260.789299299985146,196.652420096581977,-532.114671279829622,-589.033666757345372,723.218734036577644,85.198337395569951,282.606328590667545,-204.799609575433777,-601.872110072018927,-123.323616108257369,-163.226562924276465,-473.726951889904626,207.130743858770387,87.959515529876924,293.172849719089811,485.377553150200356,-219.750971736803081,689.306208318706240,-309.772677818599846,159.685957722782973,178.537983963201583,-782.440521895749043,354.019552038384347,-417.443865214404696,-149.479144636680132,-117.614530352605883,-910.112753940060429,91.436369967146746,-524.442493142679723,-729.176656021850363,178.207384678092865,13.184559185501342,729.733915141072544,111.565702689115028,-29.923062413675307,-899.215642140597197,-316.765611471007048,-48.935076770112900,-611.686971583707191,-197.622552253253616,252.807042573108561,339.734400742560808,-26.306359866964481,12.877989852399050,-102.074073546030220,-383.549169951711974,-60.350232032530826,-807.125219378502379,493.085633380506522,-550.470716010317346,198.765921210693818,-55.650998032510714,-223.012315456311427
13.087054038983066,291.314782530407285,-511.873743388420166,515.354128103388234,-331.753518480819025,-122.404881276630448,381.470019553091220,312.619912251012238,373.465913301083617,163.166917204023008,-218.271019097142926,37.453186442179899,-89.431299531524331,-343.690986787853944,72.453967997671199,186.589344804524615,459.132289868554892,200.720331278922941,140.874121251393973,568.799917828167281,-358.039494979892822,-947.513683122113434,176.612501312570203,57.996461896277594,453.471114418633590,629.463744431372220,-213.092768666866789,57.536677080435432,-357.000152172872674,-56.920987602688982,-359.334230216870480,70.485963711230397,-336.908622901981403,288.045290787046270,535.264354086903609,-73.246894110603279,54.789880934485922,60.572101183276715,113.768904290584828,38.072612087162369,-231.466175560977888,79.333761250532191,373.663677773423899,-68.319724017236979,-64.335451040613066,2.940626116956722,-122.561531303078013,732.935276480922539,395.377148844126566,766.357794528505337,83.389551479733043,-366.711568325541862,-520.030374624142155,-156.501918502934245,-152.440218026577895,-227.080924424660822,-22.340226870777112,-226.373198024457537,199.306848125450415,-142.452038951367001,340.393167619962753,-207.242910003365836,83.805394881449487,515.379250437604014,-159.185161633093401,-991.748115721519298,40.673037712433050,-134.339478938576661,-111.629243468618867,-100.898202400340551,819.274936963020536,-51.923661356795961,-8.674069334454394,831.593486880291948,-11.027172462007236,410.618138687993337,622.218106192339064,207.978319005469643,70.096677368813957,121.844270687443512,-716.513255324905913,-207.755556940636808,-570.126090357420026,-200.480519775826423,-813.266860615509245,-808.038173812066361,241.023758965447144,445.307974623394102,8.558688947955410,-22.639068290871624,-191.257505229563350,178.443608990667627,-181.144462823664867,61.495250737074997,444.349592544483755,673.500821257280904,-42.851922311916354,335.460356710542726,320.090064115555208,-890.313267251996763,248.225724618328570,-185.182389256964768,133.694749554898266,375.466563981219565,-104.061028452355600,-89.055925021551957,-383.246426053856055,-142.290631253286648,523.700908860443292,166.330490451838671,182.150695408577263,-126.575354364323005,172.474834692174937,-611.229880996012071,-12.150091834140888,-128.429731195976899,-554.284468264612201,-448.666849623549524,-569.290117465126968,178.933305773598420,0.805794289626718,-10.191798102524626,-110.205600120177294,-255.018553502904609,38.354553829118004,173.412578032282283,45.715793822150268,452.608534982986839,-287.270936260752933,0.957332778394800,234.027358373310619,-158.127562997138568,-44.697165103306972,-595.559880542708584,172.491288511568939,-245.325492519654119,44.683109533449560,537.887701852873761,-283.382404278508091,-181.264445182974782,219.085067535950003,14.364773847893691,-463.057249887258877,-338.998186320650802,-526.303752640276230,-144.607631925077101,805.283551589030935,-307.361057740429658,66.306812372705309,-219.074441833506370
182.291436196384637,-391.804886483538553,-551.537864916578087,191.587048204811310,-437.354497626288492,147.213646404950794,133.462723774035169,-337.521102752861736,108.717647133597680,-18.965458367388191,-153.881298784515280,50.129908198981724,689.516531669378651,421.135033069538395,192.070523497440405,-90.023115120404952,837.670520782555059,-510.943702341864650,483.619178089732429,373.467686954508395,-616.237141274870737,-68.874465877550804,236.238063614097257,194.390296901785803,-109.821709701931567,124.908297442116776,-133.091903756630416,-26.785080196337226,373.235598078807357,91.411821372450603,76.423136860698619,423.062357038918037,60.647800342859767,708.112045596882808,363.579255219176162,420.773592576909493,152.085479727855443,258.401659237792899,282.758505186568527,-460.044907132970877,-62.813862217500251,-357.482703690504366,8.953714819143238,-62.672470282294952,321.684529894823754,-77.627160360341691,13.907251852132172,58.594522228055254,-610.467572574921860,231.515917075125657,-475.566416535413509,-466.130964769861066,-154.379013105635750,323.550612535820903,-171.565203657673692,54.870050379189202,-84.223143801133361,215.793984883029083,267.858787096096250,190.968062327812873,571.488046334112596,154.906422889475806,483.346287095361788,188.706037660484384,-134.623477234663568,450.674614759339647,286.762541780770675,75.792211325591097,350.247006613456392,153.796255948462573,199.549620947148981,190.918778033690074,156.927169232493213,115.115189580539948,-562.636686136586036,-492.067738369190408,-524.184467406136378,375.989364770838222,-10.681582458351070,72.192404601207727,460.373464331185119,-326.456339593351800,558.317789930018193,-233.873407695981484,-152.278555978636859,193.760175756997143,431.051492031177929,-296.592436396551818,372.333489515979750,168.283363472229837,-148.319966388376770,-61.928423454462376,401.252578343916468,-126.245010471245351,882.841123649996575,325.810588489182464,508.242839781398743,498.822607826212163,363.491357275395671,213.596112503526086,424.836397976655576,-299.565616420068864,-43.833951276499533,-237.484085690732030,-137.989819099648543,442.764744735285888,239.518974883110047,-25.416970827481592,-97.672147418251029,-464.134962981993226,117.586689835905659,-279.465033731253868,486.578904951137929,-383.456188449930323,-113.955557986391383,-168.099772389293065,183.522764806067244,650.869796954311141,314.267625236955666,31.388025283185122,-583.340524134596421,-16.584060541665359,-172.349554912224818,-500.132251309937089,50.874415948069121,515.421631970633939,-318.180011863075833,-286.129352465947306,-213.476170290189657,-1113.871648295609475,199.875766729248568,101.673211407560643,-72.699402973975651,-336.394259497708504,367.860172949153252,82.562978560967125,105.978339009938196,397.334434388108662,-19.423009981619561,99.444846306481963,909.145147983914626,-335.673697461093070,-247.003568172965913,115.564377417954447,223.382498739202333,-532.501129450105509,101.362883483435098,12.242153851119848,-695.801568741263623,272.099329124843507
62.388753325821547,131.393345160037825,-521.551666623224150,411.846053793587828,844.836448155894345,1024.722613826039378,-308.156722791365610,-68.758128854490153,-437.512327864743042,245.539422996909451,119.834538168813538,52.103917788586941,-183.454610433444770,147.916608612589584,213.633219635993044,718.451406640118194,517.985738446539244,-44.365539728562609,179.158888304679607,238.737122064616557,-132.245083330001904,197.479412499609623,-276.582485570251833,-338.968964449140515,-331.056665838653771,278.832229199932044,396.925425919933787,-544.091097312148690,354.963290841884486,665.577621952972322,54.338512749771972,-451.980535625751315,201.459324179117971,1028.151416405596819,476.867314934240426,816.644492249804898,445.491762948756332,-110.747406258826700,200.104924651319266,674.585693273548827,891.238294337144680,628.636784920391506,-593.452377954662552,802.796371232354545,460.941464431085137,273.107397814045783,376.800867257590312,337.462185259328862,235.021968145898143,644.392652223678624,-353.283365446020355,232.165417466572080,580.689478801226869,804.718146401922695,136.466409822952102,247.388016515648445,887.378940075101923,388.505222533512324,-220.223446145486434,207.227155783651000,411.122099403586674,-206.224755977180280,220.656821258358661,-149.939042015759156,626.320842498640559,774.951547672649895,-421.451455314563475,257.772537976464776,-23.493968940539247,-848.664587819454482,291.207326307506207,220.197304436096033,-208.125134321515986,334.872795825237972,-338.673573840580900,239.985435945903049,395.681026061267573,836.741824036254116,-324.586905830356841,-244.708848433494381,-146.621973542861554,424.573313081451033,-416.440805733297566,-109.237162490707732,331.073923128988952,22.551361709579425,594.404201469658233,21.801152325754469,16.146896814308647,-578.477336175226355,-197.929037487069593,256.880674143034696,109.273731049342445,355.896248221366932,474.172621968530052,188.553833508578407,-1074.142435340231941,-124.393611224148259,-285.861973835468689,40.236229396335119,-394.920987772446608,58.350712666513189,-188.830628789551895,239.152328810892698,-592.256572894325700,-487.881323267082394,237.829784397013270,-571.634956225533642,176.706657052299818,-623.405167741467949,604.376673940011301,406.282404414165228,13.867584491499922,657.084606400182565,-110.159485519910390,277.283268407445064,-409.067601761815411,-81.952754414768322,80.131924729692059,349.586949714030652,425.773488486870406,-182.336702601407751,-0.712986997343705,166.037704731328517,-61.930642678554584,464.775521711514330,-197.418899246717785,-282.157934410450423,-181.230497795826352,296.185634781091835,-390.896757867571239,-29.586312967511706,-59.676876011034679,125.969292683777127,-604.263977764465380,724.922322808154718,129.683896721111523,504.821787982127830,177.989007185931172,203.061900429220202,380.984081287572906,58.837839229678352,310.801296545830724,691.773160528606468,2.580294413069392,-212.792198148571686,-476.325581247083619,-165.556530960123467,-9.021246008411921,-463.250287039988621
557.812847564318076,499.475603053226394,-460.253498501340232,-205.345311679778689,-65.925828848945457,912.155526426994811,-237.454557094084663,419.270237390228488,-278.337783173937510,150.740461911516036,338.561611915998469,2.729805081217918,16.613213267185230,362.060136018848539,-744.622110662322029,-617.073975046856617,-314.225011100173163,-780.954493901342289,354.404055910300428,561.497173235332525,-98.179685428183745,371.720971033776436,369.703180667094955,544.559492807226775,818.692628274598405,-190.681316886533978,-369.389408560890331,886.465637380385601,-360.951775660001147,779.159645720029630,206.681670855193914,85.459057297029915,-152.014486018141525,-265.083577663143956,-75.259907277527731,314.703930767989164,557.919062857740073,204.354102854269371,878.937937805115098,78.263369524054013,133.799224258719818,453.320749470505348,-532.884385548850446,-17.140985235569620,-442.530847002536916,-772.845176467160513,480.095673803321972,-250.186707186493834,766.342797667185437,-452.566275473505016,-244.683739854176338,-118.574468652363223,420.165820470457334,386.850553105568110,-137.882660648986388,-83.522991650183187,-524.864902633831434,-186.232186245120261,506.741252265770925,531.355280439811850,-609.084100931940498,-230.192293677812444,386.205649659812138,-167.036349277246387,-797.193370751799080,52.058179307347842,-580.667400074226748,120.848460242090212,-40.818005345037115,311.891092310096269,83.372879903399067,-499.879586904319353,-756.890776078310182,191.679279302416887,-367.958016501376449,-762.512174398841807,-406.807555582030659,-134.983573354019171,-505.142940001606291,-24.876788765534801,-384.486986103176719,-556.395682791865511,11.249296090050571,877.279270393239017,-499.071058506641236,187.319256024564595,-310.044327228903342,171.536461732223216,-368.701504879938000,-341.238466401423068,748.388092654357592,-77.982608109504852,433.844206344034433,33.413868743642688,-185.291465492603550,-127.108746798748967,-154.122540806599289,-453.661877258304685,341.190021724059534,649.447484634031298,-247.298609321092954,154.228942811270116,467.365335664422560,947.087329239392602,-30.817162741456617,98.955523113325981,681.191523685538641,-214.948697261172839,-513.567425515990635,712.630776357240961,-332.828632914914408,211.854115774785441,430.916308837820566,-476.831797194622936,341.536411612685242,255.084903206897820,-429.587864845429749,160.049652205479646,-769.687518405230890,-282.010245406372690,-88.769915331264741,358.754915833256462,303.352798657549215,-376.570646068863880,-301.620874939480075,-316.952867365706879,-69.525613993982617,-427.894854310652590,-1689.291532654765206,94.653305869672607,138.224429226855079,113.861834528020154,378.116383324793446,93.155020666580626,148.366231931299808,562.052954015137175,-131.947222597049546,-588.382233133100158,236.332266195355317,-176.789327806126209,-794.752684559914996,-171.823199584511229,510.039914297885844,43.284483846043805,603.927312500738935,-28.058192093496295,554.062059333600700,162.291668433358041,48.264786886141763,409.041116108546532
156.374715208886556,105.188666539296705,-454.004191956761190,-83.542229858697979,448.495144320808890,356.419551709938560,-48.438356634088272,57.421701934422472,340.320083124634039,-301.545833227426613,-399.976619307120814,-437.654968415452402,258.684694970789167,-652.985010841743019,61.548680148075803,117.381098818624096,-282.371260500107326,-378.739978259089128,522.903918266747951,-218.639004141859402,-245.466165898276870,524.753749212972593,416.455844529759588,-642.346519466518316,-319.295644858463390,-354.537857321427509,-327.390841451723418,-705.716003333173376,42.099979492627952,183.667615069622258,176.313425893516495,-384.892644186852976,-205.519380438164774,520.714924480341665,-346.021411791344121,-624.050224336964334,664.497075139173262,-63.997619489966034,49.144071048437439,1119.654631819008728,408.354695866705924,-168.216973345578964,507.381540824946740,461.946150808138555,26.168180198531203,230.451383896579074,6.817827955138753,-111.851580677687110,320.277222602784150,90.823355791744760,-289.728714514986109,317.360548407548492,54.860470129310173,433.125187817408744,9.020411281818298,-79.809654919244224,-593.828763819251776,-296.530692605679576,70.167697588530032,265.870126607539135,-3.751476076272612,950.732175134784484,-58.926000017690377,-96.428591472413018,-37.475367716404463,224.107768971261095,40.773583716820440,-383.602455803576731,-215.696247521814712,-80.762891567993080,-137.884360471497246,458.357025262351954,-659.101768285318030,-58.005285331033953,-185.863303652437963,-234.246473064938243,351.314401498099471,289.247597749128374,-137.990277683384704,186.649764790750396,-85.263921787247071,-132.723628871438677,-6.481548194971676,249.365270029857896,234.383374026585017,328.437184133724543,182.685996013795744,-194.693599079970880,-329.613311269529959,-261.441197736461106,616.636244099982264,303.404729680178264,282.838481579817710,165.040836092556873,-97.329780882260664,-323.233015046120556,86.843200291113831,-474.240364690708759,-24.403856562213466,207.340130807916069,536.079267749830592,-340.443283825873721,241.760423385335599,363.826047627695630,-433.655024575090579,-462.011447688971316,45.839880408784211,635.471811001866854,-126.418396342094994,19.482208075203140,290.046819082470961,-193.347669492140795,105.148141469421049,-310.478130189429066,-141.618737129182165,383.527511468655405,3.157461869725495,333.282426580879189,165.361523637783506,146.077980950379555,-90.662576573545053,213.397806878388565,-60.871563963531607,-111.561524533272902,170.880314449199744,-476.272698703278138,359.848621119264294,-837.037919344634474,522.526521400362412,-661.558648679115663,-270.512252697725330,-189.399921276249302,535.405187228085538,-659.040952551209557,97.320627306868971,68.533616100373862,193.668008118177852,-584.616017544534998,406.773222533748765,506.669733801243979,-212.622518599097049,-13.059104136284279,-684.277341363709752,-613.521916152665199,229.980294449502367,-602.898095508072174,-173.054372666899297,-493.258336112950531,67.484140949306905,-630.497721104389939
65.308457294378513,212.514681468826581,138.552841376680050,51.483018014128731,-792.360108310828991,-4.942225635181885,487.740786435461985,-101.467375122938279,-122.844187125113365,717.741001807827502,517.188247373825448,-230.269194135379848,418.915579436983364,423.249344743990775,-328.479474932244216,67.704365427280180,-231.170347932282226,-686.520557520614830,-45.905460423663726,231.857137042580945,14.251901453113883,-591.020597771422217,-6.331621163863971,626.574562340654666,-197.520576943770806,-43.281649941964019,-50.837891563773930,298.062818990288179,-77.711571299827796,-81.691039565327401,-273.438492651588831,-1052.984696299547750,-123.012518763429199,-810.374471124609499,286.247132590794706,-190.599829031781155,-355.163698131436092,-746.217204781183227,-502.963794901973415,145.434243181863110,-472.612096023925403,1010.665920849273334,-627.507366680811288,597.453112674011891,-103.309804942621568,-355.415981309572999,-135.700739904753931,238.187491481250873,562.903109554651792,389.190180587564214,61.900504683351045,780.723931247256814,145.254834686221102,193.893345664521121,326.557620454287985,67.901156658378540,-398.970939212340454,-470.817801468988307,-460.250886545111427,150.122208621403530,-96.778849918324497,-437.587901592475475,-78.080910976964944,-557.977030357716671,-354.016509753851153,299.661171076490973,630.076162331861497,-234.513376263324801,-26.845356196317233,708.305758355832836,-291.160473404963625,-265.936873460470906,100.242488561326212,-357.487208002678926,-155.656676217086556,1097.666482694358365,62.432505369357060,200.512261293471738,120.125617885819750,-163.342662757447499,-500.550026057119226,-87.091854065516685,-607.660905674452806,-72.271846774213273,-414.622596000575925,-278.355162805219379,364.936253885819610,179.235424431822736,-131.289666447502157,-87.629787999823321,100.503088819488966,-249.228063411657388,190.458552998266555,-70.075889527743243,-621.559219910999786,-42.837666445547015,-349.783282818186080,-392.011489706163786,-828.545764575613589,29.828025161452132,-243.962510849292357,588.478114650015073,309.147879560068304,747.449488744140012,-465.791504423694732,49.931844943827144,-558.628406253840126,108.621273854323192,190.689506728964545,-280.268826619909305,-549.202044492972504,205.937823563273128,-524.667957796966903,105.075104092871499,883.843858728629471,-610.042142054435658,94.287860437561534,-482.240117216166425,-104.880703973800934,-637.556582219248071,14.972895431474717,-117.394549396450714,618.776513458584418,218.171709222652595,536.248276823227798,-117.392691124131929,104.830793428105679,-247.004225841586447,153.291030299914439,1061.402069599485003,40.577549407910389,-185.336157709959480,-615.854679055515930,799.461408626249067,-400.907991269944944,-116.854924393994310,42.098442220544875,38.290170150319717,-217.069663115025747,24.954566727290075,330.946245522170670,382.951809635983409,314.327648681896960,30.795529972709655,-601.148587973193344,346.421496407732320,400.085277148861223,478.367702922250771,412.564019620418890,203.578751656579414
-849.662335753006346,-171.412406156699404,289.379400332502939,23.283445976532128,-320.492310369358734,-118.477598945711406,1077.227063426618088,463.873253945066097,243.825905574487336,-331.155118124548267,55.174666510500067,92.718024053979946,275.261057952077238,-183.469115026405404,-260.378087448969040,-379.475673110560706,-513.953172349646820,346.990139454999905,909.235432578837958,-508.876001640345521,-458.686447770399525,-284.214117421856486,663.591190027021639,-640.002195976994130,-371.500001799439474,259.988438029415761,-235.519008078377539,-552.667376734125469,174.814766000490408,96.258051410775053,-331.245293601829644,-218.089609826362505,91.890097446553298,-634.138512236082761,-185.640683371604439,-85.506191620838905,-204.717071570183037,569.625984754161209,186.655927228041094,512.563721290521357,-106.528466055551391,-398.733434485292150,-53.734274060970350,-552.043230230230733,467.505945961385009,160.064642666467620,-120.709841876146569,-310.487953348381097,-240.972126163820946,-683.743509155048741,-173.752859736124833,-361.469350560699638,-201.442672523683200,-391.940852719084887,131.359768907791533,-371.384906340782834,31.686274023881353,-223.931700563270681,31.247687755082907,246.633431569926870,-352.599198109210590,102.461397206866707,-218.932022702314640,338.000220504350864,130.146966142226688,-286.665699773837162,-296.702682222485464,-431.193912971567158,-39.477913872018753,141.962635963935838,-204.182609583642318,-688.016409201579904,206.044653130658929,-668.346981933127836,319.928035278337745,-116.401062427288196,495.490952566191993,-149.607826064959710,-167.957069682816552,-34.637630459623203,-652.845212842326646,729.247250761835971,-343.015001328662891,144.047751839985750,220.203562538332818,-384.181796976210535,-372.852623238283741,-285.382469414792808,-47.476740386908574,612.843429094817225,-557.498676056928616,16.534277504239931,-640.225229280539679,-515.794462396273730,143.892562456959013,101.262077144936782,-811.909155887303086,-427.593789784961075,-67.330608566397459,-65.312665282654365,-235.397783877935581,364.414826117775533,-194.849798859378240,159.148428705745005,248.870720153125717,106.231289205050416,-13.772165664121491,-93.025553425125679,490.859063044523339,-266.873184932993354,-621.165952877204745,71.625594022356978,-209.719273795701667,-180.672675038316243,217.701074312049542,-524.529538976233312,371.612254518633051,-445.068150811948158,490.829251390205968,57.685809713236438,191.590042905496489,-119.791243663103501,260.711602679233977,-488.634524530962949,257.373751032063581,-58.562069511844925,45.326759520241616,526.264537574704377,-180.394140259327429,419.674983889379121,-58.155514455856803,-152.959957816416903,48.868927425517967,-444.629798659096480,106.655518880573922,-552.231262904930077,-324.219980524030007,891.915236302095991,676.191576346239117,1079.416702811931373,93.662274744429553,-900.386895970292017,127.201871422417327,349.701458689756407,-136.308209805765443,-92.456660029235422,-678.801300431380810,377.593988479727784,392.954886327510053,387.216130540927395
-123.108877843102903,-215.092144800578694,107.306208714185559,564.262184317862193,-124.143853371743660,-977.061738323637201,247.905747526370931,31.354001947145569,175.671229771292360,156.244086001553626,205.045537491430451,-641.060773416019742,548.365582275894781,453.431628194897655,-153.831566222699536,-672.739267351451076,300.132534200244777,-143.705222584536813,446.490271511888011,70.765293561107313,-180.078241388015243,108.484615484529243,314.236018505918594,-94.968534171960172,39.992531982483257,208.834564148728305,253.928368055286882,611.512890308482042,-680.750207315385410,-134.084139600858322,-419.527067233770254,537.743847334826569,-476.329550563631926,-351.910734851119344,707.368792404140777,120.838029451224145,-394.105625722472269,-164.836684852421229,147.386549372388345,333.235862390073066,29.006019207620927,222.747221996665303,484.476807799151800,506.916539861429669,-23.263057945946741,9.726858975512158,-530.468411180786120,81.098189348061993,593.242047653908230,278.366813867043049,-309.485330105868059,144.565997347215045,584.906506865852407,-895.387680506865649,-283.990501463636974,642.962169791799965,247.639826114087157,627.350591066774314,411.934306173560117,-279.225587378813259,98.297449652170371,-371.149687765375631,-350.401470260145345,158.653892269993179,-125.352416327372410,-509.949903417929590,73.483956271172360,-310.042549876714077,600.950056642311097,-15.553633317675715,191.701001428648652,61.249177039821362,140.083169604697190,598.008792103992391,-203.986199742324089,-55.538928830676667,336.707572126451055,95.516847886010666,372.941001850268322,631.087171762173625,-119.772955718089264,-60.874374187618280,-479.917104002044596,-343.859091259898548,-381.648702688194646,131.906943679061499,-362.279463280388939,-665.984170396141053,359.963890273213110,-114.060672527873663,422.416345907715538,364.390765313018107,422.163433770019481,-443.493282414007467,229.391779059942479,160.543195423901523,59.213782133746292,912.413067196087468,48.676761194255377,-379.713480011338447,-759.813474305969748,399.665378272511930,154.155584984837589,-335.333114457659121,21.511300393065977,558.121875845761224,-57.915133668829938,237.822271989258496,-369.968996026297873,111.729316587381931,-32.466495050400326,-684.954010908299892,598.627677051986211,23.071648205374402,-423.227436010876374,141.008795105504248,-282.840464712451364,-362.709878074003598,-67.426916041511291,140.858877109629731,107.120371582312700,-494.164853416255198,224.324711728960835,511.045082205222286,-60.351950668651590,293.268995330773578,-204.664409594504548,-791.586707305124492,378.047093632555402,158.443664782515782,652.344046457319223,133.340251199025317,10.657796088529963,-136.705891803247596,-125.076817105243123,88.281007463668715,528.835492863990453,-112.081415969622782,-102.882772342743777,145.017500123101314,-22.735601232292176,-325.529179054835481,-321.183115783196342,-590.044201448984268,-807.429569504802544,-444.237162364914184,326.896064834387232,-58.528763806127472,-244.193191602347696,595.595556648124671
-817.065678494854410,-1052.418456576612016,-230.253662281252844,169.003718189468941,-438.335215291767042,-738.197177156872272,696.967624510015298,288.642471762025934,301.964328535097081,292.438727261777956,-315.628276635704822,1080.090102156696503,-278.071457039565018,-293.139071434334596,445.939455476683179,89.202159760000796,-64.055017676110182,49.488988281530425,522.633894257745510,467.998141183952043,200.000833845029092,87.160274795307629,323.565402719136728,-682.792236574842150,221.318788039232373,162.297953820379490,-277.270228804423880,140.550410627482876,-499.287484895757416,-533.517923293002013,64.441789804753995,-49.704157995929272,-135.729263268679432,-346.841643705594549,-164.257426551501197,538.714352939113269,-295.754897142122104,74.466769971811658,-651.347288119584960,-646.178064891503368,-268.449001071578721,-78.684523235864347,-129.310250447585275,83.801202546364010,-49.158571826440607,-556.413255715071955,88.933951631075374,590.546399918626662,473.989814009904649,-543.928487473683390,-224.298666696880332,417.722113709135840,-19.814654295707260,-373.711705669383264,-610.146438841375243,-29.903235082317089,-67.394455571255662,444.051449944274736,200.643740281093812,151.399049243611472,938.391853681638850,-352.579020579359621,204.658353434935037,571.782581097788011,-235.914435596636196,-811.316617648543001,-564.003963073931459,-332.905562330218061,-228.592686675724821,-14.055972130456070,-576.107529505266257,299.283384630871467,-341.809018058608331,43.452707131421448,199.597533606181315,847.065608667754532,770.291730869588832,-485.393030882013420,934.462830780166314,627.350162458136765,-732.364229196723386,403.751819186483203,186.402135225628541,-226.544492794669651,566.141261640729454,313.626578402590212,-31.109567176293083,-439.078847849328952,-135.920410456485627,27.704071772380889,326.275675516038632,59.027270882727478,-163.934341287375048,-605.047010819880370,-534.517887992565761,-12.540298921719760,127.713757477624313,294.024257570325119,125.342862433474536,203.195963105681670,15.337729212847506,-491.890494976543891,-29.624190451088353,112.790067591285350,-1094.118228777070044,80.832875915556315,-40.729867244409220,468.168673269751366,726.039881036380166,66.116002322997332,16.970294538673215,20.483685966199715,349.886744212407450,-139.044499296287228,277.018820603613619,-149.904388633537224,820.947830634677871,-803.178523977911823,407.746405332709287,23.715280123073448,280.562469937353740,-46.456953437194869,237.578035530216653,190.417785672926016,234.286217537037572,-7.848372845065323,195.441420947895068,-440.683539089504393,577.205401036491367,-414.331226117611948,-43.442387965680936,40.452309424824620,386.593047064685834,-587.096757067655403,497.344184028223651,-189.324302258126949,158.173339461750999,-300.050116261542996,507.700666306008998,-272.925237816611741,283.236199445118871,-197.307870203380276,-526.589463212223677,-581.378657416071519,1135.924884680732703,312.241380435254655,-128.795223754522198,-35.704284119572776,-209.545633169247679,-35.543725897421659
-68.672282936712548,-338.187111433950292,415.505699813603485,106.763188392760895,-492.102717250691171,-388.887986967966299,-126.370704223901740,-100.707813277121758,-208.545929179959842,-95.668041167233071,203.064624057602543,-365.178672060471854,115.138595928807518,405.595000751858038,-46.598058432096970,-468.269010367227281,1018.544297814688775,-130.492792057565623,-560.083517481732542,127.726786030171098,648.554002638995144,363.806725447921451,-522.138759017237703,285.172055364995231,-19.211113813403067,-130.558231073796691,31.768873790768172,-100.376422708181153,-309.504404949096624,-1159.311113625773260,317.562137756065738,435.028623976373012,119.980193869740546,-343.047481900708647,1142.276255976229550,192.489589994415127,526.940925841559078,-219.097137873417410,466.478340979831898,-236.614934793329212,-113.572184738801781,665.555627169667446,216.264086676236786,492.278018746900273,-110.500309994694575,201.283495159710242,-354.535096534139370,169.064728114055981,409.716516071083163,-228.500714419000303,383.034599966826534,267.204045707210582,-14.012626861387510,251.850455115534544,-55.695880451520360,296.442723098521924,-88.627228590815605,799.637851377054858,289.865676086194242,-385.414637347514713,58.018278894835049,227.544378511912015,-775.525551362953252,-707.115176747111150,-46.152106837057715,-245.923611187544111,367.105227988486206,596.185534231013889,-108.695788383194170,96.361001349449978,-22.858638187188369,96.322032141390793,511.794277526680105,714.496234021613304,-257.735726233209846,-105.037775428977142,309.779589569236464,-637.508697470019797,-130.459830761397939,440.907069435694439,-87.877667576430724,162.817627176589951,-280.967508438075754,5.215276113696991,-472.065102673145418,-75.535861694803685,606.835116416341180,257.701052753829799,230.335151550827959,353.743797517377345,112.261313047072804,-251.241286215625678,464.361250422784224,385.777756664714332,294.419442606447603,-213.518961238353228,267.055637395154918,804.279833009834306,482.371900851311239,-448.679870530605854,-615.551246165620682,-201.725305327955198,567.850092334263195,-374.097402502166801,134.353086766421484,40.210656144243281,-132.531480849335338,-809.589482119293848,-73.216853485392747,211.938070734593026,-717.208077073565732,162.945058410202165,-395.518796032231592,89.606302412391301,7.103974532090577,167.253133596103964,-431.765982908959927,-22.850001073326954,287.495550151005830,-378.436056740639003,281.796546184141960,323.802123324866216,519.616308051946021,277.260492576659374,233.565002057423470,96.469242871967865,236.913365767842379,-493.027268032230836,-980.036268463915121,-273.799466037314630,-281.607712621275709,-218.299983133025364,-766.024957509851333,221.144965543323195,-951.868447172508354,-362.872635004105632,-10.878880383334135,-392.318224655069457,71.207590661163835,224.352054739402888,-277.760669145451516,250.433204805243605,268.244000104144902,-1057.984944922269051,-306.604621951007232,297.281840181859707,-122.687661492918465,-469.206160888117495,-176.817510395222371,-81.738780304888351
-185.081789805218961,-745.348489821103158,-625.311603684467059,269.555554670467188,-61.735978357944440,217.651696048676541,71.741142804614569,940.478516247118023,-367.319446794124417,766.618247296666368,-165.478629239447145,92.385419990842678,361.632018866456008,594.249960770121788,37.734106988552568,-657.737148256826799,712.481688029786596,-333.737976168657781,-79.501632636498996,344.041895086696627,-75.685094492710931,495.259050419365963,-366.125870862230784,-204.554997598037517,-398.457142307070455,-424.754852559484732,41.724530903002801,130.348121831616027,151.860987820100434,-61.769203641087110,37.213327396292776,-827.269313682612733,-624.836406810938570,-537.446965214367310,78.006523528158795,137.096631969448055,-713.618951385397736,-928.815738957984081,281.122028025942086,348.720073115726791,32.547603297432531,495.610491536500035,-779.442243332669364,-643.428652369416000,-877.659626099348657,343.527977062857303,218.076924390956265,893.679980993186405,297.573612561375057,-287.824169839341948,-89.884553706276378,-35.609121223998869,146.746904919584779,246.197107453733395,-91.794480354643483,-194.804745190300764,-270.080889141566047,-8.828863550381737,883.879864848750685,-733.603516192295501,-10.794331969150345,554.149243023761983,-708.831891236300748,-77.024177190072351,-339.936053008641295,254.767027648491990,-45.856559791142956,-283.502145582473247,-141.051121979777577,-105.352968510205983,173.713672168337951,554.777733061343270,-48.649333088754432,646.553735897892466,-120.883844453205228,-303.467479489673394,120.260818280730930,-454.982183642605150,428.821168163992240,517.706293612692320,-293.972920712191808,627.673967489919391,201.706968941803524,-120.668496850021029,-543.599704620512739,-107.105557909661854,279.148443675057479,-850.367043639002077,-846.800462261074472,-358.951810452215227,-460.989925592260306,-701.093660692703224,-689.990139579756487,-526.390167350638649,-428.941756062972672,403.124776612857204,80.449219017420603,-126.754310349402104,264.316878638021990,344.517094384593292,-162.433664113394400,506.333643806518126,644.005712850318332,112.504147362312779,19.741282893395738,330.684876708637148,474.905730308659429,49.057088459972547,5.015379023017452,-405.962645014874454,-842.680905178921194,154.657035037141924,-274.080255959254714,-521.626089067324642,-183.917097962227331,365.373849023548928,-105.870025115521329,52.883824696704913,-674.202436925364509,-253.364723689005245,-264.810579255289895,-349.880960289648272,45.656293255495711,615.735474402549244,-1032.350139277522430,119.748276286349252,-48.608357425107030,239.030838542262700,470.694221557251240,95.734199692141090,-147.335594283016690,-340.522552435367800,-38.317915803603825,-306.876179382013220,134.530161553210917,-110.525298213753615,-180.726258525162393,-271.790052310960164,-158.909064739622096,581.251255022081295,-69.426632326626617,125.832071504486777,-664.870531463428733,373.889950269003805,68.145506913495439,-4.232445333633507,-494.067083724018858,2.347897649328402,475.852160488672666,-60.741535264422339
151.126958233832994,-549.144510953040822,-482.441663950140480,-27.196904009339928,-39.858890029104856,-493.388031452689688,646.961380747016733,-151.084173531106671,-76.893317398961472,-77.528688951741785,99.264009247102663,121.747628578003187,224.926385456388772,200.932719991209808,739.512519788686859,-234.613874229613771,-43.132037043670756,-188.636096313452754,219.242182915439400,139.710097966773077,-133.751633067043883,-540.106166308539173,110.554658632096505,28.774563639826777,539.657577263116082,-203.108372352383441,398.223543186972279,538.765552623126041,-211.050046339611583,-479.683204825918438,-237.649147085977404,172.005174680770580,-165.753389107332794,-91.858947781881625,-293.866543573985950,-48.625951323331776,244.490849065734494,288.278193673722001,-141.939993543231367,-138.889685198569424,10.740255698990902,116.688481081183340,391.351691052369404,271.392334116536176,-346.160136088293541,-308.118034091755362,-356.609915115780268,80.082270347219051,145.913100232631365,-875.918384550427163,-60.365002452973144,53.363751508457057,367.153077409471280,-37.051723654809905,-321.993814305006197,-118.010949897258328,203.650526608992408,521.050793382125335,72.008370226437691,-4.729931611597930,791.096156293116223,-253.149770876300693,-15.038020397659501,-73.162014390257141,669.644398622926246,-510.287456384972586,-181.356445507304556,46.403350440405866,-84.483890490993517,155.529037771706470,388.406546154342379,-35.673052684112371,147.936378440129829,-327.189707547767966,-404.373281528522512,-98.051963208431062,298.153179968231711,5.785204219669465,130.802181273133840,351.134532793035362,-590.191650811456611,-309.110126389365917,-477.114961572231380,-697.947197092199190,-158.608248252785955,445.995395295878950,497.589791637927590,-97.051583522558815,493.512817119764065,-219.845570637154623,105.970215234326275,250.706829536787666,-351.403926673113574,483.275311726344967,-162.118069762153624,-207.862458982964995,-158.174065693099294,105.401866984539666,944.884460142556804,-82.767862364584474,-8.548205254225810,-999.764162864685659,111.735682642116146,322.427373507550669,-190.126265200976235,-431.359552612481821,104.707978507115513,156.836881992499059,155.126121364252185,-120.979088566835131,171.072983225273447,136.212106817231330,-230.732674323820532,-357.403888669255821,-70.065325383012151,-73.648740084010569,690.043842753632021,441.581328037828257,-86.244426221559920,-494.871123531261162,411.561878811641009,-77.197066901353381,294.779571609343236,54.025952377386460,242.685480598846823,-47.701738016928857,59.516074716261166,-342.927397586640097,-65.711022336998838,-471.353711480521156,-126.067891035351735,192.937450818108516,-243.674926191473702,748.699272851391584,365.180474447219183,430.550516571548485,-288.463040538933797,52.238142145121188,211.444861507758588,-62.531978020118103,-761.921837800100093,-184.146100867702671,595.430647257193755,-296.690382326543670,207.195256623290646,21.706006919434181,584.189652754292752,569.516144994279216,-22.923610110173428,-480.841292489874490
-428.394529069178986,84.683513117903729,310.187351367934696,799.804311906716521,4.146486509193733,-407.178461855861485,199.724910168452283,89.419983456350408,-534.731817754770077,-919.227996299526239,-518.351089993078858,-212.562442022103454,113.259857697994718,145.151871287755455,375.010630206958808,-340.158002199418206,96.710746689114103,298.838205896357920,-359.484470334333650,337.963343696863433,-156.218433600699370,-567.637302735389767,-230.269858675099073,210.638686048490058,653.238730307348533,-123.062336787237783,69.755163234285277,387.726491859455507,-31.570036608414139,-1099.129253753168541,110.350577717719474,-292.665698520112869,278.942142042396881,-145.627688010442142,-20.986386591611641,222.524247520508851,651.492910331691633,-38.518697209487982,-682.468073645749087,-460.352582863797181,-43.204190863120807,-213.360942941206190,17.815719288506976,-9.106278331980583,248.097317563074739,374.352838583175867,-237.907835806951027,-616.032854209602988,-45.578782043889028,544.538572126660256,441.234374120189614,929.931881167789129,-267.527829018022203,704.883201986005702,-74.038422691459289,-730.568677526463830,81.813292274985983,51.304394946907451,-975.560552423879358,99.821181688993590,57.233635664046929,190.425506108720896,318.444692211960444,-327.295725970601154,-233.219565949738637,4.896252461848286,588.295198233779047,1403.254611158210992,-618.188913645032471,198.992422153447535,-213.412260770726249,-163.864790079252032,-95.362444330532341,-74.979311312280615,-475.190491140742836,694.556437101730239,-5.528899073017218,-471.455180931140546,-724.852993840674571,737.964063276564957,-242.860361500034713,216.818078415680134,598.886286324564708,-585.751077931414216,-406.398520770311791,-693.333385127904648,-288.875965628972381,186.900853009052724,405.135654910984044,-71.165926855855844,484.600843349143588,-46.561820578738562,255.220706226997521,-132.266595155447447,366.179040253129244,-44.873076111959790,367.093818511872371,-116.793250644099658,725.013144150605740,106.517515709727576,-195.387461601372451,-616.616748171740483,-605.905855615926271,-80.170507709753124,947.256417631783165,171.519363723323607,-303.605818464023343,113.388960940558292,315.678046124711102,527.638549703194826,-564.446341771379139,404.726938713302388,-408.238721260946193,-323.858641259674812,-320.062128994821023,-62.318018221065827,-399.968407757208865,-500.486077830095780,-241.836027759926367,236.181100129056233,511.629256733286297,59.113518274181736,384.529259544374668,191.067611420950072,110.338772773879612,182.795394706079463,-211.935256315684029,695.227740814393087,255.251159500332534,-185.372164170109016,55.482936018831701,316.445659217380637,365.945387051202772,3.456338550312869,-123.523978852324504,-50.109973261793520,469.864791630439186,-345.102248973999281,13.192044328128961,-149.575564674941177,-241.990248194215752,817.982699793712413,-76.142352988050931,-432.632554045187419,-142.469068944843912,-187.809652537752100,-415.660574909822401,-76.660793347532774,-128.873639863606456,-543.833551349442018
-640.420959002426457,-608.921293116628817,-534.522499049136854,146.192680599058320,442.939689588199599,-224.254410921077209,-246.857671274690119,-340.905202725418576,234.419046731376000,1000.454706703094644,199.316523623705677,-372.739907855783088,-578.630174601372573,-132.212204874771857,371.148096050283698,-292.205606515897898,699.056747798569177,-648.467741499659496,-639.727397556927144,-51.293040654663386,-404.228820132362955,-13.217325029381083,-31.091027977334711,-497.830765403912665,-105.147621554653000,-627.024609967185256,-343.108368891641589,-845.296768903712177,-783.572935513915581,-700.417403923971392,-217.961200299805569,230.925001240330971,246.206667354031794,-561.169219913057418,344.903741739247380,-381.484389226337612,701.388871297890887,-614.541729348139143,-432.583616719371264,866.931008361283034,22.390449570381691,277.751618113917402,346.486741252418369,-690.422889899765437,-1190.470768263179252,777.155380242181081,21.250698915223108,460.030987208996066,332.719458123664538,371.921289236051450,435.961643915095692,-249.450688809806962,408.866567744874317,-33.392671390716863,677.553166201699696,-133.222530413917156,452.318436071529447,761.687198979317714,-2.597778588668447,268.486902438298841,382.729681298316052,-760.003437403413841,-133.922067334014514,218.476259059951389,552.029965201913342,678.850532327521137,-527.939621728460224,-387.814505796871913,-249.888486857877751,741.382597482051096,-122.557342557706761,514.023677529520114,-10.812185509524610,165.788984805895296,-363.670303512899125,-160.449102385195715,213.327867346962933,-259.087180398224120,869.816536098893607,169.124301990396248,805.398963595764258,517.757466560764669,-477.697085199830838,-45.643275348496218,566.866364085339001,278.189073134284229,330.337721951781930,-35.798183032930176,7.465223029080775,-76.366681232970379,-101.521545103624888,-158.668485774984134,915.004998873587397,2.533625362775020,-79.881774616906711,449.906671896169769,44.656923172059408,-70.565350492761638,-31.229015206202607,-90.725429206517248,-321.836787867611861,-385.035549914198953,269.337187708082240,213.011310997955036,20.089266787531159,-500.485107692722522,587.377680708068510,363.386455904937463,62.634055324438592,355.536749122285755,-528.588338855918892,139.396706960766892,-340.750351988056480,-81.332801817904908,18.434623266071185,111.473636644249410,283.611673255345636,-891.842484378094014,1022.774568016421540,-525.869274223499701,-469.390564350663226,406.469174414608176,-169.837788123996603,994.652850370438387,-921.302808410344710,-393.891286723345786,233.600323311080558,-182.388868755450744,-393.092485916397663,-436.846436058940185,358.927709891957363,272.871970230176430,382.577136562665430,366.319356165378281,245.316324804017796,115.931469044141011,112.898177809808047,30.534715532648242,509.174776677194529,200.114345037946919,315.056331852316930,255.384399820516535,-396.992001632401866,-456.200197931572802,126.225032022676544,-439.211328175757615,291.476100586822724,-324.329901055895220,237.161209579282058,943.274863170277968
-528.733266730807827,743.756040994344403,382.086140805565719,173.281107540765618,-289.815452052584305,235.543770021561357,-216.242673748426029,-533.011729060665061,536.143336837181437,171.552359709251306,81.043259469516556,-212.952483433456877,163.773355298785361,-6.533633413925457,-379.458329715290347,-516.368910741793911,43.431742000724284,-61.456713143804620,21.605150462501442,378.660300750885142,-454.670927132690110,-8.506376308882110,662.963093351580255,124.326391086950835,385.760650783486653,-453.091630401079556,-130.554287442158596,365.661850888263075,227.427896874889512,192.005707441980633,-427.773197021205078,475.058230386497769,-5.871518603199666,-167.006676683098050,183.665444345385595,-158.821972874848683,12.179978543294375,-235.656942550607766,442.815299419414941,-108.045326115085459,-130.411750377482321,-362.052985382202678,-151.592897476759731,-414.012498592752195,11.693948782356838,-303.873080718355482,-136.539518611125516,-229.965905494905201,-528.914493072795153,-437.003347967418676,199.130957797897878,607.838060414943925,594.550431555369755,-734.777731181375430,236.437907516272219,311.962748943416955,-295.440390108562156,753.912732826383035,267.152829111165772,-437.416712550759257,0.590701202884937,-21.047527602179500,550.427416899899640,142.383115274465354,360.845477169565072,2.559904720511096,-342.296373412123842,-138.456166688298083,343.134948373946600,-513.316167408165370,11.582165381095443,-358.486463850085840,360.081566240287373,-646.723120302253619,512.573063984012606,-1360.214476865540973,262.644821718004380,511.197619463822150,407.470117257885704,-686.921547547566320,-278.987539090062569,32.785002558403377,-548.353338432382770,431.439179306399808,-132.718473877833702,-369.388094541131295,-95.761389002839678,284.492477892530417,1025.930199012801268,-126.543502052010837,-647.752604311903497,-718.776012037096848,172.326090678520586,-352.988444836379756,347.750209317080760,-11.693973775854143,-102.462872806283414,457.970099485199285,-415.822723000118287,-193.035195420346923,112.197716772081719,-861.230494417755608,453.612301550012376,266.126304170979211,629.165977788066357,190.952751380990605,567.812686019603916,392.967467789583338,-556.806242658723932,-232.186758960962607,-1.768971410455819,-48.280562770491080,-21.269883853202121,239.464314127146167,179.844784940691397,169.070950335684586,193.982256046486839,-606.746862972854160,120.362360038040109,-208.161679717676179,-344.010725085050126,648.830863366215112,234.504728418996478,-447.980430051359122,-36.250312630551811,-312.534116804654502,-61.035333502438220,689.459659185746204,-549.226501382462288,479.546173978089200,445.340497156017875,-387.962571120278312,490.669058537803892,-77.599636679859572,809.729474533239795,363.524146750658360,-1043.960314449397401,403.554530379389234,-280.137026388973595,-135.972082964197369,-664.933686046463777,-418.760081607213635,167.927145341294477,-225.565357240892325,-202.549505807956251,907.310983358837689,294.829024545267771,297.864160027049252,-272.833884021678898,562.370433518895084
388.562263747710915,-269.343470149350310,137.772688900175439,445.440578999841591,-483.404588329397143,467.326603468664871,374.632223860617501,195.050156937468103,427.267615682087353,-31.751661139490654,-59.413739700053455,-771.371421850513343,585.117705290406889,582.148385355101254,-359.667214670980286,480.969013544503809,105.300626725996366,-171.521828608421913,227.558448982218209,-121.377001013240360,-64.007203161468070,-305.271332302457949,479.995528443401895,102.956353193708082,-406.785339144209274,389.349394934422776,403.275773758404853,0.612131731156690,-363.811783065379188,184.848920663662284,-20.300518465247542,-275.949262795702623,425.697825854292546,728.303027762305533,271.649409419816720,-254.372946742973966,210.314073490539840,-114.876916182627212,54.780612674115311,85.406400620366341,7.365793486968665,-24.689755348859862,204.589420268947293,167.714235618901000,-411.299282156111076,-158.871539742094910,200.349761948664366,-326.329598009372717,64.570467031215316,447.024364699688476,-43.042819577265085,155.044650885868720,370.436935404910741,256.747674073177450,-337.935001970033227,-77.966876704390046,738.569525505670981,595.157124104465879,-448.576463248363268,232.158717077212771,68.099801834806115,-149.632699619158785,209.160247465035667,-896.520980228652434,78.794849306525649,399.519170596309209,-1.794564127820786,234.383104153352974,-128.611472199955386,97.840287012850098,129.702510971427898,-852.763695426870186,772.649935451613487,454.136913900120646,-588.013775074256273,446.251112794518747,-723.971621758997117,-629.299001019373577,-52.534135008571056,408.645384469624673,462.761795587077529,-704.788026152739008,2.378100785060723,-812.265863277609583,-268.343893095774376,325.990891329766498,-49.722509065311328,440.821214478348224,-245.189997904684560,249.785936786044232,304.912544455133514,-185.185440304033420,-211.378204438061630,326.872924127431531,-220.804680862746352,188.272822762621672,696.740484571426578,121.664897507738885,1008.620615233221201,-3.861157116529542,-129.306765900945948,49.544448078476357,909.075285551047386,305.237558573303374,363.145298671856494,401.841672511529964,-34.361705085160047,444.708186786199690,115.676215640273043,809.526884974766745,-343.940722037339242,-161.800360086335559,-422.226267583966717,-268.061759356883101,-811.972166832742460,-14.608461592866613,-601.168500549748160,432.510735213552607,-347.526079145783683,641.329635192534738,-659.234511280185757,393.254567722754643,349.278440080775511,558.190987766674994,-685.966732081361101,-310.701469801914641,-603.786592631834083,574.515738213380928,-149.129228538711232,117.454414889328660,255.387617648991323,23.591586279571267,417.471323659227494,80.240521004552875,-310.701149066466485,740.352737994997256,151.688202433897004,-366.748194739368330,296.446205382137293,-770.353733307200400,-404.755969347714370,1057.871479173775924,-105.176137859646062,75.321509278147289,-70.460031588550009,-265.344650986315571,193.220780310247676,-982.514755555076931,420.296643303630162,194.861748305564731
-169.789353051239630,325.156379299884122,-288.613611746986692,-305.131162920813949,-260.653334192200703,-537.919444626590007,-32.863403962326970,-612.548473155620854,122.312809738845090,-541.249617185897023,-129.124640749025815,-151.331064530911959,-253.130249051047656,-458.117978444933897,-431.853219275588231,38.313346610068074,265.405547492328367,-260.032398906108540,169.726976982024951,-605.490401749567695,-685.126683668393525,-870.186965054251800,240.371948960912675,11.146330250412188,-226.568738448365167,495.553007283229590,-458.264360351462699,-47.336484659373681,244.854053480139953,-24.927302952600698,375.845659904538934,41.313852130990711,256.356306434077510,-116.849949775941667,-66.082973625651391,167.427057060780328,258.120452788301066,497.279486891427496,67.196335317064438,-1.611855220545030,-567.754266706818157,-166.868612490847056,536.641371527271758,-53.886327078527799,182.140589483251574,-333.187207529822899,15.095535703096196,144.978811286093048,-184.398054030072842,-116.734811301225676,-191.007812952941663,-564.122190578005984,-214.001419430072076,-235.004210834615520,16.461418991290394,-309.092314750804348,-177.308813998638158,-207.810553611444362,175.734115066700070,-197.820094965949494,7.136544015750371,552.816732692414121,434.512314493836016,126.395715810089015,68.895654447004006,-151.980328268353929,-322.068117779486499,-164.105729026433238,285.190599305890771,389.152709338074430,27.805333041395183,80.367708182385684,-631.060742679906980,-251.828910896490811,-350.837173617392750,575.712870208456025,-4.002556819634439,606.876179307411348,223.573123825258705,-178.301911570742504,615.319499594472745,-724.462698896093457,-73.890259843575990,714.000754195361310,-178.895964507564486,670.764054705884064,-113.823989151681019,233.013794883883946,314.979045353548884,-360.445724745771031,-472.557250426399207,-315.425942787152962,84.189528475483556,238.966610505134639,-41.923519097157850,-300.035127772584303,406.978318648024640,-50.134539786281294,-83.830779316296656,-301.718073881063560,0.963799603091331,-220.670970042367912,-635.944504759148913,12.525059768713966,-446.610367539473998,11.390168963208211,402.289158657619510,-117.909865689626884,364.819825517440620,-361.101490799013959,-1294.423124702989753,19.856122879001788,-206.502374268005724,-444.538030502232914,-92.711199571263364,78.194334325465562,526.925993808905446,220.799187653810577,-50.647146569518839,-435.774073423479592,32.216604998738937,212.856167760395067,425.406407941211626,-626.069141378819040,381.857203018579128,-1004.349395579419593,30.314343313960535,244.941326900924423,255.779508066406095,-93.238459279494464,336.118281009942450,-279.526448083420519,-4.447608928884382,-590.087361238593076,-281.008816276788139,493.710518872325451,-915.392845380772656,212.096074528994393,397.964021343052252,-670.609083238893277,259.956521808412958,415.642081066539049,222.940615697300558,-613.197920019965295,-183.827488396353516,384.054114190542236,150.164447636495993,139.422943654594093,537.460328441467141,440.933278880779312
334.478305941631618,-447.204713862902395,360.985016349356442,281.591445847294665,-225.112460594168823,-948.793237307052550,50.082425862130577,-410.826276265490833,788.885507380309036,100.560641510679673,-291.203199483561207,-6.343366162181526,-366.059267629008275,-204.247709188596872,-113.571848914820535,-285.003851029886107,-351.933124160045679,592.084373187513052,-493.347679205722159,151.509946710578191,751.923429227867246,-2.068269446463689,78.722686346868613,214.787027560543464,178.580794855615437,-45.994729569174339,16.704774506508162,-392.789367248248595,-787.061806123553993,-216.849670586217684,185.559414971620953,28.545666849780417,-262.779668167214766,-111.907621150587062,21.343023674464334,-666.377071340234579,-281.550944409158319,176.721529945006722,-541.953760964993648,-174.530840275083847,12.197079850224572,104.351998973621050,-114.928697280727420,-156.362151781597788,-33.196474098774232,-271.917052790616026,-652.284447915956548,-179.963735979625454,158.718027044798220,339.082651648671060,-29.126223846805857,140.305213259691925,153.875377526000420,282.773091144506679,301.329698296201286,248.872868466336229,-68.944594740230812,494.463510118416764,-211.984316029518936,325.957716647939606,-63.603485921773299,-5.261241640273628,224.634877137097931,404.092648607451849,-365.656222855187650,60.282405935570665,-1099.442397304561382,741.988680485950795,264.585594594357701,349.512942521320497,759.002636175471594,564.370828606127475,-198.868829203390646,-534.887036625935934,180.488013586956754,394.200811637560776,-49.621174773619558,521.528397704972349,-362.406022955577953,-192.921898324081269,316.797153300842865,-43.852718085483176,-142.524588451316987,768.323975351564968,-175.116879280187192,145.329689193274589,-281.944745288662602,-364.018668151701945,595.252848479311410,-202.820165150448815,405.816665586019269,-311.969637049946698,180.159250428469505,318.291672559395522,23.872833477155190,-346.449530852613464,-190.980772295733061,130.686755571395082,-89.471628482800256,113.063525253871816,417.689202708314099,57.296235180942169,-194.798118422513028,612.440750755068052,63.808106707805578,207.800793284018795,-354.351691646160191,-408.998885864046940,-177.664147704319078,468.254873702176894,535.581140497358433,-110.532860253171677,496.461359867786939,-476.399133422660213,224.246974611739603,177.148427208683415,683.522548526043693,-384.880777386011346,-140.250197296946283,-93.934462826408208,-854.279469776936935,187.021848309582253,-540.595928561101914,394.540491868663707,308.518565947161790,114.995849216303043,208.514018372755942,525.332903442846259,-22.426712573174246,296.745359894933529,234.369451648014802,663.206615216406931,250.617854060014992,678.370767050770496,919.649853831448127,124.704343758453618,28.512427225124618,-572.789214260977133,-1054.723878260390848,464.159543624055630,137.006435229143790,480.266037094746594,-586.939339614358346,-139.145345183728153,-47.106862043062712,177.987157539844020,-199.827810529612265,95.647659269870758,-266.639221445912938,442.177983051864771
357.145654394806286,378.702444750497307,-211.142180412953820,-500.959051196702490,162.324390411551690,38.003932315576158,315.142244692967211,-204.400530599741529,-65.840586546476757,5.840051999820716,388.981258241161584,-643.425913190291453,443.638289569029723,-565.992996403712937,404.043611309316020,34.005003361765965,469.203616026884674,219.814915335033845,571.909887447198685,190.182544186640257,239.774299013569419,-1088.362892863719935,562.357821919021717,883.365188866393851,-214.709685376109235,651.048928869747556,276.062797669860174,418.165118490393922,-138.999290062827555,-225.350350903741315,69.211967443030886,512.172148192396776,474.331129653122844,585.691249424174885,-456.784926094745970,192.319636727418924,-643.279502175606012,-282.645077275535186,843.234423181944635,-84.173157050122882,-461.827349154713545,468.501683668402450,76.588886365185374,567.694711710621732,-417.560884148048444,-538.228371021214684,-183.953762448906616,-421.886395296071726,162.099105934091227,698.236016019416638,-19.509874775782947,266.959664546388467,281.701540371774456,48.584813315399487,-216.796181790966443,130.358248767352507,22.757699676665350,-919.812303307998604,112.872457952260007,-80.491917125473876,-250.239014652657630,-480.793231209839803,76.124098848586357,499.129202489881834,-381.487769975528636,248.909173421280911,211.577583648756274,-526.311782454515651,-403.930507772785347,759.211913141207106,64.746775379701120,-806.518062465001094,180.827051924613556,-165.658053016914636,-297.520729112851654,225.540070413476428,-633.399388705734623,-9.456939513656543,-793.181314486359952,299.113217458916836,43.635684240144784,-226.284240381393886,263.826852571760242,403.349709260394832,-24.434073225983624,36.962464087500948,77.115455769367628,75.336832005383812,41.350274491643347,328.096680137201417,-3.634112082276765,444.789174204968617,414.754840680897530,649.208345404295869,-350.775324148372988,389.973656161591066,232.554872086021703,-45.496648756463131,136.608543431509361,-56.837324480123655,-449.182033035916675,22.931750992057417,793.243704795584563,314.536796192880217,176.334640456490263,70.625797593253239,-91.631383327091868,-228.987181683140363,-423.242631501366020,-11.859831020062146,719.284336136466891,275.464146355582045,831.297719724246122,-204.635624657611942,559.687994622243536,-342.169964811471402,-596.821220420318582,65.055678865591815,324.445737724829030,-175.825882116253126,-226.714897710098825,-292.754005557959147,-29.473118368468640,-131.886843484476998,695.811794204570106,752.292297232286614,-107.657762468695807,-452.380253560506958,-335.624147151112652,-62.565328158717861,663.309806251308146,-597.692356164505100,-84.547948969330179,900.767351699973347,99.375783556198741,-438.612248883516259,-205.403608326670280,176.523667648043386,548.860936043473203,-6.086694461116046,204.063291019877084,222.231154454811218,-311.282886113728239,-35.604828515054272,-206.771171353779550,83.389108363337172,244.861453660830620,-495.989704398609717,-293.290205209691692,456.448403475657869
30.648624998662349,-278.363559670024358,134.507354214492921,321.833240089671222,587.536723073160374,414.246741117276486,-82.590827139407466,-209.603134290967290,-50.294273438904852,430.914003210835233,-256.909169829594759,-454.591058944841336,254.619460257348379,212.285423903937897,-57.627037616301195,69.086715565924607,-108.550688382136869,331.934006895634298,-609.666926647719947,585.085399695389015,-55.196073580107338,-67.717494171704985,691.198498147904957,-728.716303923146597,-144.463025136719892,365.826885197590741,898.956761457379798,194.794283865784479,195.771972667867288,-231.226769287651621,-697.527385290234292,-277.411840788450775,-698.993385213924398,338.863305038695216,313.914890629988918,466.388096488274186,-830.146477829390051,495.977440358468243,637.527278793033133,216.824528237206295,-27.814760271616752,247.092119037483030,15.677293077795026,37.065660912749600,-202.284666753436937,129.473389778872814,46.304956844897070,393.921763950311458,221.260969582630281,-407.861992141259066,390.626092712237778,-215.610004842481999,205.444259284764769,20.905290257091607,-291.127965231166513,-42.533042830068496,780.803161300297006,-16.375483552125562,242.538288945820256,-403.590392766295565,-876.673088925737488,-362.667776593414885,-178.366586248259210,167.753755933963674,179.567011249368989,322.695672985208432,250.243956333079126,515.594953162775482,727.776166670609655,-6.639262300107646,487.903004834727369,-125.672274669821846,547.275829935444904,-585.691728791674905,101.303028200105899,-198.261411390039598,5.892014931109464,-117.402299683978200,46.124045893772738,389.023804173089047,1058.813475676046210,679.421543429280405,437.307988711058556,-157.125492288276831,134.496153676854135,-608.084260869969171,350.482355634975420,1140.793357958252727,-480.693862579796814,-451.084341882253284,467.257527574006701,379.814215238897020,521.872116076967473,-258.929643871023472,96.071872498046119,-280.787473531422393,343.621026695622731,311.070537624979295,-46.658744910637573,-483.407206327747645,8.183938393508598,490.122588126277321,158.451467864589290,203.754946747639963,73.303586492530769,-643.958512570058247,84.470253909344081,339.727316946260828,311.925743968447478,-636.831454422433922,423.537111937666964,280.704204841833587,-57.198624246409366,1017.831517770327196,-864.553244084559196,343.829729835551689,-554.948076693007692,257.532794380750715,141.720520622569182,-170.392715564956461,-267.461983793044681,146.163141690627299,33.673667875330274,449.129092660820902,-466.493878532121641,322.549912658765891,174.553173253167301,753.217829696814988,-30.012427035893129,129.255671315460916,396.641286780010546,-552.854369123091715,325.487200044668327,180.509829234956015,437.624955127668500,5.384906097195641,-287.461767631450641,-14.876464378296154,-57.113040419123912,635.492965461642484,376.681335541546616,-294.801274892550794,534.520065653694815,425.793795126433963,190.080821228687853,376.426840645612231,238.655537645252593,801.761298574144007,-159.341225395233607,-40.343293762968806
-28.009191074478405,-353.323098924010196,-79.535729499877533,287.908364181298793,430.946146503623709,602.949786606209955,511.820420047968469,-257.594695652958535,-274.857299336658059,1272.642942914392961,178.267377932774792,50.501233850502558,775.300940496633075,-863.235855589720586,183.104771075550360,745.763675080455755,-522.423193952201814,302.389691894625685,442.942692225823748,-229.509864401624554,55.761142922104860,-611.977094660042894,457.106543543117141,-613.657527666239503,-285.162842921496747,42.544709780287441,943.215286319489223,57.543891601389944,-415.666646544025525,-445.407613745465028,-38.325867780010924,-27.903903773262467,-669.368055969734428,237.564436433748625,-57.076764378661700,-223.191298449355031,-669.594775053521062,560.224396441140584,262.057126469043396,844.581618711962619,-181.919257353870904,-349.361106426404774,661.091065557600700,658.358030845784697,236.783782503224899,-19.945487485211558,131.618939195963378,84.236941441215720,525.135160154620735,-767.163280284930352,-522.360256986341028,168.122582433509592,81.315263441806593,37.134762866493482,-467.322989592711451,176.596579923050541,559.672942118923061,583.706751078676803,545.027107464172559,-210.058916993421576,1.677225356597051,30.472512681812827,-638.113906023360187,26.984944290212745,-113.727340940717482,-181.394431554220887,177.061587259125588,1114.013454670660394,113.281706289264889,437.718212575052405,173.847490371765645,429.145573070474597,63.536429315992066,78.649587848784563,160.949072626421867,818.271713876192280,361.940070249717621,-59.859300965805957,-45.329624264795989,-140.830990436716007,12.153764013426411,49.293878271616840,161.263785250234605,-145.015376418317743,-248.083986862661192,371.764123774595760,-528.579524181849365,264.795993960391115,-359.134351774561026,-429.126898701681398,469.790655178419001,449.496970937594540,137.614586515052991,-6.495807814570938,-302.276118757496647,-170.739973046784996,449.348123780782544,-823.164643401857006,297.071380532132650,-172.346936877194651,393.811202956048476,146.786856821270362,-81.855407998536350,-413.629823314365296,-23.589286450911324,-524.979413814663531,250.694544586430993,569.984272807441243,527.137578973272866,146.731028989459645,254.885196698703112,-468.449879482499057,70.334738291216638,741.654980479159804,-802.313020556792367,711.111028219672562,396.725405974022124,411.221936788227595,535.908178602094722,792.621727160997239,318.456505802184438,439.881173897568374,470.918638465448737,898.940181694509988,-209.930535374792953,188.409748743968748,436.017495004624038,426.221847119296172,829.443036122287936,-70.164474014577877,31.578230780163238,-671.094144484839831,-296.649285917234977,108.618802914579305,398.879579779934829,520.560611789218456,22.304109997438744,490.073503144713982,169.076431032342953,775.652555048269278,93.988803512227463,-72.764947103037485,-785.817334504415157,669.177811759220958,-26.838489690556784,-426.988506025315701,-35.102971997470490,-216.294815999251284,-339.510283320659312,-785.585393363820003
332.417897171402558,548.135416487756402,410.380994813612460,-131.921734117133695,54.279632657292623,280.115774135033519,340.824581964341235,158.358629820183410,389.501396533326101,237.924518525548365,-24.057049996060741,433.144984097789688,-652.126178868625630,-141.742427132008942,-324.235276408120228,37.193933523697645,-84.629512258890188,169.820972403846326,262.568682456667943,-251.061854599304496,369.018683916936254,-116.662975275637933,272.711031844134823,452.413118599394068,-147.453128680355150,124.469973677838283,-445.252989800412195,-60.838581236871903,-95.692663025281647,-328.855523813144941,206.049213052700395,-120.897226013481898,-454.998126073362243,-132.193956093862198,-412.951129094338285,-607.249513710238489,13.230857252062421,199.244715517377983,-303.381770605827512,449.094962976785951,201.203306369756547,318.660977729583749,-620.591294527847253,-200.793533837241569,24.302078748105323,-67.677320577314674,-802.030486866849174,-783.316079659186130,-281.557547888950580,-20.116005395837757,-72.582278443531351,26.767255694579788,-530.359530285853680,-214.176178704865663,-367.213609013811265,319.074623325530638,-673.438382613642148,-171.396819842124927,-58.203724994985748,-170.370529995300558,-787.287007145305211,536.596169623188644,759.866824823285356,370.370848255375165,-50.615449714526122,354.393535933309352,120.411769966927665,432.525193493189249,108.235058205613370,-180.909890581243644,-402.774774516779814,-92.097805447577798,-480.079695242926903,-178.509781788873141,702.593050901278048,-405.061544777467873,-215.659236333014491,17.814194988158725,-743.146664394002983,-178.787333522340759,43.113865152762216,62.056997832901715,-592.625843871627922,40.896948754558707,-141.251424269544657,-164.344738590277075,-387.903390663168011,-538.443722373995115,140.104751418014700,112.659286227150858,15.325116677413330,-18.558719535695388,141.989073114284452,838.139808053388379,707.549112521823304,231.326048912637930,-272.306299894099993,-81.351024359898418,-947.528381576918605,-326.850549063455958,474.377359793651635,-141.649211098240073,349.317560312178841,495.533413530328346,-459.168951582387365,-535.977903143503568,220.113604439669928,-880.127462734797291,141.290321053365233,-912.885226267233634,-254.327700398874981,-687.926823284929924,131.451965512267577,600.431258056560296,166.319776889419614,388.232056326679697,-351.241007499180000,-786.731596468923158,242.123824711258663,276.507082598431850,748.994632112767476,-41.069823781452605,-74.529342842796211,500.348419450272047,500.250102510806300,562.674631627548706,-179.363627043354143,281.217030792538310,-7.300590642207077,755.965075600853424,-240.960170940364748,397.893811993275733,-222.980836139997024,-257.488022949839888,-122.992976157669233,-138.843340195960366,543.457556399780060,-497.093118799214665,-494.006207308911996,502.741761170426685,80.998102524550575,390.288938426279003,-524.554741636394965,-254.177759279972861,-181.017631220954684,233.226059852197466,-357.565710056361866,38.761664246825418,628.493909716161397,84.626095892162851
-71.939420823895958,199.797603093396191,-702.803002013252694,31.266027894037506,-197.582789525500090,-231.266079475122183,164.190065635468756,118.714007235055846,187.169791235172852,736.480587965536074,-58.969841008288832,514.043696997870256,51.818557334913095,-345.678718424025817,32.790646262541159,-6.053067659381519,139.138045470502703,273.700027986169573,528.044909628433174,-33.989142433627379,-39.774263340821363,-264.451192231267328,-328.280736600075329,-476.344723508305208,675.953246736448364,-145.669861010346153,-401.065286420593566,339.035561436275486,-170.585537914998554,16.590450454553071,93.232477907984418,400.395793723377096,9.695908019868945,422.489155993052918,772.519757745598554,-539.736855935220206,143.351865884192648,-3.640015030739008,488.802748732809221,-339.156585436674561,-96.528692389700012,475.928747222311472,25.588832898902389,-20.574379413272418,463.826427554090117,-4.734137061675654,120.373678815744483,-73.048060209509430,-340.942624387266051,200.884599843929891,-583.661069568104608,53.394547507686781,-399.161392112334170,3.267607350723587,-146.015335580663645,-492.195265375359043,633.223159074070395,-850.053335188828441,729.042004606355476,-214.715458437702694,166.649993768964436,314.252578486833045,210.145181697216771,424.368859071816303,-43.187320080017564,-957.654154218998428,468.277259754280522,356.631979729942884,-384.353671028803603,370.214698462558829,-211.190556507826187,-706.429719773985425,-288.241768450294387,127.581203864577830,190.823283677276322,218.627160950342756,-82.844319446485130,876.611415725533448,132.419100422430319,-2.592722663177668,31.951204086691511,-265.852549065871131,-607.087885862756139,729.891840984234136,39.836769962288997,436.733323460258305,452.227977702265662,6.388330018335836,-114.061626807304492,519.008963813288119,583.707628852476091,-312.583954269754315,787.555306452526565,-189.585048520847607,590.984024606714684,-410.861786051532363,216.039262290534140,-247.527926422770719,168.026028651541935,-10.150640317864351,317.071549378821942,-65.780131828768063,837.294522424679940,-114.458355737851065,19.135418078013252,222.378106778231484,-541.355442838440922,-386.251063523498374,292.736986547177878,-269.148325806700143,-776.634696591941974,-457.074379780944469,-153.184420003350994,-750.148420478502658,-328.254220589031945,393.855277011721739,-133.956062535851743,416.272088234647754,-221.845484447814158,-302.297166861673361,545.002525062839936,-555.339066996474571,593.759561094110722,388.755905016703821,532.693894519245532,69.693594832003782,-375.847147466971819,216.422800613421202,317.528367963138749,548.430433713872958,-682.513115783377884,-367.886392162936716,-39.999116870090226,-489.387591491306921,-171.155392131957683,151.233856918252229,29.307364797310989,-165.407469674180845,-110.777343804690773,137.070731032243287,-96.882898469851540,-172.936225588017834,-480.864371483152127,-324.330806040827667,279.688555567968024,350.745314665350804,-421.743239830380674,-53.058204887086404,-258.357068733317988,193.964976354751428
-168.354196039633706,-244.606629870230790,-396.823580346485926,124.027441112160005,49.383602536237994,-72.782646654669364,474.155081290216458,-513.281425948509650,-412.094473590259895,-78.866435416082112,393.342003718739363,391.930088646997660,-818.367074687696913,-220.171661309087398,-207.223661962704966,-161.612883597502332,-330.728251547849538,-629.293386062963123,340.826545963478395,-735.061321713192001,-316.561645944459144,-211.372597781501128,-139.331664507460232,601.993601714962551,206.877121184464784,-331.661067055820752,-121.347910464654120,-445.230064621717929,324.668608172617212,346.389295333771599,93.788489108060162,-353.724004152652981,-420.485758802238138,-394.261771718427951,-868.817749946747426,16.013535139300885,414.167934368931355,-538.145396871470666,-370.161338927740019,181.068785876960362,14.850236841303705,-125.795731337178267,-405.039871384303979,187.622312550936641,-732.710349376809631,-648.788551340713525,81.375944155360827,-109.468728963790866,365.914899501785158,305.589131071665747,256.459846222380463,141.393081153892012,195.946219190877770,-84.356315552395074,7.002290441595918,34.777572770660584,-678.947481375572806,283.219137382208999,-157.683294781253693,-198.506217589592637,958.867051056964215,144.425578618759715,372.452529168243018,603.903467908976836,-686.036776858651251,425.081670736625369,641.676919352975460,415.888492658618702,720.200760689940239,130.732400491780851,-639.152769070333420,-29.368603636129457,-591.617607186633109,-87.759469318633379,-565.920790291897902,213.900578881077365,-412.780697252002710,9.625991001240720,141.401028349205006,474.545265328474500,-145.829337033657225,-421.049469930416763,-442.576987425678112,-807.699850049765132,-446.232822619201215,-180.529034732177081,-267.021692650649243,-458.526040061181050,327.182723013478608,-426.301329877742944,-302.091994291225376,323.232585831061158,338.611949562430368,-422.098643129887932,-725.006508536613069,28.067396204700501,-68.814810432596616,-35.913811529029189,2.779215766969685,214.849805579388743,278.312756431205798,-18.306727835281954,-102.976389945781378,142.556437049235399,-559.445281359977457,-518.039425117741075,-425.608120713192648,300.352231628545383,145.957882576670215,-926.585276653337132,70.790260191503563,-364.123078671405892,703.324572000350372,-233.680960960284921,-399.976760603634887,-207.571034633216698,-103.948742794355198,249.426567006662395,-576.191371354703165,800.592520295673012,-827.126878287488580,263.927881748295533,-196.239506315741551,391.560287674772724,-517.651851618674527,-965.377442318092562,-437.928163439366131,466.283767942940415,502.807864014217444,486.064132701709809,-30.791717389623997,-84.590182457992199,693.166090473269264,-486.726064869848756,-614.631094528239828,431.332400406269869,3.699550413744994,-986.943075242323062,-33.199909580554227,564.584452282703978,23.826297961850742,141.374152099640810,-406.030854902425915,423.231083493949029,-371.862901116380328,-680.769850413188465,-322.211474949062563,-118.129295164861560,309.471362795279560,131.699881839128523
352.212992907085038,-213.495195933648404,-235.603421082230000,-295.227767680771422,657.539996862496196,-42.970522149695626,-86.067217990651415,130.079526778451367,-402.782640776043820,1.390271767245444,209.362422005488554,-472.707583243729061,-687.990031451821096,-305.459437925536349,-187.318314421498599,584.913614105610804,209.966983203473148,410.375924081928133,-570.540382690169508,-9.135646423278921,144.140490344957755,92.207787425293262,-51.210981829929892,-37.202337652308387,184.455808213387115,456.029978119706470,-184.337586146868830,-709.896986454700823,955.651290454916079,795.155464723810496,-238.489610341492266,305.763614241413904,-205.803994249687236,-212.525291032600308,459.870179177898081,313.615036029542750,133.106797133380383,-151.860620268826665,-327.565367301054152,150.761238776077619,116.222780497905816,-278.277839381652313,175.254726427999429,529.532593849330397,-218.409620635089766,-12.074390100996894,421.939374796045342,183.569345050528256,145.907577876369629,72.814993810609465,77.817495624008373,509.325755038561510,409.378369753379673,510.523865595758252,244.368267505926411,-229.496417439049537,210.153946552761425,372.153003554385350,428.677241186781259,-416.047593779163208,-13.944794923196376,-170.112580732269635,192.857210719966474,722.979426949225740,565.837076330564742,474.579021482832047,-25.748730953165222,45.095475169888580,138.041233404504879,-450.865409819065462,-48.608283804414789,100.585473687744198,363.600716733121544,271.856025052638245,-449.128642256764863,-53.608527732138597,262.658230702692492,-480.239450180080325,142.586621398023425,172.564177195243730,-276.022056735346666,-61.261378833485281,-268.380192543205794,-56.806281219933382,-525.164689465738775,399.133672506199105,-320.169092499047110,187.652796594492514,-574.066117392386559,-500.080281948197921,-242.999421606814707,74.064520583724146,-220.960888658625294,177.310115497495190,-132.862517577702874,-285.261692550341763,-295.813222579230228,246.272024013723382,522.699314525945852,16.479833120496231,-197.067967297170810,-101.301272593594518,41.640231010648485,-152.398613372162941,109.411999578315687,1073.977908380349163,526.776748792809940,414.535594524441422,12.767123884356378,-120.664856059595451,181.319231729674300,-259.597944547097654,76.775658355872878,46.759457026518561,228.689589569047513,501.672382521214956,-232.974511008239460,-151.588229096657955,124.000603431547830,729.553892826224569,-294.074184392299401,-42.972507015434914,70.320215328401460,-166.416660166283407,-424.313372541586432,-332.432213637445670,-104.596778582082521,-167.585808619859733,-552.853267407886733,741.562022788280842,569.872511031749582,-283.039764683813758,-415.384775055477007,318.557776287406909,-708.580122483741320,-286.607171876475377,-543.036680072258719,554.637040987402543,740.004839415932224,-350.276570457144999,-140.263858396670457,153.349079750619751,45.515460440701681,-977.932897261302855,673.800711541136707,-716.869767607828408,29.213517674622292,284.450719452485430,-90.245380336240075,49.658012473645186
117.470159226808448,-70.756190136251575,77.113963624439691,-380.003166348418006,59.939667978378338,104.450846238260141,322.938571485637567,104.930027082375474,798.872852708201208,327.777248614046471,922.495522383441653,-119.878665819626917,-280.782876509281209,-115.538677930000759,222.135961289280118,-129.991816869222674,-602.502389577607573,510.370951772850958,-379.510901422695383,-237.270490038010081,364.275980639541103,-474.214645836756119,-20.241350689248186,349.812295545009022,-101.122540995986142,438.478625234262495,-1006.635854899179208,-263.067534101491219,-277.707342895429861,-143.558240247768623,-29.216415135838009,177.420829363518891,139.501090571452522,-419.644216086079552,300.620516287658234,-904.420522052024126,212.832041747257193,393.911106285975507,350.276950302458943,289.229423331926739,-777.528489206450899,-258.090877723130689,-808.252435878558572,-644.866381945697754,-109.086984818307883,-59.260030634701941,-341.602115729011302,-119.681587501676063,-485.013118412388508,2.866816608212787,345.790076359046907,-947.608715388504834,696.289473287770875,-562.383786263724460,-127.718066070688877,24.233500750016617,-551.017309255579676,712.524294079403035,-740.512063548280594,284.054829747528402,-19.564505002717240,-586.229352712678178,511.189289905264445,337.900311314485350,13.948878258642296,69.812902697348278,-535.418488690285699,86.134217287987198,46.619963668894343,524.347333852684187,-731.003232173927699,-239.636017746747086,-127.094363509953894,58.112950956126902,412.198616620302914,-447.236727911270407,404.857660061756576,-538.512103226031627,-496.076496319311843,-416.573699525884990,-359.396904536413842,-181.698676111088702,-159.732413915350890,-387.346035066035427,167.544484703626011,594.717107591027457,-108.313732142347959,463.370875907585628,-100.129754775286358,-100.568884951590704,-270.148708938549134,-714.020907340318217,247.415348241363262,288.838747879414655,-134.563854862634855,204.324412984638542,188.024435889652722,216.564107037367449,57.161025526916518,185.085835421092213,184.740417366782907,-207.635246788038984,261.510983662564001,133.992781724605834,-1072.656864230632209,583.875954790123842,-282.268235360837537,-66.042136304978698,23.291050453802431,543.219083084043859,-410.596157654381727,-389.629442125192838,504.609036879125028,9.108358405356562,558.439213594429475,-387.156233952071375,-197.567248775279666,245.226161962757374,415.568490983149616,106.680529993225065,-87.661762728948602,155.466704293054164,102.984400543587796,-620.696801285550919,645.318615299300518,-908.516366703169183,306.078002061180655,129.100388133156883,-136.742555416186832,586.061905127404884,103.448794900464833,-111.772090029858305,-105.068304803695341,16.035438970310260,-365.985362699135806,-6.889891637104508,388.225475729211155,-309.135214081524055,686.477308343775348,-679.986927189704602,-591.386592521427019,170.578023375806509,-28.809862662343537,-348.173500020451456,-9.260044213205006,-125.482770666690016,-95.925353339547058,-460.035469962906689,309.459412002520082,198.085155417413432
351.723798780563527,-574.171643226110518,-98.313293023013188,-761.331568211708714,166.872366639154336,931.156501810448617,-146.353523697346617,-600.976411396429967,135.873535408556819,324.966297755536345,514.414706252552833,2.752538835185632,355.224962224823287,-22.963779773745749,-363.857972110521246,819.064741809853558,373.004702041214387,132.776952369657863,549.194775057643255,-9.291225725749740,-193.170272847620851,220.211136108684116,-348.673988925094704,-38.627808153215071,-579.498879889151453,-293.090259890622690,910.441586080674938,-43.561423389888425,-311.060984755396248,-64.672500662366303,-285.691835200152866,-177.666030229196451,424.603346991969659,810.893081973852190,314.815693661433386,-268.090468512806865,252.631467059434954,209.611899654188448,-889.480970797221858,69.572071346739719,678.688685160511113,137.369621371274548,188.682915418149037,-91.589420971793714,-543.440228595844019,652.068444975058696,-1265.617216224580034,219.237932177793141,-120.807769078735305,512.457825104287394,-363.058270637356031,-327.537019421393211,752.904637079915688,438.597078679740548,-449.211059881817846,311.169786483166433,142.442387488150530,254.202285721006007,-246.300047659870870,314.816493580957285,832.457082702663797,-228.342578797147354,-305.545901988875357,-589.646830850295032,-165.041429719638813,-690.651619112721050,-205.640889860989461,50.409854137407734,-143.801356585175313,757.625476858567595,166.749891835104137,-135.461086119829901,671.044469811298541,-278.106212890254142,327.001689763242211,402.491127359700045,-1047.371781197707833,282.195803581750567,560.394403396411349,-177.374503143381560,393.200194463631590,-236.985468103610913,-597.653003688262061,77.286456313115593,-561.161850719160384,399.713163329556835,413.797051425605105,-96.349832408439482,7.604132480811316,-226.547576854048486,-601.612644551432822,-127.458248516362488,372.088556565724502,-59.677352833030682,-173.994035080696619,214.434094138937837,214.383156710578135,-757.119063111701962,-151.456048883358505,-561.590674848475714,-253.229366824867867,-39.598371440518036,691.803864631457373,-355.993022910117816,-846.888159512894731,-431.248633716900372,-623.154114285707351,-773.573237622584088,-422.852820820437330,-735.305218667686972,505.653560791690325,289.441301601160319,-339.377683762421611,786.560583703033558,-374.727847769382493,585.275821089987176,-189.375730435777427,186.855588708063237,-384.888576967428264,-74.013207738440215,-295.666062323923825,23.661792861198240,-77.082477156494178,40.715619883698402,648.036525157942833,86.434116915757855,191.394864519576970,274.726166058813078,-144.357385004766059,640.239043372760534,60.161429641222924,372.066519605226460,-179.064110373056764,4.108787062919774,-259.939913379334030,116.011293320327638,68.661473938971213,111.023025894061576,-134.228251683250107,155.245021886552138,265.525760620183519,-222.135789209498341,-151.154790450375458,723.913008239535770,16.525999496409444,31.650264497323384,-625.984596262041237,-183.063200149573618,-147.146806524113970,-158.856865604119207
210.636877642336486,-63.007409957264102,-792.482166793065062,618.905941988202699,-68.147183835884050,-235.108630445487790,526.230386053246093,-931.414583622035366,715.805473656973163,-679.581692357872157,418.471742268069931,761.219086762059305,-413.918999301425686,136.472073444208604,-501.756324598707465,119.300274060908151,-84.272889764111397,-6.417696669194594,-283.350005744056261,319.349517461392281,-20.912128049068521,76.318946561822699,-186.790944630572767,467.080973905700262,-126.369366174728157,243.487797727347498,312.936970566495575,-174.662854989218488,122.103343200986529,-318.498150291175477,254.889338962688498,-195.451605042691995,-258.190165063851737,136.527104310573435,-206.731887600539181,-522.439839234657029,-160.345808206862131,-172.906212224905772,-59.372012809985414,-58.037217831826680,-750.724791893289307,-457.257789777566643,-37.122976250591876,461.640652406568449,573.260325487528803,300.878603094486607,329.168538078577967,330.892605383869693,-293.551596930049072,-659.361052769819594,-7.999769176811377,-66.720344619460221,491.016405418723252,151.035138471265185,248.979384634170344,1087.554249607832389,-167.791895289465032,-10.233697814295748,129.064456230204399,-445.775121592202652,469.096534973264340,-256.723387852513611,96.059826515257342,423.600332740248064,-366.600061318270377,-281.120791470725521,-391.235479033176432,414.194231852345979,340.892959399565086,-291.273100946861689,208.197929959265196,-431.851235637541890,123.703237304802542,72.464583824755650,-207.089967059427011,-4.565483919666210,-138.740675742215984,-136.908851923715616,-333.950735986923291,686.975905291876643,129.527575261318361,-850.946677930627629,-24.725323205834535,-290.905637446080505,-146.573421163386911,-467.606413869114192,193.891129506262700,-780.765429642142522,-178.730438707819985,-984.255438179521548,-158.861348547376167,-781.250215707622829,-376.256218132558672,-127.933492090502725,41.670637428057205,337.610208561059153,418.065487405450710,215.146216006946531,-163.284889168509693,-531.480244590980533,334.580288061526858,46.262218037730847,-107.208436439633601,325.432523670336252,-270.322378899763180,-17.996358514477315,-452.281739271695812,834.975213025037306,260.057700863060290,-345.893718318793731,78.655594399364915,214.207006189249739,950.197183250858075,587.995194294077351,703.723015510426649,-8.242625963472527,172.075309632852395,770.597651112900053,-405.676463610793348,-99.631913105880386,-698.509983524051222,-391.763547191350824,-251.070956862266996,-39.177445122656231,-120.511961156639586,163.700105757620520,-161.048212554164991,-208.727359692428024,111.733824467830800,728.775758394674085,-383.523099526095393,459.310026021347426,271.636629470520461,434.845844051170047,633.598272298619690,125.997263652177210,208.881651131968766,188.766538196123975,-286.816355285322174,-122.047790854354560,37.979695128110798,-367.089514496173365,-76.764010610793960,-379.860021156476876,471.894163213589763,285.113239827784867,-167.178975387019534,227.156907523962701,60.715783894282580,112.711356329459790
-94.475110613565661,-246.267627230959704,80.331774576295970,-253.423500343166552,-587.305892059591315,-496.538416785182392,213.785181626502151,-99.160223140572469,308.762500155897044,-441.295925049734308,36.036907258640383,-47.311622752593550,441.101589292105871,382.404817119988536,-362.358967999344031,-520.524769045037033,-243.660332671652839,-165.850756457409233,-106.348681089903707,574.161346034374333,464.319010510968440,772.088394473152789,-173.491432946376591,427.076096545367420,250.442699288939366,290.733063652189969,298.021534235708657,-525.636123266628147,-413.799673070918971,-73.496192918263432,206.155797961987474,-280.559469166395729,-161.454639717983099,-1189.308773196676157,-509.183490302932967,122.450059533674818,-146.163874772766292,647.025384235687170,356.178218896934084,-118.686592138586121,-806.301884339214439,387.626660732764549,161.705280812054156,357.781969956930766,-401.807826546263016,-284.472018568226929,-298.092914447663986,411.857840782225708,722.338461284118125,-253.769299724960177,-498.066758189918687,-57.294113293270101,-770.928309328256091,70.473812820726934,-74.255000477343089,-536.995318116702038,-1.673819312455098,465.312761488897593,777.199015319506088,717.783773883497702,-47.956808650751249,863.420647467113326,423.571718546757438,-263.763261360729416,427.067416464474206,-396.470915081015278,-652.544382300715256,-383.175225750977688,269.086120090718623,-617.370279616688890,-189.981132483854054,-856.947195333288164,-587.601948492694419,-249.778194518400142,-144.900511202876601,507.296550648933419,505.645962173850478,-823.516348523270722,261.772923112167291,1040.944695439410680,-507.702621848601325,-838.603880462585266,-436.809614225700784,521.524524156047846,544.187716850969878,292.431605420371795,-198.374537202861120,-173.632824008489791,-141.933819440604282,-23.669929282188960,299.618648296615163,-350.573072505430616,-534.165581411436278,421.386838012412909,90.598351296717695,-177.421528751427843,-268.703653968570848,-891.910683397300545,541.613648990735555,-433.100276300146447,-37.686803793440916,664.613053765571976,384.547382561888412,744.184767390796196,-45.851782838583304,617.592844040022442,-62.014841174070000,-429.870238438591969,-416.088147280325131,719.123998498189735,-381.599712631116120,85.178892328790340,-174.055253014064021,-463.446928013285742,886.914755987669992,-443.255005178642875,737.887832985139426,-222.666539206077260,269.889672916651250,-63.818573182016991,-62.325145355902059,267.901912423376814,427.281268254089355,110.899302883551400,-217.117335328753228,378.002644996388597,-611.294051261031200,-132.990929099995356,-32.268445624932298,-811.728508104894786,-273.114008757285831,527.558447422966083,-455.033279407984537,-312.017677599018953,-29.474160826666310,145.895156686843791,-331.812232595317710,-393.715049039332371,121.122339379506485,-505.980560162825896,-568.175563540167218,909.813086824397828,-289.462187325282400,-33.628884468157793,140.843188976054961,462.743308430169407,10.733576839600548,-183.253867254437523,-356.866770060708518,-255.823154584010183
172.047856826116430,-374.065648815686131,38.744323507697466,273.020671541949412,-218.808819062583268,429.799018951611458,211.728215010283122,-318.860558484319029,268.145171886698222,-143.018087193441715,-495.543586999968738,-229.183542998351868,285.048350517950837,145.934551579720505,-265.389264943319006,492.912785075270904,403.227226673016446,-158.952377429504992,114.708070345488650,27.423734243836648,19.099980199789091,153.330699358396828,344.796380536525703,-711.591380740551699,-178.672884408311717,-709.039093111865668,-305.394693577710711,-272.403593951478058,626.146129422943318,211.644221860200588,573.093777294535244,-368.733770804767175,-80.414739753126867,153.753833875309908,142.902139785671523,-130.240394250991955,-21.494293127232673,-109.994942639204012,106.429675714017833,453.093688792148953,-143.587492516179850,-194.642973639456841,445.291249539965804,-395.342818915767623,-60.720005096501872,-39.875362638227053,55.339657753891061,1049.185080872084882,-180.135157203106786,267.801392900649603,-64.287403133683497,235.326879085942153,557.887062627038404,-11.312429753299902,-364.228411918992947,131.171153622892263,123.047293906294158,306.947147392043348,653.191955634599935,483.388386051380166,-416.482459649250245,-160.583406338081829,83.048502725065092,-995.612262957245434,-232.966732858787879,24.239302023904273,16.190822230957366,-732.759422002045767,229.545203684380851,32.560905495490857,-745.940184062916501,-2.450537529825894,-245.010849028884110,635.716378591416969,187.153479202373092,46.235248068285017,-217.782829296527041,235.321229762340778,332.467757937483498,306.890273943133764,90.695566269727209,-399.950481505080859,564.572545068207432,-507.181325336349801,-574.725357151496610,65.467542580614321,341.969378972193397,268.873697763935695,35.508626391465540,872.459939629736596,-213.529006184394774,150.140400505134153,489.366597522070549,414.191050501791779,-701.377712244235340,-210.967357593130316,-114.819801884807561,-277.728167436254125,50.029766232310081,186.337775003917017,317.412937904991168,-326.002629227738737,-294.945147183650704,-22.955181393549310,-288.216681428642914,-334.189148494566041,-160.028050043104827,-202.947645504589673,211.608768556849924,133.633015731668479,-143.148852917961165,-322.278029265224575,-421.146553703720485,714.059657659188588,3.736074933368428,149.745599308327940,-14.471819857112180,129.946029488939416,248.541761046695996,205.029258950848032,-484.807185046941754,114.226625277868209,198.149609187933777,-514.009857221154562,124.454244856713046,287.552952577493272,274.185116218951009,-533.067823201931219,480.947375550344020,-414.930972935018076,351.573991528470060,74.734187374474686,484.929069312860179,-656.837758916524990,102.241461085409469,68.161946125479091,-68.946585411369114,-176.227895817273776,-284.264298657754011,-540.507026395931689,330.749312393379967,172.851707210915407,-162.134148622197870,251.761445766308441,-486.879577609073067,481.271709486211194,213.760818061495627,-627.888983234226089,350.572008393110536,-402.692472860459247
-138.393008116864337,-88.894389228584956,458.489787307054542,-122.519926241332513,38.431554407937433,120.455038813922116,325.165459850385218,3.044615712074091,-281.143948571832254,550.218421470385806,322.659291779183093,369.006696608481036,-521.461995251249505,54.428705375567120,-415.049342985040084,-237.179301281166005,30.273322938004476,-130.212280151795198,591.332666561157339,894.415179873873399,524.467688605284707,-322.697614852793663,-880.686006868356571,287.530070440272709,234.692851887748390,-510.442586616876838,-278.351242883011309,1038.088410479015010,148.012516137062931,220.593631046618867,-111.056042922190755,667.058399830323992,37.412781733748453,-264.223881773881430,474.491280019098213,946.731761873322398,858.871373310690160,-334.394998206144237,-88.736464578069260,-10.829896699515931,33.099420121534010,655.921201034405499,-573.731120717082490,-106.979274730143430,-478.868350855537699,-687.129396517005944,197.655093775612443,-133.064825981138142,-276.903467806870651,566.092780656629657,-82.399683761072353,345.999299661898476,-51.175059800473868,-262.905286348217658,-484.987235302614238,575.842063641689265,-226.619950549053613,175.341245906098465,508.808274119090129,-63.519076363769017,541.573649319533729,-593.288697520242863,501.771442583426051,340.866460749261648,-483.200387123168184,-239.327413929574789,-69.054050042069861,177.647170035446521,-133.082974009649149,-342.580337715248447,-572.862474022174524,-219.432908810034348,-178.816434717053738,50.105040367815612,-242.500742006708663,-493.863055662695558,139.953150849050246,299.904504686074858,21.188938239158716,-347.972378444273033,-84.883290550590871,523.967749489571474,21.235798176693919,445.363271779491640,-149.295767963076372,-805.627429542564414,-281.018926789890543,-154.169284147527151,-434.219942656008243,148.756811428802308,-374.014963686043416,228.649034954936695,158.286847527415375,-386.058741813431482,-88.036070049746982,-216.334714678553922,216.888210838369787,2.017643505774629,57.607987393741986,115.907586770273355,-335.804820043253017,312.053994790228842,-377.631536565588647,737.966407086998515,104.854153815786063,-39.645491642476429,860.414634073250681,-106.049224862274556,-75.162886182129327,-525.629964945054780,-27.690224198795150,-397.351862345830682,-38.347048133710594,348.897309600485926,19.071434739730293,105.367948465337150,-819.173265472090407,-425.078877774721150,254.227580298499987,-536.938734361128809,-67.334391643976716,-1282.562130918699040,-346.738755717899608,124.355815169892736,-194.543381018227137,-396.601291716920400,-290.388514620137471,446.074705685918730,-728.904140434080091,627.102424253024310,-38.445067371294058,153.638423289218110,620.671197573392419,261.943589437586184,-850.462758120633453,543.325740057445500,-278.102808842913589,-408.496782055531469,-246.698315428642161,399.953599793108026,453.631523886949651,-205.800603689542527,649.316092249156327,8.011030298650212,-888.290853832333823,143.592225345444490,22.064215150611631,226.081378639847230,-852.550409533310471,979.295659408855727
-476.702410482467428,-221.366021705408343,-5.071970379696589,6.120999640516322,142.477642508349135,41.277514126284686,163.604645177476527,1130.047276338552820,-22.058555532957641,158.317123335502373,-5.344568914726402,-33.281535561192591,343.035238085165361,800.617661915808185,761.437357008652384,0.263929835461086,-26.217854914972193,-629.175863489401763,-179.352257186304797,-370.299325294028733,-277.522316811800920,840.900264338656143,-74.839398481808232,237.458512356943942,-41.438262436669191,12.830980890697592,-746.354922362154525,135.248755999590941,63.247937397887426,602.222796130790016,-274.952777319855272,-411.904867196939108,303.920508455816730,-697.115480327042860,70.993668465450710,133.649641867735028,-302.801304961529354,86.356308172016625,191.884693576196725,278.507038741324379,-250.951951928941867,-69.770716850286831,-472.032507319744980,212.538601388115865,-208.293718908637317,-606.137978406288880,-70.313042432228741,243.620137228015068,-692.921532421889310,183.327027713205780,-53.206226340752423,-554.698754633268322,-24.456796534244052,-252.994555379630611,345.100394553006026,-339.819815507741168,72.878066088861260,-157.653575398076896,853.764825492290015,483.779074689588583,-633.595733849443604,179.302055219386204,-61.932486199607773,323.320129037523770,144.522775991197875,-1.526652591494033,-43.117109588525459,-253.776058754084346,89.237950492436340,147.708244384274849,-446.744988289445473,-82.224976134496927,500.284279512293381,341.271186895233541,-754.776393432148211,280.822134568024694,601.423401668629822,597.040443103978077,456.944512869076277,518.627304725852923,-738.030703606587736,-305.920008317021200,-16.628994592284450,384.650021896058320,249.703879465648271,252.137737256345019,412.106626912150602,-217.427982277826942,127.851528241541146,814.822611506617704,-312.897745203741010,31.164152017449023,71.483854284916788,-646.410766088573837,-288.134792233994631,79.704935036139659,-987.637802791153035,69.102079724942641,377.749367720768134,-140.986871468796608,-97.736585293843163,428.724805215374829,-3.932531101680901,-370.948825557981650,767.099869426875330,232.206435658900801,-282.770458795546517,-320.805036047921817,149.752009153130359,112.222543374670536,-220.415847865707121,524.396645532249977,-521.516810053652989,55.505017929868643,126.767029316079345,-187.259767192901961,-558.230564145007975,112.651761211762107,-19.893000751722482,-269.603227507411702,-138.299556291760553,18.642284612968986,614.450705355660830,39.348194563699749,-141.061850323169949,-270.846157191413681,-402.447866941307097,-350.692893480698331,421.427892237011861,-167.284197020925092,-596.688638513506248,-215.225361757585063,386.942319081514654,-245.129872601895840,-239.448574515676114,356.814974423682202,-518.014817234725797,-201.786402261503241,103.577796225414147,418.174368721657459,-460.584031430503842,168.367800634615179,-773.974741967432692,-497.251446566983248,140.032480738837052,420.820821951228140,114.859406171703952,-617.364026035947177,154.589699839085313,562.419545405802182
-80.932005220862123,365.509120021895058,-409.340687007709391,-623.043610578293965,-378.978401992653630,831.760523949897447,444.649733402140384,-106.303020768907601,-106.852978930660271,-239.169071750761816,39.301941550379610,-337.267338310355967,-620.727836263717791,870.825230362859088,183.761838119684398,126.494120541985154,-119.885668354596646,171.876152160552977,155.689472979932589,54.447512022248091,-379.130060421115388,105.288880013290267,-597.933238950876103,969.009826792954073,-14.036768846345893,406.390732318211974,227.664023477733508,528.678547889722608,-283.941143342474106,-320.769980843705014,-788.135699544394242,121.045345667655482,694.354580320479045,-453.027493997453746,116.532543374155651,31.893707947951398,548.363558233440926,-4.166712881676631,-409.952155057336029,-584.599994130283221,179.264269913609866,188.615270795778059,146.465661270860039,596.470000894596865,93.943402395970693,128.228345037942518,-702.090128490644929,-711.454914966708770,-62.790970754130271,295.752797700146857,451.766052931351282,-276.725700067707237,-262.187518976197453,-434.403080855444841,11.901293929145496,-605.184704164558298,-553.920203054181229,-150.782840662021442,-636.614060722416525,-36.859614032483094,293.170791846688076,-175.208516899206387,-104.040682550143970,-194.471467291984794,-211.482121400553211,-171.416651653200688,405.179886672548264,-86.046938771102674,-74.202754764882457,10.530923697631479,-425.017990306880677,414.132477771916115,340.228935958605064,356.088882716560249,-342.247675808141764,307.810108261354458,635.047186841697680,54.990643848327636,-479.880474519663835,465.141668044773667,-60.566805321116348,-85.100400092884200,-518.590295067630336,-869.022697322478734,-505.606662442772063,-270.641416944099262,418.217680447624673,198.897686435796771,-110.736928681546118,349.521147510143010,-209.324142359937923,7.450302851624516,326.668111293149536,-41.825784924148905,340.399525129415963,191.983775920674674,377.980795092246183,151.861921144147800,287.764848845553104,-602.718242543107635,-570.621097305222520,135.559513569410910,301.138972148109417,250.806142468154576,-409.740747179667835,183.388893637824822,474.879146676774610,-381.883810206238309,-289.907434798507381,-34.278661951481411,365.479108306896421,-235.284951198449789,424.762485221811914,514.870299547717536,279.784521385003131,-420.134934351366610,-728.317742595065283,-462.324739713496797,309.197669877869771,592.424259770735375,107.316160254641474,304.421184380669501,202.086660446076650,257.143448379882784,205.374705541969121,251.765317519711516,-378.119723312510814,21.124878664446044,-381.897087069513930,1009.215984261241374,-193.681197841069320,384.874823553714464,890.858010965735957,-69.225556992548746,-498.485260694826934,-345.802105402853613,15.454649111536973,-287.949245300141229,87.491580939625976,-546.856479515817000,789.855586179460715,515.433404614327515,405.409462036700177,-736.472585919231392,-471.001170443422950,-431.527070289272331,444.613290839161493,35.927396686810226,-489.951430907571421,-259.938323204520429
-241.181647136080073,-387.002258233657926,-689.377039605940467,-519.026258803351652,-359.718911845267996,-445.250516822627446,330.014528265942090,-369.739492238563685,-67.145987716613760,49.391706189294517,181.180984265791267,-77.746091052841649,254.949919608270534,383.753766694063302,555.988967807683935,344.433855486972050,-390.251166379658002,122.800855241793727,362.636504635648691,-150.180048874130506,544.630282493549771,199.077083928469335,252.959254459630529,-29.753928436048326,-562.649038666682259,182.145319679400757,104.703926885469969,398.752003410902262,-55.551686172552138,-141.941212335476422,274.977978976748147,-49.257091285763480,-158.525578245512094,-580.231311734366955,-209.084337686520314,138.483046628538318,-389.969763859025022,-182.395054770144895,395.096727060345188,-438.963638100603475,-379.570932376184260,352.187242050572650,-105.178422701980907,-45.184548767907167,-229.148919758627159,110.023458411052047,185.163677717559381,503.815954005231504,-421.970885511948495,-741.353473605018849,-310.829221698010883,30.290292759464904,-145.991066938574335,154.920540529179107,-213.932472851427065,451.431099563719840,-353.352872881363396,-151.821240430792528,772.283684468154547,12.328365489213731,-149.943293819323316,57.173608903921235,10.446255992573143,8.991607158344273,687.291862954070439,90.660112385715209,-266.250661325788599,-21.800253679478509,-278.566405320070430,3.553758523761807,-100.056801270075766,-340.030722129330229,235.019121925672778,-223.018389864716710,-162.390362163338466,-318.593416167070757,-137.613730683209241,209.082304743419229,220.361777205046764,-56.633924584716645,-578.841146686629372,-1365.590032305022532,433.880892347319048,273.065872345124831,673.251037981235982,858.050360526679583,356.435109380228084,-425.341817246862547,520.412986031824971,41.316971204192100,7.664685009489752,-370.055502098404304,174.016419627197138,492.066776148382814,182.583277718957902,-388.934810478429085,329.471172910935138,501.576895480119390,31.429124508158182,326.296327517191230,231.519447616874743,-247.882589306950081,279.712921432145720,179.482020142692363,-474.339652110205236,-401.545853966930849,286.759045013851562,-26.296710172003717,53.409966841398536,-127.019713441711161,447.778489785419197,63.673787293373564,-185.467421088801132,-71.275205372949046,267.464779593699859,-815.690490039267729,222.339754821920621,960.590874132795307,346.665100575197641,702.488542979915565,-662.583168214064017,-309.722316905582545,-95.411474536465064,759.161520171300253,197.745583223230540,-572.720859899713673,6.577729250702276,-346.874310745549565,26.666697356455689,-772.668806479369778,213.944131274259917,102.253894971528325,-205.588529469277148,217.906686901895625,-329.226804706610835,620.590560407334465,-497.373829099592228,-249.115134297112718,698.454404238044390,-204.657156971773759,-852.487309012330002,258.704524971127853,42.152718958601398,-630.412933890346039,-863.011790049466185,43.309919711348883,121.032070961884060,208.211568459486642,-370.806164928096393,84.891717838134838
446.914883794025229,-386.419310176996078,-224.503325632863351,-225.844379116092341,188.738580665096407,127.969038320606458,-55.782975979974893,109.860166203532444,-130.871703505017223,109.658284384889868,-86.293715046422989,-453.545025960651742,-136.546600914923573,-266.212723910177715,-1138.912986458050455,524.199441374701678,-88.938625648486109,197.888443313382737,-712.416469725987326,261.646520046171020,250.991858811964789,934.512409531950084,-3.537478631502779,-630.235727022661194,25.448803188692644,-722.282480710679238,-42.950865819159858,-211.339319611733316,137.134776219224733,-614.597651178912656,-292.272119900086238,595.809672165948427,248.850960424598469,-114.360816306071285,-772.824587068534129,106.878411351710980,-348.612563165558640,124.576655536989108,-326.850494456653564,-311.095922926531046,261.359034564014451,-180.117995132420617,250.705588030369768,609.606511821465688,-371.559426791529518,469.331010629188768,-611.354286052351654,-395.426930076999952,-341.820388868368070,352.996703118339951,-72.810669430390789,-646.000531486338332,7.961114517745386,-217.979342716308167,-735.287619968014042,-831.511819378509017,-252.828312659482037,280.655627985748652,-23.276393635341595,87.054987363145358,-84.809710497621069,82.856670612682223,-284.478587268924457,-131.572588903517783,-5.231523253848437,-702.747113946965328,208.468479792257739,-17.011567425491783,326.661611318280393,494.443327322947425,439.967162701001087,258.614539168532531,569.597707448941833,491.841377862003583,-321.331161239301196,236.967276130749696,-779.261065881134414,-668.360458913383468,64.348403836616171,-658.739346961144520,431.015864470031204,672.952562669138274,-100.205490481533218,69.231498257776792,196.135116114348648,-235.699127836150865,24.751570479856127,370.506495777530631,-248.153821806984581,-607.977922750146035,-742.604758411643616,-189.406638025272485,221.531508652369354,-486.750015778633610,-621.733837771332219,-66.089985749755556,-805.525718235273644,-768.895680178802081,263.964564227558640,381.348641729501935,-321.556574898842996,94.268723842517630,-55.869277563404090,-277.291920082250954,-198.579825254874521,-646.515637540640569,97.094167989100299,-490.906148187195697,-236.371141972223171,-283.134062226134688,20.376078349283048,227.238867870006175,-768.870127813287127,-349.138438231924795,-139.344523002830812,730.506339447406276,224.706128381750830,7.158397451499553,-22.120871961567701,-272.933808399774307,35.290592314511912,573.185542260059947,228.954301740057730,-324.529596812325963,-76.719005020522019,233.777526061355502,6.705037582128341,53.958206168419110,-321.879678608316055,378.353834864070961,195.072982994535721,207.205637938791085,-943.892395945630710,-142.805911634565746,274.178182730550475,-54.486530619074749,-131.123550054317491,308.865161810919233,172.679358687456528,683.730466063857762,146.078169424030676,-196.764202308145855,-269.213737845209096,191.827590237854650,384.248957565636999,-65.178416612923016,131.975654385143912,841.574099171083049,541.185547420358034,16.545761057689113
670.218804883602616,293.386810801948172,-3.087209460331224,403.017535358437726,21.959526699769441,-615.609998213439667,596.686374270356737,63.704300312412983,-583.132820520147561,306.019604419810548,210.822520586361861,101.161522623877403,515.291158219680824,-156.274553655793824,112.424824345080808,30.014098038152760,-488.997233168213711,230.337438062989889,340.208967056614540,623.985681060075535,290.999011295334583,-119.019232645976501,426.062037860495479,463.536430731081339,457.066012310782924,11.751367141115660,746.941122723226954,16.794310484225242,331.942296341494000,-101.539731010178770,180.317765194549935,-660.184049127123217,-245.701859506619769,-421.827525366757300,-268.370415706519793,440.358299714899090,-681.744422083700215,-119.942436997225045,504.956800300567352,-151.012805361901144,622.361489507321494,-147.232768994681180,-143.403377460670328,272.890950457191138,61.679888326693785,-95.161298181608871,912.647076500832100,125.260608178987880,573.279714233450250,-105.444752209119045,17.533577836253656,202.110812814006295,-226.021310016806808,89.594579938368000,-181.224533779614774,-441.900873731474405,837.150272254694300,-393.036720759952743,304.700662468639621,156.160307586971385,-198.473800781206705,272.961748999313727,349.613146070526966,698.283423732543270,-478.455926038157145,219.765728925585904,-319.667186839900808,352.165945361683896,111.127395598521588,-232.093779505034973,378.768067099321058,-306.928201369703174,-504.128045877796978,133.665572887570278,168.668626141835745,682.630775757335982,325.720396987786785,-551.939659392202316,-274.188625254788235,-269.729213879968711,-574.260451015640569,118.523460608253316,730.437634916661636,-217.824428071690960,240.060781041473604,261.249974912403900,-783.728786361988909,-204.778713485485667,-309.210860349357858,479.761641756755466,1072.044175894876844,240.232872054474370,-198.202868516992737,964.965631963552141,-340.622054904700178,48.008209861500767,-401.789945336997505,-488.863818806936536,243.782678776122765,451.590248542920165,173.914843799015728,-12.303676607356666,-427.560383480212693,440.129307791009239,167.595700268710857,214.116076966098603,178.082613332085288,167.514672029093930,476.115721620268289,259.930639289961391,515.033037371255205,-540.662864878624077,450.278416753833653,77.993456374993087,599.845758001970239,202.212735940758506,477.276395506157712,-786.842161075865874,-20.313433249642141,331.673282523575324,270.866001425130378,-135.443465662853157,431.017540818479517,893.697089338078399,-383.270329277289875,-242.826260355636521,-196.363586740369357,-128.129914112988189,88.958546947348253,-630.347113326359931,-115.826335842839228,-314.851072359310137,257.405198477437466,-245.262070014319107,-377.632000073909012,104.811344560366962,196.190219227348791,-352.003193742795304,42.924729986371254,820.131864650367675,-569.569135122671128,258.415505920511180,45.868290140549746,264.704395992657055,-246.936056524963732,198.665901204207529,-146.172413790675222,92.614537190564363,-496.265355090945491,-682.715507301336174
-131.405305342488674,29.730473301001105,673.654638665190191,80.401641820618707,432.150849583562263,-223.631110909370932,-810.879434815658783,-201.412017216753497,-334.846445667422586,7.222733622152963,731.197339063994377,-322.579021942885674,5.763688945181944,-43.123839620308715,-524.433137315949352,79.254830549551386,262.186430414990696,420.868131796968271,209.758791546142305,746.060746579109605,171.402448817925375,145.996496123656101,-125.117101851965401,-89.115021010148951,-239.581169684322958,-213.441716134396501,-650.818474039434591,-26.710073916815634,-398.750190502009900,-167.905040386721225,105.861426734756833,542.181041510325826,186.471650147748534,768.961834549272226,98.080568887659553,1405.827145518587486,36.581363818089059,550.410363464690136,705.301882085530679,-4.715144863389911,-81.197079485002803,516.826971984180318,709.952420690701047,-143.925455585967370,163.146607071002251,80.358491189911604,-85.242809501615653,-272.159070210116283,-289.379364655524682,192.767032880284148,273.028691354896523,376.355559097389857,-101.474501125161254,-656.027920034882641,489.360847518289972,3.664826324615678,-882.578614336512715,308.849287138160832,500.922028937968946,-762.464563759824159,-1042.217509208808224,734.161855427481214,773.756983306142729,-150.110677765050127,268.885868167502963,294.352087881126465,177.747377283230804,569.847745905285365,41.952228584199474,-39.623104018505032,575.606278404834256,213.963340264316059,116.437650966285531,258.165243676610544,322.269024801440025,7.138782943971961,50.583952220331220,-264.986365013827708,38.085382504666406,-468.164068937358877,481.563259684620334,458.440216215377347,630.544929580125086,430.815775567219134,-322.369656571594305,-684.934527742510227,225.689697599583837,60.963943170389292,-1200.746310948062046,-157.603373164377899,456.452303707004603,695.563606476610971,12.204468362642238,490.663186266894172,-475.323360419709275,-511.240556995002748,-513.743847647484017,467.222456478398442,-408.170213084815714,-413.515016535354789,-182.100427469701145,-288.976287260206732,-554.477946876373039,431.165680285153201,192.616489516767331,-381.953919346102850,-388.391994287474063,-305.198155178656464,-564.575445916645776,-390.958822459979103,168.895802384678092,-363.960983473612998,499.414427671776252,307.082288654101944,221.421611107301885,-217.044641690587497,-355.011627994608716,-179.583970102672140,-639.516299939080682,254.485794904647207,-77.458101470037178,698.295517209667196,-72.820980074291668,395.672555998027804,249.708383018599250,220.314285186269672,154.695950679403779,-160.026164244237407,-511.262024956985783,430.982943877186585,693.359589423927787,-188.177316951865208,223.155143855913366,241.471821788204153,122.952517174259384,-33.140243167304234,-686.821432733208098,281.659931953294461,-604.744640260685401,-98.778602648364014,374.717554531074086,-198.386976234265262,219.428049208935022,-704.184693736594795,-355.057443638209634,508.545940160654254,200.209202774513386,553.452130701559099,-268.124668083273093,-97.285649124016942
-177.400803069057019,-27.802144252686070,450.077558443930116,-455.630466872198099,273.747904722355031,-275.557158451990063,210.915919530790461,110.362913017128903,-306.212403740753530,153.445328342912518,270.462881169579703,547.419228630569819,520.006430500129341,654.303606401217394,526.393510340711714,-1018.952271262273484,-462.158747830253049,457.061588752156410,62.115045521742729,223.683716131941651,426.527981246930153,252.825347237992133,583.643009664522765,800.055177853102464,972.822588142801010,24.568561816830258,-293.947906829366332,-201.725943096827081,-173.738696665192208,97.747640963486830,-140.671878064184995,97.989257339507191,-124.572154540024030,154.709534360648320,-103.524079024895883,503.998623704829868,59.503318021541013,287.794291032894364,684.557804305155855,-551.041971712186069,-296.983001069769955,392.495062390435123,-533.357977270580022,740.193769708944956,14.799485897817245,264.158400836241810,-112.171891723306189,-1137.918237193587629,-253.247295507406079,370.208972061842815,-86.033250928397109,788.118536152985484,-406.555673138439033,71.006147355917605,-413.087489918572317,-271.560068603425975,-166.256302728503243,212.577388702687273,246.100031024427039,311.876670815549289,-134.618267583450148,-282.089447812264552,457.621847442106514,312.296712043599086,944.344711276256135,72.664933677371025,461.839599284065685,166.617530144775998,-213.756599681549460,-291.884612816143658,84.822790135330962,73.200924990364982,594.502921170709328,-270.179539855410610,529.915647799334693,-709.935459671759759,506.622180096648094,-193.186951695385034,251.386428127479547,-40.210426673089344,-619.100757565655044,16.665410254817068,712.647407589054296,-161.026574165730750,567.594811440215608,-26.125844998333008,545.100437440037808,-77.691814363214974,-219.259765738896078,367.720825320563790,-275.008687794349328,269.994680982974955,450.593600695141504,265.050563678082767,-25.882839718706641,-113.762104801483346,-383.350632433208887,245.587019582041648,-274.391089810081837,125.477668400208060,359.651043716752952,336.819684401831353,-52.351187279628192,-132.165072950604412,159.593991809631063,258.769117180153046,82.973390954427103,491.860353747150668,-364.628074468490411,265.256295908415609,-143.557887214181193,-19.206049557884995,317.308934355159749,-578.126418149236315,470.814293025881511,-1059.439899910285249,363.074043115234645,452.904956653727481,235.384788941796586,406.414306854163158,564.252269161899221,-134.004042053859479,-21.406816424339944,-529.726277828728826,-319.522443311103473,432.801470367499519,572.518365578459111,262.537216596489088,159.262724068565745,-626.400922085353272,-168.932557592962951,-17.469209719823439,25.193109018723607,64.049246651270821,133.974404465784971,-147.971635985619798,147.490827371634452,739.445565051075050,-673.373748247974049,603.458288878053509,666.414931712123689,-233.664082257835247,567.882974769550856,274.681229757182280,350.869435171997623,272.701996082490325,-274.940660139424153,52.709782493902907,-493.963132941975289,-569.787225280144298
-97.681483210782432,-28.741419635273061,418.186858246550912,355.439862922552152,699.504874140716538,696.405251845113867,22.060573174179510,-109.758775551668577,508.038700290446457,471.933924093397650,99.663006382122290,-664.222778093757711,119.047824061198597,36.959381598383501,-195.164978735177613,-165.675677617328347,526.738261521029472,-366.580656812982909,-63.044510684680006,344.624601048166824,-203.883150507221615,-119.259324977707493,123.575132255477712,54.931659501307863,-93.429600168691692,182.350136218736338,-397.112032532818148,608.543408471345629,190.507987908672618,43.236915755515483,448.095223754303220,82.965202420886698,632.434146284850272,-148.180618063676576,11.751762919976230,304.937321527631241,166.753810525800276,-471.644839351606777,-100.350524655246687,851.102299760747428,133.930960717984618,-658.883640352177622,-469.123531662665755,348.723598245252504,386.333499318282577,-152.226346027195177,-15.726364918046887,198.418452633277582,-452.950946836104890,-37.566468354830555,-80.826090288602657,-284.384226064341306,873.004905283782819,90.755374430689926,-10.774166707113167,161.164062161257107,99.860655161598643,141.799488089312263,288.800197010835575,-96.426456124107759,96.389778846378107,-125.477612330714805,-39.141906947526039,433.208919849022095,458.186159167632240,375.250920260803127,-282.825871001919893,242.586347895671167,12.772031377909357,-104.083144998136220,71.101758858877702,464.484919064433200,505.415746592950995,-301.641510846528377,-337.352467523714836,-15.350192306190504,135.415761511502723,71.754322157857317,-403.727230120762329,-332.005338255560730,55.781269504928972,-308.953691307720987,577.997542552943173,211.923508676166335,-390.662707977410037,-152.441558159690970,63.039340016172801,-366.957131090698795,20.900892844918857,323.441014425543358,-509.195505664581106,9.786057683356381,405.687970919337999,155.256785042185300,231.365183213614728,-128.902274367387918,341.035602288844643,-369.442177058909749,-278.414964595472497,377.746875249739162,137.313960302364364,369.510509343333808,-662.875314239831027,-145.412862201696242,82.640570348176510,208.149939553925719,506.077696701010495,-321.752364467342318,-276.006310033974671,-112.040096663763762,-732.090083590439690,79.994082762407899,530.414884596632533,-709.989421437073133,306.200303392125193,-71.910201438347087,-109.700988638672342,961.061973873369425,-77.446276731370972,-59.887733189376021,146.791022204001763,-580.376990529961063,-552.280535411287474,295.115260479967276,-80.744880082893957,-44.010537562818875,165.689941924275331,-152.434334793064068,-295.810514603659158,-355.345750524597975,69.450943789263988,720.068604799453510,-15.831021268732282,-2.339676027494690,-449.678514465264414,195.339688200116143,317.511864822957648,78.263102711671806,229.911230856739877,-236.699288553774579,348.139355922278412,132.932008684185831,114.729591371353848,224.025126593080870,-265.366168938058934,-620.419488209050428,180.915815794940244,-450.903842599691700,-57.546259821319893,103.696385840061453
105.785005716772901,-268.974155562180670,-145.099991954825157,-343.765662163417858,-142.259439323538885,54.275228088854348,716.436351199669502,489.986488968913136,-644.525902814295705,557.239396016746468,386.739411025150673,560.474801602144794,-264.644676897343800,469.135749637306560,79.170966933994578,-271.338397770769404,74.637298976115233,260.422999851896009,-606.272680144729861,375.046172079978476,-24.310803343933902,-177.532380696281564,419.352044753913162,-268.296004553811144,28.417839105361168,378.510830376408876,-1065.445648160315613,-942.543852137569274,413.145982870570776,-410.781593380090214,-435.836044872192929,-694.580791907512662,-201.078758245045719,-733.509875133843366,-12.527083825101506,-981.888392266992810,-84.223969580926266,296.634230253274211,98.806748666509705,-558.036577018623120,479.538042850056968,-451.556362900286786,668.641631913050219,226.499896848722074,-516.854274930398219,469.429783887078315,-174.778921538422622,-208.249718498883993,-210.107518645197558,-203.571274794770346,-67.567798683852885,-633.960010013356055,-233.366896029357093,330.010213464665071,126.019635809733728,-314.508924373881541,3.089041454791555,-738.735377317312668,274.332528366433053,1052.965079883469116,-464.780737810635401,-513.777760823049334,-70.266276224412124,-222.598930456279277,-31.533175135882733,418.959694676427603,1072.469221677590667,-349.109687226671781,259.218605849953633,-205.519648666246383,-20.038049106870044,-347.587837984980524,448.274630500353851,822.467771385419496,362.252362380291572,-382.144066619397165,39.247115009977080,337.844926416235012,-885.382367539326083,134.163627443782616,600.141734980647357,-507.302430115481627,-746.027078114460210,268.989967907971732,-525.610048894649253,306.241499318217905,71.007379009351936,588.927868082579153,35.882192567549005,369.272626955320447,608.523375190546631,-275.054079373722629,123.544523446011823,65.367506828469061,-43.759450028146979,511.573059903777050,-149.466737909405254,-2.671848926580211,163.882029120223280,90.753042820092602,-51.817365670058592,261.714414135510253,958.302720800124575,506.589125018492552,-42.187844137191902,119.764422162607730,109.753024038760216,-371.852861562956377,-574.083802173642084,596.652847493617742,-203.891861666660731,-208.236167798507410,-191.294618557524302,220.772946948931235,-72.398346840852952,-243.512674914579833,368.402996976901875,340.434359856672813,-157.114354217830424,-273.341582263785199,-685.188773198293916,-648.186997334304124,385.262180037317137,65.717098681257170,-265.396950937904478,594.650606242382992,222.213860100344675,-25.764273199209178,-681.059251630930021,201.946614558579853,273.226311365626430,-99.388032218429260,-58.581378357834893,203.848159383139830,329.788513679125572,-562.917836930694762,416.671779040170918,-167.203010256564511,18.299507309552258,772.049592797580999,144.312246426174539,194.080181965432928,37.921708808802023,-627.941844192862277,-211.982345125037000,-457.882548853512560,88.920949304829492,-48.935670394404013,-329.133941718026108,577.212992822728552
-134.326905724732285,-212.632117483369910,-466.150188417977404,-74.897300918222186,110.883764416384665,-607.997256083054026,277.516596930823425,-560.230494529086172,-100.110627606693825,331.932068523938995,1038.024297230437469,-584.242400751934838,-341.516405749526598,488.289075790354445,-45.720621106250370,-220.433832080635653,-63.403837177565620,424.060309054981246,754.185440647100563,-319.505245983373300,-142.725476791799679,-501.713328637594714,370.671880519474712,-555.679180725544484,-475.552879754127503,-649.392106576526544,409.724080565934003,749.032725132514884,-829.518242671177404,-1118.837310728492866,60.263099739423815,-23.641085371602408,-177.580121505433056,-113.782958016771147,-20.749798378892876,-294.664898104733993,-124.458191049806317,605.306427651127706,364.159876014412589,-377.249129537904594,-328.929747488354678,25.211342612159484,499.469995470356764,-131.274904526667342,-185.097512847708231,209.282775585294559,-783.699580947739605,-26.042554862167471,174.885037548134449,-596.614888596694300,-213.039432909392275,-64.016401265575510,195.926125694146975,-550.836885589856251,-362.395991142309754,304.378128023500608,257.595521209333526,-254.677908042765040,210.514867627777221,157.551007811435426,93.093614466769466,566.675625682493092,216.319120024251220,-217.637280971804330,390.649039086041341,-742.948947883371943,-269.007263699366263,-138.650607911874431,-171.374721512216922,1087.310379040704902,-167.783664152837758,-675.611852583686073,367.012634527850423,-221.156972010807522,310.671677676487548,577.240041184532060,-368.940092894852171,-115.145108919514399,45.094678251899779,55.518534756038221,238.238724548452552,60.761486869983862,365.635359747499535,-298.161083433554950,-711.123931576886207,-346.127662600578333,-149.331311384424822,13.866475595739875,-757.528725981948924,167.825416046460276,202.787714432592338,-394.571507404786701,321.861399264158251,-28.136824072122444,-1478.553959803013186,-1182.403499595251105,20.832162319841888,131.685113708539177,263.616845508573249,27.064359319899445,318.706632395001066,-302.433204840440339,-158.740671536161756,569.089942930485790,262.435544988205720,-827.640035962139905,368.160163974298200,94.486997472509685,-156.733058165835558,140.042579252815472,-194.671878639151601,160.632979335966894,-482.426935355748242,540.315647905380047,-324.390566369628004,592.263499722858569,-245.843088271357146,-350.138789418968202,173.424682496851148,220.633271264907989,188.127550268132154,-112.674910827055527,107.725859178261445,262.636272886161578,362.449478424283939,-154.847962875358462,-245.666039290302194,11.494451102994361,229.227385876499540,-193.402328400481906,252.460682636515770,153.105754946644822,219.760378935391543,110.603584612809826,410.300923829748740,227.046311831357656,172.043931790787582,14.428691851456648,-363.638311876546368,-160.674260673767151,58.680494093213412,-427.910046618906449,-619.919065663681977,114.800006343079843,173.484618400810206,438.355824311348726,333.303792572798670,-196.342472845651571,1138.293643966561604,303.803260391665162
-313.162109332779778,143.789608100476357,-36.127219737101200,262.206027401045674,-74.473846753888381,195.877234765358310,312.403867601286322,-383.056466929445264,479.738713030851784,294.476963732199295,-178.960083821544174,-288.583844667741175,160.737575694998100,-506.049492227460291,194.639367868312576,-26.781688280285294,287.879869883777531,43.157853170274954,584.375529419774466,876.242272548551000,208.704375238902344,-114.915316953512914,2.568815958094543,98.247269993082313,-511.224125798541593,451.712322971506012,-243.977616965006206,172.017994378886016,138.476033496734203,138.323567714320234,351.004725260039038,516.959333319336224,306.658456169737121,894.528314563561139,465.863841943514558,-26.282605064023379,-411.817298886231924,62.774839392423722,223.769312880531601,269.127166704246861,73.036467502451117,-135.792881006854486,-178.946239638599167,-134.820872510449618,632.310685331678428,-189.643148846003129,271.402248218863065,600.683943643231714,-888.350611126467015,-45.198938591373732,481.464554064261847,-592.300816919834347,369.933903627331574,160.615883079652974,298.583010480579276,360.328574917093590,651.932230369836475,489.292471263059497,-37.950389508563696,289.183655541354085,676.717882857090444,211.722262033678646,-704.847428291855522,42.199481116492350,190.200627793810582,-372.841085017415821,194.312401158059288,-31.410661618771933,-415.766744157857204,507.139937947055785,295.820344652526387,837.437417949911264,381.834989561832742,-272.562298203919909,234.018874272527057,-249.530969328673507,-182.264328134082405,-328.060569036043034,-627.269316798331374,-383.816643410438076,-24.595997072857120,376.887721934638705,-41.686153935553691,-367.495614762491073,275.330388563881570,-144.680254107622147,525.312667212164342,-261.755919680089050,665.918678430359250,-241.794889490046700,-255.934257547009764,514.535605394993354,-390.890209104886708,511.345178797785309,-191.028861251511586,619.225509880802292,441.352168192490410,485.420888047950825,147.252023690884414,-185.988944108131108,-95.600612312571059,-323.417138237111146,561.129096242003016,-504.793956871264697,13.096745361274674,-92.090897445241538,-735.851508858909256,-325.415820331229042,46.859683852464755,-710.318210191848266,289.601205106995280,-466.576113494085405,154.178703866637903,-188.206537833402649,-121.524085480968836,-133.873201858200673,8.392082667022336,626.613654036296566,87.328717687493508,-841.478631935136718,67.201704893000027,-139.606513094743207,-230.131322381343352,-381.300009826818268,4.773316270174922,-321.780630464906892,379.997081706534800,-591.845878261766757,-690.303929512492914,325.238932574210764,223.144228418307591,-41.548259235863540,-121.471861775293036,245.588094138228882,380.397681620216645,612.350414583665611,-393.461163011198607,229.200362408157730,-294.889146328529250,-278.415862867845931,533.694893310373232,798.989961621101315,745.823568002518300,-26.859746871049076,-210.075022844275310,-81.809891033100129,37.697968655525344,356.227169362824725,-341.897087029588079,-66.638603368939968
170.488398151747191,847.282006747519631,-506.251670856018507,46.512304662923427,-71.184021542684818,76.475917410072896,-97.574747700803556,-163.157238260950720,128.381987327282616,-86.864312958197942,-178.789235158974236,532.607956431495836,-50.556913412962679,217.260721867138017,595.944606265667517,165.579988841931794,660.948102845265112,-168.551984501908294,-361.654641472438982,-187.860572253999806,-366.038992186271457,-471.639645033077613,-418.898621939584189,668.579855985298991,441.673128049747561,35.182385029252394,432.425208985535789,-629.020290963979619,-395.659689678478230,699.678898699739989,142.712859229795015,-203.730401491547866,-723.937404826859847,74.334448453669083,-331.256177834197786,-2.172086768560442,-30.703457000926367,-195.964407395834911,180.795179914164663,-403.421063825757813,300.384907155156100,-265.975305622782457,-81.662905614880145,53.620897905098673,740.109339941678172,-756.369986069727702,525.760273237277147,308.249941110848170,-348.828456322591535,-304.236948958610071,-292.506677271069918,439.898099090143660,-304.604325060067993,223.573929786049064,251.746416744162417,-283.953675766068500,814.529864757051541,-383.394740325937164,-180.656077101493793,-361.816933708138833,-119.979979727608438,1265.618621017669739,642.039613534393879,-331.597330165132007,-467.784758253999769,-15.811320473659750,-289.258249554554766,-71.878946017775903,-47.397033148783422,-1069.248561679328077,83.041221680128245,-170.959664931628083,-189.522804431118374,57.814981183612076,-942.520986063338000,-3.653495909297719,314.152551629696006,341.479921583109103,271.216106394642566,36.915804699667369,-407.419190970858210,-693.272418131275913,-600.087553144678623,198.123103167960153,315.814363716284674,-58.773115939943558,-804.418530797640528,750.819022520933231,283.644663167021633,-0.733737290383646,569.600601739819808,-382.636125429258925,-807.168636105913492,-276.486563331489606,-33.711686208841790,-176.406512138780045,244.982290913256719,266.846422994548902,-8.567286525461354,178.447487042555792,100.552584702283966,58.906544864221196,297.155082992481709,388.689805879012908,20.169985974421760,-239.600680818660067,736.563653907028083,339.650799054654158,771.712254215135317,606.429571203212731,-146.180848104917288,-528.695381150244771,-364.575601472396272,-210.936737868245984,-39.959902230203305,821.573707957399733,250.231935883902565,250.351211767087420,-178.326404790684677,160.936475834816179,-356.678672995876127,-169.193341825035958,310.876952367561614,-159.320783199638186,-59.585130534866259,-133.831223987652976,-102.359628972132995,331.076016018561234,-304.867787420411958,625.881717013015873,-623.265396142832060,45.455090922276554,485.211075967006707,-55.159882760474481,-412.209787530103029,-222.037574810916453,128.602173467055451,-1019.312097319215127,-1073.910184510375075,384.302053037946791,35.744918542961742,122.648153758262225,286.830231574488323,521.890765469571534,27.452531389728037,639.698082295452650,-366.745436940683305,-953.370206446913357,29.356399797604524,30.375671984444264
238.853049671657118,526.700819955667612,-145.744718642626566,0.473291563210011,231.767410986044183,-203.872240868994055,-751.257793803463869,-1022.028881700539159,-70.439438761402272,-244.223299740459026,1.116609264521997,498.660729851222754,-836.615799425990190,-529.527308483474826,0.309618002057181,-286.135994886305582,189.309923524836478,660.689996659076655,-634.428161131406227,43.293950693458648,-685.767111258762611,-260.159037547678508,-97.226025599866190,38.684172919673237,464.975160393249610,-30.706660721266477,222.566872024323430,-191.822804871835444,-79.355918147847660,-368.080559518450059,76.789216760174298,-303.908094160816120,-292.169690703060326,-109.495133258947902,330.684029680073365,186.165030474198062,564.890521973154478,168.916587783094741,206.561460614720033,-379.537442419315823,-222.643767004361536,3.571365425449216,257.939572582638050,-172.381197240147429,-215.213978957081110,467.232285377018741,-281.335238278763427,-429.332777315887824,-38.613140927827935,111.253682436832506,6.058729065585241,-567.306321018336007,313.843001385533171,375.205768157367004,-590.086264469886714,476.366780274190546,357.327184117305137,-44.709987783418889,-917.981422112016162,-401.877259501095921,519.344794471573323,-464.604069944736807,348.058832269706102,-51.590287709711518,-287.714591182007723,-164.462762364478152,290.947769104531972,103.891245380061562,670.487394244435450,-334.774308890752536,341.989352969505376,221.909250248199868,-64.046760495546849,-125.848391673125690,-573.620663464854943,-448.129413227007376,406.093274749056604,11.875804087782621,9.645313080840456,686.536007425884350,-553.242877827248321,-204.094233773090878,-328.251855798478005,-557.352252329164344,-774.956808120958726,-483.888439569380125,-245.579293432729941,772.750342430091223,517.538551988933591,-20.239775592923557,264.380006117232540,-315.122705017667386,553.791566388113552,681.113642591797316,-574.407235646191793,239.937475325368354,247.036077987144921,238.041858032108564,-124.917251544659905,-306.395337001158168,511.032377176951513,-553.547515710822836,-187.186584133832270,-254.779102945899780,-256.283109804221965,175.716699815576703,-177.469625796105447,227.211200860416966,-277.847390350452258,-363.355454036035610,-485.971129316076883,-772.375652320698009,378.752744412708580,-203.345260681012917,-135.404244419517681,142.997626395246300,4.430213857477469,499.593752184577852,262.077312106226373,635.893332677541935,93.672729453058523,244.594700456342622,405.667259504101253,-94.708721880798407,145.820895060207704,-445.555001954382988,473.696319068774358,27.894683906550391,312.087254695848912,587.141697578183539,178.545168464157882,19.705825149188193,-363.006291957824203,-1291.492851457026745,-636.024654608795458,186.022995245206658,96.321470718519734,-95.298784831441438,126.195107549511789,127.448677292024982,-328.999401489446484,335.401818221013912,-70.425463868026895,-306.536856373729620,172.858987457551393,165.041483355058404,-42.842563138873643,56.395735643910093,167.540912831941426,261.405668493872781
316.864967897971269,-492.777413923944721,-128.312218956812359,-249.349758915843694,-252.228136217865739,297.609229428424101,-331.605619168251110,-94.532324602140889,115.824465197208909,-77.248055576348577,421.504944944934266,502.778782585941826,-421.100742363321103,301.639133452527744,507.577031678039248,367.066334537644195,659.541922772778094,-113.512130426396482,271.389918555022746,-347.352062215602984,435.517167121027285,-241.659939053209627,241.932210787933570,625.512476662929430,-279.650051461416126,-21.490077312676267,91.621459805468533,475.103436081519817,199.367691757750862,1073.023378895270071,-243.654900130433077,1239.325063076629704,49.211865264882398,680.984496168187889,581.053269671750400,465.077494681732389,-18.488634360963111,800.419359599892005,-492.994086408269595,-372.534374102136383,-84.878981654857100,588.771730653183567,1007.686905566251539,298.533614292573361,-196.061054104791424,-522.497587720922638,-245.595203060320728,-261.551388289605597,-466.197913019772272,-358.376453082583396,340.662928317167939,273.227020663000076,-361.958801464992291,7.813474361097974,-40.971468765391457,753.760901526624707,-726.159048715228892,-5.158681557826995,309.123891446404798,-118.201150471826026,-209.303090719060918,-473.213058049498215,-272.163960972808582,-243.026341247234228,661.887590027358442,112.883343578059424,106.256300195114619,-86.249932783035206,-164.927934254365340,409.771214838733670,1014.829786059322146,-484.548975935152725,857.850959416548903,393.645229056661037,220.593937721704208,-411.320054437220847,-535.199800474916628,100.594036820042675,-190.289932640528235,-273.001848957830703,179.436223069219693,-118.797120357910615,-20.203908970473623,291.387319484753618,529.843915739979025,37.813219237653144,467.426663578577859,280.807355373590269,332.439301112229941,136.728270106508205,239.430032030882387,505.963405199658155,106.280426982628327,320.942950812715139,-234.866341057209354,62.681626487976516,206.958821335680369,881.581674103056343,-914.454986993064153,422.561618813041548,707.245024435390746,-290.985073032304854,-580.479060197358308,25.469365227130993,402.326892694004869,-385.758398335096444,483.391767209697491,28.015436447048664,189.400870394759352,-730.477331720622146,-111.091453781894984,-583.113015440185450,-221.250512274472271,924.707520792904802,462.423647744658354,209.464568132675339,-575.826383448427578,391.124669098360755,268.914107423774055,-213.935049404943385,109.211235823219511,389.925132591557542,363.281029509464702,-493.645681896307565,455.159403062179308,371.595652014747600,245.838499011576374,-5.897196813467268,-608.877611289638708,-443.360286521336661,-248.490033702270438,-340.487364793589393,-448.411247676228186,804.256105149569635,348.484656690127110,17.383400349858743,-176.152863810762057,809.058907203676995,44.709715335523583,183.139838449185220,366.997683407318505,-377.969156325102347,428.790957110191187,-486.715004992845877,182.291465277416506,128.322000795429773,561.814134502734873,-92.917951089167914,-208.463819224403892,389.966744336444492
307.455190678255235,86.437163822164251,-219.249110998141163,92.616856066493924,-586.896989164189108,-464.499128907812064,111.896726004878047,-30.411617528541317,360.426017029539935,-87.681700332537517,19.030158264905879,-477.006937179020440,176.733058191861403,257.958054790035135,-432.041657873250642,132.876626392139372,-268.384547444474038,-433.146037604903086,62.614762441698716,373.312805623074496,144.019808041936358,-565.580011835554615,329.141711445458213,497.506400904521797,-322.457337642935727,-22.439266832216642,-271.143435076745504,-256.914955998897995,230.635150539113852,-883.012884563315197,207.297474921120312,-272.838464172916758,-169.434104826554375,194.531855390456656,-64.294861985481560,-113.933104022860718,639.523299482883999,105.601413248395232,60.097187080370752,145.361163086198445,-827.985380884489132,-485.042491542934101,290.276433555377423,-634.737230478974311,-560.341159780738622,167.397860640720154,883.257734599102719,-18.256577028382431,-29.377210698546168,-85.673137278560944,-202.672306892679700,313.763543275756319,678.728648614790927,104.636524890042466,531.578882200057478,100.484505755891831,-337.357731736905066,438.017198962820714,-586.121782766708066,339.724247712493650,281.292368339835889,107.194550550431146,-245.175142431515951,66.384206194671748,179.821160503042790,-335.420699611497980,-163.562805518950853,-559.962289308125946,659.928297629611961,478.703037165321348,-256.457931220773560,-153.730321655424291,-129.376595164005096,-117.089692462831891,-118.636949479188175,-58.634831671691217,-606.255317460674974,-114.148584991415618,-187.381316326326044,-27.293563571440075,111.421282946927320,-263.464891586360125,-356.654698047196632,-279.576442143703673,197.298824446113656,205.156763890511002,-188.580150333794847,-34.517017412128610,-226.479341668136954,203.296404871569422,54.168502939149832,-477.248849910947627,461.181707843710285,307.540382350236484,-37.460801025657759,355.652101929440505,-43.353200161697586,573.790662047817591,-28.656435665448889,-13.932099728049542,-494.868060646279730,-929.639156723148517,219.704245517607092,14.476960266212537,-571.606843589047230,-22.772983207616420,-565.213145298018276,438.411030862655082,-197.682897032926945,150.373218265531818,297.478402480861973,564.322898456785651,-150.747002818150349,637.690682205444091,159.419642385918252,-445.770493184945735,-378.734139574900723,-657.414873646854630,117.762897088748232,46.791290981956706,-292.814614355253809,148.769895843299025,-267.323166304725817,-502.555016521146229,-94.584944030441164,-392.171929021585868,-341.646606178512457,374.150027337076892,-177.724774629581361,-93.422787917826355,573.072257656237070,-72.998240261976349,231.157072613316785,644.201423126236136,395.815229393656352,-12.610472695743951,167.487007344096696,-171.645714053814430,667.912589463966015,-283.962542190717386,-260.447651821443117,-24.471547902096560,-94.404836492604773,-472.733422092261094,-289.086306420617916,-254.584542136050629,-308.167726888972254,-28.468255251788271,116.667312935812760,315.577344863541157
-700.678894657075944,-954.482404131435032,107.538428928759018,-134.689978625837341,302.561779445635750,-30.931074079956936,244.149869306262133,429.083504841013621,-100.485465917209808,370.569957317787100,90.021840571919995,168.716287272153636,45.304632954180690,-274.611991423984023,580.850067759660078,-118.612978423923508,-448.724409679537700,726.511334206539118,463.403029088720757,-114.114490177103178,389.284880830601651,-558.386014260219554,409.015794319893985,245.783376096677728,668.963121864064760,318.972211730524918,408.797926878973101,83.867747532268510,-135.744288040693476,21.350806360787718,-463.187929177878573,440.831034619145555,-398.321996627776002,-53.602909371824069,-90.845635735938743,530.997129256619701,-752.511956623385004,209.091915837663123,-122.822104459603040,144.608782080460685,-762.493155498441638,263.799463825234625,-156.966845513921214,164.074852642487514,-809.705766010623506,-825.388586697877713,-221.235254314831138,-545.125476909211557,424.550526807977519,-680.711802073636591,-39.938368175357922,359.995028083321756,-198.808275663740545,-18.340884641290337,221.816305979286852,-199.164458381266058,-80.076036592676289,-489.927477859015255,293.913098369584588,-292.363747952880772,534.421831449113597,-141.725632590649752,-375.013718179954367,344.084306441513206,743.528920851084195,334.916645615601453,242.153965827468426,40.521688294304461,507.102122043203963,-475.231986189432746,135.021601044973210,234.818559182678428,-104.962884988411247,-263.331896254509104,74.894357967930461,141.987606784012371,35.496186779671483,-362.011585977111338,-218.104774931897794,-324.026758528436005,-225.740626869585384,266.405842314766403,380.831723800682425,413.739679356364320,347.875431303346147,105.352778862559489,736.907137892442051,249.674938998951063,-397.735678154903781,54.006266327290199,156.951353491132409,-361.613230132518083,-30.021622445879458,-942.245159186819933,274.796991663678853,-139.095520886145607,577.503738425591678,278.415471423231338,-7.087346218392728,404.964899635737993,-416.637772762129600,268.878817595618727,362.928130437488562,158.321797145359056,-631.834510403215404,113.465578802715456,833.988350422382837,335.407990266435718,-34.096489487118760,-448.696039441188589,105.442607718696365,316.187157095276575,82.070387523785200,-429.806084166005746,-21.876443216465503,-588.686795255179277,273.621586614703176,-458.091972590860280,268.598033701019631,162.260136428309551,-127.447496565290905,198.510189509148233,-606.058324804437802,443.457589776059081,72.309446215562346,218.705903245795952,-693.137737554370915,565.916888253029811,-27.944954311928349,399.232440566073308,141.045737100536343,-587.585825056175395,251.347567291650648,35.168894499082171,-603.024812807572289,183.440092180164328,59.918939573666549,-36.981218602450525,46.673234388387563,-799.087328053795204,363.856128671025488,-137.209926902819149,377.176794360170618,244.195511673342480,-163.929412510378569,169.587478726538848,728.058399975708994,867.978257908664432,159.878837694774717,89.129569395294638
1302.707141310123461,-900.114068221605066,37.153270892876435,-169.860753139558994,328.930462245889657,81.594134092329455,-404.309645827898748,379.562624347878284,128.224106541703179,-537.348950375838058,-185.007488893166993,-6.279257578872741,-185.301542341670370,20.632397037105218,75.299063146178938,440.539325105259252,-92.023385884442746,375.376069023955608,-400.654280356849938,-148.606119526894076,30.420717085395225,-519.790911591906024,-735.663625150141456,301.193652153993867,-272.038842949268883,-283.296689467253941,85.179690786555099,-808.199936150238500,534.526757257899476,248.270098329371336,665.500866713950813,-257.481633124089512,-496.220049139900993,-457.080084420103219,137.907152606561112,-357.750162877795219,-280.057722809671986,507.188380312969002,-563.189459878178582,-328.489256840916028,422.121105702036459,-469.644686084539103,538.812433983452252,-528.886138555206799,-272.074605120251988,-6.434898768485036,762.695293869189527,219.114540973059206,-55.270825749148344,176.845182407118529,-324.316372208494613,-620.441732156845433,-81.401664046723141,151.212508248661095,101.090100789808773,-519.121029531407316,119.183758352133651,-511.931738301889311,725.305816270720698,99.161680857350746,338.478960040961340,-46.905972674897299,44.676599985060740,-492.745381214987731,128.477507724441182,-200.062705982267715,-372.861954063398684,-317.627812710732371,-128.852676936689477,311.025030954154545,537.216890583404165,207.249807195961637,-466.194966393619552,183.841684292264745,-171.298779699855629,-116.291300368706743,345.046645284172996,24.996237529341400,417.596960653160863,-199.429453523492867,-267.982418218937994,74.260670736135950,-66.394433514530519,329.114653078302183,395.557494755132097,568.804384700537526,-557.233931021222588,76.516322244513375,-249.251583087757240,-305.952539159404751,-786.781190332185361,-422.938444527139836,-770.122468078527845,-36.409678515806576,-216.317305895109882,-293.548628833357839,-203.132552318798759,-394.601766152707228,153.155838002229984,557.439595119251180,504.806694952251689,-194.045206694171924,-135.261978226077105,-125.308179980053396,-164.996595022530983,476.928992436527665,442.739571343460113,341.092449737168181,-63.230277247094875,61.820041138913744,-292.743319645486906,630.180872407677498,-175.953400923218197,169.665661948548177,400.790277027211971,170.831590839877634,442.438106125121919,173.569374754604667,-279.232052565841741,163.967301898004280,239.242061284859915,170.142040819066381,210.846468850051394,-346.467714361565925,-490.878726873721348,-146.813166711735420,-286.617885629575369,88.876018991338526,211.113368657000990,-514.941186557777769,-440.685039618614837,80.171397878459686,-184.280089463773720,1048.360353319039859,-7.074711424024511,56.609284026041045,-166.533541327235270,107.189770141308131,957.431475884065094,-463.208490330749669,-394.791111499239264,302.561956344767793,308.836846322493898,189.291921020990628,-10.783703887182254,-381.759643527527828,163.838592988510413,-521.929249609440831,95.169777576823691,-83.950710421484018
-23.739923126485120,-107.555572956106573,62.380512725387291,-425.471441576244786,-678.721008149693603,-827.619153468660443,333.798408633984650,460.648303525543440,347.135929294554160,-282.864261192514334,126.456200402031683,481.669926810970708,-342.581611658992813,28.337197563713229,-589.120406747203788,-35.873537218058779,-538.844284417190920,-272.219109774034678,574.373074307572097,206.670536231962416,-171.141331518972095,-201.367463493305024,189.634662413257644,552.063809114418973,-310.965156825083568,455.244968641940545,-168.689459140293479,-197.332306916660116,-311.434724136881414,-862.483238310262777,-441.300433347487001,102.112742174852485,87.511681154539559,446.495269470582343,-10.257602857857322,87.349283739657707,-374.492194613966888,112.177624629559361,69.823951226207626,-148.006204266091800,573.428897648551470,-889.587411598690551,719.066026579214622,-296.519816122067539,-166.958528373402913,180.087765921255226,-37.826933571052905,-623.462558761894797,35.289647503085583,-249.106929106684873,-767.405672258981099,-256.138444419503116,474.096222969670350,64.457506771244340,-236.690588435408131,-313.366488626382420,65.993651199935002,-389.190564764652777,509.799622732089517,0.345318046899220,517.126305164576252,139.932748565792906,418.483038343221779,120.980271962214090,491.213823991118886,-123.413179260256328,-274.854137425069268,-124.969830902951344,-296.993032698168690,800.546992896511370,21.277048186502309,358.190491939793390,32.515375007410867,509.481667254413878,-282.188508329286947,-198.190515355441846,40.929054976702076,-446.318553726153539,192.444730340342289,327.860306093566919,53.039221156160195,19.138879445392611,132.824083575699660,-435.192143290872252,-378.712073734588671,-13.678633929635428,-230.772129222939554,-327.854761399075358,-771.815917242490627,55.747611828585107,-185.933397514635459,-1.782849913525021,-52.148719434485791,219.548938358222983,-276.013025591825624,-242.297463039138989,147.911908866889547,-253.572289155525311,-64.628977299879139,136.403424593152806,-1092.527934235762132,-290.083065849938691,-364.799373965045277,458.382355790887686,330.252139865828042,-183.268692223937478,241.162218633638048,-40.804803914826870,-59.562526033158385,145.045205172126174,-475.772243746979939,-262.782159822561823,728.477191319787039,-517.747924397057659,227.497627670076724,-218.733095822016423,661.851968060847753,-354.567554725362072,212.644119559459540,459.940729231174600,-686.951801765253435,-233.144735394009359,-22.559037767809844,135.690191073946636,164.478185839202922,551.004687575156254,-394.035596662879527,-154.094148119365514,650.276787851389031,379.602720390745105,-86.184213693062404,-551.503402711467515,677.912580652241672,-476.071819858142135,100.227274526636009,-528.805512327075576,83.557752084059800,321.212336252329180,-97.805341593834754,-227.521917007458427,525.502075727473766,-438.012305965595658,126.716300613263385,-524.580737707644744,-24.804970385470128,9.667126102416567,-485.199240020156367,519.404625107007632,437.044591741268562,-1025.533976957749019
148.723537623851939,-597.936837663365964,-657.778838469543302,192.821385235019449,364.186629552051386,65.001328488129928,-52.936158911686945,289.357840277448361,-231.764421731999647,-574.214481848006699,-820.122957586320240,279.551209074212352,184.372677896246529,-20.141223863243891,379.929766371734445,16.710475447774424,-555.122077299236025,587.318511119475602,24.124263399405642,420.836188350962971,23.563564080969886,382.315954069245038,-202.841086718322089,-646.543519914323042,-551.131063762934559,97.349564456661852,-400.808298282426222,-396.142639707399780,-212.530070224854455,-52.206035151013225,253.133364465151459,-328.851163573161443,-593.631295704390141,110.759217595768447,-48.362905334606090,311.562654425357607,-458.153883020858245,74.670805281629782,-67.431355260202011,-554.463240336957710,-54.743249211564695,261.334470887296902,542.397695753628227,-67.772456912388648,-557.542679966026526,-802.362011898492710,360.055237293003415,103.059853818203550,303.181356796587295,-206.921121758121529,-621.197194577862433,-287.019047477860227,888.101122353564620,33.302738573201324,-702.508438628924978,314.259201126330709,214.943714734562548,-495.919254286344255,-156.889265553988139,337.510665388686164,-358.532947007129337,271.370653006553255,611.657682688328464,-628.664453561608184,220.557277880274910,267.630174303403464,562.383859022195224,-46.515572398496339,40.329990341743070,-295.854443715583898,149.665207910163986,-375.328556514621141,-431.210397139393194,480.079992361021027,-107.860989776149495,-489.431220899343259,57.892832734084863,1084.115131998892139,205.597532889863771,95.310093602811079,-80.960029933454635,588.816003302826971,271.554628944469869,275.304751597704978,392.122934092189837,523.149483608355467,380.029339972921321,320.915494132159836,-582.657471458492068,26.415837461722781,73.246803389218371,-491.619153046041106,456.899441235947052,-611.901731440870662,-385.693763370531826,124.431808577979027,-354.885743943927537,270.223290774719715,-301.961988734112026,187.628220852291832,23.447031767061478,165.084480678343311,123.635463422794231,233.242666944217461,-247.464929649608990,-453.089620010455349,770.209684856070339,155.501184330373519,-405.267690896519809,-224.099229703408611,747.578301577244702,-600.944813502132888,-140.386332157811097,480.554044573244028,562.875843093063281,-129.820914153733213,22.008979499556432,384.601394673803895,149.168729415371871,463.773388332519460,-736.422160725392587,198.633510179633959,-166.468903195932114,59.617911718432559,225.883073050770633,61.983848683595831,103.558572841685418,-228.064536654763458,428.443817461012316,189.123886765452482,204.665832359400213,591.490148573548254,-115.657119486850931,-645.498945407672522,334.252563686246731,158.357111971134884,-190.906482474157968,-747.243243565876469,153.344937886947264,-255.645530912019012,-435.318963260041869,510.375609774512725,186.447204605624393,201.090583003585522,19.474314935446206,-146.627652358656036,375.122692680238117,328.695184042491576,214.528341489391494,-121.015913788932082
302.615161488271269,385.386870239923837,6.627279192768285,575.850645289032173,-786.119723008365668,-100.656304886780944,401.881342074475469,238.954060139799054,40.664321041099448,54.286044125578613,822.608367497270024,-55.479309118470823,-436.962089962843038,-158.849335181222841,460.149494769235559,-82.466831918557943,-463.891470387597337,363.627074106677583,27.827053525112589,-758.580678560063575,-135.000040647881718,-562.515930291140990,466.270020149887728,-294.514026371021089,401.082813357117061,-15.282256103149923,-499.692476437780385,-143.863037620418112,33.447835586360334,-106.673877526089228,48.053018430288894,-212.408174176158894,-565.090235006885564,-376.217748159071903,5.310335878050225,-508.541884595519662,368.087732808238059,-195.194073743911900,-83.671320635055196,778.385012537579200,459.525128678283920,-707.595097954778112,209.207967684264617,86.854618878111879,428.857451382284580,-354.353118395157537,537.630262182761271,-355.336058260114783,0.079117257790106,596.097873546356936,-389.746122095807607,71.190852980851986,189.232868345491994,201.456146824130315,626.358295411592167,34.653604488117786,309.825136346684360,100.516703029507511,-47.024824469425113,413.450196934845508,359.468946421308885,15.952053255944847,-526.977921765069937,-305.597116229341111,-990.852193809590858,-139.020587997824180,392.728089283368490,168.385225348970238,-562.919302155239166,184.772975393593356,115.477091568353941,732.736917801468167,-36.990080824250548,255.477301456473441,-374.827443805303460,440.288414267938379,189.794366279763011,-184.231437182091440,358.145189309814157,-140.228734489510060,-282.294825623717088,96.183082296370983,167.628494946746770,180.555907677283528,-67.474587155305684,207.659144240588660,227.050599078823211,-309.341345225888404,-148.019693634659632,236.778581430451283,-100.890731039199963,311.183108730370918,78.809761867010181,673.670643379670992,-301.803816821755731,-610.173794573458849,-210.538221905727312,-156.780681298868870,508.423411622504148,873.774023916761394,273.177424875312227,-740.521662879312771,-921.055776866522820,-164.206820102825105,82.675511807932168,439.458370222659482,-69.245372636750716,719.590986071354905,323.728088624095506,377.025290916224435,-564.456020019869698,586.616861618300391,-162.347661889758598,-138.092969420483996,-218.890225825071639,-116.722460171160776,-202.289429787325673,85.224844152057557,323.258167330212586,-149.436792593433211,440.495712393657755,188.237622648849737,243.864901022240019,-50.562899791761339,-132.536607165018097,-480.715488806417056,436.027113223233755,-272.413695107204546,-148.046648265431628,-365.005528959817696,-52.687340515092345,203.497154989720400,-123.184077949101351,503.903022556922224,216.621365276070605,-339.360155105090996,507.227987269181256,-29.106084811175400,209.567400869172019,-54.354199315424218,-358.573128309546973,1664.779690138519300,169.219255450567914,-650.212163797421454,165.739955296388132,-628.987135720513152,32.467308743375028,-840.954428147329281,623.472437659760089,-17.888959109700750
-237.959592922887964,667.923119200980523,1314.390087841096147,-5.726508177815735,-587.421296381619641,29.457040871110063,311.316382303725732,-217.351383843323617,492.381251722246589,139.414569739194405,-225.041741050276556,-3.454704263386034,138.908942117189468,174.939305103352382,381.145117075807889,-407.220302786554328,-14.162287810136899,796.390103153678865,228.998009062885245,-539.656640885065940,57.963973480766533,-636.085197157968196,112.439749404799329,-95.363158422499396,-163.441339611535909,220.614472980352616,-9.665990637254026,504.728706572939245,-351.351972338979351,128.370646079014762,-141.352563087230806,402.908434954056531,-716.369890992916680,-384.692968581700768,-497.006998790766204,-234.282876318712937,-446.279853832266781,-382.059947567622430,-203.498449103919455,-683.921035961576081,-232.987706672204695,18.353185625134657,320.151836075729705,252.088676543011758,115.663536691184660,-650.984285890006049,-411.435458264298688,-176.656879485395109,-223.405403476471321,506.203393903554911,359.356242282351218,522.787331256011043,422.365171215039311,-734.919538150220433,-114.909223391167927,529.399170184254444,144.432031262706204,-234.725261980766930,-436.440649461808846,65.168495166035257,387.944279780559611,36.739569615005713,-561.551982237335324,-286.681008271590883,-475.314241147866142,-127.346471267729129,268.172390233486226,-117.939912269514537,-499.995218677125933,540.637027947908109,307.868919381365913,11.336355670833306,797.481417502343220,-1722.678350057637090,-98.488939725547567,-208.464357073269980,775.954569628709805,-34.993870238441062,94.721148061718409,-366.542213609983662,-354.812190332682746,-194.003030955045517,-316.287200610162699,9.150165218120847,423.247171203396306,-299.043748638997727,-564.255820948622613,-198.911066616428286,332.877586196585810,322.550278085465152,125.106067441646346,32.547246295141299,308.427279279959293,226.719334488276616,-554.453760262602600,-627.543849802149680,-15.395099449876209,195.887908356932883,-788.939540960386921,-167.494453240766546,317.835812554982738,-203.837832454670746,3.990310906950512,561.907367582658026,-97.542458707241565,48.478009317951958,651.898993014346047,48.000787942980473,260.984230728703039,-495.984509659554703,-354.456069737359428,147.838482659557513,-335.677653990268993,-273.857702040087531,-461.528331395125178,279.662842303079174,332.563094264664187,494.831368650704974,373.772478561913374,230.717293064140165,165.508167524652549,-740.788963987809552,-50.034927474760060,-565.044383614545609,656.302763259783660,-682.760880154362553,323.505216832294025,226.891448936591161,591.861760985190358,88.485562000519252,-119.302399622967130,-403.184495742382751,78.617470125383647,-249.156965571533561,-578.654796926470340,-86.263495327259733,-133.543819705928854,-227.176114920700513,347.196573048129324,160.542797123186119,100.788640459925702,-519.892910567921717,178.310076549090439,311.534719571614460,-111.310290765453701,252.122187766520852,-790.741083473535809,-139.162755169480022,-322.658204728460134,564.265387770025882
-14.096810959879839,-67.957221141298646,1175.928859092960010,402.263977901649639,-4.923564900822772,182.107400268793299,-259.064663719414511,798.921214528326459,-243.723652657866495,114.091773195342498,-352.404511481339171,57.980848735837384,189.307612678982167,11.844140128615020,24.468313805834576,-626.551178256459252,-95.634366649761503,-203.126641652553900,-558.759580635143152,-467.411274739937028,-337.637685126020017,-276.818160750750735,946.518739217133998,136.141206428783761,-213.437806958736928,-121.316116105602930,179.892282638237674,-144.406363286783062,-442.761844795018249,649.174701529390063,-617.173597611967352,-280.545324644233233,-61.847288864638678,-897.175562334801953,-32.411840739038652,-106.618927660065509,-226.970053641440728,294.092814451495315,-225.124563795277282,827.431669294208064,-124.396534577146085,-495.353270385240876,-835.825970396200546,291.812677386718974,-1060.250272693517900,-76.591443347486518,-200.833430802296135,-52.812722028656424,1007.144659648540596,358.928328928603378,780.149776051532513,665.381389326073986,-124.693352920482155,205.097934803662270,45.068436020100229,99.448421828331405,-701.898649128161992,116.533151306096897,-467.549065419419321,353.306280625407169,-1258.069865380738975,-282.043245469396766,-497.870288988247523,65.302231588367960,-195.618098216069598,569.340776540693355,-162.892245661517563,-44.192504966700263,533.483435798774394,-276.195692389529995,-153.850593427780183,345.525891284306965,681.905937960107394,9.309571690233389,569.651362793684712,348.157887113624042,56.051251992840363,-35.020588561948884,-462.127063581405025,-449.045978872816988,-80.284077329188520,47.304827771195519,-230.123881103675700,2.025481470529016,-97.458694746108634,-153.876323998361300,-215.965663223880142,54.705507021256182,70.090100154010969,-273.785955782464669,69.161710337991366,-94.080854036243522,-111.260355767011987,117.108149936555293,35.074365352647710,271.297405112301135,-289.907846157782387,-59.599528896115352,-301.728084715211253,199.748046157999738,383.152017056858881,591.688770324421057,86.560975508460047,-295.471172332847004,-71.870119214742459,283.729400984018241,577.043770794142347,-220.028418455150046,-694.725554556209090,591.039575368006354,38.778397651800105,-244.022413037488690,-822.170380219995650,156.330956578688273,-376.925481743746161,-71.839537174837005,101.959861251472887,-337.038190359950306,106.285529142517433,367.172202358362540,373.540913682601399,-279.956888052698616,530.505752324574701,453.996572794444887,88.077669335247776,161.571917205278453,507.590631661168402,1.558956886306305,-84.307499012015441,128.628428564270621,4.455595433973180,-664.789841245087928,53.239381567040269,-369.508600034634526,-55.417622883023569,-1081.245143302603083,49.084721331256262,438.196558636369389,154.070089080493432,2.933660367907788,120.182142867639300,480.479968221286640,-14.680175835536165,485.271825726862289,-730.598864014573451,-301.702528865018166,-203.728079124242782,-603.539922645238562,292.565614871287551,440.408858965035051
301.320179328314794,-180.181247230773096,-902.860761445244520,-251.887585337380045,608.495418271961398,255.852501454390818,82.585742115435906,180.934853709743720,630.726113282647020,-93.719779989570839,-200.223637646163269,16.381033745457046,506.914497604373423,-545.278888845058532,-240.170293818892560,757.499201110882382,255.031421730851406,805.322649183911608,-849.354936235167770,157.033058297320963,-559.788294236308502,68.070468967829612,-444.732464342838171,266.719089318921192,-64.224391132406282,4.125334515697561,384.483542844211286,-106.880468332814161,40.622417023344326,-281.860153159034610,353.743063261784016,-444.453132338121804,-50.656393492506169,113.704455750107158,-948.052879349622231,-597.161932481864596,-192.810330079293806,-168.213289333154762,401.026368849163475,-765.557804016498494,-885.732985069641927,-56.150915089841469,-64.691703631706133,807.475280616212217,211.479323346605554,560.956761316676193,-61.280101727213506,131.437743281258804,-623.190534545159835,-161.111762683556094,-105.008555034406314,-256.044790955830535,-679.529014730905601,357.682428341328432,-712.708097730064992,-394.032398191118432,-340.543396692879185,-610.237537028705901,-19.962376539976059,-1085.431729658135055,359.228957918559786,631.069494663920977,445.330935648988714,-364.810251389184259,890.878823678532399,-256.441907908449821,-140.342085571454220,-14.088069459702346,253.759510830027210,386.636956216947851,-187.749352283652343,-305.656124677145897,-170.339839699067056,-340.325134505871517,349.471881417855343,70.933166202079761,-24.336978193901459,84.830104677299644,-155.227346933910184,-637.436822003198586,-25.547049520015317,-224.372414743476043,383.133796547402028,-202.367756462686970,173.057931972712453,570.986961633618989,727.050462140481955,64.741239635787338,-915.497910571230477,-656.485337219099165,-107.578936171856014,-331.054686137752526,150.333939687901591,-731.076415129859924,65.175843002901729,296.634324016663868,-152.080036196592857,-220.974733369479708,152.056394993225979,30.108574599013703,54.435714745323281,-106.781683756033019,240.032496640441309,-355.226653685344786,-452.910964645644526,427.268995205525812,235.426433152906895,136.464037821763156,168.479064745391497,-318.993067522782042,-173.763591204323717,37.578149682200774,251.261285077032596,-463.146102748671808,618.946521471428809,-111.402458312137838,221.999084738254908,161.186489974521123,243.800919850660051,341.322714412850814,-199.573917378892503,246.295698544611326,-237.350133015802214,-452.544425953978077,-189.882419169201739,-264.535709727556764,-102.316664661070661,338.738054629529415,242.245623869289517,59.362039691018069,-289.414923156050577,-83.745178454042332,-895.304075315261798,-92.377284262840078,-707.326172962126975,-206.103000891185189,-5.678254658094446,-75.987273901734468,349.735606810516970,-539.948364091090411,-264.436052340369088,-375.911507192025226,-231.217184371406404,155.067365539637450,-247.503609014479110,293.358903457200711,309.712055081412302,389.289860423530797,-200.315574739258693,-435.433114464759171
80.100499086738253,63.014475095229926,221.909076308178044,1239.027205934756012,-136.376489387706300,-591.973614849990327,207.066677146244700,420.549345949302904,242.030216951966395,-422.898414852337908,385.472532665110407,120.950011493987958,-21.130546380120133,45.548423497522847,462.567198960372821,-155.561242774543047,-551.927760230189620,546.784498220412047,292.390443158680682,-82.084302084015448,-247.188208830015611,-715.661970240926962,183.590404175389153,-121.478468385879992,850.354547040462535,-302.687606370827893,108.884744758342720,301.593440701340114,629.136048148192231,265.364961798882462,-118.620683234852791,40.159719681550172,-15.640629617932433,-210.468739522700247,334.358356215350909,-249.525425232299256,-858.100139426069973,-42.663139604304234,-21.358080961450753,-438.047011056254291,-68.481173687101716,-488.781259804206343,264.471817928443954,361.599268025185893,-223.273544191396468,234.350291378163860,117.323055986481833,59.263129778033445,590.107388764944972,121.902438571127064,437.688281603922690,-8.643665104227466,275.245846720115992,-76.391517332710364,-756.629580169222891,6.120225911164798,111.635597713917065,17.765127463854874,269.409697957270794,-7.149024883630890,-425.544238784195954,-164.349315904320065,290.931773999531174,-188.071448039079797,-898.145494785391975,-379.560511764141893,141.250501576273649,74.750932252068765,-179.621408731014384,508.956751584474432,105.725450802145119,73.302801544199866,99.788862108363745,806.555656919097942,1042.449865728715395,-290.843812405271308,-31.409248853524822,799.016987247978136,194.139618912403620,-89.082820124393720,565.777823189073501,-221.942988146109030,384.858388360936317,-204.666134401577580,-131.438585480391311,601.306738222251511,-264.963093674428421,196.105200009981274,-74.526484187257552,171.679634641809571,246.301532125304135,386.107784399310901,540.253550440121558,-361.955543816549834,227.123012689637733,20.520804647405914,-13.132449570859574,102.535606622740303,416.047370815760303,174.410290906022539,225.312614224405195,292.506492718613231,-163.165321317479936,-324.456029054287796,-11.907952053522825,-42.239928372713443,383.099112615088302,26.493624702459211,299.983135373202515,245.474276601433360,1104.145705381927883,813.401354362005236,-74.050946729039964,259.503923884011328,-15.819706891414782,244.781859798936864,514.482523647413473,-20.113231096344659,-402.628558487723524,353.975338256960072,-30.052705527183193,485.331057049871390,-420.452697640465260,-187.373035576466975,-131.900166420140835,-259.426011486230266,299.860938001743364,128.930381151711885,-128.773837922566258,148.561044689456253,365.114066543399247,-1080.751478209239394,171.874837121149938,33.611625726083709,-24.326985328648036,81.819274231281838,438.112388181547431,555.836639820832374,-375.639332332782089,401.918890790900434,560.160375321107495,-233.565655957324140,353.533344634585660,491.314197462701657,-591.389277362952271,-772.058521083377855,-154.563108469280479,549.143370797086391,-588.188792939674045,-690.032540091343776
-90.105472013612058,279.719352947684456,373.703070255850719,-543.999291636434123,526.719433655423359,284.181813827824669,-20.459327455069655,-480.223126596983377,294.918497776430968,581.789593187502419,145.035806213423683,275.546533780136656,103.006147354926043,-118.803808584215545,24.054850233719108,-726.493636274760775,394.856246603075988,331.305039850407809,-133.244800382416315,-173.369886021501713,15.613153003542026,32.825227345814710,593.028001869808463,343.036599969212205,66.110664308925607,104.453888348751519,198.273368794995832,-42.415260554619778,-102.267448878708237,855.861829975645605,-38.053786455975121,-141.358152380655781,-466.295433234373377,127.711617385025988,-155.114230543130731,492.264595934795182,254.713614269311051,-361.458385080351604,296.583344088332126,-237.720552109477524,10.230599669191866,575.803781874970582,83.499276424652322,-902.197362651542562,-416.646511660475255,-18.439114045069807,-91.833529540889089,120.422238311846286,-480.482780388655669,-988.816636422380952,493.369211777113492,67.026192524977390,-326.725154357290762,581.548670820086386,78.538034741362168,388.441303007019542,112.228273621565208,-599.949548962142330,-110.858570845921633,318.955132428212153,-389.566224110697362,272.741990426907762,176.303759563872234,417.482031169202514,647.388767342784604,303.167026852489698,-740.736370841570988,33.041540142981425,-45.974840421833228,-471.393220281195170,294.648825328344685,-56.101696528217190,485.343508595108858,-605.719779415130347,-224.312964151962660,-185.658128326658527,307.644713011571639,-265.139191590310247,-560.363530550620794,-331.748321903382930,-381.915558702280748,-125.719455452239785,6.790926946188241,270.832144812696129,-183.488163596851848,94.247729977400681,171.529442075650280,338.028604416352152,834.126581183268740,436.577727891017332,56.652704902668575,452.362814857450985,-240.998815613937580,362.385347889644834,-308.812710254655372,98.449499685067750,127.199745547883907,485.237097382435763,-495.981449959962504,-269.723560917311033,288.168648972717563,-693.171663072635283,176.158319706788518,-71.344934114830494,-446.982190687484945,572.261436960133437,-82.007003362941830,-852.047076755138619,206.754699788595047,-477.638446509302298,100.232494515280735,-548.640178432604557,113.711889378277291,-79.926908066197342,392.191898970937416,-62.583475947397375,206.611040984068524,-103.789138656286639,-154.149408291106226,177.996611963036514,209.547635787156480,-13.947360222944308,-229.436891458145311,150.935180524948180,445.266926922115886,-130.750670024869805,504.281908773828548,32.489018597706668,167.482587693057781,-911.005540159753423,213.760793674093065,-156.324043774528548,-451.219896042170944,48.132540441656062,-340.552430729113667,-219.951733680495806,4.070270141241147,-385.374439858041683,-196.718923029378203,-20.247149126673495,323.419161661517819,350.379271777701831,209.605143412791421,142.606642329510606,285.784310172876815,345.396229346902032,-143.856088862404164,-327.042510262047642,617.012192533998245,-54.517714902005501
-99.587981256792389,-232.988946701974783,-680.800363566622195,-262.095860304439668,35.625017866818716,386.459621690209644,207.466472171939330,102.315201266792229,42.936788779417739,-436.588452390741963,213.192288506488921,401.107912356732470,169.175259210310998,-641.776262328552662,-384.688656135715860,-390.572106575101770,-278.370561755325127,370.795671098587377,1351.249582129223199,238.796923318574727,-581.268350083628775,-74.668903047037318,325.805317074740742,531.460147250245200,-326.673317692846297,338.627352128201835,83.906975868216847,-206.936086291538601,409.430103628154370,229.762112329935007,-307.257827448301384,452.788285555190839,323.736611830021275,885.154136331323343,14.343775439016252,394.222010167926442,184.434383181287785,-477.170085826637433,-374.935987434783158,561.465916246499887,469.360511748577210,443.261308689533735,639.114328612181225,539.769350614273094,-324.772036319729352,43.621778037595391,-762.708322225231427,-67.696068676838365,-333.742876106072913,24.346029226981855,699.081079986584427,-444.940209781739895,74.258882342714031,-421.985328707697306,110.338074788188834,513.580989238681468,-204.898723698795038,-346.559184357874074,584.789689734065519,-311.794140703751168,204.301170843179307,286.939447516278221,45.572070843042255,38.412385264263790,244.306891915418817,789.747574034015656,-752.372463611347371,-139.910153154564995,54.806669246445303,-675.263942709307798,-510.901945131805292,447.301619893494944,-636.860844993007049,-162.762114635509647,-523.282932145246264,-255.745486739254886,10.670231394613920,-674.331128136914003,-279.564235350058595,378.431121389386078,-710.415564013594235,-172.598266116188057,-53.941762980068489,-39.868853217834044,494.219687005557830,-384.612659319078034,-314.791190264853128,-453.028207703430496,-445.793932085948200,11.972154517797266,176.777583735582482,-38.736894075261688,-476.697694607133485,15.888113204215873,622.805547287165609,-340.666379943614572,164.119254282818730,51.001824972576237,-652.818937801108291,102.751603256490498,157.701101881165727,-490.030810784573021,-329.288690096111850,-256.865013373515353,139.171791849108502,-300.915013793489607,388.123944474532493,-267.226454518180844,-184.015569389240056,-564.262602322964767,-34.507892890442704,-586.907153103631572,-22.228820833421011,-513.139145739390983,-219.674439737930584,1159.753960152829222,343.529200441032458,-35.154203184130573,753.491138296828240,-1073.522606693868966,-451.705651675350452,232.281450703850595,481.096064025452165,33.558826336048355,62.123322282759531,-216.569847167679853,406.298474000246756,-858.834590892563028,883.515503579193819,30.006370387632234,-382.003114580050521,207.928297490097691,559.854567372051179,-1021.472890979640056,-736.067811978568784,451.456803603992682,-161.605552466484028,-254.617302246311624,-495.013966965200609,399.267400035854962,-82.672853589809634,-145.129798082151950,46.148166067599711,285.183592794105834,544.334455869644557,136.497504824120796,363.101741655532237,168.041457394197408,222.639941221302962,278.894649243500396
-1163.232089680959916,680.433892394330883,-20.372176866783690,106.120805331308887,-590.984760094838521,893.026564464601165,-13.601974825097145,-261.598666639970475,-152.006349213734183,604.951950735281116,-317.697557041351274,101.662197602441637,-95.957615550459735,-499.331176599018477,67.339301895626122,-220.414959229474107,336.701531111604197,-682.753579989687751,-211.677611149982710,-218.068791977922160,-454.515615537725921,433.418049680999900,467.054886302499256,-329.176316879820888,-129.917341743811335,-153.955539556572575,-552.410994558646735,-275.794459901825633,59.034038040339773,-53.441398998424077,196.315791714663789,518.469141728860450,237.115530566970023,32.722207304053128,229.884586323435315,-182.512111309149276,1037.263307719860222,-516.138486808915331,455.366348730228538,370.997147339587116,-135.610223004443526,324.207740364691517,-99.189747226419371,-205.557008061439916,-426.904897582102308,-313.863560886413211,444.670530778851401,286.196045388571179,-329.303371176338260,-406.910167717082459,-236.160118619403875,-221.032190797335915,-607.209344140811254,-137.161109226418660,822.695737666955210,363.144045655307650,-713.358043934942771,-270.502683228234730,-252.699644881018600,174.028236494295498,-643.891188343262229,230.160078777349753,-700.853886761616423,256.318887496250568,-332.321884599039663,-326.840930737126314,394.737833620818719,288.650231514163977,-195.475614506161236,-504.453902410903595,-796.194060794435472,145.278056993110880,-381.935183931343659,-812.530579323718030,-417.600479047534691,105.826721865940357,-175.519861769475938,750.993096729781541,-44.874651043355186,-293.529141876886115,-130.211044460983942,1.791324245781816,-342.729003068266081,169.256906519849053,-256.861390387431243,-559.147243821699590,715.558768656991219,-203.378100992202008,287.809818354931963,477.169125086975043,73.305526126165915,108.673236464001221,47.389461589657984,-358.377807115591452,206.869745550460522,587.994893537528469,69.120874689847454,-212.530865825305881,-388.983032390176731,-274.609976667928152,-61.438942160010193,249.457266309946959,619.487516932138760,-150.747499743760272,162.834285673438757,-149.651931224490539,97.810589285178139,-166.742543811320047,194.030860536619173,-328.229298914110188,-682.042740275146002,-343.944495242080393,-400.016704331209780,-348.517019035161240,-252.431007150422573,-1018.789482007799506,64.064575110972612,197.235276541090172,22.886788559080863,-551.833468253962792,-165.069836921918011,-621.141581520724571,342.962719399050627,20.289229495347598,-205.864646897494481,-315.755506352056386,570.874008761822665,227.451286346801112,431.493101746838533,260.197937458638194,-192.358067114217533,654.798099739781946,-246.326017019951450,-94.981499903424108,397.602924203105317,-37.403247694412585,49.864704060636384,-139.361348999960853,-536.475555962765156,468.260558448513166,142.163150518645779,-235.095637634054356,-379.091943393434349,189.118130820908817,-367.066003766366975,5.388834529660599,-458.705846224329207,-143.409667681158396,344.866399774185425,224.196759289617205
415.193395437210768,-168.720088896775849,-14.437396676873654,216.696933538078696,118.427564127887180,-561.354968175022236,570.445471925850484,-251.911168615065748,-119.325812562473729,-199.077682598015457,198.650162582441965,-176.847045803925283,655.238440034372388,134.485609256390319,-228.115302699188760,563.409885142060830,353.038482695728419,757.213797899194901,-103.705484061804199,-71.921449314206853,-168.042109438442935,-88.861123360737167,284.130535879766740,112.750641716309289,-51.696591914868492,698.470668500180068,820.581140400282038,-133.838490744061659,-358.382749819920264,-1256.385097852666831,642.590710937778454,4.830497523362872,434.877302611247671,234.027440061336478,-93.430521683059922,299.691282672875275,32.398346585476432,317.434184266086504,-29.861681234641484,-683.320279917468042,-385.254453269908765,649.766302141689607,1054.287037872456722,295.964719556528337,-720.041915833032476,3.863251120961699,-642.537596014128667,414.542805374419004,718.851418195638303,-148.582814603358287,-88.355140216898263,-150.543474321558790,-167.895313718668888,1005.050414078725908,-423.447092646337865,558.625169880556541,798.684749991106628,-132.459543448653477,-98.061117630243288,610.344198378524652,426.108997409784081,-620.512309876923950,-14.705193924462446,357.163072618258184,467.002007286482581,233.390194545348436,129.153047723003453,-132.051890419104012,-60.783867045652926,511.641840851581549,599.052789835282056,-423.885327327040613,103.731977996684137,-103.372064772148775,64.242339100187721,293.284627944289753,75.842057659336149,304.037885741840682,69.257757284232341,509.951941810177289,90.400475324644930,13.829062850330637,623.500879904937847,-446.213330805208216,-111.119349288285662,158.541044718768660,37.654300721471259,595.131765860309088,106.265991444257992,73.681219250607754,-21.466769097119982,-94.374327498440451,357.858139458842459,181.359336638641679,229.361154326089832,-114.682020335393901,-12.705197198754458,199.839694881786897,339.726297534406967,-436.661043492050453,-439.393596425724184,-230.604347040520139,59.749796023845946,-75.495178696045969,-670.721486245405345,-328.500334677711294,433.619667421417489,76.618564324881191,-406.437932167398685,-123.039391649143951,688.684639247816335,277.828156383427427,-194.937302092711519,99.251836165767529,-240.498916966318234,158.407131498398002,245.292693018181609,-93.776024150909990,-683.463559119128035,157.489178827228500,-4.199254956675055,-578.787498437688214,12.212569619250566,-617.176987705895840,50.448833899613547,253.481915732802321,-24.343078056467149,788.976525428569062,-116.109507643199635,-93.935234041574063,293.339768221780844,-526.081318330285171,-391.118883419488270,446.848481397003297,133.982909493567860,290.523621752193492,-115.394425263708783,-240.919859509353159,393.814661403407115,-139.951875717817018,-37.131184141138299,-82.295391913958923,598.423836268814625,-515.980215285020790,226.054325007141529,638.027898475160328,-320.419298806994675,746.328529918000072,-224.192904012222471,-183.828004505849037
335.832891428403912,730.329678288437321,79.483414821620286,450.137253320751597,262.048112479022564,164.300293172043951,154.954874640205077,289.039521750775521,-30.055747432462390,-285.355644319109331,-28.708011037444024,-20.313161632690537,-38.583639179893559,179.395369805994079,39.613903453540395,-54.407298082440214,-130.145493679837301,-510.762807091837885,-552.620614118458320,15.547330088602093,-154.528958822433708,-63.542924553881193,-0.722785983190816,12.484531964306523,311.583674576995008,63.028744473030848,846.725234571113106,362.521008568398088,-436.968439990640547,524.345615251938398,18.335121259198893,102.182691888392853,-512.731661099652229,89.423103188446646,-734.353615513760587,412.481429979827283,-1047.696242294704007,-110.899229423141918,-485.484904424478373,177.958325610467256,628.881038239427426,-187.415990259228863,-115.811317026920776,226.047014488022086,587.255002688422451,-1116.724883208550864,565.836728807869576,199.550740106612125,207.077577593987087,-280.053169434190806,-84.284062623276938,-483.715749059609209,387.111195694967421,-670.708433193898713,-131.749590608925445,133.157164551320108,282.152092723411613,-302.348068962010245,545.640392875631392,-645.555285064592795,-19.702025114636399,108.390335915051622,307.947915558318755,40.259632173129098,-522.415291583747830,257.821463970500190,-594.302083103475184,-302.416027226738265,386.994930152635504,-457.483715086979544,1126.437867588145537,688.081593049622484,77.113938530952893,384.171700721466834,219.934850216742888,-117.857340336596607,-70.437106672252938,745.944948123571862,413.085907084615428,156.967869323693066,142.473290331172677,767.512330135316120,-271.859551658133853,279.809393240934469,-108.313503385479081,-45.498387877697482,-296.590439469216960,-135.773357258364143,-30.577640593290937,-972.947621169574859,-295.636317956662822,615.751782066966939,-9.355241632902679,-723.022879715665908,-247.195187499042021,-167.831593771628064,-684.996125972578852,-237.403699122474279,-1046.207130685515267,253.167696021607185,277.492849101226795,65.793155192047166,-382.735037597391113,-21.246280250827116,215.133924152412817,417.212120814795981,1222.757343558354933,319.747385025100129,257.467867969040697,-449.374085818734727,694.918379191384815,-12.802443195518400,577.494780920306994,188.455845236666846,7.213099833077795,485.188821696390903,604.949481130583081,-723.963598916914862,185.928693364564765,230.163467230705834,307.195392210657928,658.861037205799676,255.538493125804166,501.261750328903759,-458.194731357557089,817.819122889326081,36.636492215254023,-505.856592465852771,56.032874246712225,-7.453282733947949,140.947724599326762,295.297479638096547,-79.988158743535053,-298.514499042937246,570.885708779251672,-495.653032184217523,-645.398892514807017,-284.208739393040730,37.314232009681675,-853.156715741503149,-573.034995083089143,1032.342589205324884,-21.835618204151992,340.510853774230611,-59.619898202020423,32.486387777032576,958.156925008820281,-367.091637699730825,302.427138323246368,115.135459587330828
-334.461552266081696,-300.259990679518523,-338.727811997714980,68.704832474593857,-255.732808335853463,-392.186487713063400,-114.380703351947488,200.370880436928900,836.655553134305705,642.535175462923462,-1082.871449127017740,-85.686696834053805,61.624386491682536,48.578256203639313,-237.679013063446689,-807.132704283557246,-49.046896068083498,-94.085231339284576,-371.798425070282917,224.003813636138233,244.631554882500325,19.755250556460883,29.450927292347330,-177.338655627659676,779.984523704082562,-460.326671183571364,-370.955820920611643,-220.505274523444001,389.055860729704307,-130.426988758856851,1065.536438469714994,428.040613651896820,-752.929876420866549,-56.965722137445759,226.305419885731283,337.885495446018979,-408.989168801399273,-74.749060494907212,48.490875628141580,110.785856770518294,-454.471478369906094,574.134700954370601,-646.061609806605816,71.766091734201893,-282.172036080219016,119.409161053544949,772.530897913383114,892.759901037553846,392.594040853095748,-89.782979125816752,179.850347873098400,1200.579603939198023,454.088163480871856,-216.012800071760637,836.545807536449956,27.627876672150492,97.184900708095142,917.325942195944094,539.373767816166946,-345.356685002302584,-149.048881839811656,568.791495875292640,194.949300563246027,-533.420875984755980,306.069173137985274,128.083653115274842,-72.420841939641889,-278.663360574099102,75.657157598058461,-283.139116948935850,-163.903435233298694,-617.310483117868671,-42.794123283322271,544.143813112485645,255.413742608555935,-2.005428192725716,-192.995279047363397,-598.553261096860638,151.258199605908089,275.970621053048092,-385.719363699908001,493.643379873133881,242.632802783346278,214.308053196020325,868.641048921498850,135.436498427569148,169.042363657227895,266.983578576065099,445.671808417264003,-228.306733865861531,40.418094533113219,-320.982592126917439,380.662772175048019,266.873280247583011,-156.246842694018795,370.406459541306390,-314.542493388871947,576.580802802092421,61.731474018841418,-672.729501801707556,223.838788100331101,185.127003366171294,299.425975270409424,253.001821255621280,91.679760267611485,-612.666226369621882,-413.900207549097956,136.630266141080455,31.171607632187339,-162.841816839399485,121.541746358758417,472.339461592489954,-435.079753981885176,-227.087030644331378,155.387426483386974,-415.845951724195913,275.135533971536688,426.717910265963042,-309.014362332427822,-393.715272341710090,251.912900396719579,-370.008988475349270,301.637436054219393,393.700808384912136,-700.364927754117161,-335.186324408509336,-289.523162609235385,317.773293439217525,-320.529599619632734,-657.712495415134185,-376.341591291278121,-121.719613632170734,529.222363234040927,-412.364282099099796,-204.510175126599023,-492.171296067774961,-514.673818483263517,-158.210911745445344,-228.219836339877702,335.243198893146484,-205.572511258868388,178.336468582668516,763.466886045882802,39.504694116442892,-205.642834581576437,755.896678453674554,141.080879712629724,752.423191752475645,-301.235409628889670,-220.917025890857246
330.085151234235127,-160.143343642886322,-140.091648537352000,310.250810669295163,-58.619542756239646,272.373591689309364,283.751978704400472,152.617120379428542,-509.409026749506779,293.766999278628020,536.304377917402007,-741.994163239953195,388.399217339157246,-392.789376346327117,568.037765702801607,-232.535325600772950,478.433788208379553,24.677603186657759,-762.401308233580266,-476.170925387331806,505.464613205354567,-215.212947983293759,-106.398625774994244,-666.362446510611790,-760.869238246285477,238.928062741117259,-243.648740093077976,-341.685217407977689,796.580731903724313,573.952524230475092,288.644220012388871,-1185.868398510011502,-385.010202271998310,-781.331150592934932,-397.365176325621803,13.632582931144917,-591.625641591902081,-364.306791933908301,574.642586322099760,151.017709085068446,-18.977900497848228,-360.112377804277116,-76.951469914545513,-35.819666105327876,31.202319003018903,-160.041790497244023,205.502653233707946,299.451362745650613,-106.273578082253479,-531.387529078702187,110.227789744352833,-639.668794977149901,-152.462517899024533,291.107564109052191,345.944264094515177,-376.187440797009288,-242.857117660688857,-249.321680350157123,228.385139584498745,-882.039154813582286,54.754987448162964,493.690347194341768,102.883725203600164,59.741351068978005,-666.728703520212775,29.787598068498085,418.521104980038160,-317.740041611642823,639.068112305758746,275.072233639737988,22.671931211040580,425.989361920258773,-260.629067921970659,185.496329059744994,-583.324334545727538,-272.491717790670748,-85.443837128749237,7.026372852003073,28.239737537742361,36.227827095278940,445.829721732043595,-196.954425079924334,81.161263904964898,-30.296409069756677,-134.643863737599787,413.368135256609719,20.632676225438566,316.226824342241400,-278.504420728271441,-567.028081548826322,447.122314113569473,-228.042142748558661,-97.833495719154300,110.009717530190045,-101.306862696470574,-552.268424514989192,529.491277218822233,-1017.586985302987614,493.816890701863713,487.646338128460911,223.476417595630892,-371.269774295198829,500.889105381858030,-70.525863870340189,-516.301614289984855,-96.153390318364345,344.263695053297056,354.536677519189652,-256.436292443232162,-916.317218873085267,-172.655273979113872,865.835098037104103,-444.448188686224285,402.322030693856789,-592.691967965102776,292.383949365922490,485.100600973830581,236.303147153771647,108.517920397106309,67.708225326436818,324.476495567946358,231.531773014247165,-287.976101442062657,-190.655767086703747,-558.793283480832088,-834.484932352455644,38.756053915998208,-2.925287257470421,-379.855598057153202,804.084055282292866,-240.464905987091697,-889.368260755163647,262.419762781890597,-602.862244405369211,-112.705760568758237,-7.359127567335690,359.937143008819930,-790.972272593651155,302.810565678714966,116.595772805039928,-460.471692950338479,296.626809072201240,-20.928613838057920,935.227627946675511,56.625749608619245,-463.145619276607817,235.523750103644630,701.799836719083260,15.667346265627693,653.754567985837639
-131.035029697761900,980.329481777632623,-116.115735607913905,-433.043733652310436,-75.747157826672833,190.253638335162861,-243.174542590264195,38.740705783451901,-467.722201914406526,377.610485821829855,-903.679736577416747,-239.412344220839117,362.783361865924405,21.506634123652454,780.049237825652540,8.265603952331151,298.759426045051043,-68.503620412214929,129.616308607642594,509.682065271690362,-205.005039299187303,-395.671209290594675,725.979252732850568,-141.959645595497591,284.991106006307177,161.604909584090706,-96.703754923980640,247.534482778918118,434.097133554388677,515.289501159974861,261.221446027744093,149.796779670837623,-489.973148518600510,-42.622828822162873,256.257913470580377,125.355822932677569,-513.424976291361190,359.059908993296119,761.787330168435574,275.969700785911982,-16.514592540639953,-544.454917455223494,-229.998106326854469,636.276446953311620,-38.916956966453007,-575.194023988777872,624.493839236208601,264.000072945699287,-346.419590590818586,-512.022700610688503,-502.768657564256955,181.978365561528449,277.975746028996525,374.886407770420703,592.826323138568682,201.929578550578583,738.795391803423854,-771.328160633221842,477.651796707596532,381.204852559599260,-272.784970189846831,322.716517128964938,869.847302740411919,116.605327558274396,174.947010242769693,459.507100947058007,-115.215770299150364,-33.199586347180130,47.262751278027494,-116.369762718400850,63.077674061633275,-955.066547535916015,261.185380186654754,-407.873619711673086,-475.709753697602594,-222.204211012290386,-544.847468690775827,702.310003627596188,-317.570426958418977,562.661048051062608,-728.723633872831329,-191.025970941922310,389.308911624175437,308.963676748907289,-143.526978261022492,205.852140353886000,90.581100099777984,-227.852784470338776,372.278174131384390,934.790413239913164,819.346616484732522,340.982443056061754,699.392818246972070,192.673037563988544,-377.473693894568839,118.350845905517929,-655.988283984248937,357.180599201884547,267.223835683316281,311.804671351529464,407.133778625279717,-564.779407808421524,-288.944876072434738,-101.374736890798033,1359.867929123461863,-66.030292408996871,-703.204551648244660,141.512178425883491,-267.348766500329475,-139.468907935475499,428.010020124787616,-151.352099420140689,-17.942716078560156,336.170568327186743,-139.188606534576564,-351.801277695095166,54.386844429166089,910.566634458513590,478.451631832264241,286.153445557714690,115.693105910125112,-417.899137176291788,412.447667968389567,793.563222995253795,229.240033280268278,420.198279623870519,-420.388623319343139,-338.346125770561457,-164.990923878296627,-92.163721142448509,-345.782132643529337,391.201100454267930,181.814943138932477,-274.651218000231779,746.310614166521191,-368.010588547356690,-785.249937615588124,783.740087593795124,-575.993837166984122,187.934944865023340,-229.512267349944153,109.410287053974756,59.075733103386085,-493.919897715005277,-18.376321362638983,846.583347751808788,-145.752212286912453,252.219835420127339,-205.832599225308570,316.492781092624853
-56.165137065448853,126.152948636982543,549.575624246270763,310.907388482096110,62.797752536932308,-138.646974032391967,-536.680521484484075,77.006256506607954,117.559827043088859,-171.829585761131511,-155.243766386097235,359.868115940860207,-449.911067413236992,-323.348911385995223,-472.248887739509087,96.530597604283841,-195.901271902239500,40.812745293864488,-484.593179525350649,1005.309751147695238,278.915752785202585,52.141296833297282,-99.552364832692334,-357.800850005484563,275.837223890091423,-263.370903386774671,356.397961359275769,-607.458707017497431,6.537556846378151,-636.202725276888145,135.024795528485782,255.243225202839596,31.426619762355521,866.436335358014844,-486.470183132690408,256.163156803231061,170.480259592308244,597.657373619007217,8.271068240138190,-718.252881566013343,-195.724190686784766,-295.943845665575054,-26.278635409086650,39.971172609341437,-196.542152926677915,-377.437154605551711,174.901267461888693,-302.645301008178023,-401.018039651712058,212.426051829638112,151.519135316864435,120.483251133788542,340.316021103381672,-407.905608273483324,-522.109565830243810,197.558891034002698,330.304529103090260,165.996180704021526,-437.381450987631638,-73.681190762048246,-266.874714376016868,424.079508801019074,434.599699312065809,-268.234262697695101,-533.581746773442319,-456.063725938538823,420.627909540688506,675.054468628550921,210.022553997006611,-813.449535377175607,-537.168262615154390,126.789721306996086,326.905298739791306,-354.428311462831005,-430.555293747718054,-10.455639843571015,-203.410544268473132,71.024162591977898,146.415639190572904,495.255819894462434,206.719965639181623,199.100970432575025,198.862213221665712,526.900098714266051,79.019560453440334,-841.822639408248506,287.480727845093952,481.450255802385698,-351.950544569228725,-361.858467719519126,371.604817337925851,-407.834952051022412,16.217322696995915,-998.148416014388545,247.083755821762935,254.548598224678017,-31.835495249080328,309.858991140052183,541.359948146827151,429.389390348947131,107.531065411098481,-246.480952984265826,312.053243076219189,38.128376833411480,211.854065951652274,82.181100624605904,-305.940869235476271,169.874373712344493,202.153904501444970,-114.288841425942451,-118.556060255621574,477.029250764516974,-292.453763727876378,-95.089034755375280,27.235751842464744,-113.467853871355004,11.548594714951571,426.142309517178603,-296.109514988169224,329.779027304246085,-478.257125134578018,359.124683908544171,-218.321060954576666,82.380770606000482,170.835885443518777,722.297878952965334,112.027436230409720,-277.092753808901307,-154.399954858238885,955.003176370204073,268.670702264963722,251.737556298118903,484.618347510726778,162.901743422865422,-336.847224038562501,-243.377748209698893,92.359918005603362,-628.241286890494621,-87.858723613614472,216.707126745451859,235.253522310468071,387.465189414850499,382.032234607396902,-154.941094374298331,321.471601509834841,115.980876287786700,295.818591789097411,-13.502626106255498,169.446504937699984,623.038388614585870
-559.976512145731022,-318.268605245880337,-71.554733650377770,173.648839971775629,275.594772828529869,212.484677986935054,281.470602617521820,23.368954296650642,-29.406597936483870,-461.627859069169972,-228.380644376090345,-27.937718852136999,85.709250747215293,290.215125191142590,-231.896062555846640,1137.574863549382144,265.754260395843289,-629.815976263491962,820.618667372999994,133.771436625517424,-150.544819264176311,-166.126901434527554,188.015228217334965,84.593225557075215,-114.682752467866365,198.938193215472694,-91.862602382330209,210.837202920103294,513.972407609336187,52.574398598730397,-171.995686924465872,108.236863839285817,-79.300891320122631,574.606298705408904,-53.747251354204025,252.590045975009815,-299.178162501173404,-157.202442820919032,207.645961911988422,296.628538699417277,-395.241059713706306,613.578701714710860,-486.086659273360681,-163.121516136022507,87.571071704269499,235.305703055544313,129.789717928543325,-7.800278529704195,-571.426823982847054,413.668460236178305,-10.203858127097767,130.352704935729832,-178.609995662203318,678.342430724630844,173.962321276066348,-351.048838606762786,1.361841519567802,-464.315052114445223,26.292644948773773,25.122037095123133,193.798388719765427,-295.034293527939155,224.469839669717743,-68.716746147059069,-607.640798575556346,400.813658002962825,-78.388390426342767,-247.214489327581674,-420.518534904295109,-206.521738140065025,476.989071250497602,77.907409893889877,-1028.967194648928398,464.477543436423048,-554.465436194623635,317.540068929803681,-127.705151042215775,-51.820245363384295,-274.189337746532374,-91.645353353486783,-456.040102319049936,310.910692928146375,735.583233857752361,-133.143109448166143,34.651243637481620,404.566005204768089,32.712095868411645,565.899452381070773,-251.036011361112855,839.835916074339252,-38.125502730851892,381.384982471203273,-686.867381109221924,223.756295838221661,-94.635484225867685,972.375629004703001,-66.885725345852862,282.179310391447359,329.593812272240257,543.926161733713798,-65.306356612113348,-170.606536360830745,-785.019330243853915,-617.801807933878649,-417.167193750449314,916.463936517979391,-504.357527259198775,-34.509591232015417,617.992552638868233,338.935304684597611,443.705324443558425,-963.217878425137769,147.174946531416367,-131.397332832802903,497.937860471276508,-330.381027409656497,-606.496855246508517,-613.983949974042730,-337.334657951262727,257.582726642808439,-26.051197787639218,-110.117941331863193,-236.162344321442419,276.509334523015127,1033.387287373031540,-16.294422376863110,193.780912687967373,-5.238781263208143,-136.106611539539443,-381.034823008590251,596.249252963387221,-131.161804885385067,35.005750478947625,-193.183135092496826,41.898032074272621,290.584937609391432,-151.499530385681709,673.118786036037363,-261.104506427224806,-559.342802074038559,579.483504717437654,300.161446076417747,325.598694462985463,-376.023582554851714,273.428858266962720,-460.710749692259924,-113.050751683844865,-224.077937813762787,7.356468996096376,60.286171576270164
-18.257706189689216,-721.109074022241202,617.177111437662120,279.967472647434420,269.387029557078790,845.471793164430437,-50.181955972131234,681.897062849632221,488.306819433312683,-164.001389649285670,-687.029045318589397,-469.997867398918459,480.659764830435506,-71.701342445581872,-30.313126095262419,-192.738287795571864,-361.801453573490448,122.975497700403764,-626.355279213214658,-225.647358179303041,198.032321545077366,161.101101546264545,483.466099382174377,353.230687393739061,334.015843085252868,354.473666415372350,86.886121132352471,265.635900897127385,-36.549691400167951,-304.886217043421823,173.557770560104785,-180.768523103830660,572.091806752270259,-272.775114945487246,72.117279099083859,-72.324349641911141,-472.176204769530102,-222.486551414942852,-149.356710573718630,283.379805903193187,432.368351162001261,-231.932428739746484,428.782249172728939,-570.230330430682443,-480.010192840251932,416.882863758533745,-477.818609469061926,-48.158574890862575,-544.243546222556233,130.153056399553691,597.645132612904149,-103.971071622730548,143.068631202296103,-239.519314997589106,0.585885431825282,395.274886793059579,-1051.180054997913658,204.378886847404090,-228.616932291412354,223.365616094689813,-449.134254713597727,-628.296862161425793,-58.859876743381946,-406.723220361096139,-265.227235916838822,-42.545882745127550,-386.094600197713191,367.851393761892098,-338.545741226482733,288.372912750911325,727.588440417250922,359.387754664622776,667.608620128772600,156.292895826464246,650.042105613204512,-213.254855470928277,-499.557500660146559,-402.792581530743689,-56.893221672382367,-588.939243056633245,-446.892549058299039,943.208102707615694,271.378325872860501,-65.167057603971699,196.870714722259265,-532.706078864546839,113.176028756764481,502.734620486093434,-54.750214391337877,-454.426629586484978,-138.309441432803141,-918.952215077928031,252.906301029543670,-360.707158419319001,96.617926109406795,631.860392220858785,295.104295067654220,-283.371475578705429,-474.628380524576471,-341.247102059650672,-195.328601586312146,126.405525328220904,-364.579145249687599,232.354522775809443,364.924651565611953,-73.752598741776040,59.158136892599863,-453.957149361434233,-356.998592942034122,626.240598706063224,-157.789113420130178,293.610462234980901,-47.973479545411060,-108.372107831570347,-27.861239322129094,-277.845135490733128,-816.539072870157497,-228.896495157286552,-203.519822799117549,-396.895696947073077,60.424186728735876,207.159261338019121,-430.168866680374492,-399.471065533758690,-366.854646637261624,-132.872572349455822,304.901796120805784,-23.408527147172258,24.810061374608878,-629.963420097739913,13.751855684545639,-112.470483889740535,-163.814327519829391,326.462518419390506,-346.263194927235247,425.190064458038421,693.010117263799657,365.201126552714413,470.002645046631812,455.720980081543360,-413.813853415607866,25.283175601383689,-531.481664794961944,1351.711069755881454,-7.040671170441811,-520.442978425874685,25.649963576188782,413.365949560379192,-118.850407681259156,-163.632523219423490
-558.057067352268291,279.684994778616158,-126.037407273155736,-455.860186720118236,544.461378359567220,94.232961652527749,221.543575678977049,864.554897678466546,-352.354206784897599,260.058092430043814,70.150351838871245,-296.944739322689543,655.150244351681067,-475.958090605618509,643.865937999443304,800.268883911471903,-169.097009240017570,-155.633158975772858,588.931809861174088,92.089721178892432,-302.276247101951242,1064.104635171911013,478.518846526320544,-471.272372387725511,146.148917767223821,-282.752122220052570,358.189094834812636,-451.858201058470684,-161.200337599533754,-393.635498850820795,-281.581387977290944,-123.407575637370144,375.549219854414389,327.618891452251603,-702.430451967990848,321.683416773721831,-635.832079288428304,399.594869981033582,567.087129202380652,598.985499153128103,76.774725442052528,-264.264020201866629,-59.464511014491755,-186.421755340118239,631.534735435058678,-164.908018466098781,-4.704147908958525,-378.918025380654797,103.734908754686728,226.652844988391394,-237.198713849803426,301.442119957551427,432.760197381332318,814.603556625891997,48.693524175456275,-50.675263929264169,661.679976970355256,-678.745332219899183,278.249579533677661,190.343587593186044,87.258818979351403,233.068421910168013,-404.733954026905849,401.809827474248266,532.534384652961762,-84.281487745534591,271.202105128673338,82.892943572675222,-564.507710236339562,13.949916399834876,-261.888660501184177,-57.142406624903032,108.377108538222842,268.534721719600441,-373.553835194947567,374.368342403534371,-459.907743154554737,-222.953060964254206,-247.395086366836779,186.570504848496682,133.348483826057276,851.877789918383769,1020.221887514534160,685.376276202262602,-226.085808072026907,418.559250337605476,-292.848423826861790,-1153.673689472456999,-197.077228184861383,416.124141568474101,783.005524451789142,63.406471590490767,-65.943417462068965,175.422357380013750,-1005.152779571649603,197.678328968660736,-159.383657124741092,-408.655746023391885,409.458220345300731,309.123830161062642,-104.637656110050557,201.651622840021645,359.876020145287043,-186.536614010593155,-280.805644994163686,-1135.432569438577275,-494.347536649376764,177.604791526273743,-127.363192781169033,-159.399026097419522,820.708970272015677,235.492955697732668,482.394798051809289,126.535572811223275,-717.170126010284775,506.557765716062022,478.204065648359631,-498.822378692958694,-1.686360559901875,-99.872021397902230,-188.502048606115721,-251.548279549249514,-537.836907830968244,69.492143919762682,341.137739549562696,1186.943872467659276,-607.189319465044946,-674.903845682783754,-316.561069917042914,-483.517137981068572,-782.385478714208602,458.441310883017309,142.416267557385538,-367.048003849854240,952.219588793527009,215.769704543826862,313.442059161212967,413.826079173671644,-366.642471011641987,406.359958450237343,332.900454276083451,44.380599818859451,-613.423844613618712,-398.806469857410320,418.659410998742032,205.562796458643788,-770.983267209104383,551.990211780595018,218.127598435003165,-261.216529371441368
375.616894055210309,573.733493810122695,103.698689161236743,-369.380872776635044,-134.814094095636477,-267.931961927686814,-251.900080918485202,-503.414626973718555,-8.804975185680570,212.252752245521606,69.460695418190596,100.479865719722241,233.289292109057868,-1540.687912492948271,542.735274097723050,-595.824767204524619,-564.321070436117907,660.531718071553769,167.824657458119390,95.345746724104742,-391.907496090379766,-269.750476069605156,471.990703610231435,39.399205645807939,180.194340385703214,471.464923931919827,-203.234858341297581,-675.550362932512485,285.536801882817031,677.635701632694577,-222.327555938737930,-91.733906203776911,-399.637657121119616,322.803837431203135,-510.196152252604463,-903.494897603241611,533.643905227183268,657.100952431389373,-91.177326126109335,273.474999543797651,274.663680254978203,40.551118406713542,1140.866886149191942,-823.760599707830238,-626.421950028684137,-532.610189252167288,1090.449571888071205,-81.075530842782399,590.632947486353260,-81.622737022565119,-2.186192933554609,-295.359645877216508,339.518103305570719,-274.287588127618051,-429.096646276890681,-758.881088151975405,149.841986576609315,286.706132884140231,344.196025891846887,320.751013409885275,243.533776665910779,187.912963692269642,773.839721734799582,35.665124874239275,-58.282551815738657,48.422092170276585,86.676405467610110,-386.717961534128506,184.400725003222988,295.343352099755862,-115.238805806423827,159.043410923775411,536.898397308788503,-291.478983807245015,-8.671491113151976,405.918633883325072,-225.292512906578395,-59.623943093412265,580.192648248943897,11.652601619509117,-203.244986588533777,-497.934211192657699,-118.745364416921575,305.362896343872649,589.508458688725000,646.494191511055874,-546.111715957639717,10.952928881209740,16.635671915031228,-216.627161211744749,269.364141533444240,676.015180442496330,140.933582905208283,733.819940462121849,-202.881948575721765,167.418425750297189,602.321333103656002,-610.318296903429768,419.707416684257453,44.545039279062799,596.053740382535352,-1241.395419971701813,406.633405369734191,-464.372037884326005,231.549811228782687,-222.711029983356354,-215.347662554312166,753.129666237338256,542.537315622341339,157.709553652046480,177.742493093815654,794.673129285257914,176.623045361174718,-372.191500603006716,-208.453921823343990,128.561210820843996,708.788596098069775,243.037904662436688,1015.454735305984627,170.612279791248739,-545.337286480071043,997.707764122302365,-274.890129328722082,-466.335570165039030,-89.304777695401967,-761.557039961652777,48.452921818699259,-680.887390926720855,567.876608035420986,-806.695090513879904,340.655674513205781,-596.043767608417397,-385.156498020669119,-387.448427202182984,38.387829519431378,-213.274013261160064,-616.785458550545172,-13.855489808449541,1025.869578458452224,-111.207721975563388,-318.624724511663146,297.335568186285400,-227.169586497450297,-198.734803011943683,-187.429282571685576,-183.334713104306331,-311.155353495985764,-529.496613181181601,54.952017085531637,-1051.163711657865633
-191.821569081580407,-681.091137372911589,133.778692720051737,-133.528679185609775,-471.626285696304933,-188.826508317573797,366.825395439832846,81.622710234379610,-330.545854896417325,292.864362326494927,469.383072994103657,-240.733651876440575,-533.455111323611504,163.023109303167161,-398.641733186210445,323.253169017758921,-351.866109284561105,-362.204477828241295,203.070624683068871,176.113918155314622,-44.236350096936008,255.641371398063228,148.488794029919205,-18.191940692087321,-737.579635141116569,289.728910445842018,829.493021448886566,454.797625018175495,-83.796806767752670,-667.996221065215536,-228.689386923007163,79.617721792088020,459.802023541434835,-150.167659028567471,-633.952536855506992,225.863046491681786,275.713941274140211,146.778408768925431,72.408670187461624,-996.986442871119834,501.346033191734819,747.827845382222677,284.327179587402668,152.773886160524199,-531.228080946064892,-625.290423378935543,-938.145017978959800,-363.407762309309078,1003.014380687389576,-405.319427677666908,-46.242775207239568,-160.690555073296508,-98.164773497896192,-868.239909296930477,-490.271880708729668,-262.117531609023899,-329.339946077208651,57.455374012865803,-441.470118667352665,104.461473038781250,334.735601881072796,-192.778641746278311,-172.200625664569969,-637.374891573089599,15.881426590022825,-306.527218009640194,655.655774588175632,-167.474233897718619,-174.393663190646095,3.820953404725191,-485.726341613957970,-81.584830338512901,207.599101705722887,-509.889558609906089,11.786852454993612,286.907668755304655,-142.921216288998806,-421.961089889244022,971.315983767837679,115.225853411930643,367.438581760902196,21.456435634071411,-505.167846300213682,-370.249035827756188,353.183483416274157,-637.802363538182703,103.027229541767596,190.156308535418191,-362.776015522219950,-991.407789546767731,-256.885364962050460,-26.277886798014443,-773.444777340042606,-752.611887781699920,482.323922199838194,154.180376829726669,223.332332598887234,-147.176431040205330,-213.642141290288293,-410.174350113739138,-497.639270922849789,243.442487795378412,228.922282583325739,565.847377497007869,-229.781032071966251,40.178341415429720,362.330972454355731,-26.538503046143859,200.570152969441637,-16.217152176918837,-703.711355812977104,22.623226075437159,495.263861472038911,-902.367167400401740,-544.138650269825575,-533.665564513857589,-115.323376781722345,195.638113874464551,-133.169063709576704,-316.059679595032208,-102.274555830379882,-1.696259413018792,81.463437605608817,-23.051471965575324,-95.070010767815958,228.815411104153100,-314.781662425621732,-341.138544223971792,340.275413980928079,217.309915928538601,246.326888651331927,294.964772416925712,-415.836884998568848,359.241147195870610,-507.161467233633687,335.597187412186827,97.208948333332486,-771.472766909759230,723.503678227730916,153.246917457937428,-102.131218871879767,122.555002589364250,-685.215217585462028,622.122491354423232,-249.111670740811462,-205.109775377802492,582.692368986201700,442.196053583065805,-40.755057971767414,-210.378585966784073
-218.815066002403597,-20.960520016150753,4.158135875056264,135.472095615737857,641.198726639204551,277.730607685288760,-767.564118652870434,463.521732230042289,-356.655398444319189,-5.213660466779160,-211.305814488603232,485.990012191131143,579.414606367562214,262.677369753199912,521.137894734927727,-380.390321769701075,13.437664519204581,148.660870496893210,-498.776902845355266,-295.837316247986962,-131.866636646148720,1232.069738324438049,-97.895700777499513,298.262459092722906,370.486932325563771,-554.496079798599681,-174.273636514610018,420.278206745934085,35.320669598834868,270.076899827488148,-202.010318223906239,-354.620722926023518,466.709484162118770,42.504666390560189,591.256667861336837,545.903082741654089,-84.270806378483968,-35.279643389606562,-35.718939115122474,18.945552175744908,660.618796436840739,-217.509195932579246,419.456182242549403,227.602417029559177,-282.219760071884480,657.018264931906174,192.029841814726154,57.365811287526114,254.366643229900490,-610.899240415606641,37.418609319197458,118.919903564008166,32.507638595372590,392.911517421096619,14.470386028031299,-71.590465245739125,129.700800076604395,-214.731200447677224,223.415056219963731,-780.943084985635323,-751.139678371613968,-337.503667856370100,-75.475134234132355,408.348621867889165,199.844561413327227,543.088246776994083,584.777321650023055,-321.573794847709394,-599.954865559914765,-363.378811308464662,179.300764357612564,-146.136213811473596,421.024779212918645,135.705415903137066,125.736221677795101,-1030.426929536833768,-181.426024075353041,476.625923645465036,468.800050965723699,16.298975872011066,-191.084309187626133,811.525847679437106,-138.362522786468872,625.116566523338747,-98.251192080918997,169.787447921134742,37.514654833897048,519.709598612431250,-345.647196025666574,-236.360605681990592,148.993690462248793,21.091791179128393,-210.117141200775336,-364.553753778460987,187.377465647259413,737.639134049591462,-177.509487868020074,-674.331331628200132,72.659519610043560,-477.965781648606310,-872.603647989109959,406.930276445447589,2.017517327236575,-436.494298013917046,262.873391449642611,-384.390213031700910,297.431862684056398,-294.896592010272684,-202.620509518139158,519.387591579810419,793.226039772808576,684.743515156206740,89.224215314176476,803.870584557096549,205.018884627422665,-49.628010759473483,546.334818478661987,-636.475947093440709,-165.687751614386258,-40.608216258190510,60.236124396379772,26.366801644533989,-297.985502700726329,219.984450450477624,-326.892348504744405,335.475858382530305,409.261072347413460,347.775068589476916,-20.449284379330805,-576.712828486955914,-272.393055760367815,-458.414271400182940,-612.959988773079203,-226.970060832963838,469.024712753095741,-838.206219925831874,-50.427141821949107,518.672679586646495,-2.804987718971446,869.738554764714650,34.730819229180909,-732.639331738459305,116.453094645554728,-360.979634728425481,34.645050106312624,-330.092217323258581,-827.436736285169786,408.155883913725745,-254.177982286100217,-460.122372190141618
-192.525858733439293,428.757625650474495,187.728661207561714,-803.538214567300543,-516.148203355564306,-821.994164944977683,-484.612215533716380,222.350169429695825,-676.561163020116055,-518.368994686333508,559.377230582401239,139.451549159428509,-319.231726490675157,-37.328172499794682,-328.223966857206790,-658.801576800512066,-72.894606664119991,-95.781136154169701,-182.628825299647417,-163.548324071664752,-262.391615402729713,-625.073443817838665,90.292834540251590,795.453462060771017,584.677336824292070,-235.391330929632744,691.530797324352420,127.745281984487079,-350.609862353723486,-494.669518790007942,-630.582052915253371,-76.026022913759945,-571.584473926190526,-11.553006133901217,-12.572348233508421,259.492994788787655,230.410845698600639,-186.334646219926015,-327.626871625247247,-225.701328282989238,109.948677165327041,523.579855466755589,366.996320579696487,91.463960873250088,-748.855270878511419,-0.183708632140231,9.460299978323601,-315.452265298144425,218.007625330394262,-38.669239416949495,240.020584807807552,203.537664692065221,273.380657879369380,-479.441902303800077,155.577693037708997,-615.059918150479916,-72.361575473679082,-298.545157807569069,466.891342757189420,-155.050614370033344,-31.605855337502003,110.192544893857828,-729.977367304965242,-307.090737636980350,66.317183253844192,219.022138570729567,-98.375018843509480,-52.881514145378411,-275.951126732344733,458.470608609510577,296.998988759147210,135.129082986320185,-95.380212245222822,54.485254201037982,-568.315016855257113,-50.634056828301226,-83.331167951679490,-230.882703666838296,348.790578517929873,623.996360862594884,122.999059618890783,-466.901684327097257,408.262105601814596,-9.431478816355234,-334.237820476004913,-343.102430854290674,-195.972331416706595,146.883057882511167,407.283414068962486,85.391379024031821,208.599565000432534,743.326563081169752,209.210763419913889,-122.893483767521133,-563.310977206196412,-821.259397041896364,342.494501512942236,646.034564800163139,153.414175395222628,-30.967709273638025,-560.654516291988216,-26.630313984815750,212.224591084960338,-472.575047646680048,440.317380383625164,-212.122240996299382,-319.546340442802773,570.779728581096492,159.450605501847576,-91.148335884309574,392.033008799102504,1141.922457294321475,-247.082284193720596,120.485693365997548,-54.538986022258769,239.003755735702896,-305.579931352126778,-419.091302523382126,687.340370596365574,-165.761884826963865,21.345480485424481,649.573392604831042,510.768818331090529,93.335871175163049,-610.014023273652015,-38.664441978688309,434.625567722567041,-137.818964485406354,690.967189163740841,-598.424353131066141,399.573222861340639,-561.981386968672382,114.126108632103907,383.367808012023886,37.761056039323272,-448.335648959390824,-453.936351528814896,331.747982209005499,830.219421409992833,-419.327650106540204,-158.576018169983769,-780.231941085490689,96.977215860863282,-1053.090759215016988,231.191648814072636,24.963328658048500,-172.893266318999963,-231.539374096456839,-500.817435308218478,-153.124350318777118
-505.088124080732200,166.247039041837326,89.821858768069475,-208.743125907219422,100.128192879058048,87.355641300742207,-871.078262012349114,113.003198772498408,328.051833508071411,118.662345718157525,54.599167670975916,-19.824041341195041,28.201974196853122,62.913958448180892,-185.054140333330395,25.060179069422116,131.500474312463155,-313.216912523909684,-154.081403248028067,-130.199770659878368,82.312493676440823,509.324984608424074,-155.182436279008812,-30.446923887796164,-477.402370755861057,257.681012930857378,176.690806887988316,-123.496323006060990,93.179699742297842,317.332449868535377,-695.722123712435405,571.837684859582282,194.929045436183003,51.982446018567373,-161.872393139379028,-139.745048317133637,-477.899060684876474,949.918131889279834,454.154148240316829,-822.425648625236704,-824.179856471194626,159.537446710054326,35.546206589479958,764.632284845777576,27.058126197269971,15.457546927631839,1030.949468221540656,72.706186074127942,-126.903837585186864,-349.147507482468029,-410.537505374459272,-720.475120791281597,-105.999096804993684,-347.291779819547799,-805.228640691382907,-424.803100943631762,-129.063682985436003,326.644881771738312,369.399555544950772,194.352150986396651,-1045.307039173544354,174.035648114939164,-411.883762166858730,71.946540827616076,446.036992714497501,-728.350264486429523,-47.203151395210874,142.543613926446142,502.501398069699292,-322.071444341654455,661.027176001245834,186.691374039668034,199.989027639551040,444.319632069103875,2.874279276844206,22.098198417037771,293.666898335100655,-526.717255777963942,-663.569578500752982,962.310687429513337,-294.850456911348090,-298.479324510213701,602.221143964258431,-144.410162026390537,427.615767727400851,351.679915966349085,847.153497508307055,62.374332529599251,-86.345728562131058,-30.063766998852227,141.864426158790451,234.027115715480562,86.297803720421058,52.970837877260180,-128.625585089840143,-434.655805203137049,-121.004308758810168,86.884026161778806,8.815296613210947,-236.754206748501332,460.749573346486670,-110.817655767375157,-142.947095746870673,-445.482855352131082,-219.762196240255008,-103.744923754630349,-302.319444718477200,-101.943181354553616,97.435233670764987,222.602458175275046,-612.820946475118262,312.485007536062597,533.242287838928291,-24.407930881083267,324.804716655393520,-387.770361787608294,-389.123686473230975,854.547936683664261,-365.666469972634843,1641.945703287909964,-592.853089769914504,387.309089991349310,334.497961905958448,-207.412982049116380,369.789492966344824,-341.811426737461488,362.533343152916871,-72.864683940158187,443.416663437967316,-425.534585148077838,117.853341969460757,42.259031572575878,-208.125958370179092,-400.415746544165643,327.465601076890664,85.262112076890745,135.046334945398741,-26.008682463439904,842.608444631246584,-7.218682712302890,-671.833751945672930,474.889725394729510,257.452202751045547,-551.583052786893973,-135.410107281540832,-199.782388803092601,473.502297998765300,-718.794065046980222,663.435328634471148,-67.026616861269048
327.793081885272443,-147.378426779851395,192.329429224997398,354.356657990768099,335.627308358907726,-221.848655519960232,-140.938381499736465,391.670436558009726,-453.642719581835649,64.805732584001959,189.838853440358974,45.840766518495982,-121.704839393672273,248.548865700472788,-133.415734947250996,-991.981144950563703,-681.119265967237766,74.424649040736256,676.939528712792708,275.514202991491231,854.416484563964445,564.794373948844964,-98.438447199561722,186.176745345194576,-188.606410574582469,121.448689196654158,-99.661915184975157,360.918645583134094,208.115237910551798,381.066553394193193,280.158441280319721,-93.104311514614920,399.438695341684024,138.028316821224195,-300.285711557169066,761.625822360685675,105.954872356496111,-454.258039082715641,-227.998941717991528,454.326933732667271,417.115253902370966,-94.181650308399767,19.637785878193533,94.221223694970774,-403.039796220619451,-193.862565939628723,27.099691469790180,-198.250597611757826,656.177371891479424,200.546722302483630,24.111417043774352,-505.836866191387742,241.679402690051518,-949.473083194041124,392.313060710705201,-59.530592322957105,-171.161765754986106,495.674823631004813,-149.111008461878725,-620.977218537469298,29.531789167028656,545.854457528922694,613.443670296205141,-201.233888689952352,-388.957020627131612,419.470992628906856,-341.332021596081120,141.244041833565689,-276.588752139473172,-982.496487446215156,-325.786608182931900,-428.697095891921094,-234.288796802198760,8.924696399590681,-33.377245004872833,-245.164835702113294,-165.842705051634056,-460.363912090181657,-466.420855077256817,221.685140242407698,453.662832104301401,201.941299427432170,-75.685353362046101,1043.103033688264304,1025.450604891187140,-424.046696918628072,-321.751502932166147,-592.759523134973733,-426.396927424622277,-471.053318593676238,153.984056284793411,395.841848990925200,-425.258748892425047,280.519344926015833,-91.409204460101819,160.076349663788676,-484.244704515446529,-350.635187815617996,-127.376970381144815,-358.927448635809753,-26.581799834547098,-145.649318374239527,407.823914829575301,573.358401986722242,102.335639678550095,-125.019934288762428,113.292930048027188,-114.069397018593818,-202.818439058931887,-584.012737229863774,310.794340322498670,201.815072655096799,886.284494175867280,-563.581535023065499,-273.597633040665187,-178.636491808253908,560.724536001289266,-153.619835101435712,-594.523428735187053,394.035461660604938,346.064640813597350,-245.350845946579739,11.625663711919024,196.043162170799434,-471.726986697190398,437.515696610929183,-605.854665059507397,-111.959311377494856,-67.227634728847988,-264.815009767178708,-407.987094900924546,444.892161211839209,236.084780946277334,-268.993578749254993,260.017399100084447,-167.444389913053499,-758.123225558934109,-296.775024185019902,-96.501481915921204,43.533541182865335,-399.932406454889531,982.602973153571838,158.471695022096043,46.810827163418232,48.236537567542541,-269.053651164077564,-120.127953716660372,287.569538410101245,52.744990556441650,525.676410460650800
-143.568903711618276,-111.081258386327121,295.171161782896149,342.547028387971579,-616.605795109121004,-699.769618578282689,701.221737404486362,192.993496900110330,-214.653093146450345,34.465784056010051,-47.187534846788559,-539.166201699167914,136.117706233144276,-343.306187659641068,259.300116872499473,-194.171552001607779,123.486530589374823,-110.304291961209771,-1026.193178710876055,-182.578573029672327,424.816470060829431,-292.103319856146641,-168.186749638022263,-118.403111913028738,-169.383218844039590,-55.961264422189672,212.719667808711932,-187.643130637553043,-144.445836973010330,-845.800199481086224,180.291807708017700,-32.116965032917584,303.514945027960664,-426.439367107960663,-292.451613681180731,-421.334089062009298,197.820160955279789,451.871742148531325,267.491718172846390,-1009.464919170979783,-663.009674002711563,-62.950581810515430,-255.946055532257105,517.852459911582287,-333.143402912752435,375.493163097261970,-483.107397355145565,-70.188084112704956,-220.775948261066418,652.299817771203720,-561.655229945786118,-674.093606586621263,-459.935244132390380,-148.959251746649699,-644.763822929147864,-1098.005465039028195,422.844558811981301,-265.524949568080558,-80.174052568687031,827.774908140746334,-222.211183138432631,6.097318164488190,-638.750854626724504,-118.396151212135862,-131.762447028976169,-363.117863709812639,392.431351827895639,-472.158069214536567,-200.409168025653599,-173.564957896757448,277.277396305063291,398.831799408165807,-68.254062762031140,359.486669559203619,771.318175652300397,475.570788044965070,203.664319660516298,-111.077666370249574,-26.348842803138893,233.740009480882804,340.805315502202347,-116.684317237281419,-112.464741262159379,-225.096122254786593,438.570561476042542,388.309748310988994,-434.451729430411547,70.733871257529671,-137.724520802881727,312.007415130436982,-88.073930167972293,-523.872504482848512,262.449733814220053,126.637746153311298,503.067856443670280,252.405874684472849,-789.290575372142257,-624.275215981258498,925.264065577824226,-163.090038195329328,-254.902546818719600,459.302718469295144,274.342156622056052,-312.100311091469905,-97.526539830335381,875.677719991692129,-97.480889781946274,-388.173446793042501,-281.646521096737501,368.643044171749352,97.662358924387590,799.902635004173931,-186.451751356587437,-196.692839985136771,228.529102655571364,-603.069489591380261,286.030023641977664,75.987293161654733,-421.486237703213646,-129.459747108324137,-422.200918147918571,652.597204662245304,937.468224609829463,9.295528317590303,-657.007806312981870,-289.728834284051914,709.206707374302596,-65.468192024535952,-345.763154516635325,45.717531306440208,764.763093159877258,-239.197066712689860,-923.468260717215571,164.309726612424186,681.493833289125291,-407.196800885208347,462.905656672966245,117.482164784158869,394.999056225512334,-184.839079633115830,-230.987117761170168,441.842880248064546,-199.255533138849046,-636.536514648913794,-466.731917102139221,-453.072196988632300,-296.789861784159029,-456.924753652685240,-412.532377787135488,237.503505274526475
180.469254337175840,97.661721653875702,51.017930756102672,208.841307396054702,-444.475818227836498,712.576367928526906,910.999245236460069,426.900338347159163,-262.861049520401707,-339.132453448700517,-122.965303020793456,-56.308201279966497,141.336563466250453,412.829715923804372,147.755809944919235,183.423096701220857,-939.158782354632308,1028.481371785239617,292.648682099034147,-352.095171727934371,-461.706094369901450,-133.064323583638952,415.339946474654198,253.999601077694791,1123.543092685699776,748.724922128366075,-541.230475388179002,577.975521647841902,314.011941161206892,-108.483702554699661,-255.899723420086616,649.156400297030359,-193.416411883751550,-103.745647996085239,-454.439161844001717,-180.455801567931331,-39.174001755919839,190.877816687424115,-829.160980444579764,-840.021968883235786,363.225232618581401,-170.390616141113128,201.437923554523110,-305.242425601279194,-446.831105784163299,169.839527530270772,-407.977613744233906,239.446502902316809,112.147205664131064,142.046214712471738,-117.836789328210870,-301.328090035910350,-645.686489391012174,-156.927636144222248,-832.544631046678433,-745.575632432008774,-27.137825050342016,-676.171838887483659,199.703598759356396,852.189780169722098,207.598408557878543,-689.642919949205520,74.585580931981141,-338.214058168441625,-470.880822915966235,-126.679114818752481,568.462148202125945,260.887614592400837,-282.739860692911748,832.179814578010564,670.125116476038897,777.514920633464271,278.670304806035460,-332.665204432071050,645.191203374927909,-625.292592739299721,507.486599136493680,92.638945167080763,-50.143308614557959,-145.277501141181119,107.687061186028615,486.707030437180947,-564.086749268831340,-818.129324177761646,-553.951844707151508,621.626637090649751,26.680438890062351,-132.625500533632362,-334.629469115401548,226.344584758136250,-222.723319187302565,502.004558546238115,642.098369815157866,237.871447830228618,185.359942515324377,2.006253933267285,-327.759773716431994,-291.143881263197102,168.221304959237926,-138.019378214597140,-19.436360758458086,89.422176259734883,-428.662541812212169,660.969485709740184,-313.272124868420633,462.619550323035924,1111.158454357189612,-987.835562123012778,239.334721400751135,19.436158008409439,645.019036708167732,341.710224272131200,66.740780450511650,425.548653615751334,-250.536659168237151,52.305958680926494,-173.728179089001856,-160.527590766075832,98.925325981198924,684.896765766950807,165.018954767299448,439.560711122191208,176.538637394733342,-862.915460677034503,24.526286389431192,-746.907016457939108,19.104733776462080,617.187569745059022,-782.004942816740368,745.088577219815306,437.114246215465130,-236.717008111627649,-181.501080750340464,-333.578140770024618,-725.677655296204421,486.066641350097882,197.483720966828173,577.015193257613873,568.693686086065441,-59.925356310247963,339.068760658613144,-804.305736594314453,-36.004096395550661,21.499896312599446,-507.832338063179748,-386.085607972168702,-346.490454840999178,563.166825933349742,-97.040487020353353,-510.154122058983717
-897.028210735270022,-232.799705630619030,1.626064213168554,380.187262783606059,3.053897682304497,-192.145362316964224,716.119231201556545,517.413754918975428,-253.709022710600721,87.072330939806676,441.688028257318422,-566.908721292561268,249.116551742993067,377.301895542885063,220.140233568666133,-319.807059663429982,354.645056641931092,-607.743254913177111,182.095126777802989,109.753570187135708,104.777793772891300,-27.280398675948952,277.378935051284031,449.530373891534225,141.181463555649600,635.763848896226023,90.078255435185838,237.285367418055813,474.041208931780375,330.024540299851992,677.493983172298158,162.979331335481561,156.804680768161859,-232.182942800812810,-294.851635808317042,-243.341851638318190,-577.980934124116175,113.839919590398466,169.448548946175805,-40.759636898514295,-133.110641621436542,31.016852266841710,-276.199026038701788,-604.762127795397532,-518.644474158646517,-758.482169106108927,128.894869477959958,279.665734266819015,-35.278803566421161,-292.524957048906174,677.272973768990369,290.173240300291184,550.868806565681894,-110.022999096400227,553.869784222483759,63.595986651907076,198.334346554719446,-116.484639379423939,249.511343464498196,267.732339628779528,-341.648157941845625,266.469833669367745,-34.499492535748118,-116.152782060999868,427.210140597249676,231.430115763590209,-351.610996740363589,239.173012458267465,-349.794758851729739,516.230741857799899,-47.990371712698909,-179.888445288507654,500.529459027572500,149.932241316816118,386.186645405967738,333.433896909020746,-53.659415644468680,-79.368809264380786,-169.202672269849160,403.329655680489168,-522.873523975614262,-151.513839228612937,-543.250156652488840,96.790060385949545,416.007585159429482,572.668090437931255,474.341995389301417,-759.212230812157600,768.851493962966856,-140.461054671849098,-164.070605893644711,61.379620480361041,-481.198569858096846,153.686130176473000,-234.643572771300626,720.342747445007262,-592.204846882936863,-45.075350928976775,-188.004889717041493,-0.524902013319981,-190.667130967388687,108.024636733111265,-79.568319171597494,297.520306943590640,-9.302489655011019,-498.445343546505569,24.081685736034501,-517.553820739897560,8.564640330192923,-327.573315104496146,-1004.550314695155066,423.144805897497292,-360.577058715798159,-441.946099995138695,0.237903227878839,-226.715576764088468,-727.467203210798061,-35.385486875973548,-49.262759557921839,-193.565696725238354,165.830374194160868,-43.442551863709582,32.907571273997050,-66.224840991608374,-112.823647194845620,-624.709784520265657,-298.583428093883640,-140.710421386947075,201.411710631695598,-322.728702289456066,-495.802695953251146,-109.891277511676819,-705.420024519143908,425.875638898413740,-166.666885718301160,495.918595640986553,38.773111942172740,-550.686280764259322,118.054889622246606,863.139704175478187,-589.794923737520435,986.391275545001008,-95.840408134578595,-142.867104035533686,-769.475091627274992,-362.495049076854229,-121.724196258595271,-39.108571442875068,573.497973015123875,-65.998722952244918
6.401531156943140,-546.971984477038404,-736.741413208016638,198.153765260712163,-1.048883797139764,-7.172234741348220,481.278951378733723,102.061955091790765,238.224697926907737,-221.538744216057097,308.063807312360154,-713.950285274285989,-79.260859285895449,330.211788847789933,-409.591032945375105,-217.844617745821267,498.886616992598704,-456.924358854850311,446.826077100213752,-586.494126119874409,212.364010164031214,731.723364569911723,-331.306826066963879,97.688842306149212,-620.385123451936010,90.332301874898050,447.238099435392826,278.120818973638393,533.534424764950700,-691.711999603253162,523.959097741082360,-271.693959250369744,850.994140917430173,-152.691210529209286,-308.556911442607657,83.726794395153902,-440.151898484378989,-559.621551038164284,538.137847723225150,875.872875160771969,67.264884039213783,-211.864131691816738,52.638852219971191,891.001550686584778,-282.255810852039360,-687.502439645719164,-410.004730680024466,33.762072394591385,7.080893818836493,914.472308735917409,197.809154125354780,372.479708820297219,-222.277124805671406,298.340951597802700,486.061574419142630,675.541250545290040,181.833504433941272,458.912568513520796,-71.345453916324288,259.064715007799407,153.462082275990952,64.833333026448344,-11.831309907768389,-495.568548585539418,-153.428588535128796,-163.188998077379381,-92.049502520065502,-833.120234893178917,253.299280566674440,354.840863536525717,-155.800685364941472,-79.926252726800357,-358.623748927022177,726.759707162969903,-349.914372994266785,-187.964012462066194,-408.460143462205281,42.333222910213266,-456.193118027517357,474.868918174229520,388.264096128053893,-629.538001846275961,-260.060732471131416,-236.005541401660878,494.853916818675316,102.744399776464363,499.039058776177853,-16.992084776743731,504.995975185642976,104.599345759308193,-631.118007066698169,-315.302144143579142,-144.815232977400001,289.698285538766811,584.940287048565665,262.332094120687827,-227.418536950471918,-295.845168001110210,311.623006674696057,459.451853957468131,-108.703119512811497,526.589008333112133,-92.497634073670611,-241.793327325619941,94.393748868891677,-54.538041783141210,114.276435457583688,-825.802318692249969,-831.423880744372696,-82.626699848735115,206.072374020645469,908.021838232383175,-164.877061691441867,160.534209736879262,-136.169714048712791,-293.488281293423483,-352.060141808268895,777.223738441908949,-417.201139671044984,-55.130903098685664,342.608630212349510,134.996500701049428,461.852683309358042,91.242370358199238,-88.989297225262391,-206.510440817088352,-907.477012199659725,626.655022802543044,-369.167327831421630,143.433373080353704,446.317578567415069,-64.054777300840641,-247.697111331478737,218.411859558084586,23.833448206066269,271.667795048594769,-179.984809839496592,0.936876587956775,-188.116298651525739,631.148988650896968,58.447667232379381,1273.547350492845226,-394.453144991980196,758.070132446113803,-21.786388079844635,-198.402646608700735,-317.973977682428654,84.185178059942061,482.445024573364435,483.423157622474946
-388.609288491136169,-73.208416857726647,-305.014717348913564,173.727708567406466,527.499387282916700,518.633395983721925,570.485445724718261,492.132980063223613,-86.800700618188827,-88.175574789928518,-418.869821204873062,180.815010171256830,768.484744219577010,970.403089833868421,790.298212051861469,38.760634074341901,481.096371666548123,-293.236550759080899,110.908682006379053,105.455378652965535,-3.474357326047929,432.563116234725953,-233.428834183107824,59.192689701489648,-390.456818308083029,329.360520601067265,-91.437062982934407,-49.371019958435767,265.974469220950652,243.256657577434424,73.020704593064039,-3.241063747376849,-399.706884041619560,448.454230551927367,453.478917905832589,208.930552566572970,-161.318447777640955,-477.587519675077658,522.359425753908454,727.539367740447119,304.024686443906091,-414.581267180866746,-1210.094558568921684,-50.692924518107162,531.705150816256491,578.459174481462924,397.461112522500230,-216.701681339085127,265.351493634865164,-141.510094782984993,174.631188316437658,232.933980275653084,268.980047949500999,1087.848706875083508,104.926882596131477,906.438505722011769,-333.759028618563889,-1095.775998247036341,-192.114238942511690,-152.625064415263296,-213.219518690387588,-363.700131652903906,-224.005540840788825,495.945843481662280,304.713929077639648,657.551449463240715,114.540844387984620,219.866275197764537,-250.890076235602294,-113.696807611438658,-221.901453885888884,160.289399619907499,-268.568890578309890,86.155599336052390,424.766018237330002,-688.236906196321229,-70.398925240933224,-128.423047675399289,-766.933396317644110,-269.368873776856333,-503.108023217698928,283.716310475250054,-51.780622419239890,-1167.995585405086103,-276.187191250933438,670.203370719921736,361.954295879661345,283.674300746845006,301.247817923099262,-96.295907593729183,301.636658356177804,-616.145752958424509,-407.930840508036567,95.021928795090375,-66.056945408191694,266.504045833713292,7.795885074812574,569.752513222049743,75.892201684303672,835.879365826723756,182.492804683846600,386.426340830924175,185.836621803995229,213.683737835088209,-182.226615045890696,-235.148603159787172,516.668831670530949,241.206473580318004,-801.457397529912100,-14.169669671700738,144.625619861211447,-373.443291787559929,-308.605154276511655,204.147576693055498,-227.945316788285737,116.670937346947781,-388.058685371427828,-218.493814880997093,-523.416495120777313,-318.901884465273156,645.003742732440969,-520.349567625971645,-477.271420371693580,-428.807509468209958,201.193014312328501,120.357494187300802,-84.303679343010543,-171.832659964586071,-219.948385979098902,-169.644799660730826,-812.746845376081865,-587.075324989409182,506.221105804589399,-497.580926036655455,433.700814508846349,69.276254429376138,679.312311761823821,-63.997833134775718,-364.808617566320265,25.136016046210319,-393.861690031317892,-87.134982166276728,375.044336469963810,462.492567572893734,-112.180669392810216,-815.872959924089969,-379.065537919560995,571.586976724300371,-6.339788630537299,224.520284971490923
-124.248475605394034,229.716229998130586,-1118.464921226395290,381.002434562119277,-190.887319149802238,229.114304429961550,11.670855332690305,-163.925352719875576,328.201463442469105,-297.940687056829063,-32.267642309553381,-230.014944626149031,-102.251804589373066,-1002.731685701691617,-249.968372849926823,-159.575658937207834,154.964042095175444,-313.856772514812519,251.713580050319706,-385.115715675171430,125.022121294316506,318.668729703512383,660.270912345496185,-395.399314710436045,633.917590636619366,235.162532336626185,236.717034327194114,196.452582642108638,-8.766556191504861,-377.736780175727404,345.677266016681472,-316.643400665629258,38.659126798303561,3.546225213626620,-477.483891350913154,-533.991379212493598,-776.141266691850774,-814.855105468793909,-323.038279011778798,190.309924706973391,640.250977601354634,-412.006651667234337,531.320218686536805,497.842435817536398,471.193952760234367,-106.784279002072410,209.885581287506938,257.165991350245235,192.789782902838425,-396.152998394209874,454.653089696293819,-457.104373831047212,123.544331360862472,-512.955100659810341,427.903270452029403,296.736737872926767,337.057623956890552,-524.245196404905187,364.257196772690236,-150.848751482932499,474.175356457940836,960.278532909014302,-196.956000700629289,-273.307069004163623,-340.938416149221496,221.901476208453033,550.186646303551129,-200.186855396030097,-488.099435414413733,630.331638497640029,169.273259958033265,375.784485824763294,-253.068461722365839,-87.190055675291774,79.666793242736290,364.469156765663001,-326.281926739226890,60.444705911658559,670.103256960905924,391.413994494309406,156.431247130397452,743.236438729163524,597.521607122648220,-132.155138874047168,-291.404028026051037,-97.061657078825149,48.846325578495055,-522.808377134103353,-382.085913196040849,-120.671137440725701,-235.882499747515027,102.050951977589463,734.751485186615469,-98.900239693897774,72.739466460118678,-28.143004342501861,-335.302201895152848,-704.061715428510865,-373.887704664571970,445.733325349092411,-32.892707837817667,472.983345449382341,589.077669060441394,-96.946314401415009,-575.154964534186661,-206.983873188073233,-24.086973579515156,89.153225831069221,219.693338528565960,-551.816907647226799,154.811523746409733,820.888372470005152,82.221140420407366,90.429301815017681,-247.632278178802721,-592.860346473793470,-469.411405530257014,-63.685271026157928,-359.891170106296727,-52.689458305571662,508.941099307083448,422.615095380638650,-382.885264990974690,182.215289072488616,-410.864448981919168,195.855433408861757,-80.042009897048871,314.592691002416473,244.628652280871734,242.871414255279916,23.435907313707428,746.523610993032094,27.893260783782644,118.526973648886255,703.537113506284186,-609.877839889295501,-8.196437991318973,288.183993102676595,494.861046845013732,291.830815662598866,77.877945583793533,256.608950884174703,-729.996510690391915,-123.296330470484335,473.798381301423433,-182.898502403374806,-6.342822504487122,-391.222789706466870,1624.391416317218045,-537.835718604056069
