7.698844981653821,-6.392830990835812,2.361427633986777,2.376373480780412,9.971150453161922,3.204177762033851,8.099318081441190,-0.540997502400870,0.614380502766723,-2.514023778797108,9.189630476861161,5.857624950934346,-5.230565407928502,-7.996222655908145,-0.844406215587604,0.388449623765020,-7.496400325920773,-7.459562187273951,3.645872876595240,0.276770618434032,9.115042358477673,7.480227464744466,6.296816127166146,-2.348365930446372,7.977165168065333,3.137632237396721,-7.191179188395274,8.364601705590363,9.813487763049352,5.891185110760247,-2.747396805648544,-6.361390907189359,3.033213612641424,-8.574844331062712,-8.910253543993251,-4.947138314995854,-8.967141794014466,3.015087450620292,-1.532086574957995,4.069850179190158,5.766367129546763,-8.891363282026957,4.962390412503801,4.805452382423542,-7.975925181225230,-7.579801362378227,-6.651306024211707,6.032673841428075,-0.557422949906679,0.122710526333430,9.905327858773340,-8.569067037199043,-8.013069393064452,8.272527254798060,-8.430863659839973,-3.866283007318683,-8.011735867518881,1.773162453237010,-8.102136873290121,4.152335394394893,5.171536069856684,-6.683448020581430,8.850376473632370,4.194348691999013,2.101811022465895,-5.084284057113003,-1.543590086311180,-7.227018458868470,0.467133756449565,-8.434915989364171,-7.804103898055677,1.108073635572655,4.352324527630406,4.982897121381669,-1.944597127944776,3.537029627102225,4.263853378515384,-7.040129976584719,5.224054022101905,1.422636681672397,-7.647526218521232,-2.414561031233493,4.290143085730989,7.216233516792535,8.458587394780032,1.625031510009077,4.811870066529265,9.911264562419518,1.183283678014472,-8.790077081650230,9.961839943752345,-6.140885128257549,-8.773942248402953,9.977374779879273,-2.184830081750590,0.847921435902375,-1.021251715134934,-8.043434914973615,0.078645436539226,-3.027791988454807,3.188841039461682,-7.747837817495706,2.325221466636904,4.634112847690284,-9.523472118702273,6.188393571313103,5.146948509241724,1.987988171259774,2.529368103835763,3.341166421341999,-9.206966084160662,5.919763917859942,-4.047774073290391,2.951199123948918,4.550665758946060,-0.979724038894663,6.272624976921414,0.244541561100364,6.878523469085660,0.214234976412540,-8.308773498214101,-6.003360752851606,2.206943526088953,-2.874115157204715,7.012944328765634,-8.027696338728973,-7.167081176317418,-9.690486058530805,-0.439040386942736,-2.295422081428926,2.422058264167035,-1.400133745657291,-5.065560492211487,-4.139613510756415,-8.515808723094478,-8.707672957894895,9.177842354107092,1.073780538071450,6.096622146284233,3.946077083375187,-6.615304004380320,0.674032841911490,-6.352767887737261,-4.138426749949091,9.199591076061132,-9.821356668316781,6.628795307502394,2.562090442900907,0.014768488425220,2.807151726661143
-3.667319299091356,9.208873767646171,-6.333110498675907,-1.529748062979158,5.473428773512715,-6.622826318394706,5.088734973373107,2.303348678708293,-8.563837070379074,-3.283902120127200,5.593701857854787,9.581491808607524,2.560103174731342,-7.682454943780781,6.476840938651229,-9.637336564280506,-4.687581076426730,-0.939244251311234,4.443718254269795,-4.875381383700281,-6.948999198042205,-8.157556952499887,7.031002772204541,6.459345180289493,4.445558262088976,-8.240733177915933,-1.645400129871435,4.690023064594600,5.326885457956369,7.170997505023344,-1.452737905045499,-3.954456428522426,-7.752042452424406,6.390354733397849,1.831937421906035,5.167454141580922,-0.509740751187040,8.195286815212757,9.007510166405812,1.803160244583324,-8.934747650567198,0.640160667419403,-0.743245787022120,-8.760259163462340,-8.770433408250506,-2.843796291875438,2.053151541110211,-2.213930169573077,-2.073014913662561,-1.114231726777874,-4.440070158956764,9.607918089042307,7.601473592107379,-2.516650623423655,1.799425838202708,2.981205194664415,6.847612432781709,-0.256844457488599,9.653873438325480,9.028256299632204,0.637859746142016,-9.797896728160397,7.175441350065235,8.351855308745471,-8.070875924922303,3.384075820973610,-5.568928169681922,-0.354017645923948,-7.442583631102875,1.593643086547109,2.318614773853573,-8.254198578079810,-1.412455199571065,6.344463573792829,-5.670712581993147,8.417196376645258,5.986208589521507,-0.866717759999094,6.616497887466274,4.780307392458681,-9.739402405111107,-2.091836987463149,8.322126807916000,-9.789941630606300,-7.406606709188146,-7.958215188025733,-4.508135185175361,-6.990096672003761,5.284271833314580,8.599302822653275,-6.232370884225431,6.985089684166116,6.471189840008215,4.292921296143522,-7.861087331210004,8.511537347073354,-6.247447080704410,-3.226493545460698,-6.114012512529870,-8.417769306582365,4.901209475729800,-5.789751150534082,-6.759167597797573,-2.885935627010077,-8.030912614006660,-3.499912970723615,6.562078938587909,9.433263421879396,0.437491573877491,-2.454105757107918,7.681695826018476,-6.992720730260265,5.217242114440797,-2.842717647769028,-6.899726576944825,0.199765784532030,4.991979461973109,8.045490925273242,-8.892275046031671,6.095849436930404,-9.149873256661710,-6.424707807189960,-7.403918638135467,1.863478735253651,6.890370523720357,-2.981282670831709,-3.309336098877804,-6.257844372492530,8.985760776180083,-5.249401670764220,3.034274155763711,2.630516721999538,7.088377889225676,2.168397315479842,3.130048900543725,7.440372084433776,-5.210731087262253,9.940264407155542,-4.851894464920871,-8.626641854796631,8.969779779736843,-5.173357857463508,-6.545211393219974,3.807262021200996,2.765562469698965,3.296334552869729,0.423052999574962,3.259401416756164,0.490570841909864,-5.386434071928916
-9.588196037861334,-0.918750178152209,-7.568633825079438,0.565491080746858,-7.453548993257475,1.738745143708613,-1.009020380947231,-4.689184295599946,-0.253987350476613,9.986501444380593,7.300442491736273,-8.125034154766972,-5.917621137893391,-7.194875950952991,-5.479286856494170,4.525329500054557,0.017269978233900,-8.173783558649433,-0.325312149707175,6.711600308515568,1.750904286892727,-2.292983839242888,6.822421278249266,-4.745264434177749,-2.824921363843005,1.458815784852128,4.062763314566775,5.889674863309146,6.568189063526333,1.023783266860153,0.828483666925305,8.178784505179692,7.431038432751070,-3.393560509158289,-9.829823018073906,5.201798323863445,-4.510508668645663,-5.393089381844960,8.017013585325511,6.453583518891918,-7.166087366595189,-3.495006215139400,-9.746795867368272,-0.558099082704748,8.023254461875545,-8.638033572351764,2.432788203031699,3.645054031467987,-6.639504631072361,0.337007541821619,4.714087570999506,-0.708529333756406,-5.389758573877589,-5.439466986745495,8.709390866871573,2.086426211330096,6.900878332106707,6.564232175701036,1.081371683133241,-2.665025922649303,8.560249177754606,3.131412989613402,-4.018801206820470,7.625805437369419,8.934158628083765,-3.479737181610522,-0.390145874895381,9.879811831191560,9.272064148152737,-1.417722702002859,-6.814907800667109,1.175326594388011,2.716134935167354,-0.320044009304272,-2.477337063456522,8.151150583576840,-9.730590318446811,-2.133079892342316,5.860290812414879,-2.453124754054647,9.585156356809989,1.764382264082693,6.695112392686077,2.323584699287570,9.264032376875733,-1.758157991886090,3.848397202011704,-6.208845753865900,7.137236385594878,-8.744234648967160,-9.264987911112437,-2.087510899646414,0.062434557890203,-9.350803841613294,4.653456858701556,4.802993103759709,3.579539937259872,3.278962277927413,6.165015162204991,6.242123712603068,-5.601569512516020,9.574361190832597,4.581120776454608,-1.242828912380190,5.416223545147702,-3.264585503840274,0.077771187042616,-2.258605901713469,-7.500967972966867,-6.773250714272516,-1.400826178084355,4.228052402875484,-1.189676722009770,-8.169573772731638,0.877185468398027,-8.712749134829041,-2.202219114913520,-4.904898041974617,-7.068388693681456,-3.200034480105664,-3.116596946236303,-9.840590906141099,-0.064085864238068,1.676810798336668,-4.948308997910331,8.230254561764305,-5.718111842528324,6.148731025732392,8.716842355745975,6.964291339095819,8.774828287626871,7.271824087375926,-2.854374037250695,8.877802911974165,4.820802132446133,9.758373343984985,-8.721675617482036,7.926906457131707,0.716662538296990,-3.915370812020978,6.549859367575571,6.796949304686816,-8.808848458104084,8.541911525432567,-9.844415371052502,9.429243388818566,2.140032856408078,6.813873612080126,7.021133493061082,9.333693314518829
5.228478774263326,-6.069154057537734,6.210492680553834,-7.734278054529882,7.007701560677692,-0.650587817015021,-9.394116313392008,-8.522171732039144,-6.872067536165314,-5.854446201786352,7.189694293201683,-2.242653094356470,-1.922559474473182,9.156859706383614,-8.417192784930748,6.358863347814008,1.228691421404157,-6.971255637690426,1.305807971313266,1.454196977556530,8.091362608565632,8.204421291309544,-1.473640291256977,-2.661983472939151,-5.456071435455272,-5.219770000778396,5.761412148093047,9.276325864986337,5.839730726289163,5.704833203122794,-3.980397607994950,2.873100949015594,6.260176921365559,0.752774750888181,-3.259300342919249,6.173090865110208,-6.331503759086035,-3.841053175590816,5.257869021917433,-5.127348122180226,2.095766906561799,7.071254482728307,5.908118172925040,-2.378800451042458,-9.491407856510781,2.113793154985935,-5.744111681960629,4.166350328537371,2.595271605915778,-3.250803482660569,3.548682191319941,-0.173410547411397,-6.717955012432832,6.395380846881071,2.637257142555537,-4.598578454116515,0.373428766118577,-4.785895275529420,9.663374211462813,-0.443255976199310,0.076799387096356,1.499302247242095,-1.150758800129037,1.613655086558552,8.340862499804423,2.607410663432452,-7.774023345775481,2.771805172311046,-2.142454761659131,-2.334302799782546,9.931182740334229,2.730505092450116,-4.270995343449496,3.661408083277662,9.212283295037842,-4.971271962184631,-8.260549682986904,-2.169201943125662,1.620549360882650,0.203347839593924,6.107064547504709,-6.809641834607882,8.696594563707023,-8.379726104932175,4.259541032187844,4.558642161614738,-0.526327316023103,2.126599360100556,7.336777278600380,3.507282786528563,2.205150640898889,-1.767491272168613,5.450992596486593,7.889810996695758,-0.864017313470370,-5.642774592513511,-1.630441020272960,2.727555297464546,6.686861865725117,3.486396533937416,4.684788322360882,-7.419468902080311,5.818360729755804,-8.843378648047064,8.471235864738468,-8.378528211910233,-7.813832713764254,-6.901868422158697,-9.851782189275466,5.651066706641698,8.520393230059511,-3.561058325268702,-6.356592082878034,3.034119233314957,5.929085093619896,1.357255548334038,2.664982687563487,-1.347037562223377,-8.067960513678072,6.405794611335640,-0.563656962316717,5.412729021046133,9.196419618205066,8.057934347452008,5.732355851821216,-3.215530583340347,0.572100494023896,-4.191743988251693,-7.965745411851113,-7.342337810900730,2.955630458676026,-0.395613544313285,6.531641432572574,-1.124617705630261,8.389965937440170,7.267326858769117,-8.708671608822737,-7.898615579704567,4.073665653975713,5.301418414380169,-4.874273836235304,4.508621207801829,1.855082042919973,-8.675372560988619,6.228620295955402,0.497251829386474,5.099915642582264,7.547813160975657,2.094805471492782,-5.609728284912896
-8.581079903511377,-8.751150954235356,1.517359789299860,8.986495973784148,2.624358066670524,0.170516904391832,9.667538028759932,1.439930920919753,2.695172495606936,4.449976141632298,-0.344757113840677,-2.425754609494599,8.031725225707550,-0.048651199890845,2.632677189002505,-7.635524343837600,3.573322972237847,-2.079726169633773,7.525949219727025,-9.574097564115238,-8.069919957405055,4.283476353851510,-0.065650948038327,-3.457279696951523,-0.555079970090940,-3.234460099106480,-2.830292281229760,4.599445439357865,-4.636568500527749,2.502825288749754,8.580652584204667,0.379906915854598,4.495214887592542,-7.077611399107056,-4.564970057653315,0.513118255333374,1.667229051127313,-0.733469855613425,9.807833205872864,8.864327321654393,-9.720364431006971,7.587047922300812,4.796394036068927,7.664558309973156,5.005904873576554,-5.159509800651492,6.917020694084009,-2.652062068984547,5.446924310188974,-3.281207422573180,4.595806403252833,0.676779724022158,-7.147441709215454,-6.951779749895661,4.353422399569855,7.682813183032088,3.558724425933358,-1.365114486117935,-9.675467407544620,-6.118770417381998,4.216891090300276,-7.297097372346091,0.110770201511610,-0.880396291848740,-1.233760880048367,1.440239729476342,-1.312135266700473,-7.685050060106910,4.937447193124161,-4.370508645524813,-9.936529791583448,-8.018328460296114,-9.900741363851012,4.889315670064365,-2.240998404012460,-0.481693922581499,5.561038289760251,5.701450829519958,3.654805098560615,0.799723777149293,6.006911779701849,6.710732455874616,2.898027644711874,-6.110123342976321,7.536026416598421,-6.209048749011973,0.711772510099184,-1.927536316583627,-4.032170021492751,1.424157761332761,0.693237541517963,8.631681008220880,-5.502541959132552,0.424575967281438,-1.179911459340296,-4.745850548895936,-9.722181247783015,8.485535175032165,2.735192764305939,-6.710781511045525,-2.872968525249351,7.305822237369060,-5.282076769100539,7.904522934190425,-8.582156126451476,-4.855992818024706,8.350096615363153,2.520892739757898,-9.013878469114527,2.211447097864582,-0.080308185456010,-6.752125018066202,-4.816003223569954,2.782031425779126,-9.630119920981894,0.215852842184248,-6.776498314851967,-7.366520853001184,0.928907281264525,-9.126381425151761,0.071948284894859,2.541064151637451,4.788697247693005,-2.059348410333803,-7.373717542378868,-7.474410691085098,-2.198149291633086,4.564220621601809,0.571500478079223,-8.042387045834953,-3.528123174445524,4.408114251748813,-9.512886079886657,-1.187075780456119,5.698197755236185,3.819775344236264,-1.374478577421687,-4.911964179131784,5.410627668594836,2.972200191214913,-2.777814822702645,6.285762283704159,-3.684591143878539,6.281384481059305,2.630733554672053,2.934740437419112,3.683785510548006,-6.689594375436252,1.855289049246377,9.953707215606201
-3.192119907988760,-8.805960613293847,-2.981574328596617,2.390841761039852,0.710386654718436,7.608316737352279,9.834929526265668,7.575734902912068,1.719175319425123,1.947621340075582,-9.935872125175699,-9.336448959703237,1.401419801911770,-5.670710776978560,-0.102314240543272,5.088267984437330,8.477219094696476,-6.803931038604700,2.052606824866842,3.464055828110329,-5.061881438472784,9.572261465909712,-1.783428356875341,0.627763297428714,1.402907892370164,-6.514585046812236,-1.289412046757203,4.578128520645578,-1.833376630319155,-6.369897425312603,3.391374575903773,7.093596012245410,4.986421221162278,8.728056272375611,3.254604729863722,7.516014781044721,5.975175509242320,-8.740648395267076,-1.447491589873531,2.654928895472233,7.173222640134664,8.553233885621012,-8.664986710476734,8.416887821487219,6.679044681895377,-0.519739146150712,-7.772442890054158,4.745855742438431,7.183168248768844,9.813767502086030,7.016195084227736,-2.310044154204238,3.972553809954951,-4.675993612584142,-0.195335359877728,-5.029216574852282,7.905170317818431,7.270473635368212,4.660403221009339,4.330317837762159,2.923546619339717,-0.641174794747091,-8.971977602397860,-1.884670557148844,-8.188111045041031,3.624323983966594,5.434922774463384,1.885098647754456,-1.882817434245858,2.393283712718171,-4.723416037780234,5.552648381028140,-9.115764577245862,6.858292987525751,-1.108603478060477,9.904467675207112,3.611960938303602,-4.034039073542255,-6.401428471586959,8.240385940582385,5.145531984358866,8.515037330872779,-1.795437045594552,-9.863233041013576,-2.628503035384724,2.277023003431234,1.411862791434814,-3.058160021824545,1.186774538607080,-6.327277906783893,6.435965782243770,7.921628020212108,4.177052076857159,0.855856366110743,-0.540734432718612,-9.211641631401656,4.887241729649345,-7.200107283630304,6.524070117992654,-4.707648772438566,-0.966407024022606,9.030026731064250,3.887837681639127,-4.475021058563828,-6.443460256050519,-4.146940917333712,-8.068249361878790,-5.418661654585504,-1.296089716467407,-3.127454074981289,-4.059225956861665,-4.779516400535080,7.255087755050944,-9.181372041133608,-7.032502933007912,7.897610008354842,-8.622198702556524,-8.458197285832076,1.210738315580279,-3.917851906444641,-0.707305534420676,4.770648233608149,7.561444374801553,-1.660983225013275,-3.249537226174524,-2.379480716502133,-6.370883171671810,-2.088399792491245,-1.793632636689590,-9.538966669706257,-3.438490226349160,6.084331184738407,0.033279579400418,-3.328743458807732,-4.442054541775255,8.978699751264433,-3.761697758912557,-9.830259279018032,5.628390467399370,-4.467707969464967,-0.520521478457480,6.639140559621385,-2.254184233596883,-8.229750200561076,-6.709880905421668,3.953090512508199,2.537951801422922,-0.672251109828037,-9.327800053401351,-7.660325366782381
-8.922906635328500,-5.509484108626125,2.319202474399596,-4.857504681458879,4.188460774644128,-4.788300413354014,2.447217125261025,4.917540021632746,1.419464305842427,-6.367341612420705,6.104333112949522,-8.382111677214386,-5.227219286836730,-0.795859600440618,5.472110845706341,-3.532837416512155,-8.397611638706087,0.282692741248855,-6.557875784481746,-4.231841080462930,7.662314376387112,-7.273176745508733,-8.478095724277345,-7.875101188151885,-4.727613239098565,-2.794875081895965,8.889583087329338,0.532738969986010,-8.125922559109362,7.446943746023781,8.190951676016663,8.053798953721095,-7.067302531700812,-9.306032334602898,-8.039869454620774,-2.405010038940317,-4.715891896044111,0.018451658001373,8.548111082074122,-5.449192669391487,-1.886879038023370,5.682268917914055,-1.691018652442764,-8.683599168862749,-0.480426596286165,-4.584648090612486,6.854299899047085,2.529711921194588,9.366324832517250,-9.762031870434416,-4.490011238896296,-1.833125373388103,-0.525997117241154,-3.625445733559339,1.101337505711601,0.223815114157919,-1.841341297186386,2.800071019853316,0.048100402951881,-8.044576776500310,1.591626613874160,9.559796007672237,-7.647902882771101,-7.843380739205330,-2.924718486485172,-3.831140328904055,-6.581754802510950,-5.210555723751695,0.766557455558598,-5.987332655357440,2.062238917355932,-9.099739444120210,5.156204976530701,8.339007888601756,2.879764456777192,6.090403722600989,-9.774678978668462,-7.023420929876854,6.842093484342712,6.176972714856785,-7.920432647790596,7.846226930664226,-5.439736593142943,-5.868010696513853,4.155186526565034,-1.602670405410720,-9.752860564705223,3.746338528796624,9.391938918203369,-5.845352753833108,-3.500078139967009,0.814277865477438,-3.701595235895967,-5.547638912172261,-7.200860891214507,-4.326592144852242,9.884452235683799,-7.179874983558228,8.249753911099841,1.307083876727360,2.552976996680876,-1.675265812688217,-9.080825222524517,-3.014481686201864,-1.398211223275720,-7.084097400352163,5.354845176135150,9.676530931289918,2.600158698405693,-2.012667321014822,0.852564979265331,0.115248142952648,-8.528549347619876,-3.629299476206955,1.537446526130777,-7.294628888589402,7.927319287902730,-2.188168201146848,8.363261324813298,9.239557980645664,6.875615585570497,6.223466224719758,7.736451943486642,7.311885675245357,-7.603741405697406,-7.907598602944721,5.038406763440637,2.463022924976974,3.974823085733872,-9.243532046127775,1.433876665407618,4.055401988540893,4.347970484318100,-9.029163869828237,2.607926545898298,6.990077292039320,2.855951724132840,-7.630730458971343,7.284861603557367,2.699218717382085,-3.288670190086704,9.399580978053443,4.149076447357702,3.154783737251099,8.352671885915846,-8.145152092109784,-2.986655403521179,5.354229758997008,7.417785704428173,-6.482521333226985
-5.429919986124146,-5.899195854981196,-0.727181830352910,-4.294481868571571,1.826240551592511,-5.734438145579583,7.752965311252158,7.549307105561130,0.715751360571058,-8.507197417169749,-7.004444562598975,7.293804452330605,-1.222252545760409,2.093357808096171,-4.142050351586297,8.998113582518251,-5.608957665248651,-4.868977995431194,-8.285891933467802,8.775348379208189,9.579718736321649,-4.819645449469916,-4.924881934750596,-4.294949190346566,1.131651364319755,8.631119216571484,-4.533176528976934,1.889738429394942,-9.252727198978963,1.703317462390242,1.898500581268273,-6.613248391008437,3.098356703452588,1.771418649788805,-9.487694843599659,2.765613324097151,3.718651760487665,8.178314571879124,9.856403359685871,-9.589590227090653,-2.626024225771275,-9.364387815686136,-8.168629323165529,-4.678962551067301,5.166729070655876,1.463860393566643,6.845883612599934,5.255297108840741,-8.786937317804639,2.689859343267484,-8.165849805091183,-7.865717334851356,1.283315996132222,6.417556303370020,-6.785196349290223,-5.988227897826832,1.475360229600057,3.403124544361056,-3.607444139974449,5.077589360326707,5.108058111676046,-0.529957681650226,3.165979825309433,6.064392840127802,1.828936088456764,-8.043658920056142,-8.160336000301335,-2.814333281646880,4.933906832469049,-3.691931925083070,2.250330295864904,4.482852093784340,4.817742801049754,1.758209124022416,-1.966460868349886,3.500350022091574,-3.151326588249406,1.661967435184808,-6.614739265923244,3.451429995670097,0.015853949179625,0.305268099626719,9.057074583026868,-6.781760550361302,4.751960547733443,-2.635672691064268,-0.551506393478732,4.230496301994135,-6.381827306713850,-0.777310084021423,5.293254306939691,-2.858485451805866,-4.464051297333615,6.009683757517330,-5.069600103240086,5.893477563186782,-8.496964793234847,-3.444577458436080,-6.369137780786955,-0.359548636637745,-7.719803823040330,-3.624174942047662,-8.899373586747220,-0.434221435509905,-9.307160469759612,-5.372927280261708,-9.832969316702089,-7.139113839027114,9.977966675211334,-2.148655242025040,-4.038959532935387,-3.359093306985976,5.964972826000587,2.205631517864816,-2.417500921728022,-2.413584974268526,-7.657737956359454,7.689459473993438,1.851455218941457,8.410789400444965,-6.437640965381936,-2.450557748950764,-7.467784907047172,-7.184661375644399,-2.994305839446493,7.138351919828715,-5.334998999483489,6.864773786003866,-4.207154705393870,7.296735432144292,1.361226414289566,4.490495996853078,7.623106202820939,-0.926538251474092,-8.795025441369621,8.593414502618746,6.399427760620174,2.975515593813196,4.162623929314503,0.900532877879169,8.476778038224946,-2.165469137519875,-9.291924449336658,4.369214163580226,5.834563258774445,9.902340760006485,0.156432405399940,2.948136975321887,3.274641058599197,-5.879199836145778
-0.147050396657926,7.084503935049892,-3.389703897584693,4.058303748142865,-4.240245571321919,5.893197003772928,-8.283173496920437,-5.270229290713246,8.690097583141181,-0.531817252457019,-2.736491270527512,-2.994165396921336,-4.803167186829183,0.617481796736850,-5.321805968523156,2.440233081427257,-4.599303352503952,-5.861191008580993,6.490607255542450,-2.773120121004613,3.853663214031187,9.285677320212464,-5.636339201469147,7.993660481577464,-5.978551684033572,-1.574579141516015,-0.032937436464806,-6.108322616238087,-0.825105426735043,6.759934527296476,4.912964498090954,-2.661150454489598,6.445501983970424,6.775137151284156,2.554567817019437,1.037743392134363,9.784613321558005,-4.506937842088011,-7.179600377293132,6.011821602966105,2.169857580821272,-5.594480362736509,9.959776071840100,1.185365665705380,1.407685277238455,9.615973641542183,-4.890882029331278,-6.289678396834882,3.310938925758137,6.940817369636633,4.604138158995079,9.964317964986552,5.770187872373453,7.475586905034898,-1.629010231863111,0.445122779974120,0.729587912576395,8.565566289927368,-8.397438822886169,-9.442733225012265,9.755759908146079,-3.224249014738605,3.164329815121000,-3.318756725027998,3.826119219064152,8.460063390943233,8.274312735410607,-4.006761212880217,4.360844102380405,-2.053087651824033,-6.983239116308289,0.950957355768406,-9.483368159538069,4.240587121649593,-9.624745110738202,4.809453828507703,8.115823610350485,0.712900964127105,4.401008089109364,-4.390039447987347,0.520260296823755,-0.460555654285537,-9.609226126826687,-7.688780482973307,8.960840115538943,8.003201907353816,-4.249094441185244,2.302837933709206,-4.142546446876549,-7.050048561110394,-0.446514294379829,-9.264418390732880,8.239425232445424,-9.488700714047059,-1.131598782082072,-0.493210572234489,-2.891556037539356,-8.311690376356598,-9.139834639881165,-4.750777396656951,3.204377991137335,-5.941309853678229,-7.379639915031857,6.415514251174372,-3.394898676209492,-8.759181910759455,4.088421053657271,7.476689996066369,8.586462729440136,-9.490013839022065,6.944557266687461,2.629037901246225,-2.754054322256778,7.570548618300663,8.161988271819528,4.366812957605628,9.519711673114742,-9.401259521397670,8.587582423954384,-2.454970409085735,6.281521142120624,3.769349150435815,-0.691840788308294,-6.301417381105942,-4.440917770542699,4.558908147103766,4.884739781053275,8.973455976744990,2.717211970026360,7.308768252351872,0.947752148338573,2.151693575015564,-1.854974558712385,-6.870607126288371,5.732417422319271,6.264696691891288,-4.839087074556671,-7.164314205370051,-6.498801219866685,6.200629121467845,8.226332294109749,3.131179151949441,-0.593504108626263,1.042324697955832,2.987417720486032,-2.197074754224522,-8.266757831268167,5.207070138157812,-4.278120059665000,2.591500648080372
0.025207032019789,-0.922786822730979,-8.233355885921661,8.462849306349668,1.995489777161039,-9.762080387355415,-7.602445483835558,-9.302065076838058,-0.366429978593724,-7.839024394849123,4.656883970400463,-5.787671011366236,-1.138701477939318,-7.510555513278343,1.331226005958730,8.464734914161301,6.387546804569478,9.099729079675843,-1.810096035496287,-7.184302768310927,-8.442983090028498,-5.401257126144317,8.141769442190213,-7.749045356783779,-7.784893575652618,3.927419343142853,-0.272031736893350,-8.683818607150220,7.969134632664883,4.130770882798290,6.431207361404347,3.067898829766190,4.931179056456125,-6.900372309259238,-7.054592419092458,-9.995970865218135,-4.046231669509286,4.853019994987559,-0.760145037612116,-4.912884822104930,-1.852347740873499,4.510681341213697,6.978623809359505,8.999251584917456,-8.478021798249920,0.790648846940158,9.011270788850567,4.278351716664698,-3.399715818740012,3.883822185015752,-0.668263525659933,-9.239649656918658,1.714910064568127,-3.607976905606884,-5.688448757735740,-3.047399937069648,9.320370700599195,-2.180182022892758,-2.297809537210851,4.965196690529970,4.084776619743868,-2.155662380680202,5.685607762809948,-0.439498587528204,-0.818086595514204,-6.882763057071997,2.569286848683664,-2.655583577521949,8.382074712061762,-4.123464795380363,2.357136109504729,-5.340515176082299,2.348053149955852,-3.456080670034465,-1.179933127078662,5.828428414534185,-7.837906593085407,9.425724669844936,8.133350776807941,9.761221783888256,0.850001730358482,5.581565787481988,5.344222438280610,-0.527467605769655,9.306827954869519,6.209811359781227,2.662393354983694,1.300956253363609,4.271397552602792,-1.800327750592924,-3.383817965380869,-2.698496931343817,8.463325757254598,-9.706254727679839,5.057621537217731,1.842267757288491,-9.483539130601727,-0.720057888759913,9.566547053099271,3.543175216072072,-5.269215227616730,-9.735162466179361,1.039828193157641,-9.144376820533843,1.338995289663343,2.104979423825244,-5.908179404696059,8.973688554008852,-0.366778090469291,-2.688009580785995,3.902843404319785,9.604314025708099,-9.400890405480261,-2.275061688132245,-1.877355042342305,7.718379381441288,-4.421555345487771,9.317230909650188,2.192377572880684,-6.135497283427595,7.154650387169092,4.339037888987070,-2.001317554291062,-6.195412261676967,-1.785706365020898,-0.157456425774882,9.774059047820515,8.975386784042531,9.885800678136548,6.309091128681629,-2.808170284286160,-9.595433391064848,5.988363222864393,-5.042129428820282,-7.574202512991903,7.097523341726863,-6.169793182658214,-3.122195652181150,6.960232733938593,-0.299838677356853,-8.445937458691803,-1.862478754518824,-9.443823034857884,8.117153600409903,4.244465247574681,-1.929347430370655,-9.577640213721754,-7.607277065135294,4.403125367652908,3.995954158247502
-8.460818146620632,1.509548383950463,1.057278682680334,-5.402943030565330,-9.561928889202335,4.753470197487335,-9.220359996688632,-1.942370495540578,-2.277735769318456,-6.691040483775883,4.471467184356463,7.566965448085195,-4.476142127736087,6.256148144898500,-1.260821602972584,1.295575375640890,-1.528236926482947,-7.011551922904619,0.963021905521606,-8.823452313548898,-2.228353345990348,1.248392864677594,3.754886657386177,9.568662123868943,-9.453074711791329,6.888749689031567,5.337412787764404,-3.720219582523471,-8.205735027291700,0.481274628030235,-5.985866944644778,-8.417344849242879,4.569961622061582,-1.841299428450458,-3.570271159992766,-4.811020866499507,8.025636358677005,7.416438168643417,7.499280621838182,-0.149410122776047,-9.713426362197930,-4.837084125956612,-0.410347709532516,-6.391936535180665,1.183350436056045,-9.387418558502496,9.386067697026775,-2.116366474132436,-1.010151295693618,-7.442955067814186,2.372772593055108,-6.148308893293962,-1.594675035508526,5.061124686956536,-2.952072052442900,-3.223408750393160,4.353145919943950,8.418335688684518,-1.381502455941474,-2.346421533268073,-8.624599304018318,-2.585120875243585,-0.226875966857589,-0.646355152888917,1.922437185007963,3.168081445519155,-4.183144747412582,5.905150098588292,0.217040963913872,-0.734421383932439,-4.254596777935382,-5.570020226841736,4.902262793070072,9.008733594950698,-9.623598557889487,5.183727656771769,9.549957952469580,-7.374468519168557,-0.028917726513754,3.443159939674613,-9.119061516292694,-3.122249092837654,3.514342454070762,8.349437728776881,2.571070005392873,-7.011775091723715,-9.760446265420519,-9.306763934353812,6.030972975247536,6.906954919293117,-0.233933456121614,-6.261786952577834,-7.288470610106090,6.807944461842624,-6.567558306416268,0.633919902915794,3.204045838203587,0.948075541702531,6.711740976482549,-1.586902857369845,0.219644871980204,9.479178794283271,9.151300718719369,-8.015960702320060,7.478203931969659,-6.324409059640185,-4.773435147624221,5.817686901990310,3.198157876736740,7.186900252867371,-5.184470129809071,2.806960127581604,2.614590558402716,0.351889001228244,5.334359083680113,-6.407966687593650,-9.861563350712363,8.560668033421134,3.109341444174976,6.816192441108029,-7.333302506863236,-2.078549528885370,6.479117080220551,0.020608022164863,-4.619930014193503,-6.317529930761847,0.399044330234169,1.948708883011822,4.120046615436387,4.012079471930969,-9.491588017206002,2.739167833492575,3.421408056317254,7.164156077807796,4.117702360892935,-2.415881183406849,-1.917419876714652,7.146228120120501,-5.172384364309057,-7.813046733240641,1.211660839012463,4.061665492656930,2.024662594891570,-5.995949871280635,5.180913173900626,-6.168594666618268,-8.754777035821490,-9.945178902895682,4.208318723973662,1.010741734394580
5.236981329497377,-9.355248918308472,4.458376855885440,0.386794875373006,-3.172322250721225,3.817244878603937,0.286028791782238,-1.611394537124678,5.603834899529232,6.715388455860033,-6.495233240570720,2.901859331602182,1.953876746312911,7.084287408533161,8.775965464065305,7.031451024068090,-7.132914365722430,3.301178595454049,8.444534494856768,-7.599243042742372,-8.149586570835670,1.935480733861114,5.149821968595186,2.795612734372785,-8.498024875322569,-1.222271177512537,1.771282715909511,8.402693861730963,6.414693171484828,7.264519209122437,-6.241525165766388,-6.251240390624792,-9.400235624232931,-2.866469406361789,9.292947021485144,-4.439665542831168,-4.741409807934669,5.871139841424435,-7.805851281287472,-3.382009016015299,5.709151103810555,-7.266465863445242,4.323762952265284,-7.936930486591402,1.080935270781396,-6.717954351864881,3.128534178071869,6.003436579448024,-2.296048936352973,-3.829908607871076,2.625697506183098,0.811496490193832,-0.915572308521288,-1.614286266362821,-2.654474967923481,-0.751098745466855,3.287615792016128,1.728434189328993,-2.595697236770316,1.891831424340516,-0.183028450362464,-9.839370127692460,2.599579168168290,6.931528410159508,3.390472387037242,-0.012060394031771,9.331355295221478,8.611067301703340,8.167365772255270,-2.645334296351414,6.292616405194551,0.340863874382576,3.156219518046754,-7.648102392493494,-3.757226473310125,-2.476772552178483,5.819773560054442,3.729781779798476,8.907728998704204,2.374385202543202,-5.922626165738629,7.769189982227122,4.667028848063634,1.840214431324005,-6.698482826383120,-3.078652578780359,-7.638887077593779,-2.541810772289129,5.802573218026643,6.256014299861658,2.586822686481050,-6.845384455142913,-4.415916711806014,0.914474395527769,4.335527831394430,-3.731009668322645,-4.216503686150912,3.549916547994007,7.800904221854633,7.082364158067058,5.255865296486665,-8.217742075097281,2.028943735345132,7.006415711400354,8.647600565050361,8.445083303069836,-4.265493021466186,2.791786623385782,2.343029831427447,-2.199440193898625,-7.098111778662930,-9.541876475875457,-7.662122818344423,3.867134874139884,-4.995087018597548,9.233076927144928,3.850389320288263,-3.921213552018279,-6.668201270377104,2.628139128520502,-1.415082223285433,-5.356357532770025,-5.463260507345158,-3.429461447934838,9.666486386755860,2.527681615594233,-3.651966812979081,7.891010204928683,1.993158260860143,-3.947599582856545,-3.904243163566090,-6.127455828761916,-4.568910308733183,-5.636261671999110,-2.622106340123096,0.371999660952586,-9.009723880331995,-5.587859465039720,2.939828503366311,9.336740107945644,-2.914591786378613,-3.542481026659246,3.443430513572549,0.971000464153027,-1.824227207426549,3.344450975657129,2.621951052772236,6.306052928339952,-5.127700712772134,8.330807615273716
-5.490813463928901,4.778184194222991,4.000835852681847,-0.245994001909493,-8.751031813162719,-2.707680087190802,2.383866707790297,-2.558299119586911,1.197993037218906,5.019667495998538,6.844304218201515,3.759355825446400,6.345846108779877,7.560541867206243,7.142166476300311,-2.174095867559924,3.386447273990722,-6.965142164966989,7.848109683833485,-3.759293222001689,-3.806463104844518,-4.419508154269842,-2.965072321977020,6.900891713898680,4.551475582827479,-9.025104406836784,-8.225396226585280,8.162476792420808,-0.179802651961236,4.191751776721176,4.357003298021034,-1.386181234688680,-8.009033960211930,-8.456881092579597,-7.719305960261185,-2.435100744341785,-9.084128164047701,-1.593799104310431,-2.253137954240350,-0.979276816021702,0.795298685161598,3.059364034035967,-2.581370396072136,2.191221541548430,-7.415932897739774,-9.912123287216721,-3.153423573211789,7.285541312832951,8.044176721966675,-9.493960074532806,4.088691417363414,6.868135222565442,-9.504293061447481,-4.201473190820691,-7.302079691094474,0.399157128717070,-8.312950320638388,7.576664573844493,5.618720879481987,5.868842867021481,-6.970738254090634,3.462087242968725,8.013679692667019,5.863042279247214,-5.331597270451558,-6.534530529303424,-5.672850349912881,3.666057902792431,-7.706816687931783,-5.202030590313537,-3.834881808578792,-7.145261520610098,-8.601281870183504,-1.684901890146866,6.170531367397214,-3.479356634241666,9.747377150233365,4.951788570296301,0.327293430873468,4.047707712598614,-0.630216144889967,-8.337898079966887,4.828138877900685,0.879487410483588,3.021807582230775,4.278523763624502,-0.783589929892800,-3.323991127554191,-1.376936169661890,-3.495679401205541,6.314986167066145,-0.462540618113403,-6.642348903765076,3.098053090099857,-8.836367404058830,-6.033171978037415,0.765625545352828,5.180573283289682,-5.158920707801720,-8.555713580068637,9.319118554751263,-9.773122569597660,8.185816850139332,3.550218254628799,-0.651581674378743,-3.794380945243525,3.515594453531378,-5.314889683434201,6.406170614267740,-4.409590024034293,-9.285419210501431,-9.416743234459657,8.352712648565429,5.339368914159017,3.999578128133770,4.178403339536594,-1.638157501267356,3.624058731351729,-3.620507785727558,6.611162962031798,0.932126370940541,-0.619862574722433,8.814880656322220,1.494851344711019,9.835948076793432,-5.818759889148302,-2.832193473999613,-8.931607206398960,9.613560257288960,-5.744019129007949,4.448628822503798,-2.107211796200284,-6.399221587568547,-4.800331641234519,3.482826572985616,7.239114462604132,6.908247614479951,-6.537909051394905,-1.657300458500133,4.355047316256979,-5.508652299963730,-1.418408599541397,-9.398703444998258,5.957758698247398,-6.137054039521472,7.397662351840872,3.888866277758233,-8.080432856848548,-6.506585191551864,-5.258674255887441
-8.693332462153574,-3.347099361461259,4.477659040661210,-9.057083935493592,8.747894186318479,5.581248551507157,-7.610687918378019,-3.023424404463251,-6.106415107074685,4.995267822649673,1.629165065716485,-0.353993571885844,1.623749748562593,-8.814808566449672,4.484042831084441,8.307209255469552,9.435637410387024,-8.378333620424227,8.620302137794710,3.262718659183779,4.441188744432159,-5.795130454331017,1.070757775278556,2.080635361779674,-5.534212893808384,7.759985906682502,5.729216484272762,0.404672426579850,2.142798376322336,9.101830366850308,-0.658326208603274,-8.664591995082835,3.793496087394034,8.089077686870841,-0.867950830651409,4.857271100706505,1.802057475827487,8.696687152756532,2.912682958360779,5.697116529794412,1.968383076932405,7.469029508098942,-3.332269066862348,2.851840398488608,0.138117718802146,0.708673671521998,9.742845759169100,-9.302660205784679,1.470791578630969,-2.623039805979978,-6.845271001323400,-1.057481640749334,-3.896967729559455,6.400658344626112,-1.793582792328216,-2.826074891994690,5.487751648216770,-4.394379341053605,1.805874940555025,3.248584634353007,-2.010718236363482,6.486538896314091,-5.917177395341251,4.588177751444327,8.195547246578595,1.710310258205222,-9.661056118850809,-5.384087308604064,-9.121150545115855,3.647052115872825,5.519975333434656,-6.678701291441400,-5.343140686226633,-8.519012611366147,-8.794501163033301,-0.304998756560199,7.022830984001946,5.066918889816721,-9.295645043997990,1.043474044059838,-6.194828743473247,-9.905021780791321,-1.914517630925294,4.282094799657363,-5.935770063916584,2.933487897416720,-3.741790437203580,4.619111067658785,5.838472223392671,2.553489511337347,7.066490022808406,7.658000760081151,-8.502896964364549,3.600624388168880,-7.854365317173273,0.193398880538208,5.046838027408247,0.452420125319495,7.608843426835243,9.883458645028899,-0.124287357264919,6.033418069664531,-0.693387419437743,3.874880708146296,1.427057813861367,-4.045201450049754,7.788908047393456,4.315629773386952,-0.416408650829078,-3.625493846236106,-7.748147115791333,1.619702293533862,-6.071083584193997,-3.977123166664700,-9.596246834953080,-5.774963629964436,-7.985707567820322,2.197700387640539,4.694543407074663,9.800453976465590,-6.420321540522775,-7.727027638064854,-9.423684155886837,-1.597162914495483,-1.577970331993502,-9.305548856002835,-3.803992088031334,8.469364959173081,-4.663689671881963,-1.673952696865635,3.498932421744181,-7.319238845874225,2.624007251549740,-3.482225086123522,5.576830116591422,8.182897664201892,-7.462413917451871,8.072653563138850,-1.045608309673021,6.362573221523935,6.660450741256607,-2.433752825993052,-3.496191943378624,5.607770294459906,-7.339236784133634,7.606871838330441,-6.137962387227589,-4.298559466912040,-8.525410826806336,4.848577781982817
8.974907527202177,-2.558262922079626,-0.017786832114721,7.928751104538900,-6.376777437416270,-9.051911791060833,8.724036567806856,5.156905919474701,3.717992097667901,-7.166430107152372,0.262262325721208,3.134405766536304,-1.548403643794817,9.662377317425069,-9.047025020882579,5.429071545126607,8.487849268538277,-9.328145354350356,-0.574594588088214,3.268530903636780,5.500098478779067,-0.011708147028198,-6.068048763420702,6.822557356462113,-6.780541185353917,-0.283988455280888,9.367279044087745,-1.998351458249426,-4.601923102575174,-0.918243073677738,-1.182359943841377,3.652599616809969,8.541573497642410,9.257174247550328,6.204708441411150,7.799018014864320,-7.107272204888810,-2.460882609324426,2.484083820553684,-3.929060457737257,-6.613305257433648,9.108416285560988,8.962270980124337,-0.670001605375541,4.516038179489538,-6.695318336578257,7.861655053103750,9.001287578341479,0.809401146895819,-0.920464313345805,6.883136124724814,8.991073470862506,1.829981372183591,-6.213759087412605,-0.369653175355534,2.639408150974383,9.878622203770728,3.928809651622679,-2.458383969668665,-7.101046445739241,-0.029449302237960,-2.486167566234823,4.618731388097515,-6.366776154042462,4.946444538225920,-9.673990914113803,-7.621198439728765,-4.358948480077284,-0.267959082426486,-2.745809892932471,-1.494662037255621,-6.340111471902794,5.200808866703566,5.199612053454077,0.805335811552538,7.090658337949115,-4.674642521521843,7.685142776092011,6.533246715452062,8.744469504581172,-4.973942631871706,-5.409108665008602,-6.555316297665723,-7.089468554697598,4.564198189523772,-9.898440659498034,-1.142642705554731,1.136603843672731,3.758459307474382,5.640351087226867,-9.990657864983350,7.337126435546455,-8.331474282286056,5.716579358472377,5.762564301872480,4.545807075002470,-6.302098711535562,-3.455551486519144,-4.545179717060548,-4.364157876240149,1.149535313270214,1.562514176547413,0.737637140234238,3.997826284224644,-1.229190479185201,9.106124445822342,-2.308700010990854,-5.800173926213308,9.677452685075341,-6.260798261500449,0.283332382880452,2.193452461421447,0.625041954761564,3.079571252254667,8.123959451084662,-6.174089549097214,0.554139412342723,1.267609302744564,-3.535010064089206,-2.512812837914269,-6.768266893755763,-8.078110969697537,5.171268095265622,4.034615719443284,-2.854823032037704,4.979589541466900,-4.718913983688493,2.033272659625439,1.342363758533683,1.389862192874826,8.726771209131005,2.400688711773796,8.475247226519343,8.977885196442770,1.944115169532912,1.408233396686324,-8.898536018302398,0.699412828226254,-8.400374053635701,1.787951358524273,-4.680850077682406,-0.500963198560605,3.975694779764261,-0.159695104184639,2.898973505512586,8.772540617288957,5.311309909489312,-2.046749681850699,3.408014050882342,-3.394414597230709
1.182617556981210,6.022625021762295,1.899110201552997,-8.934941759341363,-9.743919405109553,0.246810403367650,5.643995954010263,4.594834099698538,6.477471113284839,7.495655866463924,9.986110930073636,6.094393962496468,-0.031629625283990,-6.774765426755551,-9.526179765352616,4.190776805824452,0.038856629827098,-0.798586104469992,-9.837892379547418,-7.358893258548651,-6.997422972149893,-8.695778584267831,2.181509253068921,-6.737311604580167,-2.631789473783803,1.376622264543869,-5.339061702370005,-7.839093368178918,6.277189652357016,8.597437976517096,-5.227971339803577,9.014671876700852,0.207345354238269,8.150251072445322,7.871259911045406,4.110561930694708,-2.635769771864886,5.035151122865525,3.925207606657056,8.332845581357397,3.940581878454047,-7.075038581244872,4.386604502908222,-0.066945065404731,8.420086330905271,8.019859337600160,3.467969349559612,-8.534816654311935,-6.823767826701292,6.537351239147529,-0.508949772679221,-8.149066617138478,8.673614663073941,0.459990669391066,2.647247322585450,-2.598029867024323,-1.544992167957655,-2.924216672143842,7.733423321693170,-2.634693156222625,1.495631382081610,-8.987534106166013,-2.401229289390878,8.826903327614421,-5.789460618681042,2.705983023907983,-1.078078465367945,-4.383290566115781,5.218506109450285,-9.881029554096719,-2.727683041194144,0.637426334149149,1.065262088933371,6.018943591288181,-3.079180543267201,-7.990472707597087,6.322654299408740,2.981435229517860,0.906924145343197,-1.217567073544634,8.234563320867977,-8.925546923002814,-7.001965830473809,2.698942956156998,-8.848158770793088,5.085777687012218,-8.600683618937822,2.333236926489704,-2.442556371462095,9.015349794089357,-7.768439920383465,-7.849491236630830,-4.274251317923648,0.988952549576732,6.438923841510672,-4.268359695486803,1.429057513648765,-4.044320654922371,-4.788751882698470,-0.376085331085378,7.863697447524359,-2.140821891518843,-7.263198750898471,-3.255849077353405,-9.107195992123170,7.017056272577566,2.534637143966599,-3.869109381536362,1.325758761827132,-8.356777741181167,4.208858513096747,-4.433943357528096,5.792454212341166,5.019148628889170,-6.520184043856839,9.971677428483172,-1.721044400639345,9.983709743929307,9.477361200350369,1.773786500052402,-5.369762745713560,-4.588895115689571,3.114082729884032,2.056216046996351,-3.775990023533784,4.734406417619102,6.450206755010409,-1.878126850033023,-5.082359033781336,1.840399667191527,-2.309780741472045,-4.632460885317098,-6.955839493117697,-4.324074276546195,2.530279368862010,-7.754775334889914,5.887162901208358,5.180630283410064,5.850531696674663,9.815296575118758,-3.114625729586256,-0.743697792048344,-7.623324068354236,-2.415540397690799,1.944166361975219,-2.102181166691139,-3.345382469993381,-7.818489813345790,8.145970270346460,-0.399963055202605
4.846360567649397,-7.729557334429975,9.292716019912909,-8.737635656534442,3.868259707353104,8.569373088134565,-9.066529436553022,-1.288894382225248,-9.922633513646151,-5.608098064251381,5.723398869819622,-7.845197561556900,8.804189492822189,-3.226454080493690,-0.860217411376096,7.067256429039549,-4.783768069306403,-7.079606898235904,-3.307437742175274,9.635150557952834,-1.776630960226287,-8.160775401929488,-2.144609360009808,0.328859761732678,-0.525499450363773,0.995417676891240,4.516638577401848,4.870830328013430,3.907497420255348,-9.392276322687676,0.846147607684074,-2.137724310680711,1.015059615714431,-0.813741611038626,-6.134317104970863,3.687318044059584,1.116325718710629,9.559608656102480,2.595799607595421,-6.840689260565682,3.963335602873805,-5.728203495995039,8.147499445029837,7.546212915594054,-5.999903775359339,-3.068237468476733,-6.390108097269309,1.944055272323341,3.513852402483844,8.774910284020546,4.196187285683298,-2.564658273998786,-7.711857748606876,2.845972738840000,-4.311179731848953,-2.745056533293804,-3.019522965847896,8.995437199258841,-2.733509557739584,4.696336926854105,6.479616539757941,-6.681444171887909,-2.276050710114658,-9.370025633095116,-9.943047134983667,-2.004958326513844,5.539328530753487,0.158536490175811,6.702244291514241,1.504036576292940,-9.722606373231011,-1.869544265465512,0.945005459601258,-5.748350198348826,-3.780358931258768,-6.093284597935773,-8.830233807547827,-6.840079044637686,-2.949790054751357,-4.386624584300356,1.952680441904453,-7.419568640476655,7.563319493738817,6.461103462161478,3.653931193608351,-9.377288161376221,7.418700964745110,5.067035542359902,0.923737432032690,-7.277751944112838,-4.356287921831656,-0.282250972263938,-0.763059339806947,-4.572823837913083,5.261406603626853,-5.164799229402948,4.003821190267388,-6.270397541871356,1.422500057038118,-7.581508914916051,0.247905964806623,-3.831564834521018,-9.259445049452172,1.848872953290632,4.740570691237100,1.910467385798711,7.958493467588717,3.617847905195200,-6.493652693431812,-0.105572387129788,-8.927171025425453,8.322476592681891,-9.482622901030712,9.670956559272835,-7.688956516593999,8.966831894782420,0.875758294188936,5.513929452180225,9.869081924789000,-4.728925771897683,4.376981105899496,6.817074176357494,5.324784583618330,-2.390954121709090,1.161615044543534,-2.329197302103461,1.362319152063527,-9.591600781446068,-9.334862474755655,-5.128424684195947,4.341665892247690,-9.104900187320224,-3.680298294211908,5.159242211670181,-9.820488386990373,7.689954797032115,-7.366205919306732,8.703717829690213,8.006636761113288,-8.774720784279751,-0.235188368442872,9.271220803098831,9.547164944734757,4.983728697983864,4.000246873463752,4.039147641200261,8.173354846596144,-0.156201488610247,-7.881925622784545,5.483975052501251
-5.971267674810282,-5.776133058718578,-5.861917935456830,9.921967069596668,-5.290684951306648,-4.689868447667822,0.459342608625576,8.001089948926705,-8.381182113220389,-1.874971533412090,-6.957891351055503,3.102930560901285,3.181887468684559,-0.987739563385933,-2.353748028344144,-5.862526652050148,5.306598319100440,-5.554513366927818,-4.912893055989700,4.015199834923012,4.984694957791847,1.561609115077975,-5.376443011949807,-5.806462271790709,3.813475635311384,-0.826797626934603,-3.422148535250176,2.556182371509410,5.466744370528907,-6.651770936887564,7.632795909451296,-9.996090349930453,-0.928570725773941,-7.789980332915976,9.993009670628165,8.194588895465042,-3.593299215846306,-1.210278182219710,-4.949838702350173,-7.214544780823456,-0.504788014530927,4.460634087834185,2.447432211800704,-9.805138419797899,-9.220778170949824,2.603106789671585,-5.697378515099785,-6.739773597443770,-0.727167020613440,8.359823876955996,-3.170647601247958,2.644231699652176,3.124026974221605,-8.938118102491547,7.546250170364573,-9.388924452843748,0.224465898546470,1.956819450015141,3.133448451739058,6.983207052513173,6.961105247899461,-8.155590554878795,-3.425599509556514,-6.592024018572687,-8.433783437891284,3.808347079586444,8.423118978746661,5.627572691060337,-7.879534432048576,1.537894194169699,-5.812041495076863,-9.648714001769857,-7.605365388002674,-1.425597055485504,-3.396406925529374,9.373239159873968,-0.695189741313735,-8.591041902717500,2.139893697435483,5.144070031691552,-1.602084441562786,-0.692397375072479,0.106566229762834,6.007729786231728,-5.220454947446214,-1.990066522407099,-0.522813688077445,7.559488282993712,9.279479124271603,8.450681201345585,-3.182806044115662,-6.493598132292675,4.825674317015910,-7.234822639871026,-7.268107902224816,9.446256044170603,0.207222182122770,-5.494759371883622,-1.316916051021838,-4.055247378864026,-9.254090401925328,7.209296903922009,9.546131321010620,4.495003338539034,-2.144921535158437,9.247950502592960,-6.243489690949442,-0.714753553404258,-6.560510048705219,2.291741172973927,-3.602013982972137,1.967410873806854,-3.274950202989926,-3.844420784109857,-0.987256197012075,-6.854555296941712,-7.151680873047940,-0.811381078256971,-9.219549626138846,-7.286070347964189,-5.830892776201364,-3.551896318901344,-0.908218467631052,8.805809323479831,-7.567543003442210,2.645954500791541,-4.270467802664724,8.013851428904239,5.426406030244543,-6.021048388098622,2.120044671813286,6.587120979555660,5.110993860689232,1.110524034927744,-4.693822561562810,-0.720287740026986,-0.216311542097994,0.815348819392037,9.394670978427989,-5.852809622341559,1.465067370380025,2.666986682450938,-8.384119086224384,5.791396682748546,3.000233004305686,-8.241796368864630,-0.165468548434673,-4.902597714227223,-7.861552282040131,8.345873683349534
-1.182622305193446,4.616391736514533,-8.882325017544492,-3.043056109896998,-9.223637128052465,3.223040194363707,9.069913926731857,9.527070269889677,9.485475901158964,-9.059951017163833,-8.749279106498379,-7.320647332106041,5.224174161395732,6.418125551625124,5.549059570971451,-9.458727062805799,0.880926077538897,-7.573888244823010,-5.609176795763107,-3.820102168604991,2.110210137220667,5.879945182993982,7.017342536265573,6.128631355443680,6.132693316211711,6.826345459813894,-5.698161694443833,7.684979848004151,-9.248647768965093,-1.649079715416818,-6.645037143748420,2.533777140430491,-9.591103152379944,-0.369696746902983,-9.309248853488461,-8.316791470170626,-8.736064662942557,-2.675998509091659,5.396946647705718,-1.459353690113064,4.360651922164184,-0.283029448894146,-6.927659033648887,6.398255484153083,-1.709035779049977,-1.542907502052802,1.963559033002015,-0.615637039394272,-7.730309987832749,9.444034595181229,5.766390934068328,-0.178419376132322,3.665717947653258,-1.674263372686340,-0.652122519823255,6.913144490530502,6.493366848583722,-9.274671555385904,-1.255369442532690,7.575896587322578,-1.104466923360203,2.221872882745188,-5.586769614330773,-8.279100406147917,-9.656249831701000,-3.948518289718603,6.210910882519908,-2.121166643720378,-8.332168969510342,2.246134866250378,9.477895213740833,-5.055009659757788,4.976763955342726,9.822180648172559,-8.183033034436296,-3.493109816053335,-7.097182346608724,2.797166599461921,-8.445758793519690,-1.361172381650297,-2.333038682633639,1.303330043033888,-4.842566184869732,-2.347745057869384,6.382123184651668,8.221233051503752,-5.364429058093778,1.396536483510157,3.486386339202800,2.241232056477303,5.067375802328264,-5.828540619172418,4.603695982161831,7.063896980828925,-1.227258449306735,8.015461260771819,1.867171360581912,-0.067263803362687,-6.587132594721064,2.308830735579456,-8.775232688174849,8.375009971599791,8.223792871361500,9.825568405633156,6.072937271379896,-8.162166076827974,6.074632894960249,-8.583235207339381,-2.737442547421491,1.119472498006660,9.275274686086728,0.082668837327484,-9.265601365130278,1.516536194070300,3.544556979062870,-3.445052163507123,-9.161238403669639,5.716157355354138,2.142691873761782,-9.766825808590607,4.698271955250153,-9.663382161556592,-3.507378193505620,-6.704806205657641,9.567706748588737,5.655162343721303,-8.551155555933134,0.556272023371008,-2.173762219271147,-8.920424953292516,-4.021835937830149,8.779757136084971,-4.800887792621156,-2.534798284631410,1.864394598615585,-2.479304354557996,4.441233095841728,2.308983065541824,4.112401876309427,-9.804665633479528,-7.137073669353966,1.899659607509157,-6.887964412460940,7.651857928747948,7.749207580678320,-2.613351549713816,2.879226912499778,-8.438158889414197,-2.040150274520409,3.735160639565326
7.655053805503485,5.101282643577294,2.996434607417850,4.047045748434343,-6.866089414534200,-1.922799067651844,-2.551035092470382,-8.637892715989359,-9.477701566989282,3.379133538179227,7.178592254526922,-3.331384584544949,-6.091654404278986,3.623202961401262,1.618863676260617,0.696722123562047,8.955091868313868,2.724525574181387,-8.466187165327730,9.483818960405404,-6.568178230038528,0.284115379780960,-2.574978216762062,-7.068812500638025,3.147831459531789,-8.794556825808584,7.282967615256002,1.175003573489681,-2.316464865669399,-4.839792629206705,-0.442094492380074,5.631708391914533,-3.341533713396537,-7.737640461479298,-2.241089045731091,-1.407313178545408,8.941056552706954,-1.271362212967249,6.633762490245175,-1.823521588588575,1.122248435356896,5.340528436523204,5.826130497592457,-6.445482183697672,9.313152374700806,-4.336203575934301,-4.861047222060638,-9.427229267884648,-8.307565423654879,1.487329086543372,4.815925512357492,-4.612298068103233,-9.548351311244236,5.581616099922835,8.511734617647569,-2.110786920035981,8.165932534691919,-1.331406403530355,-8.798886200258423,2.764259742025789,6.892086037293161,-0.938227635679937,-9.293122268056575,-3.615146900645465,-5.578717169879111,2.885633365428786,8.049929565861756,3.204608155962315,5.881876979058820,-0.803449264424380,-1.481362602136882,9.581395396994729,-6.092853357327341,-5.818006717811317,2.966246644516829,-0.475469237713984,5.482732275815710,-1.398876143791309,7.512836590357047,-3.679297163023316,6.258170587745294,6.332303956757404,9.215306766171086,-4.934969080094480,-5.294623333436011,0.878295246010691,8.393803871025693,5.883677608194605,3.449071747861938,9.122798614921653,7.688767990350819,4.490106674479948,2.523705468274155,5.604153663618831,1.647868237500166,-7.020419016512185,-2.397698491524823,9.639101066219261,3.469014250992794,6.990476862352928,5.439209953868950,-9.043851615110331,-8.322329698867728,-7.389514920504539,-3.363071978001837,6.528726482171095,2.114723487659999,9.832274775847651,-4.134893894290535,-5.407686492688100,-1.667561090032049,-6.425509725260438,3.775847129630783,-6.157235696194244,6.692596728810607,9.857921312009470,-0.294032262870271,-6.163140541344186,7.491130229379472,-6.512955397827747,7.983069820413789,2.213556360526749,2.261492793341283,-8.937623569698340,6.843490206474666,9.462536705299605,9.806034463521478,-4.943589720639778,-4.565880049216904,1.632013903170202,-2.018529116547809,4.741947586811756,-8.880386398155549,9.645314795803333,-2.525972292729244,0.648542601308186,1.785446133015592,0.401576813453383,-9.907203166081457,3.197241685899792,0.792249157921418,-9.614182685915491,7.085760133661189,3.197754596757214,9.119330562968475,5.246301495055455,0.240871342152076,3.725906609582578,-9.861143437765724,-1.488909059726023
-2.207411758480955,5.155152969329031,-7.892689972997953,3.442342906459162,4.192826556485361,3.606517381396664,2.579028995150983,-2.780342701474749,-5.158316210017366,-1.533383080075714,0.611011202815961,8.419020827193787,9.679402604097234,8.404488735961305,-1.313920159772415,-3.294302288828601,-9.137648055061190,-0.212011703260611,2.810837709160863,1.444253739176190,2.996138940663702,2.338041750931431,0.382020924038853,5.764614391494781,8.154784116957622,7.609245161739459,-9.137464267049376,-0.729142204236661,-4.836472530387907,8.768186146866711,-8.871777837659325,-9.654062842657439,-5.073395932741882,5.073319228696647,-6.170953075587389,3.158922333719703,-2.408802931777492,6.311915171355537,5.119811146932262,2.693473549932936,7.306068637676994,6.972277653488387,4.178923619586776,0.367390745753298,2.653357558334326,8.116776085844837,2.334671114910874,-0.089959026462621,6.999076366058780,3.256983412125328,-1.120205642596940,4.876147054343058,-1.363171860758875,-3.570106379003153,6.498600367644560,1.132336470233263,-0.263022928426819,1.497675268412145,-8.124743292457691,-0.607517521488107,-7.468607599440301,4.644796221343078,-3.085899593405124,9.719195845615666,-0.323691838194552,1.610452855205992,-3.225746958388600,-0.860102052260242,3.861007433509059,-1.170151977149022,5.484630050464098,3.159718104623712,2.030340570689104,2.389141296722448,-8.293046807904545,0.550084520191112,-2.028945244545914,3.972324666522539,-8.791125074591651,-6.895225905422270,-2.507354201552054,-1.939840040824524,-5.504101274359574,-5.245494140527088,2.325875420872478,2.683449397486681,-0.572329249110059,7.905319904043434,5.858699851451274,-2.049024724780568,8.100696785304184,7.247799061256750,4.691805363622624,-0.761309639619816,0.245147251234734,0.690501934824246,-6.391063213130157,3.469368450567220,-1.795900935331204,1.265780749132661,7.277160369634579,4.396620962472737,-2.820172378717749,-5.375267813016795,2.382554636699904,4.507752923329509,-9.381775952231585,1.872454444666452,-3.531494572865375,7.528047951076143,3.554010422519411,-1.860471476980749,-3.003969847997158,6.353077655420364,-2.847744247885203,6.481544468898836,-4.445093914105119,-1.359329962646591,-9.251073687967333,3.604192744720310,6.973227168191261,9.572711529487464,1.457865742223268,2.456195047117156,6.964580607745685,7.088482075550068,-1.350935815302263,6.188324922685212,6.774936478386898,6.832293681985291,7.153836291087533,-0.794124625746912,9.403356237993741,0.940474292427275,2.326674367870709,-1.679974703851643,-0.566028181589747,9.093200069080197,-3.164020054609118,-5.366221980006143,7.858376805102441,3.914273289568339,8.697929592586490,9.165510974473918,-0.942232934515946,2.860926066822206,-0.451014021274505,-2.759778297881228,-0.268380882985280,-2.999835228849852
-4.840387215287098,2.111934934799816,5.214930012170054,-2.634474854521245,-9.103327667376025,1.769063016132904,6.923658154599362,0.341575730674283,3.673840544980855,0.218945486154871,8.936380818596131,-1.626730227868594,2.251544271453090,-5.301244142534198,5.975450605335695,-6.891631653826429,-7.191663570047984,2.898424455112687,2.308348825061415,-5.410054260803538,1.013935858443581,6.305559486458488,5.127917549494814,-1.580821868906455,-4.507560199092646,-5.747584489150992,-3.617308260155339,3.753577311180038,-0.451721291442057,3.349995523727529,-3.733019053704377,-3.714800673301159,-3.840867147450595,-1.755681333983055,-4.816377117336835,-2.595433400742582,7.255172315297944,2.243062710880777,-0.325996994334023,8.645036644684023,-9.362711709750265,8.599127916702422,-9.112774121618907,-3.125700220760734,3.906096810012539,-6.262661962980081,-7.489057769132836,9.284169124653975,1.222764812058223,-5.482931963274734,0.497699115711432,-8.422164203384453,5.102849179078657,9.421730383022009,4.353058318763331,5.912753952989448,-1.004252583098562,0.595563442530890,1.717675625510196,-0.993383098056292,-4.700622724938923,-7.925219342537462,3.241870169967694,2.969724691269871,-8.214647847763850,-9.292396146082018,2.808382347756147,5.428954710253532,-5.631459664940765,3.606484757214087,0.838927869146541,-7.300025015109890,1.925517456995028,-4.797136230148265,-6.440580071480961,-3.033837602990728,-3.228501901812530,3.219156248463648,-9.266036018230457,9.968104586338093,0.085932272117592,7.287805598106075,1.450496403704628,8.689246574697169,-6.326842983020617,-5.079482767320112,9.021009719690447,-9.215162967026760,-7.571405932774098,5.569094174301290,7.737756234963676,3.884031543321766,0.253760753583290,-9.536585433984987,2.308481398825892,3.519404532831503,3.069123496484067,-6.752933983578941,-3.396925166632199,-6.718558455274097,8.963339862983652,6.925060044935588,0.207809196251867,3.153363219706025,9.543782339554674,6.551960170197983,-9.555317292907965,3.468393163058670,6.346442902061533,-9.519024554083286,6.177789741297200,-1.086528696549427,6.447056578251591,3.017818552045139,3.960898397132928,-7.751359197336203,3.278375143913543,2.991093105531132,0.533149713894254,-0.056904889543636,-1.456494720293581,2.639382776714367,3.425951402379091,-6.296090492811420,5.226991943907322,5.744916770336239,1.753294893452368,8.177583322998036,-3.618795850366912,-3.668687342810433,6.727049303514722,9.256786955058494,5.121721293617853,-6.986688720749039,3.058986634384873,-9.089965865566704,0.148316816782618,-7.633312816494513,-8.176027779791205,-7.930648604867936,-9.785014718716463,1.409659211736233,-1.829585817542503,1.053694428515152,3.183865881254643,9.321851488018321,9.157456302090608,7.451983803850428,2.318119162234600,-0.729727535419354
-4.679350533480500,-4.087126221114568,6.794242281559097,8.021112668944991,3.873106994153803,-4.423342771463819,5.429347421471233,-9.874444278144804,2.683734581810281,7.333786314862717,1.157383156998421,2.900738784034003,5.537735563354119,7.102906090922275,-4.052946311510084,-3.848484959823057,9.461881436848660,-4.399969507893609,-5.859989053809098,3.521164914455333,-0.669231994295277,-5.332428045818098,3.627044255521355,-5.832459409921816,-7.254965607087915,-5.250194621835180,1.295630835935416,-4.049833875023205,-2.513387452294444,0.049572817094372,-0.546851871695345,-4.140382512719425,-4.115017734939328,-8.386059568985251,3.976989062110992,-5.982635968021725,-8.785425033879235,6.818426207970415,-3.720933110186538,1.215530568679153,2.051822369286086,8.534953615516425,-0.122872563800026,-8.323905332134656,0.098137718771394,9.703566550235621,-0.231086906632211,1.442922867469289,-6.007376735617687,-3.017498037834237,2.837951937456502,-1.655451523211420,9.245256690707528,8.788169800248404,2.032632879226687,-8.223547192648791,4.975809650209911,4.470054358105317,1.982819007434088,-1.102913370760110,0.322008978419298,-9.483922477440705,3.797864087923781,-0.061252745924563,9.844174100652818,4.254084409464419,4.992800682688177,-5.680431707584686,-7.610859749394927,4.557312401362539,9.470974277051305,-0.234250386335317,7.804335878541394,7.953841342991744,4.239576595599049,-8.980283841550623,-9.062114231174654,-8.867009511250094,-3.874846790847157,0.903554031821141,-2.200799830832874,8.962053916020061,-8.516288387941930,-9.000950504906928,-4.038983738601982,1.082000689492986,8.821707536974721,9.800162599792721,3.342500030578400,-8.423601869482695,-9.111787416330994,-3.239383926338819,-6.556316764664296,9.909338001636169,-7.670485207712449,9.014070570430370,-2.726254935085386,-4.219451355043482,-2.112094990161113,-6.685521807261622,-8.183276490574279,2.341534986942126,8.834922618017675,1.229609834981924,-6.253069043292738,7.797638545622803,-8.601824220524414,-0.832735667897477,-1.761214826601702,7.518528649237474,-9.306035568625985,-5.002623721571671,-5.552431435385719,6.187446022027839,-1.629599116052729,-2.518297272190850,-5.687373414237853,-5.322761231256738,-5.298496803554935,-7.658893550725252,3.769663885380126,-8.839231867003175,-0.117578982230345,5.040502765889922,2.582586270422844,3.079680076516684,9.207447706376705,-1.513643488310931,-5.862648015153828,-8.665546795023666,4.076298171120786,-6.736048075366581,-5.503233651396961,2.152689557569971,3.281607224396152,-7.505867313738679,-0.141010114623048,2.912874957787356,-5.705906303279416,1.670836858316147,-7.488507725440943,3.765285970470167,3.585687218160219,-0.208830272749090,-7.936894117862431,-3.599536460988519,-3.811604074187908,-1.491212084562331,6.041496979098191,-2.713234150144171
5.006179748406804,-9.637578493209453,-6.678224207923957,-6.644103341205481,9.344609528349142,-1.275529022735814,-2.844703474086443,-9.874375161166565,3.677918172128564,9.443049371027051,-6.991416873182135,-2.040981076382289,-1.949122074987121,5.669056908038570,0.862656059535393,6.027088797370556,6.492441482307093,0.114818473222130,-4.785399040904796,5.226329592020782,1.533448594313578,7.522080227765429,2.438022959603323,-3.487972090447064,-9.853559716720167,-4.486440858332854,8.142243104179215,8.561265313998796,-2.826636707771890,-5.424371901113321,-2.370121210614496,6.314707176215187,-2.456516740559456,6.287459772761089,8.993642758796287,-2.203585478466746,7.908407671372718,0.732363353566210,-2.357740494255789,3.684003867870558,6.714606127496740,3.712130553193409,9.460377912014131,-2.482171276094425,-2.411500231626940,8.391731656991354,-7.968855716753471,-7.924886011638503,6.053706169416422,-9.655935604732573,-6.231155825426722,-7.802356557257790,2.703891961114431,8.297696388543137,-8.090894978042904,6.732883330115534,1.371166877532040,3.472032762650965,-4.232283803900085,2.720667544068609,3.260017694749067,-4.539587809095798,-7.133832646363077,9.164151756608636,4.776526060413570,-4.955899832131716,-1.833709857414142,2.367664858788896,-0.619868761411357,4.877998418818947,-3.106858878787904,-9.009124618523266,8.694891621656438,9.909701157834846,-2.722762977645128,0.037270924829382,-9.035443371985174,4.478545328220642,-0.450202808615989,-8.716983487250173,6.715016793261114,-0.047088475954606,8.418985261998127,1.008864238089268,1.881831079638943,-2.053462027133017,9.823572388766554,8.893779869049833,6.915923526509836,4.815847812886362,0.010575450019930,1.230048293816623,1.453599291059929,5.921573141623657,5.840177773799102,0.050487333083387,6.591492250872626,-0.347325133668351,8.043349509744740,-7.732133097156836,-5.945147549371745,-2.517051230782597,7.730374446232521,1.257463819489201,-3.634980777541093,-4.912988964820983,8.230739176765450,-1.112464127378407,-0.268965156863255,3.922633388371239,5.033898151935706,-6.562089289221626,-6.843651836303025,7.243190647987284,-8.235563117092212,7.029770460014579,-6.870235678079377,-4.415524095286527,7.927498632105557,-9.782246246767915,-3.432644908534619,8.438653019706067,-3.609741845092620,9.137020333022608,1.548896125883052,6.707303453372809,-2.511873575451677,7.729504065151723,-0.674090802087932,-6.957922743753741,-6.921846974650487,4.069130818878259,6.189864769985331,-8.539373587598845,1.493696982438035,-0.855908129342620,3.275275179429951,-2.525838421376909,-0.294184334960491,0.934661840225758,1.010458469818721,-8.165899716191189,5.768664797153047,-1.574044687099189,9.239850843815177,-9.093336783697957,7.254758871616893,6.292421340127067,0.361918914112975,-7.929533859264439
6.787139484370538,6.409607358902477,3.380196874199031,1.447074669199228,-9.585024532678553,1.411557395271156,-1.918714352095252,4.965734303394409,6.113510703788478,9.325577298620736,4.815048866914935,-8.507378004794690,8.062058610623371,-5.703019311511932,-4.521230887979204,1.442203676825466,9.128710014873679,-9.416290059442062,-4.516941310219662,4.596020131240151,6.861401151354038,-6.358993559276367,5.830639655717668,6.964065978092378,-5.442084708630929,-9.236067103269827,-6.447184903260704,-0.243429800800989,-7.643696683797452,-6.869042346552527,3.840074570583880,5.201882532657113,0.776020478946629,7.029939125876790,6.845753001956830,1.084898747176661,-0.836578773075832,-5.580104487889496,1.427100841458639,8.480915608134584,-4.156599320814984,4.488980479013541,-1.154889539550336,-7.176851302294704,0.630825351666157,-7.120556458744352,-7.765326938038548,-5.122561004142677,7.453389322232795,7.099567143683817,-1.591359154861527,2.748925508426590,4.088224198637393,-0.116046831299649,5.883273319040059,9.288311252440661,-6.018853611378210,9.335005600692526,5.789704028195642,-9.014619591903784,-5.223951781905553,-4.314053381022561,-8.698288737698290,-1.300557037418319,-2.845307097762888,6.321816622048505,-7.143973881854713,-2.524986419625563,-5.610128778607315,5.614334061544561,-3.547368121813630,0.533120047332087,3.645005503431054,-3.981892145946818,4.585025389370337,1.422763979429643,-6.212657722814194,-3.100839459422957,0.557304249685096,-8.698251531880427,7.234811074570004,8.837594607094083,8.069448012937691,8.915553177466656,-8.060085034244171,-6.301580359826220,-1.275254391248444,-8.194271872042872,4.616375690433177,2.797556090905914,-3.634550244795919,-2.763817226024255,8.749431448465007,8.275439687519626,-0.994272266793971,6.695049866677721,4.267611370892100,-0.597341888353393,-0.770337980963598,4.923334086555233,6.476241063729379,8.912475078167006,7.824415875275083,6.952284892762378,-2.218440431360353,-1.204552352408168,-5.269009105313113,-3.919372287536095,-6.005343608551399,3.373782912062314,-8.573900557077083,2.917854219491144,1.561159263818075,-7.501105244314495,8.659028575246438,6.911859575223765,-3.493860989757762,-4.827315164052324,-5.978632747138080,-7.346112503126712,-2.215810280057442,6.707484393060664,0.435068108125201,-7.253851809162590,7.939723068958951,8.079052025110247,6.547931969841972,2.266108725753238,-8.335429124845737,-6.276066357097383,4.193507796167658,6.166386251979972,-6.675546516411634,-1.581160983731237,4.363809042662233,-3.860315602293873,1.125010384403236,9.596061483423231,-1.691705152449677,2.657900557940398,2.548727734758046,-2.063814591354511,-1.089837219141776,-8.795418313772139,-3.522459212668709,9.977569059000860,-5.964261993042190,-0.547939089992616,5.678368376224130,6.748182798697243
-3.935910963686835,9.146921917198672,1.045982319650884,7.726134140278486,-0.289805301693720,6.854510148941696,4.410995133394049,9.807151604509215,-5.984606514665998,9.745363651549901,-3.573826934403947,0.547300005428376,-1.079226684640421,2.201070331060306,-1.798531898853525,9.153629938191578,-5.759392190019657,-0.678147983061379,6.963701448840929,-9.442413007120606,-3.254078663013789,-5.351783157374057,8.078284470294410,-0.416495090383691,-0.377226300480690,7.769534759002127,0.337058198096527,-4.754952983802935,2.093953846153580,-6.065520125585708,8.292057119210401,8.798930654753125,8.083857369893884,1.937287079640551,-1.194070873591409,5.113667332335812,-1.989604963400831,7.775361191606279,5.934705107155441,-4.481592298275752,-0.408888827249358,0.805495669204674,0.329114396491326,6.142625016260531,-3.244113319055746,-1.650170348468494,1.352640299923198,-9.966112253983482,-5.257675235666024,-7.552111350448305,-9.586436339715354,-4.675832966144668,9.232765847092566,8.414920425348072,1.774387792540582,-3.266408485078502,9.567906256597503,0.146528682477367,-8.361868993419776,9.908757592870721,-1.946945451595624,-8.543968854188464,-4.720651199191672,-0.824022201143123,-2.910645319972334,-0.672681777409599,7.813645196101106,8.772369031188333,-6.270879948623421,-2.535848799589657,4.335196998050833,-9.745047237832974,-0.438679401310436,0.414581788670151,1.260556872592604,9.988935535595299,-6.071075891744750,-3.187644789078115,-8.749762610088435,-9.438668954886909,-7.380341454620156,5.302798861127512,2.241912521496525,-6.816346213641918,-4.176887759825862,2.697053308341930,-0.413846484707815,9.426002970122628,3.845144991955831,8.689496425181513,7.990888889206278,-5.830560754854190,-0.278152309632066,5.456481992029179,-7.669617670951547,3.803001004048717,2.498331861521844,5.924992054429026,4.664794077207919,-5.165160988586708,3.057747576581152,-1.035036096511714,-0.529766424917518,-0.884264479404278,-6.895373965672771,-1.974325214522699,8.046595532760421,0.675425548571411,-6.624292930075734,7.231849222149854,-5.673218682130788,1.332148248991111,3.662343681115384,7.453773270098136,-7.556064948872354,0.819760826207288,-5.853627121509857,5.104473050173484,-3.634307087478527,1.778697461516412,-3.364162173212558,-4.929954925899247,5.001863863056187,7.584592383587129,6.480643743146072,-0.044478836739676,-6.956848154677209,-8.819987835360180,-8.212196391860306,2.878734366727599,0.286278712467764,7.288139186161512,-2.156294120355979,9.697726985532768,8.553724958289404,7.794803054771592,9.843883309748843,-1.247265540347168,8.363356008405724,3.835666662123224,-0.456905506617458,7.971978745006755,1.965551251832544,-8.114781008235203,3.162775135275002,0.113466821363255,-6.021623390133115,6.326570963094422,7.587747236650571,-2.772646509686625
-4.763367715968139,-4.200451925573148,2.237266984036312,4.834274124030745,7.954015690978377,4.703386774280176,9.564869511165920,9.581747268256343,-9.515831457794082,-5.848990687022601,-6.402418494338946,-5.702028982318030,5.277765272619890,-3.467277610289690,8.101239892152687,-9.503108644744753,-4.410612894196606,-0.943472710873126,7.445914322387640,-3.292683149001718,-9.097690319612168,-2.486274045714499,-3.629723450806061,0.452497495884591,-9.017792870692565,-7.261349100368517,-3.965445409240493,5.928959245252667,5.989491496657672,-6.547772048446811,3.260791828846109,-4.103838414642165,6.353033456516478,9.816164664861525,3.410937011803778,-8.267309425976769,4.282913320043120,-4.326748281470412,8.300991293461987,8.366364978360032,0.167932908256914,-8.826924352022088,3.787025443722721,-9.797866345986250,-6.457480569496927,7.804718441323416,-3.935622356080827,-6.276615829660150,-5.935925333098964,-5.116352105346245,2.045921518994820,-6.439706303775885,7.079134510680138,7.192412830257123,0.203322840810873,-6.958289822731820,-6.706944787304114,0.309879414416868,-4.239299788544574,4.953007020965627,-9.632799230695543,-6.926593838352055,-4.231693296822221,-4.426727222569768,9.009866432980566,1.147424652811308,-2.698029752839060,2.958226749893580,-5.364326781913467,-1.499336570626419,-9.398154927601773,7.939356480864671,1.247858346279802,-3.934020812545979,9.915389782714520,-6.951375960339437,5.823729618750914,3.210535488325927,-0.957710916723522,4.663656618680674,-4.884465361123180,3.003511602778390,-5.702710742868964,-0.567369463018252,2.710372231147593,0.772387284751455,8.146602211334166,-1.049089261053098,0.370794240519658,3.895168137333185,-4.326528578758704,-1.147876600684741,-1.707336828064269,-2.538204427957917,5.924954729943721,7.361724982728493,-8.874782777369036,-7.783260234632499,3.436113894146004,-0.679227812273799,-1.667836243315989,-7.919903735667382,-4.146730768167258,-2.359300660891826,9.296868661226295,-9.863996507380675,-9.494808345530149,-1.412718248920369,-5.420689581389693,2.410968848489063,0.551696351732323,7.412044820782633,-5.776323521427223,-9.210526496754021,3.061230036619008,-5.054327091647441,5.018745568343714,9.633418037157956,4.358514187490272,-3.991046947693930,-3.350068897266065,4.643942798493653,4.057458443164407,-4.652411060347770,-0.088074828772790,0.242326072583761,7.775044162710568,-8.950638648560423,2.675270293586774,-8.989213489855532,-0.123091752405699,-3.359366554481980,-8.620661884986740,-6.799298120781573,9.737283447389558,-2.125793295414722,6.158102894800933,4.909907281676766,-8.838872679596877,8.629615277600916,-6.448272041909964,-5.261224116543302,-0.410901945107714,6.343268233314795,1.752209762926967,-8.380693004526318,-8.794116066732684,6.566820197109298,3.471182929282062,-8.877590558108256
-4.698819884105636,-8.233137396450276,-6.741948102203283,-6.879550013687792,-0.868609820223929,7.064426252092915,2.145651447368465,-9.609642894441240,1.378195285559812,-8.931786841159216,-7.503629124987629,7.293685354765273,6.761586506628131,-4.483471531798477,9.618974919298200,7.320784371484564,-7.899194576041424,0.702152495926466,2.452414784434030,-7.727401310645032,-5.936702755096121,-3.231266008790390,-5.039716994650904,-8.325899589209484,-8.404963055113992,-3.981689397870278,-4.191547138261368,9.798546845752941,8.217557830408598,6.809437961501935,-3.306236618735428,6.003621881192540,-6.350740739467698,3.492188148818556,6.253263409981141,-1.048561092065510,-7.533283579505117,-0.703016300426677,-5.786855720281057,-7.779771580675021,2.005178479878465,3.902952944318944,8.364504039290917,7.830888350274851,-1.328225635107431,-2.575411174678235,5.267743458907576,-3.789021691509314,7.194099283229946,-2.356988979487047,-8.608661270914919,1.804495194594583,7.086996483048399,4.980100605402725,-2.459135312204584,9.621199340494655,-9.023346641472125,3.606288814994603,-5.580547379352447,-2.548274274121756,5.763767299050526,-5.695886502663212,2.819583435345582,-4.818772350685205,1.203531942353781,-0.215066688353446,8.140996334296105,-0.080051869313806,-1.568155755131471,4.892836664832183,-5.785188902331251,-4.802747786908760,-0.604874379926104,-6.108036118930864,-8.373002860180172,-9.617112170498141,-6.883647762577755,-8.251859350219403,9.911916028825424,3.176828776941917,-6.867887550050408,0.702290273355821,9.058696798453209,8.211270123153295,-8.673131286878640,-8.818462957975902,6.056501012085068,-0.420558786185598,0.186102305430724,2.464514585103450,1.098195446601460,8.841104230090643,1.941074024017599,-6.331303131825052,-9.228723383938098,3.958166459658736,3.781349038362995,-7.491716164497506,-0.336334214118487,-1.613095124138608,-9.885550789346901,0.096494567281697,1.254870137198093,-0.246007350741124,7.038183554488626,5.818795585534479,2.040810567796923,6.419809804061003,4.907131810159090,2.628459830194682,-3.687399166408736,-5.494124620331828,6.656313645286151,8.274727207416102,-0.001321133587634,-2.595119134257072,5.004359210979700,2.862333603658602,5.612895655882749,5.132245360276006,-8.011937171141154,5.152214471896544,-5.209509382946904,6.757601577221173,4.463619300617772,3.312293884431556,6.725194641859911,-5.404107137095123,7.855873868462805,-1.223442395174278,-3.120550766737180,8.812512146574022,2.172110604293678,3.894212764350574,-8.889680759008131,-3.566254367775121,1.984498802529203,-0.967618461702319,-1.976431129343030,5.366448119743074,5.200240459545180,-5.492070622306473,-5.025037216387820,2.814178977449682,5.877499443746149,-9.052870812547802,2.834205014679011,8.652504681573568,9.808565851764651,-9.461870162415442
-2.124547349247616,-3.192644503784107,-1.887599143877985,8.289992166146394,-2.260326108034885,-4.395100663338772,-2.058797639069003,2.974706026795422,-8.407665831607254,-9.756981524351048,-3.502715179793303,6.301742784980917,-4.770292549191549,-3.112183791805028,5.259284822877632,6.598878028891612,-5.361379019152713,0.665780967407104,4.391383640995898,-7.595914504604274,2.258572655280176,4.497639186543507,4.733466775529990,1.116700821230140,-7.833315500643801,8.556890668357337,2.390611887551106,-8.623976617866184,-4.089424681398189,-5.653989167662898,-6.192410184431639,0.456118131778362,-0.081800110703576,9.604861905845709,-6.897653577554226,2.915083895350854,-2.720123908506114,6.856521127715784,3.569768878101250,-7.774191289483805,3.080817611396229,8.521100261106149,6.083477913778225,-1.493576511789929,-3.279628934169847,-5.510367948419733,-1.854823369105365,-4.490758827358676,6.177020261742307,7.276261188599193,0.678954244456824,-4.540259628793648,-9.431897215457216,-4.177566379657474,-4.746653335042859,-2.317865923047854,-3.387351547956634,-9.592835515144539,-2.456605562410290,4.313235610368384,-7.587037602737992,-3.712587439709636,-2.770332201688859,7.854423755182896,-2.239942233555208,-2.623629132869361,8.422239889402526,9.588388422871599,7.380888896121519,-1.477589806779934,1.388401661340078,8.670941025583858,4.011909763295275,9.517154974225935,2.305861917031596,6.642252479047951,-5.085644792198847,7.431721711746238,-7.835208401199669,-1.366587653932577,-5.499152607772011,7.844153892617950,6.996006828515103,1.957950011078044,0.311294347240295,-8.909021159390623,8.057076117950068,-1.882974147297428,-3.658046396466470,3.814764603230111,-7.887392347403434,1.107520373538920,-7.264387712165368,4.473183509778977,-2.744672927600367,-3.936591172158277,-3.140375875570776,-2.821169676330846,-4.141666912901516,-1.259670633205248,-0.109178586065457,9.625980647009047,-9.155284174204553,1.594724038240953,9.852282080176124,3.590758161278272,5.057522594171056,-1.680160876155588,-1.294648310862636,-8.262722498745930,-2.627462062523433,-3.961293191505049,6.367841418922598,-2.922365388235171,0.652176410129034,-7.771324115326519,-9.339794987008286,-5.739195269174373,-8.693896679685762,6.861600782274373,-5.797545986869038,-2.268746520965641,7.486010589512404,0.904397480981681,0.394400522985821,6.084926196312562,-2.257213336940187,3.508952908865355,8.169710002033167,8.186149198490700,7.972441552884998,-1.945564025975026,7.232191752602759,-7.596426357500954,4.908601121230285,5.877753090366371,0.967913839599676,8.086506943842579,-9.883871655502922,7.328608763257158,-5.458105571690181,-6.602314365095536,-8.788514432907185,8.767009578507718,0.489147975822453,-2.594805641161524,1.342356788485990,5.490438087796925,8.813765860986774,6.386426146616401
-6.333078585620036,-4.710429983954711,6.205798493543604,-7.064667179020510,-9.704642692909569,-7.946224796593119,4.337274826260817,-2.297714401157549,6.485058629100319,4.097837533489400,-4.424259370294495,6.332827420355709,-9.444689920725395,0.336243421438944,0.707198774678011,2.714665438501472,-5.736145513728824,3.797970977246667,5.171689468069360,-9.050608464619742,-0.909985841143113,-6.846957398889701,-5.691461643669193,9.813697024339302,-9.655880534112097,-2.970919992436918,-4.472707602207342,5.099994974451093,-3.578522011653169,-3.954630964027171,-9.041219336969881,8.092735965259521,-9.535665331737725,-5.305898204980563,5.180474837126933,-6.566565115704972,-6.139897602990033,4.943225418629991,-8.395346757650788,-4.586816848515896,-4.230432868890883,2.766625981869499,-9.582198832320440,-4.114708562155696,-7.462423402673313,-0.401433876763221,-8.680270450385486,-0.604225088955811,-0.372941304820296,5.808115694545101,5.135162546004373,0.685173341771357,-9.381895903834627,2.787427917590605,4.342709045117413,9.652016251010952,-3.786435046740459,9.647275703468615,-5.030537696947473,1.341100580087932,-3.550342736127991,3.359102136391371,-4.417966774791926,-0.198006268980217,-0.292736490023763,7.524812312872122,-8.412817006955564,-2.753400593421791,3.865835953312502,2.221301332044501,-7.676784957735324,-3.204967771468914,-7.498146527896184,-3.049335083797702,-5.058067755693423,2.285112576097582,1.717677636644410,-4.209637146006333,4.124407235035367,-3.746722261534350,-4.479646793959682,0.351115022283901,0.372630477898523,2.886686034853179,9.072068629019977,-8.493335164677735,-1.187288560688129,2.725123447656996,4.107477583566331,3.574110734575877,-9.608242000022090,2.360208580591667,-4.503565282270488,2.753393764625864,-3.353176533332320,2.986704387904826,-0.655328145225235,8.896123845131342,-9.168466552207397,6.580367577089451,-0.753947521234428,-7.932700147998773,-7.197710216920045,8.778111537058088,6.678014483533982,2.200698494601546,-5.018889504480568,-9.225269075725212,5.141578477987558,4.147326881506707,-0.900169362549070,-8.996067380104584,-9.005071632339781,-8.388428142479796,6.395465095340384,-6.124521661906450,2.883558645771082,-9.104350489879804,5.096056620906481,-5.867659480616525,-3.281476739092910,2.906208166734014,-6.982784796119224,0.150028147978780,8.101381241597871,-9.136218180863974,4.203901689536202,4.915942626226009,-2.919079597669924,-4.864790025613114,8.034910737185147,-1.073905901665118,-2.393792637317860,5.703287435305421,-8.931987153707725,8.183745684120783,-7.548193162670211,2.260279159636280,-5.337592960880661,0.837999111318709,7.058552684107624,9.730862295639675,-0.525080749341774,6.676858584920918,-9.706808184446592,1.005393699202713,0.223161394429335,-7.479519664519769,-0.058336952937596,9.579571879083637
1.011198894500691,-0.474116753197356,-7.200656264831078,-9.660315406310239,2.566374960142818,-8.281911560755484,-7.460689205556871,-7.545539802449155,-7.474279796465337,-0.478619736289234,-9.027687714790959,-1.780554939991458,4.038584656199571,-1.886542454488467,3.139281043269385,-7.533370696444514,-3.535196374253397,8.290568129202235,-0.161434593385241,2.100816620001630,8.055499830351284,6.669039342562392,5.641183632342532,8.515587845656771,1.569083821532857,-4.111609376327470,6.456254049557405,-7.011774549489626,0.805585217066881,3.620699277787118,4.009959627861075,8.306464435958496,-1.945546436456860,4.526384975481111,-2.869003994165014,4.756410754748700,-8.330106653934536,7.386441313382967,3.586428032039784,-4.112621227891074,-8.370012561898347,0.578511428652590,2.800290375653642,2.312855421754126,-7.544205015819689,7.129946326634801,3.766676598965137,-2.549339617941087,-3.367043587294813,-1.606185166608467,5.189235263978986,-4.144679911750265,4.449540229131735,3.701111993395884,5.087058178075996,8.851360187757951,2.095918922183973,8.767988793082363,3.362994719781149,1.755256793501861,0.006541292934777,-3.814830285911482,3.164750897919044,7.925085469930547,4.458135312761275,-9.307226340089386,-7.345114451566152,-7.991657820244955,6.861906537003261,-2.759171050447733,5.659881441532777,3.509553012704036,-2.450276888147622,-0.942733192501565,-7.335969120826831,0.687794500515469,-2.554573938056288,-9.325852578298058,-2.872736038891666,0.827673669062467,-1.571198197288224,6.671987106617379,1.290784165449249,8.603120750525129,5.797583432732409,3.793435056466150,-0.250078042727473,-5.826267361377195,4.262087067878122,-9.816931071552013,8.567019833671285,-4.239206258291068,1.149547531470894,-4.750799146209048,-6.848757838759036,2.742453634788030,-5.350266190663790,9.810837877348824,9.789851659352784,-7.243806811782765,1.587148054417018,-6.267353514656664,3.785524198893169,-9.394557139023876,-0.918359306272469,7.049650540786004,-9.026690523025332,8.828303912445516,-4.377796023726901,-1.856115817842008,7.425101992423340,-1.408916777654794,9.167246428403470,5.710762821687478,1.398552836857876,-2.319035645888718,0.995630295334852,2.204195731999715,6.428460022490295,-5.378151403722535,-5.512377410205400,3.514648240231921,-5.705470757560134,7.152679664359365,-6.018874284279874,5.652922678486444,2.564194547982314,-6.932548484526945,0.686122497714074,-9.557830065749762,4.592636428141446,2.756931614807064,-8.596326144796613,7.308832058147516,7.688991670611301,-4.650807908307007,1.479165678141989,5.379218703607540,6.136980596893867,4.739618084570614,-7.148722549771609,-4.033391593557125,-8.642668753586655,-0.425498357045296,8.190115663028589,-5.443825939243654,1.288286287862784,8.805488156289496,-5.330904386787934,9.738458467779754
-5.770698840438923,4.223264576649106,-0.431548776633621,0.375321663550467,9.999672488751230,9.734492936735435,-6.136398980020459,8.549723233197547,7.552492366232666,1.269584852177328,-4.114427153826399,7.830341698740625,-3.226941867498052,3.785330511751066,-0.477139325003527,9.606126457706715,4.987433900059543,-4.976493877924972,6.749262716891199,7.210711222453259,-5.183186151481571,-4.359254432244541,-1.816165020669366,9.679592468111981,0.715228001076458,-6.889980039832322,8.869570634892881,0.509302553275127,-2.193058915653465,5.318025024414537,-1.610673370609597,5.556336359865854,-5.338207479761907,-2.976966499015894,-1.927557888571247,0.333173546241250,-3.796863735701841,1.543634217665700,9.528637873085103,0.019877274487680,2.696315154795229,1.656917308761310,-8.206299385349666,-7.870704242975915,-5.463105500321181,-7.138273503424148,0.995410162518091,2.849458111470236,-2.395476487230395,6.974079977553359,4.922406698063767,1.002128575109369,-4.117312043399835,7.680057953734682,-2.723124169046041,7.753933801814817,3.396345997641941,-9.944907173567277,7.081034476868687,-7.861186547089445,-5.305436120773674,-0.099552224870301,7.829661982087405,0.331456288275650,-3.819863510015042,1.050112932035050,-5.844492567052566,8.364131866809558,0.840203058144436,-6.927049816482822,-1.629760060092968,-8.427198426491099,-4.981996395506282,-3.066268348330472,6.711428643909755,-2.396427624256088,-9.661371131944346,1.811533694626100,3.514452034265755,-0.386751725088788,-0.757058986975036,1.282457992552342,4.166721543273779,2.400320649955358,-0.618693536233723,2.431315898296074,-3.975646478788124,4.052890009287747,1.433601343852981,-3.051573271607615,8.505772188545812,0.336092449553604,-7.385770013172763,5.682521292043878,4.016445753652651,0.954297931013974,4.134347540016538,-1.793465596287334,-6.375551218360577,-8.932535015318187,6.188649416440445,-1.623695995964347,6.716019333601565,-2.584703348716859,9.767582158618374,-9.330470741812707,1.617715590567768,-0.203316064461196,6.730949636766294,-8.778474973761540,8.741047556751820,5.628536810469608,8.715129715292015,0.881919951102786,1.318375030306697,8.441767310116173,3.655354606187144,-6.617068002726576,4.985246828185364,-7.216042621187615,-5.125690110525777,1.604296493081673,-9.663359005339423,6.832169178576358,-4.850292116474249,8.435996502235334,-8.324216020904325,0.815781054318123,-0.527761416456254,-8.531194044333098,-2.447539545665716,4.242753293575630,7.151657558642317,4.490808169049025,7.953516505627995,7.425766354595869,-4.585437341877540,-6.309769958321283,-9.817926555287604,-3.702963219824889,-2.235025379579236,8.818565536585766,-2.037963377585297,8.673475784950533,-1.188928790405765,1.702656452879035,6.213308395236840,3.457358534247801,-4.520945284321584,-1.208059001232268
-9.592927763756071,1.083383313500967,7.351083923767842,-1.944552811488441,3.378552356432905,-8.116310294103094,-8.441612372229105,-9.494869446344609,6.810340149360638,3.780015177850515,-4.971758296709627,3.121533924810899,-9.890347913083428,-8.892808595479117,4.001987425360237,-3.420834521549594,-3.681620346421370,-8.481265715643227,1.690968776524731,-3.823649244592186,4.616101999793869,0.940925768814049,-9.462930992001436,7.241782249350599,-9.239025004024541,9.390446267874271,-8.518342986503878,4.347770380878869,-9.167580855177363,-1.525351602056567,7.431174058431996,-1.298032899396768,9.811265218425255,-8.465412690127742,5.964114019791129,0.240129070062631,5.013548267274457,-0.141944916929983,-6.962184510121787,4.399601424584286,-3.133619554462914,3.294294891754069,5.036207451938616,8.152881152545440,4.983317885808917,3.243705517241477,-9.572955454483509,-0.608774671509087,-6.058901451391980,-7.298893584728649,-2.012974413377256,-8.732148423432513,1.529206930713478,-6.543241130973159,5.070412932660911,8.368300734057087,-8.962022081100500,2.874994905639607,-5.752301496654210,-6.676357389663698,0.009551023183791,9.906163558993462,-6.626265075712561,-7.879159958537763,3.878757659194591,1.885971603723286,8.751042881823075,8.886006925690776,-7.742043384914970,-3.143010850177839,-9.001809107368576,-1.099927061422257,-1.517448699562042,-0.854201112411420,-3.989595072495568,9.155720639250347,3.438447675684870,7.165128508114847,-4.374506384161050,5.965057511486826,-1.508109344030386,-6.714162183265861,-4.581171337071670,2.926912262442729,4.531646427734280,2.816334507937867,-1.529760841522235,8.866999383787611,8.943430290276979,-9.599510172436826,-5.003232595850684,-8.197412758433201,3.874070334466811,-1.342367245046031,-2.051424778469208,-0.135343315392522,9.219946510621845,5.398468078485267,-7.212040263796191,-5.029893225517796,-6.183555487680625,-1.726393085653612,-1.256696638067925,1.862488547828926,-9.779821594571889,-5.689957217899034,-8.390195804953704,0.873902695454014,-0.893522901111840,-6.149517338183967,-4.389893196129013,-9.266784222021991,-8.520012325913846,6.452935563172609,2.708578212695683,-9.562588205585214,-5.774169923999331,8.877139261833491,-0.695061386027103,-4.187262018028606,-0.624956181910814,-8.222098098089436,7.227309165346284,4.444051800813147,9.336793155103248,-1.306534883920939,5.037384890882866,-7.370532408251611,6.454851576584588,7.810613534357881,-6.440892033264369,7.805359468049581,-3.849680483014561,-9.878444574424464,7.898519929360056,6.541137285470938,-4.492387012496033,-4.597039389722541,-5.449765772198251,-4.060286220572329,-4.067283729349622,2.933765704006223,-0.607915034101243,-6.981228567306353,0.148081418263457,-8.487304714245813,0.677382475076813,4.148480406769959,-3.660406880849624,1.958920634719046
6.389043843836710,-2.763122617758251,-5.402090204416188,-8.163185939386823,1.751389162193197,1.991411635970595,2.585102618230826,2.473703717137340,-7.114577122654298,-3.440700872268407,4.433785556041073,7.855415809128729,-8.967583567258274,-3.351999069276528,-0.038211683605107,3.666588592214811,-9.554479003547229,-9.714665225225378,-5.175937364714816,1.579973474476828,-3.060737298520923,-3.147257745276864,-7.737209944700174,-8.124655931010858,0.048650256798892,-6.908559025163903,2.520824838877211,-5.780488415014482,-0.137375163699430,-9.271264833535929,2.679962360171936,9.081700929618311,-5.125009032625387,-0.556494803028265,-2.887862966349068,-7.871419785581666,8.447721041535932,8.005258946998211,-2.539222926272975,2.019667252088835,-5.195975986328911,2.290327266010124,2.385741598488080,-2.602011555457246,-9.458814903160999,-4.330961615409164,-5.734011479977448,-4.021198633932565,3.335735830899605,-7.010657821742152,-0.566132340965751,-9.133760754161441,0.787514172066805,6.889388128962516,-4.099878468349562,4.792218987454023,3.092771255265152,-2.127863541425130,-3.023793694852204,-4.460830082984415,8.911217031775415,3.564010149436632,9.313114718573132,2.351265500216570,1.792127299347019,1.078613330088169,-4.136869441673358,3.052122628957060,2.856782040719594,1.800363112408458,-5.991431331137827,-8.714068940319940,-1.488826524952579,3.683772238876239,-7.750032049244564,6.064361287677091,-8.343334081390008,9.500679032860184,7.907926309705402,-1.582323029110704,6.150738577850213,3.681999705749410,2.398524644714630,3.266362760799453,-8.307970561602403,-5.236762808530919,-9.138272711062658,-2.873693327815509,-8.315938348954766,-5.729147166765769,-0.134526622139923,5.385016158329279,5.657212734220158,-9.598949958259464,-9.150345750785609,-6.696910049537217,5.990139647734692,2.830772941986332,7.759266801133649,1.414253856549870,-6.157364434453090,4.875732436272962,-4.585234526865374,-3.167411029560765,0.905291033860685,-5.686970184882258,5.656750834446292,-7.286202058037130,-5.852552270619505,2.335840113771503,-8.808460256558583,7.464565860050946,-1.621674663903239,-2.499166612015253,-8.261808736065245,5.757297442793721,-2.112129655381427,8.542523039746655,2.795274270858389,-3.859942274690058,-7.025427013529248,-1.905101533012211,5.143969687633586,-2.019169468590098,-6.606100916957374,-6.091120869356843,-0.781119392381232,-8.605172450811537,0.448857837437362,-7.255018393690424,-3.130361952116338,-0.787235570466937,-8.066352098741856,-9.849356623525896,-7.933956795426016,-4.254195623580395,-2.635491808729009,-3.983440173552522,-3.974644903451654,-2.541524686585412,-7.528306614444209,6.514526506982140,3.190632668811638,-6.759409706033668,-6.141581632053052,1.526503692078299,-0.644192143262611,-2.143741581904277,3.181533580998865,-6.560353871580562
-9.317904548347178,2.159804153911098,-4.293115079288405,-7.049243824172715,9.396869262032613,-1.388148347435347,-8.640944320732491,2.627390050042207,0.196808063694423,7.635671478762912,8.252541150597047,-9.762564140706605,2.136151251592855,-4.225734970930728,4.497209747363978,4.645564526490613,-3.210681905106256,-1.398228214158673,-3.627550073385787,-5.648282397645374,5.785179603475806,9.105757348663651,3.819090817394304,1.169805857068120,-3.070108446348687,-0.802545002848118,7.539817214769194,-6.770586189491494,-3.013730246141515,-6.978242563185628,-8.664232794786940,-0.244314074008987,-3.313869860563559,-4.582889709823672,-1.060591777928142,-8.210914889013345,5.387924850725572,7.142248896172404,5.301070862518550,-9.246167169411688,4.989641193289259,6.907419165233321,-9.100883310711787,7.378798821865800,-0.295419310419810,9.906845230646656,0.500240428838129,-6.773976078459294,6.930374298106926,4.952200191839557,-8.730298765571122,-5.278316522082322,-2.175996441219858,-3.110258979362179,-9.776826350424772,3.620829189718224,0.441682021605230,2.604028321340566,-2.305509367798216,2.648732014954195,9.210527592907791,2.921851201407115,-2.759705412515114,-7.936238934636812,-1.410520972101679,-4.283286971097033,-2.958626917552798,-2.254172421128333,3.930154691295114,-9.253441419480733,-3.789372623898151,2.988535891461519,-5.452370192284568,6.966240847200559,0.466643121469321,9.247417631649647,6.815339167769466,0.127671546316193,5.305523047618635,-4.977465697354098,-7.791083938809864,7.827694904451803,7.638175390440534,9.314120862252182,-2.869554264274061,1.275729470352642,4.694391939989258,1.913796671487669,3.620295521316022,2.366410153519755,3.266352633099148,8.254819485478539,1.715870335981617,-9.100204009770707,-7.605853883806393,-8.989917034258703,-8.926146261567743,-8.828018571540250,-7.936032593657780,7.627355066363222,-3.930777318821209,3.177979170182665,9.276181287928090,7.160101800002302,-8.878985171624276,9.538804992309331,8.401412476462532,4.879685981248969,8.726545233964750,1.439780464705787,9.655021117160562,6.890471317115299,7.787242674326404,5.156825867955895,-4.286042390659652,-7.215317455564065,9.940923254632452,-6.211872352509182,-1.450246242563594,7.970160483056613,8.448751586925866,6.805101935391832,-5.112835511864220,8.044072012427225,-6.119892213810710,-6.278545710926080,-2.282908271569051,-9.800098194981695,0.568192644403426,-5.236538521666041,1.340521980470609,-4.563763356862866,5.426442048122112,3.320696456550692,2.249709564045922,2.656408139724151,5.158677302894301,-3.645781526447129,7.869016654846611,-2.270243999271202,-8.762090655617264,-1.985491897233612,-0.547036973185001,-2.735636325846205,7.865552318658239,-5.904418798758506,5.043580487836543,-5.752100125780510,-2.710296024110017,0.017703523537113
0.033335511823100,-0.967041384793596,0.640291007703492,5.294034959687275,5.230754628507590,0.201207161847863,-2.467811293243265,3.895855268126709,2.995653673722360,-5.130721341223675,5.144207055647939,2.930198445492548,9.680555799663924,0.864645456844205,1.261778648959124,4.320088728817783,-2.596277452135622,-6.409933935032393,-2.915414132450098,-3.886422789103214,-5.989829526467321,3.339518238264311,-1.563982354494033,-2.077053653754557,-5.816454460493894,-4.413339794833641,4.476398842036762,9.047963624930873,0.068813766722078,6.724903016382918,0.606999796252712,-2.412237251068349,0.628449912625280,8.458843301120325,-7.543102912620776,1.065325008438528,0.081297593275821,-5.866845782617554,7.855037514287805,-5.425135684740326,-4.722222361570630,0.007693613064676,0.807605395089347,2.370729891437108,6.041584943481368,-6.136894722603053,8.914057051148397,-2.719828042076751,2.264345553240560,-9.232762320766151,-5.158387961321931,-2.615944795830643,5.605743421194108,-7.742470580957899,-5.772829548148901,-5.659771225604480,-8.660558108147375,5.184679842723446,-5.295154678454348,-5.485401863102348,-0.903886682223206,5.756133296002165,-5.036226852951970,5.352924219997162,-6.756268041371369,-5.925874753000522,3.426389436300990,4.047490891960877,-4.886944131584217,-6.238539372368748,-4.343866341890279,-7.375281719725226,-2.803998029345316,-3.408297594087144,8.109501678784351,2.881989710393974,-6.782220867185424,9.528672185972958,4.249921352971000,-9.753399052608970,1.534686337539984,6.420972459333939,-4.578164566565654,8.664135055926103,-4.456644573725623,2.494188255734137,-6.337226019014408,-7.876653738972732,-1.721234456307084,-4.136289997909007,-3.727064637561737,-7.048915953914960,-3.654275354874665,-8.282901251044759,1.801261526004263,2.954154657274037,-5.398033611104543,-8.166271310405111,4.091030190166215,-5.059928032083894,-9.440120706092770,9.456765767737213,2.755859137155385,-7.544520858654852,5.156648411883108,8.328129845269331,2.688700386718066,4.799982830199328,0.740270739660556,-7.394874113923036,-7.620654832271125,-2.797160831552556,5.607733774135879,-8.977366900087198,8.656300193747619,-8.679986371724453,1.538334461398541,-2.887763857417626,-7.240338891625764,-6.388128719682198,-2.367589837313671,-6.086563782753817,-0.152557066954994,8.710205977756857,-0.671068638356854,-6.446965484680291,-6.235050968310276,4.473158255972232,0.030306664624842,1.062762621810251,-1.115373595594313,-4.727963239401576,-7.488489508037701,0.781769608410672,1.255049121181415,-3.958848076538912,-1.836833735541347,-4.762146492700352,-2.977729101342968,-0.091761703045909,-9.596707501502181,-3.205272196937470,6.160332958213800,6.710132594845991,-5.502792678350767,-9.443160343953521,-0.657373880586771,6.546475656407790,-9.426816920965788,1.642240901849675
-5.812835272359463,6.632605679204111,1.097508595362575,-0.118009288039396,-2.993987519980443,8.996226523870195,8.235218827159205,-4.401963090137107,-2.887771847476519,3.142870626706101,3.995698992637436,-1.814763404406289,2.026232221272092,-0.687868418117642,0.375980251585604,-4.904465760226664,-6.689992252461929,-6.494420703171113,4.708385960595301,-8.137190221624985,-4.094243504780806,-7.200697028912016,-6.750687241886435,-5.597470450069578,2.178409475580201,-5.948351787524333,-6.707847198255726,5.768126971771917,1.996397461202701,8.422775731902597,-1.738048731130844,-6.020649494325669,-5.694297019764751,-6.511322204294022,9.991424263501731,-3.299086240799227,7.709301871612141,-6.442535695254117,4.161643082490487,2.912713011285849,8.038028603628135,-6.025466641024304,-3.638019549647185,4.145551063087186,2.093659388378420,9.542884329779294,-9.318141736228986,9.243604013270680,4.173833460271704,5.852716071958493,1.050077628482294,-1.932170907948178,7.359966078578040,-2.687133470012848,-8.225666912988839,-0.716233967861140,7.359054770265129,6.069511239979974,3.129394467910295,2.652903967785530,0.021661200714810,1.700301410933216,-2.191434821703096,-3.257170774549945,-8.286293158946187,4.914202314984133,1.023454973618858,-2.070952155091314,-7.767835941590644,3.783884802110556,-6.522125142335387,5.448949382362523,-1.499373913594065,2.514997405764067,-1.905029816069963,-8.777280746088614,9.928528422323350,1.388585826337758,3.910066834114481,-9.624946120244486,-5.436057276087585,-5.820098297818788,4.181641185679620,-9.647685808415165,-5.140642349531237,-2.292531647515109,-7.739236023629505,8.728379300315151,9.184371966250286,9.082870477974389,-9.756366143884556,2.900522300143390,4.733550439946557,3.905878444487879,-7.327482079807988,-9.064884095349468,-6.289732193492812,-5.968334849964032,-6.163297130067285,9.836749263544583,-3.171442641010344,0.952222764574413,-1.969661158699390,7.640112514628054,-9.471839319695999,1.977597211446749,5.748249204687241,-1.435271129348694,4.578858244954272,-9.365552106223415,-7.362410459302864,2.544876158510711,-4.315520076233616,9.332492835674021,-4.423382969719820,5.967271237407729,-5.875639281297602,3.226670923301683,-2.214599390413012,-6.956786939325863,-4.383111036396565,6.734923275649155,8.182889469307099,-6.024516741589783,-9.419596094168025,-7.024537748237227,9.820240406788049,0.147175528377005,-6.720332152733921,-2.716871413062862,8.712283410856198,2.513933313432041,2.908989958678038,-1.768416589983730,-5.395768865049058,9.811733566354089,6.356405513857027,2.856632554665715,8.146712613244002,9.753624256223240,3.024390478544714,-3.657422472614820,2.292830815989559,6.888236106510682,0.166141282975635,-3.255468079973975,8.305170374074965,1.682834312251913,-6.289181664347446,-2.457754924985971
-0.156806535136871,-1.238158053702502,-7.217430247844665,4.828093833378880,-9.542814333283777,5.992812101030420,-6.466944468835026,5.115950540218726,9.089971113253586,6.208943118447763,-0.706451078288046,1.800097274142638,-5.716135177690944,-2.515950848988860,6.912992552847498,-2.975789616251216,4.174038658843124,4.115020596824152,-0.147025234457278,1.224561976647038,-8.039809824610014,-8.150369392920654,-0.986820032491352,-5.291558995581958,-8.064891060031867,-4.262055532535996,-4.281076053403917,2.910708741069630,2.818049951729076,3.931065474127859,1.098491513655208,-4.225350589453369,0.816704900104678,4.254682380765376,-6.123339085425044,9.598980112021785,3.498535718021651,0.429431158474404,-1.551246236967778,-6.226594515157142,-5.404038890834157,4.248092854261227,-2.503823459285908,-5.153884127187505,-8.480334267327542,-0.583899869219158,-7.352617377912671,-0.380643985177967,-6.952862291547270,-5.789765095533211,-1.861291135565565,-8.963639118275399,-2.186919783087227,-5.274323332379427,-8.867572498081524,-3.943409543349645,-5.801212052151641,4.485051357048068,-4.244456033435706,-3.389752712683906,1.524388868716978,0.368069596011953,-4.306892472675083,-9.797770003032269,-4.025995671999278,-6.088486470749070,-9.598940113701397,-6.428292449486161,-0.969492522565464,-4.119595063020878,-1.961470275807226,5.581113200701184,-5.534291564839890,-5.247110277658957,-5.050094339420426,0.987377987412493,4.549674116345479,-7.714391094484705,3.520122194503015,2.590199127682562,7.317035484288208,-1.726110498701324,5.462563426424863,1.866582984186508,2.080225022058329,6.263696611409387,7.039533753836139,7.457384932435399,-5.524537171131101,-7.296469245252939,2.892254143746509,4.179780583943312,-4.786284309135482,-6.521381645523090,-9.500072994284102,-1.246760156316842,-3.868644373965200,3.930021315904968,8.429281487847941,0.913876020467050,8.598544717886664,-6.328986335452489,5.187848688044397,6.521373734659324,-9.156696774176176,-4.139358672618823,9.948900475862022,8.113005267873501,7.453913339619263,-0.290964264474386,2.507041115537270,5.781782073497721,-5.850482465614899,4.925005112454219,-6.529860566148999,9.497364291241571,-2.058029171058546,-1.033664376524751,-7.349661025775925,1.525058781042269,-2.952437155460723,5.160962877248474,1.298631844146856,1.596698580605644,-1.700981068735759,-7.754601269215065,4.835414467043815,2.562677327923911,7.021910431349095,6.829902010341605,-3.225809949460108,-2.000431409859303,4.139610356947852,-6.711332650117791,0.131113935096694,1.347784496420893,2.696904494622643,-9.742747267043869,6.101217399644106,-8.690643501796442,-8.401567910808565,4.496272940363957,8.767917114322593,-0.961061385920061,0.236765334289188,3.720026696578682,9.454642244366983,-3.911021715325185,5.042181140327688,6.168637273808876
0.862972469270542,-0.406971097117081,0.874426135739645,-9.066861364920324,-6.871511311092256,-7.669024563474654,-5.042474610721026,-5.996512332090081,1.889920781491979,1.884152125420853,-9.800122011841346,-4.096186959376455,-0.313439273132579,-7.558816639751296,-5.254675475208515,-9.352136355183225,-0.038306887502774,-2.144761657063805,-4.735544516823769,9.661141704154804,0.286421976122613,9.488356718774309,-1.334307429240692,-5.835235424690226,-2.773071973029251,-1.996682064437234,-9.576508644110932,-9.648854555925972,-0.464210911426958,6.970900704431006,1.103699253583164,-4.732723626981357,-9.022244669546167,-7.788597508573433,-0.543170290534764,-6.487484640272747,-1.290983029441007,-3.334949926558746,9.919701534356832,0.861378020737611,7.264552450114586,4.919842364265552,-3.397204351834486,-4.597907186793373,9.267890022842032,5.841923604271663,9.814601703406179,-9.359324607121328,4.229345519533689,-8.391256682736215,-7.139169429413506,6.148149578478471,3.658886742730187,4.035491079901718,4.701166239340047,-7.360068664159334,8.250826285765115,-1.729303757909920,3.867782870805014,6.454606949843360,4.754135425418832,7.850614173422919,-3.011817397112189,-7.980628983029369,3.742406964706504,1.601401158219989,7.000845484437694,-2.089739766090566,2.172790912447853,-6.739321376272496,-6.621130174269638,-8.455544345857110,-2.067132034861285,-2.452329837364369,-8.400587994700002,-8.305447038671900,-6.488065367098434,-3.998826875702277,5.351266298445880,-2.538096291189545,-0.414215043496366,-4.309516776701850,0.755816432044789,1.234720659759194,9.141201447761432,1.896565869740952,3.066944967600911,1.417689930980730,-6.250599969036017,-4.077194640365343,0.917035758099054,-9.492870911249728,-2.004863898608549,5.478762329465818,-5.093295053391800,-8.359646639144788,-3.468727248155165,-5.118292343199338,-5.752286755222691,7.122406120136791,2.916638431492549,1.044946370870047,8.887748321990372,9.501472980659912,0.361002170124195,-1.040218138021146,-6.091439976859192,8.535411235933466,-5.967756199762013,6.833520251974520,-5.890632172228402,-9.909618854706753,-7.963373116045378,-8.810983952680967,3.847808620157283,-3.500591542172831,6.860149265086331,7.592751645600686,2.777130947193271,-9.239557901338637,-1.650375469208871,5.337076182523612,-5.323667066587183,8.832547917808800,-6.672284236542216,1.887712567984357,-8.462739103626877,0.735815155795144,-3.780269202751356,6.113574140409384,-2.819911135426572,6.745014146742424,0.999739002801176,0.708707889593201,2.295214941668899,4.946352360694682,-6.489325393076664,-1.613180497088988,-6.701320900040677,-2.937494378454337,-6.410183919360168,-3.594161994762790,8.949094963135504,3.588386283787347,7.775302218594128,7.272740005596223,4.297403305551907,9.583681822177731,7.833555199213357,-3.563996569535046
-4.705858315775135,-0.701000597436998,-6.732215559284040,-2.844606891922261,0.637372051427064,-5.320509478430509,8.469789870991807,9.019395174741142,4.063231979568325,-0.712536468619422,-6.623327925230821,-7.225462416372121,4.551795344414822,2.765621016939237,-6.628014915065545,4.440088961289106,-4.245900890241543,-6.257323009592131,6.414034037154476,-8.883751353768004,3.660122503724359,-8.769879641874807,5.108936430491331,9.878868090737072,-3.015118245446287,-7.900323679199193,6.332281094561345,-2.201299925137170,-4.831774157062966,-6.687649977540488,8.387766189093053,-4.095446317231357,1.652437573114391,4.693510655161901,1.446103881274631,-0.207200267682875,-4.993430723993382,1.917250793445291,-0.228717578814148,-9.619637373980465,-1.537827743884765,-4.375038399127562,4.212808721607155,5.655784294102194,0.045435985258262,9.541948275900143,-6.425308985590020,-4.445265731069687,-0.023550769234387,-8.901062706612173,-4.949665233166689,4.413785862685026,3.377554677508982,0.532528498923909,-9.467178652947496,-3.045861515764463,-2.365754390653089,-7.493952651952613,-7.865741663323909,2.064736736149065,3.593844271354547,-4.051582069294241,-8.518313892925713,0.276775178082161,5.283754889266817,-7.725977789365563,-5.039077239408480,-8.733303612247379,3.465209115067861,2.758275934053131,-1.724585646518298,-5.643510091757395,-5.906861892837341,-7.511241120011858,-3.189820264940693,2.591796299572858,-5.943051716530774,1.566143512569838,-4.528432374444169,7.522736621654396,1.226996175615087,0.401138944736765,2.104063332889403,-9.321939263651018,1.735839594359385,3.952786375799498,8.560696704558978,5.338399265463947,-4.150082526831085,1.258296872401424,-2.723312932022521,-3.116389958702062,6.435909532657597,-0.937744392737629,0.340518584475248,-1.264445459467119,-3.215047516310221,-6.176311762531741,3.545564428203269,-6.264507895798692,9.708515122347332,9.949061302757073,-3.263146150387339,3.152585287138333,-7.525286130818600,7.238442552097581,-7.800936084361647,2.042932727770966,4.751011619050354,-2.470116312360662,5.436938618053970,8.318444862022531,-3.930347095472555,-6.227607354387048,2.992368639962768,-9.549128773115662,2.664387996707905,0.528329602015717,-3.399450514762965,-1.620498122146321,1.488129015581400,-6.767073717951781,6.919680333234346,-1.918426774383219,2.780914923074043,7.641660884620439,-5.657872044273229,7.808351073934350,8.035168003284017,1.734888255817475,2.974715696649699,-2.612682122965262,-2.879174686036166,-5.589663702976804,2.803195452612945,7.128268287063261,-4.873236756016544,-0.151796076635073,2.566508761547606,-8.192875203540231,8.019469263494418,8.259395543773767,6.340231410720513,-5.327374936059912,-6.821458311310804,2.952728309240074,-5.794483696374948,-6.376070061468866,-0.191892257331531,-0.327586608655965
-7.767604325241491,8.173925858492890,3.167816112073043,-3.794100862618262,-0.644475323709058,5.147755216484672,2.256132100318883,-6.189257799085750,-4.229612953431467,9.487665561869672,-3.816039029232652,5.984682794981831,-9.238551270698586,-1.968361994086127,-2.204754893911900,-7.699723227022188,-0.960710831950509,-2.041929167411995,7.275411057828357,3.212319164451998,5.139478518578091,5.405647685579263,-2.285283146544570,0.699730961618670,-7.855125805450463,4.964555526621869,-7.036801742368310,1.861800202843391,0.818216372894993,-5.527223193662723,-3.247100875103688,-1.259578004674113,-0.477575940229098,0.184842484328048,6.322338619728214,-6.405676155749087,5.139373472712474,6.571785894070270,1.564718623811597,-1.597721889203850,-2.505576273067978,6.983914743687528,-8.421076685180191,-3.212109237647374,8.983107887346623,8.624991089116335,8.026251220900924,-2.316170949844025,-4.271253083654216,-8.334027411107009,-1.643708801123049,-3.745804636840806,-3.058038771641131,3.380087681243394,-1.310031396070004,7.781014591033099,2.381668218429498,3.669415155413457,-7.021989969481095,-3.473907247266538,6.035319077919755,1.436651823700466,9.375528121037650,9.870055783941982,-2.445902659296815,3.099829877145613,0.081595956773878,-2.281071484386450,5.022921596384499,7.329163768847621,-8.270405942820835,1.793946786346329,-5.088286090442853,-9.248452278504109,9.576256250043148,5.559281046107651,-4.531155405987395,-0.768853650397309,-5.595559203077045,-0.982240564239916,-1.128950291878690,9.489387599535494,-9.732728071209918,-8.026239050923547,1.224573471908206,-6.638913213913289,-5.780450954220804,8.512981448857776,-4.933652995077007,-7.919003132894122,-2.080479802696694,-6.945689164969506,6.346312469760754,8.762706316486806,-2.189914642124712,-3.504556359223894,-0.946290247058419,-7.238718939404887,-9.579805255771749,4.932359601396946,-8.078935958506023,-1.575626228578100,7.534701909077988,-1.462490023400340,-4.724126260713075,-3.005859131357167,6.974873690395349,-8.587725199714136,-6.215150958135380,-4.438988346818277,-5.249987722686553,4.353979000397867,6.316529563047595,5.270358478179267,-0.052616312976362,-2.712353873454123,2.795892214781793,-7.308087808767027,8.922087873724422,-5.194547479434608,0.652157447225362,-5.682124352155591,-6.881522766920975,-8.962956682662810,-5.667693935615823,-9.285521097970538,6.887453555204424,-4.598431103567322,-4.509543967210288,8.927197462184193,-0.470812716401808,-7.871861236009008,5.229909743748554,-2.932031462243456,-0.972044343279094,-1.099025345889917,-2.039949462053292,-2.483154548083477,6.344074952051415,-1.260956950237455,7.246925003786867,-8.557153297827192,4.301967414791395,8.270748890866926,9.572341675152749,4.953685347726104,-4.964728772781823,-6.481135363722597,2.723871889905766,8.381172620186504
-7.167917487244029,-9.936088433149040,-6.329288333676502,-1.403091793880563,-6.522857519914607,2.645571788484443,-5.562371436720639,-7.090864973129287,1.117152411224955,0.370066013536260,-4.754417269665117,-0.568691816653059,1.951301042265596,4.701299575610712,3.566835673066597,3.324957810525728,6.066184620607665,0.124238568571446,-1.700063397178806,-6.345274992422690,1.172814917331239,-3.591527220105599,0.097503905974914,-4.301161920913989,0.453545071072332,7.310776298538720,1.266219083267741,-7.325458779094212,-2.372971069803933,-8.522914734304006,5.590617242195117,-7.765375521632656,3.430619570608735,7.068890497288194,-4.749577231376481,6.757527883635472,-5.649773239348541,-2.743705293627883,-1.971462695616458,-0.990136592582296,3.557685540402106,-7.299624232483433,-8.889149030387966,8.703522567460901,1.003525015120491,-2.389542814470394,-9.859133209842453,5.983397441979283,2.218106973562442,-3.523347002442323,-8.967554203208367,7.852345458869600,9.781338839142776,3.954944161153261,7.712367659239071,2.354505669668004,7.754083753353452,9.085952588895129,9.832095482650182,-9.832747116591705,6.604764187467836,-5.239407756014646,5.971543601366578,-5.382486332655492,3.345170065746586,-2.306954115480524,-2.731726758552773,1.575507181012137,8.082443839857131,-6.510875625530970,6.109802375195134,-6.507305443295886,1.296026278719252,4.744160774897271,-9.364372337958251,6.525563298384320,7.264158511914832,6.762341799327743,7.515658725166979,7.817209176015606,-2.943417566798095,7.148204888995000,5.589582366367175,-0.007164549508225,4.511167806890118,6.526520401585998,7.627353356625047,1.452282213243484,-0.438190246560941,-3.267722312710244,-5.870853501655972,-9.267354674825420,-3.357480097658154,1.670504799202444,-4.227213729367893,8.288205154838284,4.971229319108490,6.393700154443220,6.106937179367012,5.633687070946664,8.852144337459734,4.838490871080554,-4.124745015585882,1.407065049838481,2.301333284481332,-7.332092831179420,-9.354359911942080,-0.303531435590239,-1.479876264832974,-6.735756608358763,4.867065058844460,9.282394083229192,6.216876632165302,-1.578805674691509,-0.158300460397955,-4.459229685891614,4.389901586569634,7.434409210725200,1.543354982064535,3.950316454732583,-7.004125978324398,2.911076781240372,1.220837030279604,1.633786513968840,-0.053614325810967,7.619371818796452,-1.327806356765882,4.804010173031230,8.709038846477974,8.458845277039433,2.922712084318793,-5.051303436825902,7.520511686967851,-7.974408140683991,4.880402180804994,9.858546357797529,4.717343914872885,3.130487877015080,-7.015123314543279,0.013476241164591,9.041392249821158,4.143297417605783,-7.166605391460006,8.017740901345814,8.677544180920471,2.659228652346746,-2.923088751978087,2.506247361393683,0.821701638028632,-6.335594419511194
-0.075253792287125,9.869042188696604,-6.487947263105101,-8.956324162435447,-1.875846271926964,7.320085756235557,-8.245716523271895,-8.748059016444643,-1.507264224333959,-7.976294559977662,2.227737898821687,0.488176238985849,1.166752075809338,-0.579948222628435,9.387374709409148,3.151763929102673,-5.205872936621113,4.048370998574079,2.058128009867708,-1.865681979764666,-5.275085460459154,2.298249549899831,-7.862365365343484,-3.686567717436777,1.652149401125218,-6.624404219320549,9.091095240371082,5.457936000043643,4.940953210558025,6.309612247272952,-5.718067045993447,6.553105009244543,-4.434247843217305,-1.463292519829235,-2.074789378655819,9.013733330421484,-1.397464938315370,5.481152146342458,-5.291283207169320,7.845463606806877,-5.198328914919149,0.876095622475034,5.043840025396820,3.638199285672162,9.655454094988972,7.359104385723302,-4.133043668458320,-1.869884063855068,-4.680171603585173,-8.878366931937354,-7.315878785716457,9.028106361186573,9.224357258059733,3.510649278859786,9.763955828218077,2.264231552501029,0.314778270825787,5.092945599532728,-5.388680887755706,-0.776973414127522,-2.058000175635557,8.489401943396874,8.642243299455252,-6.879908702200403,9.575991984215001,2.160570414735208,-2.309882325042678,3.388441512930683,-6.783057180338512,-4.907730471214973,-0.216830936232689,-9.995591242626357,-4.090434859155216,-0.480036069405296,-8.990391031386322,-4.432407326312797,-8.620353849082608,8.675529734680406,-6.446067068703220,3.663812631354341,5.218562264837319,-6.612741811257290,4.387896385708521,0.111706807423264,3.238216121057523,0.271618961793493,1.549138104550462,5.083722224559999,8.647673679132708,-6.197991318581595,-1.721401211410043,-5.456225441465414,1.021119426371103,-8.249141952342086,-6.717738219328357,3.301722925406512,-1.819735512659822,5.044673909052035,2.048141675167658,8.831757031927452,-3.141760339819855,3.570400319995619,4.115586100495509,1.709763541430140,3.796128713283604,-5.903998899388854,5.780565295565003,-3.025575676510646,-1.389372817124599,7.581341532056520,-0.131787009861412,3.107290057222961,-8.743796990211585,5.925523822296498,6.873013983119073,9.274522928982705,-1.914676667713746,2.777560980310119,0.952064436697837,4.724210461363555,-2.333361816208197,-5.242657775270345,-9.587212566009342,-3.777233330727845,9.899567281608785,9.948764504626254,-3.816944401964162,-5.693014681877024,-8.075957779537202,-1.714799954192873,-4.530679601031766,1.573575186626490,4.838075423786064,2.357751858185701,-4.870913692383327,2.116391031020907,-6.092900608724658,-0.655424086797872,1.706136155343266,-2.227265303967584,-8.901575597982443,-2.042458297101517,3.941130310367427,2.077791700712615,-5.760419576990776,0.010712703708393,-5.936994733302847,-0.156051504464443,-5.383003050164459,-4.079139097233506
1.809451175685668,-7.605075806921850,-6.991140099439410,-2.351846230378618,-6.819538316447296,-9.396968912152035,-5.800368189454941,1.457760868695235,3.507828579722304,7.936334699220193,-6.475152713292298,6.095886177633865,8.619391452278073,0.613972612819333,-5.645822015839532,-6.061554460116954,-7.810121266123389,4.083123019118142,4.333452526113975,-5.056300121225716,-5.703840741426955,2.707904247343222,0.660053645263867,-3.525713835383226,5.422398701960915,-5.914612204900871,-3.000870105518255,0.549091446517775,-0.510087987591861,4.140484934921052,-1.744642218771746,-4.659377427263463,-6.296465666600170,9.665872272996975,6.600481495293405,-6.260018725547598,3.698190662149415,-0.287904287110699,6.379341476337100,-3.182749940930840,-5.807867305991465,-0.800585457914796,6.389757724894373,9.604119184792516,7.889374755450810,8.239555843307219,8.309902417314749,-9.256374551188628,-3.939747736084485,1.668559369360707,-3.460823971514476,-3.020134413087527,-4.263860552615442,6.772131335946018,7.332489235706888,-4.997552565319133,7.903534542521125,6.388336017706141,7.266561647397086,-3.436141744973817,-3.092424284291459,5.408006952310911,-5.461868294615424,-9.589361791456724,-1.535513074379246,-3.485741434372970,1.429089756649937,-1.203146181020522,6.885683384541057,4.011509860677426,4.180127099356818,6.570046976222159,-9.859999199559972,0.683395361063370,-2.766331652393674,5.150879496004904,1.046981856184445,9.875604416820600,-5.769624788833823,-4.689650264143424,7.654174454056907,-6.578500209989871,4.479406502150894,8.736197079109779,6.604479664273498,7.851672874193589,9.341358933787539,6.421118319089992,-1.888228044382290,5.462140773507020,9.278094940657880,-6.894044895912829,5.495827715994610,4.797114837296689,0.766876686879803,-9.853521285117905,-5.748821362780340,-9.251119726612636,4.548647324941371,7.928726995344725,0.886855346954100,7.570282578223107,9.748901851819813,-9.640614721477018,-5.704663588933094,-2.787065860343374,4.587900735883162,7.922758963814175,2.316570522868179,-8.056799033239805,-6.123602212738220,5.201914954570640,-8.238517639693562,-8.649639394024886,-2.932953003618515,-0.743404623120345,3.044005363061217,8.621619823477900,-0.270816940152908,-4.121510673139881,-7.691470978997326,-0.544640567132344,6.696549476000303,-3.653664800330172,-5.241129226748951,-4.465159224495563,5.928085007437593,8.982084650797255,8.532255366349993,-9.457371519482610,4.454921848412850,-8.477940455317290,-1.889044483154578,-1.377436340077601,2.242340891795747,9.283573631026574,-9.321724751831809,8.304564299094160,-7.482412227631823,8.683557859897700,5.845211543805632,-5.108551919147908,9.271764183616376,0.031609809196702,3.477582242209065,2.092718065241776,1.513097115819528,9.235819839588931,2.424189869881211,-9.606953093802604
6.258830279723124,-8.909078852416352,5.894622413280926,8.176595282220902,6.636431506020916,-1.546205569384307,2.147505588977374,-4.514316147887114,1.614856788845362,-4.351215635014372,6.056879514877508,-1.038397188617843,8.625475037724829,3.057445514892672,7.754399650994060,8.278200750635850,1.786221664613381,-1.414914840642867,-3.858644743932526,1.463000690060017,0.842586273607743,-2.460389582139251,3.811541862443020,0.569199190267302,9.044789152353893,-6.560614299022931,8.378439990970396,2.255905611073663,-2.144229351563213,-8.039506943011119,7.555870365771685,-5.715085075064989,-0.686915365567863,-1.091436203523452,2.356725345426200,1.283483973927940,-8.023235836687171,0.890441052933593,3.762012054100959,-9.350315907484774,-4.583922539072239,-2.870375831080163,-8.192376595715082,-4.867716814767647,9.755419761620633,-5.176018430104121,-9.469983977218080,-8.727856847255396,-7.561361741602671,-4.760378894826189,1.501728579723638,2.991459336579446,-3.488425179606076,9.629642792046184,-8.576043492198334,2.411967878505411,8.952454946464275,-8.406514055172121,-2.732974049551105,-3.206956125366820,-4.855927821480504,0.393323140398183,1.132981342869332,-6.177786054510818,-4.689414071212856,0.360660543592262,-1.046656849831216,4.635633958695413,0.580489766355729,7.290046191923089,3.911835936821744,-5.789959074416418,1.300986150216183,-7.327183683283359,1.163073233267200,2.263441329417468,2.039686851058239,8.942939857450892,1.768157129404674,-3.910149431607788,-3.893040641988932,-2.684208054628372,8.390600476041350,4.723209689198919,-3.678330254888252,-0.680696303947677,-2.961071573175262,4.473684186293333,0.538593697365414,3.481635574165230,-5.471687283130549,4.218334126415254,6.199219142475993,-4.404856369579280,-6.680402758213702,-4.063786800529618,-2.011828488086742,-6.151998163436376,0.653070816873019,6.367498857062813,8.658416017414034,-0.781334105048565,-4.953339901261213,0.252584794376972,-4.051784812634239,-1.208610090586886,2.003832174449142,7.357757799782583,8.719303987446061,5.787469487661173,3.731666887597456,-0.487798589466506,2.235342829182461,-1.736788452623317,3.925137702718480,-5.410660058295546,1.463649416829156,7.898450119165098,-8.009210518852816,9.719904032925669,6.279989560092805,7.402885635153641,5.911626567111721,-5.051600947602224,-2.205093468067593,-8.285792033612626,2.787767932844343,8.203681075143631,-8.523842898547180,6.010167413381595,4.085469846515299,3.722698755890415,-4.851963908128045,7.704310010022272,5.705425573165044,7.023336201956138,0.225955547279531,2.038615001614614,-0.573471492421977,8.223266986350211,-8.081464368589939,-6.086866073746659,-8.624310271415938,-0.013197575355580,6.585009651816144,7.580562975821632,5.056072393613803,-8.439017977288776,-5.960600747838127,-4.095709874793830
2.807221871347259,-2.223017000121685,-4.257209011305331,-4.122785447092632,9.263455781381481,-0.847740540257227,3.893828467705241,5.808747820619242,-5.630646254606999,-9.237077770098743,-4.512421138975212,-4.989658918241330,3.340712465004394,1.851251174021204,3.064281629761743,-0.570802562243447,9.532437514999764,-7.121128724657986,2.256542262384109,-4.138508290860880,-4.210378998984821,-5.957214783013994,-8.841115849490953,1.018191489445082,-7.522915500781464,-4.000476495087142,-1.083014009694068,-5.171508605038162,-1.547944883771592,6.960792556009714,-0.129141592371372,2.841388175547504,-1.789484693413586,9.076488316373073,9.071858622593510,-1.879021985684817,-0.446015270267724,2.670577282076325,2.768156383262344,3.403400995730649,9.083477485184261,4.886670216344175,3.888886590151818,5.524628545120912,-0.061451671546306,-3.721244416355511,6.177057257247714,5.359642609355532,0.318484554554594,8.613763602722049,7.559111045987976,-6.446437097938200,4.906292117229139,8.422143455320260,-4.887432543078489,-1.823313017628472,4.416941098040700,6.191872799740093,4.844144776467074,-2.949948408438803,7.076509410438007,-5.425976517526370,4.221048533023154,4.911426883975473,5.472446510343826,-1.736325339715368,0.728589117654384,-2.420141461657943,-0.350346465772816,-5.257895607722613,-0.721612762867883,-7.141759720917098,-6.104766329940299,6.936985362781254,-1.827034477525000,-3.288535225181231,7.890216549680773,8.414551004110304,-0.052495060738458,-4.147120976028082,8.946725712417059,0.421118110820512,-7.656898431735167,6.848804397345145,-5.819011282735183,1.791196804442157,9.330060595226524,3.622503259854055,9.211388931077426,-5.132177078849396,-6.808201163969361,-1.017807562112358,-0.389493838188770,-8.183664944557664,-0.235926018042651,3.620507811499021,4.704610759387728,8.578733014913368,3.453466436320596,1.661644981107779,7.057897989350934,-0.202386808272205,-2.495907543726528,-2.186420689863056,5.027679687293908,3.781610616212292,4.139324971551911,7.167067606520419,7.377699261451781,-5.580438574640492,-4.209848708765572,-0.867261085883879,2.581631457228429,6.712505904077755,2.536148216343577,8.130065997987266,0.995152234006671,1.587611920140059,-0.053045577486689,-6.352834982681679,0.112837210907662,-1.534886218884692,-1.923386466985054,3.805546410556527,-2.013259422625133,-1.720513397898355,-9.426389968864111,-3.702726068806676,-8.383781431353569,1.735591742154108,1.932138601891467,-1.352495380601296,-0.822302508506411,6.554690377689056,-3.196968359589905,7.031835469565376,-5.917108510379658,-3.190682297207241,-8.365152554870328,-0.641766462017657,0.342048814487125,-4.204108645792106,8.717580218832250,-6.869051241108561,-0.870925864121935,-5.649861489747112,8.746847418325242,-0.895011823105458,8.112806393301703,5.506315494756208
9.879872810171136,6.939493763507176,-6.492222289476672,4.698677086646939,3.095796156938384,-0.497414609866436,-6.596606319266374,-4.043336233509997,3.049577706534791,7.812713016406928,-2.317565431749749,-8.203535149912307,-9.556221258417946,-1.185195543690106,5.738185202516098,1.214629652744566,0.386699503305469,-3.402765551577740,-3.208561232995373,-7.301221863598293,7.175614807573947,4.095128180483695,-6.715726877278552,-8.280357564739996,-0.360770327964577,0.311045773369990,8.753039946233940,5.783209243680432,-4.374086794958131,0.890527842798473,5.613542394723705,-8.427610046079588,-4.908548550509016,3.256089383875002,6.056065465729507,-5.452101118477444,-4.371955217972399,8.456434765314704,7.727389248549770,-8.076099214210080,0.089470878488594,-5.424934698828636,0.123248814235373,-4.170419643736796,5.445731442843062,6.673783419917012,3.177349358980520,-2.369985415271847,4.017740296077054,-6.791934991428721,-7.262247964910324,-7.395567572885793,2.286452655371860,-8.262375030734157,-2.635450043622908,0.502713156615169,7.940856827828078,-4.992985089517576,-3.754070949431330,-7.120627487645709,-5.484546735353324,0.669622027785923,-7.814720588413707,-1.373722714103693,-9.382890839766834,-9.109823089619786,9.115491288679962,-3.384376335485680,7.355860941053965,2.654648337399550,6.717846038938969,-1.635311684578522,-3.632578273328888,8.286935421054743,9.598305476805002,5.986082787298825,9.495692858240137,2.576703084976335,-4.595018624287118,3.223587587729909,6.742234525126303,2.669507617993403,-0.376647973525447,-6.486851190643252,2.731556987676381,0.290145162286233,-6.400130870354799,0.671841727211699,1.488471922197860,-7.225950520435333,5.689367941216863,-5.277254492511634,5.472698946030903,-8.080889489884836,2.644733897193017,-5.008974350575349,6.881594121174558,3.610176810998926,8.148794193910206,-7.882044537484183,-2.717519775817339,8.894777082035315,0.382985511346885,9.392888657468564,5.829971194165033,1.891484015845066,-5.926654327003482,1.876235323700211,-7.792786441337030,9.093888187724598,-1.032429661594790,5.893797520649080,-4.618514347230215,5.383089777937311,5.017685649590975,-2.265373852199694,-7.047276959068787,7.073204410210082,-5.708459183066918,-6.019383192264680,0.869382301910447,-4.154534544740782,-0.923072904440039,0.460967585188548,2.601144810840211,-2.185190263454633,4.088945023790611,-8.015715789612099,2.141906639390129,5.318106320104514,1.201952731318423,9.520766454890328,4.977819018237748,-0.021783895221844,8.897076786352393,-5.756090374681442,8.549839877680956,-3.955954680608301,2.446350008330697,-4.621944472495292,3.402927022926526,0.157743639585666,-6.633548739749317,9.747747413047428,4.176855461966110,-6.965164115359221,5.293779060642747,-5.085957151699471,0.381014726404544,2.811638209306102
-0.158159284539405,-3.988259141199453,6.620851232852839,-7.759275780876220,8.592787995317707,2.858464759068998,-7.974611189218201,8.472691978111641,-6.051285093277365,-0.466986313772113,-0.034759270676885,1.990287202151036,2.790772446334994,-4.472328787709101,-2.838572238485768,-7.240660996879797,-6.423869496119121,9.050620147291767,-1.422951108522268,-0.877131030692237,0.738324451815162,6.697358772106956,1.778848629033202,-3.109752732779043,5.970911072277927,-7.547178228911062,5.929837028683085,-9.844431799559700,6.984852250796926,3.156524779179428,1.536895561402009,-0.364815635943089,-7.435345864186813,3.222024573588108,0.598983027296494,8.687968706789331,-6.869762379877463,9.248009459442699,0.075388315070622,-5.994890926322165,6.000027407717681,7.933897741512585,0.311498954954088,-4.088763605512797,-9.229900085064152,-6.010862323757928,-1.586950773072520,-8.351197898653819,-1.385318639596086,-3.384776475135718,2.740873805901940,-3.229596559765692,4.325072206522627,8.230340349042887,-4.272786110286431,-1.972517533861804,2.274548479352402,-1.922658048222718,9.629917342424140,9.489706256803039,0.592916244452377,-5.656483532507981,3.491073433827459,-3.682822191884123,4.276755473374635,4.393333135203804,-3.042074754559431,1.085953707124020,5.322802727703360,-0.648559624373220,8.726694366852932,0.105230755428797,-0.663559437805194,1.361414539517646,-5.414040144132571,-9.156444846825298,-1.444376530262325,-2.172883366653586,-0.293359522806988,-1.226318066794514,-7.299321649541659,4.830325889281738,8.174266487619789,-0.393967302126050,0.848257352155812,-2.895699590995704,6.741348567905586,2.274058010459951,-5.764303086575355,7.835362044614708,-3.590412862739187,4.763609615322821,6.700285682950344,0.346048501079846,1.155251293215553,-1.227080140491614,-6.360665547825257,0.304963630033114,-4.134799611719576,2.954602523222892,-9.332353324261994,4.300075237007272,0.919821768282294,-2.393180664863623,0.413319193066094,2.157155980049517,8.543135729217457,-9.050859851105228,-7.886658607587956,-5.465370819806699,9.492557083271535,7.440846976815759,-9.868824649414918,5.935828168937823,0.981349700780394,6.312092223421615,-8.918478693628471,-7.649177057790300,5.321134763916078,-6.722564975958043,-3.376781318918923,7.284430828131260,1.947174407129442,6.813521252143083,3.806575659588491,2.258640814200579,-4.575793244241639,-9.255905591653008,-3.824328822432525,2.716528213679876,6.293605790503072,-1.502434971851923,-8.289490374231969,-2.626679951355920,-6.472685623413053,-3.357046907534360,-1.274857540893798,0.337637163934097,-0.714859074197845,-8.499220346902366,1.702037922386712,-8.197540763039990,7.006648164131949,8.859048128645878,9.072033248875599,9.621876363702473,-5.458819287973236,4.722570453981760,2.348825149517278,-9.242596866722801
-8.535733787503165,0.358423569546854,1.081595202079368,8.985228838325323,2.749044979300468,-2.305179956959165,1.495753522233358,-0.148247225445825,0.591011368773763,6.373142468153635,5.601221467667783,7.559784884311675,2.962323372868612,5.779440812321454,-1.756262493742575,3.721650818243321,-7.390068143277249,3.558341951885641,2.572793942003974,4.410896600535937,-2.957786683495740,8.479824998148466,-4.729183182437158,1.128913072843261,7.628396914569645,-4.542233662403450,-7.470853038083469,-0.228994733094778,-0.790401804941020,4.210221691190213,-7.666425643769896,7.164782655837783,1.138651314281994,-3.355253440745130,-1.351186523859910,9.102410421218945,4.913935690115572,7.758903735579818,-8.403017666067802,4.017710719931916,6.737186231569115,-8.960195838093782,-1.652551858991194,-1.567041162432478,4.637698650621338,-1.955974167867140,0.791476659626715,-0.522134644190018,3.527454698700328,-4.244809492800632,-7.030697005841093,-3.964163776259801,6.495889769687274,6.623985679834384,5.660345936972515,-9.558212868071321,-1.001731944209590,6.764724186971783,7.951541087406333,-0.689875217074567,3.543874553883997,3.084552019509331,-4.424945062950894,8.550433782356450,-5.361424484034414,-9.784589797293659,-6.736294109127570,4.986959568133987,-2.557489588401152,-9.469741086785234,-6.346224574519712,8.122130690870726,-1.212137399759554,-1.856783337249549,-4.939092597129433,-7.353009292684780,-0.053372888087013,-7.669616398466212,-6.768972204888037,-6.690790808937200,-0.593301228839708,-4.083916478674352,-5.685154189900032,7.431831570507555,0.586160262245505,0.809989262268594,1.398497055521837,0.674004892034329,1.869200436713419,3.238837437821111,3.469988260951851,3.845794038643060,4.001462627568586,-1.060774263952055,-5.651092954264452,-2.780955810859753,-7.535599559213488,0.588021287338298,5.948981164666423,0.430790402281529,-7.113144971523811,-8.537241487653962,-8.626110291317179,-4.351868572870994,-5.174331327312267,2.450634183779455,-3.179954894713988,9.391782326714740,9.945498144288678,6.831176716265198,3.634091413321938,-9.499442784151347,8.808319574615581,-9.435062711078805,-4.201285415369500,1.558049394800546,4.644340809652459,-6.534213168988614,-4.421357630767375,-1.547101979000900,-5.682376855806018,-0.966773071085720,-5.561414877812140,9.870045264617143,6.900335900650717,1.754179763570743,-7.182635096448166,1.452581136878823,-8.411196440346661,7.141238939987748,-2.951071579248867,5.244463265829488,1.149553747165511,-9.371189792935954,-1.927267852493781,2.159408951647514,1.668603740014387,-1.309735214683478,-9.279400951790880,-6.441279450338855,-5.817400579779992,1.255584830536447,9.942177930871900,-8.867037664976296,-2.721419145883830,-6.555504196282744,6.890805671686302,0.398758106859798,3.479702179934041,7.998033750070377
-7.859244187212589,-6.347880000905017,9.314891049241435,-1.348106694315614,4.372780315743199,1.437167359010964,-4.079327292149985,2.671078972155961,-2.302475892364900,6.501356716250676,4.258011075424522,-4.564492997004184,5.699678778476633,8.790197104748700,7.800404016297328,4.119681753502398,2.024615870858572,3.648595174684923,5.093775367780818,-8.676792436657566,7.523493427054067,2.088354529080119,5.325767330842377,-9.709796549258074,-8.252085214768218,0.303290142619780,5.880034393981102,7.656726739525347,-1.993082114763165,9.812345217002250,0.301399784829091,9.087100890583425,-8.510890298985265,0.004276492924099,5.078033249009241,5.615502076150111,-3.605944342814840,-9.056683842396229,5.279947200235313,8.114428419675505,6.793921153514745,-3.383158961523431,2.991196702377916,-3.871397585212730,6.851513888287329,-2.404412895032461,9.349443299483539,-5.570195732212517,-1.080018031290813,-9.261260744815187,-8.325583188541605,3.485671233394269,-9.282714011732660,-4.512876290433862,4.614391527540313,0.606710825099420,9.943439466291622,-3.092361070100105,4.830553415726870,-7.120518635396911,5.283878983416745,1.827251390419388,-2.759967826223479,-5.923337365730996,-0.669145049918448,-6.368007740371762,-3.246815077313787,4.355025616407069,-8.673775486731783,-1.183735285169840,7.716401754888949,0.685760984561412,8.573563764075615,-1.758514092487292,7.583821653331402,7.182171857347292,8.627505433982083,-3.124805828836248,1.274178052843107,-7.817984076820846,-8.427322304569664,9.889078401551174,6.077468381009709,-0.021605328240748,-0.318174860349528,4.735205798643483,6.920465458561601,-7.308122084271709,-8.332051733032008,-2.116069998741226,5.114332643828590,9.557278550827178,-8.048932304104250,4.344499181793442,-8.738975139379681,-3.714346756193530,-4.715787502984528,-6.819714539828439,0.192614242089249,8.393755146644651,1.008920981681383,7.525179940407057,2.415579326989201,-0.033677873427376,5.453385340856450,9.297729605422390,8.774294542130527,5.766093093917974,1.486452964874294,-9.060003566604319,-8.743030765595046,0.005241223549326,3.043044212079113,8.472020891468080,3.446504498874603,2.098222835620163,-5.190291113717573,-2.400374077144775,7.609093624400060,-1.687318922227167,7.868119628701834,-4.668918362623411,-0.571574514886725,7.730104264819023,3.205719552189173,2.873544131064079,7.543513656549504,-5.509287413701016,8.761283322230724,-6.374601860920761,-9.793455282521284,7.695695615946534,3.412477204526372,0.246177524969520,-8.838161792291411,5.190675506716264,2.388303340740055,7.344971524690216,-8.559747280007247,-0.968728820124580,7.215525371865454,-8.950508148888909,8.045787310825428,-2.907368604482564,7.484472714261003,-8.531389728984065,-2.938808001246351,0.352902186955472,0.936912772968764,-7.906810264012424
2.175657601929640,4.520642797735704,9.402170343465841,0.011660426125228,-2.404183824878747,-7.673820125940933,0.587685591845219,7.406991740641434,8.727829068305489,6.147665247688575,-2.858364425607151,0.049881550247123,2.316475975619717,-4.043862079624931,7.295823790316369,9.013092780461093,9.926482580135694,-2.175484093771372,-9.316889136893991,-1.210051323998663,-8.256752770129864,3.094787956811551,-7.965740890742699,3.190119048581494,0.098802755219641,-2.427394366058124,6.212682168006033,-5.128873009494126,-9.803932143824026,-7.775913031288397,7.525503819938770,6.836949644096858,1.205854507162041,-8.488353063688823,4.297109204915389,1.016208096124899,-6.081132638699966,-0.921861177998567,-8.076645308791470,-4.140571920741152,-6.413327459891455,-4.507764756971282,0.732398846544571,7.020742091379368,7.555372017143483,1.489899808816350,-1.729183380943713,-0.153414486751846,-2.817139981046557,6.694813877402868,-3.107427465834833,-7.901821386949521,-7.210104216085094,7.902485478960568,-9.708578119605807,2.404909248857269,8.152330447295633,7.509905079729261,-6.038111717910370,1.005669983445753,4.413308989270931,-1.543073755729047,-9.534908074218734,8.256429174482005,-0.124065499596020,-7.264120281574746,-2.558225239522736,-7.147538167759935,9.691754914443056,3.916905644908065,9.481671864420282,7.262060162465808,1.894704249567358,-1.394751156383073,-7.193115991911016,6.591041878793284,2.287833397745796,4.809093834546832,7.440532428476420,-5.287238970238350,-7.863866132643902,-0.590847675618173,-7.287855567316422,6.292702675101388,0.831252443122359,-6.781600064622308,-8.648933759698298,-5.023091512514686,7.526805318393105,-5.407035792960295,-5.836448757417482,-0.970132935701610,-1.487238321826752,-4.603361767521261,-3.692472705738894,-1.154239502700962,-5.112348992582188,-9.687979263373714,-1.102779069355060,-5.574946984378879,-7.822954816781619,2.810740370102707,9.137959588561866,-2.955504157856909,5.753208397824219,9.277979653401037,2.830270459689391,-6.740664373206928,-4.196980156225152,8.451367632043837,1.051585498658561,-9.984273011901239,-9.426561489535317,-8.872407047728395,-9.445872186958502,4.059367049977139,3.693602260846856,-2.001817717809169,3.465460451743688,-5.373732664440065,1.861720136032654,-6.379065523036578,-4.214969689075887,-7.971498519636857,-7.779732268900896,6.534645852018521,-0.016696137944548,3.217908952831037,-6.575622580301173,-2.116741343353254,-4.855988686829591,7.697311771577439,1.863851380776186,3.266626129243782,-7.928150686599265,5.818574860442098,3.634432261023704,-1.968878557224228,-7.346569561409124,5.112106675260126,7.806346108418051,0.337166699584639,-6.601199887978028,7.636036669268520,8.393255665476442,0.570748260725271,2.939255070213658,5.200532137418337,-3.590621802572722,6.821418367989583
0.248354650651308,1.640413215571899,-3.744980789400003,-9.476590802766738,-1.378168804261957,7.908973887725573,2.816321435804712,6.006199836788273,8.725089902480899,6.128425790995934,9.898329492341475,2.454711840852383,3.861526417059075,9.638851808523185,6.746494836204963,-1.034375972374203,7.229379893159827,5.511704318272388,-3.158163915963820,4.160718231128778,2.540060993514546,-3.503250915000744,5.375866926197563,-4.766388776438919,5.942419186789705,-7.740071252053083,-4.114057497377274,-7.253161068009759,-4.950321848342034,-2.818819842832106,-6.185111837210653,-6.395691749626467,-9.552345349344849,-7.878530116156264,8.499954763202467,-1.765270089659401,8.883077686564210,4.868122908384610,5.825671451113104,7.331541001235198,-9.785711714049047,7.615988022197506,4.128372887358349,-2.447846087891032,-7.578191800471927,-6.606162461218295,3.805537685789028,2.483766035308864,0.655857192244170,-3.944350301411756,-8.520097728417348,5.893450784575959,-1.242628687554205,3.958056591823027,-1.116604825809572,9.175037163291979,6.791195350349117,8.630229339370256,3.499676833735236,9.537133244759097,3.350989630331130,-5.815474616688368,-3.706864923613336,-6.728975600795948,-0.859066605651805,-3.384697478665569,3.437927060797088,-6.797354542662539,3.473652648230656,4.607938450703424,-3.275826421485584,-7.400710614513808,3.628557022145010,7.941026754910933,4.472190632089125,-8.971516170654525,-0.769747778780411,-7.390555045161273,9.845009953185770,8.771847875003502,-9.641755512512782,-7.076036441791384,-0.825636363826529,8.107388966584288,-8.819364567678832,0.270201948465733,6.555154936482946,6.149150084138931,-2.652960169470284,8.528398807095865,-5.100783287104358,2.518337977377454,0.579602658365950,-2.666471838462536,5.177395776316560,-4.207455943870952,8.270739707104333,0.020368376994192,4.915774194612938,-1.259967438883214,4.584136235390501,-2.298092294266882,7.744108468741182,-9.765493565611649,1.175475065408547,-6.630265979015812,-1.718226740571199,-0.572174933287686,0.061278732786681,2.453938823973418,-8.263201036204187,-1.213288116391853,-4.765203226843447,8.639623987475378,9.872514331615250,6.099856707846879,-8.379664253742574,3.683554386862284,9.855455624613864,2.228542351310063,5.652175761320047,5.921227791626546,5.385261953057430,3.098843911871684,2.700102548393772,1.867971565475679,1.349500170785060,9.096339907374041,-3.821347481455506,-2.588292110167993,-3.250311009692457,-1.822109197478504,-6.387530237074426,6.936594418851403,-7.940108438335267,1.647981598475583,-5.460294320374361,-8.152983019322280,1.021600700629204,2.890187095793934,-7.643337211343722,9.345176326312227,8.645938905837372,-9.856017678047351,-2.134921195107200,8.479938898836032,4.101676186298500,-5.949111802582523,5.492557827256078,5.851922276558959
9.892830798250081,-1.456888212218297,8.966495764191119,-9.730422467419920,-7.855852290749099,-3.259432153788517,4.998402582059061,-2.319119586413356,-7.462138817242552,-0.616275034376191,7.231596498162858,-1.527978159351193,-4.478868018898434,8.290054336124562,-5.351703498594194,-2.241170201942215,6.112479595990177,-3.283137617302847,-2.262511518707935,-7.595830821210807,-1.289824861775557,-0.658142913999660,-8.962210646265829,6.934859370102487,1.616448566391018,-2.630475222126945,-5.481828325287285,-5.563592091529617,6.112108584969434,3.295751817660143,-1.631400065594761,-8.992356442075609,-4.077119344877531,-5.932234907153344,5.766524342577448,-3.985771241394556,-2.139632678297994,-4.757771255041161,-1.098912366827317,2.418482346984515,1.478769122853617,5.432751359553169,6.990373571993874,3.577296642591882,-7.054287671123818,7.320884817035761,-7.696835586226718,-7.069125156764688,1.683799003211931,6.961210578620417,4.090647205504602,2.618770504248094,6.211994978374381,5.259568370290712,9.951132643719532,7.513046396478302,-7.931546525588058,-4.432926399994937,-2.034446954522977,5.964980237130973,4.324270638477497,-5.998628349405681,-7.672374476965855,-6.373531446804073,-8.427380611758192,3.472556820915516,-2.926729134487083,-5.260824470267820,8.130772426226397,7.219743549009653,8.130293655750656,5.933952826218240,8.172074358420890,6.891316392091227,-4.293238057241799,-0.913773590810990,-5.971444401934008,6.130216544366842,-9.418536435491303,3.725735459306129,9.070512999571712,-8.777403593398176,6.780086183869003,3.713985115016003,-3.727955833328441,7.002793332757825,-4.040067105067808,6.870414872571033,-4.072032384376582,7.653285934436791,2.571667857138426,-5.439226821745398,-3.189242918227258,-5.856404762166465,-6.928370632542402,-0.828057596906346,6.835375439943896,6.605369607872952,-5.067063492841266,8.742974653371796,-7.646103359367798,9.593971444703378,0.606870754432755,-5.027706426564629,-8.447060976856713,9.061545624998729,-7.593942500824160,-2.435891867211124,-5.851112389899038,6.056598387592768,5.280817832983205,6.333274159569108,-6.593008142940374,6.093482313863777,-7.001108414605635,4.739121784667770,-9.991360239066562,5.410412768742203,-7.868499987734364,3.498465139981114,-4.510766636993817,-4.712536280389661,-3.802107890314232,-4.919004965838778,-0.724274378301716,-3.393063822734115,0.174980530595317,2.641485657146802,5.938256441095058,-2.133322784862692,-0.416106563001561,-9.349787258719244,6.087291577489346,4.700925184464246,-9.800977712224810,-0.560277175616610,0.479436815604185,-3.195435268875613,-4.086515195049866,8.091226008789498,-0.435846706517264,-6.690793450739625,6.162251346999494,6.070513659613077,-1.295421189320480,0.950520579288455,-8.176225543480909,7.900223570074559,4.938566883385340,-6.619786283194031
-5.373388289604700,-5.672657662528408,6.157007150421126,-5.199113254468594,-1.199377651476111,-2.081541301984848,-6.504302850396178,-4.028232358609662,0.971813172792441,-0.041756300335553,-2.810363939720220,8.770242424300204,-5.258784212915486,6.944427616963342,5.391095747209160,3.388139791802962,2.574722975742191,-7.261111555251887,-7.430853616873869,8.426848561748017,-9.316900305211693,3.723865704321287,-1.883794934799877,-7.872049130118757,2.944990093946068,-8.781223479515617,-8.724982154108154,-7.333678313207892,-1.499461552376056,-1.183193174869587,-7.061364813239638,-2.533283454100221,1.256524988292906,-6.052016916511890,-1.518761606324968,-9.261220611570835,-5.363050848074026,1.761265121175482,-2.806906447189476,4.162403030163350,0.870731459697449,-6.809403830368628,-8.289180472493472,3.188509725364923,0.028092905195091,3.654973984650061,8.175059074049273,0.111673490562147,-3.645434693355554,5.559108486241000,-4.935588653286955,-3.825904401625713,-6.020093633232124,3.541012586746179,-6.172650779655751,-1.281246513513189,-8.738821622264748,1.979428085636703,-2.615919743448476,8.182899611805453,-7.632083064260278,-8.020247681115167,-1.750742325768581,-4.221751712684918,-0.649794189342739,0.494598996619233,9.583664253350186,-0.104589141048621,8.237620216074653,-1.252931894549011,-9.510149157304173,6.577538700329569,9.844193559020638,9.075207306922323,-0.266549761665878,1.358506588771586,-6.430897147785323,9.634970383541162,-4.213074526075300,4.136284849045673,-6.182197881126427,-1.840863561507046,3.401509165423246,-7.056455148625885,-0.048723056587679,-5.592779171880567,-0.387188061721202,-4.148935486901242,6.744909251907945,8.299390637358321,-4.807103563504418,4.368999517410986,4.318176496771109,-3.292162102673377,4.208806778677763,1.943550317954678,-8.326152065482530,8.261753965012986,7.849479067963458,5.751943100553891,4.284690853807870,-2.692050201681453,-3.329261525900398,-8.669468444520865,5.157010048093563,-7.241550711545917,-9.966683463481321,-4.397435971832220,1.447658332148428,8.329698225251022,4.380449466025972,7.760340947473697,-7.422130403900540,-2.407024671637908,4.558493599046900,-9.258924160361770,9.709217230122423,-5.738495914701516,8.296026202162565,-4.722916070470154,-9.742770654494336,3.596993029281778,6.267002330063129,3.927758347663957,2.672636163048933,9.626616289192903,6.696645479749947,-0.967108461338032,9.493064168736836,-9.252630224447708,0.505917806359548,6.731239247744988,-3.562779271989034,-3.152513226898892,6.496388517913491,-4.390912712352839,4.254403676081889,7.263221897516399,-0.792930938059783,6.130084219830433,-4.645696299503683,4.952580033477966,-7.769232625332744,-6.157545585097028,-7.968297727545206,-8.882350342371659,9.772853069050932,-8.941311686096478,-8.157998330705279,1.870264950285492
-6.305058454034070,-3.727333258535506,4.531898992380608,5.359809004378477,7.436445619238050,-5.119546529675909,-7.040432052991823,-0.554533930120639,6.066429884950733,6.605459395558512,-1.499908716501528,-6.041196522186985,-4.977992564815718,-2.377804385020506,7.416631185578467,-4.307070012786824,7.769169947168972,5.404064557488287,-8.536640363263503,-9.189605733977576,1.024359202112180,-4.815812915218549,2.467070173472854,7.633263285735477,-7.414317167853063,1.653010488564817,0.320036855006947,0.845556126336726,7.366594933186711,-0.121382945646662,8.100839161210555,9.649224166515985,3.705355796201227,0.220690841191660,-3.557247008758095,-3.796244019823829,7.422124575262295,-3.833340455159751,3.763580419240458,-7.975995687434223,0.182962827535443,-2.076413752117907,6.329755944274371,1.404483682833607,-9.512428512856559,7.938212234658209,-2.399065221242758,-9.745495821218061,0.704789773960105,-9.420322014212111,4.407871127186265,6.754461297324777,0.627383095874949,-0.450218547704623,-8.130830698400977,-4.964740501793465,3.960311298024576,7.185910308913297,-9.666171322879613,-8.589893617772349,-2.872451798720310,-9.870705146792663,1.339091294319770,2.993681658258165,-0.831511085381926,5.353098524325295,8.615461636751249,-2.610894070231604,-1.555933319090283,2.786029455517518,-7.317146612076848,-5.312036322891986,-0.298251247059261,-7.471763847370712,8.960783634226789,-5.194336372227339,5.283910286936898,-0.858590454376102,-8.820869321999272,1.198235055371793,1.493833773569161,-1.660020677765663,1.973372969446954,-7.860179331445122,9.237680286395150,-3.219343498134921,-8.962225012842318,8.163077956594009,-0.142056816744944,6.226702527509968,-2.629068145942648,-3.662390860799944,-1.557819019014566,9.307914330931929,7.270855331751505,8.792373539105640,0.327432825663855,-4.325308005992907,1.984480222548935,4.083550944320569,1.334362275687164,-0.467801604538121,5.815179347929506,-4.304496830542210,3.282111729799592,9.702429696747945,9.750257804732502,-4.672583264018188,-1.256444306623694,3.722976741203588,-7.661962437148198,-6.732961922319323,-1.669309136061960,-3.254207616123947,3.447834956694649,-2.691588131575793,-5.198029892087854,9.283832155635992,-5.143477729677352,-0.795601056375910,-5.179468064753117,-1.991043544669587,-1.533302473447604,5.803521428136296,-2.241122510202427,-2.795206436687803,3.132719257678435,8.428253301874228,-4.443037678660930,7.832156436371925,5.564175655613424,-5.397597194360698,-6.304072604869420,4.878912734858879,-4.382891360575019,3.105257671703496,3.959223726036996,-3.282915580477487,-1.192425150961874,6.775698318525819,0.483727755612545,0.322070418628167,0.528334766284466,2.984570802220761,-0.434393081429363,-7.311557661418702,5.295087736751686,-2.589824182283174,-1.442936990844830,4.656216589413551
-9.553427758594877,9.060060902634252,6.956916543609342,-4.389615621249028,4.553719757660668,8.630804810449391,-1.848909230950477,-7.043565930659963,-7.200286634960511,9.589396636346969,-8.401572384236340,-0.846498032025256,4.398564436444603,-2.959009649437085,-2.259522793460473,-5.402653062427174,5.637777849518912,-8.553234130768439,1.990991265102027,7.643135001311926,-6.825440842954860,1.433069301823691,-7.645325567981970,-7.077195625900028,7.239492255638766,8.576346874272524,-1.817906028323330,7.649407981273708,3.267827622695240,4.583025654366910,-3.593452522025274,6.047408925545156,-0.748429771011079,6.753827242863025,0.194597525884587,2.324654561607463,-1.064728336940703,8.830397543849848,-1.079456653675972,2.996541991948000,-4.553339191217605,5.384989267689287,-7.673754872071235,-7.252174286300046,-0.088446628080007,-0.198624003513938,1.263999853195410,6.352333951789937,-2.769609149147970,-7.110646442634881,2.554280183241378,5.483664112270059,-3.698271577776005,-3.926675428253277,-1.892216358210643,-4.227577964197056,-3.739076716784786,5.777281696252683,1.695256302890529,7.043305685941576,-3.144786309229914,-2.601839932097326,6.300993759284317,-6.812447906116432,-4.293260200878599,-9.439359855645424,-8.744494675183518,9.318222945203985,9.055307204689250,-8.997608415053753,5.335129440129798,7.211261602359002,4.030656004935263,5.916342999546833,2.298444304442945,1.563084421746829,9.556580727843926,-8.000563191039515,8.256410801140667,6.490533972158669,8.949558742773746,6.388018614838405,-0.112969218756627,9.042499985276990,-2.109197920088666,-0.638339424307713,2.120548954431181,9.369647382153630,0.393925301509881,-2.857950554134829,-1.020741837612182,-2.380709083455727,-1.908700001959788,-4.951599925494740,-1.917837416669698,8.338030153357739,9.266775058697281,1.363387206070444,0.536113661083057,-0.164483679620197,-2.512744839700760,-6.178412183452879,-7.387673305406823,-4.736563451743628,-0.428614489333848,4.074463383675928,-1.599425314172473,0.584710083257496,2.626367823950149,4.257209752467270,-4.444066712433083,1.646807178313868,2.427041442230065,2.971081898551322,-3.434027809390729,-9.811357249052140,-7.396038317605543,5.991078897518680,-0.383144091413817,0.801596750976358,5.997730864754587,-0.708716243019047,6.702473836288426,8.931428765892562,-1.156901304630615,-2.118540968089007,-3.690647016947260,-0.784622975507617,-7.689109961033846,9.468211146446688,1.927034222044421,-7.134517885629270,-5.299656506482490,-7.517001092423216,0.725577164384214,2.627502923327317,-2.123743909932571,-3.085596270170480,-0.463740171396736,5.531420154852478,-0.325457217003519,-0.197267022084624,3.347101113742305,5.357490464318364,-9.183616343134155,4.987387646851055,3.624068827261732,-9.823528319210688,-4.254628648462488,3.063540093223764
4.470929737813869,6.153238345011683,5.744699330435479,-5.431619128344751,2.041283514473111,-3.766753370730889,2.949536958219971,8.007001687663376,-8.449339801545705,9.391695609445062,8.206218821388056,-2.052198012126811,-6.500043623726867,-0.675118858651455,-7.061645894368467,9.763620548143624,-1.586304376509691,-1.957681189538365,8.772045348809211,9.144122207638510,3.158071829074732,-1.494518152936804,7.719256521764585,-2.127080201298456,-8.841161532293679,-4.218895177520057,3.442429011454099,-6.144594189782437,-4.662979229945057,6.301536278352767,-8.532339888012157,-0.993970852178940,-2.119390110938435,2.546504025821299,-1.563750161008791,6.432716484145903,-6.410093451825922,-1.903111727148501,-4.039249880901519,-2.536214102627394,8.692186457802528,2.058429276903391,-7.482040191358523,2.868987060049768,9.403263667002115,-9.521586246743531,-2.772329392335564,-2.379967422752671,6.506359974261279,3.509625637404405,-1.644492574009321,8.673006358048816,2.062742193259211,-5.161593170251264,-2.693660171714242,-1.970742762653101,1.036973453341815,8.991864643442561,-6.164723361273373,-4.979329593702713,-6.302680225200554,-6.806504492370770,5.775589195637165,-2.301099380064516,-9.895005438593405,-3.448066572810593,-1.428485855046667,6.149430078488116,2.149362082337325,2.952617081947338,-2.912814693965656,-5.673740757459842,9.921218134877048,-4.283432556561029,2.483520813823505,6.992459205679324,-0.111869542323264,5.942566000206895,7.619389112274945,7.583620352497348,7.876026102476608,9.527080966057611,-7.774401756743274,3.555517646379576,-3.747175934431388,-4.187006175291055,-4.672343611163625,-6.411745171396070,-8.970240579377187,-9.924959028347198,5.298946930933470,3.783552225072333,0.195488384051446,-7.784667891195562,1.468180860189959,-2.227257234013605,-9.668591461288115,2.338249448791839,-3.139762102669701,-5.780113970920167,-9.618710054349561,9.836910603642330,1.891081105908244,5.133272242463342,9.105549441505069,-2.933493445370427,0.391639034978040,-1.013219560581319,0.960728844360030,3.238477988157912,6.757370755806146,5.645167843324916,4.715937112425452,7.302401951692122,-3.545096475163052,-1.350077409530762,6.791042266639113,-8.774314729740102,9.789857739622864,3.498997990698475,-6.566895742913694,5.476639239300452,7.897566529994773,8.570560383692921,1.914436544919418,6.845572742390651,1.911005606953701,-7.771909714081866,-3.502630929893400,5.537782592441992,4.030215706087759,1.802178460256322,5.684245908367540,3.415050532415172,4.929382154779686,-7.990449147499947,-5.771738570350808,-6.494957376334868,-4.611877364513415,6.248730847797201,2.431984799019812,1.423706836198262,9.551108188396114,-5.171658340546172,-6.181426009532425,-2.381342858432019,5.021148874163067,-1.675447606015180,3.072168615787344,9.776884236438097
8.045588459576983,-4.352958569091965,-3.361907986564883,-4.985188507225238,5.179327168184582,-2.750164385852254,-5.131172181351308,-9.317300506912755,-7.900164189248104,3.856196863425511,-1.363805739623263,0.107615488819921,-9.890805680380574,-7.533795758707682,0.987958987467671,5.207768374514947,0.495154725611474,-0.368841709499470,2.718256795533577,2.977266164214411,3.178985158828906,-5.471308178750299,8.275258346484694,-0.529948869372610,7.874879216373387,-3.993289733479233,0.313142931019330,-4.030895142483891,9.619346369896377,-8.550598641185838,9.050067830206871,5.418603108884586,-2.988245754020486,-5.327309814987700,-4.558861698934670,6.858325231537879,0.638013319697466,-2.140009527563461,-2.382507610893596,9.697737121183604,8.144934633923992,-3.672552628328310,7.207744880841666,-3.158348417796506,-5.277282567879369,9.836494227727194,5.017400028246486,6.190574176004674,4.298304508849098,-1.246658602614570,-7.124181400242038,-8.524498948135433,-1.257464125428388,-2.337906962099769,-4.923065748231970,-9.764398376386840,-7.993700610950865,-8.000975783535571,1.829618296989629,-3.115919811958346,1.528910362977495,-3.147389853863148,6.992898598910593,9.069527151918752,-7.341630328205735,-7.727280383471806,6.403157357057438,-6.358716266323448,-0.221974527571856,4.332079025529893,-1.714410781039909,4.467919850173157,-9.281585424038269,5.406953950024038,0.117634074273452,4.802954536399016,-7.165088356855939,7.396634606272684,2.008379981185255,-0.638599039927639,2.524038688120097,1.256386206631017,3.319398062509851,-7.075528349828359,0.223958851864463,-0.639990527559766,8.988331297899293,2.020286968179015,-2.393053078846883,4.957781602423459,-2.360974581797548,4.773507462843638,6.492909354051029,8.928844505458848,-3.665540667830987,1.518685915534926,-0.792263803439257,-8.030156474124796,4.290640369092563,5.697613951585874,4.611658570523151,-3.602309446444389,-6.162133212299432,3.184246231614434,-9.143370937541329,-5.315081035602445,7.285926320923657,-0.212429387031571,8.244147527376700,-3.041113641683005,9.934389811474954,2.349527781838358,-4.270597963805098,9.064110083017646,6.385047614327139,-8.579465283557560,4.923153891103276,-5.254302044439498,-3.687738899377788,5.556215717595892,9.956136697264927,-4.884495764482790,-4.158992598038649,4.380598834029993,-4.111801433771134,-2.448496566417964,4.158461614293929,-6.635490986680564,-2.893684810919868,-5.912593248875329,5.726409094832373,-3.507834951239119,7.015842575382763,5.440067988721678,9.095338123498792,-4.550410519030215,-2.613286200171108,-7.080176371496288,-6.589685496263264,8.173268889017905,6.137061908773173,2.148414080482485,-0.602717103472962,-7.048329289721169,-3.185431029160764,-3.835978439427818,2.818285713621959,3.779159781263584,-0.765052388043568,-5.758803669462436
-0.779122100608269,-3.405208380196775,1.432523897439298,-6.682723228861884,4.452344166935669,6.660757229293640,-8.477905457093291,-7.366532780537924,-0.712257847214357,3.204290048695693,4.165411831024757,-2.692184452425068,4.672307813511832,5.912322720222832,8.515539040874177,-8.400513191215035,9.412352910563008,-4.408571734555141,6.890775881427786,-3.788112357885273,-5.060047603043256,-0.343571449384520,-0.185333754575648,6.771923689461705,-5.321940573657078,-8.625045373341006,-5.502101038440738,5.698374518046963,1.197003204083797,8.673278923559614,-2.695931309628891,2.028757158590489,4.025604402203449,-2.995629618123575,3.224730960754655,4.623113994708792,-1.037309690196938,9.532671585983909,8.557354282024065,-0.184671701905973,-2.552829301765314,-3.113051731262109,-6.545167819311906,7.157229310765118,-3.029441679835745,3.363317069003166,-5.255727038486975,-3.527562052402031,-5.406253550634450,2.249003457392595,-3.426425222373394,1.863250851454783,-9.006530183916777,4.847282820620769,5.690778072899613,4.660880577801343,-8.057143821583782,-9.766486922154531,1.520069178011161,-7.810447291283533,-4.950116781672252,7.211528788172650,5.070291272732304,-9.982285083506724,-8.722962188873895,-8.701931240807774,1.654240521194417,7.188114970037848,3.162015482412128,2.128744573748504,0.792042665627529,-4.848649099282804,0.441958635937166,4.019303537338093,-2.924972085669344,7.634072055470508,-9.025826839126790,-0.406096704254269,-2.063594034866654,-9.664247966540957,6.657190637547640,4.299968081731333,-5.659133323973000,-2.601525385129369,-4.047571612215945,-7.861313315171163,9.957756867249071,-3.599530295300280,-7.988489936053531,-7.574370162866135,7.202611618827753,5.244361577144922,2.394442699949323,-7.813875793092930,-1.998661620439906,-6.145485794924022,6.158613059541565,7.509464965242842,5.075953790133386,-6.191653210019041,-7.354354375217622,-4.929535511361587,4.795375524180439,9.320433365636543,2.582930356195860,-7.376626877743928,4.791714476726893,-1.073081842906834,-8.586503306251974,-2.632483217553244,-7.620825712942835,-9.049228234053279,-1.504591306577957,-1.627481395549296,-4.147779366543101,9.785724691495808,-2.806581526678529,-6.590286778117582,-6.261846289779998,-9.061471379456133,-3.235465152770689,-3.601669422147653,-6.594410782671048,-3.121801992747992,5.386819498422412,-6.952789157782735,-4.627399791911357,-0.018596007323167,-1.764806147275301,5.596180502704161,-0.446461260277925,-9.121258809999285,-6.618710033053832,3.204065963998406,-6.743569440486890,0.898473600111412,-1.909573726764187,-4.577591710839259,-7.651762726158653,-1.090032153562102,7.718972441789646,-7.896491423568950,6.649012319813753,8.041378513100288,-6.873325935857462,-7.060286363092789,6.947155808743968,0.797453214578072,-7.456528225051784,8.797956881626238
-8.600965436438159,3.859938995374224,8.234349987675767,-8.453440231383173,0.797910858552518,7.121489715819301,-9.393259703948720,-1.129841669843435,-2.520972451068209,1.481696829494654,-6.919233887840026,-9.262224158982939,-4.667473392685418,-8.503707514290696,-1.643550494347011,3.797534095703286,-9.012334142071515,-5.406134134695948,-2.690457606824081,5.359064291576331,3.959871315887852,3.221317583892912,-2.592606990080013,3.873399714690116,8.362545426635201,1.496003333035434,-1.877744937024396,0.981462167062217,7.346668619284824,8.141023433340806,-4.023696903054876,5.646645489184934,0.552454549207216,8.178686925143541,-9.320097242080310,-7.502882189563655,-8.010541417091590,-8.629302906049643,-8.952947479418288,-9.477938341261513,5.964956835414528,-8.626895702771012,1.599999660721011,-1.654041901199152,8.190606849498103,-7.351410070384532,3.181402971081493,-5.770501287249610,-6.466102803855782,4.987475087180950,5.772234340463619,-4.931806203949465,-6.386585504864546,-7.936348522858041,9.536950670598912,-7.899524722889097,-6.107977789467767,-7.507291156587382,-7.179477671416768,-8.968817521668598,0.582824154031902,5.883228126350753,-9.789457156206133,7.672599806032643,-8.187302273793966,-6.558758133267508,5.302706205163741,6.141885227762749,-4.894453220383427,-3.428971978796156,-4.989601912092006,9.984398514197611,4.045946433679406,-6.417268676526573,2.221426139299538,9.130280817727979,4.636972681887418,2.013613805606644,-6.752240781537551,-2.238977545894045,4.420421202939073,4.990150247066458,-3.667714925154675,9.060555873832531,7.249651577376401,0.139975142078519,8.791261982995223,4.341757761601473,8.874979687430166,-5.250521068349922,3.433855322255113,7.841531620471400,0.269988381409320,-3.048378262842036,-3.382079308939911,1.620957289447034,0.696978790328512,-7.333369076892334,-4.859308811077567,-6.458385725894356,7.680130870537308,-0.835586124323520,0.211347594967979,-6.059017320327746,-4.988317089858558,-9.668035953743818,-7.128026272707000,-0.938226317749702,4.474723950569201,-8.097831743684885,9.391183975077968,4.314081655780546,4.457660558502546,-0.277721533131176,-5.561089972614934,3.423715514950745,1.886305786789022,-4.101172496561956,-8.621480122314999,2.817429111713384,-7.631727499754901,1.977684447417271,-3.446849633881801,-5.420745224103811,1.439425161900814,0.577677188659216,7.695042993531512,4.688294049067105,8.551652869948676,5.552226771767119,-9.453653120416401,2.338141351437992,2.116721537639085,5.865558282709948,6.775768552929787,4.739183662587539,-7.243804788227504,-0.963229149685905,-8.458003859157859,4.425029038139211,8.538534702726650,5.463038633771136,1.916301482124014,-4.891770764918961,-4.339351474265412,-4.329509802469708,-7.623452078960820,9.774400447967778,-8.682703592766003,-2.076169075180488
-7.342941602346766,1.578143128284463,-6.553747371621224,-2.057171739406671,8.650149353142179,4.488674203863003,-1.911856483096951,-6.163929428424986,-6.353227399068024,-8.287113541858188,7.660431638722780,6.145023386386580,-6.413329794960951,-8.634691093811808,-5.379367823217702,6.049737142267507,-0.046590583719192,-4.715761791972321,5.621188335055926,-0.896156868595790,-9.152095011415259,8.907288784616895,1.179343252011654,-7.364739185399641,-9.515657617746564,-8.970941416412487,-1.602982271124338,-6.499359725085836,6.407929738807020,-1.612139131549579,7.534844191628288,5.718581354183950,9.506931419680683,8.548044361327211,-3.362891352841832,-5.324772376522297,6.302174000069730,6.688582636532349,-1.312336864024232,0.744097662613870,-1.455754121228491,-3.988538315431384,-1.791171743484696,5.743880004318546,9.900789706718804,-7.888277864776470,-9.083276974051000,-1.843857542247157,-3.592939434429969,-5.389038497821097,5.739081791651135,8.135845429687613,-3.868748127268747,-4.793494721021268,2.512153377121432,5.672423355682803,8.055762810047980,-6.779797090502015,6.596293228259004,5.711129021766880,-3.560943356848309,0.397645615590417,-5.340752229811772,3.005442820675018,4.478769633003921,4.451647838049137,9.196551393631481,-5.998200252949482,1.875028009752796,-1.610829707601390,-8.121532510126713,-3.084430769446424,-3.188014099827337,-6.752131338581004,1.733763228451666,5.127107950301761,-6.339008978204054,1.959821330796442,0.259918278785840,-4.463243869463520,-2.733237223670136,4.071453463901806,6.183735498552124,-6.745312945926765,7.317005841562327,-7.467858412318229,7.124183949876119,-3.700246687036904,0.875234091058042,3.933022560083897,-8.181267852064366,6.817732535427911,-4.508910670362971,-7.250154373277198,-1.830750683826935,5.549459799058262,-1.757528344873689,-3.799724819963579,-7.008113488360992,5.016173258978935,-4.750209295527075,-5.787473842175903,-8.795167843274683,-1.459955095476019,-9.954854358759313,-4.453400924638895,-9.243916862142434,-6.128331390324435,0.970217757164441,8.857337242395850,-7.362536620706662,-9.005511348646177,-7.313786568044227,-7.803677708405208,3.065898868965125,-4.379785699930528,-1.245280674489365,4.509978376077424,-6.260063987263360,-6.688258986679683,6.847110143043906,-5.101865945589886,1.813641671413590,-1.584648238732274,2.713996564047720,2.884219531327316,2.866154336399987,-5.865372507012148,6.676997869677940,5.947423033683187,-4.402458356283574,4.711973764592980,-1.118698450652911,0.645128393904928,7.042680544753303,-7.304421634932705,5.219480106147330,3.733230062201773,1.524581563440794,8.255362283394739,7.345670712239727,-9.006250818227050,9.859428052134000,2.270831009865590,8.511671302398888,3.533353287692453,6.900490782848344,-0.844850857018853,7.012970530221015,-5.710511095010702
-1.857995215574848,8.722994225933224,-5.762284997570235,3.633112635986599,-1.374892171080210,-8.141238562110800,8.591748297072769,-3.215533178122138,-3.364957660530630,-1.243527645708360,7.608181641618344,0.065621545271963,-6.604319047207746,4.692747279587095,9.934549430929035,5.800418196204243,5.189371429887350,-6.224115852258589,-3.774129286483880,0.743401378698714,-6.974196676297428,-5.472671800686372,1.951742109668828,3.750600975695750,9.575402196319757,7.065758544644325,-2.756541195938311,-3.619058659918155,4.498828075635855,-3.190632594787193,2.869150656136997,-7.641544328631003,8.141943227713437,-9.944229696960544,3.894504386158546,3.951255642034068,8.828799338556820,-9.539064105554374,6.899210720346950,-2.741773752810277,9.351665264968226,-3.808069096240430,-1.637009688725504,-6.623960010803311,6.380014507119768,1.156625434875382,3.368664541793541,7.859341330159985,0.935755672075445,6.411107775629887,9.858877770251837,0.477705381180344,-7.010310136244209,8.040483698774374,2.595117121926663,-4.918239108559290,8.286677421588202,-5.067083094018505,-6.726853207734775,5.777510795461511,9.710290648550796,-6.752663631943130,5.453258108613259,4.097592603881282,-8.696661901615778,1.269512572411200,4.777460880048318,-1.633835335843539,-9.807547983832494,4.068179831742796,-3.937491276986648,8.104647431433868,3.156000026256407,-6.399932452243520,-7.885105039052400,-3.939137494991060,7.985271877359207,-0.296351701796198,9.196349404833459,7.968848179848621,-7.523691871963520,1.644780648232807,-1.469197247026216,-4.890641788893140,-7.821820256608937,-2.654820162196816,-8.576880350028546,8.981648151483139,9.135909122211402,3.643432022022324,4.645784439913099,7.037315759513419,-6.931644105686878,1.497633635610446,2.237950290544537,-2.820974973416428,-2.532188594449522,-4.231422744362234,6.944548867089839,4.623241800513110,-5.969734138688249,0.574188197761705,-8.209456710907947,1.616310171162251,8.692547867436168,3.911375169013011,-2.025006687215425,-7.807806277144440,9.150112494129846,6.205133519449092,-8.468469259393807,-2.588230823261027,-0.349126133893293,-4.052594634243425,8.076659558222758,-6.670052765958461,-1.544737374840260,-5.991683041642224,3.648129165671827,-4.405178748105727,8.624342687417933,-6.967026538943557,9.050196593656629,3.804649814133480,3.932598832815790,3.244089816536228,2.998686244076351,-8.868574382881713,-3.579231295602387,0.631299225975248,-0.076662679171156,3.787325564137703,5.363696647942401,-7.388539895399497,-5.778402039106925,2.496333693580299,4.019305397411888,7.874221867491606,-8.692229663671071,2.920942123343199,0.488997773897788,4.200543848186829,2.852950082958916,-3.366265131336014,5.919162412909635,-0.854020307749359,-8.417606541150045,2.492269142821545,4.851815562755730,6.761972006678484
6.240270856270598,8.129504939429836,6.483908618768787,-8.416206919393559,9.685608676562371,-3.148424214049577,-6.402096947142752,-5.043482039122624,7.405027666837761,9.031422200217531,-4.056147986547747,-3.896605792142358,-5.407784421674293,-1.923273959354843,-7.478820518647604,5.211617902223358,-2.107740021878390,-2.921633986180083,-9.673803588180212,-2.286068061620512,3.068138202355446,5.775072212339101,0.368915641167140,6.779381955066953,-8.210391960441061,7.933785530377818,9.840519818387730,-5.088785223808536,8.153467053543991,8.185571523055849,1.075589113900318,-6.601969883617076,6.447390312476720,5.770705239232798,-7.610636784091501,-1.151120469088822,8.084162340504705,-3.043348157700421,-2.153400169572497,-3.672282907438358,8.417119560994553,2.032588981797687,4.029123008932912,9.632203031921140,0.736709113933394,1.815660488990034,6.984896390219589,-9.982475969550118,6.141969262233161,1.260844569818222,5.709800567340240,-7.664605405586333,-1.146828182811692,-9.135575100596466,6.238199491331788,-4.438616578845133,-5.484827393874001,3.624518914553541,-6.687157556917507,2.934796009259200,3.028138632343788,4.918368459276138,-0.766004379445995,-8.315833912866836,6.568456222017456,-1.317469735461733,-5.015052985391470,-1.232155073966561,-3.272726154476988,-7.100251620722329,8.329835580805224,0.386264122891369,7.163232787788441,-5.551476544816694,-8.008294879605698,8.664506391275527,1.490743230224192,-7.341602291523226,-9.232326386942054,-5.715432368168873,8.596330566760493,4.806474806886404,-5.722587503972292,7.767609058875863,9.602519078114117,-8.841496701642154,-4.256687765206837,8.592085993549059,8.643995044588682,-8.511795651102553,-6.990860632034153,9.025518951593185,0.596333120817370,1.111090149469510,-9.020796199641035,-3.130886275866680,-9.379931664126042,-3.768644851960776,-6.173952812601522,-5.239154118772580,-8.389195812818492,-5.279663079705821,-1.446258438211565,4.902231100401991,-0.629399502541885,-6.474339049188249,-3.298672663895807,8.013413800718521,-2.787405460354558,-1.435138368988277,3.112266970642374,-1.414651440976328,-3.421771868439869,-8.534177739983340,9.842187962254243,-8.498857488097011,-6.307805631909352,-4.898796725211325,7.400913004065977,-9.873233289393761,6.499098692616275,-8.097122302194409,-0.228281667880324,-4.464780550609668,7.152969391042397,9.215852871199989,-2.083719107390869,-4.296696746787781,8.887343721470188,-9.416120912879185,-1.792817656307697,4.001041644373995,-7.194808590371968,7.534057995902803,-7.249763314100148,-1.712617546279187,-6.898261045980534,8.663193676927655,3.275232750083086,-1.446513768667177,9.851017577287337,-9.165107859150016,1.264707336584232,6.777209094833271,4.103089495228627,1.987554376512261,6.255201048175216,-2.127128435417687,6.301968476401399,-4.807321741443563
-5.487160216888707,0.270917617517574,-7.589173460113754,4.016461955510550,-1.062506285721799,3.190366789574249,7.240767260454327,-1.425341593582576,9.212147407702076,5.522976282286171,-8.841235533409401,-6.288067065938412,0.198312832990995,0.365525148390759,2.199901082969076,-6.212577798067245,-1.091364014099208,-8.833637182971216,-3.419198337790126,-2.486609199269778,-0.420755263031715,6.556112924785957,9.584993221826053,1.005005138806929,3.691797901711787,-4.898435775125307,9.886411237437780,-3.691452858337145,2.123886038068775,4.657738059431445,1.534477088762113,2.023310165961863,-3.886185270550476,-1.959392617760789,-5.783897028972271,1.382197151188610,1.510456779453664,-9.528924783702443,-5.851363121936988,7.973959044304028,5.810124082333060,5.702655052175396,4.848719900469124,7.034820772171390,-2.150187001354247,6.426938426526259,1.730722237249413,-9.666572830518037,5.624961503824311,0.226738310650900,8.705170495730485,9.042400286755772,-3.622308716681082,9.202438960458661,8.019473424878111,3.237818866327370,9.071353669668191,7.297610228844100,-2.546078943537163,9.940949328015083,9.907345747575238,0.659598496384174,6.537811312867937,-3.873452976739489,5.264839132615290,4.050851933679995,1.879127844286536,4.387029898568375,-8.805830236865145,-8.499661106288865,-8.440353996528703,2.815031003229304,-4.704209096211844,-1.206986510622322,-7.827979568547536,9.777599405817824,-1.140106240389848,4.131988389420426,6.392506099059514,8.142142886085360,-5.825233475031776,8.104109979922317,4.953347266345050,0.722894988993374,2.203655554003625,-6.258540693695103,7.610051163246116,-4.300784827106902,-5.200399753334189,-5.755647696562727,-7.973286440108003,0.081379926539940,9.371667197785044,-7.001642801664762,5.583113343459027,1.256253902504305,-5.070287295659510,-3.593178890328166,4.328561975801149,-2.953892911101994,-5.845094866282274,-1.754852844721002,1.937475060890318,9.176042798365025,-6.539184125317171,-1.330175848233022,7.676857858984647,-6.133153282985218,7.428565375030711,-1.145731299592523,1.353268804949108,8.971544953542047,9.177754724197079,-0.747497851124816,3.781631661463384,-2.650280127609528,3.825856307780793,-8.514102522540766,-1.104217898004089,2.811764826529497,2.450130749922671,-2.524822110441953,-8.201784142344927,1.845782060472523,-9.018374060748355,-6.218626930221902,-1.048020703971222,1.990666646879411,7.682134646259730,-5.099955222166828,-8.006772710972756,1.342888393338919,8.416358639464491,-2.513798758608172,-4.637459165339594,-9.839402870543033,-0.797365796185236,-1.287104839803369,7.091795349934298,9.352503569874678,8.603015671948615,0.025817049537585,4.460942978491616,2.695193961490478,4.592525166560975,-5.007021526481658,-9.918932753763627,5.859329557938945,4.050558279183454,-2.237832669429498
1.726510585809143,-7.278368944725743,-4.914971480192305,-6.876242418501795,-3.475820339797466,6.429957134862100,-6.964279576597223,1.007326842314971,5.490829561226317,1.581696637047036,-7.938784573603699,3.626982444103010,-1.334587235118256,8.762140040308491,-6.941091603189021,9.524382720035049,3.761863335668647,1.179200146137038,-6.217743400506073,2.196369841425170,0.536487906790734,-4.447384227618874,-3.477781262502551,1.811552769084638,-0.251252002785662,-2.678038051331912,6.343737874921906,0.413447368528042,-6.699794658982777,-4.130199265636314,-4.584697315283099,8.162391220631640,4.963953692173765,-6.850939571117896,-9.051382394087815,-7.441555125082280,9.234501855112946,-2.841856316868203,-7.769911969153805,0.670666523688537,-9.598498752752747,3.560578845677401,0.382337751630162,0.038513561904841,5.016311516770012,-0.829851237474493,-6.408108401776977,-3.334474347449481,2.009865621186332,8.653971249595799,-8.248836482818307,4.483606604754232,-6.703430039785041,9.432798582628088,-1.324781973123603,-2.219239593731823,-8.648186711715395,1.442784439161976,-6.209760102330923,7.389145825031861,8.434178865218016,-5.680904733223482,0.511541227909005,2.077719385025080,-3.795872634302033,-5.392054993197548,-9.481432327642935,4.594486459406426,5.162522380323464,8.973321768648336,5.024137338766522,4.852184177754747,-0.772201373555902,8.362488185113026,-5.998477056257130,9.338963781624511,-0.794082614632632,8.198819857022983,-5.065501671661135,2.546910255166480,0.693438325665587,1.031009176925011,-6.883201883082890,-9.524445396735551,-4.091049050304527,4.503101756787975,-7.991072954876007,-6.686455787881864,9.228646847301498,-5.487065107001654,-1.152354075898055,-5.882863717531503,7.961946715905725,6.901918046574135,2.516523367298710,-8.953771770852857,-3.683910183577312,-4.677403793600665,-2.900533781101251,-3.333602851361226,0.759387261244402,-0.627031567062918,-9.664189420691596,1.552179611598618,3.018791140924346,-6.164542038036560,5.366671318676243,-1.129288024119893,-7.018570333494118,6.366265841682431,-5.248743926135999,-9.078934382028304,4.184445131011094,0.194956229497548,4.173732154574552,-0.655260885969625,-8.949196273403592,1.937072211247308,-5.395481980081511,7.840646905239115,-2.731751004883374,-6.849293754610759,9.684567996372657,7.942382052092793,9.897240950424891,2.355388111747946,-5.784341822417270,9.639492858191964,8.203170007223349,7.647917069664349,5.655575061840729,9.887886119975924,5.418959409721735,9.349149836289147,-3.303117163560354,2.253395801972404,9.013790551259234,6.786871701151632,8.678083018189788,-7.316059567938737,-8.250752117255175,0.658749569799797,-6.299629921412643,-4.165086881770135,-3.897144157729315,5.655989286048477,4.546198449723104,-9.193971628480641,8.146220725402223,3.195170823909779
-5.251705406389291,-6.764888892113879,-6.567689877837639,-0.710742543372300,0.143042929143673,-4.908291211534141,7.379319183161577,9.393828734089436,-3.239575105271514,-3.865701122122784,-4.393794787658090,1.507036843738099,2.312673765143444,2.497214159798087,7.803273199433470,-5.346265469529754,1.513097835354490,1.963135656891872,7.644346269453564,8.411253996474116,2.248648470739983,6.017064345272093,5.631106549727408,-2.652428495999168,-1.006874170929793,8.983462309252882,-8.419243875972047,-9.436135768805581,2.975662694125278,-7.038180373992169,-6.503327161636554,-8.923838034739449,0.398156474582256,-7.987472795165170,-4.961786173440482,9.565002071365157,-8.598720523432455,-5.167707676290030,5.783421915198840,9.080285933721083,1.204261627285268,-3.325994396479734,-4.754961669597746,-4.861975473250499,4.522191318940347,-6.571230508580719,-9.589196869002768,3.983958676000317,0.752258369335424,-9.663649857519498,8.829974597853962,-5.961097515692417,7.676020923741653,4.053609950407854,0.147423847284344,0.022109378505677,-2.470228486917263,-6.271192527959992,-8.442749630061112,4.077341870344526,1.939675453774992,3.878873271985706,7.667842607481621,-7.789590077860565,4.798945905333907,3.688619978168424,-9.937507647581734,-3.880192694739470,9.643189927694149,-3.732862439263402,6.859241044207369,4.778142476859742,0.447359442898298,-1.685913717535705,-8.851735821466125,9.391981159975117,5.709295351498016,-8.959214047847290,-4.455687838491517,8.561040630231609,-8.018750901610648,-1.785994908788043,7.951601557610328,-1.128660873891931,4.073473676963646,7.650459167825076,3.832425752381923,1.715379635145331,4.807767321324608,8.202915857849913,7.741581334109885,1.340688318149617,-7.620103166573726,-0.588194430525366,-6.432592621361140,-1.365876220133382,2.043058495250429,1.124621970741329,-6.383507250692193,5.994530849375174,-6.566600622206691,-5.619425574872672,-9.769712153873169,-2.518679658589697,0.317047143143087,1.414948678420014,-0.647061341509785,5.803061565027862,4.507036246117583,0.390366179679093,-4.094840717899066,1.642734665212867,3.969121710059296,-7.942581550615701,1.417097859666470,-1.129057825052351,2.157816961247956,1.691614239099295,4.431866495396317,6.835980585790711,-0.505583330110181,-5.494166580246778,-1.451450017477038,-9.604057934885654,-2.425357672911157,-6.691965294932434,-4.494946154410888,-8.303204909829349,2.640774706507418,-2.993711796187291,7.486863979793192,8.169973238270344,9.926144547553900,-9.065742377288075,7.120696836311552,0.077852846109890,-1.449225590943936,-5.204758496493320,4.285521454242447,-1.323739651491527,-8.607188698221950,4.517855592453898,-4.936887520473208,2.240327236852497,-5.530222192490378,3.569699204442692,3.417520664818550,9.681098399784645,2.003617859838606,-9.153616370602379
0.625500591466023,-8.340285133779748,5.224644792134924,0.854864915774057,5.591864820304117,-8.508862381119997,2.292394234473820,-3.494884105555518,5.283589094056447,3.807132880599786,9.260918448618277,-3.556087225259530,-5.826447025860930,9.501618049871208,-6.012713196651807,8.999440692499384,5.047004189546538,-0.657272095647780,-0.719224033230368,9.540916498326904,9.438563975047419,4.310880713175180,3.305215358041098,-1.325811707522590,-7.142746096951830,3.690185285799345,-5.096257439035830,-2.587323727925854,4.030756294708395,-0.103803905799580,-3.945478998939638,3.728418727531871,-3.189742250280265,-8.757155287674490,1.465000474166162,-8.732705125923877,-2.115051754192638,-3.282192052407751,1.944376729897590,2.554401326861706,-1.037459024659825,7.580502702827808,2.085950052958323,-1.754029288539957,7.889731261759231,-2.431261151487081,-4.807849474544430,0.240312262861533,-6.863034678406597,0.908649935121149,-6.222167309866729,3.190689356187912,4.301137247076960,1.906411738758509,-9.831879404617517,5.213250898694755,-1.013095653393595,8.774481938448325,8.380091066818625,4.508691116794443,-8.106140647289727,-8.652148962128434,-5.129189940725141,-8.827172632548571,-4.223922353442844,-5.496949333257621,6.102665670445568,-0.180362457004522,-5.203392718871715,5.712342805763569,-0.723859936862754,9.459070267994129,1.833612152990300,7.806269805064005,6.960185822015301,8.523060852998601,-3.350552856337137,-7.296448564873814,-4.407886088210750,8.591616023348301,6.287619776201243,5.159921801155003,-8.291810073411961,-0.883601226835459,-6.440442462527100,9.057789755310843,1.057300816958533,-3.798960475320847,4.963601662924098,8.894290857973964,-1.618215822074998,7.234242037503215,-5.006724516507397,9.947290258686703,-9.983412352649623,-3.053482076934548,-9.056261403935697,0.366824051396213,1.566188151315629,-3.571973233254528,-2.678515170862896,3.766682555917818,-0.847613590450791,4.980147566309054,-6.083736874854511,0.995014962725801,-4.574005757701221,-7.924188482298346,4.779886165536041,4.807357886918982,-5.226590709014271,-8.628227667231192,-5.214304706574886,7.548636477194460,9.283813755781608,9.835150091750410,-7.935457612628691,0.116709013003295,1.303167558665933,-4.731893982091453,-7.841961124503944,-0.003216220877587,5.550484653838875,0.185611092197693,9.299854448028281,-0.559383504154782,-0.639479203558261,-3.693532456044204,0.829368353115251,2.763747940683990,4.039251678953130,-7.440653966615423,-6.872095631280026,7.013537949929546,-2.324580352649925,2.775823137608000,-3.578106520431989,-0.018102607926027,-6.810065525964140,-5.200216973751097,2.651906457103411,9.737207677845909,-7.391361913165195,-9.141150612645802,-4.675757103295377,-1.418220042927070,-5.396234111640981,-1.574290009239883,-5.618478655871963,-9.946938326778163
-8.722183349329702,-3.787765876626619,-4.596377349252565,1.306215099075237,-0.999038403602203,-8.867405087140728,-4.090770366796943,-8.932308143030458,-9.443005655428763,7.306943184814187,0.582067308976534,8.120694136713162,-9.562531012114817,2.043430817581143,-7.879288089376391,-5.823624553382054,8.279699301611799,1.912189711287100,9.390819709341724,-2.399482307178711,-6.502104038466934,-9.351353706648322,7.732293780472105,-7.765082857359222,4.405779317388498,-7.680677915019542,7.820864695210958,9.377114606567790,-8.876339203267364,-7.811526131914044,7.923046613497984,2.877784600300135,-7.246978711426202,3.915336990789648,-0.273478412012128,4.452236050701126,2.772173625714128,-5.013287743067998,-5.601272981476222,-1.402968403076891,3.513389717939718,8.239877736508149,-8.992930226993108,-1.531113623763183,-3.889925758259103,-8.497120196050808,-1.611771412132285,-1.201138775457743,4.157451072142997,-4.389697843487199,-7.956233623229445,8.470023361490508,8.072244134295477,-0.998038681268232,-8.091444669611953,6.141856266821549,9.852775305030864,-9.602176425030907,9.160715691245965,-5.872039686106376,-1.662942568972465,-5.728380709712342,0.082480524986741,-2.272478577193395,1.424599289586423,9.045260182816630,8.694241877428922,-6.515231953635880,3.600213528068616,3.925850521370677,-7.731515014927865,-9.832414139946682,6.130152142151534,-9.572780392428601,-3.189089924012601,4.305778364995664,-5.014774047657555,4.665289496683130,9.191615546508221,-0.395839205381773,-0.069056435976284,-5.350340588967100,-8.811107782994492,7.713216582577079,6.332584846871200,8.524579195429784,9.293745558292311,7.309961349700004,5.875214097788220,3.631879049086464,3.110695038692779,7.871394397121868,9.042131037730766,7.463580791189489,-7.646784949914178,-2.301815488480329,4.523564366081306,6.950185267777705,-6.569418434318129,7.333323369206603,-1.671157574268399,-3.253838338796209,-1.074353331135608,-4.820437245625055,-5.257963479645611,-7.920980785383350,-4.555534442545930,5.739282675311323,7.798631332931652,-9.167939925787064,5.585315467151409,3.973631711675223,-9.024503296829652,-3.810136920276362,-4.934285161918497,-5.501439352138531,-7.255262303013006,8.441374506239509,7.727058048113985,1.479593462478292,5.842410228844194,-7.589001613124566,1.971651922961765,9.644313279345845,3.749877256219678,9.621629165808180,0.110285617732952,4.162450280561574,-6.511329518153826,-3.817750895417746,8.727354370997165,5.442798805653927,3.917459052191614,5.576392927299343,-5.023580353776380,-6.200969048231322,-6.327553778373658,-4.612997565249122,5.924449520538849,3.656668812541808,-2.720907494695986,-1.040293828210167,-9.842687200541038,-4.460378587221754,-3.339826151525783,6.834079745686498,-0.032245776535982,-2.102056829584827,3.623057286778939,-1.004567088710015
3.889729682131350,-0.801422399067571,-1.983665241538151,-4.750614817469387,2.876224274019366,-3.117661165767953,7.871604725060315,-7.524612818237905,5.215692194332044,0.936287106419760,-5.237421262011694,2.374370831111365,-1.458299177279621,-5.373704337552098,-2.197197358002708,-7.293639729171771,5.616739232381597,-1.643800487242446,-9.601081193607467,6.648695453197067,5.700043043517864,7.706460227758576,2.388365879103414,3.472296180042891,-2.797339764304072,-7.787292348004835,-5.820651603073566,0.512454087817023,2.315326249137364,-4.002744231289825,3.628999452786971,-1.169955928817796,-2.146012635453445,-8.723006642581446,4.659981387518176,-3.080706537441936,5.750317425604788,8.993526564333216,5.261910061841032,2.658863926141846,-8.390292829256587,-6.139533084422714,-5.073354039380380,5.339077437571341,-9.378134592979153,-5.342153770095825,4.074990453141821,6.215436704869678,-1.090985685745293,-2.572356748033339,3.058813871362551,9.893988830463840,2.631813221219442,5.554892501798594,-6.207229310206214,-7.661138516584285,-7.577376599897036,9.584147084909215,0.063686867885577,9.810510518766339,-2.938938905755477,2.631993270332487,-2.108444850042844,6.165265857783130,3.163327657613443,-4.103568951330163,1.203189440882005,0.195273733341111,8.543563253695098,2.908296069008834,-4.162022978177253,1.331709666796105,0.204209826359651,-3.653024171926762,2.041507827878597,-8.970605998392349,-9.592652862951891,-7.979027899979625,3.628523197516467,0.682145969094165,-3.911609294649367,2.998812842156473,8.860433311921724,-0.278072826933414,4.703979524453143,-1.408624558715971,-1.276668396976792,2.159641771750557,9.859142447216161,0.960860008175935,-1.458040387144695,9.294888402570994,-3.532027454094145,5.669919567596789,0.753901494685639,3.015656496554552,-1.155410418377196,-1.958195271890888,7.408814473994617,8.793729466223816,-0.429503747406489,-0.127795332903787,4.412751772531220,2.605951042484808,7.690876074203381,0.100221744452490,-2.740662219031216,2.891838410185304,-6.024720351036821,4.759149444547175,8.495072127115883,-6.967380594329948,7.524471702140694,5.189722940010276,8.886267768151864,1.245694520617205,-5.977767788317667,1.192548211778966,8.297576447233229,-4.031282881508109,-5.554859369500001,-8.086241873861272,-6.803297122408214,-5.051461066833289,-3.993891395909261,-6.540341279056285,-0.606734870746228,-5.758468309175151,-3.510744945942001,-7.363587241735646,9.471953711747641,-7.310699420272718,6.556197590942880,1.306227064348512,9.165179933375704,-9.863732364550939,-3.951047212747339,-7.053961143140350,0.445856262434617,-4.501675889917829,-2.077482822173740,-1.829274158846655,0.093771184307448,-6.764369884968298,1.233988321847031,-2.711626474892793,-1.753568487452274,2.529948660619308,-9.072739703116873,-4.837482106129176
9.527246030064227,5.795538818018496,5.394599632824624,4.946026059744197,-7.867149811849332,-0.228849939285956,2.940470065059342,-6.080023166861482,-0.638844361238121,3.902043077705240,5.262666282769029,-6.726412821854966,3.233766546863936,1.908665178471844,-8.482713909846328,-4.700141134142701,-3.484363038639464,8.273864256449958,8.929928368761168,7.825315480275545,-9.516363055317115,4.246846950108276,0.273198402110211,-7.609797353850856,0.763681621307114,4.940950840681262,7.812292229000040,8.640709488826772,5.359277578693554,-2.879358688003919,-2.740528658124197,-0.101837874485577,1.971070664379344,-6.755701636008878,6.526157631346805,-4.227311658486263,-4.205156071727114,-7.758043349475496,-3.592835271404720,8.364844798883496,4.968455947279246,-5.689016865217957,7.491965262426213,-9.432690727193121,-3.333309598048000,-2.087815413833363,0.831948695165314,-5.098584420265880,8.787901337625968,7.627269298234594,6.478368070112730,0.094350041186610,2.912281447862830,-1.657948519450978,-5.314814533025447,8.223631653341435,4.974030206809827,3.822342642559322,-5.339135826592174,7.961450565479645,-1.107553743798263,-5.284905917075811,6.982607419666689,-2.403839343046483,0.911181326828856,-8.219325970201712,5.716226994811777,-2.882796775137315,-6.511946611489692,-5.660426684206728,-9.542528298502884,-5.481862766727453,2.663647210734975,-7.346313845465000,6.592533574190412,0.663358971066303,7.171071274440656,-8.564235435196430,-1.317022528408696,-7.657544896772029,-3.520724462262028,-4.884559301724758,-5.628445991315239,-4.181174612388756,-1.229385872567532,8.720854396239865,-1.322188002355205,-1.479943266443112,1.537305662312271,9.921860598850998,-2.580882175191624,-0.636581254293997,-6.662622813772003,9.056770913340312,6.384501525007853,8.519948390885453,3.760231571970557,-0.973828262681756,8.025733315345548,-9.092837025515077,-4.692632872642197,-2.146883083564841,2.160977876191403,5.494035877353040,-0.057475038100023,-6.603390294707790,7.659628014015937,-4.296690462104246,-6.606791839969127,-4.090002323591393,8.072426434047092,4.257977664947676,3.333682432541353,-4.990312313687387,-0.009196446273425,-4.264351440539970,-1.258821272590039,-3.762027633330556,0.143456672785504,4.502761705047533,4.806298801369879,-5.748185905814516,-6.015051091518650,-7.743005007251249,1.909475239393991,-0.042908341886212,-7.783660467150546,-1.971474071337839,-9.372002992798523,5.465098114990315,1.963808000290875,1.994923020703833,-4.669227335112939,7.613177342004132,-9.770171192018326,-1.169932111532985,1.291621605339099,7.054973096538909,0.874796222045774,-3.153321595810461,-2.228116745925273,4.883271216395254,9.300572079271106,9.695995370009950,-7.736788239384065,3.310665528457175,-0.745687325971877,8.624539559186221,0.058530466405307,-9.012708787585826
0.143811014416148,-1.102473744746897,-8.074534896052930,-3.468054096535303,-6.705006139912603,7.355751788286099,3.070332160353066,2.713398299634747,-9.598236845563772,-2.092307414789407,6.201214409153298,7.555123694802425,-8.111579758900358,-6.736860142857735,-3.592506498446681,4.172395229590775,5.553073581994315,-0.093032627094662,6.467495543534138,1.831545149352088,0.014793727599173,-2.463193147618135,-5.967777619235209,-5.320357595349739,-2.736268015063787,-5.158222856136375,4.047026576038629,-7.150391415484929,1.969020030861588,-6.514369855219670,-8.125172299269792,5.688310086496761,-0.986611564164999,-2.283028131145867,-6.215956934887245,6.325530136076200,5.944725224044303,-0.922172732815412,0.926576657698932,-2.445352409068054,6.648756633125586,-9.401502787084283,9.505560104777633,7.007902774462469,-1.911631041879495,-4.350894384351931,-8.994609695595770,5.267260230306457,0.055323059692133,-2.284083777211123,-7.069424482663436,-9.967657945545410,9.394396644607099,-3.618989728017665,-5.742953528226495,-9.062877048522331,6.715144349111771,-1.778261245685563,8.178879442756610,4.893757571854973,9.426369925434404,-0.457521664666773,-8.306486322034063,-8.783874690406110,2.359476671216147,-2.860785075766124,-6.406210775642474,-4.273578491827408,3.954237610266508,-5.074120358103675,3.662772708368717,4.153540133242593,-6.195589142642715,1.517641002504526,-6.374340609411653,-4.874924536248548,7.683953918409649,0.519649021198259,-6.502590230268637,-1.851078289423203,9.653976148046397,1.051072988985064,-4.984482239567576,1.248513149873611,-2.580622465388254,8.027857413344464,-4.513229868709123,-2.207929071821130,-8.348584042066092,3.863671123050930,-5.412122284858789,-3.587282569875525,1.064811075434278,-4.649600442914799,-0.059759778015195,0.837123731825377,-2.817853339002275,-5.591708877425994,-1.952976428769094,6.985327441920514,-3.155575276824218,7.288283170926931,-3.587896898227481,5.438191442146625,-1.829802266772811,-6.482180397532704,8.266951350492995,-8.483742898633103,4.303363698541842,-1.228000008458940,-5.840732187623177,1.803831973377161,-0.576459436788818,-1.170316204291503,0.719083865274555,2.286591079220184,9.669396382690259,9.171521925066145,2.628800476253609,7.053125800089116,-9.676394164451594,4.515186619993873,3.466730063955836,-5.665490725994166,7.182001989040362,6.022066405822383,2.021602795751109,2.423993026109198,-4.110638360277356,0.498050858207357,-0.386461169599482,4.599985444761616,-5.995868111340295,-8.773972255253428,-5.392309135970734,-9.712044406496945,-5.136574622760824,7.549342900123534,9.494309648725594,7.325844077212945,5.221701603539810,-7.538566140158574,8.745786049289134,-1.580400926515802,-7.002340545610258,1.029489528475647,-1.670340294455777,-9.643730934948067,9.058811355849336,-3.433305788794403
0.497337976178480,-0.878224672033323,9.700529436205279,-2.541770250718988,-6.086053207259714,9.152600309606893,-5.236606644898054,-4.767788465008234,-8.710195240692629,-7.094576727416653,-5.073359971131623,7.694491997546404,-8.307605981468150,-4.012568665074678,-2.501070976045126,-8.044896504777604,2.399744480763939,8.268457017175958,-2.895000945847159,-6.016352627223231,-6.976847188308131,-1.990638270350955,7.759498804562671,-7.952960528540684,3.425681660271579,-2.286229669359805,-3.377037767727482,-8.914808959701956,-2.940362305772799,4.883835756226762,-6.967520931529871,-6.174699748063532,-0.235334278962826,-5.316791896966244,7.815115785640941,-3.885624161101870,9.080703713992527,-3.940885680557740,-8.005844842550303,-9.192262829053737,-1.666450637878205,-5.326854756725393,-9.762865980724531,-5.130925400728334,3.070420370760033,1.188521345013914,-5.200418906172935,-9.347198977337968,2.639389074278409,-8.361697185924921,3.386119132787623,-2.329993510340234,-9.938221976293374,1.737800202043672,-2.993658686693738,-4.327218358305949,4.888896819262987,-3.699002835574820,-3.570674526485396,2.301785683560285,-4.723972715237663,-9.015221219338653,6.307858251677416,-1.064705017456538,-8.716480388667680,-7.571372992371026,8.155429208073667,6.745567086253487,9.273595529514736,-2.545687908929198,-1.784695096393969,-8.730621164645679,4.418259289393642,-3.933709208112353,6.283524200435558,5.461827738772980,-6.329011192040372,2.063298474306478,3.106669688616670,-7.421453144745458,5.299213904948184,1.187977397509821,-6.760924718104253,-7.454297318546057,-7.446297782616202,2.205690764217669,6.320541639094728,0.086872473509219,3.068333839428586,2.036780734208296,-7.486551567520124,4.475857935557439,5.162062933661947,-5.087601303808440,9.448169290239502,9.028062819271028,5.396642612451689,5.997947385621380,4.624305196972836,-9.911458858137014,8.802757917136180,7.265852208209456,8.014223546733604,-3.554733103729375,-9.790093141942469,7.552988541237994,-3.759745734558663,-5.601165675995368,-8.364302570264591,4.180479880761085,-3.257921726653392,-4.191070046353316,-0.925374701979994,-7.988178319010403,-9.086376761255327,-6.965619977691622,-9.975366108890499,-8.393003948312396,0.999848898809448,3.986279820005311,-8.534210412275723,-7.025482594959667,-6.934409525443714,-5.655502464700158,2.245221385627318,-1.005227006291173,-1.012467182025574,9.129393486550740,-5.875684243966310,4.478165761743007,7.717861785500272,8.153274479313190,5.176535532802330,-4.768988604662267,0.036214250935000,-5.510224608024339,4.052351058633800,-3.322104636739041,-9.239003234046141,-6.727477537193105,8.695577426168978,-6.413378048656194,-5.458205466404551,2.051420119961797,0.695316672722047,9.853983003539124,1.980880701651452,-5.206554309028297,2.867160311097376,-5.302199838094781
-6.037594389973582,-2.001500323773209,-4.570868935043453,-5.721649414451626,8.860226062585038,-8.818601532621493,-5.648238046377969,0.132831235177711,2.112540865867201,-6.526115262134038,-4.547696013542892,2.049525131581314,3.275113171805717,-6.619616492773119,-0.616824446073888,2.541032228150222,-3.380870712599462,7.524158903783523,-6.936246944050319,-3.041438130750826,-9.015250141309332,8.914054882480912,-2.954432370295208,-0.619556225395526,5.770875563086037,-1.084050844396977,3.175125764416091,-7.767947761993359,-6.494103582260347,-2.088917730817188,2.406194067049718,-5.335772942873895,-1.163418255191512,7.033765444044242,1.556333795032357,-3.407682165332542,-1.205348768511993,6.459714747973710,5.394674283889797,-4.809579560437234,6.530389580557639,8.848734160816772,4.428529022425316,-4.108070881500144,6.316227169251590,7.950977378005753,-0.422574904300788,5.374977354102846,3.548933763380713,-3.585279059604973,2.218527074475748,-5.766244900824924,-9.121666373532435,-5.412467037439985,5.083007740517779,-5.255306914137490,-3.716369870313365,2.509820923336989,7.888169578567222,-7.158027574306436,-7.538123348180783,-5.709705484499676,9.945099923041813,6.726143354183812,6.608085032245818,-2.608881504309329,-4.602913981902271,5.194778986186684,3.270330153297326,9.962957946286707,-2.110996380837022,-5.400732228917418,-7.006552517692275,-1.675273996465826,1.852838971432952,-6.474795874242587,9.824071749074520,-9.318598488341996,4.616458832749878,4.887208400166116,-1.863806870900230,9.688557368211992,2.867426623352769,-3.681621651072375,5.893772736876834,-5.486944062281527,-5.909665100616821,3.916486496725399,2.966325704431714,-9.345893862264401,1.620485668395395,-8.429090922817364,-9.191564270722775,-3.012351821037385,6.544618942852399,9.704619091161344,-0.429546458287916,-1.714575595849032,1.644488681979478,-4.799312541887526,-3.090070362772535,5.087325137538398,-6.205173110883031,-1.672046038046794,8.210494238002063,-0.045177182086590,5.994259699053879,9.939326390426157,4.686508317731546,3.953194395329845,-7.764967203142041,-2.109561418517485,-1.897284000450416,-2.961246567051314,1.641294025005287,1.186168639554626,2.890910567364156,-9.836119976266694,8.243483763391158,-9.438022368186411,6.678860874073344,-4.241320707128605,3.815487703430698,3.319123306866221,-2.714428791548067,-6.678529075132067,1.506280097245540,-8.391717429408370,8.849690564716617,3.100132364291184,-9.763568408979136,-7.390163552785998,-7.268923915986331,2.769792932676369,-9.444265961384472,-0.152434894476761,0.748528194742974,-0.067346505092337,7.310010466551986,8.592928877295599,-8.481056429380057,-7.228588453065821,-9.413527227573715,6.132138191424868,-9.040482736568949,7.252887312515149,-1.002788837926776,1.764115654672207,-1.733113573090561,-8.189673149691643
-8.920597616029951,2.135234009225019,2.170070036508386,-3.722399162085656,4.674156519181595,6.457493776392358,-2.874686951498480,0.043770213336980,-6.171545100528060,3.532231398412966,-1.742053871679525,4.781768221609166,-4.595399795242782,-3.844479865528854,7.362780006277124,1.079668505905413,4.525897782986908,8.531499282031444,-8.824027985635020,-2.253924096515805,1.496000682633118,6.522478579045323,-2.962755649878366,-4.899710158363297,4.789315227249061,2.419102120338883,-9.098851570944849,-3.011352729408856,0.539317620978611,5.109743728366015,1.661714791496347,-5.398211308880221,9.623175448913234,-4.022698873730858,-7.971452407406769,6.590247569631316,-0.463039978148634,7.590835812080165,-9.850127231778501,-7.351392274480384,-6.269684260420290,8.827696390409013,-7.156160431336247,-3.330664864956323,-2.922112481442209,-7.606668773840597,-6.703769307614140,5.393721181533200,-7.370450782553486,-8.782549365944170,-4.327801362270877,9.220726260766462,-6.197815243227335,2.882544333295709,-5.333755310838788,-5.257656389383946,-7.463601078450896,3.031927182630309,-1.112758722521965,6.952009701923796,-7.624614168456323,-1.927949476776476,6.909045702336950,-6.100784457993056,9.309858674137587,4.249242157196097,-1.716453362858525,6.353569404704391,3.142676280484553,-8.804075192228764,7.077906936062316,0.157367013652843,8.019517221588814,3.444867230677755,8.998747481494615,-4.268167294753058,4.122007366357529,1.572417851171345,-5.872902419896537,-9.560059141809123,8.235440622386974,3.970812753211181,-5.723980384347751,0.660965061102182,1.459898090715267,8.175863085926583,4.806693798524741,-1.633778018648563,9.259796593244218,-2.983738521210622,-1.095359530629175,-6.491095213292168,6.833149372026071,4.107862757360719,-0.928328850048308,1.691053480081594,-1.175182332413272,3.038299120703121,0.775727887791485,-6.696047528897568,-2.408172212064810,9.555228985323080,-6.431614220349489,9.332912762251702,-1.682531976507487,-9.822091204533434,4.393520600126802,-7.940139482185852,-7.830149017958446,-6.612801309110732,2.657492045126409,5.127265682161362,-0.438734442335937,7.925354811735744,-2.965363567909480,-8.448985629141321,-4.118231481613268,7.075090557977330,5.668733827304857,1.457761375072153,-2.339240669858254,-0.586663413268012,-9.420600700053827,0.112210036175052,-9.590736917157212,-6.215819185411872,3.334439696532188,2.969611064551181,-6.044721546495579,9.707763938019912,0.884071915249425,-8.833928195895702,-1.537297105337270,4.197005260951229,5.310148111902704,7.146484048116307,3.822423571037447,-4.956372147837014,-9.076443792599441,4.625736290419127,4.276308352004170,-3.722610511410585,9.120100976774136,-1.001005633389909,-9.852322995593632,6.776998017199716,5.979504728499274,5.330557132319925,-8.742300505954754,1.366336114616921
-9.851892437111383,-5.152920665420371,-5.356078698603584,-4.841165136019905,-4.479847762101537,3.525101649370656,9.831557777286179,-4.993842333027678,2.786605487337466,-1.907562254978355,4.008206860669418,8.570329784924869,-2.093432734370517,7.563296321448192,3.175349683772975,6.289753641256112,-9.149194175368201,-7.596987383191274,9.468822836190412,3.696162316665895,9.406417774293615,4.517527204071314,-0.528902326179828,-3.684651519252538,1.752795911254834,-3.228287577900670,9.312623407219217,8.892765299058439,-6.851717920611540,-9.278782542428623,-8.548047058877708,4.339440518579947,1.576128830839359,9.355677794512452,3.875811444359034,-6.642057919970943,-3.424296641045130,-9.174487968352016,-9.507406210007687,-8.743246490435430,0.775886627624027,7.607970327257142,-7.675209748889258,5.421130244666587,4.458338553915322,-9.604757712414889,-8.677615334626111,-2.986645159667694,-6.557719373292759,8.386792688449596,-2.375540525864070,-7.517303350200939,8.542740104689454,-9.868199005912420,7.161021852337971,-4.157604885897419,8.634247096338822,4.688535662126208,-7.495825660777731,5.017233702856995,9.384394539716418,2.925338721671782,-3.968642961208941,-0.895221264455014,-1.404184505533291,-2.162577893540747,-4.999031226300112,-3.296695147665409,-8.123269627031913,2.774876842223721,-6.347705035801507,-0.389212939507200,-2.336647351475256,-7.694355675672979,-5.792237827352715,8.635851365292872,-5.257177706918624,-6.964432730952590,2.709228783509424,-6.147131591014661,7.793106925596550,-1.560962437403539,-9.159872071906477,0.802995559198731,8.135555076847723,-8.375749595191779,-3.473056865124411,-9.889506691542778,7.737768692012462,5.341096725448164,-2.985917939102851,-4.544102949283870,-8.284398526314384,0.770250926342209,1.725168490872861,-5.382189317798137,9.926950710903366,-0.065358603148855,5.997377130288356,5.766034815569894,-0.966565746920203,-0.256475454632668,9.914087834433936,-4.154988873787944,-2.215958921867315,-0.815829190806674,-8.572088742832875,5.274716217788116,2.183972977683039,-1.307577737805254,0.225836384137715,-8.530735705643496,1.552794929273675,-3.441080682489761,-4.083016590291100,-5.248410031883117,1.671866050533133,-3.477728287124666,3.979588332714837,-9.259427285161726,-7.370188557270890,-6.561707178648797,2.045115477946439,2.223299264721330,9.858990155487398,3.105534172372815,-6.680935228283065,-6.521632847393266,7.525692841503936,9.984471695079350,-4.367989799249137,9.824658522301654,-4.640288995066064,9.251619401375450,6.701930424181835,8.361055496268275,-4.689510818493050,6.571453487370057,-8.685141723216532,-9.879662286731632,8.808521911378541,4.284830792334549,-2.774449607253384,-2.947988464499214,4.270675560104021,9.169015516798606,-3.925843529243256,4.151697187750871,9.045609979672083,6.505670842896563
-0.836588055140133,4.328166138269101,0.780089624783475,-5.155434949285256,2.505458032150639,-7.767082674899106,9.548252931799208,-2.562711309266897,6.852312259748338,7.834780798589836,6.825330201505530,6.812331819373242,4.427471613869081,-9.237174380846277,0.906431398326950,-9.932801865909306,-6.141739420351310,8.327078116772043,2.909659116497107,-1.759327625553668,-4.156858386363853,-6.855704333201807,-9.937848969181637,-1.973622004108025,9.080416708237212,-3.385344644483652,1.997014869660818,1.579924154098054,-0.885496275719992,2.144672849605399,8.352043338909720,-1.071871163967646,-2.837677753074795,-9.178092449796393,-2.280245135030312,5.359154840290451,4.411071006387672,-1.159845592305507,0.012216145223828,4.145873343763085,-7.400751154965562,7.149139471105915,-5.462192664621184,4.279433873662528,8.504848853160624,-6.977635781502003,0.410745449915961,0.328646518502659,9.492388019344883,6.703932480873544,-9.940499909071782,7.385462897526402,1.849572202773153,5.991362458714409,2.344815028954274,6.878801372754495,6.062099179474611,-1.509805910084751,-2.025586112770579,6.551777873602404,8.025234581943334,-9.691339107949892,-4.645430293245390,3.636024594608486,3.176937938067180,-7.699780076488263,-6.306040050314290,-7.875315765950612,-0.064598873684190,7.725499169567176,1.187932876842686,-7.526750035178436,-8.004551398324855,-5.224874408293035,0.750543122454818,2.200426772811264,-3.826118492025357,-5.643663169631800,-1.707194063277775,-8.178002436607315,-2.173797503043602,-9.231547994349880,6.787883502161392,6.302527299810677,5.890953244713886,9.568889327962825,-3.348908086196253,-6.170255883341027,6.808814339037635,-2.476481992421911,-1.351028952192294,5.720618913840596,-6.518434177026505,0.847467155976343,-9.050648635292706,5.463964477087712,9.609998070668993,-8.804279351077861,-1.302353585101750,3.100996410154282,1.077751100250433,0.395648717702892,0.542872429346012,2.305929345734238,-2.474350562355125,-5.643182830733194,-0.555896053888977,6.090247872307884,0.820193088868692,0.838087745123319,-9.380295936948055,-7.512901889727621,2.607630421468404,-5.635287731558236,5.890191192931029,2.677167950944092,9.410527451927763,0.692401199146190,-7.665657921580076,1.434943407184194,3.916740450487481,-0.775068403264710,-3.069232169793629,-5.006251569155154,7.318278955693607,-5.531485443581468,-3.830182318674920,-5.103995890830166,-5.169765335093284,8.229235946270006,-7.820901764325039,-3.016312828096570,-7.056685398673544,-4.552597996754004,-4.973550463152030,8.528737280891573,9.621269125722417,-1.950826436252552,-1.229517393235664,1.545121187267418,-0.459905366291093,2.472361344133231,-5.225940998701364,9.978278106400097,0.635523180913697,-5.779976291160070,-3.568917482399801,9.102848855713617,-5.936689815231315,2.428259161380034
-3.427230879839533,3.482427694236733,3.452444304488482,0.221952962388039,0.619095535280271,-7.490159037143005,-5.543784744575548,-4.182141412507674,-2.387975600145387,2.824060294354425,-3.155908604900281,-8.970635593483266,-0.853114364511377,2.334337316091371,-9.846672778531147,2.595271477551677,7.071960726477094,7.564493002347771,3.491431736132771,2.704811391251681,-7.452450521568885,7.763991945284481,-1.152688364700298,-7.132007342962829,1.229146016383938,-1.489834724134628,8.543212560187239,-1.925498404844834,-6.079448596690087,-4.657980091380878,-4.063422740494779,-6.252900310256358,1.972767717214301,4.094199664415651,-7.165994911026214,9.737273575130466,7.649994760341933,-6.665465455042203,6.628598033324231,-1.573262495781925,-5.000196445809754,9.818871233375511,1.664280502894888,0.410829647617582,2.580759100917822,7.294986834929311,-8.167327342491129,6.910834475818252,-1.358063833671686,3.444585887008195,2.991620576005712,4.293415288421381,-8.714194416421737,2.057643545914939,-9.713562073222157,-1.299474226311583,2.159817629249714,-4.439516259711200,-9.069229302883489,6.663373321812355,8.821479843657340,9.839837847436524,3.845968823920154,-5.103266364698871,-9.142273125941943,7.067764752880048,7.018010954624664,1.620286424487396,-9.792250556383419,-2.191348941993945,-8.804809373912065,-3.343651297799585,-2.277501756399478,0.770739985679530,4.275542100229391,9.800099144820031,0.044424891771531,-6.742068504704337,6.213786149012272,8.078295948771924,-1.410617392035986,-1.990133942662515,9.331286186629335,0.732104804253638,-5.794499263987718,-9.400067601982624,-3.154081711693728,-1.665567511515489,-5.958074106518357,7.799043765367657,-0.438619159476447,-5.603698239659871,-3.862217376333357,-0.882015516981918,-5.941242996062375,-6.081157817122373,-3.795772224693015,-8.122012879130832,3.993857892807856,4.951472597184372,8.490094963870668,8.422968439298501,-8.350695250464085,-0.168218346856817,-0.732057497931851,5.685563000159501,-8.668670373997312,2.021736375662272,-1.966253591016107,1.140919149668120,9.017925120848176,-2.173150554861683,1.383277473527716,-1.999788433902534,-4.044548187273474,-3.637708336021990,-3.157258987488982,9.575653398779824,2.932306629630890,9.818217025443076,5.969757972140524,-6.900582069326340,-6.272858460508342,9.219253053683531,-5.870260577498918,5.797355119379187,-9.194994499933568,-7.846919351079123,8.173326902050494,1.940250961186717,-5.544197013638512,3.984555551375831,5.160547994715932,-8.573882051010347,-2.699607946189122,-4.347305987322512,7.878159579802308,2.674104636477946,-8.557015435484479,-3.666859467139649,-0.677261975913719,1.798292231877653,-5.964256438370823,1.854821822893316,2.437387387783300,0.719072549534438,1.569736476324303,-0.052109851510771,-7.134632857936407,2.266605340348118
3.329806980231677,-2.654602312707180,-9.179732345641099,-0.301542491905643,-6.491192448715024,7.768143175329499,8.315556246277623,-9.814256753251680,-5.378197386160901,2.066110997860484,-6.646679660002697,8.431591343214919,7.345077694636224,-9.289743056104369,4.235527278679987,5.453458277717754,9.092428442085659,2.397557737986151,7.292043349178751,-7.642067432036466,9.860097302406118,-3.841803738727327,5.279086908272777,0.514730240622063,5.330192958651159,-0.053011056774114,0.735648067533759,-7.019208061506756,-2.733394482809313,5.624126204840678,8.075963149826254,2.076101662239331,-3.741247546843718,8.600060990059589,-4.719743059999104,-1.279729537081089,-8.782179372140213,-6.042115682412669,2.960402990002009,3.981750912093727,-5.039133087295324,2.209296932804731,2.713194979238622,3.813074063469518,8.936301804288270,1.164830650763005,3.827882250999812,5.300239551444022,-7.905595160195400,-5.701794012888646,1.935722471368271,9.737508919562462,-3.483035904537637,8.060377904127229,7.126345957957842,9.483817202424902,7.786580186695648,-5.715949953227602,3.063954613987995,-3.007025951865321,4.557727606752488,5.211260066802041,-2.281144528914785,4.743005313456671,4.217859063888138,-1.413517426003022,2.361912489508324,-1.950197247262873,-3.989678542368087,-4.168035406892717,8.701107087804886,5.500982749198766,-4.402469672539324,5.969500434975618,5.970444674428805,2.463196274476889,-4.846809750127903,3.046068442927428,-0.820959745219724,-5.645200478570462,-5.580405124186583,9.246839104051439,9.045189730272959,-2.424219850534410,4.373052761483471,6.811474789107471,-3.350761930566026,-6.544560105426642,-8.222274889529464,2.835653072308300,7.691869819530314,-2.048839752823596,-0.622711419438861,3.765751454946280,-1.027365866316893,-5.784827862830326,0.452317611755301,2.795839529900110,2.280462399265081,9.977148717499272,3.961319899298882,-1.957409665695364,-0.645856096297186,-9.097231723154040,7.737278495776145,-3.787108654495057,2.921981313551056,3.540782833650686,4.573804814680514,-3.159375419152077,0.583420441319815,-9.651095279310329,-1.345748073391484,6.155235610774064,3.728116740569622,1.782606318681877,-0.057656454700792,-4.536128474680215,4.386584087303877,6.697935690415466,-3.015609806750339,-0.966141832916181,-3.276798835490800,-8.581178580268805,-9.828289508445518,-7.790297642620770,8.675759794775992,-8.232601637966724,1.215595434821569,-3.482681780426978,5.819807214658738,-9.400140010365366,-4.378240628899778,-5.293614518991321,-2.689876095580979,0.619607515333069,4.343783808298836,5.168437338533995,-2.116916888218427,-6.794111676848700,-7.373457785210739,4.957728928738099,2.155779664199301,3.701240739616996,-4.979372792595742,1.513900825086370,6.861165161160120,-5.843745430704232,-2.459405637488055,1.981859444141785
8.529179430896498,-4.280851120305497,5.648641919196089,4.844555413333740,2.019827679703397,3.117971164331003,-8.489158007480032,-5.021978510219329,3.444737831936454,9.242133059032994,-4.852021133703226,1.174693198150880,4.991304389349926,-3.418730749839822,-3.071476313091073,4.045338483248813,4.686918471004670,0.745301102732604,-8.715083264812574,8.163307056360200,-4.405968543924632,0.485783123742834,4.538088965925361,-8.797036667290843,0.708113733413040,-7.969061491080438,-0.174146508336229,2.344897419271735,-8.759211809089638,-5.411535981166915,0.462089806247191,-5.602135499285046,-6.807155403614957,2.177877560960134,4.439425896022275,-6.989376953821056,-2.259907702516227,-4.475105364267240,-5.608196331071205,8.703924469164143,9.200208930940139,-8.797874554985654,9.806337354261181,-5.394223423360540,1.243762361210393,7.091486715792705,-1.433122976721155,1.278321038274301,-6.129273660429925,-5.821087947793693,2.818692218761750,-0.699892869007625,-0.139319875418202,7.470890172431663,3.579330686771456,7.400707182152711,4.591353958564383,0.179110516734584,-4.314355885538523,-7.410683055084501,-5.660846059704088,-5.903396814055641,-9.615420855589022,-0.980584246681655,7.719094171159586,2.240001690034475,3.321890840944837,-0.846180295153010,-3.959019461899889,-4.745909234867240,-0.164249803959756,3.334394417938107,-0.272946073204865,-3.434561371911502,-1.120781379009452,-0.703270029857737,-8.381359099817560,6.722437564758962,-7.780794847622383,-4.721071270734425,3.689730044478496,-5.986002702476288,2.659887302957859,3.370826184653751,-6.884883393969636,-1.965158742772434,-0.929428026322881,-3.407483739303638,-7.194695681039713,7.217791351215755,6.083203784070662,0.300237361290318,1.600661376666181,-6.646491223012985,-1.104317167790718,8.285314937645659,8.605351361099252,-0.388230179341356,-8.091334435007070,-0.995714651044306,2.699675110263177,-5.226544163569294,9.385736894890378,-8.107633880167475,6.267727997555944,-9.854632415959273,1.205059994125735,8.969089874633180,5.878898603178397,-3.644800850690859,-3.368139209955114,-5.033694732095963,-5.235756052817145,8.424161257912672,-5.618344130721729,8.222371886271389,9.077928158186509,-2.941252725926451,-0.632273464603161,-8.762039168565094,0.989461798546760,-7.077315534529607,1.561174046060129,2.793361538721218,-7.273700808368122,4.760906355895266,4.123245472078734,-7.361635313706792,5.541817175608475,-6.330896297493860,6.892240442908061,9.624939781330816,0.943089026247790,4.794392204199694,9.701997429539212,4.592809346341385,5.087256783518654,4.327448973831750,-8.871780977749781,-9.006969490411365,4.199261036041333,-7.252588461072964,-5.153882523299369,-9.541579295643345,9.740845354586625,8.931497430826909,7.034009496968913,-2.831776790773295,-6.923988424942243,-6.567880938084294
-3.719765857693398,3.521011048346288,5.520997852860013,8.178457884282704,0.579543446733158,9.808040769938703,2.261299299905680,-5.277997360861495,-3.209760759923475,-7.590507806187921,8.604326876379670,-5.685487864628833,3.812271487341544,8.523832867832546,-7.947550859489971,-4.822885595242679,4.267889020533564,4.480629755461720,-2.575981279104711,-2.354642668516003,-8.524434353110957,-1.428403252508195,6.267808709310959,2.054777869690730,-9.416224439473631,-3.163836750932052,5.406946360677082,-9.576732619731095,-7.918055599455234,-4.460366288576476,-4.078056269153148,-6.438812382046272,4.151871203554848,-7.166203720707783,-0.780900494817020,3.344753374030864,-1.398875271309482,7.298211527309611,7.749249761339605,-0.219192574837860,7.125438707590842,-9.475954775816174,6.080773986079244,-0.713223551922702,-4.008304865719394,-3.833017810500071,-8.832294218472247,-9.976946376337487,1.910228187474193,-7.353221378881331,4.657545332443608,-9.393777858849234,-1.137653679531860,6.061891696158202,6.332900294344682,6.394756324544861,6.778280774236020,-9.760008794302719,1.064398419287551,8.388163423022103,-6.822163877017175,-0.001366759609766,1.336685371867413,-3.366378037562074,-4.606605624330172,3.515822382572548,-7.845172763187893,-5.336212428516200,8.110963703765211,1.728715165879359,7.948460429182973,0.005892922300017,-1.700450879711543,-4.893649452040179,-9.099697350654690,-9.672856238737239,-0.245253166624295,4.778030448912702,-8.581002211615203,5.723494804152141,7.939634636225605,2.104472847130909,-6.436853683564705,8.534638147571776,3.860125221915204,-5.019697196184760,-3.520103786553408,3.548074530556015,6.833618919743007,-5.109136138473005,4.486069359336955,3.456119547989276,-6.145216833991444,-8.271400959364541,1.925102183225205,6.223207483135212,-5.724958405342313,-7.802175578834349,-9.059765252319302,6.663840102408905,-3.523105568702696,1.048017291780587,-3.659530973612595,2.631170404019056,-8.124797164173660,-5.123622252606534,8.642383489525589,-8.821405493148076,-5.110556980172294,-3.554201917720770,5.757429118316804,-0.432910820517101,3.156816104934281,8.434523954682493,4.942814088218501,4.885753070199621,8.045171167083996,-5.848553619792661,-4.060946663971006,2.689026419543630,-8.019432441597738,-8.802653484631435,7.797389893320542,4.418227236250903,-0.231267894853616,2.291132292526640,-9.080213639503285,-0.973975986354302,-1.203152446677979,8.594534151912864,5.723336557500676,-7.467471600106201,3.299447258063900,-5.153235125486207,4.498326697130583,9.210933292927479,8.304700374491993,-4.184521588651093,-9.482784507224553,3.052448100328231,7.584415689175405,4.345748772029619,-7.983865767598244,0.894447084831821,-7.680692881545596,3.929394168110377,-7.150811181935135,1.705182402617158,-7.598713804350446,9.023437390078875
-3.351371856731378,-0.987675466014812,2.313955330182743,-9.799063856841840,8.119052087932143,8.689955299389549,-8.615657884801291,8.355694720106296,-7.221096305963965,-2.695161375860766,7.881591395101545,-5.663070375178421,-6.639151926592879,-2.468702757961045,4.192778427817267,9.435801472781773,5.190250416656031,9.589510659672136,8.259836239265685,5.664754376209483,-0.595924519332414,2.920259082300745,-3.539477386072322,2.377606826728666,9.330288458717192,3.600501574513530,-4.498063599518039,7.085779553112509,2.554551809353860,6.770610521146931,-7.098824527711541,6.063785800322673,4.526378052327516,9.758930456781478,1.147500501823258,-0.746034172532850,-7.556995260986470,-3.326914383164883,8.185340229941623,-0.120775856924009,9.995070852205924,-3.712935709688163,2.573575274042518,6.311001441813751,2.219681212601918,-8.816278722649491,-2.975258006987711,-8.692976133740499,-4.058118663107388,0.718833025426274,1.638682421513487,0.455125419502508,-3.290451231934011,-9.715321771434297,-0.536444550329641,-3.317235422702436,4.028759884993292,-0.919102724511943,3.597357126197506,-6.363444827248451,-0.144400080657874,-6.914283123707636,7.086752718725819,7.697417542737693,9.275125421213822,7.628913455210402,7.803656357118193,-1.294514075285583,3.591249947032154,2.197409221989346,0.523079880821037,0.730731919518945,8.729363001686586,-0.609175130808925,4.783039053306107,-6.277729520046424,-8.042591116460841,-2.088656680328366,4.189181717763834,0.472166713807196,4.361516743791736,6.654124780373895,-3.585600425538686,7.365739438662850,-8.962470495703521,-7.228662202528804,-1.640547347400572,2.556545409951807,-2.344752473306468,-8.592067750169459,-6.932883361263247,9.864548416212777,-8.085537033985092,-3.955646439636114,3.277311056155288,0.013868569622131,1.707917503954695,-7.190944699083874,1.540054526705186,8.448692350957884,-4.773625380645354,-4.884298513897667,-3.174194780481889,-9.868781028185429,5.705708809335324,-7.894615195386256,0.042587146695087,-0.141305541410617,-8.133857203345073,-5.491313198050416,4.214226148318348,-5.123713242755410,8.683086287663205,-7.673716476002255,-4.556040622839794,-0.901944484356349,-6.327280832555424,5.880441150665742,5.739143640920609,-0.020665411207567,-5.203071368317859,-4.786297313509145,-7.392271320887350,-0.961876536489763,5.735299070262833,4.614910486983309,-7.462994745924664,3.167498820724328,-1.226738200769461,7.868468175380123,-8.446721509999191,4.285284030706420,6.822716379580925,-5.555627477362755,5.097693234171386,0.440591473777712,-2.462805007645439,3.136121044104714,-7.300127067366001,7.617130361878687,7.624384532480889,-3.974308776018194,-9.765530277829338,8.020776683313390,5.406928272403986,-8.338176717433264,2.366333334846203,6.338596330350342,-6.184530872822462,-9.888502541794281
-3.168663958575538,7.417576663988473,9.027541601720340,-7.197345094730984,-7.696313497080077,-9.599295203765092,6.086342182427011,9.094433688105063,-5.612219993668441,1.317075934835525,-9.701580136474000,2.216283621404436,4.754039003967776,-6.989848836373518,5.988527926773305,1.730999513472929,-0.826611745961610,-6.957505880368946,9.125152579667670,0.664374349235574,0.795497963429838,3.649258062510970,7.808511063903147,1.367986234786649,4.022639230135603,-0.253212474074830,-3.458005526004728,-0.910636063861718,-8.455685096770043,6.754551345800643,-4.508191449590358,7.846428919599557,2.305168911492835,-2.671010372199785,-0.435884992763441,-8.978904165096610,7.479058673254602,8.196289054851849,-9.006473701681202,8.338639290340961,0.709358406275602,8.547952608305419,9.127326624794083,2.282736753212692,-8.701110705212935,-2.201173155498317,-8.938694532045673,1.022020405162181,9.226109308508541,3.109156874230514,9.210940427091529,-3.461390328635940,2.134803749834377,-4.026671800264364,-0.147983267909332,-8.555779109414477,-9.536254133000035,3.637135788517929,8.606882597346392,8.791355749372627,-8.640236911922273,-5.656037351262164,-9.457073786594734,-1.362144445879165,-4.843683768777664,8.266910071570241,4.423497738522450,-5.681241240203239,8.948528553807879,1.130083553817398,-3.208031041790502,-0.122649909714276,4.157436463104368,-6.776576283204523,8.202965138025959,9.713463128825232,-1.959119900045248,-3.032358687294209,1.615865176736289,-6.214860719838342,-5.420902842608017,-1.363827893017245,-5.039139047008312,9.403902776766383,-3.108520316637828,-2.620397487379778,-1.662963479362547,-4.197462877772988,3.104094497487482,0.349660154969342,0.772416649148864,3.725847300243956,-1.744299084685112,-5.494796792173691,-2.756274300136978,-3.593267083045095,-1.364338409559361,-9.539570392095102,-2.197073766101481,-5.191206140959768,-5.139519272749955,1.337616096082693,8.398880461493928,3.478577762265950,6.886511026081326,7.007173309769083,2.661502012349533,3.207257833009223,-2.368392164764614,1.632725199647924,-2.883522807925227,-8.231188489784033,-6.867293326036405,-8.670084052356597,-3.971852557954422,-1.187034745646523,9.168825756322704,-8.659556385866743,4.657062514018090,-9.087007570007639,-6.549733284206313,8.768345324131339,3.142390754263404,-3.580861440671253,-4.761375037729492,0.509299493496078,9.927874591066939,-8.180270288658365,-3.786182897645993,6.773691613682072,6.257929975071065,-6.002139924160721,8.812082740261907,-0.259433075065322,-3.865568104382766,0.257216958460628,-9.858212657123783,3.988465838148327,5.668558891424571,-1.305393312161558,0.449487514641261,-9.412767765977359,-7.920011520527219,-3.169176896498636,-0.363481868446316,-0.642367793262864,3.224375997581589,-6.531412397311565,4.121556693576132,8.795937184512184
7.000546603222929,-8.099457999933113,-5.495583549611882,4.267252340252289,1.779762330645205,5.007411543727727,9.208451400228942,0.968316836787068,-1.323240927409904,-2.011098709386698,-9.407179838408734,5.954737030393058,-3.524764341020663,-3.829978431176104,1.884394573210525,1.471194242865213,-0.785055519781803,9.968191595387857,-5.834586318796593,5.074406545922825,5.302377448073370,-8.311844217498489,8.564133634731689,-0.121938420008714,-4.925682636771662,8.185650214687978,-6.759972697827743,-3.667461472781735,-0.082372932158357,9.853905650169445,5.132813950704911,-8.018494215879077,-6.059097925895351,5.139965509128988,4.969332521358066,-6.146540673829386,0.550537880479318,7.615948190064653,1.612626563194677,8.132523928856418,-3.138939385474126,-3.783105895511296,6.642464892211287,8.016623092839946,7.160778636179870,-7.104276566229071,1.102388173267554,-5.859970288132599,-0.224155527137299,-7.759539712593146,1.579627809413646,-6.521086278950195,-4.485468957418521,-5.585016754267899,-5.449821515538598,7.528174143300422,-8.128256725799632,0.269968442056111,-1.699858804677170,3.647563115527909,8.389090496644464,-6.186485006386264,0.143856008801521,3.037985245602409,-0.162412000049976,9.884194125039954,-3.561890974625339,7.997054743846753,3.777724321078267,-8.007220646616243,-6.820627189654747,9.676754497487291,5.047170544548338,7.409904245969859,-8.713269195822576,-1.635250420712843,4.830418357233565,0.481455932409387,-5.540882384308279,3.653597833962792,-5.115038051186794,-7.441309851688014,-5.593219002923786,-4.790517585564840,4.305357690997367,6.676663808689096,-4.536281690642996,-1.998077952600077,-6.892265099850585,-5.873110046801242,0.575114441022709,-5.271745920642410,-7.539557882365003,4.727116338448710,7.680439727420886,0.418392292652518,4.321951749615074,-2.738555735944990,9.895667850158311,5.888697716903042,8.564007393993787,0.593062640546606,7.246173712664017,-1.662545964692718,6.664717885931623,6.872997562172269,1.943342503400887,4.321750210256210,-4.545608048265115,3.008583372851666,7.524909855526772,-7.449594465565765,2.280687881207466,-6.730723975607187,-0.360685761599086,-3.505617505922158,3.430550030524941,9.061398159216814,0.576456961195221,1.259903958540644,-5.697469256347283,0.661646757231299,0.363411907186970,4.533783107249452,0.746802331925785,9.656854350728167,6.187733106544879,-9.308918658763673,0.212632021190458,2.410013184324519,-1.775176650090611,1.281379795466028,4.285651163519077,9.831754540795860,-6.762169005288929,2.962744701156424,-1.255665940482809,2.672997982897824,9.998296244922912,-7.992633175046744,2.104607420579717,9.012249872761302,-0.914146426942057,-3.588930698683499,1.518897181018875,-1.083110257789384,6.936444407940513,-9.806899961826536,-3.142248370784284,4.489906869458430
1.351994118088182,1.497006843896934,5.879490402505063,3.947722861733681,9.927332793848997,0.081717105263095,-2.310946994892246,-6.127627289275064,2.242233692453517,4.705109595536296,-8.653994422323683,-1.679842043009030,8.727324810389000,0.142021414585692,2.746532342920487,8.020801872125382,2.073298962537123,-1.751674679572117,-1.577188327709599,-0.134335681443202,-2.565289600876408,2.490322214237947,5.976713049956990,-8.489816302360847,-9.011271663044615,5.690114743060249,6.368034351239722,-8.681330105010346,3.464339289011258,1.983752976538138,8.729943894361632,-8.743634200159793,-5.923114496385677,2.783743532535814,-7.410108999935918,-9.882943666154812,4.397196047054749,-1.446670353211363,5.499473819946839,0.005333928951831,2.247311719785124,-4.515439188640078,-2.586120189582759,-7.093031435970170,7.474513565330557,-2.193152194439003,4.609764140701905,0.841832198849154,8.274966119491975,0.110598880393429,-7.650500127722555,-7.486980236099896,-6.269568177387206,4.413345960820676,-4.372128979115082,2.068251524612997,7.647516294093897,-9.647563784669678,-6.325005281403866,5.902138710508622,-0.386954721298729,-1.159778983863365,7.977582994121132,-3.075356656236505,-9.155187558720614,7.731386764622641,8.466224811388553,-9.615287188431047,8.012364175258185,-6.749200612990325,5.491477734638162,-9.190677058799317,-7.615918174412382,3.910311084807560,1.335122381345153,3.826455284564785,-2.840943881674329,0.099896693561126,-8.909691968334510,-0.990486767886697,5.997830892193294,-7.226366915164652,0.659563028051002,3.670129509169604,-4.154696873095647,0.022643749922636,-8.753036726044092,4.003719267609672,4.964786645425086,4.862997760067440,3.517783969803393,7.537326738975946,-4.079712687563712,-3.032086607505853,8.504743628791552,3.394760750982261,3.662502440188934,-3.663732570024363,3.294720292227819,3.776918574197026,5.781774037600780,-5.027774324559243,-1.744031559528256,9.984045693604308,1.236241430997978,-0.005497948142105,4.419867431240922,8.454237242913468,3.732532581643305,-5.495799757610280,7.651865545369454,-6.475467284948024,6.409735779516225,6.532048659883102,-5.729747770283076,0.736271593426315,-1.758099762298000,3.546504807937634,-9.490735499184167,2.070630717553847,-0.744780630937505,-2.690908073606549,-4.272539873051764,2.322653855311930,5.505270014738734,9.992314315333346,-6.475148999418705,-5.232065681531905,-0.500386970377118,-9.858999919359750,9.253197064979698,-1.098265127294930,-6.027589000860017,-5.065243086617793,7.510352338818389,4.456952874755453,-2.142206667017263,-6.554866887925870,1.367234597414843,-4.281298522603536,4.697962684495664,1.657709219971753,-0.432371712209294,3.639032825932160,-4.496677515281336,-1.319522007083251,-0.875389255715206,9.387547786188215,-5.295026276739748,-1.343833645137646
-2.307613427449382,-6.968328001647619,7.090623425213071,3.858753616408055,2.525254508543920,-2.898312871165675,-2.284362096700086,4.869812579537626,0.554117749034098,3.621592648200654,0.414236116107798,1.687520826897053,-1.487666289863430,4.671122749209093,-9.394559679734245,-2.088659705107833,-1.873823921384201,-1.039427454384381,8.917259674291323,2.354738557996630,4.169680752313059,-0.671885446261077,8.443070735692565,-4.243767645451666,0.890990872865022,7.070564573911017,5.058458069722011,6.058101418027022,-5.800586224060762,8.778467438509661,-7.434072688039633,9.415910458048224,-1.481592459553440,8.205332030956939,-6.013819652338621,-3.681078105616489,-8.092422227666027,3.920344223544653,-7.090561822908432,8.378454607475355,6.617443958104403,-1.613849713286083,-0.888208966173067,0.003722110084425,-8.404154809634189,-3.513183946893395,-7.688618572121289,-8.851597084049509,7.651752142266346,2.252038466723004,8.756318986992909,-8.531949972735999,5.897891333763766,-7.231234906874963,-1.079568662479733,4.412024817935364,3.176493705698345,6.316889233251239,-8.865612805808125,6.048489983354436,1.806782798176737,-6.610487919279482,-6.333335215281233,-3.600508982751364,-2.471826592858591,6.982484450872498,-7.689578838611901,5.470340232149875,-1.538232059769200,-1.951913978139075,-2.599045077099362,7.492228840085819,-4.861964775807762,-5.603408724941041,9.943759150553390,-8.900414165900369,-2.563362991909997,-9.253672672431975,-9.318754500282051,3.752938366100494,0.931676281117246,-2.416418006135491,-7.071865506071012,-3.730819750114412,4.812500684910976,8.707715155590158,3.682888805745726,5.488588873419218,2.799027195858990,-6.451415031336689,-0.198050603921667,2.626334255325432,-6.651645989854924,-7.938853740677345,2.378533560770936,4.682663244746470,-9.665092178790571,7.913436605929583,-8.745689109906678,8.477850200298988,-4.576439078155752,7.718172853871593,4.164740569799793,-4.922387937117822,-6.352074092438606,0.568413427586146,-2.593570715597693,-1.790526252454431,1.758539500725329,-9.244931361174745,-2.838994740962642,-3.062909671980072,8.529446309754746,-2.283462285573997,-5.871190387909571,3.553388650133339,-0.183847095833755,6.602393611578236,-7.113772958246924,6.185089235590077,5.789826757229825,6.391662334806888,3.804533916253030,-1.985162393325323,4.642880578475754,2.556915459002017,2.173192003957919,2.784421740670870,6.064350854850542,5.228943178479961,9.332962579568157,-0.516048520058645,-1.233044254492199,-8.174277610093867,-4.018787056243425,-0.847609833595344,6.667504935481105,5.328695496084144,-4.513071686596817,-4.664096759692297,-6.481413478689221,-4.657485391209073,7.469548035312410,7.837623779887835,5.597037008394700,-8.477535537307883,4.991767047936385,7.611690427019038,6.824059186840024,9.421188975128839
9.942724231065835,-1.151345391617689,-4.365271589184710,-7.642388435176295,-0.173658891162834,3.632343156081220,-3.070448242065180,5.466988844869793,-7.601607156075021,2.407038991676718,1.155640340416635,9.292881529027753,6.886838325652363,2.918029266029116,2.836948663691835,-0.523239125984535,-7.578072557990884,-6.590272152801891,5.171982969662949,3.121487214301077,6.690922283489016,7.614125305142224,-9.132140714755989,-9.689616971495827,-8.794295992542454,0.571100144248692,6.370714301937923,-3.055367857119804,-9.040788314308013,-7.890381010970344,4.358767355372413,-2.314943986345870,-4.609731256056371,0.780620882672681,-5.128862148918163,8.009062876803871,8.286986912730061,-2.682234288973180,3.950045642922728,1.648981539150586,1.960845280603237,-8.903634073543966,-0.601045269619911,-6.448383571902943,-2.822284889699656,-9.571861811455118,5.125881449717557,7.656978878910628,-1.484565490912971,-7.082332416887438,-8.360080874820689,3.003665689117010,-2.671818765917839,1.109305381259354,7.834543633568025,3.513947894544314,-6.371802216609792,9.279487313158320,9.679072830824516,7.045592916119908,-0.923967585311745,5.864896724436184,7.047215166236590,6.824878285685273,-9.875974258911938,-8.646234778267248,5.304158985495746,-0.497676122047160,-2.883574286967026,-0.652965160924403,-5.570325871750610,0.933731440165680,-0.076406615915348,3.450240869677753,0.638548854076543,3.218604591734522,-1.143787506612332,0.937292011251289,-2.107269563458376,-9.525903268245523,-2.918730284214444,-8.037196666727803,-2.826343351764282,-9.402251875615221,7.642814228762212,-2.711470491180455,-5.901580533750899,-5.442897116503788,-0.616725098483277,-8.961375503779827,-5.246250023020862,3.316474003621263,-0.480366587875857,-9.962694940755377,-2.602275675365009,0.967484608637371,9.072838856500159,9.231076060632589,2.975123999921827,-2.858837634533169,0.064651555803081,2.985675297147587,1.179888868553704,-4.101930444456858,-4.597513934858711,-7.944400520406278,-4.999428709317009,8.817508660073997,-9.013238908336007,-3.160113088287659,-0.243457650296747,4.669584639876232,-7.476734902857238,3.062714320219014,-6.538729879574343,-0.769839247011802,-2.907080372180106,9.701557303464661,-1.494432314557706,2.413766935434969,6.979993920900725,-5.047862878504999,4.139053493561990,-0.883021968901383,-8.619427034306595,7.873237827134179,-8.644446542058169,-1.018229929577064,-2.728167027554211,-1.687453144327186,1.228179002630092,-8.204509999568650,7.963355848581489,3.994028179142006,8.768919550799218,8.790445677900788,-1.876562038247743,-7.784105915016736,2.458188666144718,-0.021550693359522,-4.016483961947763,0.313552562944558,0.899443771716610,-4.375254397633517,8.262839942417557,-1.339677456094336,-5.566943096454096,-5.541577447673165,-3.567860383434147,2.779496084223855
2.403190533554298,7.328529799031944,-1.209395327630027,-0.541643029843362,3.150546545494290,-2.876022808372007,-2.732790926904601,-1.708745659618272,-7.092494986275890,5.667183422329307,-1.079761110417330,5.720951515718697,-1.745887488162916,7.812326992951380,8.748128829594389,-5.553857195732038,3.302991729694602,2.071708959160521,-9.130898421126712,3.370504109867102,-2.264766144211867,4.167573794162836,-5.697862636704984,5.324497572752504,7.294546574773484,3.663951924520481,-4.278054144144359,-6.921299769973155,-4.587242667083984,-1.601430852256797,-9.652822196159846,7.182613528775178,3.843933376275878,-2.760005487392299,7.667065610548526,2.660878452812341,0.555313654790282,-1.996200970062073,-6.196182437038149,1.485797141859557,-3.135299735408918,-5.178896506434532,-2.370414514393293,0.239285777513167,9.958045048500644,-0.917907115279299,3.696455462896232,6.867427785561105,9.043917167733149,1.930572940227552,0.724469639680498,-8.669533317318548,-4.046808912829611,1.999850301378903,-4.469610220581302,-5.723581560210369,9.390807686914350,-7.657739875770164,-9.713326281451486,9.611111124978702,1.320903386865703,-4.768617432706508,-7.623291720001193,-4.137837897992842,5.019206758178946,9.039137344291827,6.659737828908490,-1.925449854270662,-2.675659223867495,4.487347116151827,3.877652641960115,7.161359063058924,5.154956419796793,-4.155583673736518,-2.849580068130237,0.882433226243611,-7.248091096469791,-4.684092752225613,4.395747168023449,6.595235914453774,8.389883457267416,6.426532957384708,1.854780145451475,-1.414410822606760,8.956803919263276,5.923688836113731,1.179689405798214,7.609600911724495,-8.018600566927161,-0.280944008831398,-0.217946313654824,-7.591152692745706,4.643526072969820,-8.589359540512394,-8.968040855121810,3.467786430199338,-6.996954370510271,4.609107638815765,-5.701228996929670,-1.918389615601177,-8.091466086369383,5.002774501104355,8.961330174965990,1.995022571344025,-5.420168190739416,-6.043127777746702,7.915535096008231,1.443686136049120,1.134797289923400,4.506090635594298,2.749595289368740,2.122058454771654,-6.305843299479199,-7.856122100195957,-1.660175793854204,1.991049257541793,7.696260467310573,2.201625577550562,-3.487091131421698,-7.369722167595820,-4.499445475819909,-3.684389829887329,1.155478090690121,-8.936194930162378,-7.796068051999749,8.108939906265604,-3.661168290988797,-2.870606738279362,3.331514219657292,-1.523101829983254,-1.723657866910122,-3.132420952759798,3.429105635156009,-3.757621991558915,9.844842066247963,-8.931408069649784,6.899796699558667,7.761051605311877,-8.717393811690224,-5.292533696776696,0.395050776415642,-4.140282689242120,4.169380151565875,5.319456723859396,4.332892727300301,1.381792987726143,7.025736673447625,-5.121324082786776,-5.634923271486869,1.647565279057916
8.755059042987575,1.274813177350186,-6.575060313074347,-2.959822106246380,5.283479254580438,-2.209814813480766,-6.469430719590495,-2.579409578250338,-6.924073876838421,-4.068387885796410,-7.179322267949420,-9.094159657579493,-0.762024170476472,-8.519469612541997,-0.810549445785469,5.655390911530418,-6.734168327576859,1.178043731685442,-2.652930891760203,-4.704017101278064,-1.088397824405803,4.569316355293582,-3.803379942817735,-6.169949830673880,-7.510972467944994,2.119919023229684,2.320069532989930,6.254492943770970,4.447820527777960,-7.703490291082766,-5.474497456696865,-9.751808994282840,-6.169765360930173,-2.698618282570395,-9.229340651697500,-4.900786598810996,-6.021661879545923,-8.494778957594608,-7.165886965677024,9.579974094142386,-2.982390495080556,2.401322818716929,-3.113706797754596,0.007751855205120,-2.661764068512817,0.322700256121603,-8.876301393403896,0.382660760099737,-1.048284710946202,5.095103448270812,-6.512807269022609,-4.071071076102751,4.839174472864880,0.560394865554088,2.896404035268443,6.392714769643565,-2.466210327061907,-3.148907819912767,-9.081999622658895,-0.476421132638727,3.691206625723735,4.079832850516354,-6.769745297542970,-9.612560380134948,-0.663149079012319,-0.966522808844996,-9.342262993929165,-6.751833086180302,7.367450699440990,3.968990942905821,2.495033439990710,-7.241807468489776,-5.750541214461318,-9.969933578792675,-7.681203388652600,-6.418870855829013,-2.914576403317430,-3.991112225364615,1.871023268418737,-5.753928691893759,-2.961255175777040,5.793756489002151,0.505719668116475,4.752760875228578,-4.113562384874130,0.887695016118199,-8.022930322042605,5.208418154164619,-8.490747268441776,1.808667795315877,-2.043179669839377,-6.275909489208376,0.147371274511565,5.339241739085235,-9.925986937416853,8.279790547925991,-7.668658830127189,-3.918474462432140,3.000254150480306,1.287605789169323,7.718973842950124,-3.956816229544076,-2.650469266415676,-6.543500723758897,4.837962240745368,-1.219850036661922,-2.816473927230081,3.195704666650583,5.112967163520466,1.977117088135698,6.572997600097057,4.504026072248648,1.413014874749548,-0.757111051875313,-4.308531208666140,3.606219698071790,-3.589978558170492,-9.460703650128792,3.121050866753190,5.724140675671780,-2.453992131420244,4.933427971825669,-7.517037023765337,7.716121657531808,8.643743679038934,-5.278398766692460,-7.876356638916347,7.191647585591756,0.513973970188111,1.500425373068008,-5.321624134658993,8.137713096677274,-9.441869280765209,-6.676246504941236,0.338953100329762,-9.890131651425516,-3.126728303976809,6.656395226332950,4.253901994165247,-0.004537737013230,-7.553412583514820,-0.164355687638491,-4.541149660065171,-3.107471159556557,7.802667043634045,6.117528051606257,-7.746975625559287,-6.742090210803493,9.527405787913995,3.949012203716089
3.630278232881569,-5.431452816290598,-5.170984656584798,9.393059984589385,-3.113962753514981,3.415857836098979,-2.799789868766293,-1.982358818585176,-5.556444635097617,-7.550794830256160,2.362499727413274,-4.880518696282645,-4.654983503460599,7.997385426883877,0.672182436801457,-5.154519562696109,-2.589136038448792,-7.668899188356939,-6.078171350341979,-4.860409782803091,5.814840467820089,9.118626195861474,-1.322420512469819,-0.078842005399169,-0.400041039183659,-7.894509723469081,1.495564622390084,7.930202777842311,7.467419328542253,-6.178245375882907,-1.081029165672675,6.090825803317653,-1.183782746869891,-4.416550593429285,-1.636586371022414,9.076342410199761,5.385542064180971,5.272964652568000,-5.374142528847942,-8.182467570774953,-3.526356593974509,7.673301229776321,-5.444187266123426,1.726167827757088,4.008367135965116,-8.426440918404134,2.852649544732158,2.531626001411206,-4.962066119333601,-5.268928447741288,9.781367568112728,6.395113453297554,1.134137099669719,4.591663578033174,6.398915214598990,2.609241027749309,-5.177533484107832,0.521667215308920,1.739708504058301,8.432173334690813,-7.872149943888777,1.495952814856684,-0.610000224393691,-0.806149289286468,8.008531324206878,-7.211611230231716,9.767716186509301,2.512083568649704,-2.909732256921278,5.823832778125659,1.077963471175352,-9.430090362498211,-3.364748716257258,-7.438510788080704,-9.410241641084676,-7.655587717601353,-5.264377812372198,2.902380621459447,-5.218209507509042,9.906016472795287,9.773001812489706,-7.118744538343744,-8.964356218655441,2.532824277694154,3.508002083401959,-0.643744710892173,6.842033485472996,-8.359267186814993,3.670243658916405,-5.427212340051528,-7.278088402262705,6.465199418668451,-9.986716805194490,8.032489083613363,7.729137061399143,0.987188292407362,-8.826039389795737,-5.886468201394375,1.807910132098220,-6.761073402167463,9.959411913299405,-4.103378450298363,1.280406205428690,-3.161116842965273,2.189256868556731,3.599158575060983,2.308490182398357,-7.496260975083788,5.202635304815376,-8.164150889808523,7.678381564267326,9.719016220812268,7.441984102154489,-9.514954054956267,-4.194570884533806,-9.600177913230869,0.355400809475876,6.289627043543152,-4.100852252141785,6.606896257305969,6.830405360196909,-9.447024707370616,-9.629560474454301,-9.984807725068226,1.667353312863975,-9.666936218853245,-8.438406740496598,-4.829976486258865,-9.364011228431529,-9.615583518137672,-1.472378251579727,8.431619585008093,-6.000127292748010,7.784371499951451,-4.264393757918155,2.097614796517552,0.878229939547294,0.454330890239593,9.063841671231561,-5.356947330701763,-6.146887977301536,6.443755392563435,-3.871649273443525,9.523145582524350,6.187189734568484,-9.082741589432107,3.389618545961754,1.426035961321411,-1.434112717064648,-2.037975997181340
-7.879293523917370,-6.957818592578162,-9.432531874454353,-1.323315540545281,6.159995130829746,4.684833998539627,9.397906585435194,-7.252703382209371,2.312248138660262,-7.616313225802727,-1.923323621519529,2.924105293267791,-3.573137031818483,5.963583794193168,-5.819994728000881,9.874723712308388,-7.954929937474981,0.853200020864161,0.360873349955080,-8.535222144363921,-0.991606806858913,5.396855039205597,5.144192555186685,-9.108406002151327,1.734427655821577,6.161914048090608,4.345599139121903,-2.851171176893748,6.259657405515149,7.486924623648768,2.619071658533795,4.352225791140301,5.129312308284053,-5.228545362575847,-6.997762841456987,1.162496147921699,-0.424234195420425,8.535815438475474,2.900852986432248,5.823099055894382,0.448078309629034,-5.110094614352947,-0.936816994126895,1.079864841804010,1.354568457436525,1.183613492839058,-2.071534927370613,7.870973602976726,-0.949408563194662,1.365411026553691,-1.319860781381770,0.438998724183264,3.402923006682204,8.949589706266298,7.255206446157779,-1.956958867677423,2.830723684626392,2.135016421160444,8.637751297292290,6.976212797634464,2.955959113830666,-9.657672616668489,-1.595748732100288,9.226198157399750,2.403978864561910,-5.669401287913301,-8.056015868246716,-4.329111036472650,-5.648114203087598,-6.078839493707877,-2.663884118780071,-3.955616448293302,-2.524339970467427,-0.325156990271097,9.729744430157169,3.601160969993948,0.634661095816455,-5.707140429775672,9.883708493777515,7.698886612720507,-4.952603291002992,-0.383312153275675,-8.009698208828226,3.239452696873350,6.913108320802564,5.967331864558133,-7.184758175188075,3.937278828954490,-0.541496929176740,5.150157720755644,3.109056583505147,-9.839792984418557,-0.051284928741087,2.345974162520912,4.183205607034811,3.397380263655021,-6.871839569977225,-6.268102685508290,-5.294680396072997,-9.374019878541766,9.359468496080211,7.206036452674013,-5.071037437484927,-0.935158660418836,7.745219314258652,7.914899355533827,4.403968516501010,6.106564859564084,-7.476191827991614,2.736044681568286,-1.533676931071524,-4.439342271321851,-7.147465698509279,9.058416002284289,1.379542078247002,7.119407434697791,-9.607426266679340,-8.236554511250906,8.683864690697071,-3.903249698142155,-6.673827093521732,2.691419056962589,5.701227637552552,-3.445341009364594,0.931365237874379,-1.355417566956945,-8.203907145847014,0.888506044727563,-2.583452286516459,-2.375629821206877,5.560500584781913,6.882901145390562,-3.010430500722041,-2.335503370346162,-9.943993002770672,9.256555587315283,2.350893862743060,7.506960456661179,-4.237108861403587,7.475991543233015,-9.915264304311666,-9.718809719101301,-5.444719282758090,8.293389011014874,9.828818917729365,-6.245538010012124,8.720143408402258,7.131485473700305,-2.414737896597927,0.570653549221822
-5.602431214934622,-5.102230652062310,4.269390235783108,-5.414526284877248,-5.258652752134434,-2.328271525924112,-9.192501370060002,9.541358076661044,-0.601359066128982,9.977674858939899,-1.283966591424822,-4.274432266471289,-7.851385485735117,2.260066954780298,-9.297617570515245,-1.226403274469483,-4.642992265755459,-5.501316052028860,-7.138873587219930,4.942295955074217,6.534080378176977,-4.760789427715317,-1.662800903714572,7.297062486430729,-3.791157531856104,-9.719762064781348,-2.305904134166211,-1.502745714429816,6.391220377417891,-7.511271848790678,3.655084872632324,-7.419144476011528,-1.418665543040223,4.203440635543636,8.465343391534528,-3.046920096007826,4.064810762545861,-3.391001087337767,-2.972717730960017,1.389975455579691,0.556609123162687,-9.475928034111663,-4.556217092320372,0.054464529092655,-4.514036348967021,9.696868520838507,3.894266212486526,-7.079227891111546,-3.770082523940905,-2.080402388806386,8.803558041862367,4.067907540765319,9.448037479502631,7.179511658815350,6.883219198938104,5.208065495981295,4.101744549705424,6.575061296566787,-3.089188608804943,-8.389824018471671,6.786162848960213,8.066415958885745,-8.780379685987000,-5.316350956978326,-3.437235677820791,5.947729654169882,9.534893319815339,-3.677578462101286,3.707791595897948,-2.633409742339865,-9.204750369654297,-2.518230478910580,9.770530235400983,5.073842086849732,3.118650794240111,-2.555867047862006,-8.415072225614646,-6.355564110695866,-4.301260376226306,-8.400930318960761,8.054349297983851,4.842317235716338,-3.033750891198941,-4.600859482866460,0.255884646083153,-4.170354251423564,-9.765822619961551,9.794223658645262,-2.181013539731125,1.168088743934476,6.597935681202042,-3.642423972529802,-9.490582011432682,1.651378702956997,-8.331565381467252,-9.224754604688673,4.484055133539460,1.151734558945041,2.415568531888802,-8.753413241621338,-8.741275086676040,5.480244652711770,-4.209401105596178,2.991737862952546,9.513670483726145,-1.666432055895461,-6.756258499055705,-0.638595271654507,-7.710949893135799,9.462310177882397,-1.366463747088298,7.881382535406715,-6.892809340432724,9.286371377564834,-9.088119522463671,-4.378193431678645,-6.147441073595270,-0.448435016433015,-1.421532296648596,4.971711382683532,-6.450304955002171,-2.392168631046743,3.746827048801602,7.161007864001427,-7.868991347139136,-7.797484804893548,-9.426943434347592,8.818115045431782,-5.689591435426360,5.197709722947648,4.462100349314932,-9.084060785014593,9.676035810684215,6.709977104483748,-0.519840208528763,-9.970993274223561,3.458017627729877,1.800358655401341,-2.223764311761995,7.171307684715064,-3.313801664154925,0.841771524540757,6.520188328188496,-0.358112915551494,-3.299497138041225,5.398680497111670,-7.788926594362325,8.017168933122338,-3.253948337962729,-5.451083129928536
3.801446880307555,-6.484627985375122,6.501725379685215,-3.275637683289316,4.895555410831328,-9.892035379343769,-6.293234330416146,8.552326177441110,-5.878744562720200,-3.514469508575835,3.281640489585001,4.853511470347202,-1.407426451797999,-3.987868528368481,2.999877846425088,-6.066655440243876,-1.289330239970539,7.120088367337512,0.023848542798682,8.325250978666269,2.067200550818137,-8.111957929415659,-6.181324804569592,2.407996281663303,5.658738768279029,4.003038363013399,2.566768866626074,4.027861323566356,-5.213874935994909,3.225078257548727,-8.648954870968016,-9.971085773070577,7.552552638470939,-1.627672855965754,3.866698419266568,0.919515849157834,-0.597279366485884,-9.902996626298661,-6.274243234114709,-9.051144539672745,-0.504628923332845,9.106304741514787,8.795440870969561,4.866306982456795,-0.894512879091227,6.793555775575186,-3.822014191086249,3.543581339600566,9.157411530217953,7.270693899595894,5.117268962526280,4.057019321395590,-1.036504545371555,9.329540701951174,-2.520054244012140,-7.447700027537715,9.926441790904967,-2.304346765760490,-2.427122211417625,-8.112499284151200,-1.125099807267219,-2.862945264716050,3.707753886755295,8.374291813065522,5.143889636781513,-1.374052094061884,1.380939425390078,-6.617576606404345,-7.413965403831677,-4.641587192152274,-9.728988342931098,2.600908597583011,-0.452526942773696,7.896811549390328,8.478777942460244,9.520051125562333,6.562557662154433,0.800689209900948,9.469773744637696,2.555019731006951,-1.997573459713099,-5.274665383145796,-5.178215727727826,-5.654505113370534,-8.524690083935822,-8.540694332956793,-6.922651858710330,1.648143527572380,-7.400074954644107,-5.753219467651604,5.718270844466693,0.540408896395792,-9.208318151619359,-1.618123441230493,3.480824149383864,-5.659496949742808,9.857284322251353,6.732136255738499,-2.364285337618774,-8.170875933645554,-8.246355678163491,7.708333626855350,4.969656474588149,-5.104470258850940,-4.282568868945074,9.742973525708308,-4.779545045239038,-6.746709059406273,-6.971933048760759,7.717567633315060,-4.065524570153465,9.318466865622224,4.831316712388798,-2.491591789330743,3.357391179048221,-1.739880648627656,2.284167108196311,-7.603086141377342,-7.167480250604776,7.941770110134090,-9.493724749791138,-5.206250048324050,-1.828502676302083,-2.824639507006220,-0.838831078966829,8.099099417477166,2.470651463332603,-7.840321822335636,8.270264242302993,-3.138709338511429,1.455896204419840,-4.927945812253447,-7.660042947196040,6.229332628466921,-8.276175692581232,-9.606930441670823,9.349009015494449,-6.363700762447109,5.407636681376228,3.630001820626383,0.633263495817950,1.231883739172446,-5.713270730826235,-7.520703385456451,0.564687998326217,-5.947024053197742,-3.706200419108338,-6.148315649099876,-3.119297375470498,-8.996104112683035
4.416684375675899,-2.351981197487516,2.587889382903381,-3.604309455199710,4.307739774894246,4.389848090108504,6.178412336864486,9.051234141225311,-8.610231940198688,-8.786735753845413,7.014590346708687,2.491734433897781,-0.591704866984761,7.229468419001368,-8.627900822383136,6.822217053512610,-7.501237621083092,-8.266894719918929,-0.227143141578075,7.659623136680512,4.130570663314332,-9.959896187323864,-7.855893537583672,6.131807406962295,9.361138252594689,3.648569027650302,-1.597875585480669,0.792511223745187,0.612401822232764,-4.791485629392540,9.611681391667034,-7.154865800327206,-8.595649315704748,8.372418176743295,-6.957137685937993,1.036332784983919,-3.272989850091368,-9.853748340445827,-9.552103251711388,-6.011852772718356,5.427455699583106,8.172367901500081,-9.740182427707314,4.658807504742766,3.716007803465121,6.494263194218259,7.085077785489833,0.718325686672728,0.443009787365721,-9.665035571403600,-9.252795606088696,4.272636816744271,-1.746474753609453,3.143466885716656,0.524805517800637,-6.147239864008675,-2.273466325029512,-6.783054070195192,7.463520878228984,-5.590342514527133,0.971691362337065,-3.062707018093301,-8.509234819747354,-5.300479393112525,-9.335872631462303,8.044066993779587,-9.253534883526619,9.240884363691336,1.284741320735929,0.994321479555708,6.031668857018616,4.851534716905896,-9.968743512890521,7.667462503147078,-4.983084842626244,-4.352657745063569,-9.805134111818955,-9.725991858947181,-7.763279063779313,7.407477273135829,-5.468077723567138,5.813976090724926,-2.258935699069299,-3.240295796846462,-0.796565890813142,-2.906685470492388,-3.025435409910320,-6.514386343334762,-2.712131684305009,-5.743767736511578,-6.154130974162837,2.291468701702639,-8.045589429374907,-9.115512920117707,7.674420486928163,1.910748721603719,1.008958320377001,-1.024077607272211,2.623697209584455,9.169017502836823,-4.525800083816998,-3.502396753883408,-2.185965732653123,8.141360458515969,-9.040740758431546,2.142553585307091,-3.395953527717028,-2.238369147732017,-1.131027644018500,6.001132697883428,-5.104165954385723,0.887107214336273,-1.949114882003117,-6.221891969547002,2.908310632656219,8.956454239097713,-9.508489847900798,-7.458160374135661,-7.520889860505351,-5.542615441983456,4.947737335971404,-7.116155312713182,9.968568600538049,5.584775323854183,-9.065255218362854,7.444304207663460,-2.748783330763517,2.105001326575763,-0.161871951875197,4.234542671000568,-8.933658442788916,-6.859696983921609,0.140897428509614,4.450643093264976,-5.475590796863972,4.536313795608189,7.209644371336886,-8.834663469409991,7.274046484977028,-0.617413009170171,-4.843232625888973,-6.482009483660551,-3.024101557056349,-8.356372865314704,6.193178640533489,3.114699250072089,4.285169902827047,-2.684196990873737,-8.070900350957231,-5.216175261400425
9.378076368710719,-8.614822991328833,-6.950677643225244,-2.327333949705466,-2.634531043886756,-6.570806169293697,3.416260869574428,6.826598021615517,-5.137109630621703,-9.300717262226165,3.147067793074603,9.149523844855722,-1.313926769923112,7.749668646438440,-3.711566202265557,-8.801585928488054,-9.369625748752613,-0.947180911704766,-3.810782291248101,7.893631657211508,4.455261065182849,1.427166020018918,-9.197234342300259,8.138604438041099,2.071881832490304,-2.700836339057098,-5.067664028405616,5.507642982372955,-9.709754940167583,-4.796610516575857,-1.282525810255388,-9.710734519043335,4.300197130227424,-4.065380286172529,1.912061625079600,-1.788562779865618,2.990088576875047,9.148540349426955,-6.265429760540579,-8.061313779364966,7.693572789514786,6.137697135989523,-8.335376055103138,3.125962906612980,-2.690826493807357,-4.872096188431412,3.050378155950392,-9.332454805990690,-6.845952665703965,-5.684306129260978,-8.871624567098159,4.510205394816335,-8.365005680221175,1.156857177181772,-4.908717408799208,-1.780009590803221,-3.289383032420177,-8.672202856993195,4.478426850289296,5.015591695772487,-7.528007543213877,-6.914025954932635,8.260775851700807,2.550966327095388,8.908106485468622,-2.137290750242677,4.320217811263676,-8.543227711149150,-7.277049423366049,-5.962462419299093,7.859848991876724,-7.329329536419777,2.854517971502597,8.095701621917573,1.680266502773852,8.476764155353610,8.784782813672095,-1.324743248137565,4.524760044020654,-2.359037515229154,-9.311635018571122,8.411725154361527,0.607249934867442,1.541211155778390,3.343569063691167,3.084059165958163,-8.671020505769535,5.523272456111517,-9.209301493561119,-0.495808647656853,-6.965439887143903,-6.003769947782011,-6.959965799550185,-9.106186062589979,2.097208383362371,0.443149941039751,-6.029350184050275,-5.100715374630404,-4.502735817751498,9.121781346759164,3.471298317515622,-4.054469068470842,-4.983465952606851,4.408784882323191,-1.167005045676294,2.044609341853176,9.953353500905617,1.096175287805865,-0.748665365178161,6.940242900782668,5.097888160805276,-0.147105045587846,-6.630419926670372,-6.485373705035531,9.061175362832550,-8.172880199075859,6.642881230364086,-5.632650189619453,-7.471251367841938,-9.782557007425353,-0.137645337243216,-1.425179581012511,6.283856396514242,-3.272147952485907,-9.606374300448085,9.632000875817134,9.700952887362419,7.535519625585625,-3.667437971201375,-4.143666094711723,-4.144568553471299,7.040627188583134,9.823568244383832,9.128694207494352,7.682762598755350,2.273551751476258,0.204952713264948,-9.917861543271298,-9.198713129704030,-3.865233632801828,-6.946344030288241,6.762323027888538,3.380855684790420,0.509871789916813,4.590537207569909,9.311797840536578,3.150690747004610,8.945978363328507,3.447465273205175,2.863862785493525
-0.858504069508093,-8.126365810860261,6.958229062850538,-4.741167007390836,-7.852109562777294,-0.258924065353789,6.204031541103575,-9.760271980214959,9.281257157235885,9.051931773169958,1.649852477968610,5.312580492567561,-5.261676879287547,-0.155599816943571,-8.651979514876491,-5.558090089719658,-7.725481386160316,6.198141698180976,5.715035216270120,8.919072649911357,-5.147138648415237,-8.162642030191936,-0.855572949057361,7.940460194406416,2.435813697714684,-1.583015834611617,-6.387909591018886,9.151121996549364,-1.659105650399500,-9.326672448573019,8.403186037782991,8.309077204751997,-9.868334527236511,-2.307267266582120,-6.763616421156238,-5.102408581789273,-3.799561782474914,7.663795377774459,-4.933642702501624,-9.511377291152680,-8.728148168436267,2.029692596343484,-2.713364628093280,1.988152531298109,0.780032750353474,-7.729783805180446,-1.241865341310810,-3.161989865724422,-1.458856635359950,3.359946126192417,-7.030580755492590,4.289914896426572,2.064489499141990,-8.940537540866165,-1.635833890638294,-5.540606281715215,2.079563352406936,-2.486749100254215,8.416120667393425,4.266289705553302,8.319582093546302,7.762324737260997,-1.389435700165247,-3.854513585562738,1.297683622656901,-1.731569651529290,1.351317865348259,-3.346955055154154,-2.241211904159639,-0.896865830608810,-0.360352467299030,1.687125468852088,-3.928408703300339,-4.841518122803774,8.183269613779739,-5.376558994491254,9.745783824039428,-1.097152012297427,-3.412666623686347,-4.361343401444611,8.265908179784191,-8.705931305853767,-6.405692850443572,-3.753007654644249,2.606320092189893,-4.161030140181181,8.526098182259375,-4.936441451688256,1.509255328760302,3.442619099971802,-3.451568118497232,-4.369865552201326,2.895335210803156,-3.384568762389383,8.784154660869032,-1.114313226747608,-3.601432175234915,6.041536107557238,1.596122903935326,-1.191759971850848,5.876420210900047,1.065019430173626,-7.443284948673840,7.470133187753586,-5.609176556584150,7.142550410898746,7.480659676147251,4.346478585619236,3.615813369538156,7.842171571881330,0.466547433711110,-7.275988998976977,5.352547858519808,-1.283339085376255,9.274555627464277,3.359635740885768,-9.644264367633571,-4.760475029435915,9.458773750044493,3.185004123593220,4.224242747137708,7.240986047489695,-0.597460068600977,2.656489890249127,0.901100708534521,2.126809231091858,-6.447223467194942,6.945371162937633,1.659414143715887,-9.273419413407657,2.176668265093982,-0.906776409351808,-4.678188389408355,-8.439250256888233,-0.167898646943499,9.983784935935507,-7.196698011843514,-1.510014241419359,1.261840597676011,-9.512301732406121,-2.636454371144190,-6.620002517468137,-9.971226856312683,-3.713771682394618,0.321035227318024,9.667600749395209,6.603267822862549,1.685500789285516,1.264551612448271,-3.717289760346527
-6.108683186163695,-8.450508228380968,0.310524449338459,8.241019725795518,3.344240930462202,2.529349041265954,4.104488027875872,6.748651631617349,-4.293021167016564,-2.821899254497731,-3.314188149096187,2.640215771760301,6.985605601041872,2.629087545866007,2.345942877434011,-7.765977307689420,9.830479826753759,4.159350418634695,7.496759657059485,6.575360758048149,-7.435934455124055,4.491701409140919,-1.707892628352232,-9.271955279483199,3.005090798632358,-7.966968410721124,0.598098395149176,0.248472014989902,7.490103884245151,2.783602952669671,-9.229700099016608,2.994670762393248,-6.885216854947076,-9.920699386829517,8.090396941042101,-0.704631203849429,5.100994707920423,-6.629377717566387,-8.973235546390811,-6.437866187955194,0.517762741056899,9.808042530394960,-7.493890840134439,0.246819744697714,7.864750481647633,9.452852908371007,-1.660320923281249,-1.291947747216497,-3.550121139397708,-3.756813616329913,8.348599874336202,7.178021284834291,1.574500277950381,-7.288158284616828,-8.418508323768179,-7.986140518170970,-3.932408008424211,6.611144739092968,6.119460273234683,-7.822083682986431,-4.485810055421931,5.287104954787523,0.972562918051636,7.125487271578837,-6.502732330044521,-5.248856656092526,-2.503244010063228,-1.109606098581612,7.677867748133622,-7.995113240334668,-6.561899845898383,-4.220974106411459,-3.045137989755937,-1.826978853652044,6.105318185592527,-6.407561957394785,8.312643971571518,5.522143384734550,-6.604744987421462,0.232197097148486,-7.486750989384996,6.637189100970158,-4.068149304034215,1.980244152479786,8.911826150241573,-1.668748444215794,5.157012876458024,-3.353249004978291,8.055483119327469,1.669819494880107,-0.423184871572913,-0.348488192892592,-8.290750912839865,-1.322131667537585,2.490843339309510,-1.260920245837287,-5.317997433893416,5.038214678521552,-1.278031563573141,-0.789881903644481,6.318968902748733,-6.381017927877566,-1.069156273130936,-9.857464698069380,0.626229589831047,7.562979349675675,9.551531732061132,5.184427410867462,-7.241771382585873,-7.607393923920467,-1.521937113091870,-5.214948966681554,-8.575786409530540,-2.134332494486950,6.183023832894559,7.714094974910509,-6.195942868765128,-7.317587627374440,9.186863575502464,-3.620054825191836,6.660438899321058,1.619558982789711,8.104877725653019,-6.795215085819057,6.136954652297490,-2.317305007231621,-5.049280732384222,-8.160983580715390,-8.950522604160147,6.474123140334189,-8.493994747037680,8.760391114169845,9.022093371577597,-4.239441749377002,6.686393724833373,-3.724954921623691,-6.840098978553854,6.568857287014687,-9.676499026050966,-3.878121832764680,9.156184243744544,1.457077388146647,-0.180726717321946,5.994798365831294,5.742835249838574,-4.816287560235846,9.799897075697928,-6.291904771270551,-5.876941644261349,1.941885232715661
5.538492518415207,4.023178699414498,-8.617364910309181,3.725668150722036,-3.452112679984573,-3.586439105523129,-9.473372293566181,-4.078100524211747,-9.354405806012014,2.920340292507559,-7.547332616316647,5.687578938764005,-2.692401408051158,3.634571677094415,-9.603384000824040,-5.489162661227605,3.219933882230643,2.481542512071655,-0.959250914805104,-8.131272055664384,-4.659382263967355,-1.796880299526087,-2.083896859582220,4.174825724763986,9.701211776373853,-6.973823217730340,5.034850260229732,8.891971612920710,9.556870187728631,-1.639546732094104,-1.757012641216523,1.073322658884093,-7.229695402768932,-5.260671691084444,4.674439856513342,-4.665079857634950,-7.391371900523525,9.022915416477129,-4.633781188015589,-6.723589150465039,-3.985664146794095,-3.031681776803343,2.027157308229945,9.867965147557886,-0.803181447979327,7.962636637397850,-8.902710873849413,-7.914760998760713,3.620742261797439,-6.056005917430398,-8.629199440919422,-5.151978401766259,-7.501347824741130,-4.837789297323056,-4.920329425423260,-1.871393876689211,9.852177058808344,-3.083689765216706,0.943950460445233,-2.111630050949589,5.016931573495460,-4.909287229922490,-7.562360558224988,-7.550666312909781,6.178895187959892,-7.530676164949721,3.968128267693409,2.479400865210174,9.993108571347648,-9.255137358665337,8.711677270251865,-9.293378581849744,-5.313303351615395,7.058187993587136,2.572473538827047,-6.794585987822597,9.467073277979210,-9.479753964871096,-8.286834881904344,3.782367709839779,7.847644888357852,-4.580427847076677,-4.516152963114742,3.619934878141674,-4.310752882294972,-6.085738995756564,-2.979990250877460,2.314751353153504,6.315844042699982,-6.696298162364158,7.613299805553588,6.193563280308247,0.942698040007016,7.498076850572552,4.182258394066675,6.575993772540770,-4.343038822168729,-1.945147961711587,4.510323582924709,1.727938381634299,9.055457984782727,6.879428847495689,0.426183558814104,7.750247238875549,7.719570181847050,9.028759129442676,3.210691910316223,5.636401478196225,4.819099138785036,4.098566717889264,1.646285271916653,-8.453890422050879,-0.511325035491810,-5.522593360890308,-6.874173100718417,8.595942806709889,6.319056610081887,9.227979445239832,-8.906158638716597,4.244074535861753,7.402762940309479,-8.167011588722914,5.832521556431265,-4.279758528346226,-4.949001165576156,8.653037544754731,-2.980856761195898,5.186584386151358,-8.911319127218597,7.009988679081435,-5.430624275597708,1.912594874399240,-2.975038909412399,-1.651638950345326,0.832247310970899,1.519746435486486,-3.771404719372260,8.878553680727109,-1.782835092062069,-2.530325387564163,7.405183033688584,-6.193315755696382,3.530006267893231,-5.074957712610734,7.859122901216860,0.555040526155919,-9.080273473047795,7.493023044874899,-7.669449427454604,-2.860469390604274
-0.190000828125648,-5.916158821916246,-0.673900473031532,-3.476588795214091,-9.603851001490673,1.080869280265212,5.246031672775517,-4.924363539680005,-5.227837789021503,-1.580874166214056,9.625056450659642,0.624518161749146,4.793343178221107,0.839316088895540,-5.363014127178609,-5.786014926295033,6.145025088637400,-2.128842923605143,7.892965330060040,5.426443126687257,-4.501501702364344,-9.078423869126960,9.303093745149759,-1.053262849788767,1.647270094584915,5.708343833758125,7.483415681938595,9.402213278976923,-2.507986160842803,-3.212483892177886,-4.166072638969101,1.858941090142840,6.303579377233788,-5.060944649868031,-4.604739619846754,8.304806313954774,6.960656348929081,-8.834444101586703,-8.897777439174611,-5.544691255214367,5.591441067494486,-3.576881862162599,7.458721745019989,4.318071393461951,-9.070556508112260,-0.889487135619611,-4.669050678583466,-0.809468947820672,9.120953851174530,-9.654699702733103,-6.451580480294499,-7.614232396273932,0.231337378294894,5.034383663963979,-6.750270212673928,-7.038784664618667,-9.971866913943961,-3.008906673713012,2.566318582796150,4.657097949069321,0.890327076323846,9.044404174981977,-9.620305094516247,9.886680008817976,-9.156226722674957,0.864653200402604,2.763602712428961,2.812150036709589,-2.330881837295095,4.676552691157685,9.096633294699860,-2.598907986498924,5.010889439342661,3.365882551018958,-2.403448250049205,9.586247901819483,-8.327637014824766,-9.499366234882491,-8.583647252141546,-0.840121076160552,9.289063506118325,-6.632323902647450,8.431050718971377,-8.654340742098420,-5.215388889575858,-0.059627133056823,-7.869969173494593,-2.478823126404488,3.258640100077546,-1.138059058563393,9.052176805183244,3.398186065106730,3.559177705299785,-0.312219655633674,-3.150513668906932,-2.371128450447211,5.571328620942790,5.629410583889708,8.449993990014921,-2.533948015386935,7.496808621326977,-7.778197003169149,-9.181746080449550,-8.598335273012738,4.800802224768169,6.348734471108102,5.664715882279312,3.098662476900650,0.230845200756152,2.565202307041879,-4.619786332434197,5.030137451626526,-5.763176654538931,-9.505450877430599,-3.850991256334524,4.656013044294550,4.359856471071407,2.037352726501577,3.939648386416101,-6.877752692985284,5.670928077649338,-2.217641442906865,7.664153070068501,-9.241749079209438,-5.718936276780298,9.879453116549172,-6.818142931954949,3.187791066512336,5.966867021572714,-8.694894478036678,8.459879140632090,0.094314021186035,-9.052133841871795,2.486261006309059,6.959645892393933,5.281588529406188,-1.652455071385852,8.211701921005059,2.639850111859099,-0.679629231433672,8.402402160759483,3.559062858044795,-5.030504429462022,-8.382635144232919,6.677227871233054,-9.650893698500035,7.662227933917951,-7.101624452343376,1.291613162970240,-2.493101938610051
6.512000810137067,2.826038258872885,0.095421919986327,2.181360576979461,-3.680460516748227,7.673180379803714,-8.662916909244780,-3.709336487464077,6.297779943059872,4.922987317856327,-2.324087429142299,-7.056692875844401,1.894737807124645,6.577932308224860,-1.494023511886070,-6.692136677681910,0.233648340787653,-5.198447356232682,-4.390246693568940,-5.114153950602858,-3.438475169336650,1.324781707801726,4.699848445834956,7.768226131324411,8.721455442434674,0.462141642322633,-3.549132883457428,8.107953373027936,-7.076553824917760,8.354191825779228,2.664231317849428,-7.297072283908095,0.868037650952566,-6.410680323817274,-6.257271189398487,-7.456383921559833,4.715172983747822,-2.949174913284649,-9.788352661876630,7.119086677750222,2.762356480697555,-3.430266706322939,-7.369121114899462,-2.958582829003136,3.156917617237191,-0.702961932001319,0.198270641520008,7.740371689721862,-9.401782843473081,1.190591265060917,-7.309094675375222,-4.925829565397802,-2.405578014321486,-9.980552926932099,6.655408900900618,-9.324296148043592,-1.164064484880633,4.487125048493553,-8.931936044257970,9.611169832941947,0.861129084353482,3.478722302714822,3.064325418672446,0.147635924031928,-0.451588674498533,-9.961884490546042,1.557286218909804,-8.815476159450151,-3.973103775084064,2.813383435616457,9.902467029360306,6.663181823258000,4.940183676820837,-1.272259473765629,-3.086373875979236,7.496258463981441,-8.731790685665930,1.243336121372025,7.063819566292427,0.840065994971448,1.807027077599617,-1.840148627435688,-3.606166605691774,-2.575638400887563,0.680261135821778,-1.126029219202536,-8.081528611207760,-6.291192595817088,-0.983602030500435,-1.910316215398986,-3.504178320035978,-4.827798852088650,0.759535763757759,-0.828406118266440,-0.983677699391842,6.761377587779393,-9.729629234921218,-9.855786990329857,8.118508150870767,2.817250401947604,7.073894961699054,-2.983501560637169,6.838510034386115,-6.486073495369129,6.555219620664854,5.751118735766251,6.250904671804655,-1.644196920335270,3.270862192417098,9.463372496855754,-5.304455642254204,2.029917524492625,-9.410504480477195,-8.031027421189327,-2.830376435045753,0.279285271739035,-0.814381946054766,-0.962207803663409,3.161089263816447,-0.039857946919160,1.837552507900481,-4.632714152712536,2.562036191855574,-2.385523547273303,-9.358525058743012,-2.892735916093061,-0.097982461754967,-5.779024854963111,-5.445467667034293,7.915322783660297,2.802904158428976,4.276058411127666,2.413851079322287,-7.356556820721472,3.121658469856690,-7.307161091859689,1.354927303005354,-9.734581764053942,-8.126223667268155,0.603161898938836,1.376124165299522,1.712616863372244,-8.091170949162587,7.688050824593621,-2.365963589456303,-8.970128000080781,0.455813388677731,-2.519972184456314,4.911762942023209,1.521992444840325
-1.797617996608182,-9.253538759007025,-5.283449416341970,8.143208479890387,-9.944427896668067,-8.753303918286921,-9.942915911382293,0.686450282607890,-9.514134086813861,7.000475925611411,-7.572922098654122,9.948789503631374,-1.769907000920377,-6.638252056273672,3.311129148147497,4.161053667898475,5.663793628510071,-9.001999114524393,-5.822941553328698,-0.348772494477876,1.562151533315504,9.092828448631469,3.532168556407127,0.588815850222417,8.034734033398927,-5.532842787494905,6.115914057505751,4.276674485980488,5.143761559441751,-3.167074566830468,-8.360419822564616,-5.749272665724843,-2.301113422667309,-8.647270321346115,-1.364644246591038,3.785082432032780,-8.169049566899869,-4.727209066258751,-2.600731170271057,-8.542902517587905,-6.952198066711701,5.587688986183627,2.569737578992674,3.675320739324121,-0.153169742562723,-6.065675698196877,7.178180814409771,5.146302024886785,0.911141346757775,-6.394516891335462,0.924095371426310,7.951166307540007,2.472733865923933,-3.735410198739244,-0.043071048438531,-2.272670632132526,7.840837674696566,-9.976876130160290,8.473921749467749,-0.646192615418933,-7.868047350750482,-9.575539197361101,-1.713784238454071,7.039409848101819,6.967212069597778,5.291977753806469,7.371584050808472,4.970074882808650,0.885040855407929,0.506206168215357,-8.803662419250065,9.877715665406768,0.242305427101609,-5.927031778537135,0.328420504769555,0.965807834408807,-6.301267041927918,-1.175544637586174,6.891192572217182,5.507797146231637,8.566955883548705,2.540426550863952,1.560838655025766,-0.242184717334101,2.313520011276566,8.803915149523288,4.166284070385169,0.573327673041357,6.549275037161252,-9.679104359375080,9.821859040643137,-4.557017118053839,5.463165443285069,1.969451183465825,7.940976131899170,6.694143631945582,0.294824115899473,3.914965271292862,3.308531441585989,6.952318498742947,3.181688890567180,-5.956679524081485,-6.767652720133192,-7.495122995343282,-1.272523361257099,-3.969725213099449,-0.497797064528109,1.051847393935407,3.298391263013860,3.368570781227834,9.703219727002860,4.411252352041021,3.671551177222677,-5.805282085770669,1.369951747554097,-2.172242911566764,3.477378939807194,-4.455285092764116,7.312320583286795,0.811702595414122,-8.263687747351922,1.644596760081978,-4.759162273368151,-1.209656392884298,-6.239568517232454,7.907532170085595,-0.353804789662984,-8.874510337192540,1.437887204157953,-5.579619400349616,-2.879117003474477,-7.949747370797484,-5.981227913553600,8.492126795786703,3.919005608510520,-2.602628443470120,2.010269153212905,1.677500116785913,0.539537133883277,-5.267531984803197,4.322782681558394,6.016502730888924,-8.480881800573325,-0.453825926406537,-4.117933056154735,-9.665152592812088,-3.805967974016713,9.807919528656846,1.953919348004206,4.313436039508304
-0.926789042301673,-4.529735889441790,-9.462792145103746,1.766584018417330,2.486028870905759,6.157380456453335,-5.551897625881508,0.984698795800277,9.419330891705172,7.649357155227939,2.851528440270258,-3.086326270811606,0.667433138557033,5.307069981136372,-4.231572822689474,-4.060805095589894,1.022901455681547,-2.117376680939280,0.782014158209169,3.722719841770834,5.058058331858284,8.273012570577198,-0.004189505662332,-7.298187548809281,3.047099523587995,2.068116016620840,-3.217122605747931,4.554580549538162,-2.538137154755217,-3.000978349583407,3.407717677434089,7.088983752086580,-3.701858849897803,-0.140335415507353,3.782780809327617,-1.299674440608939,-6.447510402719560,-9.480674705661652,-5.763747579058158,-0.873579582542920,-0.527701877106740,8.945504946021686,1.648329056234152,-4.322212799930060,4.903794084706934,-8.017462936229975,-3.303410898357610,8.981460940302860,5.758404063715581,-8.200481027351037,9.812532658478315,4.689248439442700,-4.179495597980065,-3.990828929089309,-1.407616247037026,9.501748952486778,-6.002445839044710,0.360431325422423,-1.098122426098236,1.487296163313266,-9.958865099692488,8.062837568089783,-5.138263403867551,3.857333412040857,8.749137792351675,6.502371262374869,-7.203341536401721,5.541471807588936,5.677647473524363,-7.463867181504400,-7.511850427292659,-9.073736197472844,-4.369810090203254,-3.932031773380709,1.782480617462577,4.950096220682790,-0.533514387408422,1.229370786069122,-8.183377667043981,4.837486156820301,8.153053348144091,0.419532336487780,9.273423085761067,5.180958552713353,-9.060831205756877,-1.278185544283680,9.742362570131387,7.582216860478180,7.609937361745430,-6.256111150300026,1.482192266204173,0.068805143196794,8.918631714787576,-6.017466739269173,-5.093175765467841,-6.410846044300511,5.428852375114687,3.163546481741474,0.872583336490242,-1.307936197709612,2.458682785943473,3.373510162927120,6.950473051050700,6.370005116265780,-4.592179749106052,-5.844045676111101,1.161249396533668,-8.176535237380048,-1.154697560891913,2.304392257782165,3.104514967747358,-3.941274766833221,1.504671089211612,-9.334732331972390,3.412509630686602,-3.838966240264263,-2.176305462989587,6.956539177872457,-6.071470193495716,-9.764980996744077,-1.595950540391124,-7.050209912972869,-3.833196765821669,4.093350007749772,3.587271011120286,8.448191399328088,3.773579123450725,0.850325599519554,-6.934399606431983,-2.588294110731278,-4.490106295891209,-2.505941984831557,-1.993895912313842,0.161728189999792,-5.520245250937846,0.959730306543269,5.943303391751066,-4.529861553281654,-6.822018142597505,5.789617622651939,8.024717975876012,-8.429378293907440,5.808328317951228,8.290849595468647,5.629997430905739,0.528721809212838,1.851724339698368,-9.792573176953814,4.432022077146831,6.098371435824333
-7.561763993713431,9.372004071772878,-9.686697646914826,0.752980753551242,-1.257566998476911,1.043025432365958,-4.231829934938533,6.125695855335739,0.827564306344675,5.405625713477102,8.041185009780346,7.142915059394589,1.414118084280805,-7.954490309225259,9.219523109340471,-8.632263824229176,5.439678483654180,-3.497290873724865,-1.810170161296494,-6.595573184032584,-4.598968009337114,-7.865834835626984,-5.720199253816139,2.208357919214755,6.034894393349568,7.623703356777472,-9.479271566009826,0.296276994543639,-7.019546928849576,6.693924751920399,-7.368688770983871,-8.777493484779043,4.894041942387553,-7.532717611941440,0.991266943018736,-3.912133539772789,-2.991474857711706,1.016311771701252,-9.028422656651721,-4.840458427116152,-0.808104695984465,-5.310714339540090,6.648412467451131,-7.593824907812865,-9.541828858273023,4.323526715529018,-3.378869790079491,8.903060519198217,-7.728601475481243,0.396005878778640,7.944356549238133,-7.446491932580086,-2.044204337237088,-5.964170644861841,9.730523488704645,-9.853162637403551,4.167640779623445,2.094065442112205,-9.903228197349719,9.208665330185255,7.823722568600832,8.647976958250965,-6.465949380581990,-0.897514477722785,6.165099987425442,1.958652105162923,-1.825408416579311,-8.274110561627397,-5.650158456774516,8.634009180738733,-1.454989663070394,5.994518247439997,-0.826986955263669,-3.069809941829325,-6.668460957448974,9.028484993917843,3.490751440017803,-8.657011230258679,0.987810669554408,-0.915216224271022,-1.327709641051587,-4.247500315967647,-1.754315045033252,-7.074639994923688,1.357068524480059,9.477620167286254,-4.424896918651253,-4.466968187195679,-0.992231537021876,8.346607253480531,8.971580691819025,-1.244130609468764,-9.791934821660231,-1.460479349502064,-3.762744200717645,1.876658970113551,6.933468431062138,-5.856615816771171,1.645361639561587,1.699247160693309,8.535895577678790,5.470268037171236,7.407085546093619,-2.351093366232615,3.611489091613256,-5.498989402203335,-8.134103440419267,5.339262220530577,0.408417766352720,-0.686636171805821,-3.756122937058242,9.274224586797814,-9.769421810991627,8.063624167357887,5.146263839394848,4.908621146579327,4.898643509976274,-5.541347858438874,5.891916273330098,-9.789573318517482,7.220689015583140,4.318309591480507,-6.315442064231823,1.905946586130545,7.094185891065091,-6.910852651086485,-2.934252739739474,-2.043826390401704,8.606745575539456,-3.128447081885399,-7.660388445108230,-6.733376700984297,0.193074367163327,2.767477183341857,1.915642143518976,-3.242061162629772,6.762529952433745,2.010094416495228,8.750729514623366,-5.434683551414619,5.475322184331411,-0.922524012035220,-4.588399040861695,-9.005737235799991,9.834241448149037,4.017077025949771,-4.324325835020282,-7.442503878509266,3.701834929107983,7.509606918364462
4.489314861274122,9.157732375273604,-9.979418257436144,-8.543768481214038,1.808900216322884,8.511953042654653,-9.951942727069898,-2.254864595267589,2.720970536585172,9.988620457950489,5.659694713221535,-8.900718204708218,6.623914429919996,8.578869210487849,1.686474695966819,5.930626474432142,9.573347385600361,-9.641847796195728,3.985525022188357,-0.564237112451696,3.647466522067511,8.438969377245378,-6.715608590275455,5.477359100444714,-9.837209294692702,0.408628928063781,4.185859036563837,7.382780669896913,0.616234971762008,8.523715607451830,2.651345016586982,4.904952754708258,2.794644998089495,-3.137733391270887,-6.962700107355642,7.473250403052166,6.546678831462170,-8.670436426266619,8.590886092704139,-1.274150970270824,-1.093265432867799,7.506186039936701,-8.676048702501181,8.820316286805905,4.058495055543919,7.654764868571696,3.595735233317699,-3.479641784380543,-5.010202127036239,2.984398354596983,-3.962489234896056,-8.151210910269842,2.236278908614679,0.601367400145911,-4.336835608234111,-5.253063977322507,-5.301695460367033,-3.262687229128400,8.888885208140909,-9.655598871210682,3.072092368510063,-5.362736404414250,-6.519297609923091,5.122812689379453,1.042268467307260,-5.855955359420399,4.423598905949762,-8.848071066276992,-8.445305751864968,-6.868998139913424,-1.483869461796910,-0.711117424837697,-4.851413383733101,-5.430298220247236,-7.874405889520666,-8.370292859443303,8.548462222244400,2.174723397286261,-6.192068067528432,8.255298273650055,-9.656377042794249,-8.807889281724846,-6.785779878275100,-5.257311467062358,5.471474585134484,9.834756355623806,0.791400270678517,-6.578860335074568,-9.404911524905920,6.802501929610621,-4.272563846770188,-0.727691013084346,6.482775459362983,3.311511469345373,3.865293009727907,8.489113627101325,4.071834809165164,6.593480605664009,6.583709099199847,-8.869356715886820,-5.300706401323401,2.430746616848914,-4.758893743737374,2.408282946434330,-4.486322542861960,8.475182770345288,5.235125977303568,-8.686564148354973,-7.873638918075059,6.823916224368425,-0.940301434840267,-3.158824311001975,3.706895812274166,-5.885261174422922,5.057918915087903,5.113062917494338,-4.188984600240038,8.245098955057713,-5.172683357359165,-5.713345385785285,8.032719977419738,-4.366638292224357,3.966211134447558,-7.378483224414789,-0.084424349749270,-7.717211232328596,6.351764494368069,-6.453096176174773,-5.091931380547116,-9.363941864155406,7.014457553484810,-7.029516372788116,-8.743951828491234,-5.986207154710231,-0.716839586914276,8.683859603845370,-4.768699468026522,-9.733311636552596,-2.118595936826635,-5.379445522542465,3.586185347287392,-0.738152877485142,7.663279963768804,-8.466930388847745,-5.775871643336199,-2.169401477161522,-7.066618807782630,-6.884858033116950,5.199890710272063,6.716145822335683
-0.368713799185523,-8.150633988490439,9.598522252950595,-5.033220458360203,-9.920340515413471,-6.598951795743695,3.875726682101856,0.963579534390732,4.392427302124327,2.702933290346090,-4.514110676908578,9.601262376249277,0.069584425777192,-4.688899571340251,-3.758458789636538,-3.706357189095007,5.940312475322624,-2.602263201149495,0.605151098055419,7.560277453180156,9.584506854380248,5.534204633754777,-0.240017219398808,-2.626189438722557,-3.446870816908836,0.931656419692256,-2.770812098025726,-0.833482710400473,2.786917422872436,-3.795325787530897,5.001094968128157,6.417214849319610,3.745430577098702,7.271600641721633,-3.327237552569324,1.595567306775983,1.552887376082799,-6.109388439926930,2.871841078494953,-4.883391308194616,6.591303323057950,-2.408835428011389,9.467722501282033,9.977675526945234,3.982615638297226,8.708626187240657,-9.700446040759736,8.172483542071667,0.310059001083580,-8.646803727784231,-7.715088176992579,-8.128862884645780,1.662567908637509,-7.972669676023012,-2.648095849134644,7.448244395735422,-9.068746389744970,-2.857845152475811,9.118430005550707,6.288912409425148,-5.180316157221654,-9.720847911719190,-9.810023966360175,-9.893249103555977,-7.569388871043849,-8.836858207318500,-8.492127019439199,0.480143568564566,-1.613566127414568,-0.825906613257398,-6.420426508256300,-2.526284761045559,2.149479982127691,6.539365624556822,4.338379688602638,-9.243394916315218,3.960205977108625,-5.839988009388808,9.125568196088217,7.984213667225664,1.818939889236725,-5.009204464732042,-6.579443836190872,5.834250752099619,-3.278845092546847,-9.104790645332283,4.627414225063722,1.632972170087788,5.284187001916784,7.028853130657815,3.690123579632694,-9.077223184218735,0.458695719324497,-9.778480743855482,8.830607000398288,-7.183517802501505,-3.365751136666749,4.267757256554370,-0.135645911609343,4.219651979139925,-1.516877614149493,7.801775598151753,-0.497666887223549,5.440427567924042,2.265920480191589,-7.134666724848215,-1.066445314980003,-4.920153865937320,-6.689728333380622,6.403711896784074,-4.188091146517374,5.810193030038235,-6.165359668217554,-2.792891943691849,0.600476733858159,1.369011289922945,9.888369239480848,5.262092307041257,-9.838131942031074,-5.437210994887263,0.898596150967361,-1.247085576427459,3.112712791802332,-0.550381788520170,4.980011885705176,7.158970537665720,9.142037937450517,-9.528127908939371,-7.705130453523950,-5.114653357665535,-5.625146405850209,3.082499021661736,-7.058785881871598,-1.494820027251853,8.898491894110482,-8.500565653442935,6.287118728026787,-5.319189306331347,-1.020272342535689,9.989402063977391,-7.412214280411449,-9.230078357245745,4.023570870151072,3.454846601221641,-7.709202523886782,5.539857598973077,-4.010323038161642,6.837877603695286,0.911087462597004,9.417992164294617
4.449345764006614,2.523849064117874,-3.021509195098513,-0.107240687223340,9.929785164930692,1.642719138253018,-6.338618453973535,1.678158484423541,-0.802723157688032,-7.547648870256012,9.530656740631841,5.139032152149525,-3.269064734870122,-1.023023874073655,-0.193451189154532,3.014504544309855,-7.776360770701025,3.786567335374745,3.637966588995765,-9.264126666463557,-9.082059981873849,-4.446180239078757,-9.673138392532419,1.093550779143499,-8.916383029943805,-7.271240103638366,-3.867409303414413,0.552597828151653,-5.865707309517778,-8.511981985818364,-4.604741382146784,5.356070540842200,1.155437329167821,3.866226621079134,7.497276670194850,-5.266217688128727,9.681112610215351,2.544642883306807,2.711759424437489,8.152457623652587,-6.764873368958302,-0.891693332297869,8.316805494334574,0.416178067779322,6.448079984980861,-3.049649716638029,8.189970311386791,-5.168224715881506,-3.918297136914568,9.468656512439747,-2.928012687737604,-5.153548428274634,8.717054584275431,-5.733393658147554,0.658897126484412,-1.271692914754361,-1.759125239019097,3.852513101549453,6.627822882448729,-8.888643131485379,-9.288545493728970,-9.540292530237654,-2.968854602435067,0.642130057440905,-0.602010042470702,-9.646499717350805,1.904967105328808,7.146399228692172,6.240112632243932,8.606645697241838,7.499690478632981,-4.818535883092377,-1.384304626019716,0.115989018518988,-7.359365579364474,-1.311776887537450,-9.642185057343118,-7.271989169740074,-0.654645145063199,0.879791553276934,0.118106047613221,-8.933061767404665,6.754339894658955,8.607799103980692,5.883676855679775,-4.408322255997206,8.228701938787736,5.709870991515567,-8.886593418553979,3.165615407559809,0.311314619108693,2.160421958709573,1.823400662041628,3.100637427423631,6.272356954018360,1.356115911036053,6.118908917565406,-2.783187276970159,-0.617114197617774,-1.247182802016553,-2.394158071811960,-8.097772040766865,-6.398570229219991,-1.351862939073900,-1.366050354278270,-7.948285804471251,-5.476288230602901,-0.806517916819935,6.334004240284393,4.379625608556781,-9.264233459655722,9.964191107573747,3.167313123558710,-0.568199928422503,6.236618721480809,4.283075976973322,-7.496285821469806,3.012036247036713,-9.690538346389255,7.702958600642987,-1.258778118854627,9.621240284213112,0.229851119556159,6.649247389333738,-4.611062193603360,-4.904362870927470,6.796267112526206,-7.833943403788275,-5.522218464129887,-8.107216212129629,5.440548979189618,-3.777544079867338,0.530382273432428,7.631099161271294,-1.937261990375296,7.207992305724929,5.465216813738428,7.327197893236537,3.604975136285693,3.576679353072350,-8.530251299575042,-8.705684535432287,-0.201969616955850,3.418979473927346,1.925183358022506,-3.465052081286661,0.948290618695438,-1.223168886780661,-2.301920952850280,9.811931183101063
6.513437720529367,-7.704700685156580,-6.334736890739158,9.727317492497185,-3.805008683806510,-9.254525395107239,-4.061301609948018,2.584493573605632,-1.665972849063049,9.185817736872472,7.364287479535438,-0.565473720540929,0.176700282012554,-5.202358007037855,7.163391380761180,6.210585214354708,2.159169805119996,-9.560423628325449,2.326358483834767,-1.522258633902094,1.166926160697361,-5.444875528347481,-2.343335379926456,-1.131462874882276,-0.093939040537233,3.281589608101122,-0.423338456144229,-9.335209617338666,0.096491375302808,0.978562708901398,-4.298255475027617,-2.475459482417126,0.346294555084828,-0.541631590218287,8.144439923571795,-8.771213011926289,-9.325874142759655,9.232690434816778,3.792246543370158,4.600083794193473,-4.945732534592143,-1.065942356616791,3.369999483508790,-0.424330962747103,-5.696218388280618,0.060434136883362,4.263367040389145,-3.400121165538829,9.455787271884887,3.122847905131884,8.281050913625283,-7.906983692803122,-6.648632533610794,-9.195447908392653,8.327775887337857,-8.545390105036271,-4.417656553140350,-2.945625839203759,5.318775604946302,-0.119482596320104,-7.105025961207496,7.959724666171905,6.145098781869777,4.575560347625014,-6.741411298869842,1.483315951278657,8.890531209736636,8.537625731872701,-0.555431832954802,-2.785640248031537,7.355775555728677,1.849569363992313,-5.235667066536609,3.001274355405585,5.697133056133483,7.001526344899812,-3.504981034770694,-4.857750835232155,7.340976864134909,-0.084309257470451,-3.943285034049884,-7.018493168310666,-8.233853439682843,3.526257482861102,0.207395371295034,7.097480749391249,-9.488720021801631,6.092131258284748,-7.852210908365742,-0.735141741606700,5.097861498519160,-1.604094757448484,-0.529261227597985,2.605062356105488,8.892482623003250,9.935341098082983,-0.920495527846734,-9.127727432411927,6.710367933256528,2.190231903109847,6.449347597919470,2.793738453072086,4.087968825495992,5.733858335959596,-6.297892241799206,-7.789606362292760,-8.556425664397336,4.403880667139619,-0.861226541095370,5.476909756996989,7.228081755727196,3.401605323383253,-0.743728011330534,-0.108502107067300,-0.586707165045388,4.294141671838481,2.064947959251462,-6.017270062393791,-9.159979119237322,-4.348431800767097,-3.680392453741690,5.597225184467904,-4.358527385595965,3.867173006600586,1.673738004380018,6.535440662539823,6.600277063904908,0.180306369800391,-9.724598439764938,-5.138563465571599,3.313217829957576,-2.336377372619927,3.373655531664632,4.356729625898133,4.698061161397813,-2.704587999490633,7.276662927736389,3.512545249868515,-4.594503671356415,4.353540796029399,3.242711426512013,1.906849065759843,-7.017162524048062,-3.874776938390743,6.617002709613725,-9.414104664755467,-4.465799937361588,-3.046946162061679,-0.463579534521886,-7.926584537894612
-0.214902113226644,-2.692576238217514,6.740450248464342,-9.000128367353238,1.542459549744869,1.411541056748113,4.793980541873106,5.605936287294144,-4.028413094171349,9.592244651183030,7.577816410000072,3.316855936833612,-8.261519968779186,8.038218885818790,-8.742071341578850,1.259444292785263,9.009425454084493,2.670482765402557,3.210864693190249,0.611997049374596,8.491325479791673,-3.412422914840922,-2.291537446972461,2.585701088470007,5.150502301589581,-7.498210103462029,-7.419427108508547,3.951181576101623,-7.536888375376398,-6.003526177235681,2.100224868794164,8.208566608134625,5.964753664007134,-3.756717657180846,1.464872315612880,9.314154201713588,9.948263554429857,-5.773090942640600,8.075305468538744,-5.558779588493477,-1.485851274741421,3.175909893815396,-3.182221613687506,-8.193749483539685,-4.120223251145676,8.878173066738682,-6.611193546133181,-9.286604245771199,-8.411887368368316,-3.039207492487790,5.823896081559747,-1.157173558040219,-1.247939941804194,-7.261336994222711,-3.518423981760124,2.035562153955340,-3.347677060060235,-7.964762019867992,-6.976343706046377,-7.260893268601258,2.697341689720826,-9.536965657289812,-1.650567015978847,9.976821567845356,-0.952856261194350,-1.983877958388597,-4.093197966992987,4.439949777634633,-8.163237789079727,-4.064928842562036,-7.888925771112614,-0.228674116325589,9.011397212797704,-7.201127871011170,-8.410196432031130,0.030826372635246,7.068059684720808,-4.730424170989207,-7.026719084858857,-8.247433873890515,-7.858380163595225,0.043043239732125,3.925204913059915,-2.882295190606865,-5.141308583600979,-4.497199164581427,-4.570626390663614,0.515826343445697,-6.848803683168621,7.723167347025949,-2.915098969947277,-1.272297047338887,-9.659398844553372,-9.997339162728004,3.007029808181365,-3.824501131737033,3.505041131297702,9.991797252179094,5.386057956586903,-3.254487556994659,-2.836243129605267,-1.912145482546379,-9.065684173482833,6.400391993039587,6.786609350073213,0.100687460809842,5.100460527665664,-8.217821294376098,7.590313085340487,-7.283690796275124,-7.395716439642337,5.683455086831806,-9.607261643661529,4.952919406262257,0.105135337919211,8.049351568177194,-7.943905937123730,-7.621264416567981,2.126529587845464,-1.437439625037831,-2.300141934603555,-9.169390983424023,-2.353125292472935,-6.031438649242668,-1.814687126694885,3.324098680107346,1.973341934057366,5.904697409985175,-1.818802184298441,-4.149757310772348,-0.371042586210816,2.371325363879679,-0.543891952623646,4.891657389836123,-7.171069892566758,-3.780636322578596,5.174140519105229,3.753228790217214,2.421229871768798,-0.310342523878155,-2.613082586844094,-9.473190598353236,2.446950310604732,-9.808213700655195,2.207733510074640,0.895473066963646,-7.319028904972096,5.195920769280649,2.660037464955529,7.095023814498699
3.043366306021634,-1.340778105241833,-7.591508018068969,2.193368695092863,0.150256331116477,3.984794044345614,-6.882578675497200,-1.968026557684935,9.101253511384662,-8.255876947841241,0.603228412187196,3.323950353374636,-8.971172076280769,9.562591930339657,-4.756528443414294,1.914777026566687,-3.105401073823934,-4.620928417057684,2.556178499304648,-8.412873925841033,2.174910405853090,5.622689760304262,8.854723974599136,-7.539810107451636,-5.832287067029203,4.750903063742555,0.788863104956674,-5.609952068805352,-7.455484097571774,6.180806203185295,-9.570987686415203,-4.337287125485130,-0.768762752295375,-7.402784681355048,4.582956448855132,-6.156172428404593,-5.613293444716795,-1.344142946425404,9.176177872266230,-2.415629087320694,-2.804318776768994,5.382823839638819,9.753412074451276,-2.340252255839839,-1.192926427773504,-7.833590721464939,1.545188181646424,7.609166488312013,7.812509833037005,-8.297268488864532,5.234637540675076,-4.376257562228356,-3.171805372693366,-0.185527197060731,1.526226995082542,5.182892555252989,-3.086143073621019,8.654286416009796,-3.165061383524348,-3.766828244560985,6.277194324401897,1.574561058057920,-6.876137215564782,1.395916641146478,4.916935868218316,0.352705694177985,-5.373394061749059,-6.728936148822518,7.934055236183781,7.177730382005368,4.281673310418199,-2.680667864588980,3.100720615046813,-4.593822621295793,-1.903498012712660,-4.433031772486435,4.553015713385744,0.117447116456709,9.486326779210149,-8.365229938321832,-5.566360294271913,-1.991278920124737,-5.611551572433953,0.725534493114942,1.226035157893383,-8.479295247692193,9.099796054764219,-6.802906792657593,3.503636913877539,4.598515677647082,-5.197061487276242,-1.218690964974762,-1.671543139023930,-5.366051209273053,2.499794679686465,-9.278818198218923,7.721380112443057,2.819178747795554,-9.737867406402776,-2.671286736920733,-4.771173460802814,-1.705578339989252,0.873579847984349,9.960525500120220,-5.332190964468078,5.463319352191505,8.927302758862162,0.659087180272236,-3.143485278228637,9.306186221898763,-3.557576024165883,-1.689545537526802,3.320722107406539,-9.590547570304091,-5.464931465777696,-6.570930945209319,-1.893454277750399,1.288929053299139,5.557362700984580,5.326945495997679,-9.821145019180724,-3.249455539862545,-7.249085768733248,-2.361168447433690,-6.121591179181602,-1.054461221337704,-9.470561409605477,5.823245564540894,0.100572362534146,-7.239047017743808,-4.898704213776552,1.709125535862198,6.510166921609539,6.299966573704371,5.820319455181430,-0.617923005187180,-8.240865079835753,-7.391524584209450,-5.169682254791486,-6.391985971235894,-5.874218682309511,-1.371921381714216,-9.901450809518519,8.708388536681152,7.731462723972051,-4.633708674012134,7.968306071936532,6.969228389955795,7.115225741111530,-7.961856631268194
-4.267394513059449,7.306271047104712,7.131429130034157,1.337878974201255,-6.683593835429855,-1.696554519089027,6.805505831716005,-0.936566138256312,2.989516260703356,-8.982527285218033,-8.183809126780758,-9.710356433216683,7.799451114726793,-9.772565685566617,4.883638033343825,-5.320495732419433,-4.653970835540557,-0.230160021626737,6.338608544011080,9.294455031567434,9.321006427043347,-7.432905890561823,-1.664287482714817,-4.080949789251244,-2.951365743646745,1.905371021320249,-6.082880982770289,-6.815931402399283,0.810344007254976,-4.828978575841942,4.095067801264003,8.492172249190471,8.475215876929955,9.952516029329622,-5.579184002901489,7.421126725671957,-1.284347172636098,6.634405565838254,-0.240553657368494,-7.105486577521849,-9.575899581858407,3.965209345738190,7.340803452309924,-0.867807774677154,-4.391617821321097,2.124688864811066,1.409570657371166,-5.569277024502497,-7.371409575071870,7.677276675898447,4.105584028696070,6.536421490351355,-8.788155624272552,-5.852554098288955,-9.240998030837890,-7.891883438731311,9.958588791476902,-4.029423509723802,7.976598606916838,8.862145867859649,6.135992622803506,5.835454553579080,7.936804648229920,7.234331851033360,-2.123205470069784,-9.304127546401713,-4.466205637661959,6.145056712204060,-2.917386786737673,7.947100737192571,2.569120730543180,-8.722980716566864,6.244106013621085,-0.047451267920454,0.087740629777768,-0.561566223886008,4.897338982731403,-7.383737940768327,-2.671608848922129,6.852187956753074,3.491067369907428,3.573016109522527,-2.254557595608673,1.073844691924089,4.831579906114374,-3.527843481312399,-9.129140500491060,-9.627302421059778,1.542877867188079,0.201567904416757,5.902372310374563,7.032551107311495,9.713524216369770,2.742883656042936,-1.049629667921714,-1.168964547138653,-5.746025834798645,-4.313064445397607,-3.690342746596952,-4.659482622029836,-9.304182619705859,-3.306506897838859,4.806028003261194,8.279777440535330,6.761674460023031,2.593155347782227,-3.006459311802720,-9.972569070008586,-1.455773772520088,-0.299452898426097,-4.447459923732799,2.761383048016842,4.734066134656194,-8.500486940549141,-4.963359494442960,-8.092228882953163,6.073010598292321,-0.430661984634838,9.537437400472683,3.811228560144249,-6.920647176304550,-6.001681086615623,-6.489580265728179,9.433803066772580,-0.770622822520339,-1.234970509722967,-6.356866336670639,-4.779509811982072,1.076603644873995,-9.642107083449659,2.717477547082146,9.382524328729755,8.590397848514378,-4.852248887750738,-7.687649432984416,-3.749052358836527,3.462358134515666,-8.450854378039148,-0.210406537779289,6.788150371033005,8.687224791176899,5.249361026194716,6.936856702316973,-2.938333271144744,-5.077833342874200,5.509756372240162,6.341514983826205,-0.461328187561987,-6.630738727013668,-4.206063459174841
-3.758213396824949,-7.249404567800044,6.987664023911201,-8.785372233850293,8.899986704632866,-4.563498645709818,5.813523306965930,7.301686600820290,-3.183012614524090,-7.693705657921940,-3.149263629007189,-3.519444623579324,1.612975243696457,8.902279682440309,5.636937435023842,1.734523643403271,9.759411127454584,0.177379272136049,1.140542964296793,7.429828826334436,-2.080097649149238,-9.361531315962967,-9.582430154278640,-6.048343694272081,-8.205077480078561,9.085853454865450,-9.330154645190902,2.619556508080334,5.192840905216777,5.715254654089655,0.395999826159702,4.668643411589432,0.387109059398554,-6.240223898886128,6.190611785955156,-0.403303702714489,-5.659832836196301,7.492184787960735,-4.940245630963329,-7.662616204133093,-1.589129878393628,-7.317805531856374,-3.259310218251603,-7.264515037585284,8.289493198506662,-6.296474364098077,0.941347903898233,2.986595171017072,0.497975332838438,-3.296176217955715,-2.155339159640834,-7.430929398569237,8.061340169869140,-1.523961493460426,9.488629054777334,-2.959725616316378,2.950503965184621,-9.786814327427194,6.543101220908667,-1.037411873528542,0.085091075556662,0.000471390416244,-3.292431142449168,3.266763813815462,6.802616045437034,-0.928336828150645,5.848503586308475,-8.382356620842790,3.403585757175689,6.813388049447326,-9.733177388848834,0.491667571276347,-3.997582008301634,-1.869303564604934,2.562424591425536,-9.522483480636348,4.250410269052701,7.944177798111262,9.264876115708262,6.767150716822499,1.356992253341367,4.423213959192573,0.913195593619086,1.360127607814848,9.168438673982362,4.781968951333743,-2.031088669965582,-2.913219662429780,-0.272456097746831,7.196631475180418,-7.267354868106684,-5.952840348529548,-9.136238769151026,3.955207063786714,5.842604705436482,-4.562360261376865,-8.760268789044126,-4.969101932108857,-3.451542913259171,8.319143405449339,-1.196024441110959,8.761792647650779,3.928495025416634,5.599852155470968,-4.391355419109333,-8.287819225402234,2.969186992290245,-0.082582025704339,-1.516701502363622,-5.740163556488353,-3.262885056421137,5.682646667884262,-6.425491041341607,7.661653724360320,9.662599711906520,-6.526642278704255,-1.637738641642175,2.337557708982320,6.294010909364836,-4.719298750403835,6.272033694107261,-6.970981450531200,-4.618551971541702,-6.556596240604788,8.275389451341187,5.006713572528161,-7.903846872510170,-2.528208674466335,-4.604582417495209,8.350378217905376,-3.491755700880265,-0.564217485318000,6.751174372730109,7.973086119214933,3.374722799544337,-7.579043068901152,-2.800726969132916,2.618912243850740,6.298079439253151,-7.169219003934348,5.667906706750985,-6.145532817503245,-7.054154813465042,-2.829467649114847,-1.244415661430223,-2.131129863213688,4.082301231050479,4.751524149098545,1.707594464269608,-0.998857670126705
6.015786928106508,5.361111988233258,8.319790193447911,-0.779308597774344,-0.325712233476352,5.420806669836169,0.492297046148753,-1.525633364698516,8.041733697163910,-3.832515336073006,-3.363846175960584,1.923199655335853,1.856283524475703,-2.707267988507017,9.452111114891103,-4.320954901443239,-9.514230862728947,9.243952764853567,4.087348844879193,5.441366687120134,-2.119842063923616,-1.930094280659230,2.018039196904482,7.107536626139193,7.622199773221606,9.648372067158380,9.972984763720120,4.916654400340526,-7.961671908390471,-4.790803648338191,1.826194234664303,6.536563696613790,2.086320607077063,7.038647692258731,2.206798617000080,-5.100765028980692,4.392945408903143,7.395638475988878,3.371894297355876,0.347603194873798,8.524268320011956,5.147618625356795,-7.414579271068682,9.157201405429561,-1.565542022785205,-1.296725364118814,7.150761828454868,8.377182239798316,2.514713782990627,6.594948809565857,-5.402371843212704,-2.440019921223813,1.584000601843288,-0.250836439959874,-6.960637273048887,-2.917185376546161,6.678282834942134,-6.141883183276942,0.211205126502120,2.141198856449913,-7.288271374139176,-4.406180065537031,-0.666770635416508,0.397933100240731,5.518914024452869,3.204925882502279,-3.781445966407276,1.425990601311561,3.813057297629477,-7.513392707524822,-1.279268250287464,5.465148742417496,6.680620033910142,-6.563647090423597,-2.867274523565355,5.537693956910598,-9.960682929338638,7.722046609340044,2.266552379264656,0.839201650075498,1.117291975112217,-4.137595241745789,7.155536753899337,6.347716941701609,7.138430506899351,0.095753379525004,0.373888478971612,0.809095187184102,-1.748355852785652,8.299008498910482,3.997125416005920,8.233147567637559,7.896006666279501,1.774784553649303,7.936636972430758,-9.505130521526155,7.150899697480661,2.025179000864481,-0.873816877055884,-2.535588667208399,-4.031443314319169,7.861819770476245,-2.057483837180866,-1.535248530885443,4.556429120422262,-3.159560710820061,5.996383244961097,2.026518532136517,3.145098851187624,8.559206507187632,9.878502543673498,3.759616065452578,-8.594231889541678,-1.352410340344232,0.509050210830956,1.867977582020599,1.017972824635727,0.068376771075624,7.182038730849523,3.626593540661872,6.076300848760255,-4.410424997106186,5.356566607840863,9.227753717037935,-8.249508336604549,-4.204849594421902,8.720038405466283,7.912164924544555,1.369411069483190,-5.316684704518653,7.478948176155608,8.884656680872503,5.571679023119243,3.085176623861027,-4.127817330555448,-7.950087767103864,7.960438015468604,5.262053800525372,-5.784312670243428,-0.584766225385387,6.868105204616985,-4.895864537195751,9.460003305620511,8.627414571792013,-1.327053832786611,-4.542999929064411,-3.059271308695304,-6.674964456184432,-9.177200087589707,1.801323005935316
7.842098517528829,1.795458108279195,-4.207336760304976,2.475413803801196,-8.133221190936597,-7.011132256874156,-4.537165302531745,-8.564193884009164,5.788207065381318,-7.981999444002421,2.052382069781585,3.577918222152585,-1.354787521591657,-4.259551338669980,-3.520902278156708,-7.966267820056570,-9.676196362604708,-3.253519804644029,2.206226472080651,1.882394460849024,-3.886908635662012,-9.587211408655719,-7.603486435441161,9.416369791539093,9.072253171667789,-0.804541635438401,-1.330462024209488,9.032273806991764,-5.639640377527167,-4.256248508996836,-1.878891266032580,4.503142805940978,-3.019736349471498,3.869181887103396,7.121338345413573,-5.849302130926963,5.027588578054054,6.667854517440535,-1.130952740131994,-2.616150133971374,-6.877283526763383,-5.278141947579460,-5.130293535415021,0.076187148890670,-4.088186280450650,1.387841699455647,6.346898830299647,-1.895077680163208,8.302300105902592,-8.009094305686260,-3.354162673564181,-8.752813534786432,3.196606528509836,-6.005552314552958,-0.842762865067879,-2.939297410007537,3.642342042072507,8.921816182224667,3.200095253787840,8.023741840098879,-2.976182253981976,8.720736998688764,3.768259614488493,2.938493462944411,-5.423247755491600,-2.900831685277581,-3.357043420025585,-1.359949716482065,-0.113852481268014,9.057716719559693,-5.887812228805021,-7.224778700350978,-6.669145485141699,-2.203375186336807,-8.764006329416885,1.854792514196138,-4.920914436818872,6.511551187664665,5.213027752406997,8.378785770745949,0.814949756990098,1.021949505121052,3.948299598986980,2.787929275451217,-6.148087132932831,8.157259622012511,1.469390920836256,6.883263453085473,-7.884145583845925,-3.459820116797292,-6.037555909458283,0.281823196565941,1.311650419333532,-6.867340987411932,-9.707938098110656,-7.475804595558273,1.054649725540084,0.013409538337953,9.402520015641006,9.028673999836560,-9.833392497840768,-9.653701987650667,-3.660658985302803,4.626443816389063,0.355105939993701,4.553551556823352,1.741883638003038,8.986242070043041,-1.092787704802426,9.453258161046044,-6.783658516891704,3.721193929924016,-6.266166740815242,4.611754379519084,3.090278664018447,-7.312457600919878,2.457633275275050,-5.886268541779693,1.290572423244940,-2.854266861685957,-9.251763761392963,-0.926378988390816,-7.403381805328014,-9.059343570241561,6.805294158349437,4.796702130378492,-9.227107908221992,1.385263535215541,2.242945829857517,-0.583573566329456,0.271635015053938,7.333696463208284,7.939891113273987,9.629614316791038,7.798018509090472,8.473451928777635,0.038362587412538,2.601026642624458,7.581835535162430,-8.842544061985096,5.388136431044961,-5.642586933999471,9.139149026105258,-3.859268682590960,3.097979643636107,-1.035834964558260,8.904818937263666,-5.672229226869590,6.791926439918441,1.120951337324938
8.688110153394540,4.834752935702024,7.236530972906682,7.972038051215815,4.216182916443964,3.121465056061703,0.690550789714662,8.046872675453365,-2.581061933793329,2.214368785726780,-4.265189305718624,-0.861063197787303,7.618553507213736,-2.491569581119053,-6.637926919008192,-2.381863166921898,6.367136477345603,1.078799816455087,-6.587030708281915,2.883696513173533,7.867099549139404,-0.116287157133710,-5.951845650272922,3.323127547594511,3.904227087382761,5.513263290989030,6.806478761422611,-3.397114798657093,4.775834660076621,3.355556806733784,1.117476974469458,-9.756395568145535,3.087436830289928,-6.947400202097356,1.672495798526494,4.910279733149100,-4.594511249718516,-2.051963134050288,-3.153057014108478,8.252758987140545,3.471209446944259,-3.161044441366652,-5.785974893003749,8.203041609086437,-8.382478498753123,-2.124412705969972,3.934225129136086,5.625050047605740,-4.016872080923282,-4.026191210781351,-9.121302212156211,8.668633703183851,-9.623714726472521,4.316320535603539,-5.192185075929476,-5.445750161975084,8.914452193244799,-4.301991418840705,3.824034318009479,-0.759768285464819,-9.496885674210434,7.353040045060574,5.851818564660086,7.744789576602674,-3.130557802154977,6.541446212546678,-3.561474884551519,-6.369418071438711,-0.977410002549695,-9.725862011759203,9.682979565102169,5.206069500836632,5.708594148834649,4.009340519530573,-6.095621271611016,8.100719020609471,-5.842450804697812,-2.192519866566373,-6.490219713981451,2.486979970161249,-6.916786117495488,-1.982682651107188,-4.591535570284819,-2.989346570786894,1.160827516364897,8.320865936648772,4.470586631194887,2.993100217602986,1.430671202484559,8.206736225390102,0.257100992027189,9.093574662692390,-3.357242950943622,-5.260532581430573,9.815701723501828,6.987579124084732,-8.656260189862152,-6.881221737338603,-3.991608148749208,1.218910291012612,-3.593670399738109,7.072232028641192,-0.737238900142547,-6.037447485452971,-4.093846409036281,9.763009194785280,-3.046377231349641,-6.701009478396875,4.138042116765702,2.448184215423002,1.787602171014619,-9.276919632700798,-9.851895311986400,-8.486712612936408,-0.084824008619279,4.779414773566410,-1.260510239764617,4.692691821034540,-2.817384616198558,7.909769639322114,6.405367991294085,5.242829495244550,2.724780129396303,9.029415974605612,2.870486630138222,2.370800609132804,-0.839974736254954,2.065227617075735,2.925471772531267,9.892778445129125,-7.175475087000303,-4.674210650443427,-9.261483618856406,3.762087856615420,-9.870620857627237,-0.288596201635475,1.337826440530023,-4.738470309159619,2.072999881692832,8.275390014268719,5.443322767379289,6.327040409159189,-2.083610374586902,8.517549613591477,8.370784092695295,-1.631056093601448,-2.254859904093937,-5.999929184642756,5.077347217964734,-5.168998250655199
-3.009166229024263,8.047736734841923,-0.064608855151748,4.729684524982115,5.234592767290014,6.867179782615622,1.683919075449156,-1.241603766105765,5.859065570809797,-3.723161251922040,0.991432729780774,0.487892702768082,-3.925529839606703,1.801952144204694,1.799251863910225,8.621580195534545,4.669348343425558,6.893306500746352,-5.646946118823006,-6.693931581409607,5.379307094978387,-3.397967259328354,-1.586312792954701,-9.852049812884720,6.697275553307435,6.642192517788310,-9.658725737640452,-7.364912588112933,6.369723538180931,0.333821815241356,-0.099486530537753,7.099067871386545,-4.877475413550698,6.495679355222535,-3.910624591891246,-1.226079582155704,-7.428694807734075,-2.217312644474405,7.276838313466392,-0.609230446135324,-6.010448694586317,6.909847018734791,5.923607657824629,8.303938522599520,8.533030998787790,-5.178337902294445,4.856334002554624,-9.937215968492186,-7.403465889121899,3.722862685017718,6.171809229834992,-9.721570592970121,3.894874713685743,-7.809302313535682,-0.690684154316092,0.061551406550118,-2.764979501468696,-3.480018823965398,6.114997309595374,-3.418370985551309,-0.776153669278781,-1.935926101645327,-7.913521311617608,9.803110376424893,-8.148272157027590,1.322499944790703,5.919905721240537,0.198920376314023,-0.601001194097904,1.640560197974954,7.436236353245764,-5.245386605909741,-6.943566587952223,1.391013391228862,-0.921567600438355,-8.129140744174892,9.109924901432564,1.727805790800481,1.403415778343977,-0.529473327783363,-9.459581601188203,9.641351282009275,3.454222090409866,4.440830520886811,-6.888809837389278,-5.702899399928231,-4.808272929399124,9.126147845289406,3.179943120246589,7.087694191534087,-4.208762123658283,3.029960356113332,5.888413573365874,-0.048629271284559,-9.080206871560975,-1.037679746347548,7.916390141417779,-5.559255069729279,4.234734597103555,-3.228120199039301,-2.008254745193985,1.010898596357945,1.995535204208165,1.402364302930668,1.570530171354630,6.957983750054524,9.066011601501984,8.821759890679598,5.914610158482748,-4.786701777096565,-2.878726113720392,-2.830795652836211,6.168346420651407,-0.945596728689912,1.319707609817511,-8.495938731411655,-4.413668213549620,-3.846097694173967,-1.416958854249913,9.296854368867603,5.130454988338178,2.490855087965052,1.430984931691665,-3.780914163354661,-4.595270982218795,-0.822099611864358,2.094940554012494,4.615394732797247,-6.526107607399969,2.745198322016071,9.667577428319600,-9.340237760317027,8.593701379919153,-7.129363743876727,4.613413469494452,6.015003856186517,1.937681970354481,7.533624454785006,3.158922154985772,-6.857873924322828,7.500264435034115,0.460125860055793,9.447142724741653,-7.943857075458065,8.796325145030245,-9.777523725971559,-7.631882182073754,8.813641806374520,9.459333980818815,7.502081217970758
-3.744259772633615,4.893799565610614,-3.737423331009982,-1.276198826913957,-9.661404463748614,1.392417057373356,-3.778462550785457,3.417177689201578,-4.155642435076881,9.166705920665581,-5.242697435730053,-7.920670685674313,-3.316385853320716,4.811564956718620,-6.240270812929949,3.524309205306331,-2.265651742046806,4.463716377012194,-3.227134931242841,8.730754371407965,9.802781501667692,-6.532599455788926,-3.655638972446540,0.133119575920549,-2.294427236244230,6.807014844730414,-7.296748388753331,2.663436584243229,5.184673355463843,9.188080935299578,2.037802556344026,3.026252613705536,-4.329841276951283,8.556834439932246,7.329224615416990,1.708797937793772,3.142858333328626,-1.756427549670967,-0.625626613421900,-7.755913282648614,-1.246930803876747,5.400910298563611,-0.613143283549553,-1.276271009477906,-6.853895827919468,-3.595413771469412,3.558228436511060,0.690013181576074,2.382054664367477,6.492709267443374,-9.654233570585539,-3.768240033955701,-5.029808958416511,6.037276863804649,9.689587911815600,0.888972362654787,2.906937056150831,-6.930717705318936,5.834064666664155,5.997603924884487,-9.958750749733872,7.935044140055712,9.116657584233209,-3.649983958113432,5.822718528631611,2.924493219118890,-0.680186721910154,-1.743744132452704,1.044414964837221,-1.987193596292059,0.004834216093537,-6.062616061923228,-3.115382405469238,-1.288300113196625,-3.726800999698927,9.798412665339306,-5.152618996139775,4.156622282070472,-5.382984992455590,-6.796710948963307,-9.151666578204551,-7.165526485604468,-4.054446862383752,0.409055424637748,-2.090794984153153,5.056136527453248,8.585785436653232,8.028252564210764,-8.700728044132591,1.315618679656758,7.387552729074486,1.794559632105322,-9.565505585548792,-6.826209697367942,1.868275507755762,2.004771989800636,-6.105329438485009,-4.570318920660005,1.237114635694848,0.942528620036743,5.321612127135978,-7.937162583338986,3.920247192927658,6.737335014290061,9.058434854804091,6.760288942699592,-8.404805171023398,3.256953776673157,8.772519410976290,-0.717621913202432,-5.729847648528093,-7.016287274696122,-5.957264685743173,0.960139239935156,0.199422668841798,-7.321168665918281,-9.270378918451833,-2.895118950437567,-8.217961470953410,6.713157655296847,-7.605010892673336,-4.962382517086730,3.028762139255727,-0.005134455576538,0.755977747345273,-3.917524141593896,1.682595604929737,1.175596094829798,-8.694946132492801,6.000445788854655,-1.491564123028644,9.571854684849235,5.251317586822354,1.067481452310311,7.399801010008037,-4.345326375405937,7.988750147639763,-7.643518224864558,0.615033313888500,-3.221024330450780,-8.512056630509271,7.974811536615242,-0.890328712766808,-1.521900370497329,9.645056222372567,-4.345573276799635,0.865241188998688,5.290243908272373,-2.067082300769371,-2.261157567751559
-1.421245239208002,-1.295577127337342,-4.222567917193272,-3.243459677049955,-9.742623535116445,-5.477963380735758,4.071742954342827,-1.272769468910482,7.720282449667380,-2.703608765173861,-5.976343387735701,-0.236101769219069,-7.915636357598535,9.343636601220137,-7.172472754813599,0.261528334511743,4.029616309193285,-6.253260078808374,3.957218978044212,3.554295825790579,-8.748127519559990,-2.240175288208959,1.384805634912080,-2.086641199374865,-6.562674928374737,1.076032086504458,-4.673828940752623,-2.158177733860709,4.405800619950641,-3.128587518831701,-8.625619176915773,0.622602583379875,-3.256079330764696,2.570732680135839,2.671937742212423,-3.787109395261212,-3.303315585243678,7.491289208622788,-6.298039146948334,-7.436896668069903,-5.218252722019483,-0.632141177180813,5.099303699650591,2.980489300101043,-0.212875033506368,5.276528645627419,-0.206333328241179,-0.562913864675627,-6.800907340591387,-8.937239228211283,-0.311863042274052,-4.398280211536242,-5.784536502525699,-2.209080477773027,-0.725117383697818,-8.086344941123581,7.119369630397085,-0.538616746477970,3.974478772081021,7.458743062327532,-6.432021904803822,8.520549097660641,-5.651153744855630,2.666038642357421,7.296533575553148,-6.456595620208471,7.763918674849329,-0.981499825658332,6.217147241947352,4.353410891827886,-1.598115611870972,-9.686254158095933,8.993862335725545,-2.238900135208064,-7.230878961650569,5.291266757462596,1.945749902153795,1.129073644830040,-3.712503869738537,6.756978462353498,9.930267339163361,-3.338161598883406,-2.667528792814842,-4.985258389378742,4.495467995998455,9.646710027194306,4.481220018783578,6.748982966194905,3.346663719749106,-0.196312275335266,-6.037276637798343,4.163418080678330,-3.265825391874548,3.348596936944364,-9.479988703808020,-9.882664298013356,2.390604512098092,8.348635511963824,7.634658711602032,-9.692078245582440,9.387648938949635,-7.959561739870722,5.398864914728922,-6.346016477072740,5.967862843127886,-4.969883396511030,-9.306743580797885,-9.702077495901996,1.181272895580108,-6.527080048178593,5.436720430994221,4.958645676810928,5.478323196737664,-8.334142442204133,6.843321187409845,4.078602863312282,7.674212286936154,2.153833250680858,8.225832981512550,-5.794408926736079,-8.168229196687316,-6.419534467667239,5.392572827379976,-9.747588944302535,4.764233079633861,-3.563153337024875,-4.792297919336637,-1.673237811561812,-2.302732009912627,-2.989913581012360,1.922584829089759,-2.018981430248048,-1.740255064754370,-3.087212639284043,-1.509003995164580,-4.967524889537240,-8.002269851165218,3.102210704393739,0.335825315822095,-9.990898847970048,1.489868126978333,-4.485190969078596,-0.011733818514170,-1.769697876005331,-1.011405010388152,2.200203609169744,8.197842203596672,9.357187892421134,-7.073164560108747,9.684695818803593
-6.783169768338231,-1.585344122709721,8.473152867586101,7.084891061881532,6.432696194100455,-6.473589669036041,-6.309105339828738,1.134129772209464,7.702745389437190,-0.323312935425575,-6.149186265478541,6.663078974552942,-1.374588378132627,-0.230426858204908,5.085881472980226,-9.642338796289350,1.155688321828983,7.332242474452791,4.336273425030623,-5.388169524761032,5.083026607223680,4.996519749436656,-1.764065027337674,-5.381239078760609,7.824759868574922,-3.258968929081226,-7.711494933455469,9.539529461981694,-8.068595891955102,5.539698386188849,2.784127274968462,0.243291765057752,-2.521536485077116,-5.512677389266747,7.279333964674041,5.466095570868161,-2.914323420006399,1.230660812209203,3.620449860366557,-3.951689151102141,8.712281548063817,2.563890632234521,-7.416397686825301,6.531690212649561,1.009924748293461,-9.641003966572889,1.441614915242024,5.518647480802851,8.654805477991239,8.237376820770145,4.370829018302961,-0.942961698483707,2.385903759763204,6.160409910547553,-0.466588973598219,3.096380041343352,8.434668694587554,4.672655515205777,7.222320884426260,-4.826125045016578,-5.402958112345722,5.229396477515294,-6.848726326539731,8.126029088862051,-6.162487296445834,-3.689421629678701,4.736957312952123,-7.108854464214636,-4.036615024950634,-7.562042616982128,4.711674682496884,8.728115187749538,-1.716298490259152,-4.360024384566399,3.859575162040143,-4.745781168769967,9.945819982904752,1.447438020307620,-5.606950408832243,-0.791156347387602,-1.898645880365740,4.554924940755669,8.668871259637228,7.373341085876866,8.984392874426199,-5.833740638499689,3.908734223424537,1.332700455802120,7.893279801529861,7.404727163505349,8.182227801911196,8.852481123778382,-6.878857840760590,-1.940137857718927,7.572535976833802,-8.309237890916732,-4.981925341211486,8.516921282379354,-4.249458133317523,-7.058172734454451,8.449242536427477,4.350721184471251,3.236816471423298,-8.341729255398977,4.787484029768853,3.449171425249691,-0.496333212665528,-1.862497793159172,-1.712824511269055,-1.971147065218879,-5.960216843638277,7.191296972079037,1.247444264499054,1.017248405379586,-9.598932917242447,0.399193085603498,0.429434021347603,3.950572696750852,-5.404618699417421,0.936276830149417,9.275776349442680,-8.053987867533399,-3.433818254753511,0.751127823319981,3.587890292932752,-1.192975862733384,-7.315480721045750,-2.220743542424090,-5.856492940166486,1.401724291573432,-4.557563047623610,0.917412358938648,-6.681912714356129,2.949037415143462,-1.713389001327618,-9.612512133319955,-0.294852926727387,0.642534695955417,6.094345745655250,6.287770500628433,3.281660576361238,6.224204656566052,3.722340965547428,-6.072694231594680,-0.169924558836259,8.134983305574814,0.917178157762697,-6.083112412561129,-5.608098547257128,4.338516098495619
7.139726934118620,8.521636691698312,0.449679873856319,-6.208678606393190,5.549330079460660,6.559694917542632,-1.340552036589607,-8.406352661002934,-8.653089265804963,-1.309055483672541,4.341367585537379,4.254536794766768,6.520820586334143,5.519403534213765,7.982789849531688,-2.481548985051814,1.552158245432837,-4.330896158007327,-5.726520415328197,9.382594167218009,-0.027746902582606,8.668401698009486,2.012038400122192,8.173744421462182,0.629695360559122,4.439060246955242,2.631321838487777,-7.675340663233971,8.472876533205230,3.223084241176490,3.600784572779769,-4.756935610806606,1.789744468732675,4.518627564425930,-4.371158672258235,-3.561933992640151,3.501012758276048,1.279139773636757,1.195737087902684,2.245401397494653,0.556551373048340,-8.708944552623707,9.024977866930758,3.787577846046036,2.185148780245710,7.794273778606748,9.943225135792069,-8.538234829496522,-9.870856714002043,-2.233121803794647,-8.328180522406278,-9.271973291721430,-9.566301227028081,2.034896821697865,3.476368851123755,6.160761739830683,4.287448282849313,-5.877395175488687,9.186896553263860,9.525792792750309,-1.204147116606148,2.484537380088600,6.482447012531637,6.243355746509700,-5.497819593242285,7.836528385141584,4.044538492679484,0.788398850675325,1.119680563825519,-8.960696920575229,4.104173977948918,-3.894112685661257,2.793570233207831,2.644612706862437,-1.575996081374328,4.576949815935265,-4.053807042024875,-0.179042443498370,-3.259109378571967,7.329615848574569,8.342413799324660,-4.759011905284436,-5.761978021221028,-4.287066490174764,5.508123372972069,7.925542290710123,0.038101085137662,-5.965826604143800,-0.966260094506827,5.340670000885632,3.026783583038563,-2.581518681372128,8.124201216375582,5.910415101583130,-9.640240508567562,5.358451549039598,-8.341949346896232,-2.513464298847605,-5.589175609083846,9.538022060449983,-0.618378092349328,-9.085490925532316,-6.482910088562052,1.203993916064745,-3.148152616740778,1.430901316011635,3.410802508718811,-1.813934732503739,-8.937628142406634,1.447682467342039,-2.714027263213024,0.507883187542639,6.365777504434348,8.688212956250524,7.498322754894286,-6.101664938101607,7.358790298551583,-6.045158568405187,-2.261169363411533,4.310409862761272,-8.720268419784670,6.408563288984276,3.334271726698987,-0.538676239545774,-9.141538164470820,3.515754426600250,6.739102197947936,-2.870516738142738,-1.475998793738869,-7.638496005749323,2.286581699902239,8.304552022046828,-7.496507082531052,4.520062899877551,5.583217661453201,3.455379171114101,3.261012203631795,6.682035872359265,-8.998812427247929,7.719569465356152,6.244980593166748,9.775179719482672,8.168512200543002,5.075487357449500,-1.139787521370874,2.109365190277233,-2.709620907689548,-8.245740295092666,7.925528916298305,6.736253336943371
-0.094004143538516,-4.661493259836542,3.261870430040856,-9.347764880213219,-5.556742460312078,8.149244577000122,-8.891470812820163,7.016818991549389,5.377029943336067,7.558969533127577,-8.677952816170155,9.296038556106716,3.067334285559109,4.397685096481482,4.114466435486053,2.168344794783238,3.545982646784264,-6.431163271652272,-1.102482796247333,-3.616129070198788,-5.280629577713136,4.727393120149806,-2.567236027901847,1.045055636702074,-9.390701981545650,-7.242967366908093,-2.966290923020711,-8.694244831341550,3.052980960276397,-9.934937426836187,-7.369976085032988,-1.568637990597079,8.296203554307816,-2.783826498288393,0.611793202256074,-1.829806978563528,6.354590655516397,-9.841244060209815,6.487551375294387,0.949105382758781,-2.920072563907574,-3.783436309675741,-8.475770694005822,5.012317091543020,-3.621480591371553,6.140677491698568,-1.350614756248996,1.129801911979877,-1.793234220936542,-2.431931498739688,-6.473808539763056,-4.070147364227587,-8.512518560823848,6.947742339902049,5.643447803763088,-7.007980305927111,2.205172436093765,0.634195035968601,-4.452513036564703,-0.366266402315283,2.992354723805715,5.028947290850201,-7.847689366722315,-4.253997423091105,0.395382565247308,-0.334738094062955,-0.993554933855002,-0.490573527551366,-8.695465002392915,-3.670486148517047,-9.665388945641411,5.498880623324990,-2.308106515129618,6.389208017951415,-8.707242262793509,-3.062298972057107,5.316933826729489,-3.900327828982393,-7.360188860493324,-7.269442469924698,2.955355361838823,8.180336731332716,-1.176197133392291,-5.040202826064231,6.686937505074390,7.658882965244729,7.450679101417212,-1.541123405026834,-4.986950451975329,7.371438426304909,-9.445946955292502,-9.329088954929016,-4.751829132094962,-1.473977226728962,8.862966035972295,6.224460092695477,-1.542033016106751,8.370118426582305,6.529940902490143,2.020864583420813,-0.496061410839557,-9.921612968041817,0.464344580177116,-9.469267381117978,0.121706774786647,1.891909772403670,9.052117118852642,-1.257144502807954,8.083321018364892,4.737096312851119,-6.186008216226597,-9.437153280161514,-4.569446757337032,1.879943686250218,-0.841289575525925,2.434395162744394,6.647502333483772,6.917574661022861,3.621425385322542,0.028165233981978,-0.624420833261244,-5.179264720840280,3.512448423005821,8.711707313188921,-1.166749785228397,-6.463389919362541,0.521089553046121,-3.486982601202476,-4.950483608320731,-9.745946075986136,-8.727323878030617,-4.599732777353022,0.026709183587680,-1.973597963042359,-0.152138135041621,-4.764863467436387,-1.026870987851066,-3.744807144198001,-8.395990143044349,4.729095148413133,-4.197362763854335,-2.304768338996701,2.932608727618479,-0.965199701300232,6.427376625053039,-8.369614983602062,-0.003045991422502,3.107162592550615,4.893613122861261,2.330257620780444
8.824998913872019,-6.119298057640423,9.243135208925331,-6.183940134176806,-3.027265187882538,7.007904151366219,-5.878015386514930,-8.896265443628550,0.212793133664370,-9.950627563474498,3.053108869776475,4.134863841506641,7.810888000496949,6.853093497388841,6.036892844119702,9.766112286944121,-1.159311598513559,-0.720164222918582,-1.034173733102879,0.507398700973107,9.584784608104052,-0.883978477029908,-2.727048843647212,2.253378899322767,3.647230414002195,-5.323734565530589,7.570378611610685,-6.040427472381329,7.722842304940698,5.877065146390974,0.530389389716493,4.229725150618499,-2.926013112690910,6.739405172387215,8.132612276234550,-5.384758357851345,9.857722176584826,-0.071274451817487,-8.987981583987629,3.946045472854054,4.305442699382487,9.031678345961932,2.954952369139388,-3.561818368623484,2.039263079654475,-3.657394865916683,1.067199832238352,9.758481539827802,4.507181768065625,-7.880556453779166,6.039182686547598,3.990259415607994,8.236000382510429,-3.365348187929220,6.126876663605842,-1.979852478601874,1.863992235453832,3.119410692694712,-3.605985036353927,8.079884137148234,0.189754448084045,-4.112133478566293,-7.606499646428926,-7.373893690003577,-4.883508722991127,-1.867374950936968,1.127065947346594,8.046973751539980,4.569268355954661,-4.229781428106916,7.067068529981512,-7.484204400238048,7.488215600360043,-6.745198669843249,8.477276974299780,8.452611145406628,0.215938588113808,5.720290191580879,7.299554985831939,-7.702519826227223,-5.687949067716169,-0.958160022110237,-9.265767032236923,-4.816044298723239,2.268977087852321,-6.439179620604407,3.643020516354586,5.482834369839136,8.482229201729062,-2.538737668027052,1.312472530710842,-2.342469959151988,-9.617958908811335,9.578087836718861,4.265121805256154,-1.706707620257093,4.586002378452017,5.680145421472552,-0.693580143926367,-5.415261682604000,9.109965913485915,-6.071047091558446,-4.959800120874032,-1.390696869049052,3.046023236841028,4.058231576008664,-9.227018235671915,-0.644914866890495,7.421063629461074,5.727282779361179,-6.545978490585959,-9.193262040783331,-3.557435042130905,-3.257596064555138,8.105059963320684,-3.088086601129005,5.672978470397139,6.758002934465956,-2.069940926577443,-9.133322065876243,-1.480692963521541,6.944444148370462,5.218940071114728,-6.904343271747642,4.980147279063781,-6.403442007068625,4.277773305250035,-2.782129528413291,7.031317179064121,-7.018346397309523,-8.914126880285814,-5.176100190982766,1.860793189139988,6.778848755176647,0.125951261845065,5.452489909279857,-7.199817887267832,-7.540165074848611,1.253275010680724,-9.858675576915640,-4.876058715996441,5.328328070968908,0.253423417761496,-3.266950847951568,-5.516296808058485,-9.306064412745352,0.199429483923534,-7.945657011215809,-6.080299881806928,-1.684901078755125
1.104200342028268,3.352198648969489,5.094676049875899,-1.595972936459715,-8.525704787598423,-8.084703896698768,1.298661587425256,-3.086323576108265,1.633475160537103,4.740885174237977,3.402918576775001,-2.394974821432532,0.510866167986210,4.820276728069274,-6.821761570414790,2.643697700113069,4.247557355422300,-2.409396706480718,9.792319542770635,-8.894182966779185,-4.853394742352702,-4.065574480476180,5.798931731953544,7.540166426072620,9.762544815861606,-2.639142526626443,-4.278978453179829,-6.756136360143621,-1.127740978360317,-6.913993623359445,-5.509555719430946,-1.076983345726347,3.733378956907174,0.411577086521520,-1.285174506311666,-7.040348752351900,0.344353989020384,3.759472648050373,6.560681772900207,-5.786160479617013,9.240610020332554,-1.012495547169834,4.566192871354762,-7.544569530859830,3.996802191356002,-7.171121419301841,0.405114919122571,-5.886553931515923,3.667490090911159,-1.446058784854372,-1.206604563123062,7.471724981427588,5.437985538163810,-1.953226641425221,4.561667388667630,-9.868604258770260,9.029883612349181,-7.066763578806336,6.686616076021771,-6.834672659750902,9.913065625133108,3.551956896270340,7.532669909083562,-9.075198442760746,3.248491299728904,-1.877702927349148,-2.526053004829909,-5.396571202211168,3.083598939973026,3.945536828359160,1.331063362323320,-2.675768256862277,-5.955147537952998,7.103956988039329,-3.856901994800612,-7.445648945068671,0.683292220728015,8.657385839981675,-5.725705211752232,0.164645604900100,8.485357660681807,-0.732931150419180,2.175337766246523,9.414443211252195,2.809563678221295,0.336328139220015,-3.626315543456336,1.309604659063259,9.538418050493970,4.123814200749047,-1.800647232204778,0.988551090105839,7.713210770299892,-4.313898345974934,7.846760780006207,4.943115149880468,-1.777332454333976,5.101314785865256,7.077744483130544,2.162056384947231,-7.478403054154024,-6.810883987914497,0.408172158032565,7.664682581084246,-1.144296757069906,7.813461635627682,3.698970928179826,0.105478746790396,6.853292936587522,7.020311280398957,-2.990659355289105,7.358342498306499,3.465237038675184,-9.706036855774453,-3.655004199979251,4.561335568233433,7.298141292709712,-7.143978356941220,-8.235575751378397,-8.226492658003377,8.912053905719837,4.538218120120842,6.274863428332317,2.244522011897951,-4.174597144757211,0.321103292687713,-2.682159549319920,-0.540875048201404,-2.609335678815359,-1.574258017295296,2.780048739964940,-6.781644851362567,5.674424478103719,3.249389558189723,3.822320778963167,-4.613861801062152,4.348960136854467,3.018434259937592,-8.133762761503654,-3.827430909579221,-0.128278288320956,-5.630353867250961,8.686748880417007,-2.245867909655932,-0.305142493718689,4.624343898289123,2.589334731869650,-9.609427902700844,1.228288947145369,-4.729085267911057
-4.949031348964395,-1.536118311380172,-1.613573861236350,-5.682278198377999,-7.502788129062237,1.169083351835415,8.697689651098642,4.734561371128814,4.364628903705787,-0.392136478505593,-3.440091178093732,-9.681662120132087,2.320819847152309,5.738503561457737,9.328819969671244,1.077348055252404,6.320497521116526,0.958981396162077,4.963668324670021,-3.298259464985440,4.863823959514306,9.830832603049473,-7.352679815400728,-6.882694408147747,-0.594255857731770,8.092900219635975,-6.238775131658771,6.431913523553032,-1.721631292959099,-8.158438770467280,1.429231778328477,-1.946123861750275,4.853241149691957,-3.810803656617809,3.133709809543138,-5.102246071399397,-4.155293628480417,5.594132419166080,3.588472904394465,-0.755103375510975,6.341495942489559,6.867291206480743,6.114933542556408,9.943048392540646,7.123389727788524,7.501539063561452,-9.089489192986608,8.016501104483066,4.606067038227632,-4.314159133786692,1.242486529555137,-0.715880138240932,-0.226223382876011,-8.528039343667565,-3.578255528917317,0.900361291502129,-9.887403756717035,-1.107325621084367,2.226050709152823,3.531569505821022,0.607418681070191,7.084470641404604,-2.400525762704994,-7.671180541071938,8.115993641302623,-0.824407581135475,1.153006558978312,-5.961177131008347,-2.852731637032795,5.365848983468437,-0.403214823824969,0.272935213876067,4.790165928388056,5.235481647937553,8.529128172242743,2.115385273961008,-0.387700687188868,-4.403675342201570,8.487877232944651,5.972876469752613,4.407061205544666,8.453661836917689,-2.125911150242830,4.969314839022482,-1.240084466008700,8.754845223552724,1.600781084417919,-8.241917932126601,-6.701886161206021,3.222844823909670,0.187081026851597,-9.041502070956168,0.289888911679766,-8.068417707705519,0.303103291882474,-7.791454223843159,-9.111593966478589,8.294580931451151,-1.490154414699251,-1.281582108760361,-4.787078934673669,-2.609880364138403,-5.609313224216423,4.853990106464266,4.245439864631884,-3.287483170873524,1.436099681268196,-6.446119312398187,3.001211291104514,-9.237738531313724,1.067101474311688,7.641139094681492,2.320577175284198,9.809324936096122,-0.327748179723313,0.809334675594499,-7.242071504973926,0.361729413250334,-3.020742613130762,-6.189529122682062,6.704698601188433,1.665239260232438,4.507920210445832,-0.135735705727889,-5.059644094438318,-0.664164409914918,1.299581560527397,-3.847987486685714,-5.165250892739499,9.151691477399392,1.566865707015490,-4.658573505961414,1.790929033727034,2.595183862690355,2.688238654702410,7.422297913068288,0.630410188559571,8.777192165106289,5.555272953886663,7.529622826654116,-0.705978190393143,-8.723223299440019,-4.104937634700081,-7.548690001487608,-4.619635107523299,-4.822199806624208,-9.466867259591549,5.509713287887250,6.309268472977575,8.726722446211205
-2.260442325287359,8.088414644881244,-8.213404092836779,7.930134279191520,-2.089999867485808,4.547776096603215,8.737751623136578,1.292286267918932,-2.587992595128775,2.997686234944601,-9.594199729115008,-5.861620647550641,-3.564789808663587,-9.443375859161785,1.532212858559083,-6.823612511660064,-4.173557083688026,-9.120518904084310,3.767140355087875,7.956372649689015,-0.544900329656326,-9.970566044538563,0.213852527251394,-2.388687181538143,6.131569518748236,-1.983503859866513,-3.539573244689183,5.960644475522109,0.270760757398369,4.981199523211499,-5.112860166675308,5.949836049309535,6.355496483497621,3.861474821185366,2.892753764580547,1.595557467023212,1.886670685376053,-1.917280332395077,-0.563736063655631,-0.249693950657967,-2.975917801870636,1.130664784699093,-0.601173440032579,2.284177897236962,-8.245488133369339,3.500263280389317,6.842380997463998,-1.972778928612350,-7.964112774718921,-9.516044128058263,8.475538067888198,-7.811762636821083,0.095122463570947,-8.087755674529912,4.265822632793977,5.476060126683574,4.832451371158818,-7.061094460995704,8.519847200313794,4.234638762828961,-2.619125279783308,-7.431553451365033,-0.270914210467183,4.240431312799227,-4.843318194974449,-0.315649849069903,-5.115277275250206,-0.589922817367921,5.170502849846166,2.367683365079458,9.849932820844256,-8.256714734754656,-5.057833840969743,6.038297349534908,-0.398125087796856,-5.375015792489453,-0.073325136971739,-2.165570362700391,-6.211103368521382,-4.393730257460864,-9.760785615358106,2.236086672349401,-3.351816203301716,-5.281320495890989,-5.333111920845097,-6.510594074525081,-4.248535326283971,2.481164180357560,-3.345726081990719,4.768380808459224,1.174671044751236,-2.588762827215367,-2.023369039195009,-4.318350355366651,-3.187795682474799,6.456387296486021,-5.546992766894212,-4.244704484312480,-0.207185429319356,2.921355472019860,3.927899634832530,3.590730686862269,2.930152291058343,-1.405237619776532,2.676400697500352,-0.044945759813121,-0.053588474018323,-5.759185719449507,-1.602691373456224,-4.251026129148469,8.421899943654473,-7.126048848102496,9.481109669950062,-0.872999008919894,-2.081715096425858,4.799005551061651,-5.578720029126272,1.392299280737205,-1.635633487963670,-2.845124087183812,3.544824685616902,7.856826101676184,6.495208531537248,9.056780872621374,-5.883428277329312,-2.419907403332986,7.869858470099182,-7.034487681707100,-7.032273960514807,-9.389160793786239,-4.065804944565381,-6.739702608473175,-1.358172636138688,-7.680499647361179,8.293744172925919,9.429160701005863,-5.284161382525929,-0.593019827996873,4.040875289860447,-7.027115957944394,-6.343631002482423,-0.627676426794730,3.128269422088252,4.721763861541188,-1.797914665741501,-2.876426837590045,9.893927208937065,-2.471517018469836,4.384231182050002,1.913170739638621
4.222030747972214,1.887956059464299,-0.589904090866542,0.705699161879396,1.101481828090758,-4.465168338183442,3.843876417479770,-6.111791935693327,7.323952087363494,1.326655741890070,5.730192791057664,-4.812498915963630,-3.245531434409314,5.841750297852402,-2.190931917414803,2.958862943535811,6.141054170036359,1.487658306156312,-0.192610602683631,1.821194001307573,-3.476983667280919,-2.100033595432114,-0.292558707298998,0.074003130529494,4.928713524657880,-3.278387160857150,8.974586533188930,-2.586845955967259,-6.644333711455303,-9.835960298755959,-1.522278329763971,-1.382801234397855,-7.314095817089847,-3.825867877587974,-4.808778641129361,-5.447970887472751,5.536552391059013,5.357612069932035,6.502995137398592,-3.526924673243110,9.597295840651785,1.787529335175224,7.617766180961429,7.435618642733644,8.203749804074970,0.129556717231043,-2.707211064398818,-5.356206667140933,-4.202481444735193,9.216375238505265,-5.070305239859685,1.484356631289812,2.260121674721942,-8.918256149991448,2.237700269976283,0.696150612441260,6.014379989510704,9.614153637429744,6.139662813859534,-6.462461016690635,5.965775417739296,9.440690792176976,9.790406697898419,4.108253394714287,9.667449515981950,3.579326795688022,-2.069770712493217,2.984641424528006,-6.871123648975543,-3.162488849411171,0.451808502121704,-5.295289817416879,8.040703600929028,-8.903670158722708,2.566340194176778,4.070922590193994,-8.076383138897626,0.532494463684801,8.083652684137931,7.424808004266456,-6.025476459167218,-3.469591768321171,-1.863372459865655,-9.394345178130553,-2.167082783263083,0.758142346446334,0.121095295043190,-8.439459014447426,-5.219387021885686,6.096131879292173,1.308594585006409,3.337396694552314,3.430069081959161,8.909982915780507,3.730369737966413,5.684932604350625,-5.907204218507180,8.485883083332599,3.083382375424788,-2.704300244296767,-2.076067553573155,-8.520875612744188,4.477236385656875,8.681576157520922,9.654175436227270,-8.264252197904460,-6.870215568637672,7.041071106618396,8.504784191933027,-9.391229947285307,-3.670738828511082,-9.088077607043070,8.310413170125091,-3.460388453971747,3.403794649467587,1.242513881315128,-1.899770725469613,-2.835322507752702,-0.057640801381655,8.661778939903055,0.481943629161703,9.488681669268448,9.200558151355086,3.590609383834277,-5.566709196308485,5.791080733360181,-7.843418645351850,-5.774135689165218,-3.227565121871569,1.194395451056085,-2.643374732528347,1.804026634227309,-1.792798937023042,-3.836057879453351,7.002996331888141,-9.659848483736138,-4.436024702223341,-3.184417809980637,-5.178626350179602,-3.981223937065204,5.479047468991824,7.995084041262473,4.831755523905111,-8.068605531375344,-2.143997578921115,5.499004390498792,-8.059163721386376,-8.757838827217466,-4.421717485834023,-3.543406175799754
0.426239461048079,-0.045479662964286,-5.791816303114745,1.192737626724302,-5.200373529759981,-3.470008641755820,7.764467991844977,-4.419514121524717,6.271141905680494,3.367625913108217,-3.035838446188659,-5.030112796950091,0.635034755374335,-0.001985605136367,-1.191549739277013,3.979054501844157,1.784500157362224,-2.826912397923477,-4.901121836359811,-3.062202541495624,-2.746043316963216,2.647806884515106,-8.320381770280276,0.186976405258985,-1.826942690202223,4.163662477467438,8.458387181858654,-1.200410509002253,-8.189184098055854,-4.045671080153380,7.691575777919169,-0.420037017305548,3.219374497641319,-1.352589673022933,7.808954340405933,-7.569624039445609,4.166963496722929,1.020936277239473,-6.996573273824014,-4.332321802435275,5.082190148580622,-3.877653820782063,2.622389130903089,-4.606199913203270,-1.037062866895679,-8.432623265259881,9.512116574628099,6.453791720815616,9.994862722992853,0.141232590509668,-9.333960451895324,-3.878686918117995,2.798692862678813,1.998671825567442,6.602303842772027,3.378501041993582,3.193548908070493,-0.485365893009664,-4.445091595761868,-6.962561835951560,5.665630553397012,-0.328658366348527,-9.573622269380767,9.427499917820093,-0.303156899645373,-9.213717261605597,-7.580501196132094,3.221354441776299,-3.940164048515573,6.831106783625746,8.184039690095354,6.512172504845090,-0.945144780531432,7.638685138849247,3.724485407804101,9.715768622925204,7.461146046334115,1.201669850392594,1.104164041415805,5.822187553312975,-5.129474435972154,-6.759560484278754,-4.017944133410420,-3.338103071683561,-6.404986974090661,1.688049906518625,1.984471624629139,-7.142120351332193,3.766191339740368,-6.795585563440358,-9.693106707065965,-6.960827008704770,-4.665568453141757,3.248051231280844,9.568885156490843,5.078473488710493,4.850748865282892,-7.983808725743615,8.229587865693404,-7.287791615448027,-4.115610755884836,2.218622510068331,-0.002110910571883,-1.969021982539346,2.079546143225494,-5.521293332891739,6.881000252896950,7.085097912968919,-1.518911094344251,-9.928906399565509,-1.066373502500941,9.618575423703493,8.780777624708449,-3.426452300482188,8.756117714513650,-5.070864751241098,5.418041623924365,0.230632133139581,-7.564427841524257,9.524979404476991,-2.327624472832913,4.933729092624473,0.916886032952771,0.104149358909840,-1.115242576395040,-7.368818990858996,6.252850774108925,-8.442372521486599,-1.051000781912258,3.502837473862932,-1.128535623207709,5.444954542750253,-9.397939976059707,8.011823079305785,1.095963517574177,3.954808054280146,-1.963011241518814,7.513560456163923,7.869718058073353,-5.877260776330322,-4.869711998287949,-0.119004922438650,2.372944551613795,-4.591650704104550,-5.510476679251703,-5.331880340243402,-0.030433561168026,4.480292492488180,-1.880208703687906,-9.900773147784577
6.436299276253855,-7.461496042492946,6.331285918388151,-0.170982638548553,-0.254773196137364,3.636453377908992,9.194316088744678,-4.403604797673983,8.468149631989370,5.578469239634821,3.933268420763191,-6.653459288653423,6.932156628243071,0.288445841616101,-8.988999821192609,7.022483886659153,0.972331371322761,4.542624489608736,4.770470125739628,3.067322504242521,3.425384691785819,0.588793584405611,-1.812376305523527,-5.973177486117198,-5.065554037628752,-1.643602370968203,-3.068889016465459,-2.950265999571211,-2.194318223408745,0.650861071095489,0.448916851144276,-8.369219470673654,-7.622006601931963,-5.047121279415729,-9.454537359823480,-8.799084040193266,-6.022586811669688,1.974692537166041,5.920659441497074,5.361819611154155,6.152883958945633,9.156559558271077,-2.984907230268414,4.454836183103200,-9.639262632385945,8.378008350133403,-5.249365693545114,7.494834081370406,8.451282299632410,3.216816671629697,-2.649200804695251,2.345991254263682,-0.595671003952896,6.025177424905280,3.977588359189346,-4.961264674156663,6.454984435395950,2.027661974647998,9.548048730773836,1.676118522950125,2.860827231727839,0.345105432844884,-8.299105080100770,-2.750281745903789,-1.973348736232134,4.558185499681784,9.977620205011622,-6.866929524732792,3.754662892638287,-3.832570417057555,7.318801130939722,-6.776422094552559,-3.068600261448009,-1.218645080737506,8.651493860006148,9.602116765582430,5.032127416825753,0.979256532824948,5.161517696519319,-2.800663003043454,9.977095583790721,0.707656089830984,-2.430728025463125,5.371578667579232,7.099542001712528,-2.573917133616606,-1.399486669751301,-6.004192174237454,-9.973937288426368,-5.902449701540267,-0.763575771439516,6.286612825854359,-0.701216215488106,-2.805056340930054,6.226025866453334,8.340289600120553,3.597815533992756,-4.806709863680063,7.631570953483841,-9.762656352912044,-0.924575245932539,4.710713833722908,8.729032080703732,5.157674674579196,-6.363958081554262,-6.562492060464626,-9.834156949484253,2.748206447674409,-4.311550492457970,2.351148695257113,9.315045096751426,-5.167978607262147,-3.587661779323015,8.123635117830105,4.774732231881005,6.870719178355170,-3.885547763333030,2.457530124514943,0.148232740772398,-8.500219309966170,8.595335946424747,-2.667208060520212,-2.907637488795189,8.496988670298144,-2.218136630103176,2.323069820461257,2.026112960294604,-7.972567809048254,-6.837036443375622,9.208445223026903,2.198385168802490,-0.123809617446005,-0.915860363620403,9.691237449139138,7.330451497351209,1.812717276740848,7.239215274833203,-3.792108029991117,3.855203562822997,4.249053496490339,8.301171813407848,-5.101036698967549,4.000963010593487,4.723497312705831,-9.946627081095809,-9.437959286254303,-4.123742544545605,-2.143803187891040,-5.430587459201009,2.754689553271914
6.739757416759705,-2.421655681271398,-7.034511108163077,8.902790295415738,-2.053778056964850,2.828648418914037,-1.645303894740096,-7.691997578976659,8.699869681137685,-8.066574221467590,-5.605114275726066,0.474609809137966,-9.082480983838192,7.157004796972267,2.011914811681363,0.611253429841682,6.875321277997561,-1.810028331335651,7.437751170954108,-5.965528521254109,0.869115329955118,3.679690693012542,-3.823718933105001,-2.484320064219158,-8.813327384162445,-2.832320707243595,-5.729121705075939,5.882112841757108,5.642152738322535,5.175251837194054,6.933515567084715,-4.853118082067778,2.792682729217301,7.706616980901497,-1.782697127285216,-3.450855663050875,-3.750500988005436,-3.165956000456309,-8.963132223943628,5.857343688563770,4.841001906709280,-7.156921715297866,1.927005536940086,0.332881484085279,7.015220800006659,9.739905804535521,-0.325871730505675,-2.789086913775969,-6.781642340002678,4.692994900080212,4.282363999214855,-7.413992528371496,-2.171453323425676,-0.745949201431440,8.769225451150920,6.368644834331572,-0.821629296420625,7.606297279891905,-3.342239952171891,-0.104262064402826,4.904401704778717,2.931634503350155,4.017149416316453,-8.931275928186759,0.030471023632652,4.704785492809958,-7.573088638926572,7.990739412182382,-1.666190966454044,5.917197366847912,1.827625850279105,6.332853231198413,6.873672403107985,-1.938127729817010,7.333308980145709,-5.237113172033039,-7.920084972863939,-0.419285276739309,-2.159264409938779,-7.537524678984397,7.126623784261184,5.153104935634488,7.666974281721512,5.033357517084472,4.786728453448944,-0.432396352666132,2.229247368079179,-8.740556224037704,1.708903815959555,-0.321368202558796,-8.325454562988543,7.825092473225904,9.493498762747585,9.630114184017010,6.394003086664110,-1.428366414653366,0.344417239164086,7.375338838104565,-9.658537465623578,4.677095420043454,7.651450521170485,6.660716251642235,-8.930501060407149,-3.059402231833483,6.218462853652472,9.734415904323043,6.202922950139744,-7.618507289325882,-7.291729460185885,-7.961605332560664,-5.734527320371619,3.815028727452303,-3.545541088591007,2.991945506561018,-1.420967336037899,9.300426245936805,-2.628627420337601,-3.675093835001856,9.818785959406245,-8.573008960034720,5.947782978402982,4.851427538723881,-5.620946143609169,6.291871619108189,-1.585034862940342,3.501902466692641,-7.883109698430381,4.107253156322168,-1.437810824993244,-5.522205948143144,-2.260446126064211,9.895587949441886,5.693775143953339,8.811891299235100,1.096033906835549,-1.666319713547342,4.300704903044840,7.048542194597072,1.259183442119422,-4.523821359274516,6.479493905966930,9.712326159887784,2.352686607928810,5.389806661492628,3.003172639989028,-8.667604764653898,-4.473740494228638,-5.004705422101104,6.892538128180888,5.821459849205386
-9.003318154503848,1.871204136801259,2.227194448173556,-4.696837246810935,4.358298512331544,-7.245628787932601,3.626433797922722,-5.900440045553824,6.292578616333198,-2.404763896580944,0.795336388201090,-3.353656903975908,3.071076406425043,-1.450836156028393,-4.903038555058061,4.270540039170275,-1.505035285735850,7.598156017473194,-7.583486185847823,-5.223915894556748,-2.869581339152550,-2.480602050177685,-4.895087696706540,-6.615123022130271,2.655774292049028,-6.885295059841323,-1.197062996745634,-0.868267426656903,6.317028540195690,4.668576840225192,1.746374690941721,7.877633394699256,1.954315550119723,-6.365808032851435,-7.804041090009653,5.533692937331011,-8.279559098089440,-7.283012246876277,1.343080786494093,0.714728706680601,-2.354484094017460,-9.887306108925449,-1.415438254232363,2.385583723992182,7.507833453923244,2.073419543243036,8.981354669856660,-4.337809830733342,-8.231414402497393,8.949064630641203,2.858558844066154,9.800875949830782,-1.969031730337505,-8.483229838151626,5.574793357242132,-4.809073203513778,-1.125858219615791,-0.054498640682517,-8.077151065119772,-1.292131020266286,-6.844362435950808,-7.039772012302716,3.311016774799665,7.165134065316472,3.298938064408469,2.696006582623593,-6.060127807277693,8.354500039657829,5.000892411192000,-8.498243770201434,-0.399893617400879,-1.543988923961512,-0.680473756227149,3.519316749162027,-6.309104521593685,9.102726301659800,6.459578833382832,-9.956227452587953,1.357610635902740,-6.267419551754355,0.463444994933973,-4.522100484899356,3.697967809483334,9.520615809586634,4.299055604369107,3.785060833490213,-0.873396335529584,2.774844946003476,-4.565901905570479,0.262012946978945,2.507356476663453,-7.420071786631386,-0.096705602308129,-1.395119700762326,-5.612053947604483,-9.814808415210640,-5.984433231332109,-7.713587503873638,-6.107163234047990,9.323287294850097,0.155483566332604,-2.958350554883449,-2.069794476153768,4.554607571137630,2.452669904329507,3.685748697399717,4.243206248087517,4.376758378359963,-1.070224793350294,-0.561662641913536,-1.495335636175488,-9.440769787648955,1.440657326847926,-2.448092972856195,7.332164234108500,7.775119593082447,6.243670407440991,-0.386514015893560,-2.602241994583672,6.238855011263041,-4.877217947797330,7.037156955221189,8.904439368763089,-7.516256901859113,9.313945555131689,-6.688926114454059,3.862456863240505,0.956664905601151,-2.229857718787702,5.787829755662422,4.649914075362780,-0.002181922041594,8.678877952399283,-2.868420999103329,-9.836005977192247,4.891889093644270,-7.732349180472291,-4.706666376654017,-0.297215331276767,-5.054722387695321,6.224912298704080,-4.993820732834364,3.051865282013658,-0.128089206201196,0.705171832477410,-1.891959347524377,3.627404109146921,4.061834440205750,2.319910472778076,9.485115725199119
-5.981693719752634,5.798233902479723,-7.008445614209795,5.597721232119000,6.115951277824834,-4.076503485278950,-4.378948340944748,-6.719677013730210,-3.145007210769830,-9.947355796059178,6.909801230266680,8.416686839161393,-4.034469226880080,-4.545258850660456,-1.005564706034296,5.072049694578268,6.269223704241135,9.818643186145536,-1.109043934212037,7.162085060662186,-4.749983312348284,-3.275360897236476,-5.343810650312843,6.867112288836761,-1.722698894539516,4.819726878875059,5.118698562563450,7.501469111543134,8.097994412592353,-7.802047732482293,1.289242899910338,-2.797205163566028,-9.032107791033406,7.723682155932778,4.502876274097865,3.132064942422071,-3.035826026203465,-6.240082240030214,3.317160563836513,0.349125033592170,-3.279627384197539,5.104200403862372,-3.988224254143486,6.567004417719026,8.600101070511393,-1.211951439990987,-9.310571863892907,-0.787013044417591,4.844254981110369,-1.641668680017869,8.732124168995842,4.842491549657611,-7.757974675028807,4.846305970337419,4.163549291716365,4.068647514466100,-0.163506356028272,-8.378617788719644,-9.418778017360319,-2.951895795448332,5.915000081018519,1.858524683490607,-1.425632833010809,3.047801930005200,1.622882356350420,7.522143106989716,5.684736868582000,-1.446118659448610,8.802718761192732,-5.125226731357309,1.016906822459093,-3.687380408218126,-9.751638913395428,1.288911369742991,-0.521819240237768,1.215377403959153,5.912864627173114,4.933322463685396,-7.273177951807241,-1.436599611777975,-0.989882031422001,-6.390486685398225,6.531523032180043,-5.495640859929479,-8.698825266660609,-6.849598284809582,6.621826213920500,6.292896435770164,9.904029551695416,-8.710488949409145,3.211568577686791,0.667458635421152,-4.033634363238234,3.666972485320468,-8.485081125370355,3.266971331979356,-9.656339030104910,1.651551757653291,-9.958890242479336,0.504543451445718,-8.698197778457997,0.280968652524113,2.402618792488562,-4.130019434395031,-8.921790223601718,-5.457511635920326,-4.474200013197884,2.021041533629710,-6.133998365666836,-8.954940372923360,9.676689290463681,0.951021980460364,-8.851503583987348,5.451661322495895,9.179637028331129,-6.196209851269183,-5.550482578401446,-3.718329715144701,-6.116228643089416,5.305605657859429,3.915828089836946,5.953172427877869,2.332954595302688,3.043736474306213,8.514420796115296,-2.548716358472031,-8.964226729426590,7.444455092327601,-7.769213540357609,9.307013975434302,3.141887486291546,1.910209646623835,-3.953464126873330,-8.849212068561307,-8.976137913313151,-2.197347067765552,4.644946364754546,0.894578082611586,-9.570340713217886,0.515201568153209,5.168229537177275,-5.324634680482832,3.042450116044870,-7.935226872500420,-3.372862395466489,2.961342843117503,8.314623944050211,8.276488310079085,0.977244676564990,-6.836326548969199
9.364419852213757,-9.389462979626062,-2.558066143633708,-3.082018460282374,9.569710094360989,2.708024916883570,-7.036903105365084,-3.908042537247378,-2.561904798926681,9.343482831553342,-9.166154684262267,1.105871092667730,-8.890121668821800,1.175108958134626,0.328481177357876,0.431332077689957,4.574379647534172,-3.437284409780070,-3.460340273258378,-4.123726299612905,1.063237769138418,2.695693010148641,-3.537959466816815,3.946160190842248,3.309139207100372,-6.995232718522679,0.420344916982110,-1.671030094678208,1.033115284233494,4.494689714279845,9.146454369522996,-8.404685467238712,-3.662963654480151,2.541751846634417,-3.987730827754579,-1.063136276210985,-9.602555483536294,-9.065562337677855,6.809158504449925,2.974912527085863,-5.113750192129121,9.284267482571909,-9.354734561210172,-5.361968471023541,-0.793852979371687,-8.905207980084439,4.434031656971534,4.460195306897965,3.127901708330254,-3.402385119520681,1.317279577955359,5.847729806922731,9.126051830647956,-9.672365569627599,8.747934527006560,-5.212127581175984,-1.888027750506057,-8.165925033457542,2.350668096581146,-8.127104706880280,-7.635832401190732,9.642534272634130,-2.099240862228959,3.360500662202234,-5.386085180391609,0.710870603486011,-8.862273720784479,4.292760668277014,6.930414002192592,4.451902871535761,-9.878833652706733,-1.476737175329340,-8.525616567491090,0.761977497038037,5.755715085591746,-6.967365953742462,-5.997865934131774,1.765945801173661,-9.501448884466440,-0.708207454926370,-5.129500013304904,-5.599257538972020,-6.397759734478592,6.149440582846310,-8.620595986962726,2.434623863634888,6.319741338129500,-1.305440791955395,8.212998813109213,-5.686284329828373,-4.231179177898506,-5.600909476226070,-2.659235607971935,5.714406844293547,-9.144049980156982,-9.517965789848663,-7.569893364282554,-4.790341267521616,0.740322348518678,4.813793935099618,4.715271830455192,7.126968568059393,3.997937379226389,7.929251249579764,-7.600315043496277,-3.625684382989556,-1.937707311693245,-9.200637635350768,-0.405232748127585,-2.290468580733340,-6.177433404043486,9.914119001237740,6.116811189115747,-5.806040574805056,0.884697163474383,5.458882657976760,7.142569773086905,2.066698555817936,-8.839088323653559,4.532350303043204,4.618770586847571,-2.075122235016414,5.940148593303062,7.133397537470501,3.970711377354652,0.297829371921130,-6.080783117544111,-6.506430075003937,-3.344240781855097,-1.900047059496909,-9.336692736840593,2.531036844756372,-0.698052815625068,3.406136545974670,-6.126748141920640,0.622560932998086,-9.629363516694980,-7.850707155068111,-0.294406133707463,-4.610658635190108,-7.952954005161987,8.406738548014868,9.665400976133473,8.891038411790174,-1.409376373153808,9.931311510254645,-5.827675359834124,-0.322818893729808,5.894200252547980,-1.396632561600548
0.544308205521027,0.474291880458368,7.841975980956249,7.024834341125743,8.011879977857234,7.121462555881322,5.703261515071274,8.604262593037152,8.710680950827232,-3.012745029772566,-6.841159441764089,1.862781468039232,3.596213026942740,-6.424922742963995,2.939134528342599,5.956601244383187,3.052585277757371,9.250739213070545,-0.356616884882433,1.370214093036326,-1.122282259105862,1.597557551190798,-2.404048122726929,-5.790034656873000,-0.136631164414791,-5.526311516098012,3.171767796256821,-6.127025164372657,-8.183375597032709,-8.230762438587945,6.706098347825240,-8.154027437335582,2.412872113788936,8.387333121074136,-2.037009874911277,-9.087525511939649,-5.694998125132809,8.897764077873902,-3.156560242564803,2.172852357589276,5.850499271358583,-9.980576692870267,9.800484062507490,-8.502622969729146,9.195483030879426,-0.397942908349565,-1.049169032979290,-0.396627276413062,0.787383077378996,-3.585223095401251,1.925903011572675,6.199886951506361,7.267647396099324,2.799026092115405,-0.604614603236936,3.423146870875156,2.093721763376566,1.879680032201062,2.459963529183778,7.565899600484521,7.049460260940076,-2.570776218720674,0.513109502259626,-9.512991539794077,-9.254718614879593,-9.777945820749501,-2.867820146847009,8.793296008275895,-9.622093495223542,7.214516269900685,5.416113304641446,5.721609137509709,-1.852461704114152,6.208360508409800,6.076374044462916,-0.335651683055641,3.565865614775261,-5.972260245928592,-4.906573317212882,-5.619022658488086,2.282622410816161,2.608905311532252,0.564322009656674,2.463276330063056,-8.656235258051769,0.243410981096970,-4.058398984352847,-2.837169504008350,-5.580692398935454,-6.615694802250514,0.576501088492389,-9.999779776344898,-7.844157232110012,-7.022457884496940,-5.131700764163978,-4.215890183826154,4.642938988984648,-5.826626996512969,9.000989890014321,2.434583438527397,6.305118496185628,0.435961267335852,-6.863060793730440,2.026845184747238,-6.456769558027857,2.729507384823011,2.052434603674033,3.752857799553286,-1.589184978208065,7.781188673132846,5.945506173075753,3.531058241915130,-2.161045513017756,3.766370843994366,-0.694821385728774,9.941972440592053,3.086344498992011,-1.510709824170531,-1.281526693785244,4.865312633647175,2.068919524688294,2.710311860955079,-5.227279451131192,0.550991160488723,2.235949645571857,-0.909779361245199,5.497055116519450,8.817991933707539,-5.073764122024382,-1.133899642217935,8.577993860997424,3.006120095415209,-4.856373508057104,4.765134547237579,5.393455331271870,4.006286121517217,8.219978347505929,-4.508503251076172,-2.903700036962292,4.928865561453168,-2.772275679724028,1.742663592624584,-6.206845749096599,7.580368845190819,-2.787417950538192,-9.983749946562963,-4.781782804900190,-4.681225327475989,0.038362346454972,-8.617966608560330
1.329636065535677,1.050455697987312,-5.876948729356615,-5.796412096489323,-7.018313339360889,-7.060100343090722,5.575040936469746,-9.468021314625904,-9.227002015783484,5.307847395486977,9.918384095213263,-5.865690854980090,1.562350383836000,-4.743360158598149,9.358884883230118,-6.985779679515993,1.384692749746907,9.945395831605218,-6.862551900369831,-7.991817066400015,2.767444787113902,-7.874665262883827,-4.439548816853424,-8.417662988341885,-9.358300754471710,1.604888270142201,8.909176032883316,-1.501259085315676,-7.005699569853614,-1.924097486264911,-3.132664099736577,4.346643014206752,-6.791062702816655,-0.028584571605546,-8.716298435590843,0.094549221629702,-1.374134394289179,-8.022184533348970,-9.829912933026808,-9.633873968882021,-7.837527719805957,7.124625533958209,9.433053461288821,3.342264389633680,1.136200695227645,6.418615100828486,-8.387829719349625,5.467378106694316,5.698329386170020,1.533563219557482,-0.129720385990597,-3.603748148039041,-8.942036884014348,2.580997127620080,4.690939510717527,-3.776175978471512,9.971969336814944,-0.876857862754568,4.420630850589866,2.473407732350410,9.844186933007322,1.363585988902019,-9.495116678210813,-5.906625030555763,-8.430398655026927,-2.421879414882566,7.672564391421407,-5.019338580620558,-8.326245686340377,3.855074630963379,1.448701470214433,8.850917374359049,0.280047664094026,-5.290487968301032,-9.445766748456725,9.710993008619109,7.167782995636372,2.199279310755438,3.293384586113728,9.718610217752904,9.841576313257484,-6.360763454165436,-2.500043213768808,-9.469649822033631,-4.918809485157228,-8.703693011795375,-4.642730758315484,7.368284991702506,5.235101043939546,-8.010795997080038,3.279723146876748,1.812138247035183,-4.251473359786171,9.173610132940663,-8.412074490383663,-8.021718065462780,0.536186943188572,-5.281138232702172,-2.758040528878052,5.949517435569023,-1.709463895156276,-8.083215936593175,6.826745610402810,-0.945527297464857,-2.149413389535153,-0.152731578959145,9.428482364239542,-1.293733305524352,9.108251356853458,0.956340492775801,-9.837701919585447,9.252720655817470,0.243526213816612,8.967154516336365,-9.981632430033972,6.883838222409096,6.105758313390183,6.942967967266636,8.776847537245079,0.664797794942180,-4.140892810189925,-2.196428592271078,-7.863954194954726,-1.974388203008921,-0.493908292500757,1.343117616212792,-3.619809177300269,-1.851705127439709,-7.258776357342156,9.360098455149966,-0.644145702823625,2.135458410016568,-8.460721320105050,4.336056732300930,2.837256598936403,-7.651130310088414,0.119763310671757,-8.946499713252891,2.073536816994029,1.657566965829840,2.214939915558581,-3.598463614011513,-7.413874036895054,4.010855016215476,2.755363657807679,3.976342587102952,7.753953299455429,-3.623043515876134,6.512215307504878,5.690586766924554
0.169447955571005,-8.433870072452622,-7.290238376653193,8.047576514210871,4.503589311070780,0.488802340336500,-0.400481616580052,-6.855991246267084,-6.452988444093979,0.832925704678102,4.896912300152714,-4.998644931246434,-3.760272705590266,-0.891933563502910,-8.330477590370297,6.570138479784948,-0.851135616373384,0.102215342437962,8.970974263179237,-8.862980674276555,-1.614630444754612,9.017613424864130,8.396792037337782,-8.658050690536518,3.171642979954255,-9.431235317908659,0.144433738814161,2.829423850327302,-1.610952329464411,7.674457229128457,9.494542986844799,-0.451544117922708,-5.698066633476031,-4.334987337596397,-0.980035610268287,8.663717567743877,5.851025180337901,9.785786248532499,3.069940359027175,2.003761470133412,-6.458675224905173,-4.212714078516083,4.678263917606191,-3.152406582000471,4.396009893354949,-5.733568627760652,0.457134001968168,8.894166616316827,1.730864508970145,-5.917300410171067,-1.646452665006851,4.474788675914477,-7.528655796892836,6.489996332598803,1.618445752369537,2.807930606120104,-1.179642214240058,6.478196252814886,-2.719108834187212,7.554719335511535,3.467222088962455,9.963680291581490,5.480904580921106,-3.687583302947662,7.865192124142869,-8.967778051884538,-5.177571492976329,-1.238818775014563,2.042053961473297,-9.036978047016460,0.645141823250297,2.258210308924527,2.300073565970022,-1.191683175080344,-4.155138260607860,2.870879763057490,-3.039796181594905,2.104245440893244,2.654311429175536,3.685719731400461,-4.141035471336279,-2.637300767593695,-4.713467760010763,-1.087502493227214,-7.531004859893846,8.219989783011805,-4.113110145325434,8.078517210323760,0.525847105862859,-5.370779286877445,9.983540503523532,-1.472402392928885,-5.730480930252631,3.451312008980354,-7.723857102618295,-8.301644833247263,-1.069716648979497,3.447504413074178,7.391391982105876,-0.952795451428791,-9.932412557129290,1.667203615637703,-8.808455909687723,-7.357499776132896,-7.774169918369703,-2.396506125539661,1.011511151801006,4.004113799648701,0.007480891333211,6.371500964143234,3.833802195246484,5.468359325065643,-6.258639807932084,5.362161047270019,-1.958653450733594,4.538605397836317,8.754953540885118,-7.956395229882503,-1.325060353713708,9.754837240722239,8.674168695193128,9.922304175240058,0.569418077651793,-9.443283796048384,-0.949984643319192,0.985458872860484,1.218358304864521,9.052969669566210,-6.031406469246845,-6.232221740541101,9.585040117868331,1.350333546405906,-9.247142931115759,-6.850367683075101,3.514429245566589,0.547292579483397,-3.359920736244490,8.367648498148640,-3.600199482353695,-6.596451332144722,-0.877286946408031,0.739740318838235,-3.921132259471525,-1.428415706828389,-0.967584902496268,6.514826849265567,-7.438782071343755,-4.867334505312555,6.279518459856163,5.006248148880136
-3.156947327423605,2.377018035378162,8.582200866972862,3.243317418590955,6.492647125156555,-2.994859731446793,-6.454242214598345,-7.428845835038372,8.253658841666500,-1.765532530757714,-5.538244797990465,-1.670539166247060,-7.584112177283822,0.647998261450359,-1.214877358373872,-6.878924077191391,-0.020495385923290,-2.467596444309146,5.521521545750776,4.373210219016613,-4.022762136263117,3.470141949494225,3.732570317842452,8.328616593047041,9.361362889476471,3.059051477705800,0.593596206154787,-9.922346438932630,-0.402644961313982,6.374266536373927,-8.750796483266928,1.035198690803007,-8.544412760427530,4.816447713147356,-1.883209455293649,8.944649151123251,-1.341961827600757,9.284329687678106,1.302965596608022,-4.057375312662874,-8.366901881815059,6.587478464970626,2.255540194971761,-1.325491643774495,5.308041496443483,6.116904094804745,-2.241975538715611,-4.265485141315826,-3.223908986729240,3.839055180470758,-8.067377571206427,0.929078494230342,-4.683116611196541,2.957268632127452,-4.031859508723212,-7.425495408244425,-4.689590092937523,-0.197884459233039,-6.717371927479654,3.529066524337390,7.343395550282100,5.665668237620702,-1.304386210598185,-1.049081934296979,4.817587311377300,-5.736561754210358,9.901633990348763,-3.033098152089273,9.178897005751537,0.265063453386974,6.167070792860578,9.485390394642742,-7.253229997344775,-2.008708598532094,1.248474961183710,-5.845488176692511,3.909086965936613,-3.372872892978793,8.525683030656811,-0.390598068241513,-5.589291350271997,2.906258816973073,5.110285386377928,0.332629874286175,9.523866453980510,-9.211637545255535,-8.096286480611612,6.798207180289118,5.859315744264071,-7.943920262769126,-5.488364229517940,-1.443396423957573,-9.521013945106525,-6.946138400626747,4.417383602703751,-7.614620570587234,3.311485768382861,8.678818659194214,-2.132157653148603,-6.906981812597934,0.471822481563443,9.546628193436440,-8.235408390951591,-1.252287582719706,9.636299195805734,3.763788712738648,-9.061870920311234,-3.282005856640271,0.489397754321224,0.027394479100238,-5.867988385999798,7.942393115028800,1.703963052095501,5.056602095455267,7.777072541215055,-8.782448232471090,-0.278498791521178,9.676436873589772,-7.890795526458980,0.249194798292447,-5.010080344471217,6.174435116457580,-2.568479387419400,-7.745206040503265,5.800860834569741,-2.548041207865037,-5.574400415943314,-2.405201815014091,-4.136111145639083,-7.262804209326461,5.542492628651301,-2.707922684124926,0.887287719218662,-5.436893467570374,7.383115492716705,4.674250063969442,3.057321581652253,-0.419642574935352,-7.719915295409092,-6.980937375026414,8.336686371175652,3.746627860806136,8.795470158025164,1.716434046130178,0.192438126937848,0.825054724585028,-3.524143097114267,-4.261480249768588,3.227319967337795,-1.017444458307066
-9.628633327565705,-7.960878266639515,1.398083206585667,9.624233087628141,6.858939291180004,7.551986956867506,2.960146912628524,6.313540862416794,-7.450376129359451,8.737159265251073,2.857589201221415,-8.135163334255434,-1.011875883621176,7.627609817415777,-8.922572244951379,9.182884578328377,-5.522129697020761,-8.699169057159937,-7.155345672351463,6.707692197930317,0.576729353661712,-3.372368041364604,-2.736044923075307,4.222053015843345,-4.621078602843671,-0.823888148743766,1.080995104502369,3.658607081810230,7.739906535629611,-6.392549988534966,9.084810416058641,-0.572883734093523,-0.853700276933957,-7.236376247972292,7.951455808032609,-8.572936846215015,-9.756199012938024,-6.911301984402865,0.084946941550770,-5.738138496879701,-5.211411605723171,5.604895565785281,9.348335486629335,4.526391665544732,-9.198578879910887,6.684563067463639,6.147215964104031,8.750867156432808,5.131727040701294,1.966409774921926,9.964040134693569,-7.898367975857317,4.555732792822667,1.158126919368605,6.594430289316499,1.831019752514280,3.377457386107492,-6.570318094414793,1.217924272213587,2.390175348229434,-2.995621052729069,-6.535641537628338,-4.901529696601568,-8.064414994705750,3.171738309093824,5.737067795934097,2.046260282880956,-7.161432370097658,-8.204774740636886,7.942236849925884,-8.341179837932609,-6.793853444936213,-4.113766538856773,8.699277462685714,-8.902635738497203,6.388102847919569,9.666302002419073,1.939570710971877,-3.369118005975384,2.579122143492842,1.007282536316985,-7.482899571036626,5.159682878347899,-7.763266328143683,-0.130794941980714,-4.226160984318364,7.012373265803561,7.562845916283479,-9.655055425322693,9.454775731767977,0.354003295275865,9.018596638633852,1.754299285517160,-8.800905398159536,0.274860207137603,7.948847715457362,-9.504174643563324,-0.921181241329414,-5.432262262837835,-5.302841697312282,3.476922466368968,6.926676405515057,-9.611923637034668,-2.780905167533421,-1.713600614637020,4.518497435163072,0.654842886543967,-1.300819445339265,9.184807601875491,8.287662829141123,-6.718710422820521,4.405794546574269,-2.234111427897842,2.350115322244866,-3.825636644689105,-8.747817968021236,0.046193714367245,0.239374724782582,-2.788347296644944,5.077165008775781,-1.398191213483525,-1.070238652212222,3.185773462474437,8.047857440515482,-8.913051786955386,3.221393335899201,-6.693930521370968,4.749675363464556,9.478895718344159,1.567295342412278,-9.829297545041795,0.904589260622664,-7.708294771669708,-2.759877373557220,-6.620788755367595,-4.996431858539950,5.061461425802673,5.556593124959390,5.034091638034234,-2.460859926930947,-3.782969255476891,9.320654214598115,-7.705118769596966,-4.095524196049835,-8.599203742775751,9.025483332392184,5.952490137343398,-1.446908628299965,-6.720224226857563,-4.093802359391003
0.694431714486129,-1.895783603774746,7.240818888371169,3.213135832297722,3.850143673708523,-2.524893752047729,6.466654746031239,-0.248235782565098,-2.027238370600209,2.102398181779677,-0.030905581295514,7.394949330860669,9.148269619685525,9.004902580871807,8.056961027619977,-6.795080695434221,-1.887357731508736,3.325580459895400,-9.010964082887140,2.475872460832173,3.225825997137090,8.429968392917953,-7.035498607502609,-7.691158056858769,-8.563613970102395,7.940179305504195,-6.479443899853292,-6.782621727027540,-7.564740974357813,7.878827672071065,-6.253424107093331,1.820463056150018,4.287437220611125,9.715735086554446,0.717890208468955,-2.411000524692437,-4.167142359355296,0.901916996308680,-0.583746861332859,-4.839511990774701,-6.970728310386319,2.811742830996678,-2.026921571916869,9.391278604431609,-8.764637443101879,9.549265453925784,-2.585686810630074,3.860919960773622,2.811216967998817,6.471568680232714,4.012381176008180,-8.357007640014452,3.413465729381006,-3.765446319810641,-5.335095861681944,4.539247042587764,3.468949945377666,7.995884112113728,-0.642668975948631,-1.483605414476319,-2.858017887368498,-8.111772714756887,1.962887503879315,4.468873210410543,4.437987408087080,9.704669968723408,-2.481692101154469,7.480212224017567,6.641402295190158,-4.551779654766037,6.097730628530257,-5.467074123095257,8.491170010900436,-0.513938055575711,8.881237784362582,-7.694848022941079,8.416287519129444,1.678561449800917,3.001472620157221,0.594601751531235,2.473639432292547,-2.299266841411729,0.633986711085434,-1.191793184903322,3.167030875659925,5.381762886766952,5.289970357669990,0.535961114617491,2.477384557100670,0.300965174246686,5.269506223519553,-1.814458810074733,-4.981915148017833,1.469315048320022,1.796294387115518,5.333273681727668,3.201328865776054,-3.290257810503618,6.474656909169589,-8.317686160930556,5.092384102556588,5.225493202263722,8.939822960798530,5.156187410549176,5.563161042814409,0.318336084554707,2.721913530591779,-5.236226860461521,-3.733693889701460,2.760046253686234,8.274915483054595,1.781104246518296,-1.691060874020852,6.870111950150644,5.072750084034549,1.735045003461602,8.392373611479712,9.799678231658554,-7.432352435489955,2.447666367315950,-7.114090277491371,2.191824674133789,5.432891230064927,9.792544817201289,-7.767331115892551,-7.825870115721541,0.403563383211798,3.119895500400871,-1.939749142527763,1.097563820228052,-8.806312518051499,-8.281724798462772,-7.116626529523671,-4.968093555028061,1.604339687953209,9.742827501108572,-7.014088493414052,5.478093574714240,-1.093385972271204,-7.893401699233653,-9.386835640914375,-7.141455603445630,-3.265810091526699,-6.672056936709227,7.676467465140860,0.191390263149520,-7.661288867104410,-1.740216246194606,-4.766618864399941,2.990064775151769
-9.049258476674689,-5.478554221712184,8.788257901470068,6.045310114562149,2.272902578433397,-4.007269607857644,-7.967703910397955,8.739848934804076,-0.009647800057023,-7.834207051488098,2.918773442234965,4.741731138310627,-4.028449842387813,9.206351478553529,-4.413791380385643,0.971431781235587,-4.007213374740408,-6.325769113165894,-9.488606173964840,9.909020697201317,-0.296098699077518,5.884844437928173,2.337714542109461,-2.644518301972354,0.056198598035600,-9.767901770437494,3.026056690690575,7.523182729588562,-8.223098047268657,2.951247725700782,-3.917980144228519,2.635527400215645,-3.770887234321140,5.954230598462084,-0.781052317247299,3.488188912468464,-3.557598006419727,-5.725598055874062,-0.292964498638103,-9.934392916604180,-6.884504485542182,-3.269733319113366,-8.106458370855410,0.002617680491763,-8.415864545494905,-1.408230289311987,6.728315921723556,-3.410315391877092,4.330079547182583,-0.910560800195249,9.110158333716775,7.194602138712437,9.965730499562351,-3.137159820344724,-1.989257844484500,9.199096100812667,-0.607268583801531,-7.162043491820955,-7.829279102445097,6.810297451163603,-7.895147096993689,-1.263118235623779,-3.764491693611118,6.905727277067214,0.018446673244824,-3.674427271556646,-2.638833657671689,7.227988372836165,-8.865798097147026,-0.011837736447884,6.337728776591419,7.242038977812911,8.616453190624075,-0.163235906824132,6.077448227302085,-9.852475578639211,-0.633048964106431,5.494326206442050,-0.925245196906024,8.180398738625168,1.704223743751490,-4.124591260734062,-1.456988505547770,0.677625797904000,-6.521254574731303,-9.858987586411814,8.381148236103009,-2.720869198180951,-5.279794407312779,-2.737058332578661,3.731198095373280,0.600529819860625,-0.864143500496265,-6.538514065260776,-5.932814337764007,3.091670882040098,-0.979684586356717,8.100705432787393,-7.892157317956312,6.267846431885264,4.916137203372646,6.843941904561451,3.286036555253260,-2.388670149049805,4.806988832301231,-6.173666580993258,2.391835663573293,9.357121868280778,-2.472688057520445,1.790634538514785,0.899487252933424,-8.347542179418596,1.443442980313909,-9.458670367010898,1.380818324176744,9.773054729134842,-7.299053650531173,5.346583399227738,-2.024475784676851,-0.574088273677638,-1.551049782631168,4.549245170044607,-9.334297477379183,-2.101761576197163,-9.025163630577280,-6.065141638194548,8.280603898661262,-8.075907833497457,-6.221226221673226,8.109672238299328,-4.289598476509089,-5.547171852396307,5.071098896973750,8.920655529571896,6.430836596807421,5.756331001220662,-4.561559764349454,-6.437094257904652,4.432815258485711,-4.321785491749417,3.299517564397473,5.689529642228218,-8.634454982241056,-6.838274694496514,5.260531500309245,7.206470170456861,6.734549382040001,-4.114105474402956,-6.793606577557130,4.165524601406471
3.648739433164272,-1.146351478323613,5.548621085142083,5.830745832799394,-8.596860262198987,-5.092630581172499,-0.560537540103184,8.191986841340075,-2.081287550051711,-1.768695849023079,-4.949524190710886,8.981422573594944,7.674566878218805,8.190048554525145,3.383716339642760,-9.742346464598537,-4.569820611149106,6.044799088595521,-0.417919823685500,3.384117502412039,2.030055558598562,2.199236861189624,-2.783608713636159,-4.880100416632649,1.731447815401875,-2.033995898766337,7.987750327115940,6.139348406595953,-2.699861141455411,-4.972960984631063,3.602550291798414,-6.329694168897618,7.048838638949938,-0.750488264505236,1.845687467014798,8.765127255563470,-9.331377479573778,3.716722303915239,4.414683056227487,2.414081431941639,7.720223305590302,8.687844269079598,3.774172959714090,8.293605372098305,7.088455705634832,3.592137549362281,4.454505089423861,-2.949881906500897,8.099378702846007,1.882147703269624,3.763253398586638,-5.716203733301128,2.973186853545320,-2.000484233355168,-7.602009598562713,-4.890219513590783,4.536462242234853,5.501579091737705,7.796992328494433,-2.504926285565626,-6.610144889060652,6.883584501168997,-9.880288665789319,-5.713893389958460,-3.147554629849873,-3.393598454691418,1.987124584095101,6.888759818855036,5.527000853747415,1.970504607205722,-3.070165920248582,-5.567418508542388,5.946308612093887,3.263697765942927,4.830627624385230,9.264025338379209,-1.753014919819940,3.457061631460201,9.435780969254857,-0.436798056856396,5.205288367877095,3.313041157353968,8.713154208916102,5.094736458649436,-7.540798071141976,-7.263919038432272,4.404446368422887,-5.100705818189213,-9.195781524700307,-7.410521444226507,1.195017968567548,5.696959641346968,1.502326212668555,4.901971167674377,-8.494458336101367,-8.695514624241206,8.915110620096897,-5.868607260270151,5.775148287468250,-5.383218587157204,-4.648892950358969,-3.752013752839309,0.306624335446559,-3.398013621427596,8.546139038850356,-8.758310948628523,-5.640142993925035,4.545224919929904,9.355338385279733,1.281101810204532,-7.807190001420663,9.460275495478601,4.623875726977539,9.617055507418165,-2.767081710095642,2.985336085496197,-5.847061422934998,-8.645403893049243,-5.748994644113335,6.373122325751844,9.690295437470439,-4.690969565023178,-6.727664267201130,5.055425489817226,-7.834359673596412,8.598818681525383,-6.487440412892864,1.670667188454647,3.055673140590709,-8.400471526947911,-2.596638544619461,6.283218746810203,-1.243259818542381,-0.370029893235621,-8.935816036833513,2.849746074573895,2.115610455013137,-5.093132471568911,3.278825912307997,6.424243432674718,-4.527743740242576,0.571404497635610,-6.753845117590673,2.538107621263602,-8.904325147694340,2.691812043752645,2.998497629451300,-1.095273814700821,6.147775844418646,-9.626408238267528
-8.495876749366772,-7.663693736844150,-7.938484431097976,-1.831021682247879,9.818842506459131,0.517668799891469,-1.411758339059867,-0.379652510540945,3.990252068394383,-1.552465621031613,9.851170842897698,-0.271562041196811,0.437201262157146,-6.248693944754051,-6.692581198370360,-8.453051314049315,-2.222850616117144,-0.786017562081792,8.560400657897031,2.324264080756553,-6.306242861652271,8.203881874907935,-8.367544438927760,9.453603482488941,6.297173545124988,3.239095982043548,4.004384874490297,-2.482745970929199,-4.508812734360368,-5.835831862773066,-5.689664041379161,-6.475053345501025,7.677371639965891,9.797502278965467,9.567272329173214,-8.069405431900263,3.194819372514029,-8.971269033323699,8.654628573924260,1.151084051813100,4.519129687824165,9.149138137040907,-5.946859997355219,-2.603274938790790,1.849514593869294,7.918772572355351,-4.092953580343421,4.524175094507452,-4.197682955311759,-2.876889405758043,-4.507517443272668,-5.026530261085398,6.650463691866111,-4.523671850747306,-6.939394018008260,8.286215236902102,5.320352373327475,-3.834810170436731,3.279787972085895,-9.164227744494685,3.663064971925273,7.809387318885687,-7.124042069803975,-5.586118308735319,7.667262150503916,6.936978533877575,4.096211164478822,-5.422834440001152,8.315437311952952,1.986755047601401,-1.591124628190039,4.962633317506842,8.406539013922366,9.219597174106845,-7.874509386076545,-7.756043369896910,-0.804727930409735,0.248145156450821,-5.497862491755637,-8.627745931416534,3.199218933198146,0.389742165761708,-0.680498628718251,-4.423342725680643,-8.334382465755422,-2.879746057992925,5.168417134072548,1.392987405577005,3.103278344534377,-6.528813895228735,-3.798495670891555,-2.722469672287307,-1.714376568812437,-1.426117008436719,2.908989880426153,3.037076736642257,0.409215645941606,8.737561231815803,-3.823812562041720,5.919405990884952,0.895891196168323,-5.286331988001982,9.365981478531815,4.581825220131728,-9.039121743346685,5.502217044252228,5.542506672522890,-4.360536000944211,2.963042099511608,-7.611433030069392,1.286340576377878,-0.900102754384591,-2.330253773006792,-4.060186533127091,7.837517610633931,-2.675348460452438,-7.374419613364753,-7.171861072762955,-3.559011607063707,8.481525616212174,-8.890509693612474,2.259608548953695,-7.326142029245455,-3.425842655656122,8.258892647619412,8.068377765807320,-0.345707067940692,-1.483029365441062,-6.999311564496198,9.697185311776412,1.727895265245714,9.668635774308814,5.456404820442177,5.959429619080495,-9.205086368717694,-0.494132064131827,-1.255212207542627,-6.580311964013069,-0.237272289380957,8.171680605279136,6.925512695236204,8.389400573823949,-9.410420881016401,-4.742252939084432,-3.192216791541278,-4.141668601537900,2.236998287627641,-7.729254401165546,-3.155251983297878,-0.327252396447722
2.049509378945496,-1.027461611882611,-4.574471676230003,-5.182300015583856,-5.892290869554917,7.327469569695445,-7.218725498151954,5.377060936333137,7.538684440048705,7.614135882757985,7.084524841752899,6.518358549790694,2.494266642532894,-2.593934235050810,1.510351927881384,5.086529923398558,-1.819215684449434,4.740942365463265,2.255394608429313,4.924251070105282,-7.033383254394582,3.478072834093160,7.566732529425089,-5.467034331619159,-0.487099244859388,0.114437537685708,-7.742548201889230,-5.956859588387065,-9.318178793292407,7.193155679440327,3.092853855618976,-4.480031320691296,6.499328060456119,9.866631158675986,-2.646072190122810,6.127936684479160,6.363952853365650,6.127492230972539,4.234577056075143,-8.268856968694267,2.446271616195247,5.072581767850430,4.633621262499792,-5.133263514066346,-2.502386707930750,8.291043957322529,4.197802370334902,8.341767904256439,1.186712092411229,-4.508804857264259,-4.317770316164915,-0.098194864703764,4.845965064700057,6.870944284668372,-4.172810239062268,-7.600807790294506,-3.355194687405270,-5.291040741473367,-9.463320101896782,8.112767059487464,6.745092188603785,0.407607068927332,-0.581170941133855,-9.502707539852411,-2.763785960308254,2.890120590968595,-0.423014839249786,8.260498590068405,-1.508176354592251,8.980937041761450,4.674865987069589,-7.244353884241164,9.089819831103899,9.247160979277393,3.499994268939709,-4.332847352534972,-5.371860307919798,7.983921332073407,0.179506996661843,-9.320103809405120,9.137961943958310,4.951168098915703,7.168561750133687,9.466612039201216,9.604138184960583,5.950132161392963,0.266866971771639,-0.795399873477450,2.456758474158482,-4.229582497592286,9.598003977594487,-5.462476773078437,3.890851703967964,-1.903169536424496,1.319144316750311,4.933642605696917,-4.506932405228968,8.001796971572375,1.934074465995767,3.155446106960216,3.924943078626137,-9.062590963298209,-0.305340069927189,5.559516976314987,0.305514822180314,-0.876672756649775,-9.983427037606074,-6.984876140467660,0.471303383476432,-0.079571823572422,8.913546645060272,-0.886968038620084,6.091245294191296,-0.379052076160393,9.337628781518944,1.354500123250498,-0.226414986024208,1.811093783659707,-7.012237027523929,8.981146789452325,-0.386575115849991,-3.598902922983767,-0.055783549834359,-7.539896983390864,7.713515508561265,5.596893933409524,-6.284650705938713,-1.169802673172867,-1.609796471409972,2.782966567528689,-2.532363193351723,-7.312414503981963,-8.479394600144692,-0.196805106592580,7.218541012769922,8.422422682368442,-8.505213960206440,8.226215960255775,5.675982203891417,-8.350461131257628,9.353763956368066,-5.625573232835275,-1.753211994189510,-1.577996348611032,3.822801907540629,6.582961110837903,-2.421543927527607,6.648735532537806,1.717258618194723,5.303512526463887
7.642847363535068,9.130644624193543,5.761423674049675,4.915206165560516,3.599354075301335,6.235625506443768,-5.959661417591127,-1.584366698923695,9.528886258970168,-2.856457957541998,-7.590513293046726,3.753438445276602,-6.776785729315633,0.521798564527575,-5.236713598013710,2.112563509719962,6.310126382106148,-3.748159866217056,-7.675363827891653,5.882251490432344,-2.809032829092701,9.314282297323171,-0.875402396536682,8.301440744813533,-5.979614517756959,-5.669199852307829,-9.795503898506313,-9.390737999192996,-3.618766631832521,2.353360226538257,5.120175034746651,2.639078474122593,5.578926337895814,-8.037838800778044,-0.927096026356480,1.340074920753922,-4.809539111166002,0.988527369643457,-4.205014239465791,8.638704001025189,-0.856967697878915,-5.173117452776035,-7.949522794800656,8.097026558966263,7.061927169460290,4.321820996603492,8.230991310545871,8.327710734332079,4.534266259453437,6.379985645057879,7.130486329984699,4.510886625208219,-3.197488657593334,6.465907744613492,7.467900144135072,-2.291934002616490,2.646811704739097,-2.874848692036838,-8.051373563590918,-1.754251741888080,-8.620923360144221,3.808735150880327,2.296678127056724,1.889704956281840,-7.616572272319169,-3.318109386984609,-2.649160032245379,-2.110576457943464,3.058869654142898,1.478457920268266,-9.262508379808487,2.197763729772115,1.735453480050278,6.389514502501296,-7.389117579491213,5.481124045629498,-3.663419484356575,-1.977071475265094,1.429806700576181,9.451048871894265,8.780476349820965,6.667111689937748,0.272775507659533,7.060625066330402,-7.874925417640473,-5.852715204996166,0.687231293949802,6.914558324456685,-0.022267435460968,-9.109103680666099,-5.495351908833688,6.333302240582025,-9.618252841703468,9.588133385570956,-0.850805860402957,7.091110585270386,-4.203499714640532,-2.858068166487633,6.156964513390072,-8.231450585409650,-7.652208050543273,-3.639874581344785,7.477351920061601,1.785848717857535,4.907634796886420,6.773186563474255,-6.015046445400203,-7.251265806123728,-0.491780394514105,7.950337589599151,5.753472642841883,-7.292250013247045,4.743126085400613,4.820137176220564,7.886934742790693,-2.026540921948925,-0.279777496466769,-6.573015755200709,-8.624175843483464,-2.875154053898483,6.050378124858245,0.955554948226467,1.600909212106657,3.249755834415463,-4.434229027872039,8.586244157596511,-5.535152302790342,-4.315652038525110,-7.743015352989151,6.793497034859488,-0.285760748704869,-8.756532998809227,4.939172425892426,-5.267970543610745,0.612797634560383,-8.913896712087597,-8.224064723327640,1.763756522435870,-9.539023981702419,-8.338979269904282,1.590361160989275,8.243421768056784,-3.029475682595675,-6.183028728070368,4.373833045398182,7.027039971107776,9.595893319943293,-2.992055691905929,5.243506006744415,7.823388932652698
-0.435561318822144,9.617340149259704,-9.673825762227077,7.332144439303281,-7.823466005312878,-9.569043409686316,-9.697582734661534,2.392793516967444,0.488786392138314,-1.973499887737024,-8.050717673249931,-1.670458446974127,3.166087159634214,1.335158872948794,1.440540463839131,-7.884592524311110,-0.526501290150128,-0.414294434704114,8.880376265666573,2.649046948810049,4.384370991120669,-6.855307868612687,4.320513866057411,2.023720152338385,0.636410748743696,0.665576676880573,-7.197298512535242,5.927957736760746,4.555208410250120,8.237180847012688,2.604472991226935,6.356685352518813,-2.172204986048431,-4.650417592335875,5.616636559223707,-4.630009887292903,-6.725531989180469,-9.568647193863534,5.332308530667984,-7.456490061408583,6.706585782849647,1.657313712299779,5.091685659711921,-4.918957159717358,7.718146927088071,-4.493112299178663,8.518865492931248,5.870749863489644,-3.701840467635538,-9.132547156669272,1.302943086050693,3.682694952459077,9.112724895254715,-3.394820977190360,6.713969101647017,7.779393178844444,6.457844601047352,6.807463633981495,6.194288364458441,-2.830779381156336,2.375185000951001,-8.728835750007127,6.756990736327474,-2.858128305877892,-8.629288646922875,8.891483759164245,4.478257586941798,-9.394802582976746,5.748159842875978,4.095642431575870,7.121882490552562,-8.644663921480792,-1.514606124215183,-3.606327929244655,-3.445364863004501,-6.023702139062412,-9.658704781638924,9.767350106974533,4.070560611761024,-6.068059818980533,-7.821887860340196,0.704993833373146,-5.888155953916336,7.109279533591888,4.083935735854567,9.383862962704598,-3.268263761110523,-2.766364596262118,7.510213947319968,-8.785144232642557,-5.228975165306069,0.709613071046913,-5.416969618253569,-0.020046418900058,5.781713188029070,9.720541434604392,2.320240987334721,8.039148296365607,-5.274055165399005,-8.103907345800202,9.291968517385747,-4.773805327527015,-8.925152299096819,4.954484268833104,6.736550639741775,-5.141979009401247,-7.550168022344899,6.171275700644415,9.642266820426215,-0.889056183745616,9.995022223920426,9.450130996937361,-0.556020933231496,2.672063167840616,6.513603251754240,5.474339060883775,1.376542295041759,6.846181808792743,7.218149949354437,-7.555127202566744,-2.722316458014260,-6.747752647585918,-4.977486031835261,-9.125203410679472,-0.672526240744066,-8.604286524580907,-7.679515675642319,-2.254137315086558,-3.659028460143983,-5.846809407650655,1.345995607219511,-6.394477602697872,4.667840499556622,-0.876114010914202,6.993279186095918,0.900897072400968,-8.772312154411848,3.201126795184443,-1.733768513119582,8.611179389321354,-7.437216868877334,-6.349978372733789,3.906425819945788,-4.834613897636890,-1.589893642237300,7.821635168868031,-5.384574919690848,4.448620387293630,-9.210773934514675,-1.272007762784021
-7.659963599152510,0.603976184384589,-5.032592914375529,0.466193072312294,-4.052060492394737,4.360633200022344,-1.995901298100700,3.688125936658313,-1.903252086686695,0.221363580666644,-8.534379701785358,4.504428907316235,9.405678424835862,8.304566705362156,4.834675326613207,-2.958349988714890,8.436232996588402,6.571170073953532,-4.017269804546229,8.101751537785066,-5.447836997695157,3.518207599387878,3.014500067837091,5.149956737451225,3.075248259132611,9.944740840915554,-3.074367883021059,2.060430649234881,-9.695126554377486,9.354762048822501,-8.888446532152113,5.171745652312046,-7.979826841741414,-4.692314821129486,5.657235308686069,-9.851238033820131,-8.835729461424977,9.261501532302606,9.634608552972313,-2.377043593383663,-0.513809869067961,-4.599340201152118,-8.168945413868624,5.669542270849186,7.799679037171014,6.619399088457470,0.427758110411130,2.360541923762138,9.206936140159868,-5.590402245253761,2.111736429749058,9.157157184011535,3.511853418349457,8.770225860362039,2.236079794821318,-2.815490693921832,2.311914357677358,-7.306726383052855,5.024864317388467,1.305703703065683,5.383756177088246,-1.563493849617641,-7.575219317528488,4.123467322628615,7.293403330350429,1.927782198579086,-8.483057162170846,8.145399432267610,1.858928642520961,6.054513872272327,-4.774616886158116,-7.444586079305386,8.089141565306900,-6.674403133860826,0.977637955137517,9.041594757509117,8.436695013720513,-9.653648841610465,-7.404587792350020,-7.313997459138635,-9.103216926321885,6.479995976507727,-7.118900566755282,-3.415028372362585,-3.910829587239199,8.167358463466094,6.989446296280285,-6.628073923799271,8.700974446129006,-4.171138127157281,-1.031678080062093,-8.790750871369955,3.029014436532441,2.290235280881049,-7.586499002833856,-7.169279219081092,-9.521666792144236,4.330763254488822,3.971577766062151,3.082958599140131,-2.377859773561117,-5.827672728126339,-6.336755722266265,7.300120379148066,-8.428617784995717,6.063041619204569,0.762752942552666,-0.361067183617935,9.426726185949462,0.066715446828848,0.546342149582502,8.076059110170789,-1.672924870308139,8.103245646658824,0.896922083195628,4.564738842824283,-3.567764339613375,-9.250560223091217,7.785905190983961,-8.696473230790646,4.904830063509111,-3.851781008083757,1.454812847359443,5.241007580248196,9.663542797079362,2.824242254524576,-1.231612968696247,5.849553027527723,2.605018273683012,-8.657425549718827,-8.190366931320129,-6.062505874630770,-4.156105173232303,3.386561466342659,3.827914255033324,-3.388584417009765,-2.566465912277279,6.544397497394236,0.332095078760142,7.234867804246843,-3.475497517855377,-2.449885405586554,-1.877917253212440,-8.456159177354658,7.217686010642929,5.978146294883448,-7.776525048476906,4.329765822916201,7.057608090568102,-8.856828448742295
-8.250650235672570,6.967588802644986,6.983345777558153,-5.948720516201382,1.248061780667220,-2.120365663886458,-0.813105901576263,-6.974777106902867,8.307559494511022,-4.505974947253140,-6.166490585917678,-3.547538318552503,1.510139393155328,-3.386543916395497,6.411362944888051,-9.075034503565902,3.536170358855060,-4.634288619218476,-4.065542460610363,3.063998094517684,-6.122901318826049,-9.273443569545099,6.399905294803162,-1.199431755872082,-5.141746218558286,5.238204390914802,-2.182952894734152,3.102386411052915,-9.909586567611193,-8.627943615479198,-8.441150447310219,-5.588816100602230,-8.492420193086755,-2.608438736818064,8.888878585263964,9.147800548724540,-0.513312723637551,-8.537499167784814,9.346016427629468,8.890697957532414,-9.957896607116560,0.327693805332940,3.850227592092939,8.250107850803193,4.954426894694649,-2.411362025398764,-4.841537903356413,6.514217088916535,7.002849580941437,0.681751511255225,0.252100581006205,4.318276771122934,7.455962013965404,-6.490741357673331,9.909109132045092,9.458110049220295,-3.777741428119661,6.963503117480453,-9.000060707243904,0.683011845553128,-5.630103473700673,9.026076832356562,6.992401263413154,9.755453226016694,3.172238625012634,8.202419374550246,-6.222640493504366,-1.800797254645554,-2.091323918720214,-4.863459042648342,3.247933267379025,9.835425554131653,-6.597156687316499,-8.250351894098216,0.686458698489684,7.014404924672174,1.622540333403947,0.865967381126172,-2.634955088270363,-0.255652002305641,3.051179630981499,0.242350280408507,0.472137139871720,3.646442757454750,1.594302969809487,-5.191646557222853,-8.311231729799022,1.465946977627539,-4.251724269660166,-4.467985794520613,-5.530763520336260,-4.742224458981781,-2.600182682787171,5.133413200339156,1.700540026703024,-4.806333286192555,-2.107272313035768,3.375411180449998,-8.694607228442734,-8.708013943665815,2.445696977523230,-8.510044082623088,-7.957010539479283,8.368103996024665,-2.957305039694833,-0.118594862576490,-0.895063739556040,-2.545414041388970,-6.028554663252493,-1.911877591225061,-9.556469275503112,-7.809509372629710,0.975325166535528,-7.027692893229645,9.759054890108168,-0.970261230118135,0.557779520445408,-9.165298024304073,-5.763449666849638,1.517614939889798,-2.682622091782305,0.283131733348966,-7.018302014618978,5.886502491073685,9.468838167991006,-2.657124440470255,7.243102670881264,-3.814890222436511,2.017744516542461,-8.407500983991623,9.332619325608157,-1.978301307206177,-0.290534758873520,-1.443124057297604,7.146928091859031,0.389582956020895,-8.452576474903379,5.685295909295260,-6.621264631957439,-4.761864155058810,-7.814468380342068,9.651065614194671,8.838945579076231,1.222022146017681,0.785616722064269,1.443569627341885,5.039744444675641,1.499583196521160,9.982914660614572,4.335627052470521
2.001960355764837,-7.844773935996119,-5.498799409470312,7.418186601521235,-3.045568059513273,1.017357161846606,7.925724206609011,-2.647107721092983,0.720447446481177,4.511397609063559,6.480834543436767,-2.982032384823558,1.335089497253488,-6.048761036913996,1.661082163632377,-1.656427416521641,3.184264443174909,9.552373815049716,4.839022305451930,7.219667591806413,-3.472369044684303,-1.995599817542782,6.953477795794669,-3.800762013055918,-0.231018804709757,1.017922158313581,1.351376832067599,2.499797571352904,1.839421502502718,2.903397393331064,-1.577947476116638,-5.051086248144030,-5.061490008818286,9.090086055674849,-4.336772458129660,5.809103547561577,8.025187802907684,-3.077641316822075,-0.004997421843246,0.022605340647026,-8.637463037966093,9.616876549972396,2.256170370747444,5.782552928369139,-8.777974628540250,0.301514652233934,-0.066793791180750,4.481767022525233,8.255632521737081,3.758597382440790,-0.211152076796154,8.956568425545054,2.447270311389044,2.937871464832952,-2.626552029965206,5.716346052601960,-5.334404047721739,8.342107815287353,-4.317035204113015,-5.575103045129222,7.924272982737325,1.569240534897949,-7.645634186300489,-0.761030120687014,-3.961973964390538,-7.147896436231090,8.519174362369590,0.982509472657888,4.071170615763926,0.932796885983244,-1.794269384557140,-4.115986533843186,9.936253853524065,0.120029159146110,-6.727686990513792,0.887562614940959,2.661916218098824,-1.416265633246365,-4.034140009741569,9.647242218463106,4.868061794975862,5.633135240291544,3.455942788578771,-9.974976278996991,-4.939470626332298,-5.888601413637986,3.923698828108106,-7.537329578472893,-2.013348946133195,9.087508691077048,7.799166820582283,5.450230173168876,6.261868373639164,-5.309425124843608,0.061753049170552,5.607774216302829,2.065134225686773,5.623051592389283,6.406208264119929,-6.902732335356774,8.164718986468788,3.242855312120041,9.434460386424863,-0.882107069347718,-5.901902090650202,-2.901251866010288,0.422240198556597,7.683395912848628,7.403876563859299,-8.523277136703825,6.178105338252124,3.499099756867478,-8.643114736275940,7.647674136270890,-8.036532443274737,5.239004487553000,-2.928121689257326,3.331637440993987,-8.741077044495679,6.323027771707007,7.715334721450816,-6.462162817575489,2.143640584925699,-6.322403250012987,6.902062984308902,-4.672802958151352,-7.419902776452054,8.347646454826247,-4.587617088025167,5.140535849056366,-9.822267441569579,-4.127692137287018,1.718493735099676,-9.116536909396753,-5.996010749910892,1.455893066450608,3.281996312124274,1.666976493594905,6.432251554640512,2.767075625529763,5.474569220747332,-6.779194301518505,-0.541458563182509,4.494296122768484,2.504756897251363,6.029582364211922,-9.862361789968654,4.801709804542432,9.309595032173235,-9.772441299981692
-9.112257111712328,3.788387744971047,-0.008610765139087,4.351759323158547,2.362955979617594,2.647643745227601,-7.917279233956506,-5.217371184191082,-5.675740112050085,-4.288278204861362,-9.863723479609249,0.023052078044818,-9.892736390718703,-8.569026912385397,-5.772879963648789,-2.504503216403373,6.009579436808295,4.466750584771866,-3.602985730957564,1.374281548409634,-3.559288177489450,7.737578252334409,-7.541224979623915,-7.277136264710615,0.593355802772518,3.045524646843891,-1.320814188097954,2.490791398831337,2.113842844566239,-7.554162218380571,5.600121065497552,4.697902338017405,4.323059552195305,9.605173485799092,5.180468173584842,0.518792462759528,9.881844295797201,-0.836769184132240,5.124836655300015,4.788445032937020,5.794532603774094,4.346817956582862,7.186209461927309,-6.492728761606363,-6.367462126247274,9.027389830451011,8.810478721424552,7.642440386405763,7.178634746248875,6.413315587740843,-5.731365036190830,9.572548948748867,2.062342037041393,7.089983492003348,-0.009167033333693,9.031751501982466,7.320345918572009,6.793750161363050,-9.142817189871074,-6.448115042564586,-4.975236390436175,-1.652499456082062,-2.851855708708262,-0.826101450667533,-6.010572194987958,1.980552101546317,-2.135560150584432,-1.275878510790475,-8.204487842463486,-8.311705778821445,6.540009964033953,-4.364536434443121,0.396990869793246,5.956775937037309,-7.531453661040961,-8.432886462863776,-1.704330447541171,5.960652843322755,4.166605750912002,-0.264639871109637,7.293658979419902,7.730853648514930,1.577376256083626,8.409674818190247,8.657931655359047,-2.679978931158291,6.340911899243949,-9.364424004047347,-5.487117339847534,-7.271979493927683,-1.914771593521484,-2.686144704582130,-3.968391767693690,-0.204702861912672,6.383425643780139,9.208585228013536,3.343738926939130,-3.534263751224671,-3.812720867774734,5.677711491131262,-5.113411603852274,7.578848773980919,0.227764228983888,1.122125758518793,7.902335218422145,-2.672585309997249,8.238668165281155,4.732670834304365,3.847622257336248,-2.134047795744030,-6.326283362298923,6.687917598671884,7.001481720692812,-1.739599088625631,-9.102872671995307,6.247651722064607,-3.136216551446093,0.742451170685383,-0.745653383215060,-9.750714830286405,-7.726285987470465,-3.553009224679520,-6.244533105638848,3.161445187385443,-5.039856348378118,2.491774321123581,5.683089635277041,-0.967758968483285,-7.485151630337834,-5.346533335307385,9.885032034782334,5.777752174256136,-5.322946100580430,-1.698424289596904,4.141294747240975,9.233885544106712,-5.326188948748170,-9.508430221854152,4.581994635830362,8.460555823581078,-4.705536576726104,8.447595288346548,-3.417280516041831,-8.373653149612254,6.718296494478334,9.720629218832112,-5.411802117657423,2.469155520759308,-0.459479494674678,7.906870964226329
3.207916105291602,9.386219109907191,0.426742117298042,2.199456456458242,-2.158929904461299,9.059105904957658,9.150102575310754,3.643286289880251,-4.458664230943814,5.461832628187418,-3.996616807186600,1.287264699572804,7.236647371141125,6.051645310994967,-7.503837796641002,-1.977655436511609,3.124239570900558,8.930374548385245,-8.606911371892584,8.330629446687048,7.026955957182729,9.685519213211201,3.315249556001811,1.315432996492330,-8.817072698718567,-9.937058342931513,3.453574255267009,4.541436805335380,-5.712433743227243,3.378115337708813,9.891648369224967,-5.079662953006745,4.745648290932873,9.203795161417826,-3.747927581646500,-3.831936954631727,7.250300929189155,3.674133952998886,8.166767723986052,-2.709409105271581,1.575508760841869,-1.600530693978650,7.335907419412763,6.352455669475646,3.725671362833507,2.128056323248080,4.074783587032133,-7.729930800638918,4.430643001447987,-5.228082618771033,6.083036639063398,-8.454043751167967,1.410716913550978,1.200340069264904,-3.544065362280653,-8.988437892721768,1.005416306536464,2.057776248068279,4.845461750207065,-7.887404789335801,-6.800497770155765,1.658893965896329,5.526606123592526,-8.134503623173980,-5.494665176355014,-5.812385839450855,5.127595845019332,8.374983536386104,-5.139165263968419,6.309044715608774,-2.354710662633400,5.863363399618331,7.510901568020728,-6.514014917394809,-3.157878184491567,3.043595703427824,-0.425964294873694,5.942634409056591,-7.444871985366859,9.138038018415639,-2.881402196798046,2.729080992835456,-5.402649319803632,3.124100649116976,-7.092590045958145,-1.562249045716424,-0.960749165760346,4.314493629256262,-6.371204395906558,-4.343711601503544,5.856477209725472,4.334737033923822,0.642940512116315,-3.126021186682577,-5.384297830721532,0.561856255247115,6.034668360690699,-7.065094605771276,8.704826263078182,0.425037749674317,8.383586834075764,0.316466975604349,9.170863625812238,7.410887545668345,2.905647003731822,-5.128742151365431,-1.275274250188801,-9.133633770145915,-9.202766703248948,-0.175171276628257,-0.851115223739461,1.715120837519979,-6.761852113392129,-6.609303889633069,-6.990186421981974,9.422392701879424,-2.734139033995633,6.766191956340247,0.909520498451581,-5.740381002439186,-5.943409634312340,6.904358825921253,5.512903084737339,-4.048576533277000,-0.615241397984761,-5.363023574064824,6.444839344938249,5.700546367584213,8.252571151685071,2.712539586624716,-2.794727772690822,4.624895852450756,8.720858239535993,-4.092653244919746,-1.939309513005014,4.416776055711138,2.052114540309145,-8.950882025556853,-8.823732454459126,6.437275940227384,-3.452401972150760,3.749639030819818,-8.811352113510917,-0.667135748468390,-3.614529725456535,-1.926188814678842,-0.262062595938854,5.490754651135095,8.754713197579576,-4.861470158225140
1.391255597031671,-7.859660015122520,-7.891685540034157,0.522751983600454,8.801663385900497,6.852710810637383,-1.020408618772331,-5.027621059286607,4.687616649976249,7.387513447230511,8.164562686620087,-8.346185478458800,2.360690236109788,3.995866831690130,-8.611621165491121,5.875221980282925,4.979628307743562,2.623655518094219,-4.527487251247473,8.059009339412416,-6.962811201576291,-3.505932421923341,1.873111720959134,0.666072253003167,-1.322517066927409,2.894543188147766,-6.370062725145473,-0.801017806748645,9.808330465942582,-2.740626372872863,2.547657982965237,-2.762393524461999,-3.285029825780041,-2.374598277715945,-9.480221396773594,5.154792211251211,-3.716189673157102,-9.197556378964496,-7.839447085994720,-2.664866130566688,0.935615505589304,1.789575789459859,7.044930054899645,3.697135028331925,1.656186815011292,-3.005532791461663,6.900883883720343,1.046077566407931,-9.863105518193194,-6.517167185885738,9.932883445896611,-7.057908855263102,5.123498223741706,-7.281122156179451,3.920226491300834,-5.494316487685462,-7.419274612041685,0.509502787407595,-1.876117984326701,2.995555331440656,-9.727474470077158,8.232473308471256,1.517503812055445,-6.819054908326247,4.183359849454927,6.546657210688757,3.298381625250098,-2.178091301898877,5.226384233068277,-5.876442645689400,-2.925549741578592,2.759226128325480,6.298647196627655,-4.977177803299810,6.832550968624982,3.279167352851324,4.686244314168013,2.894191701500123,5.266448232378087,1.816107650303360,0.668392697449855,9.757091584541982,-7.172070483784498,-1.563208793867076,4.596005281296168,-4.667243395783731,6.646107779601472,1.010030344395618,-7.106761972344970,2.214703762698356,1.676950589600752,-3.722028337552945,1.827444986949210,-5.634126081163322,2.217078872915108,-2.920351112733397,-8.379991080329933,8.192567347190568,-1.339542380750398,-7.712488823888613,1.027224535297391,8.935062258891069,2.119859250845881,5.873095487592222,-3.331908220489261,-9.938454979461124,-0.116909460111499,2.982070203074553,-2.092980309090806,-6.467043888864761,7.539767320162237,6.240038058868429,-7.765866217178354,3.319073436965880,9.256702562535406,0.732553994709155,-8.368896017724030,8.058381580801800,-4.426262470893995,-5.560051177695895,0.427053370958799,5.431868428022831,-4.617782023441571,-3.149734916858282,-9.078484684924417,-9.172318709157052,-4.495804085186375,0.903406295181226,-9.111078755374432,8.693963605967319,8.669514739866329,5.124362621606966,-8.744613259740477,4.939883481604996,-4.193349543998933,4.353319576724559,3.088858205510130,1.452185771812884,0.372763339942354,0.407923397342154,0.314767279064602,8.750196128174757,8.073486975241451,1.850257076672531,-7.598200630160603,-0.647677375862193,3.348393717970700,8.975274695733454,3.991347657370849,5.266386477159763
-9.722221483035483,-0.732517795099966,-6.775543855780080,7.656941999785619,-9.875831868642289,1.252487199125836,8.260606460039902,-0.728179447065582,7.824098309759307,-3.464385137241381,-7.103418925469849,9.250761108309842,-0.174097483978738,9.650661249636581,-3.481933377965154,9.563418101516280,-6.925018043433662,-0.867408455336797,-8.174220467291335,-4.258078144670094,-8.372400983336405,9.711567769595405,4.181735415265763,9.908258167825792,0.822203670515007,3.779556273958812,8.044882683348121,8.062609941210393,1.051647777148776,-9.688725338721728,-0.679716874175897,5.136262091493379,7.946078547357402,-1.412998934839408,-7.058729769270194,9.714667813544509,-7.572890473712766,0.447918736352587,2.972573988914476,5.677170323379885,-8.554494821148118,-1.513069886399609,-1.761716789898184,-7.694656385838268,-0.809870670583177,2.149158566286143,-2.078851102494936,0.278464821786885,-9.362801460533346,-2.053959677522279,4.237656164048420,-7.309751272763226,-5.735073757112847,4.868587876696690,-5.494131974376883,0.768888006665689,-1.819061981892052,-4.705160277793312,-2.921479261645650,-9.761930803042961,4.607164535045774,-6.269234589186632,7.752514483731090,3.144802235519716,-5.353453621707727,-3.213740939867085,2.612276287977419,-6.020674996719011,-3.647719958615441,3.120226861716977,1.158883196219602,6.816946375642889,6.839745978191946,-1.759779550874542,8.486465843750352,-1.593896286738554,-5.821043164051048,8.446892569032009,7.505287563953271,-5.636794495175845,9.801451507174125,-7.486791827189871,-4.094467982010905,-6.712262926142731,5.676905028138293,4.749531816599843,-0.914902061950452,6.832561834597417,-6.355723482621427,-8.623954353184935,-7.588170091858720,-2.424640319970641,-9.706437116898170,-8.546324803611096,4.582235960401732,2.238130880227782,9.074272663867454,1.337388470641381,0.268755445154575,-6.349562062650396,-6.889878714266588,5.682873300097178,0.996338895978164,-2.924833539204470,-5.861571529783618,3.183264606935758,8.144871666426724,0.870590101577914,9.685699406938141,0.287525188964054,5.514880298006018,1.385541835876474,4.645108485775367,3.666811443475360,4.021458999319851,-7.012382298891313,3.986551763947650,4.358142199866979,1.377543661713020,-6.909044976401937,-6.128679448304039,9.397069074312306,4.516698024578869,2.406881749097721,8.503953097021395,-7.612469873350046,1.305643750632260,-7.620825045029025,-4.510912213082035,0.399572503140330,8.743189312416796,-3.095893017325693,-8.283137669213335,-5.957002585260400,0.674415885292081,-4.186595077516837,0.952193109937729,8.945104764828134,5.458678163988575,-3.171312599045832,-2.113845397758385,0.472194033610325,2.922240773846070,1.097111675723079,6.199597624213560,-1.972281326261765,1.530002361819246,9.315138646225567,-3.157020298418571,-5.473301352191539
3.973182858572560,-8.123676491103662,-3.325224295921407,-1.507080788454783,-1.003992272126169,-2.969057256737373,-8.195168863864090,-7.695611351592513,-1.764815858404043,2.796443917607483,4.930507862005477,9.073404362203171,-0.231267297692813,-4.455228210037894,6.769735054273646,-5.861290589634269,-2.906574279161589,-4.281070835266354,1.907336960737682,-2.543105072311742,-0.190552687330305,3.986605542731180,7.647358428758185,1.056118943102222,4.379615324574328,-0.637920751844730,-1.635497300877146,-1.324531691664268,-0.072497020130067,2.712307585328091,-2.108489944765730,-2.098409917543935,0.699853648550961,6.088558853780533,9.074801625476741,7.566616468216989,7.646766861652111,-6.895322938594401,-0.062180538146688,-1.263023042149509,0.696413616895168,8.100644981995931,5.713172174184709,-2.854038659846823,-1.967306418752365,-7.877745938331646,4.925884264780906,5.299854109532783,3.813862662625853,7.791734723969114,-8.858083230632637,9.245165215773998,-7.001493606296957,-7.505833290915794,9.194674255826470,-4.190468713415609,2.372206964232092,-3.011201075985836,-1.334292163364506,6.603296440242659,-0.909196941661506,-2.399373455453224,2.786796002810533,-1.722319586998042,-6.865272623452221,-4.626258988538501,-0.766915159373756,-5.105951275493839,-8.711023664800170,-5.974879375743416,-3.093875478306789,-5.561190375142619,-5.605320725192479,0.221569637215808,3.843581995572718,-2.789897628419624,-4.209641076521280,5.627413927463651,0.915106260529212,1.530459024038116,0.739939515180057,3.758093456072533,-5.358667778997228,5.512170282790818,9.304464404495075,-9.163684384880481,9.204442829599135,2.609950703573205,-6.740576975151543,2.871314033955599,3.898023434012497,0.992407765837438,7.965004602156924,8.846181533546492,3.522218192276457,3.846018373782625,-4.112642563934856,2.605140252542718,6.027239541538158,-2.654566356717043,-9.577259785570400,-1.910974102514832,9.974887152300266,8.565927688881622,3.181024502310922,9.627593973332520,1.951439533778466,5.399030463553064,0.582900511839311,7.536882090414213,1.957592617013145,7.208618166116679,4.099765385027272,8.885712172963682,5.506057405864658,-9.663569721171214,-8.000255792236342,-6.819096256566157,2.872161540362619,-5.076136823020565,2.356470562008559,2.951130011357874,6.365876541839647,-4.012653056373654,-6.210322782522660,-2.207202632664387,-5.911505113449964,-5.859213486965733,-6.713563943587621,7.650069745526551,9.341728830817452,-4.043677078017835,-3.016349255607906,8.157009218266161,3.069274805035938,-3.582088779018853,-6.489350175042619,9.843734938165895,-0.153822961483204,-5.164692134363332,0.447417877920351,-3.584922785206059,-3.604169782664344,-6.913940265613149,-2.260819353613284,-8.459215675845183,4.829673146318246,-3.964515551443202,-8.542114584366601,4.403510808596511
