4.881981782468978,5.528441506909731,-6.038790185543013,-0.460223418132911,-5.075267583361455,-6.930172134681715,-0.207826244594617,-4.690376533010417,-9.934389546399574,-3.667716539877954,-9.179068822307784,-4.390756591566392,-3.106249999790625,6.164164050146557,6.526695913206535,-0.529940163399566,7.366061384239512,9.654137911618321,8.355392353379443,7.466123342149242,4.596210915635126,3.991259627122821,-2.085141256346176,-1.292205683655975,7.552307729636446,-5.691881813289259,-2.748053089915081,-3.286289800709971,2.517721518535170,-0.195409428950109,-8.635554996526928,-9.906311975236367,9.050397473808417,-2.822801193649356,-3.143344170431979,-9.493808811733601,-9.379045133901897,4.584856363365384,-0.918096636905442,0.035657155347799,-9.901041861288002,-7.032659291030754,2.921491391135120,-4.343971396107175,5.960683462792645,-1.616564138418726,8.675977016756260,9.582684998406389,1.876823465559628,1.934805303812459,9.713508669603030,-1.930263293587899,-3.156002163817256,-1.917985009226975,2.847430576735173,3.548411945731612,9.569069185520554,6.724217325036168,-3.022480174123896,-1.555940682647270,2.064510383593987,7.520354773001934,-1.378354179915274,3.889109234339321,-7.866008101859978,4.098079041060444,0.474146260908297,-8.877888232375302,-5.268278301592979,-7.152636322578891,-5.024425963291426,3.789260541666701,-1.322132168428872,-5.622090442329521,2.979332029287786,-0.041770262525638,0.840384061747361,-7.477619552756032,-4.763314283243318,-2.650190095736267,-2.634993405132395,1.559681450392254,7.355770274929416,-7.532287177463644,-5.006517450088093,1.029046340502223,-5.011460389012812,6.626996690454767,7.811767310342329,-3.597686962014837,-7.229343133311401,2.181866532299509,-5.185051618459902,1.598671067355736,-3.271930595097285,8.485479221933080,7.370771204277290,-0.928535360552408,-3.275159805469714,-7.413802861373602,-8.801848696904717,-9.184137090385398,8.234032710760630,8.477353110469632,-4.265805286559354,-0.909150282147348,-5.203006796662688,6.173083309147415,5.042188525302453,-7.133433973811156,0.752445763693078,3.553787200772902,-5.155563566232006,-6.074618574347717,6.819816360400669,-8.562133831668021,-5.995066201897020,9.776732897440482,0.174244101212729,3.217252369854943,-4.583841487893070,-0.395955159429587,6.882853096347898,-7.385620723747328,-5.078121424848295,0.633943523364840,-3.213824670866878,5.044065107113031,9.526238665910117,2.815870889904119,-6.123441528900615,3.687753560336125,8.904578819136823,3.088714500410607,3.898198798235464,-1.447459466758689,8.361338048324821,-0.987733483033606,-6.143987085404410,2.988534481615556,-9.608201270513963,-8.960256801759103,3.502178753022813,2.149014683665085,3.904886402241022,-8.631876666566669,8.325249353195161,-0.965238253236944,-9.574987766633967,2.209621627064116
8.094332945667372,2.455179957199832,-0.001613150424477,6.845965309856130,-0.320789437201427,-5.111905247710533,-1.809895218677751,9.099393959842388,0.672370972828908,-5.682227921885121,0.033425691412035,-9.234079258541792,-7.373483421520497,4.647268084851198,-9.823752477865650,0.308646130920131,2.270425394371859,6.439207300486917,4.618878139098616,-3.033663833672209,0.958862066390466,-6.772941399089367,3.678546769812105,0.964121405752890,-1.605830288570413,-9.095694095370497,-7.458376072209769,2.305030046933215,9.884151913126939,-3.040590458543766,0.518040641447515,3.299029202703023,-3.905561651975686,-8.951931164198468,5.894173533850797,5.217864526610828,8.362009690662461,-1.506746069708630,-9.204407348907564,-5.417242587688724,-5.854206979854625,1.241234567146115,3.501953981915895,5.303972234687521,-6.887076439269480,-9.531705740571727,-3.928978543380199,5.489875343907825,-4.053534725950967,-9.314560054619855,0.274421839142420,-2.260866815369960,-0.768234793123764,9.620730983993258,-9.121942337936627,5.410618272432711,-8.514392755890958,-0.246261321826506,-3.481431590123600,-6.537708122113752,7.994733041525073,8.633997220959913,9.391178934585650,-8.799250362638091,7.742961113541945,7.966178213013045,0.710131090942648,-5.310307362436111,8.440254739939206,1.662486522350399,5.227740564734020,-0.795307919267284,-7.860073141202479,-6.523577883275911,-0.666648971871822,-3.310177848443256,-3.747303134281516,-7.469259566188882,7.438687256808002,2.075022649381646,-9.581605461666275,7.287120022579970,8.046840584791251,-2.409622445815398,-2.277346723111022,3.359488172699535,-5.600460668599665,-7.416456479358273,-2.145993583491562,1.933708929367608,-8.625750307151723,-7.264359052005148,9.626336923120338,2.875172444612728,-7.933777185844527,7.407347264243871,-8.707942112520557,-6.925005100263741,4.398539336513775,-1.094162968931055,-6.635229987144140,-4.647490166484487,3.834037550228510,-4.115746229162163,-2.492709620423373,4.328163577928326,8.101992921772535,-1.795876663179792,-3.157662604548735,8.468028276462494,6.679113487263546,-6.809135049580624,-9.859986212960528,-3.776216261776337,-3.032642581524105,-6.576144036501288,-8.575023071259109,9.200579942043497,3.074612890372810,3.228960556769337,0.327440669627643,8.035268859769658,8.925027588441445,-9.376042033773647,5.422132330088674,-4.882800126324933,9.829557426848226,-8.889834825280293,6.651483410163365,7.210769022082047,-0.288610465949247,8.427468729987741,-2.968777496180845,7.975497343075656,7.252510681255544,-2.462157345243082,4.908162063505067,-9.802839765845722,-2.437278331863364,-1.055867949065901,-2.245102006250970,-0.022419895887344,-3.511903391576765,3.762906470332547,5.779850310047749,-4.103790122182849,-1.226177037028604,1.191391222967660,-7.643012972761303,3.025920923063577
-4.427275878037708,-3.881293774954388,-5.676144057324015,-6.896879081263176,-5.498351064508249,5.209807560964418,1.234339587006634,-5.855334501823231,3.790148675346241,1.198080230702809,4.048759549702430,5.737547610700490,0.715248726998958,3.202215894771959,8.045381287693825,-4.958407853211748,-7.409646626865820,-7.559465575074491,8.854579494838934,-3.691675681338529,-5.823650370060685,-5.182891758650143,-7.427018605635849,-8.038804462407359,6.343629137717624,0.204852008620573,-5.809186372691344,6.896722117061842,-1.082135417321417,-9.480451670245058,1.049828086105846,4.902596733336960,7.851487651781341,-1.786188084079141,9.233484759318127,-5.277857577745735,3.306634170460075,2.860987607576451,-1.603465022613195,3.809912299434599,9.890043524940879,4.362871765743375,1.505901689463311,0.545253050850059,0.748295766982318,-1.183438355089219,-7.459056809184823,4.213564682512585,1.350744548685974,-8.364791480510796,2.776734981637150,-2.605415247421021,6.185267548578551,-9.296878217323583,-7.469779322531735,8.404510048999200,-1.965074727529963,0.464490942091988,-0.844363167932510,-3.507566085983544,5.347196651970215,-6.772220377529258,9.490503417383962,8.333776080752965,3.309003114365538,2.688171598573735,-6.256285546058136,5.331510489473398,-7.662890544453427,-6.163552624426609,-6.279412802782063,2.185872758706992,-2.211908876609082,3.515068523975680,-2.260488649833706,-6.757578490632059,-7.851032107362011,-2.347214513800799,5.532695137769668,-8.886266906578292,1.363067112160222,-3.062599839890474,-1.489204505310116,-2.096722354396061,2.438716203367550,1.182100563644324,-2.724073726184355,9.861257192484029,-8.345850387054179,1.149879802559868,-5.350442345687187,-4.838639315276005,0.950745197621828,0.739754928683702,-1.623289532151308,-8.328931129642854,5.780907422174966,0.058170701631873,2.368104247258138,-5.297513833066480,-7.685319835472953,-0.245369892086416,4.711745380030228,-2.672004957248236,-7.042027863090523,-1.718948901530393,4.576707294903699,-9.276713465290531,7.854470554335734,-8.065268167088707,2.241232261643892,-7.807619149703036,7.250781203777077,6.988814312839274,4.627954903489705,8.393869348972224,-0.700969820480623,4.978067234035578,6.786889126640762,-4.123155341970159,8.596613257502487,-9.567419319396430,-5.614259507922195,2.253468687619657,-9.971303493146033,3.173682339744396,0.069365008467324,-6.378940116103180,-4.735100594619077,-6.504724548304097,-1.882900541931205,-8.924221895906843,9.828112996139463,2.808029374431376,-4.265035292720800,2.657038601736783,-7.092470728762779,-8.806039274375827,8.573035508331145,8.598345367960050,-6.622968185107094,0.486292312065167,4.226809407313803,3.909725822129976,2.178106164254208,0.368736124060355,7.930616578510048,4.068103894097334,-5.047031308764693,4.451064239058791
8.101355409910738,7.120965785682781,1.603260267320255,2.502668865324065,9.835387503376655,6.733257667929252,9.216486360424362,5.700465136391944,9.332690549907756,-2.884477859953867,2.727372167125646,9.661476118507178,1.948881718507662,8.364741673906380,1.188793434554395,-9.094682098727993,3.057996435778399,4.299148127097556,3.863268809249485,9.188914727018428,4.716561402076920,-7.339303270475819,4.019802778053961,-7.913658798270879,-6.343110050768006,-0.068953006296695,7.448230819545717,0.966421694532393,8.059526699026211,7.701560572275401,7.187115983969182,-7.204109861033663,2.404253934562330,5.967052684724584,-1.023662313666222,8.292082993461406,-7.999778104144061,4.786330691320750,-7.152309123312093,-6.220591873109353,-7.140577682461320,4.806629591653026,-1.244329011393834,-4.216919806313621,-8.958551709151660,-1.445345691335710,-8.505447040461409,1.289437166783618,-7.277068627096900,6.077884831172607,-4.913692532527563,4.449641602923403,-3.907475783992145,-5.920124574797347,6.525249231582187,-8.328940305313102,-0.260823368334066,0.624630220620029,-0.888552721032518,-4.193259541426880,4.989818251906669,9.613893034306237,-0.658678730486583,-0.244850774726160,-7.379941773387763,2.199109902734444,8.406640469018779,0.538967793058067,8.487400172799507,-7.360109666923340,3.093587505561823,2.827969961919123,3.518213552001910,-4.065543256899408,3.634182275652396,-6.369596237558528,-7.909132354642128,8.416126768715941,7.326773883483007,9.512150876452566,3.801939435228634,5.417633023685182,1.447320313825902,8.754215820272162,-4.933769650693495,-0.642444706058505,-6.883130330355596,6.735295613260178,-9.732374285560066,-2.639165306523670,-5.376359453696809,-5.644985530553052,-0.099998239878049,1.462881475345245,-3.430292367815393,-5.361999387491059,2.203414600383226,6.155720430355100,0.781136480968609,6.773090943450406,2.612710516976691,-5.608349650496418,-7.604257458147199,1.601680559535501,8.464263743619167,8.965335667982611,-1.213068393128109,6.688646607859027,5.389024160890518,-3.001555418038617,5.749051006607749,-3.357371380154639,-9.323560844467504,-9.893078493509801,3.051625716803173,1.551508117862884,9.179143994351772,5.611448341493485,2.795988277266048,0.983505221399914,3.758779984597940,2.554602538511769,-3.803115482928021,4.964034085745206,-8.994931977627393,2.252032730694459,-5.421800730145778,-9.534787205275562,-6.440705787712582,-1.401044368526430,1.902386082631262,1.804766288502634,1.960140905036056,-7.590424117102286,7.765456251313090,-9.028124609184419,0.841699796256545,2.171257861071370,-0.772109133874547,-4.725458964888993,0.497938172270832,-0.592104564389258,-3.223422684191821,2.102132060209902,7.624507315105728,8.563381157208518,-8.711564158719403,-6.290947412012578,-5.519060983123961,-3.374389472983747
7.127237403009897,-1.196587075069974,5.069680526649993,0.694541507829785,-5.874468031590851,-8.934457885640699,7.349097219299928,5.493987268972527,3.281240837485729,-3.766914055810271,-6.272298119951811,9.115991008610816,8.699373436835025,8.291419416078671,-9.144438512297191,5.936750916500626,6.138831133858066,9.379141627656505,4.717665174519487,1.830665203658759,6.926974910457620,5.167729391826906,-7.791509025366102,-7.042996174009934,0.656488793751057,-8.434933867056955,6.233609168311705,2.231987098054059,7.119163756609190,-7.392295243689802,-7.295462522945062,9.139541769050087,8.261201333755338,6.808004851726324,9.443634536754416,-0.188327450356416,5.165850864306552,8.878383376645846,-7.709154184706613,5.047386357737127,6.145025700415168,3.546299211079244,5.469176881530109,9.158896210683046,2.664518997619339,7.844573733672256,7.289016600946624,-1.103097071648611,-4.137866797711498,0.203208282367680,-7.638617493366242,6.798067351279034,1.105326323101398,2.853563944547711,1.448938209981259,-6.215666941188487,-5.130067546773056,-2.814429837742063,-6.432665468833305,-9.484001710891249,2.963019426992886,9.578174652246759,6.449118665848712,6.519962246996410,-1.574617956530847,3.714603470156641,-8.275886960323522,-5.718087550080475,-9.082827292576921,9.937588024803482,-5.967443832403787,-3.864294446744168,6.688740382020399,-7.682429589240884,-3.287885786646014,-7.191480591342037,6.344193986982425,6.720069071295669,8.422910310019148,-0.655504042138018,-2.873860372939914,-8.616247060343298,-9.561337384340574,6.316342696418996,-2.397124153058883,1.456253377811208,-3.604863989781075,-4.349267892586576,2.359423236660614,-2.845283097164948,-8.220422787982066,-8.380164618639780,-2.444909175983023,-0.801734552521250,-9.863919533165825,8.622136682654844,-2.262152771096410,4.166872101717203,-3.112318552333595,7.577629372928428,-2.908551374302495,6.966379393585896,1.729744020662070,-2.224940859462208,0.659390945570351,6.959663160496540,0.717538590164406,5.753346108772188,-5.722439501643599,-1.040500443196313,8.412254786297225,-2.799506482058305,-6.174599628990054,9.050611433820166,-0.094832339481297,-1.612016901831970,2.531697933992678,-4.698945654880033,2.677932595321046,-8.905502693874997,7.961448562189396,2.550888664586173,-5.726405419612854,-9.479518989275476,-2.087212334512709,2.361903869964049,-4.015191003065515,7.906756593604054,-2.505318873064571,3.932930411540358,8.478010149043765,6.780537246490962,0.514009435744452,1.117334157484295,-0.404845888027747,-2.935516444587821,-4.119187762118351,8.572462390726507,-9.363599992131952,-6.997070412084138,3.388776554913891,6.475519819812607,7.619022102726984,-2.629949679229712,3.341347075427322,3.422468243816702,-4.061630243045109,3.059697449631464,-7.586812774716439,-6.363712549702473
-6.002425488530996,-4.732777580426384,8.614008299604322,-0.598539543934598,2.734049180989500,-1.562618673652922,0.334464341774892,3.635052773041725,-1.932025277654393,1.058356291006351,0.379037055594058,-5.589190750997204,5.407662369053085,3.397690768939562,1.317793029736032,-9.355062351669304,-3.850751709575966,-8.049435542418124,8.992757314187713,-6.629026090687304,-7.001680314987926,2.122199748573156,1.458021449007951,1.559775956282207,-4.717512185554891,6.851513768099601,-4.758435838158763,-7.568882710906983,1.441004902656184,-2.214954060022993,-9.205186384645943,-2.913268659421768,-6.512078597747026,5.821933365544336,-8.184887503991485,4.025537293255075,-7.099905895511029,3.278156174847410,-1.059944857409851,-4.405475685408531,-6.455034248900953,2.103203456912928,-7.870632579019546,-0.544287784581375,-8.937164318559670,-4.179112324221752,-1.788377383256840,1.138841271371515,1.194879664151392,7.905529078719418,-8.137331110833689,9.423929831230854,7.349178198180329,-2.126160049396145,-9.558425097271382,-3.549172582170694,0.995482963484779,7.784796753430474,9.379313668517412,-7.132039650272222,3.430696980793257,9.036233518434152,-9.236725999950547,-4.101847953411148,-0.704448348526139,-8.745658169775234,0.521889302372408,-5.799855229841542,2.061168872501620,-8.340648146425178,-4.206340533213490,5.696548312243666,-2.148186498560687,8.420062675412584,-2.556088010993194,0.814183249934857,2.976965553982927,-5.991900308134550,-0.797982311878062,5.806963281333976,-3.564382939711457,0.420521466263589,-1.691654846368873,5.930035331269409,1.991743136294620,-3.245735690326750,4.363796655584864,-3.862306427287880,-2.947990969488361,-5.915727838991412,7.835268041442308,4.364143969143765,4.123144419741376,9.803389154732223,-9.200732873504844,0.752036417718763,-9.325967333426920,8.105924638179808,-0.806602021072553,-6.898202432364810,-0.206917513686415,-6.266447236365873,-7.844196697067433,-8.234312222893713,0.482192120413849,5.372614702207448,1.983429142673385,-3.564126763988959,9.618595126013947,-6.943985279377458,1.936115267711290,-4.970534906017814,9.210973407598630,-1.394010352151057,8.127556807789638,-6.107067344114769,-4.113411872148713,-1.294687638768686,8.992260765621811,1.573345777068329,-5.610147035511853,-9.900540631114721,-3.607763211041144,-1.261988302743546,6.468164304809783,9.411967272185574,2.860382046653880,8.274010593614353,-4.042843967063751,6.741751664293353,1.232244762803283,5.913849818642525,2.951121872333198,-1.160332585715828,-2.808668787012398,-7.587736406404213,-7.002851722002128,-8.520846890633072,3.400883945168179,4.281963109610805,7.648864523222898,-5.330692039440343,-7.408432108746337,-4.876495357652438,9.778587897076907,-8.759042526827766,1.217749480492303,4.925006224262889,3.350226152715685,9.557644144831851
-6.212596979253613,5.742050428475856,8.055278635778251,6.149892061128966,8.755895323362900,-9.555977798014315,6.247705588029195,6.660640927342889,8.858455923646417,9.870095836104603,3.330828164002668,-9.461466817367155,-3.712310814033881,3.290164168556464,4.622426309095323,-2.441185609199668,5.341103953952278,9.830458238818007,-0.339167955557178,-8.417583121976627,4.226666567240269,7.397012219341281,-8.207793326216118,-4.330211950368168,-0.763234446863768,1.818542192262901,0.481617813544171,6.218002726539829,-9.846321810050455,3.670850777374426,-3.352242149427182,-3.845447215826758,-8.676919385796424,-0.326792058293048,-7.276837433298946,-2.371668524341855,9.012322863042673,7.193302926764368,4.709851078261980,0.130123583546268,-2.210849363093281,5.130093078902817,9.201282416222725,1.686714565102632,0.660594034466479,2.672662666478837,-3.430121840484228,4.539939791835380,4.597785805938804,-8.829959582659630,-5.009913311442955,5.113129213495251,-7.378383030372866,-9.368634571922749,2.418055651232416,-9.423460285784660,-4.977855968417810,4.211311528198552,-3.481391063707515,3.524421462117894,3.618673542609610,-1.539887074513617,-6.252443228264881,-3.955827161671928,7.711991894837546,-4.543112257720154,-7.128030265480405,5.214318032106553,6.422099106735768,0.017099466452965,-4.553310654101084,-9.099795999230755,5.310572094533015,1.855575403844391,-2.971266318035168,9.913505533399483,8.234934296702100,2.915709914752343,1.725457656614665,-2.303620866598561,5.265904662396498,2.509964104438804,-9.106198269922478,-6.890591320117812,-3.100406407587655,-4.388768382851018,-8.800747516877001,3.746554328660348,4.455139425232408,2.923287939427556,3.108556951339844,-9.492553638955641,5.975411004562510,-5.727087428229492,8.750235082810391,-3.651427144966759,-7.038482112664292,-5.989193753055469,4.181136103383412,8.739960757296132,0.548310384416448,-6.346502436476424,1.285663103360806,-6.098168053691970,-7.522697941765193,-0.896348560822872,-8.234386798527144,-4.806753372915963,1.033107928763627,-6.568807244463639,6.338382435985530,6.076487944031371,-9.587200601196567,9.851229293906492,6.769163973831603,3.464575838336099,5.327489280941485,4.017070625838123,-6.845535075504177,6.403066552947902,-3.342109037294982,8.210600677349163,-4.399523558582175,-7.618195808226687,-4.708390236763691,-7.323138830688867,6.976353129158259,-3.240897518696492,-6.788040656329885,-2.839474299635856,7.677340168510000,2.003776229867434,9.130197376290972,0.923356580598249,-7.390454915408338,2.278048221773428,4.343531008574219,2.323693940221014,1.724286025884661,-8.427625504211438,-9.877748641928594,0.844503376244969,-4.687198682729957,-4.505900462034226,-2.321377674971144,-4.288357283505317,8.390035224698963,7.887880157266476,-8.090376752175359,-5.365351157541401
-7.753932784566635,6.850913395437669,5.459664366101835,-6.406548336137781,-4.450329599006977,-4.642395197598783,-3.565836856557622,-2.746684854001877,3.450023001873019,-6.384023260046476,-0.821484262011703,-6.610754470568843,6.909926355520252,-4.958849852680503,-1.813512446689629,2.105926001951362,1.019870582701255,-8.309262528792217,-1.116143719288491,1.876826914636245,-3.883115894346931,-8.597662535520556,-5.944706509953610,2.871771904530263,-4.832253566718201,-2.468836472571247,-3.551679277631905,0.785814134449003,-4.077310622439949,4.341254783198902,3.458456082135504,-0.990326832071410,9.074672116525878,7.018763648180496,-1.897607864767902,2.320238451282206,2.864597422155624,-4.934421876625469,-4.121938982447515,3.324902007641835,-4.339730264078754,2.969030958829837,-5.817323274225618,-0.093034389763613,2.144331812571231,-3.317432243018084,-7.540932473528381,2.946847649869602,-9.924186842758616,-7.307120875922819,9.336370052057084,-8.063718955430478,4.208582455727738,-1.874933613422346,6.819805599499414,-1.676032046549466,7.943930232583824,8.433118634423188,8.138613069585855,-4.348886876048459,0.162757700605535,3.761347633610958,1.308711679568720,-3.522358347481056,3.245184159780516,-8.773924009771392,-9.055262542747791,-5.702503693549044,6.632207566407232,-8.377974769076582,3.835613328126943,0.633795268202352,2.880163726117724,9.140896506831201,7.990408163225510,5.048115732122522,1.045000020708457,5.822853981421879,2.108730552360385,-2.961310330256048,4.958835458302197,-0.866722084479273,8.514859043381005,0.359352068408676,-5.638406097328666,-9.051591424948754,-2.484958981147933,9.297981937499976,-4.567746706193039,6.130823800574213,-0.502671121683758,2.639301410802204,6.898294594432951,3.268122356814230,7.662604798658986,8.385968158192519,-0.343385094083093,5.041164221014871,-1.732212332740019,-9.019095141997788,-4.120054974438833,5.202990688356209,-0.919559026505233,-1.895648987962598,8.079816720342905,3.223520141744046,0.241422153017991,0.341025309471210,-4.794208966813020,2.084838166908423,-0.082502770346416,0.359959254728860,-9.559940306490420,3.160844239773922,-0.260839928533672,-4.840279376549677,1.486218469135725,-1.221766544440356,6.383940672113479,-9.548448698647716,-6.163357512524954,-3.485753151048883,-9.720712597221745,1.446794645040928,4.352447668034634,2.735369292687944,0.325547127874675,-5.093994608641720,1.235434607093296,9.371700521611238,1.361212450647464,-4.656242949230580,9.556479831637969,-6.940295175723106,3.505257545613532,-3.892433178114327,5.599678066091833,4.611464515295955,4.603761999565155,1.084609379909882,5.878147400000078,9.743278589973080,5.666499823488087,-6.165867712795072,9.135355624771289,-2.033320089764312,7.611883229104727,-1.075995531337075,-7.139507654034521,-7.597821782075645
6.641026184176479,0.648695002968946,-8.442406364105748,2.143504136235254,-3.952598301643164,8.216483194367459,-0.453997178869889,-9.789958683220068,-4.242042069990493,8.383846040720616,-5.924436698803087,-1.434721837586162,0.611087749941719,0.375583701746667,-4.613988846003174,8.262559796216976,3.129972341613458,9.426083004929712,-8.188599046023983,-9.052996725750081,-5.966247485512184,-0.919362692621988,1.141457601412483,9.359773327235082,-9.918591568209953,9.520011843318493,-2.272700991227561,9.775807229570944,-5.144603485624851,1.608948556855639,-8.673665562036676,4.955980832685636,7.009208728350341,3.812570768890760,2.992257356251226,3.645359507541414,-6.338547236532475,5.195759955183398,5.095523514904087,5.030207085871602,-8.744950891627736,-6.347303538921847,0.197756470192274,9.551036156328347,7.206503068010928,8.721110861867377,4.151960487268774,4.031877661913432,3.650704344121596,1.631412198540191,3.709945643209236,3.994039095248725,5.202274856549653,-6.177371010425235,-3.756566546048647,-2.191637489705823,-3.549713533097430,-4.718843290112993,-7.135256581168015,-8.527835024400579,-6.286341561257003,-7.843317982544493,-6.086243576792301,7.309546646395535,-1.345204305119177,-9.885445355237351,-9.583449564835291,9.125337632896404,4.549793921520266,-7.486009717839539,6.418806748118833,2.174798948548744,0.644285498890415,-1.424274116182767,-9.738690336598317,4.978006620985248,-8.410292397797022,7.891812956050458,3.522786879152696,4.828594173491719,-4.277825803108088,-5.212351237299206,-8.217716289582119,-0.089222560351569,-9.472707415733350,-6.038913612647228,-4.952730495665101,-0.884277162191317,-8.019975950369764,-2.949309213171684,-9.157505593315459,6.617151722959818,0.851894116988571,-7.587913084160343,2.666353254745630,-4.029776099964324,-6.765421518686868,0.565082088415569,9.359028832750973,6.525852928238653,-4.937740681291269,9.677969614583233,2.250195969265228,8.601403113473850,5.478202218137234,-5.338163610154769,2.209760829789637,-3.551696546386943,6.906174854977856,7.803578827070471,-4.810270093339146,7.976327411218229,-5.178149580636218,-9.380914212803802,0.959899509872173,1.725355801344291,-2.912210087174348,4.802173757382064,6.579425875154058,0.658255587922634,-3.434324606795737,-2.469613707276068,-0.775618552962126,-0.209414766058964,7.158711625309262,9.463963225310906,-5.580788077351602,-0.059760675145348,7.927594927879550,5.457450715477691,6.462002426600293,-3.204901366552095,-0.529650633034755,3.617779894216591,5.452144131307969,-5.090501793564468,-4.001521935988423,-3.328952747968592,4.467733706700106,-4.640594048257296,7.195691490881192,6.044416547546000,2.215923916352979,-5.646393281941917,1.871826830752251,-4.179419735356024,-9.800339686135056,-6.683879713591714,-2.303037598341913,-5.637496140224634
-6.704352703358087,-2.116963638311569,-7.912649790764787,9.773315555577234,3.546170524457279,-6.371073788064765,3.659452601819019,2.111763293653963,8.471720888148454,-6.839882059460867,-8.737648852582131,4.875460437836480,2.252852058303137,-3.248592290788399,7.157774526827712,7.828843081060921,-3.706354647655696,0.526366234797596,-8.744601432014719,-9.374613686116815,-0.239786428600304,6.649441757461840,-7.383108098055606,-1.412953955855565,7.874105528739562,4.945301713662699,-2.581089451460528,9.231394325403123,7.522151101164745,9.021782437446664,-1.300043073342076,9.371758687775852,-5.649192866848177,-7.801749851652017,-5.993179591859395,1.846721503552772,4.548483897471529,-9.320559748252791,-0.292696133145483,5.247622757793113,-4.594750957899619,-9.329446637548868,9.523145259245510,1.508993994936061,-5.114488171268117,-8.990125290318002,-0.461744076322724,3.246057705641274,6.523546931595806,0.330103746320145,-7.291517606634718,5.735681571607969,-0.096374534294183,8.493361244341671,-6.725430532294721,9.029877176003435,-2.060991771291450,3.533251595254907,1.142875901532616,-3.656991533606120,-6.402685260615253,-0.202551937994881,2.445044382503774,-2.267177770543993,6.097768478802404,7.035892206310347,3.456357047275425,9.199284972315468,-9.527324410887111,2.501238520898506,7.750375091377265,7.104943097981465,-0.413185939121599,-3.309019021217720,6.497051067047394,7.544277326089336,-5.249917105593884,9.742326028033570,-7.250274909922590,5.412025726104112,-3.563417399100874,2.049122799304568,-0.815657948711131,-9.533934042245583,-4.307277328346832,4.614276636410050,3.268187431130249,1.944234405330947,4.257080582714487,-3.824508277821521,8.265444758829567,-2.084593369993028,3.283042373560782,4.596472500400733,9.758652111914415,3.981022672039476,4.554880858826502,-5.730418576376605,-6.888262880738385,-8.723600843642821,-6.425069255478613,-3.539553198601764,-1.670805891131952,7.610908807553653,2.308018801793297,4.409542322850623,-2.674569087171472,-4.816499584365479,-5.358153846740628,1.665425171930988,8.531246738679314,1.428148849700561,6.987336711159692,-8.646799091292912,2.691851855018445,-6.170653965289754,-4.688741836544848,2.080505687034089,2.081869514438795,-4.391156061667141,6.962662235754880,4.561747192306191,-7.747087968488136,3.625972339486543,1.514037057172077,5.352675927079410,6.370841671471467,4.005642609477164,7.307221178446603,-5.083196541703463,-9.755355930778361,-7.610636766066654,8.531015388394930,2.229736527569454,9.994663053513712,9.305466166785486,0.150300721787247,-4.393402833965927,-0.445701172356447,5.476134461050677,-3.172628755599229,2.303949652136382,-4.622958675476028,-0.141351208870034,-9.638159213820671,5.306114062273153,-9.717750248894500,4.025596980564075,-9.101072126395708,1.822467114850015
0.404769957569815,5.024859492978431,-6.689966395955032,-4.926679824532743,8.900085930466318,6.472158475125639,3.800779177009716,-9.507285128272478,7.518741426007306,-3.978890283488587,-2.290338849303300,0.883917290160174,-8.162541957059338,-3.028482065783297,-2.452025065471171,2.994723448668795,-9.403118013561908,5.343339992680891,9.993679214247955,-7.768693225898651,4.642500241083656,-0.754573949710922,7.639164036045678,7.803453871804237,-0.055044625774821,-1.114915633871709,5.839087530625207,8.382015751659310,-7.664007008328300,-9.739368748782926,-2.486163276316818,-0.480243650323501,-6.741801363825664,4.627825339355372,8.008585174985466,7.065273552922104,4.610686841479723,8.756706851594746,-0.531515727929557,-3.697871513567009,-3.196483331806306,6.689948049312555,7.346798339612583,-8.655356734218431,-9.165006373722642,0.466082380704052,-4.207475457214473,9.650355670779593,0.274374705312690,-3.682497967717271,1.869778154248710,-0.474578562616301,-9.337733620376730,1.702933089316428,-4.497836188890647,7.700334766364140,7.177627760054666,-8.937817728471531,4.162947462559776,8.558783227603271,5.656890177550448,-7.780625346899424,-8.229004653929637,-0.053293213882551,5.750600800590469,-3.248492016954718,-8.673028836316020,2.373031855598162,-3.012759203426540,-8.840014660925412,4.094501410098211,8.600478486662773,6.225174199898003,7.475485391823483,3.002335016996247,8.227156732371306,-7.148770440470750,8.402800497291885,2.716083858491716,-5.868847928099434,4.245471080822076,6.966715721050257,-6.871352401542761,1.425750633264308,0.718856570754436,3.786795328459871,6.033045769697083,-7.364953539653376,-0.841190502076881,-9.544001822809012,1.167189452237899,0.422173602386369,9.414382083917957,6.739834280196941,6.581558632192539,-8.715482056603312,7.751909001576230,8.362049859029849,1.246981285129678,3.832998498831476,-6.488242901168872,-2.725272505601901,-3.984936209139849,-5.511160526006858,-6.298531016054447,2.068077532090719,0.450325584605444,8.818833318208437,-0.859759090602561,1.396306695512591,-5.244955703944734,3.665639718943492,-9.925320730065060,2.878109335847007,7.204792741868641,-3.625653658708647,0.951614223633467,-2.809808642472342,9.693875498715453,5.711192270304926,4.222433320710746,-8.191385696014912,3.365742686050073,-4.047609068887263,-8.738023771689210,5.963021702015007,-4.907622824954398,0.537237644724964,2.855334946247430,2.703306476857808,3.727744557830579,-0.388561818312814,8.098562226656771,0.648347488531357,1.122289007358786,-5.733826034050729,7.618337125848303,4.372646754403478,3.308947579859900,7.441481750452152,-9.548037186811243,8.641536404426486,-0.476240300106793,-4.497199688432534,5.181700839127526,1.562683993179528,9.566080920631748,-5.468699665933778,7.386097794379147,-1.390054299319768
4.329648901957928,9.746153508142172,-2.851379021996145,2.030459900012623,8.678082682241335,6.797139147910354,-9.498473643067008,-1.852110302224094,8.976813780337270,-0.436877772026861,-0.163295574933379,4.102401914389805,-2.845340530170746,0.673076543746660,-5.623204639083710,-3.733874063473359,-0.116269972572656,-0.108314813353340,-0.791149662247134,8.589438406139031,4.455098507687721,-6.659589008574878,4.938484075232603,-8.272097479382701,-0.313407844417901,-7.394830711306851,1.040084245177189,4.032263689073350,-7.987534782976986,-8.968810238748571,-6.701922334014736,4.290819349921794,-1.924084789044789,1.332723625940407,1.781102389669115,-4.728343549254781,-8.653322475122069,4.669414424405435,-2.609160116995845,-3.828862500722092,4.543411303449647,6.207233992765016,-3.747976816277301,-0.805330865969152,4.806717816229597,-6.141929231752730,8.836805634584334,9.299526649776279,1.846082374499105,-0.787814634043617,9.808402919235057,1.772048215653717,-2.309000516189710,-8.065491432537000,-0.436425437553991,-8.559792059369880,9.214577777022427,1.163461187838609,7.485707015673256,-4.195196909787215,3.652896214307319,-6.609375760069010,-7.018264407771193,9.327755511114155,5.466437478771587,-7.844640986392733,3.543596055782407,7.562483504566142,0.947198889073286,-8.393166090676745,-5.486488346360701,-9.290960820430271,7.614240915704546,-9.957359106511456,-4.497361564821656,6.190724465138292,-6.218570948382503,-9.401107747808524,-3.134398917776129,-4.680211690077249,-8.309191874952596,3.683903365625197,-1.580518812541836,6.262116445047504,0.396634825557094,3.765093100425698,-7.450295381734168,3.431558243929423,2.737432386689786,4.712735346856253,1.895576247760268,8.826251351794895,-7.651688931788159,9.561238591179972,-3.425037380082196,-1.090970052116148,2.204368728954616,-7.981255055774039,5.337947978122484,-5.569190799531983,-8.716281383224111,-5.864232884476428,0.077216905621549,9.562234175766864,-1.977865157333312,9.744106632883852,-3.863068285214089,6.164924429779099,-1.495466122494360,2.260160845321810,8.103493532239753,4.034760937708825,-7.337701254487985,3.751355104068963,-4.635846982273090,-8.320127332577785,-6.754339385626436,5.606548339983505,3.723929744344819,6.838159668015880,-3.302607022163874,4.032460338181611,-1.306023342292011,-0.714590421047959,-4.457265181254484,9.913089160398322,9.422796343392044,5.703449827465437,-5.568505346287919,-4.956112900813685,4.761650893223091,6.625248060520150,-2.741711676289849,8.674935851079436,-2.203295228027107,-6.534150096549807,-6.448196082164945,-4.092233785982808,8.431332389019964,-9.985608083218864,-4.589854277535390,5.160260411775791,-0.619311615458379,1.890773359692606,4.858636703233277,-5.742490821896993,5.954295324093096,4.071739890879776,-0.842772169598447,1.977496304719084
5.189062009881058,-7.124516434277981,3.513480652917893,-5.899612051084702,1.953590578270317,8.721234107700241,7.584457677901710,5.608063805665740,-3.136780733747042,-8.615054493853622,-6.837782547762934,-8.468390386793354,9.874659047565824,-6.293463658673682,-6.003064259719329,6.325945660329623,-3.699106053647759,9.254379569878338,-7.217073321106621,4.401002567329904,-7.237270699052491,0.750621979693735,-3.460002516733713,-5.898499058621502,-0.242914440070717,-8.309380437601437,5.081040371796862,5.188826043345141,-3.314901388761400,-4.964788290514591,-5.944417641396229,-1.098387362593396,-4.856404170901614,-8.262137044115065,-5.458498160317031,-3.814171685833063,6.874638826749791,1.111001807217480,2.630823233832347,1.961451466231454,-9.300511835166533,-5.120474060014653,2.219103742031560,-4.870988498320576,-0.361856589843814,-5.884456602337540,5.476818348357293,-5.606594908519509,2.061179097134588,4.244520731118062,9.040342283978408,-5.338672316735686,3.472036087011872,-5.266901222471554,5.743136190804012,-3.887912440540415,6.063753943211218,-5.175120225692464,9.337838102383383,-3.673302684174516,3.596751132538428,-1.611330486129138,-7.769522853326709,-0.256244421878449,7.497806145908982,6.506288554418528,-5.688959551341835,4.358904614662913,-2.188650008452546,-9.024378489902887,4.847413242121942,5.030452372486332,8.737386937018396,3.862916136633835,0.333934911784615,-7.093039615944646,9.354573783036081,-4.490710998687019,4.487674909611696,-5.795273123119054,-7.697730699937633,5.911354092386569,0.042931888230456,-8.835054769116734,4.177527822994859,-4.244096328411711,-2.305813854568282,-8.888414264414477,6.283266986357415,-1.778400450452896,-6.806613256537855,9.073156664142676,-5.857961058526859,6.077421175874033,6.556838241922271,-6.473610840412185,-5.891992798107212,5.378092437355892,-9.298109648130030,-9.183343859954505,5.520444104646474,-2.414931469301520,-1.989802307711946,-2.466274661474657,8.580530605817270,-5.262407437576631,1.559533880021371,-4.965886429610484,-6.255810244889690,-4.484840304419599,4.574833940060756,8.985903549294143,1.204884907613026,5.793099943604997,-7.200845540631380,5.111282362794347,-1.329072929992261,-1.158999342578555,6.721988635046600,-5.289868550707332,8.836673335694595,6.158850904959355,-1.816936028669664,-1.638299941436909,-0.544381037937082,-8.579140113509462,3.457948554105350,-8.242495469818724,0.959349996720597,-4.129116175442791,1.794479283858060,-8.813784852878348,-1.234227565455164,4.426485000254907,5.607473265702945,2.712242590330963,-8.184197442006392,-0.921570762209139,3.626909384374370,-4.607746209161547,-1.984808370517118,4.708459534358113,-6.777481041229878,3.300770575412885,2.791066128685147,1.655656578984900,4.888015151439973,-3.804810773047256,4.564887685333298,-6.398906485972136
-8.724075085118804,3.217305163284124,-8.772038522940949,-2.194878202089354,6.486776240107066,-7.780936282759039,6.062682130851272,0.325924046721827,2.108145803495081,-5.056724555606007,5.769886734331193,8.151886087257047,5.900911863837671,4.327268564361052,7.662217756701839,0.481964166252657,-8.862918050330107,1.668105749416933,-6.906025322778380,4.031015159550368,5.597384752088155,3.896227872119972,6.423794476313233,8.632900994450566,8.262687903251763,-0.734807038261113,4.541260210569721,6.542744372588668,-8.739752757207208,2.253803950809329,-6.097933348476827,9.071078089647276,5.949543053033583,2.249832826418771,1.014818075878043,-5.839264348196449,9.042066016295745,-9.642787916615310,-3.694430821222303,-2.207759984056670,-5.925936324054040,-0.109517326437466,-5.730438111498475,8.504432005767718,4.182427698534143,-5.757937831603048,7.968477784109297,-8.771776469332114,2.862003932262905,3.330853939013895,0.003148548161560,4.624290515709173,-1.437614083783361,1.965334223716248,5.343190637213624,-3.537995247492161,-1.289278955196449,-0.977508905090165,-9.754903789352916,-8.745371233226848,-9.444458500952919,-8.043588708411637,0.313979359494969,-4.976147497322603,-5.701104651025228,7.029205215913464,-9.133440473686276,-5.740423358500921,-3.939106674821444,6.669751622094680,2.645062842324766,-4.072882481427267,2.878119360694038,-0.351342318009149,-0.366496879003620,9.636703627499088,9.694225117496394,1.733705445990354,-7.526809059627524,3.777642689030642,-5.618586489762169,-5.416001244255398,-7.258702114984235,7.796683156909406,6.115267092766448,-1.831968390669950,5.375737982713616,1.683903705926168,1.522811921290334,4.317774401629810,5.298212456139776,-4.141309400112330,9.211913414286371,-5.386036335006801,5.645771183228609,-1.380668257600430,-5.856224525722135,-5.132977493767859,1.107163257340771,6.228232767974436,-3.501310406810862,-1.760169706401625,1.883378543184280,-5.559935461604546,-9.027874942443868,-7.620721001089503,-4.081517201764962,1.781998362984169,6.083120914333684,8.338141098959866,2.729719491061696,-6.663693976316472,-6.853691851273753,-8.464213010860293,-6.764558211226417,-3.756664200762067,-0.576154300270908,8.556974408863926,2.994617899146917,4.733461096474663,-3.778976146108470,-2.956961927746451,2.128219970181242,-3.801946145548206,-5.362038199708003,7.881958052997984,-6.439944785476490,-7.384300129413990,-7.602109794769287,-5.817372767770868,0.070531675536067,1.379121924455337,3.969697290627831,5.386557626059410,-6.832031350311292,8.110109891488015,-8.427851246241138,-9.647056419822688,-1.974901442096700,-6.285281658145044,-1.702877009457488,3.050806808866103,3.570587422686103,-3.018807724943285,2.461610542314592,-6.725480045446599,7.326426530493290,7.042195031817741,7.467267744800154,-3.737067290858045
-4.655837443782573,-9.732814419840794,-6.072309609015689,-6.343367224719858,-5.082990764613542,-4.198213371003201,9.649864829822896,-7.015635381214540,-5.313826485750339,-3.019808589890247,9.808592246857458,-6.553655487807548,0.844498792911200,4.226186463458234,-3.571386207229854,5.450306825635741,-1.935968416240215,2.741711940593124,2.409798473377746,-2.407652941557313,-9.575572372540002,6.407702934032351,8.711186158100688,-2.328458825407782,2.985000591984504,-8.711627171843286,1.650683220333731,-5.220899325164517,3.549666682630118,-6.844325021954871,-6.118327354911708,2.808743522900869,9.865303569827006,-2.460571909501259,0.176390531425454,-1.384170261553500,-9.838621074958914,3.770552068047339,-8.213994048667569,-7.386940873575174,4.796393172922384,-0.107465571778816,8.763004891723927,-7.122766747941025,-4.087685654449833,8.023766153064550,1.787823999023958,7.175669905698744,2.003835895115047,4.241120376709276,-1.641212565278543,-4.175180098297808,2.183590024357704,-0.392251342422851,-1.504443156008165,-7.617817649193579,4.902122082541318,-1.495368385977077,-0.727415629913004,-4.016508124526174,4.300086282792346,-5.435745058055645,2.090996392693352,-7.685039639990672,-7.435809198374335,-0.418128910988781,8.831222117804273,3.845083826454751,0.626664517596016,5.453142462550797,-2.664540853594975,-7.074743957742640,8.963340201739538,-6.031718072693597,9.140677620291914,3.056025342321565,0.147606212308446,-3.556080293577519,-9.511550950393524,-3.171087867354807,-0.208776672841232,-3.246234525392873,2.108720695355506,7.017032663708843,-5.400985281488147,-0.424101106774472,0.644510700125275,-7.419498105709947,-0.170834402875567,5.912095232781331,-5.548690933473646,-3.912789912853773,-3.106165436199896,6.967813630774401,4.142631910517364,-2.133565836042372,-5.340081266156447,8.842792984559541,-4.741842963597477,7.755772040832262,1.634617035400662,-3.800803672337421,-0.363604322903111,7.477781104183801,-6.996833974607188,-4.374330103765349,0.473227722328213,-8.439516449654459,9.518547526691133,-1.364669769789881,-2.992061140951215,0.754676932834341,-3.928380779066776,-3.253933843581997,6.401977259856885,-5.315930156410216,-1.296895211103816,6.188596588561897,-1.831015948668881,-8.535587023904068,-6.726290280277903,-8.271322155418318,3.334484738544823,-8.386552442317655,9.724852966741761,-3.200128329670903,2.950521492856632,2.045194826739431,-2.541462104958592,6.702704824891484,6.178794476064624,-9.642068866751183,7.586469460386557,8.674238544923387,-0.278155462982534,8.628580461668637,-8.255379660676434,3.497358456429563,6.383966892536847,-9.065812867721322,-8.678050328582493,-8.332920989502092,-7.026992569633057,-6.877111062049588,8.492931448394106,-9.580264149368025,5.821940492829878,-4.621129379223792,-0.217126796490197,9.436230168445189
-2.710061046705707,-2.923045012369454,8.597365073486586,6.404433836886167,9.468591771897010,8.660586403257991,0.426377851359812,4.441165683375862,6.990093007285218,0.344608000722296,-9.078590344157917,-3.495827286962429,4.925830841678465,-4.947457605297449,8.905172905311662,-5.608060961994424,5.769514006192086,4.254657262598814,6.654593262759768,-6.529261495604546,2.697124956125496,-2.142322613442362,8.176849843387018,-2.406979367788082,3.152893362304635,-6.842126057154028,-2.244999715070564,-5.300309279373499,6.089963568971555,2.853737754906071,7.042792713316462,-6.609511744598193,-4.897311338223664,3.822379471427888,3.292748989321261,5.937342526259199,0.634017875525750,-9.491280488761571,2.282847955221907,0.568771294571365,6.195299385773538,0.741805712277507,-5.441945537256982,-7.793257854713440,-0.112166267793718,-7.450212565673056,1.320181557240939,0.489238143704831,-1.514491682100518,7.457755733016086,3.305539638959434,0.412377331390147,-7.252734000487305,-9.322863619507737,-6.777381447259996,7.664209338777233,-8.171640157622129,-3.549965451392736,-7.087807167594438,-8.523577030205052,-6.988237913132666,-1.075712534897633,-4.242112723784757,9.995194685027215,-7.136776418073012,-1.068098648676212,9.327041602234644,-7.642760871169214,-6.889486266979022,-3.323450047184869,3.915841219228708,-4.257724986136244,6.797564827620839,-1.635334015994648,-7.957201568597705,8.489257409654499,3.771795620165479,-6.812386920522107,-7.076016423884330,-9.981903428018690,-5.824479339410589,-4.105284513587060,0.145707634329506,8.642278217965284,-1.167936973735383,-6.220921112344293,1.715196773178590,-6.937121485557838,-9.989820207653011,5.689769854918135,-4.096572102206364,4.301695423540284,5.033051145840780,9.811597112891388,4.030636932609010,-4.267394049031472,9.773429817587967,0.207187237346210,-3.328148957390480,-8.958586108926575,4.886763773987147,0.910641113194268,-5.055987080253059,0.537178046155214,-3.393726909950631,-7.381285601382976,8.234805537608459,-2.011022615808917,-0.560746520494318,-0.158925305003791,-9.352465251328436,-1.234431017308395,-2.971603068725441,-5.437156395928213,4.473863116269438,-5.212006540483198,7.485656909235722,4.057979311929840,-3.574361300568896,-3.220555492294683,2.414364923433430,9.166489494857167,3.621118653613660,6.141623480576250,-8.823518625982578,7.789683666374323,8.448693319155723,-1.306316397202568,5.305917295105367,1.293012187733019,8.009262949104318,-6.734466363669565,8.393871435833823,-5.948554993177122,-6.679321211340503,-7.128061407995457,5.675920466998281,-4.919974668189663,-2.841794977625298,5.875662834993422,-4.907128440586601,-9.568818467790294,8.103104767397866,4.735532257609718,-7.146120251725869,-0.216062428754370,-9.553307243940257,0.213084395425822,-7.802893079311017,1.147609251779420
4.685507624685190,3.065996916130659,-2.702742926179353,-3.778078891344967,3.215168328096345,6.188215908787555,5.707026519145566,-6.145282875636793,-0.896758245417805,8.341824229954923,-0.875967580337774,-2.880050052910628,-6.054668712253108,-1.111607048115113,-8.080185312220106,-1.871102501436701,-1.986825398946506,-7.897060705228107,1.592456136858186,-3.649479198398935,-1.600622066178119,6.647495514712162,2.900356053606924,5.705979918876762,5.856038395493663,5.261195530052428,-7.220714905112842,1.228758273587749,1.916984016550300,-8.704932506219139,3.590954308864831,-6.523205028240733,-5.377003865953027,1.413516377470991,4.352618350207511,-3.448386079599580,5.617090818515969,-1.402645657462781,3.656927506741114,1.282848089835140,-3.554092048838764,-0.169186145379189,-9.335061903312416,-2.920620278434248,5.335159060056519,-7.608364641900527,3.899323945081507,-6.749492161548350,-4.841257509597011,3.496575255098747,5.248167311874505,3.749575181453604,6.634053734695701,-4.342675322017808,-0.936536876549020,6.556752621299658,1.683657207967293,-9.931874284561182,5.674296691619142,-1.852569353920275,-7.935731237906283,3.401500556352506,7.979471119951764,5.154489393812687,7.638590671122330,6.193567670673286,6.001330321141410,4.894461040939927,-9.008446740277616,3.268157360244528,7.911949951485088,1.632353262730845,2.647031934150304,2.559919446804189,6.978538352850865,-2.461543086872320,2.513568866170750,-9.408597822953645,4.888809412797322,-2.491210994168860,-2.961045218484242,-3.547429002908117,5.355102254378167,2.900808530549874,-8.389123464400130,6.791779098621301,-1.306587385609477,-8.548842710162745,4.338610165020540,-9.800003740882053,-8.576913793433313,-9.200729827315502,5.286876386812022,3.126093322398342,-1.244836519869457,-4.256510270009479,0.557109884323703,8.201203260989672,-7.068338449542317,4.131600421743631,-9.679261297148628,-4.913862783034142,-6.950184352573475,6.140359504735585,-0.535683575150461,-3.745716225486109,-0.798632838684071,-4.791705054387039,-7.099970367155697,1.127958711217477,-3.781657729770482,8.185928226792885,7.595702473825263,6.481738200539422,-5.822280388658583,3.766048964357665,0.481683481271540,3.055662375905293,8.686426065900953,-1.650063290273350,2.533268855477090,4.045706947312656,1.750599084337303,-8.268504216924345,9.906120160310003,4.875260304626245,-9.061947830179415,4.803765479723850,-2.773381524077944,1.034183120611484,3.962481205063547,-4.058061838480683,-0.714646712509257,-7.664394691013968,-7.209270192132509,9.881393893681288,-6.923194017811762,3.692722143418173,9.887014225108327,4.253889992117445,1.716009233084479,8.738550993194600,5.956699398563677,0.057841266142610,2.328299704428415,3.551464393783757,-3.163268881741487,-5.659762572056346,-8.575850861339305,9.169801934915533
-6.149599560177268,-4.545154601561401,-5.204987833909165,-8.208816160673969,-0.637585199487781,7.238868868949222,-7.793997933842278,-8.178654428236658,4.531844845761768,9.425552682319392,-2.612938753956893,-2.482806961989217,9.195310293548616,-1.958261305820166,7.068216849312943,-6.325026263360880,-6.541687688712674,-0.860466947117347,-9.095169251063222,7.866467715808568,8.354688307848402,-5.692014969878223,-5.491529175203301,9.044634888097583,-7.318340177418539,7.826943619742110,-0.546283961114487,-8.510064399141049,-1.852304523598781,0.929409321804881,3.414237161581962,-9.452253902387595,-5.289736040432391,-1.482606837722502,3.796832711101811,-3.690606928061520,3.460275147267167,1.380474808514283,-7.848348455407159,-3.947054814974800,6.068622771546014,9.969158394249209,-8.563925086265087,5.119521540729266,8.134578254920047,-3.101424838255616,-2.387492280720402,4.073536415231684,5.708558165661767,-0.949880653510586,-3.066894500112314,-2.525509364175291,-8.234555769699657,9.047156530764134,6.962528687432052,5.404889479763455,5.698834986729205,9.550098602915405,8.202232672669901,-9.922184035013565,8.884606933914633,4.564517333591464,7.484846563143041,2.400630227207545,6.153901835255073,-5.788748100349079,3.469258725716983,6.262440498803727,-7.463323486819027,-1.809250880447948,-5.779655797599032,2.132466527475561,4.345201268922347,0.912870529566996,-6.821155102080527,9.428350585436608,-1.180930151045786,0.718778940777716,7.296761757278183,3.328250600277819,7.370348973242397,4.424353354862554,-0.589100887387231,-8.420817733346883,5.824030034795811,8.067272509236034,4.892806532289748,4.687781440367386,-4.887262993890333,9.384253981933913,5.241532541916792,-4.200273568184407,-1.862256472289213,3.169679148122139,-9.691975044768599,6.637541530925720,-6.106149201765227,-4.164342297722183,0.884767566360507,2.678521842970984,-5.814929847283993,0.742122746396516,3.366855348789116,3.898042619762464,2.840528788944880,-0.059127103346594,5.040622598346951,-5.296694897380416,-0.081155942052959,-2.169456429670921,1.317515440245751,4.156911004744277,-8.593423553910116,1.779871099261515,7.022324571923306,-9.557557946874940,5.544498699483480,0.973840158801391,2.682519213824468,-2.026791212326935,2.412265726476011,4.008577900801345,3.947876453391954,2.370127928555393,3.634151267132024,-4.774246835906251,-5.247276537508170,2.989489056322514,4.754344195056166,-0.759906294917489,9.926693584344036,-1.157234364075512,6.577579118130501,-3.575033839723643,-8.747255120287337,8.947736650504805,1.763066151207557,5.492386092277586,2.877918470185332,2.866341936564631,7.079826001914004,6.415581999238977,-2.881279722338828,2.330072453422286,-6.975415584546236,-3.729799288812581,-5.167606075356761,4.416662149387214,4.011011637461383,6.658911447908721
5.506146768244669,-9.124299892790306,-5.258667534985378,-4.421360020368768,9.736804297407474,-1.905907666740127,-1.202248464693108,9.418715057411283,4.663821899707695,-4.880652808507939,-4.833733048538513,2.163335453298554,3.237248833178123,1.389207002688305,-4.355672698527673,-9.435307544580196,7.342761791271755,-8.872375814668867,0.997022491889686,0.258651929494210,8.490127880388730,-3.082884383339222,3.429084398262026,4.566786929022989,-4.997671991464370,-0.811948240579829,-8.036180834357392,5.737711178013900,9.493309400565376,0.357109162479116,4.395806237773307,-5.089948226952679,4.209293629586261,4.425907415856340,-2.063844046660639,-9.954425464235692,-9.493436681807985,-2.409730598307815,-0.645296975165724,-7.145178017881069,1.960866096726782,7.508292180119312,-0.489417034849783,8.928555275001564,-9.740487472462169,2.410361007403225,-6.739320400992616,8.885001636139577,9.429969444723678,-2.796463806771565,3.167541657483717,5.209263024197160,-1.761144985975296,-4.606599453581794,-5.358815180245800,0.512511038813599,8.439796600658568,-5.676937875917794,-2.530252135542684,-3.138253292635158,4.501871551261338,-0.321367398608794,-8.713991197581718,7.162967958266414,0.140880560316134,8.047161541641426,3.415358468103445,0.705438721926203,-1.694696848565304,2.329141294543751,5.142136565585716,2.518498643175139,-8.923642318773872,6.579118467467829,2.026540771395307,7.270391106940437,6.701657941082711,8.723397865921342,1.402935899471146,-2.765949164305330,6.010084811199729,8.067388263625833,-6.275155507397963,4.544358555319761,8.599563221823132,9.120331571119390,-2.606689270634424,-2.793078757853436,-1.014643667238067,-0.779007028806673,0.240682179617353,2.301175140802663,-8.158024499113161,-6.864751243176668,0.807444584229051,-2.612768851758682,1.939166482127213,6.973792873823047,3.535908289902869,4.969575293498972,-5.527801374265271,8.664647597577297,-7.757403739648032,2.748013143357095,-9.217374785840162,-4.816390172642564,-7.051757861242171,-7.985948024174176,7.305361720965692,7.463935042204682,1.840153477845748,-7.971164098978702,5.187691067985440,6.625336915297993,0.294089374288831,-7.210169215799347,7.540635844880857,4.772949928741895,-2.887803177452744,9.534056115014163,-7.041545387919625,8.619624718014308,8.398192815955902,-4.351228789123242,1.820005428423002,-1.860854550764179,-7.412437020485985,3.149184956623872,-6.696953931776585,4.973232533623461,7.486875772631308,8.071982824064140,4.296026177355527,3.513206798206943,1.246074471956307,8.230764819544085,4.285791478746541,-0.958671639744576,0.060171268836012,2.872796247618885,-9.046575670247684,-2.969162214041963,6.748096365853545,-5.943329438468787,-9.469676844533661,-4.540197556269678,5.439725024900298,-1.685596603241162,-7.642522118419148,4.938917931389184
-1.871321563469868,-5.178917434107042,-0.056701540352979,6.865560260724045,4.988608305457676,9.654557684937103,-6.619921239274678,3.295844481357104,-9.355907277919478,6.881700661691116,0.137176811204602,-9.894661360046424,2.531280877867141,1.708015141201608,7.802677724223322,-6.138893526640259,7.237953498455440,0.315503601377729,9.357349543355951,-2.384768649930511,-3.869974126247959,-9.337312549594882,-4.858883708477862,1.337527507633320,-1.810234901371272,1.716023067450191,-3.937123074438455,-7.970707886473138,-9.087323220386585,-6.071423756921805,-4.030114136682279,-8.923201171824493,1.920147083166100,-3.276395543448332,-7.066501389907232,-7.758973475860702,-2.325521444976111,1.545627330855076,-2.274745772866797,5.442310728050872,-5.688146333838151,5.496423693046852,-7.298284785596636,7.666790013234984,3.623126891257487,-6.604672921603411,1.985726729474626,1.526891583776875,1.075579035393057,-0.288807825547902,3.741399047593541,7.113521518700864,4.466799963192898,-4.686103080788397,-4.845836915105677,-1.505446570409317,-6.956180702769319,-6.054048608320544,9.018029196292002,-6.843905184175945,9.447048619087901,0.500877791906678,3.376236418640520,-3.083578088132104,-4.704380516110273,-1.869248128592158,-9.574699502717504,3.392624663345725,5.257980003909765,7.059338382165361,-0.109173047306982,-0.411172581614199,-1.459781254692532,-2.071994260824017,-0.810709594432200,8.325587031936163,-7.662131837984520,9.576413927543239,1.137270542275852,-3.059935089778323,2.361337636336971,9.695173732737359,-8.216472667097058,-3.641187270067611,2.999163841653260,0.275573224196835,-3.529734118267158,-3.342880362632028,-0.532927125049588,1.817294438005156,-8.929362461567576,-8.139273327504114,9.437082038587146,-2.729569693119958,0.484427241418446,8.950967596565075,-5.957961217681323,8.361011866966859,-7.773601966567920,-4.683140558096317,9.078274642890069,-7.492615463991719,9.593128265982973,4.751782037542505,5.825400725753049,-5.252038087590007,0.876680242135093,0.423772550747268,6.460616658601399,-8.640066019295713,-0.266141868631372,8.382284822658391,-5.378174170425676,9.098370244193909,-0.478230595882627,7.405865943602684,-8.272224251613133,1.172082557631571,-8.804263895159979,-8.882173665861444,5.932980579560974,3.341977181655780,7.251934039737890,-6.028078504591972,1.336102521127291,-9.591584034264390,7.108731369123326,4.611484429372730,3.953687455304172,5.987500901015334,5.930294841626594,3.906518217249875,3.373412986741917,-8.292585778825064,0.993390739712801,-6.112932537791334,2.489336526185298,3.666013199529248,0.632788776953051,4.534319030035913,-7.323773111883596,8.398321532445419,6.989303443919813,5.670542069904371,-5.660363609273366,0.208761357547457,-7.930622301726535,-5.330052709366031,-3.038735353750265,-3.687547731125623
-9.548694896385477,-5.197993634266598,4.354626534285906,-8.113580951236532,-3.502858017270320,3.688951643484851,-8.205965231367889,-9.082262638908315,-9.591613303077597,-9.038550431520875,9.108164114416198,9.451625172384126,7.279381429895540,8.204804810470062,-9.794383534225288,0.695283904883798,-2.034193507918207,6.981446434031557,9.266868042665173,-8.681670574213271,-0.647394338714133,-3.910379938631023,-8.176880894688608,-9.304223347973720,4.045515384234807,-7.603093940863362,8.582193619851761,4.630956325998934,-9.071771440438489,0.691638163441411,-8.344699332335718,8.837905518174118,-7.659613174208479,4.192969515718127,-5.057677135373506,-8.355627763529467,-4.958272969363733,-0.589120283917916,-2.662051183015361,-7.082180340465940,7.748501948276509,-3.849404375043144,-3.243124849675998,-1.274455195700435,-2.147810162841724,7.311610375707950,9.611859421684862,3.353500308851160,-9.947044484360116,6.725123973945383,3.862927413908210,-6.883537078327107,-9.926101167620693,-9.499485219636430,-6.991056724015435,0.206879777898827,3.854571984752322,5.009031492582118,-2.454471632753807,-8.953822019626330,-8.043785987146443,3.720846019576552,7.992701560562384,5.697743275063548,-6.468231432083503,-1.236737913599752,-2.970703084060718,-2.707633670440616,-3.308329251480577,4.466853890583170,-3.439495157702305,-8.270244562052183,-3.864332185040629,-7.824669765840482,6.100737136854878,7.538027131391331,-3.564286350788521,-7.285119035992508,8.841950422308479,2.958453582901475,8.318136217252000,-2.251997692847610,0.563012446698679,-1.049544211389406,4.240209966706711,1.124564530953885,5.178509513865722,-7.376108914556212,-9.262866319991094,-1.249560670571249,3.651843222541862,3.950275221138092,-4.166090061986183,-7.466400740267249,-1.733012140482105,7.753016268395047,5.798624035301801,9.298989852370553,2.808237637617641,3.923736991088527,-6.630143424606187,-8.713065823545739,-0.652201182481003,-9.575476205595081,-3.848127776740588,4.590825320066488,7.336504681488524,-1.287623928444678,-3.184753196027632,9.001180103963378,-7.912218560338180,-4.353326053735702,3.633588434749701,3.061550699522655,-9.849238003072493,-2.477302869564014,-8.341117326961156,1.464947370424294,-5.416849157155719,-3.568774228435787,1.688272248226461,-9.580006640489572,-0.654818015095318,-0.843574210179030,0.894420521521280,4.539039484679460,-7.266206447115167,-4.997599926525345,-7.045705171534205,-0.690929155569711,4.469768002282596,4.967416801691932,-7.019920229253565,9.749385617686855,7.461812379188814,-8.254287543075352,-3.767781116600091,-3.315875640425137,-8.372091798074116,-5.236470985033394,1.682707910007995,-3.733568312681072,9.130755017017172,5.580885405431705,6.237830939599252,2.882245435790896,6.128918731874265,5.263435592970286,4.341830465422829,2.648317752341175
9.027932566730247,1.666668124630560,-5.766946921263932,3.299966334085518,-0.412161335769847,9.381881946450385,8.852035221899904,9.991845958842728,-8.549260317864819,3.241929712229165,1.037881521633357,-8.576977847737401,0.359693266246946,8.694972866504578,-8.848257071777677,8.740444246084447,-9.745957389470112,4.026081101400171,2.021209783212626,-4.275292601853751,1.080274218937745,1.143076362314977,-6.171180774962510,7.617472780776396,-9.303136605966083,9.265755775318258,9.803363654286457,1.080651890638118,4.718049545476539,-6.783281299145445,2.351040332614875,9.069076824589516,-3.841431718137514,7.892325898158717,-9.364022522114990,9.764152394432621,-5.214798188651502,4.054729586141335,0.966646417164911,0.070024694871249,7.705479854958867,7.818508121894343,9.849767277412237,-7.678183958465031,-4.528493890724318,-5.277862676409486,-9.663704734975315,8.604885635087843,1.931960423300518,6.657966991012525,-9.098616738044276,-9.829699709862092,0.204076844034795,4.788990350287230,7.836995287021285,-8.532055463012592,-4.840922959758151,-6.228616913090697,-4.751591416678882,0.532105640736670,8.656494497538191,9.422320718732024,4.393102753119766,9.960478373172606,-6.209010899483156,4.203565830416613,-8.942784874591892,-3.549529233974244,9.213815247419870,-0.151803398246988,9.110773134351561,9.094428221197553,1.843269857688760,-7.146404740004952,-9.129945642884659,-5.868306306866467,5.448220352282968,-4.656861963966814,-3.404675079534767,7.927348304915590,6.761374091569074,6.945480801819340,1.050141636629577,-0.619897653282145,3.126635585067055,-6.783079952918816,3.272204082226512,-8.567790497801745,2.317521259188851,-5.315657241653440,-6.104638548226433,-4.944578806140026,1.791543630745904,-2.510740638017779,-8.077600814381864,7.540643873615142,9.545829547376126,-4.170592189886964,1.647709446577380,-6.612277079876581,-8.103812617466517,3.514874443593644,-9.791188871764092,5.149907872607198,-2.677245970923849,-1.592052562534409,-8.818417840959409,-9.589966021460475,7.888006053019947,1.513365981865780,-7.519190775618783,-3.262078306615919,-2.557341449567203,4.588114907184234,-5.088670701921219,8.543227731561121,-9.536400969146715,6.217071508977646,5.837944665514103,-4.238665185621333,9.779780989282987,-6.730039056631227,-8.508839571515123,8.601415995034522,-1.257869685261181,5.223103098509254,-0.965569635876973,1.450088245424570,9.119769599565039,-9.041988737545259,-3.373492603985097,8.430868799983404,-8.932863528912122,0.872945797123117,-7.292709818290424,-0.881891924797721,-6.009435760542441,-1.374438752440001,-4.148716741695639,-2.669044695064149,8.615903468855400,-5.203942801284365,-7.939071322319105,-9.550646833735360,-7.751937791432049,-1.865155280271617,-2.750837791333565,7.902166910804041,9.307281160745958,-6.289074141765894
0.475338670789940,5.184998629793443,-4.706948663907990,4.633408149832373,4.912596591495619,-9.801283771798769,7.596158827570747,-8.908597923342711,-9.099561972129013,5.561870144575922,-5.233358942542543,-2.256110303682009,7.313611466824060,2.716882415705102,8.684374119583591,8.873039310362028,0.472413032939315,-0.948179914249540,-8.173911728240601,-1.998312444115967,6.953539473819919,6.996457242230218,-9.352922356275064,-6.378499304962688,4.618905778397615,-6.021977300185053,-0.627016437018055,5.846939626964296,7.542072944508995,-0.813669700497300,2.763180773686351,6.277713238700777,-5.573573826246390,4.767059415100587,6.076420336856000,4.134967667155609,-4.541949049224250,-2.805276544403641,-5.704421963165622,-8.471372906749048,7.692086466739489,-7.379977957755319,-7.706926827456765,2.360146741114974,-2.389157999466443,5.336760938520154,1.021386005901457,-5.164213856400488,-7.897422813576654,9.817404092663228,-9.943131619697230,9.533224828402133,-0.857859859358056,7.796553213701877,-8.835274030760074,0.858096910941942,-8.122614691967192,6.984277078657435,7.164528647061253,-2.607865359400083,7.065725956596776,-1.249563585113194,3.676946410345973,-5.996125817816679,-6.783639700715616,3.249644374262877,3.843014786341172,-4.938640444653637,2.171604527190995,7.793129346221900,-3.785162467789780,-9.934708967067561,-1.167878918582804,0.556167759519187,4.255790481834975,-3.386418283610935,-5.383019875862926,7.684979696008270,-8.914725237907446,-2.524645316983872,8.825122952110146,-9.936890151123350,0.099532657785256,7.830652413145035,3.618211475536974,-9.322527977645372,-2.756347917265218,6.334076199843114,-9.527585610108456,5.856072515221451,-1.152679989244875,-5.890127734581569,8.584822009262037,5.915433149849534,1.568250572838597,-9.330234429788003,-5.222201684090124,2.314374861858553,5.258813446838001,-4.528688484090280,-8.720859831105297,-1.375737337424614,4.071958970548836,2.843332877068674,-7.317445973985672,8.701068636015417,4.647321849562884,2.031455381296368,8.240949490739236,2.979827508110633,9.259404775248331,-9.350000955464079,2.848034303272142,-6.694485712310323,-3.543425254379424,4.497809151461137,-3.694930864651056,-6.660349238858887,6.735423615720094,-8.630871910805594,-6.941361301168443,-2.248442496759944,-5.142925398670204,4.425864966352716,7.488173891590822,9.321233945144524,0.740322649029622,6.015834454989047,-8.384358302384594,8.408059263664562,-5.552121942245776,-0.863199385699678,8.603173205144646,-6.455791622125789,2.186022911588864,5.148578487279609,5.039875494884431,4.137536263438815,5.503291136989791,-3.982723934631638,-6.265027518785137,-2.117152488910660,-5.027304615947232,4.252153864594961,7.520639129479225,5.367585308442495,-5.231966108766728,-4.570472757137248,8.615589273566016,-7.284587248187238
-2.887973005887075,-3.028884475447462,-1.679087923640894,-6.078908988582410,-8.184757450955182,-9.799490712907762,3.416755888151698,8.076780055972776,7.480267322045112,3.275142892578081,8.576178345336821,-7.917281102837379,7.225341538820388,0.622201871481757,8.672514907998263,4.951501192167393,3.805666407704489,-3.623130726463391,-3.912746698442781,-9.300991109219460,0.340134501432974,-6.634709224304707,6.804898944932084,-9.409966653480293,0.613655388960277,-1.612471005295113,6.189509637757485,-4.802373209208143,-0.782103668672626,-7.603723548204577,-2.839136500151738,6.427453405356431,-7.988641446938582,5.276590448655989,-3.806532655112003,-5.790644576847860,-9.864200388112268,-7.881485366667209,5.100783933393867,5.544101557747986,-4.380246799016918,-9.953701856544788,9.670588588725398,1.661160565295958,3.717431234483129,-3.299129608634360,-6.371531253914919,-1.246019472605475,9.520403000114072,3.786908529689994,-4.898798375611115,-6.443160330149533,-2.242685618719213,-8.978878135790318,7.017184572578397,-3.323908124233750,-6.154595689201530,1.187470526249626,-9.496779521448218,7.173175081852211,8.427845549517116,-1.938109358109433,6.366048079013467,-8.832441665373976,-2.209067262014504,7.086610983613831,-2.604550295848071,9.927554967478731,-3.259347949262398,7.463611452589308,-1.458456032621276,-5.268667465551651,2.532359797316987,-3.417590351347308,-9.190212682470376,7.328542039811641,7.029872272086404,-8.091126474813066,6.053344803648223,5.793779006904128,1.830011974210834,-0.708564898816304,1.355785099899208,9.210305785468552,0.887748780594396,9.102065329108708,0.464021896267887,8.732561426718618,7.962696202589534,0.808514727331215,9.965517168830193,5.921325377108724,-9.561729639552201,-5.535681933107921,-6.052247248149456,-8.819952830602190,5.784630382573061,-5.336108810637096,6.654581854953499,-3.634579666095408,9.613390769147866,4.517154300635893,0.355310354717556,-5.213774312223094,-9.049873162188186,-6.748292186260556,-8.732260068905369,-7.235337815209193,5.018201675568099,-8.393115018992232,3.934534984830965,-0.519259126219007,-7.962454060248982,4.506184963866360,1.729532643561187,1.351517508018548,8.205211850401188,6.008417680359223,3.412205543761331,4.512848550270178,7.298489307936595,9.736202798678097,6.788628187721088,-2.061711954581675,0.101025625998135,-6.186651563180878,1.111860408201391,0.614635398517338,-4.335992181636732,4.889745485792574,0.789970987349491,-4.995034021752272,4.359223044318039,-1.400681509542858,-6.921776418472829,2.383906138286225,-8.547549996568918,2.198740737996888,0.430586030897089,-3.641882844784343,0.594173737109227,9.668699306234437,-2.224656434455239,1.987230518900880,-8.178651166504983,8.564985840939030,-6.745764702151773,1.796338952908947,9.263543158799642,5.392761897331011
0.942643294206301,6.380246345314326,6.674325842515042,4.937613318278736,2.430051981558892,5.530060769576451,-4.233904386403518,8.056174259260541,4.826482829893607,1.856124920654228,6.858775762166488,5.236462792084813,8.726962062759473,3.155629199894666,-0.786590294805967,4.724898812532155,-7.447785425583406,-9.530352959469045,5.814290981815169,-7.605601964604567,1.502361168744386,-9.179444671428318,4.715626085379794,0.337106997823739,-7.413220146752844,3.667915562587158,-6.092320147105501,7.111484150433579,5.471492813616251,0.646002789448751,9.940452297199396,1.433725015807145,-1.575211767810476,-3.438164842654629,-9.392591539896314,-6.439402007003673,8.044328659186824,7.232820336089830,-6.740514557880369,-9.608834492114184,7.641755251002845,9.069109580319100,0.459997564414866,3.530722506809367,1.251295507528059,-0.133246046351072,8.002814384240747,0.466980993583423,-9.926491825945249,-8.171085833388174,2.963642056131096,-0.808969975083972,-6.198757938225659,8.210269448971253,-8.861842062078365,-4.858911412968503,4.175782568084953,6.371530968735627,0.805461962688208,1.139091259775629,3.440992730849979,-1.467221973129716,-9.844131974107501,3.014137307084555,-6.589166898402254,-0.959119774092498,-7.398733064792293,5.954498893657103,6.120557846947356,-0.681955542509636,-4.563303618202255,-5.039605497084711,-1.038052466065405,0.332361525184071,0.121861336953138,7.799096477684397,8.592679793868200,4.422353071349665,2.521437462001526,0.992562897080504,8.616610722284758,-7.497198838592791,-2.516017088981477,-3.090163745495618,-7.285664106368288,4.294897279340592,9.352169910877393,2.902605037653796,-6.526902152355532,0.518577267608675,-2.837052114604295,7.535966728596307,9.310501220515274,-1.755666485832982,8.516473812831325,7.004650015448355,1.723384071400286,-9.374894018509094,-9.688390452375353,-1.374282267899540,6.269402917711865,-2.301725803556578,2.592833963295998,2.236693579658057,-6.057769606705408,-8.321516986921832,2.832795768460464,2.560914638107581,-7.048585617303271,1.701462484054364,-6.937475930786315,6.824331020382431,4.542542842092248,0.362779484368405,3.112967549741866,-9.656373790748578,-3.553686093588766,-0.261533633870357,-3.059008713688853,-3.263833313661351,-0.116336555688070,-9.070144733028005,2.237641662447052,2.564519395977582,8.485908647615659,9.553005166196876,0.714714716358722,0.589790631376257,9.481949434037276,-7.202700455270592,8.034690025512823,7.215182411357858,8.443484808534876,1.870705186577531,-5.137131753646857,-4.421579001894170,-7.119169828770302,-6.440437160431324,1.300228286394034,4.089427839852283,-6.485592935294944,6.732989337339852,8.974694746028970,-8.242200160643215,-2.183264835942456,6.542508577222890,0.718453531324755,5.274787814693651,-0.973713273968448,-5.113626992975151
2.067775840321456,8.043095665468329,-7.116710132604458,6.372174640364221,5.747632384779012,-9.417049862552819,4.441809792582433,-5.314393909581792,8.011571399020564,6.757004167621407,5.757569713692819,7.177256024089239,1.502450933182500,3.953992745908080,-6.707586823152996,2.338139159824804,-3.968615580581556,3.963576490431713,1.555741510362569,-2.004078467416823,-3.471016575921107,-2.446239292226355,4.767062498309286,-9.055386525659685,3.484196095476356,3.814800331605152,8.297513069796324,-9.859201490479737,-9.487044007607290,-2.866621079580389,-2.485879895724842,-5.793358120054370,3.776268969056058,-0.124718743845172,2.361186907344051,-9.601601186951250,1.013990251073347,0.259622008354114,0.725160014569564,7.358803803696972,-2.822789391022638,1.789019118490913,-6.807951040950901,-3.213175396212327,1.689176899440735,4.432408008057402,3.800544628625211,0.628258975376317,-2.143191198945202,8.510397319406472,0.338215688324626,7.626134927323417,-2.092448556291915,-4.682754438923817,6.506650603085159,2.059150102986816,-3.410815214409699,5.826551580253090,-5.492822787270393,-7.169681846723803,-0.133567650361911,0.730338589947783,6.715275093565442,-2.487592360578099,-7.852772590603232,5.723680711449619,4.190431576660355,1.727491863861069,9.017708004628957,9.813444005919585,-6.188288174461062,-6.404153506149992,3.093659911125101,-6.085863270210686,-7.495006546595953,0.161878732103100,4.396359435032863,-8.873549318790122,4.181137112955577,-5.482148651980332,6.405184432778853,-0.710286974609131,7.097726145286302,-4.879023469110699,7.533687405964898,8.150370968319951,4.362455378336179,-3.635418599622115,-3.796487470527630,6.828625137641829,3.103905432336722,-3.825259760448539,-3.617370129905659,-9.855850010005412,-5.522914731097077,1.016012553381891,-1.034460384488771,-5.742665745580247,5.188321172301830,-7.096899844113766,3.015941409992077,7.925960610828675,-8.615052254577606,6.998031726089245,6.905216269551971,1.781813770632702,-7.651202391002984,6.665965163549593,9.423611717467104,7.392776274094889,-1.258825066257510,-2.990946710523952,1.925919085115863,-8.719381068738004,-5.489476833594768,9.938731333913427,0.148174535036318,5.086447931777087,-6.157599066522774,9.398697472753931,3.927116121349236,8.896769224325276,-2.490070432410175,-8.010949694217411,6.129992106998067,1.415701965640459,-5.225101291110079,7.580568568192195,-8.960428017373248,8.339531828452557,-7.951140620725607,-9.305940978336009,-0.227387136136674,-1.174287803787070,3.697984485473995,-0.454484881546426,2.759786342969752,-9.412974361654260,7.879109660869599,9.818960553278920,-1.994398653289387,-2.878113836378313,-7.435425877648374,2.201987090833752,4.397875600700907,0.372701406685366,0.386855711094164,-4.675004638726918,0.510350770946475,-7.235543225525247
3.573270096628747,0.398754903465397,-1.914150071024260,3.965866764134244,5.311109379910278,5.021060879173124,-4.448679073257069,1.971034627936390,-8.742173979329488,9.575336969431394,-2.791785080955540,-0.429128412453130,7.345539292106910,5.829954687459875,-9.503367688926204,-9.142794069978217,-7.688845355934085,-7.604887776361977,5.147421420347865,6.050162742058870,-8.393576712170299,-0.235904800428566,1.681328743531123,-1.310519834193860,-4.641763377948345,1.532131105660179,-1.150084748343867,7.706278380026223,-6.368047490577280,4.433107428082455,3.731880792617028,-4.438449869162977,-8.932236281896317,5.117039028840688,1.609287156503846,-3.201608016875104,-3.023050509327499,-2.362519879217901,-1.251657689929402,1.103933508104298,9.877549805039578,9.454022656648636,-5.592480401193338,9.528315554833192,-8.539522772578700,-9.242800664167374,6.788273629482120,6.848799690666393,-0.530725834947340,-2.244515004609113,-0.408985959097063,-7.094144633769557,-8.329539118330009,7.263004789681609,6.368964603060363,7.258557247844397,7.248811795089225,-8.281270110055134,0.542414858726064,-9.203483735734043,-9.364421994786385,4.903450855041640,3.573451706056519,2.331938725671648,8.239319097416768,3.977713795914815,8.371887816328570,4.371101327739195,-8.116418642619800,2.399968603757543,-8.819269308358024,7.569878167443530,4.221588505391834,-6.819216835631301,-4.817720640237946,-4.438206128363900,-5.917628309299259,7.591032667557371,4.535658123263961,9.654682391804446,1.678088405821532,-8.423154526420378,6.825378210293177,3.763127791847847,9.838080161303530,4.758832143054022,6.691095125412616,1.240914834770482,-6.056557450947322,-1.791412897246865,-7.110488759801202,6.327973517647550,8.492951739650429,2.466545406338543,-3.075295851564411,9.167355815396217,-6.500610102251678,-6.187838445709883,-3.411643282664190,5.844763505357536,-8.931417628142970,-1.960024099828054,0.784313067976235,-6.195305949554757,-8.456530255705504,5.853788561188253,7.855606466171515,2.168336732711895,4.639078487815770,-5.693936777694713,-7.258379014329561,-0.375638626455757,9.787245031147144,-7.575686886016251,4.597613291509290,-9.429105842593692,0.806113870544147,7.650148198924740,-0.748579008600261,-2.642038779241305,8.112033551393409,9.828756138604831,9.764265822107213,-1.025036899061964,1.217286358571970,-9.401820944987197,-2.282339590121509,4.644471950395699,1.535414228782832,-8.483310338882548,7.924662504230007,1.908514113080974,-9.165473965106921,-5.244929399217861,-5.410394991604890,-1.405605122245790,-2.456505872674219,-1.756214832515226,-4.028978741914313,-3.044229275135939,3.776266122897256,1.524383162264073,4.542808333177849,3.623312571258602,2.746480026992497,-0.106431676220865,-7.343842171316643,-2.745154225028850,8.649320017287430,-4.815058668648867
6.878061774338867,-2.345316834342144,4.420812093849815,-0.688938641496271,2.164094401824348,-1.424758274098391,4.305608204393604,-8.509067816763860,9.431873656396043,-8.541839623140179,5.036368511519056,5.954018952661599,-2.480066359038215,0.731309883709493,-5.680050248772488,-5.729567176580426,-5.340272114021927,-3.552360228468960,-7.817663628156827,-8.504885854452461,1.550594053185876,-0.559027512920352,4.189832556486488,6.377368262415203,-1.203666386285846,5.534325431031554,-1.195886871415080,-4.885089855901469,5.901798936909831,-8.130583199817153,9.561637570698746,-4.217623240530592,-4.838504311989165,-6.153233205527144,8.757398726848997,-0.519484473876917,7.060866573473842,-2.832451278976653,4.416272694065039,-2.333701254092064,-7.497360537605795,1.411073580151585,4.791566647017071,-2.823925470783943,-0.672103016784646,4.008479057450261,9.263126482426916,-6.655260562439653,-2.006669561973506,-8.560746705054211,6.586200322601339,0.054885310974260,-5.233206339552927,2.884792057520922,-0.304737270297128,6.134236275600529,8.793850629357301,-2.844692350340587,9.520227775063880,-5.643443408438644,4.589935767779780,-8.861084784021338,8.174656664442942,-6.705920870363345,-8.069238346446102,3.110043006003734,7.957690997153602,-0.681449764426205,5.949880579474652,8.249921996088364,9.189877520409265,1.358165435194445,8.042120136592491,-5.645629346263783,9.610298125076813,-9.276521698133326,4.472087186949718,5.119944673146499,-3.448221925324139,6.339721179666416,0.934985645648368,2.228549504085574,-6.103302196099179,-0.604318686467149,7.829874565652620,-5.922550806419360,4.774662177724984,-2.597986857963781,-9.282436109406305,9.050452641566430,-3.157940916455562,0.448613622139273,1.710022003752236,-8.235393568379401,8.659159998233406,-0.793009456684942,3.681154952428745,-9.045243729899624,8.369072508078975,-9.735227242316068,-0.354758966978430,-2.104143424144587,5.707241288015449,7.451007470105250,-6.510230943861261,5.294335922678687,-4.373220643339108,-7.197440121095415,6.485307921067477,-4.168556885600012,7.649761425973168,6.941531965817759,1.990922604025613,3.524079953320635,-1.595441805423775,-1.612014024463470,4.956881533488584,1.103020323575290,-2.168808523090129,2.916010487006655,-6.018623684535034,2.405304473191919,0.857243180581069,-6.520411198263341,8.744518999334282,-2.521299889221032,-3.383403761154112,-0.678678360833686,8.067430320106290,-7.659907524964873,-9.779046199747018,7.040004244052561,9.334059203271153,5.690309305074619,4.744728016267324,1.256135275285077,4.688671867626377,2.483068410111075,8.274159133677028,8.765878162978748,0.276367688047767,-3.862991381825780,4.022299752677256,-8.053478592530357,1.788104102959098,-5.228456138141111,-3.252936662326342,-9.452869905532118,8.951593723106988,1.583571595292561
3.258643884802879,-6.203867119223796,8.841905500178960,-8.306584788656712,1.387738728885175,-7.320531380833928,-1.645656751060915,6.025050248273402,4.644937058963880,-1.928215726807110,-9.469662273920292,8.824316707844513,1.240818555481887,5.000008875602786,-8.986637273668311,9.999540415669117,-5.827628941418221,5.716136323850726,9.281971661043698,0.744321991315108,-4.823525365521968,3.900936419474831,-5.515685132118668,2.434934165010841,4.356957763069012,-3.121657078167237,6.334804474844862,-6.243159398312579,3.453803099273141,-2.250006468078656,-9.637094165969932,7.455378578092322,-6.304605554607039,-7.174125585831090,-1.927285745767723,-0.346354782274874,-3.453345354150903,-2.718647667793825,2.604087989785999,-6.838776316023464,8.566717517462113,-2.399257718202037,-8.801187938150797,5.748902020188387,-6.485339282384115,-2.140801055306762,-1.727449911353968,0.672776973159166,6.979836916981029,-4.388090930047850,1.534015562195833,-0.420347167475644,0.206861204420301,6.126921354011497,2.108018934079240,-3.135644888909763,4.969011082361092,-4.141854909009708,-8.415787243684267,1.968021820421859,6.837292441047971,-5.085670391396926,-5.155369973662309,-7.180492683987573,2.078368362966778,-3.113464581215750,5.954593659141471,-7.993193172296229,3.176051441560029,6.051606218257220,-7.060583053768061,-4.812941919091836,-2.546289738044434,-8.348724776288998,-4.225648347782820,-6.113339519601244,1.279651928963748,-2.083246443397366,4.077982461906039,-3.432550633716039,1.662839100963854,2.270604855048191,5.143136878268056,-3.364807705797521,-1.605087519309883,-5.855389614272688,9.476861268625282,2.719671287593648,6.337020134332100,2.800627819694739,-5.062483634993466,-7.271810867394130,9.533961598730908,-5.635657463966512,-5.280036608108691,0.760669158819042,5.049674432241558,-3.844273379500858,-3.568508829994331,-9.611201971444691,0.338385732097260,-4.960780943605927,-0.164088583915801,2.726073012956354,-1.671289528609909,1.619465252614560,7.244831113323613,8.394191903155420,2.676296227012198,9.792485260917822,6.389833486193261,4.034969124711907,-1.634269901014665,-2.819408533561258,6.853427949213803,2.456518774659706,-1.767071211759932,5.068107015470227,9.957040954196565,-8.603082940845066,4.092016281886428,9.153931190323370,-8.980035191475743,-3.723162628400276,-5.415347651005309,5.107878720199375,-7.215842474436296,5.494632136344466,-7.210326257870503,-3.927621035677056,-9.060596586856617,9.668757243525260,9.453645808417285,6.026296739392546,-3.329255579743650,-1.403486791891602,8.218851593079421,2.862089488092010,-8.414056975926458,-4.922395674118521,-8.150763128212661,-0.740541742957161,5.757290994580808,-7.871995955123381,7.126423596904825,6.443585712118193,-4.333507288892675,-5.582532425252714,8.506464289299590,-0.889823476467173
8.302965410457471,3.277765448998247,-5.297258133821550,-1.255607774241728,-7.459392506852341,-4.086864253815885,-0.709032459252887,3.490892580621791,-1.325996356417447,2.927621507432409,0.127271252375413,-1.560783012141558,-1.216231917737110,2.276551122975270,3.345169759109361,-7.300248646289010,-0.357878602604433,-7.018063147974757,3.941147287988603,-8.060730891114609,0.666273937024132,-8.786473220207089,4.142190891365194,-7.627339796083488,0.454956637314893,8.943938453959539,-0.560827793754353,-3.230993213609155,-9.038772897973324,6.518362188333093,4.738704931268851,8.443430051833662,-4.400301500850228,-3.722677305874003,-3.373288204329075,8.997514170032197,4.586647954552856,-4.302627733724417,-5.737891089926093,9.199274543066291,-2.336204868595217,-0.254370326921052,-0.804060437345800,8.872041762980821,-4.398250282453118,9.008528231811354,-4.593572803619286,3.117451560826170,1.015598474544115,-5.125680791499017,6.276477687747960,4.769272410585668,9.657712520400814,0.050393353036922,-0.246411031070002,2.436302446106760,-1.006296923029309,3.847194629739914,-4.383540635868702,-0.495971121212103,-3.910436381789532,8.570482706068766,-5.174282708283942,-8.866689575355673,0.388211531884672,-7.941858601658724,1.088578127175865,-4.879991810399760,3.066723764546683,-2.670736740229573,-6.055854465453105,-7.538988503834744,6.521830726542944,5.890260395783567,6.240664703207145,1.280990255949952,1.741330172376035,0.973688894132616,0.889970303381658,6.043851429574001,-7.532304043011724,-0.678635266903974,-9.100864896255544,0.937267634365980,-2.513339778557753,-4.898585018559269,-6.301992572498460,9.141052599046002,-9.955388874422713,-8.842758910093959,2.079834758036787,6.067166882554503,7.221481457447890,-5.614079158750007,-3.031466672667323,1.224661941773180,-5.472210732404388,-7.121190935626778,3.058584465460106,0.758741393110331,7.317667624647569,-1.345772547162857,-3.590089567619959,6.393740386282062,7.226542114437347,-5.190073207342001,1.896853392364230,7.957696770687143,3.049336406614557,-5.209765117688876,-1.913679787486586,5.086658998156278,3.028309134737707,6.753861212476679,-8.658894805932288,-1.591460368227578,8.773154534508532,3.802890836811589,4.472318898134519,-9.963722280220964,7.957875583574186,-3.182278185125355,4.578942723595489,3.286952562885372,-6.957211957400562,3.717288286308486,-0.534479932738751,0.530679502380023,-1.517200392844643,-3.286879136346734,8.441751266693551,-1.500201936888732,7.239532723562736,0.746040478025353,-6.631490723467919,-8.208509107505657,-7.524288810809261,-7.965767347283843,-5.120615328217017,-6.224967925970358,-4.216860619374558,-5.125275311840463,1.788942760929251,2.714168927101392,9.673919533253986,-2.679734453692717,1.594625982793422,-5.860184894429048,-6.178407471544014,4.242756295575191
0.844145827151152,6.055770756389080,-2.524061134997869,3.812586590292868,3.980706660772400,-6.169360220005908,9.173301270046515,9.397728083304276,-7.433776547992124,5.266375940291088,0.009908727273080,6.956666592433031,-3.301316541915257,-4.047373904811238,7.234397556730002,9.917164860359520,-6.963584386928783,5.483636823262932,9.520875239171566,-2.032654651196520,-9.922586011739343,-2.044551130437893,-6.356020526778821,9.407876931631641,6.570454773961728,-2.390963959405807,0.247928455797480,1.442573575816350,-1.547588922386701,4.718552772493377,6.380990660671998,-6.099481011296488,-4.812083333296375,3.296126796565702,-3.731448736618034,6.673221650166056,-5.128315419783213,-3.240782176202028,-3.583427090696025,-5.039195648178896,6.747733566226877,-9.873847122832487,-3.474755931831561,-2.577570645565419,3.515420407815757,-6.072815269041674,-7.465042529682724,-4.931268378738718,-4.693612710009127,-1.102456085524654,3.986409679091413,6.338914539350441,-2.712314454935152,-1.258385034843087,-8.255628624031777,0.154559721664482,3.996404262950517,3.490143596761499,6.195136284612385,9.294345307986703,-7.832764950430759,-1.737254054665749,3.052279490516725,-4.825863549509477,7.966254379949206,-1.542317133546279,-0.394783981064604,-5.690464143962044,5.886922433382679,7.620332031773586,-4.860973634456814,-9.571528774400132,8.434925017365799,1.299256208028483,-8.472410464600667,7.625677091131994,-6.736869614677124,-8.262186675548747,3.268578747606375,3.249873989292073,-7.403271232623664,-6.701354630532612,2.806877855108841,1.368853230077104,-2.572121769912292,3.317219196635822,-3.767369035660863,-8.083869884868097,3.346438763013090,-1.569455639054285,-8.689757922207313,-0.549377324052129,3.267786208642070,3.864566946753758,8.577080901560933,6.868974361132874,8.291856327037021,-8.295867669529924,7.250801153719216,-8.007788266159544,2.838979298114268,-7.648802341732437,-0.365433504004562,5.000570748008776,2.097585767699661,-6.307560780723954,5.396811256215155,3.159578587747035,0.522473683692750,4.500182349657010,-0.044762291695886,-2.096519763202056,-4.384984988918514,2.150362782270719,-7.404472487805105,9.990470063700233,-7.973138333422582,4.465941942198931,-4.574104822274210,3.181088374361842,-5.512869485506451,2.778726443924027,2.391565521480539,3.342215882315466,-5.937686698291495,6.044356084901978,-1.723269610118709,3.785757983406668,6.039280635938464,-0.563250373859407,-2.096239778291251,2.210004089433586,-6.179074092800421,4.638142502986891,6.112428938211973,-4.199165997115517,9.738118902930953,-3.157256635758370,-7.959436016388556,-0.655221793845172,-7.096887128506529,6.816648172269190,-1.186782067338015,1.247168809264556,2.248732152993382,7.818951602495602,-3.074549298582586,8.244843533342433,-7.849431685607642,6.011473169228516
5.632306448002783,-7.568022731340475,2.991014061681163,0.831771011143132,6.272947930809295,-4.179274409271565,8.470820485078129,-6.511248908990179,0.266061888522657,5.816503616088157,-9.856395965295695,8.077623253139226,9.328484451652820,-1.314112631765013,-5.305250461377426,8.427327880807130,9.255630010958452,3.310660643576869,-6.001424410857304,-5.985776325752892,3.963026665985282,0.824841246442425,0.302412899548330,3.434910573501149,3.888867402806744,6.885256484288046,0.736462854031906,4.485953552904750,-2.728452162322834,-8.587086403162283,-6.802838897456014,-4.865700780500939,2.301899917252868,7.287905487444547,-6.352925057290917,3.684417364765142,-2.390617021025177,-0.195173363136727,8.927196609580861,6.382239551768979,6.193081114336778,0.537695609934225,3.803843383408562,-4.569001749041146,6.055708381866346,8.340187654058472,-5.467215992885881,8.678498732553404,8.110277201064729,-7.463088908101517,-7.275239760634282,1.201460643129925,5.391223599746930,9.585511108112591,-7.727544306365665,0.731905660918603,7.326550576341777,7.165824845887229,0.100924086555420,-9.165377623675548,-3.519446566928590,-3.291868154017335,-9.444388922451218,-8.083022851732833,0.175356534877471,-4.531977890246324,-2.791526078298716,7.689580216548169,0.332471560016629,0.263323870274416,8.199643844199496,-7.662820763096887,8.446099501749458,9.383539201271908,-3.033691611633391,5.018317345171603,8.643598406774750,4.858869243536031,-7.217843183895971,4.185710139130489,5.538064494501677,-7.105865829583029,-2.385847809260180,7.494889004519898,3.594441813849865,-3.878334122178531,7.974780308404043,9.684152351287239,8.728928811732377,7.196710765807929,8.490367251763708,6.002147615577396,-1.493920649410734,7.096644318882813,6.850675968267662,-4.341834065042274,-0.934535649674142,-1.801162777460734,-5.224144799529647,1.217774424506997,6.580503134302869,7.830012112218583,7.273271249061132,-8.738285520185102,3.262091995323743,-9.525179226240152,1.809739359392879,7.739945162461797,5.007378007488722,2.682586824857424,-6.159911889114584,4.296565081772844,3.168772126218824,-3.897594106785869,1.238157168131487,2.058014288328900,-7.059291902880789,0.748511289382618,2.767649056493406,-6.344074947269609,-5.612669713682809,7.644265962079473,6.518055295978616,-9.940144646372623,-2.267840277801774,4.820420388345104,-6.129414587742080,-6.964473290312121,6.950475954747084,6.451646103191933,3.455796646108862,5.291305833549035,-2.346265662232961,-3.733677226871793,8.284093048841218,7.573885101522734,-4.015365735420440,7.889152583378369,3.563235861030442,8.257693243974025,-6.056506446200252,0.965295023395303,6.555734120227484,6.481534930398208,3.032055361711368,0.558431197161205,-6.531043498509272,2.964997550880909,-4.750426260873841,6.866840393636046
3.654312970341094,-3.391534058661751,-1.265720555861201,8.836521092432854,6.944636287237767,-6.833506932707570,-5.934744520029991,7.206336271486304,7.135386715912666,2.025442923065270,-3.735541871023735,9.156540466533649,-8.943947268200738,6.888600614800037,4.159559785480454,4.786711028501220,-3.120750966825494,-8.310242756673215,-8.429700830947091,8.494740923667553,9.845204233836576,6.671687630593489,8.288455778613255,3.751120129622898,9.928877910116821,-2.339304934788569,3.788223982056554,2.357256847505298,-2.289276205842441,-1.285740290971887,0.907579522252460,-9.584622057147127,-2.456959354153827,-0.722704517311684,-9.068886166185511,8.774842420087609,2.243790648903683,-7.023934945474681,-6.996295155238553,-0.423484172456735,-0.786045434197026,2.688960991055767,6.107540661032470,-3.414350974117242,-1.161657646144540,4.882040661341073,3.397493393333814,-3.325539565017310,2.073273882460388,-5.651246860863464,-5.102323411786685,8.632589281819818,-5.485227927969419,-2.657712569386163,-3.428759964128254,5.845066890279170,-4.891912274109727,0.532234994110212,5.895964150994931,9.288346606823971,7.913051058024099,4.717759270149973,-5.954781554873907,-7.560668238104274,-3.748442356501522,-6.690213532328391,7.949147541295591,7.837577770103184,6.297699459105775,-1.356361577821223,8.792910235915876,6.542689059848314,-7.827368889767068,6.754385955520284,3.218875705108088,-4.090934210713444,-9.850775497881362,-5.739077431669695,-6.055718096949462,8.723041058781249,-5.321319291276643,5.846464703025578,2.889882405962229,9.387579487598540,-7.001500571074441,-9.601043376136127,7.518666221832760,-2.821344075905450,-4.220118189187816,-0.559634563727066,-0.871629952584954,8.491049952653935,-6.949243790610811,1.603280871171695,-1.068705870899686,-9.617667182921840,1.409261723865715,-0.773560811034299,4.082929304053174,-3.197549341465837,6.905975099168934,5.181334042865789,-0.212488755412913,-6.753714978849326,9.515464248497910,6.390316727734426,-9.716842969961522,-0.605932312844237,-3.551327850316309,-8.310836092284434,-9.316469416895281,7.150739073608644,-5.229214267098302,-7.741125095495160,-2.786003992206203,-5.271177497718716,-0.275370914262410,-0.158299793235040,2.118717461579591,-0.574302309645375,-3.611726256252837,9.312513755158967,5.919691345388131,-2.673345796127795,8.309044753146836,-9.407582134679915,3.754338478215960,5.048347972831396,-5.410030875349956,-3.191988339849443,1.568241960360444,6.928149840887340,8.186798704714743,-4.747287268637885,-3.711798576810413,1.675800379070459,2.587662063494305,8.206498152466565,4.866765834317482,-8.891371018625966,-3.226392642380942,-2.891550737233648,6.097768044173975,-8.107819215703191,-9.846054215362802,-4.046750211601911,-9.884102740629974,-0.366263222309298,-1.630054523970779,0.862476194355938
-3.929705240803525,4.219595391864603,-1.822338532843172,3.722465034735368,3.742811721460393,7.647553075409409,-3.063898047463272,-5.335867030203802,-0.339527710304527,-8.956687079188658,-4.653731591738564,8.566566775272616,-3.620316460555970,-2.395539859088702,7.770696015431987,-1.868036524216134,7.904655319743007,1.355288105941630,-0.800039272076223,-1.027870471784702,4.534621636571075,-2.362501700138524,-3.772509410831326,1.704261299535707,-5.097163466333368,3.276679469820698,2.752459890655505,-8.580210239274145,5.921831880517658,3.655749322853069,5.233653269577545,-3.030183085996980,7.026538075316186,-6.147601820928880,-8.038841628532866,-8.531147934128757,1.269293846116229,1.679636150087271,-3.436992193121524,1.368450296232870,-8.063039672131030,-7.994222173143484,5.098282489754393,-7.803417490945797,-7.992384760344981,1.907663596392030,4.246815589966637,0.755763683943902,-0.903853032239905,-3.295699989498937,-8.151543215201883,1.212460610373016,4.868471114742526,-8.164128659052936,6.603679498017708,7.292109595278436,-2.423609926940989,9.988755244217053,6.142302525109454,6.113223632586745,0.377588287853783,-3.858263919822558,0.234923130687985,5.005786327686462,-6.348780065293567,-2.287903008869230,-8.633798355133834,-2.314690069486039,-7.402835028182151,-2.706220793825819,-0.548144738222533,2.998762192188716,-0.667118568221152,8.973723563495859,-3.968134293332013,5.528555481893322,-6.546798892477515,-9.936843103100816,-6.896968649087471,2.439782884272322,-1.081414016860469,-4.099547792415792,-8.027495442917976,-9.028238659133581,-5.705821083472385,-4.428046933552679,5.154134499577376,8.600159147672134,-6.174979648552781,-4.543162599481960,-3.045309515212253,-4.249067713786299,8.529408055442850,1.982301339737319,-7.038523874951865,3.157749054186702,-5.703005263878609,-0.376928875588668,-7.940284344874911,-8.550854600789073,-6.020536202740598,9.055020774402575,3.759957994991336,6.775167164449872,-2.095960121603677,-3.565086515221996,1.609446168692381,5.176364028957634,1.844983171852746,0.561845531160346,1.788629780197944,-1.325963441295674,-6.346200109972417,2.736712681586500,7.344863138863282,-6.308584581017682,-8.768261218113732,-3.430069863878382,-3.899254174719813,2.017091976042916,-1.744212401702438,1.773704653212199,9.174617380175398,7.359942077362241,-1.224871741999536,-5.376924292867697,7.204984254464740,6.320399514643718,-1.522021403319547,-9.895642434775688,-0.536016365623604,8.570942468625560,-5.814583430126645,-7.168463602482693,-1.048347902828420,-5.054165394767958,7.408712531818434,5.287354391221777,-9.859304731520391,2.275467987642957,-7.227892939810541,-7.306556102880728,6.044873899553586,-8.365959259644825,-5.191559615940098,-7.027970915595976,-4.490943908345399,8.951384264730692,5.963439725560651,8.211140329044746
-9.436641886017750,3.429205082022126,-4.612920017393556,-4.994865466446907,-8.363966489391796,3.313068094296446,-3.913964067239995,-8.611603833210026,0.022345429973651,-4.711456373061704,-2.279149519428103,0.183758035809587,9.399536360676670,0.677772363367378,-8.879213256204084,-4.190643035968595,-0.214302270362365,-0.130147314735483,-7.596801766283459,-9.072420504154257,7.054898028690474,-1.536560497047743,-3.656806579291139,-5.701151795327315,-2.240957003494398,4.306692175103574,5.659860323889259,-2.167155808221459,6.484491556508694,-1.399482651508613,-1.881810062154400,6.138849526782767,-1.615357548901166,6.946017917796084,4.035940368236780,-5.671809504525807,6.422902103080389,0.030313845716163,-7.522112565603203,5.603629820146196,2.357023589678576,6.549655215079259,6.081715664072934,-9.165032393487119,8.874121779165609,-5.830979967114269,-1.567144433300383,2.543679396072594,4.491791827894875,8.244079903453088,2.168534958302637,-3.490269500178411,-1.533550963748800,-0.468944942522569,-1.190476345455522,-5.488040034630464,-7.622733349525221,8.605033463775584,7.564196862856360,3.640058282555984,-2.229692785358051,-0.664440428735155,4.839454718711560,-5.301331832363038,6.746321144201083,-9.263784356634533,-2.154635604158075,0.737577700883620,0.687317673563969,4.423321540730637,6.583152478327012,3.350969064389135,-7.819747386907894,5.277205845368565,2.188789643285372,-7.308594365202525,-4.577208175015430,-5.619038637747984,-0.769361477155272,-4.579602933052602,8.051209130167393,-5.318189495501580,4.305777647812043,-0.514969684610415,2.524445503429760,-7.552252112502591,-7.657069231814726,8.369348309871807,-2.342374744422027,1.785236905533656,-2.226332248741178,-8.129304874355610,6.957514774997858,-7.479345899284555,3.128233811298632,6.384405005281756,4.060055337279667,4.945117990823398,-0.192493139997969,-3.186915483046448,9.896883339090230,-5.588419751886587,3.993100248666845,7.145974969089558,6.065644206378241,-4.929289898607929,-1.185294934103492,-4.466114355992403,-1.618404622667907,-5.777687068885102,-5.640982834560080,1.402517115201356,8.545174996335717,-9.652474619505780,6.043986781839699,-6.522410122939332,1.307218022314473,-2.320067050899796,5.494831768773556,0.764670449141374,-9.141918112400006,-5.846749801874154,-0.793952204709111,-8.639634203572415,6.737259813419513,6.965730124292115,9.396644126274751,-8.008332252101606,0.295471711867128,-3.231916239937094,4.901162483635860,9.278696377420882,-4.364117962038526,-9.830292115688232,8.814450795365843,-7.601556879125646,-9.675170976327836,3.782143313578288,8.037080366248283,-7.216456913727125,0.216541305020947,0.206314249257307,-1.359370895496387,5.885375293821124,0.208382276551696,-6.366939628855040,-6.233760479053259,4.344098283119793,4.676744991337312,7.549138417503556
4.053505467527007,8.425122722744955,-0.840725771330320,3.469569422882428,-8.959852876733798,2.637996344211249,4.176468144549174,-3.406321179122839,-2.975986281896466,-0.763327465740304,-8.105590556807275,2.052652507918271,-7.116826220687528,1.248603154531727,6.053355018976859,5.079462617293952,7.654793758344123,-3.526349404489633,-4.868024192858142,-4.621878964405573,-0.564098720944472,7.488998281344838,-2.042112147320014,5.489476796850726,5.455267674239362,4.224167126321735,-9.814170159995379,-6.158170766206917,6.310880023688007,-0.299271374659181,4.966562749137395,2.342128647027717,0.320730279293326,-8.112610416371414,-0.272465713986874,-4.054654918876127,-6.576282020967838,3.816021800768786,-0.492485303442402,9.928851618490491,5.282325946108044,5.857115056508865,5.365862463289005,-0.401636759391410,9.282709028490988,3.937438103686395,8.126819843844345,-6.929237818400066,-5.988731638304290,-7.009951861934334,0.409752074150129,-8.607538236435353,-4.387891166817477,7.587764070439441,-5.769178132642576,0.524569116753685,-6.296033519014972,3.374498646266691,-5.822154764760126,-8.397508748561402,-0.955058129959816,-0.846416379497803,0.802193072356335,-8.408083736697185,-9.065749810601627,6.133316312347052,3.617800240514331,3.682352946880494,-5.993827797185400,-2.691044451446478,-2.508763244685630,1.427170658705679,-0.067443364432826,3.271906441643115,8.724597855191970,4.791891910806862,-7.091277257721689,9.350887228471493,5.784845354846773,5.792998903413846,9.874882434142542,-6.974468109162581,8.015561211650116,0.840006422310040,1.962160835747365,-3.367248094171755,5.765044822945111,-0.463929660425460,-7.702333444614869,9.529296143755463,2.873988948865996,7.803943515413913,-7.338970190354903,-8.789829728616924,-9.123526149762515,6.177516196115945,-1.435209158618731,-0.200874544022859,-7.009361171345536,5.401469759481383,7.445039091758336,-7.144477836958645,1.522991602111649,6.553626634252371,2.642018553535234,5.260521448144800,-0.827494892100882,-6.192253033768644,9.318853676350855,9.096920746576004,-3.955651496192257,3.526566285727334,-5.356288007475456,6.485983229810216,9.005018335310929,3.281941031169609,9.147107628324417,-9.385734499906700,-4.533191583679132,-0.161192432012756,-3.624954978072592,-6.938957031283755,8.215158522553750,5.237665642494427,5.841959199906981,-2.274520689181198,2.434305876982377,-0.217010098388169,6.156577848563554,2.398204246963537,5.192545271567187,9.014025338071043,2.077780591006826,-9.771621191682501,-3.829437114918164,-6.014791982786738,-3.945435431206816,7.926803029871699,7.423197363722220,-4.797253788687921,1.587167068459458,-4.578814538587077,-4.345771568982615,-5.358611530216717,3.768422459922435,-1.510217708231572,2.855607811409044,-8.128682641296951,-1.284040692337442,7.236239330133021
7.997191520326716,4.235151906349381,-1.076337407200432,-0.714243749856307,6.070734696567669,-0.201840896634184,0.032170341023171,-2.338096151262135,0.673185203858711,-0.976706738017123,2.252623147445782,-5.138330265410422,-5.706431581276239,-8.558558778226699,-1.726126504531605,-3.242124703121203,-2.207088480199042,9.214446132732398,-7.518229526606415,-8.445561092420848,8.479374680075672,9.994394711946029,-5.899868199705038,2.865054920637004,1.776452358401190,-8.630551456991371,-8.150187655871514,-5.155141835830090,0.456623327407337,7.076672761551709,7.076431050842437,-2.760511374672687,4.761265455069388,-0.064679196972667,9.989407764171844,-4.485751983217523,2.571146148072504,-1.345010754583630,-9.498541671760004,3.344717067400364,-9.551120540146908,4.211537602245098,4.092878766567342,-2.353387089762647,-4.125385331423173,-0.926162430046464,8.159350687817181,-7.433874685818100,9.799442197871695,7.372831971239307,3.822051527383953,-8.560911842512752,-9.057223363074968,-2.208422890020376,9.822050616771584,4.671364022701606,1.065956665875884,4.960006522120096,-6.587218429736628,-3.186283384086361,0.359305671048824,-0.400875129644644,9.485792155057684,-2.211319974565694,-7.464533779770697,8.217312453193301,-6.426168419552440,-8.216794372080097,-3.992846218843235,3.490469147342889,1.970705010695067,-1.495565893478922,3.946932484330439,4.242924838758535,6.437495565539880,2.023106286045939,-8.910684996073346,-9.772010634790053,-2.459994975143818,9.922023472711203,-4.915635029869591,4.744673825819014,-9.854029108331080,-6.644267286578243,-3.157070432975901,3.746466904981459,-8.556608747429271,9.909275213566566,-5.227922337831261,6.392673367389389,-2.867189436954785,-0.119148941916713,-5.175757421887175,0.053265070471744,-5.765039288197345,-1.957332823996317,1.286774192010988,-6.751196718352402,6.911956564002345,-7.386848200806653,-6.646493111570533,8.770814115442441,-7.036483759192771,-7.615208896440542,-2.359912234059040,1.805652529885261,3.088508319357825,7.472354690247762,0.073230360317497,-7.478761667514854,-6.195494587972741,7.152544358027388,-9.906713769384758,-0.852221387692410,-8.046880295787069,-4.913097400187816,5.082822668101825,-4.062788813390419,4.023793696182910,4.420465347740945,5.554459655297727,1.933202442604763,1.732092189606529,-1.212216175216801,-1.564683908494436,9.733084341003657,3.588011347678830,9.891803410406435,-8.536642408955961,7.730343900450332,6.778430822671165,-7.485928762826644,1.570878283332387,2.044578449995720,-8.020375017593416,-9.338607476905947,-3.959901913619599,-5.924679161492945,-2.975635233374698,9.958049906024979,0.997797176584852,9.703909536734237,-7.450691977437622,-4.514486714002521,7.410436452389039,3.406031831964484,0.594849384876458,-7.549424846897876,3.020049973676747,-7.797372532907534
7.376150542090020,-9.614444870968093,4.193201674067232,-1.667944101767977,0.435407235708784,3.790780210572386,-9.492539846372852,0.475499752521307,-9.253994900740018,-0.767727699543936,-8.267996215289626,-9.051367155419287,-1.869249408001350,-7.818683011377248,-7.535733519408161,2.595673052014076,5.244695779211890,-3.396673147228658,6.226278129608044,-9.901864272681395,-7.403452777441522,0.239981068003271,5.836002688859619,-2.012299405941205,5.640659658011941,7.909002259891167,8.813841839536256,-1.217877704795018,3.723062118416699,0.182819934097605,4.512827926964388,-9.575656726323544,6.611111180060362,-2.056648781949066,-1.197409951285151,2.707952196338541,7.826337039192254,9.257809871242443,-0.867227931220590,-1.548028422144139,9.438510633274738,-0.571872655600389,-3.505599118319244,5.956630202494051,-3.328267951879749,7.480651419247309,-4.884447501798077,-5.384059799699275,-6.392213468310617,-5.508560729735096,8.267394469720113,6.630581950690512,-4.936043382650334,-0.468091172998935,-4.498492188507686,9.818252091976561,8.961665524375597,9.119686322910614,2.261634592355096,-8.308603414494829,9.966379076914357,7.251642555642512,4.027130758212893,-1.554378581616634,-7.199364470047325,8.969816817022597,8.390074067743885,8.941539284021303,4.111359782483250,5.754552050528130,-2.868426876613612,-2.834504491980008,-9.779208707428516,-8.680278456889628,-4.091795775924605,-3.676026422718348,6.070191944497104,2.849657564374290,9.780233411905936,0.548925085478229,9.947038405510057,9.469768123677980,9.434974006202104,-6.712083059617706,0.282198234762481,-0.943167065178077,-1.019143215991104,-6.874536228536354,-1.656540308909950,2.672638854855233,2.329140675813823,-9.656187120989458,-6.703828660678317,2.922927257606073,6.731563478209534,2.825713932475457,3.712691658201964,-3.606557195328108,9.571938482274437,-0.206218067450902,1.371264706055296,4.911360454398650,-2.192457779271539,-2.297310156762387,-5.083284596700408,8.101175095775176,-2.011352376808462,4.106450236678418,1.638471410442662,3.066477147037540,7.846434451826376,7.642558919118809,-7.519019252585664,-7.992910780068588,-4.506743816514760,-6.772770995761728,2.880736645791494,-9.930216335300786,1.214852257514053,7.493522826516315,3.491108379189004,-4.743198454065823,4.336542158633671,-2.859404256273084,1.282140777870032,6.566511123757799,1.612157971874034,-2.298048903677897,-5.258342213782596,5.906379992281357,-6.577809352762660,2.747508317792491,-2.918816797663844,-6.793000714050363,5.704858503439990,2.163946276583900,-6.191176780568370,-0.181635747523284,7.256729318634410,-4.187329178768793,1.421301074220604,-9.139071344066236,-1.608964097924483,-2.386085726775797,3.165833381304370,-7.467744058601475,-8.935253001751256,7.917025974257573,4.323075018871576,-9.871005113624687
4.862530660981408,2.395345134091023,-3.911728045615521,0.833872697615256,9.504289626078720,-7.721730886580622,-9.007230874416885,-9.368410030283123,2.472128457583002,-0.636709003142128,6.049830500127342,8.460780189967963,-0.913159713182957,1.574094351190769,-3.185442993816572,-4.382376434094404,-6.716324216992016,-8.842587678484389,3.127018832856690,-6.717802265323922,-3.072503759501293,-4.374468816162391,2.020647250557388,5.067705326664100,2.150343579957282,8.028889763326006,-5.656296114748196,-1.665345027197702,9.039217265707471,-2.274739026024781,9.051520286116649,-7.167044219309004,-2.557861368331967,-3.681640751252342,1.046720619203455,-5.241452356049452,8.405842269060479,-8.696081110415301,5.960538060245035,1.487549811131601,5.119164151703060,5.522229396008242,8.766301535569298,-5.490181683452251,-5.223009083676537,-9.850049808778131,2.277971569640890,9.430891006793015,7.760740918152788,-8.089964424905327,5.489198440482351,-8.299017516780117,6.639893232912023,-8.753013071288700,9.318412888264113,4.695867087247539,6.954087820878275,3.225072154760923,-3.015021395733086,8.126782671021473,-7.730370078702520,-5.731152233399066,9.308181650128859,7.428207975473139,-8.559831460414987,8.023647415039303,0.322801939853033,7.431559277239582,5.397604684974297,-0.350344674041549,-8.181643806096128,-4.091533802309295,8.617371096151729,1.077670172370064,-9.202422187267054,1.548430022735598,-5.592412493179550,-2.814619837363825,-0.517573572757669,1.263343521379403,6.781742679873478,-4.439746725676810,-5.058312627395090,-1.505829523105790,-1.674693228624239,-6.261533952015046,0.814011170832591,-0.864650965769012,-9.767642814086193,-6.204556688820864,-1.522513378661763,5.503106136457960,-8.219378864060950,-0.652511322619009,-9.454257348357970,-8.105856021323216,7.009858726526172,-4.177446134711447,-9.606197496183977,-4.287641152332560,-6.760819967917742,0.840812653159128,-0.795766301305616,1.034381892476947,-7.446118645403155,-7.030461517764777,-9.558086453139561,7.136525388362490,-2.969482012726590,6.285207077283854,-3.113715937718315,-4.243429493359034,-7.379325760476130,-9.629334152313934,3.168811927567759,-2.738324117455672,9.958935087144049,-6.579581652686448,-1.296911841818853,-8.477036183210274,-1.213962489088944,7.536582862804032,3.227040091484374,6.952903934505738,-8.222763479955979,-9.281612253859393,3.060323341062945,0.354732497627584,9.071024987975587,-0.913594257457142,-0.854122727454419,-1.578522360056835,-8.763684570407296,-0.267474067306924,1.763870886586671,-6.666907019060499,-1.585022271358143,-2.163677106747308,-8.867018646738320,-5.587485234816116,-0.765247534488820,-8.441300238653726,-9.525603839579546,7.563625452854954,5.214882958849632,6.697475738281899,8.945071600158233,-4.217290053527345,-1.319663507907251,-9.917742755018358
-2.745686808968497,5.593871857367116,7.798752085432035,1.908570601493713,1.282225717974320,3.487904227563162,-9.936867117150745,6.811954431720185,-5.768008398570124,-5.988347033018444,-8.576487624182255,-1.643156587062151,5.639508010961160,6.833267178958778,0.592396646909869,-7.842362394095703,-7.102120760923283,9.329389522516674,1.163581995295406,8.448641315269523,-0.928845386444245,0.038565092961713,9.013168583598670,-5.829955314098765,1.024843062055766,8.290711361607098,8.439681457967019,2.144050150067628,1.726609475563496,-2.604574799713888,-2.665337557288634,5.979048329049990,2.660220700757954,-3.384374865971951,-0.813375677929340,-0.898297161011875,-8.087060229713421,-9.714667151731323,6.295921594866773,-2.697022327048197,-1.002582229991988,5.860177380280016,-7.138993843497865,9.201706223710659,6.670053745483902,4.452394845261164,0.517042620881458,-8.054366593115589,0.018214827619484,0.629959112990193,5.000848348041277,5.404602797767586,8.496222945189036,7.211496334082167,-7.269076374403016,-2.553146768042267,-6.497875036074412,-5.393886182645846,5.449972058549902,-7.618826640348219,8.610083149034477,3.699772610635373,4.195762217334387,-2.059288354168267,6.425511895382662,-9.544423602091996,7.814235105220529,8.848231279180268,-0.208101232940482,-3.152905044815306,8.038703852918015,0.088373731728211,-8.490902696137674,5.261122392916199,-1.424025689884358,3.350522463595535,6.511831130321148,-4.051206900384081,4.629869015859869,-6.847438016113403,3.950129809814481,1.818190004937296,4.040472382244760,-8.285516964133766,7.445748626662471,5.996786407001888,-1.346466337297494,-0.392950769488959,-6.134701286282056,-3.979499682478103,-7.091721643905275,8.510830264770274,7.523811101621167,-3.723791257321205,-7.992664542549061,3.762992512515613,-2.224945793589386,4.115389241238464,-4.412615607072197,-8.125093876726858,-8.326544854306146,3.867047957040576,-7.901325197388256,-4.880328805048839,-1.859212386406867,9.879966480679006,4.890263526947381,7.850686962009618,-4.557543559835164,-0.408529588963685,8.632427221286619,0.486604838317747,5.053360035146126,-1.966347230893586,1.721708621652290,-2.933353203214266,-7.668288896613302,3.748690656960623,-6.177486017828800,9.938937952392056,3.873250571657277,-0.663806623794677,-7.467072238171307,2.383577598929104,-5.164584699394046,-4.333344489317312,-3.259662109030730,-4.246677220902120,-1.894381808577997,2.736521182308461,-8.506928378503693,3.764648500299661,1.222566176342770,2.152218010830762,9.760912825127598,-0.228791341449494,7.937100361900878,2.981262350846203,-4.020255890873525,-2.266850050169396,-5.588211915065752,-1.014521617890738,-5.617300842758633,-4.703414513385669,5.517116980493475,-7.176544732140622,-9.237277028342273,-8.505553137933145,6.595036290337209,-0.574265035909695
2.320088304628946,5.874670535316831,7.266515716038981,-8.566992701592094,6.570965386213725,3.234930868254803,7.864278782604583,-4.517519690655845,9.905870836376959,-1.164459276850163,-2.574746412365587,8.820335454087459,1.920328973472550,-4.982357969767932,-9.555694114891173,0.512913985164358,-5.560295853560091,0.082300307530065,-0.449829173031645,3.634657129403809,8.247460830406602,-7.881069941936437,-7.939580982338040,6.494059587784733,-0.139467372584448,-2.870518410679481,8.684778451403464,2.275204291874534,5.384452023201332,4.482515373408116,1.899139926336510,6.513305906781770,2.237020537473338,8.010761790373749,7.100480509396334,-8.253016499825506,5.415223772430323,-6.583454981401125,-9.405913258878089,3.607474337279708,-7.427615784975339,6.815908954565217,9.626099061158907,-1.235102737612909,-7.027904518909025,7.183137405953939,-7.069866147339758,2.123708885827639,-2.701061222960370,6.649892199833193,4.836951346808025,4.019273915773809,4.948227535013592,-7.768355304660066,7.311911290128027,-8.240586228496266,-3.043652067070413,0.071513552506064,-0.484885027581514,-7.791175061447233,4.399367454936096,-7.876298119199374,9.891715223723160,-9.350562647544542,-1.943815484470052,-9.046263819937096,-7.643913487286682,-2.977966046642053,-5.952814814962393,8.564178059788595,7.510100762497324,-6.813463817273213,-3.274342478550900,-6.014228969575464,6.066695000216576,7.892490307707234,-6.345641989718427,-7.396812560758810,1.923037198967542,-2.919165089418878,-0.117463061640940,6.395117883344540,-2.939144418214036,-9.366810941191710,-9.511152531892289,4.167201210520709,-9.597456920072304,-9.558257681407705,-7.820751287904530,-2.458172979145578,-7.524690954944844,-7.045342193850404,8.074688047528589,-4.629163008737398,-9.769061356812765,1.449074860360518,-9.674181544295209,-1.008111082575518,-4.060671850411808,0.504303528037489,-6.700617495607490,-1.490223770042622,-5.027636028910585,4.945807077144179,7.402594241845215,9.474044717542508,6.615215277040353,4.424422080054438,5.082311421963359,8.889124211923900,1.356466266257176,-9.888927835639782,2.893489217114496,6.200432442784113,9.364698009348093,-8.813314167806116,-5.052916096013202,1.460978970340111,-1.563781016875620,-2.848886173232483,5.347519057496864,-7.983380951329129,-0.301727730769434,-4.802349404248323,1.495442596596392,6.015494435273695,-0.443199365474630,2.373076697172515,7.085098119175946,-4.677108787110433,6.423320090973174,3.313873163259675,5.901795123409315,-6.937819458922720,7.048021788100069,6.052946100613440,-8.064230684307745,9.635464144203937,5.247442396173119,-6.086864699898761,7.293842243726676,8.297367715549949,-7.804521234278252,-7.448441916068466,8.593094283335802,-1.349041371246036,-0.429535240466388,2.042560283449628,1.115372785614078,0.797642283559465
3.278574765384125,8.046541484309504,-5.826800611524399,-3.894301867842547,0.576315947566870,-0.656710175026822,-7.921248147090112,3.588920219004677,-9.656836517865910,0.495239406997285,-7.476183134703707,1.235087507518106,-8.541620189742346,-5.624002592531778,9.059491383351858,-8.356788285375966,-9.352231559793559,-1.874771289607622,7.062754586075734,-1.406425987836528,-8.843493919532666,-0.047615510448651,-3.131177408123285,-0.254721344295284,8.189271421495750,-8.061705249846119,7.486371437792688,1.912998086319986,4.212314962041550,-2.290173695885438,4.872601849340139,-3.436736040856790,3.403154287954948,-6.992161578034894,-7.919127344193663,-1.405189619128928,5.705658751916690,7.283490766933468,-2.706337844218380,-1.291393904733450,-9.797866504239659,-2.776470037188671,0.598361450752453,8.842914258355105,3.471804832018496,-5.023338149919279,-9.214705008138662,-0.465628004113011,-7.131319043947131,5.604587410933721,6.188508480582541,-4.764545352545873,-6.669794781705751,4.198298486763093,-0.623799781093670,8.405244560251322,3.528798505650999,-2.696396481222559,-8.465902550070792,6.439684430840220,-4.508922568295470,-3.934873193110899,-8.312755465729118,-6.742494137724395,1.822309788746626,4.582651028233226,-5.862015824400910,-7.410673448007515,-4.969487341648606,-8.907827909692038,-8.073078663525274,-3.946004680921300,1.317722112435808,6.408237423143120,-2.030381438418378,0.482913679772000,-2.777043108719464,6.448326180795046,4.700565918612586,-6.827941288030710,-2.803292829859403,2.063240554705166,-6.018335874117433,8.165075544756661,-5.700685857244954,5.923257685011290,4.644863450832315,6.247529642548130,-2.733077173513658,8.235917062705195,-3.020103334593188,-7.102973566425850,-8.823940645349275,-1.227053760269802,5.630906572601013,2.776489942591787,-2.404571319272253,-9.122319533706719,-1.554855176627726,2.147925263106369,3.365572136744570,5.045303609910722,3.788968906609000,-1.190899220145829,7.139448695670112,6.195358406443916,5.346144886228023,5.602554567948314,-4.588964622534730,-4.997026214317605,-3.477198960518210,3.299860383404521,-2.016613975789737,-0.086143631008653,6.810397030914338,-2.069699301646793,-0.051058962682138,-1.643819938037437,7.331251702109405,-9.709014568997077,-9.008860515591721,-4.505012589810677,6.974770272116718,-1.138794832201492,9.685453374792541,4.093245567600563,-7.892264052497571,5.836909027175397,-8.737451349675405,0.260016092071531,9.360761570724769,-8.162241340914312,-7.445000904547509,2.980498102581040,-9.039262148155050,-4.865862259006486,2.209222191226289,8.882617959101669,5.848518732463710,1.898759302165768,-1.848687142063280,5.329080421540542,2.222515049216421,4.482340905663420,-2.613753588360261,9.029797912716685,-0.178758197175400,-8.726842911606239,-7.376668097350318,-9.514299797517047
-8.497503182349398,-4.233124257356852,-4.978902045002107,8.041850576462025,3.819170140322035,-1.013131374012799,5.502852834306726,9.487845795758890,-7.945064535900970,2.388231575312489,5.815064609289065,-3.651526715935538,-8.723893638025404,-6.556143691250673,0.373968805603580,-5.401427887622261,5.696991419156326,5.953140649621165,8.880015664202798,7.792532039591848,2.118817194445375,5.698987400961546,-9.949025133482168,7.557056119493659,-8.477244117915209,2.565944472332298,8.145084765180243,-6.462613197696607,-3.477705505837267,-3.756130888960216,-1.581686825937599,-6.983259275493737,-8.358745652198341,-5.381619817897906,5.680004688969529,8.864545572908487,8.838593684792507,7.690776828631151,-2.056725535291283,-7.838912918344702,-5.480948026015104,6.141760408517815,8.035575821700956,9.359809629166463,6.085409878454975,9.212873592590288,-6.714652591045914,1.559457907012227,6.558114578955035,3.978342988380373,9.923755083927023,6.648777542202360,-1.726704297607430,-1.490121660836357,6.469205210475312,-7.291450522165260,7.018211071768096,1.307083530604130,-6.014131961258570,-9.258227525877436,-5.445751437415895,3.268579542997902,3.346658095574185,6.944506497964717,5.060926375560230,-8.411498163069187,-8.037118421376633,2.665145168292879,3.028131068912742,0.032607404166187,-7.574093563282494,1.888156280343903,3.900218693541433,6.354395134859413,2.482727473322141,9.963266526786356,8.899675038541922,2.452101352798257,-3.201506335071898,-7.630567326599877,5.786175315131461,8.789484941721415,6.751415843656314,9.143755909789451,-4.726694397096920,-1.757368416810305,7.555998357047017,-3.171756608471346,-7.786121211194594,-1.661705392234721,2.335604391243898,-3.156470594519211,2.414591020988226,-2.644013007822428,-7.041835109826660,-8.110161773252146,8.169206999298716,7.831628301785258,-9.306317118773146,5.329614026000504,7.428717999895678,2.672288706066247,-8.003995006242244,-4.192689507977382,4.365517380116613,8.113210862986161,-8.007145005835421,4.204730780264024,1.334380236102957,-8.222786509680747,-5.301600279431893,5.622553389105615,3.261549933010762,3.047280092202115,-5.819606904232247,-0.157857611248254,-1.872367746743100,7.465182666748401,-9.819721340251162,1.603034895392181,2.538194207834493,-3.560453530907941,3.140250651051346,-9.911081254835128,-5.074234610401129,-7.874286135654723,0.951326235604320,5.733176376308233,-3.953967680771302,-3.458348843212670,-7.054003863884932,-8.025037610438758,-8.268158894621024,-8.981422115444268,3.640138535544811,-0.220954576982340,-3.356007168512449,-1.841099895251290,-2.851036610959429,2.313291479827125,2.576482507291516,-3.589807562254153,1.275368382560636,-9.702439124343458,-5.439136438967472,-3.980651933898862,5.731393824549119,-2.238897153257167,-0.508594698037063,6.331166298786609
2.676416026020309,-1.834119039538828,-2.474273102488183,-6.166483912218244,-5.766043614142404,1.135711986488415,-4.876607189463797,4.800559850713963,-9.279070609677603,-4.619132452173433,4.308721033186790,-5.857610718134783,0.543056781802653,5.424816354908854,3.231894744217861,4.370985455216589,-9.712294674400228,1.236273842372812,8.637100337860414,3.170051190514645,0.679080098752237,-7.239192707699984,-8.442976313745614,-0.083351670352293,2.716197837074269,5.575895193282118,-2.371523556784156,-7.881064035008993,-8.813474440791133,2.644300543889884,-6.919503762812200,-3.271356198249369,0.118907345519879,-8.464682550837630,7.834586517200485,7.017637417465323,-0.461301365842710,4.514484824612229,-0.788246510580562,-7.798686094819763,8.201491900155848,-6.602779955660889,7.482482587440238,8.676695207597540,-6.505343917445884,0.349219956426170,-8.097132855818394,6.619391539794904,-0.070147894531036,8.773247214153791,-5.599208484901832,-5.423556299320003,-0.866679886310283,9.229820536199203,-6.839745339756009,-3.075142187498461,7.357725627711694,8.937199470029586,9.283537886774795,-3.217318442872110,-6.990163823983435,-8.487410641406147,-0.813292771436931,6.053031668844636,-1.697215841107001,1.560918284746251,-2.871664484826422,0.669571119500009,1.891316180792719,-2.611674930530954,-9.976195456282230,-1.580132959396689,5.990008426974569,2.427347787705585,-5.896361709390023,1.752856383465531,-4.590225522062729,-1.291470317866320,-9.328423831155879,9.894849142323576,9.896957568014532,3.378052426366914,-9.966111601657042,7.720216532035320,-7.425189075295124,-2.629170691413245,-2.574108919710849,-1.136489645385675,5.090763592274406,5.789440893302661,-4.325490440945668,9.895213711285390,8.329946455780288,0.747430855238250,-8.247127761090489,-7.893857165742972,-8.373160553897312,3.637551743616065,-0.076004360554814,0.345398530192831,8.216090624063476,5.384580567135860,1.731035137479953,5.548606244802318,-3.586737201931745,-6.505057238254935,3.944858748886421,-0.448252726025933,-6.008656281509985,7.139511340209339,5.605081597009116,-3.072435874763880,-5.085899424623106,-0.937773970802860,8.754707958907506,-8.595477269835401,7.475255795203161,-8.259530379387252,5.026067867607866,6.912821224703659,1.812432540679369,4.699942229689091,8.188734568144607,7.574135645437398,6.022480767452841,-8.459639216491031,-8.097208599396840,-6.273367938985412,-7.890713756799337,9.328937265111222,9.327415800228383,7.745112899489182,-4.660094915354264,4.040348540256796,-8.025804918771740,-0.119602032567627,5.605315103170474,3.735128814457816,9.664917037632698,5.499552460954929,-9.813683958572721,-1.205304820063100,1.199698644882384,-3.255132256201573,-5.868838961039278,9.167609857341688,5.208277688665506,-3.190603721333720,-4.138669794914803,-1.369412889985625
5.145578337474969,-3.525221780574041,0.449595004324348,1.387070602828475,6.359275664158549,-0.886971249403450,-3.822943697376264,-7.357947842012407,2.605021166787569,-5.655858336488267,-5.368598881040370,-6.908005331695803,-0.700290064521605,-1.351344912156678,6.196087810579400,-3.091377990691431,-5.580177310531589,1.782872795058752,-4.802390112983852,7.634027093404470,-4.593791499670782,-9.032773787282665,3.740302988054689,-9.528814854459828,8.431152553746927,1.697553717353077,-3.902811642464846,7.224596407357804,8.511915459116153,7.465897874184428,5.914277638074498,3.409891845170829,-5.927080265045523,-8.911241129437268,-0.719079693778639,-1.946214522686864,-9.592396365022546,7.150233020837586,9.246604527685648,-9.897305659423335,-0.112041532667819,8.215133358487204,-1.135406726361976,2.233994623059994,-4.487268648366321,9.862105872406005,-2.448166234137219,-3.737801178856628,-2.999450138134812,3.798815683968220,-3.267794697052675,3.845270118333557,0.260383713532743,8.114806055112645,5.009712765393848,4.728636338808577,4.259245675246667,2.528758652506088,4.798365505791917,7.881747646813626,2.116570407951770,-0.788876110666042,-9.242515974380739,-0.135083636866693,3.816280340710641,-8.287578600587917,-7.593421398012870,0.413103964352475,-2.668421033282038,5.579298654065290,0.521417000049594,3.177023233459767,-9.263620823936492,6.852875686746284,-7.028781429400706,4.885510351991160,3.680209115125042,-4.882241573656591,1.660038692024010,-4.974538458411166,3.343742588386778,5.225663143114627,6.744299911553647,-2.913460650857163,-0.159568711033341,-9.688989396004500,-1.369165670035329,-3.674146001816386,7.793561046403020,9.070731793550166,-1.116143861484506,-8.895935986389382,5.141528621992395,6.382570548156060,-9.355148297923668,1.265025829823497,-3.442361613152276,-5.719830022424263,0.470472338409728,8.768782270612952,7.827038866682788,0.336800369600628,-9.565155879996606,0.083579725548407,-3.028668573419207,-8.696869763957956,-0.083603512470143,-6.368982685836189,0.230062188716078,6.447745332921343,5.537606795420839,-2.755248709910092,-0.028270564427398,8.906356122404951,6.977977943424257,-1.354662820478394,-7.751966796177181,4.967353686218852,6.739543645450944,-2.866341911244890,-4.439519775130565,-5.157094561879196,-9.474561361149087,8.381036405427974,-6.130692282493682,1.844502023151524,5.977064856150596,2.095509433151539,6.153434362780882,-9.712453089811593,2.228531739222015,1.625084802388949,-9.105545355522175,-9.935652699011543,-1.359803974026786,-4.480236585473635,9.993284757591383,-4.824228514171272,-7.451915238613083,3.789306241760466,8.751705581842550,-2.301408982851616,9.828232210830720,-9.666582916844158,-2.719430286036555,-9.351415280560042,-3.217882024673893,4.238930203640015,-9.445016512525301,6.398204485111350
9.430810521142515,-4.228820401269009,2.048984918453282,0.358417782583393,8.733447309155927,5.885277400282689,-2.205865999619999,4.767360473080196,4.317685378667804,-8.520727504051923,-6.264195761760762,8.803777075251034,-6.304919873144752,-8.991096921759995,-2.339244392050790,7.590761783509592,8.092947056266460,-3.661875262249465,-9.104884566417415,-3.833946755176414,-4.605861397084392,4.733687888671746,0.859205099277233,9.429908578784477,-7.428805024618357,-6.683098833919976,2.983107038856810,-6.156379166568897,-6.694475887007520,4.141757879320959,-3.034203482337969,-1.324784015623653,-5.492619372358893,-9.412100586358456,-9.816443078325566,-4.454300152451665,5.205338483388392,-1.732836125501944,3.370375008081369,-4.699963230914541,0.020766955990767,4.996307131787365,2.561615311676309,1.647274866432465,2.279188466223673,-7.887986993786129,-5.064840300422285,8.811526407388730,8.127780550735991,-5.314416780677620,-3.273013911418337,2.453848091792981,-6.525781225607636,0.260565568349872,-3.229580701648247,-7.034856081887286,0.851533745283625,4.133071250465306,1.966613968512494,-0.161271374405889,-4.215705361777906,6.297400492553450,-1.520207411866924,2.151092154022150,9.826316582454464,5.068864034121249,-9.807861986307561,7.623282028238087,-1.090974384814798,5.820201807914490,-3.910063426007491,-4.554155643826670,5.575468226588949,8.378788235380291,-4.802628419004873,3.406607520716886,-1.346798182030270,4.390319378358036,3.252679018695297,1.440628569172437,1.370360306005233,-5.306375057367319,-3.061382654462581,6.860057811133963,9.758095046898390,-0.610750030121965,-5.690779481141388,-6.542673998977389,-3.896678791979333,-0.240597095310328,-2.062516443827464,4.944517600236447,-2.635393434565683,6.978721735998466,-0.319653344429964,-0.558658590058371,7.714707357825770,-7.708524183760852,5.369198498848240,-0.979304661006040,7.562144165917058,7.399382924038861,0.904940548288579,8.196540306815258,4.259464026703215,1.256970411074938,-6.814653900249974,1.628112986275106,-5.505684418320575,2.879440093273939,6.127534770205422,-5.258486898182040,6.526049129372190,6.607179353899163,-8.484684751266219,7.788281072212623,0.597760368397239,-0.567909253554362,4.101798546884305,-5.838603523120276,-4.500160466233476,-6.971204336810287,-0.333375632617077,-0.639253780053712,-2.668490114703665,-2.129591371545725,-1.387793975476368,-8.456498021686190,6.502921548559844,-9.925968298020255,-8.539924468224598,6.861723931870696,-9.175033555297464,-8.802437390093285,-6.021127520207297,9.163325527274651,-5.408728277354653,-2.329583410117411,-8.993880301184969,0.193437362645067,-2.922463380157129,-3.863590731896562,-4.910313640218675,6.520833510009989,-6.228500077195591,-9.781297518782115,6.183008433122236,-9.876098954351642,-9.479406777210855,9.797938419494823
2.518394780050311,-3.347822513458841,6.452190818709113,1.415195021464990,-2.133956001638850,-9.420723627936029,7.863399731879536,-9.541124246709714,-6.950489714477750,1.373428671992736,-9.660852463675006,8.260063868069082,3.310782287255147,-1.804398558590472,-2.082500928602562,-7.807114775389643,5.430921644148947,-4.738152188022604,2.047279703513949,-0.781788438067331,3.393357559030699,4.269534065545603,-9.030630293494241,-4.573729998164877,-8.946991802168313,-7.883657335661363,4.033931756234782,7.967032854998074,-4.028894401629673,-4.247562715770254,8.079363255942134,5.599346604931643,8.719351294237050,0.351053460591951,8.579816789039217,2.517152237775768,-7.053405449609496,0.955112158982788,6.412451337318025,5.762288037519927,6.515679727524223,-0.457885108566467,5.432376914105607,8.184990232158381,-4.841867936526414,-4.094919322145063,-2.902470327924068,1.236270293365020,9.099665769876491,4.538270321836501,3.229180071779286,-8.247094042619834,2.898445483505046,0.903769932677212,0.034370419312610,-2.781378848623294,-3.480199494116166,-3.168549090200960,-2.848061344324706,-1.174928099309952,1.139600535458323,7.152903674275130,-3.250124681584341,-8.270332867106802,4.610463130082799,-5.711013248066514,-9.760155400594787,-2.754959072904710,-6.184353712480997,-1.219306504212565,9.319276339426242,2.487389155899510,-3.968651142760129,-7.394260670861765,-4.004138591430857,7.077814843361359,-8.943302317550398,-1.239465301207275,0.457227547504139,-8.241888293053849,9.785208977160224,4.537944511548726,3.375111793877668,4.679077393352674,-7.786004640077893,-4.100179179186556,8.908708385513783,-2.363098461171531,5.996441319797110,-0.133979385810093,-4.337922180146691,-2.830387720225865,-4.230349071838077,9.533002857111633,-0.683208351279266,-0.743220430346003,-0.192275731898144,-4.191350860835239,-3.121011346529718,9.493076743887261,-6.485180688153031,-3.622331473728262,4.969021003598364,4.529809647354288,7.773562996212576,-3.872825398478095,4.718222485146308,4.175200005107758,-0.659491647545218,-5.018919501213713,-8.813320141633781,9.652635940570388,6.475036601365126,2.881701517146499,-3.789834351489105,-4.098924819843326,5.493354310343666,4.215472829655294,7.167435342142582,2.592854917564821,-6.838133911240909,-1.046740527026531,-6.945136546575748,-1.462291220084388,-4.785383032588051,-4.217362145563772,-7.511610726555020,-5.452550935477143,-6.489133658709793,-7.243800645285301,-7.667112413760604,-0.020946931815491,1.772765142842056,-8.897602535231163,-8.610791983314618,7.961801662902968,6.632432816953521,-4.540333500784155,-2.651264188387856,1.909344856235965,-9.983450810482639,0.084361984808226,2.511396571295933,7.000797923063985,-7.847270390085031,5.047251580725982,3.852229184177210,-0.318789965297785,3.005415302701033,-9.126102490361085
-2.794685003932114,0.325739187983574,-1.971951533163409,-1.535935560900194,3.338485510338060,-5.253403832311292,-7.354010875313590,-0.676468495986157,5.077972484888440,5.653323861717091,1.287843459790315,3.214991569274385,2.423049976092237,1.153984954356080,6.176756570907511,-1.003564848950472,5.684864956139052,8.464276920482675,-4.225885226527797,-8.837616317511337,-2.402887035847241,-5.776793314029732,-6.485024513474196,-6.662614871284704,6.746492127161815,-5.607475045458054,-6.761582537232924,-0.505400646556449,2.466318156331903,-6.982351956220789,5.652440910058012,-2.205406758233193,0.386063090149644,-4.812746168032389,-4.566231868500930,0.862351079201133,-4.351354824373024,6.418745123391282,-1.983933010294106,5.730426193941213,4.040979380044508,8.518002045154635,-1.733178926691703,0.817606212498063,1.077151675231233,2.441053623803821,0.473885965207970,-9.526053780192989,7.312295793158956,-5.395904363717873,7.917011649701180,9.487636464655690,2.698684871326121,-8.804261510305357,-5.304871417829158,-7.954381511833475,-8.883473778765079,-8.613141972961243,-8.154874398180924,-0.431031674049700,-9.768545351498087,6.344394209240050,-9.958416861606043,-3.661261340123561,2.710754806725898,2.423960047381161,9.626910493956238,1.275893943429274,7.674686500350532,7.439305751150812,9.621655558361791,1.424744542197541,6.898225185633386,-8.779476793713556,-5.441931018509938,5.938528011072435,-4.125710107359042,8.151148115419222,-5.885202318126391,-0.794897366587101,-1.709217050283780,-9.584891308547947,0.670104035543114,-3.166882251970204,-2.889185562604693,8.743058067953239,7.355687264558593,-1.642702277974202,5.390825413723860,-4.806391720477643,-6.648923824274964,3.872890378956221,-9.546085766286655,2.512827818909123,1.857135081667886,-6.951767732268781,1.213681885648910,9.820997131988943,-2.157836123006859,4.756315837374865,-9.025566232364341,-0.363290608465457,-2.711384447659717,2.256137921569437,2.340019848754753,-5.475689445627514,-0.264162054613701,-9.029504312381590,-1.653622611248517,-3.590194254102199,-0.760027794468638,-7.695698282917469,-2.208573247576526,7.142279725623467,-7.993659410802434,7.068476671026250,-4.505107380955893,-1.260132844882957,-8.015577510777320,-9.771704179244081,-7.765634028739711,2.250439925823553,1.407338409084716,7.957099899589817,6.228276007814937,3.816407952491616,-9.411152503754202,1.352081794351360,2.867388409702889,4.104919979966056,-6.626729378123604,-4.209029638541601,0.085599686028932,-5.694587274521106,-1.530444235765094,-2.817282435393680,-7.540160971139354,-8.072049166197752,-8.391638672024843,-9.337149019777446,2.933186127394782,3.284096826565445,0.776882897580398,-0.406408062768193,5.475018077743357,2.037356585720220,-3.447965640933919,-5.160738623213501,4.899358295053167,-3.793383707720728
-2.215354153267743,-1.683933984435670,-6.232694177542522,4.084763194729435,-4.435469516132093,1.258545806990398,-7.947544914979274,5.046976524688581,-7.573361377803902,-4.667167225848310,-5.443018756171716,-7.016289817978427,-3.960969976625808,-1.749641599772136,2.081725761861826,5.309809518734369,8.093855550614272,-8.547283424175557,6.601882967217676,-9.471688844694944,-8.852760974678757,1.063655936907185,-2.854923849284086,1.241686452257632,-3.109848192578148,-0.685938332418550,-4.206597030877401,-7.476320278964435,-6.705348943138780,0.189602348463291,-1.752935014582571,-2.387595607783808,-0.472888342573585,-9.636200390547007,3.445727026237403,3.203981458095623,-7.794732028465949,4.478364665654606,0.360663689355121,5.251719067283997,7.807269655522870,4.694584391575942,-4.978369728912253,7.535416566326763,3.344123571514617,-1.055712942943449,-7.948197242098884,6.776020184870276,8.813889751572525,4.264079082256409,-4.414150128107870,2.707933044258548,-6.924569345366729,0.020648304651701,-1.097358843478620,0.251547348659376,3.454761752638422,3.731666328833246,-4.884825428734512,-4.787687392323397,-6.349670046438868,0.408053795705307,2.421730976365776,-4.398071008204012,-6.395114643855178,3.315351088212822,-3.754742979213470,4.650591280904992,7.089437506373358,-1.444673442185158,1.720515752855773,8.500032337166690,-3.573799875568950,-6.537291091667170,6.612256534190266,2.270268601420359,6.836097884484996,4.705186858606293,5.172217583220675,4.334799517891810,0.262593301279644,-8.302237276390160,-6.417373637298756,2.453975529479608,1.605428074683545,8.993307393257275,7.109988897646307,2.077563017294093,-8.759368454765040,-1.823466128326194,-3.837078613275740,3.913616992375529,4.986789490272631,6.230720940819815,4.275051625732864,5.920795725600108,-3.177555258917122,3.011963467612000,-3.626131378281928,-6.753913901754254,-3.140708550396536,0.134846098515720,-3.328733831213353,-0.850643898082149,-9.972779202399085,0.463598469264451,6.669958461537746,-2.296065102940979,-2.224807178859825,6.139362934425506,3.436667464042841,0.881589530652347,-5.323931066372854,7.358548700474895,-5.263783774799005,-6.412070214361023,-0.855559954088243,1.165838811490360,-7.800171195606285,-0.649444955051635,-1.567893397448998,9.224538488475680,-0.636440176643593,2.143685404533231,5.292147568147874,6.439768838844920,1.211298025253578,1.542608679495777,-5.402003759037877,-2.250149341530443,-8.579195590612033,9.606753179560830,-1.191433671884198,2.546076577403802,-3.201883355804449,-8.521233360748933,7.820038777904152,2.393800412477384,-6.981983277486082,-2.343427524220234,8.633640595786829,8.623453344749507,-5.259667904949552,-6.378973998820761,-0.777745795802335,-7.386502735261748,0.590885223916667,7.854331362182847,0.300024649851782,-8.768601699157482
-8.057842345956086,8.861382981893708,4.364500096960391,5.806196367436447,-5.578818139989863,4.337859248080067,-2.081306002189502,-2.023563771235581,6.784921738886592,-3.430246386335836,7.434859351690001,-8.852144855874922,9.840070833753597,-9.950394370944464,-9.922925263495976,-0.103452623039654,3.122378622608814,-4.275293192157541,-5.457882205803138,8.967895364016059,9.750860505436982,-2.589045962122620,9.367136759785019,-7.999811032681244,3.346766828583185,-2.784669137966132,1.047880659845134,-8.627725674267433,-8.532641610012398,-4.064800176597960,-3.437370225432659,-3.341081392860534,-6.231523048588238,-3.193924035137816,1.466106559498087,-8.225181222733603,6.981957639946398,9.129354615987644,1.481787101274151,-4.929032376096218,2.363716327520503,8.915427633331255,-6.987318294083893,-2.721829294659770,4.345515223242852,-5.301426232163307,5.988854393750820,0.144472064140812,-4.559431853081470,-2.123818703389682,4.262379853451266,-2.986426180939990,-4.510546866667422,5.605861643913707,6.155228879879353,7.552255668965135,-2.962284730705134,-5.077735538955106,9.771646440169913,-4.838644543924156,2.629921746874544,-2.119048005411097,3.916301215758896,5.335947021543992,0.014054585344844,7.775153285618583,4.123952342844950,8.403609840632711,7.005533808436240,1.287159188352822,-9.170842131498777,2.767501491206698,-6.816148954594457,-7.515464743029887,-4.326483825213052,6.451151110561696,-3.040181135012954,-3.726217795262485,4.662090634438593,-1.957280314595804,2.642425808840311,-1.365430215770999,9.193249273656853,5.918805377194293,-7.770590644579269,4.016879772789075,-2.292922847583512,0.085258282701355,-8.813645866966301,-1.346171905072840,6.523285241883571,1.319705434219687,-8.535160780701274,-9.934240553419198,-7.083072925273848,-0.003272050550699,1.454284489831883,-4.447279530305453,-5.882591960516907,3.173880899588701,8.829600911492463,8.814482176375066,8.213223276831851,-4.426924716480509,7.860758854381892,-7.997908762524983,-3.773358367869852,-3.697086155005424,-1.809790813758420,6.084853679244986,6.513227327751252,3.199534791108206,-9.822352490019657,-6.717975015258000,4.681139522497181,0.429248066721664,-8.644943088154369,1.084330755999336,9.325624473275834,6.587643697372553,-5.181780620165428,3.545599158673401,5.855367758811841,3.850330054470971,1.678986494142753,7.016164550946481,3.318346740388670,-3.231769687251065,0.012576923688252,0.512649058594711,-5.818555847228525,1.564529602137787,6.377962401935463,-3.956722258843833,9.441843350460370,1.213662856362774,1.796830592835406,-6.962540355784013,-4.072855861336016,-4.576535885967107,7.497513376459587,-1.534622935977662,-5.315544614198591,3.021817558483074,9.863030643724407,8.361927371406793,-5.577071143678179,2.874517387700234,-1.041205472962430,0.686948365365549
9.801105582310857,9.722501312682155,0.723069264219973,3.131975718502884,-0.381976860072694,-6.908658778445926,-5.623788599717246,3.861858978041697,-4.507468949231814,9.963705236555025,4.233288340422332,1.606229182883627,3.320536465166482,-9.701354032546384,9.599528105498564,-1.656290417682300,-9.697631188849309,-9.683321714075861,2.395937429507100,2.477763325175831,-4.136579315749711,-7.112056138860323,-1.939828925207486,1.131338002957488,-7.530737250461559,-1.454533030946335,-2.356000135159371,1.461931001137982,5.840856830338954,-2.182054625352916,-0.476568642416705,8.256953914851003,9.449542006398698,-1.779963924638006,-1.971078503338621,-8.999868972117071,9.892778225357041,-8.834460816957064,-9.846468436263374,-5.394892627019670,1.142038163055952,-4.357663675693364,-7.822509383919170,6.737203265842961,7.785248095343938,4.388995036348431,4.702800406498749,3.121945497182409,0.584876145606685,-8.573823150385419,4.120224920102288,8.577811596644374,4.570230232122285,6.427738733117405,2.645028150360599,9.620262132065065,0.871998216211971,0.415071894163241,3.744712555147721,-3.143393019407108,7.465311363541442,3.513161145397124,0.927301081902929,7.445071068762800,-4.822994248063333,3.011451328581110,4.619633068471167,-7.908549255776782,-4.885447165598002,-8.488677567307967,4.764817143978084,-9.040572175393057,8.406330025705461,-8.753653792061293,-2.467782423668902,-8.173495342344903,-7.769289693648320,-5.082576577453139,3.364883478574765,-4.108062845757647,-9.241788435909848,0.391910884493816,-1.007517863475499,1.058128676520827,-4.522993381484266,-4.944577034747097,-5.104608256054915,4.569230577763104,3.389788881683380,4.820277779660371,8.582849888770763,8.202939758019323,-7.027448058340617,-5.669936577366670,1.785546272243906,6.678874884054554,6.935243991478504,-2.721436373336095,-1.052374761123794,-0.434445504537056,-2.841307284280569,-0.441727817375305,6.828579371211745,8.637980255102548,4.481565067236970,8.653855343775241,9.446356746340211,-0.460962447193573,3.379108863783474,-0.148515569752872,-1.749538380326483,0.888581674606181,8.841545253025277,3.862116437980024,0.426062801824166,0.733021156240506,-0.202814328454368,-4.517423631777577,8.689795894479300,5.193243051018495,-4.476122920345862,-9.385876792157683,2.440364787128626,3.259604385622373,9.542233317592871,8.224415063645353,4.028029090927417,-4.690698920755518,5.514707053688115,-5.251489189584444,-3.449331899449566,3.632447844686126,-7.563897923136429,7.679484477532675,-8.329941263388548,-6.988125748474186,-3.455727828603545,-9.366737321399350,1.850364468558084,9.713760964114890,6.649864712527783,-2.629715679466740,3.480937077016939,4.796196796686395,5.736160208409895,5.460857109517342,9.528386525788783,0.606238291084454,6.417808780872701,-7.750400435912610
4.350202756430201,-4.060782708635573,-8.171031921291688,-4.232890697043034,-7.043693586403936,-8.596043707907342,2.642998122597271,-1.908258920581760,8.326151022120296,-1.210007327770255,3.545724926999680,6.316201188881056,2.687282253217862,5.354902851262807,-0.351359425371713,4.461922894206708,7.297027763942626,9.311829052971358,3.464836907523377,7.029548418902959,-8.984544136425860,-5.876468528398650,4.957923426748430,9.227972573822942,-3.344147952776913,9.752817806699003,-1.574386504955497,7.269198398008250,8.937143576574410,-0.672241117162670,2.758098673604900,-5.143928287802315,0.978522033770028,6.397326859657955,5.812443199499134,0.023393019702320,-7.976548269686905,-9.961218279085031,-7.051577684916952,4.228557065268477,7.572888506279089,-8.583995879136786,1.056208289905198,1.319092214432773,-7.813210077016959,-8.453221559368027,8.231600973150474,-1.815421301850895,-8.221481923463969,-8.361942203674030,-5.017309328999513,4.126896584390016,-5.896863968549056,-1.042158048423341,1.803162263354121,-0.460786805793024,2.599152884898746,6.179499355829048,4.704438864352118,-5.053492076236288,-4.491308930842067,-8.292623948580484,3.656908929775105,3.762091523813746,-2.808420675955485,-2.900163952032464,-5.518917671735495,-7.649210799704149,7.639729561573048,0.837202619128233,-6.190077300188364,9.850616912019916,-5.923653538398776,-9.058115699339835,-8.711068804696609,-6.678645236657594,-5.141718637814017,-5.447155155799466,4.831974605534812,5.853008018617597,-2.666740157439804,-5.700973693388747,-8.871119932233000,3.896348817460517,-5.344869405093425,-6.429841676361807,-3.815679120250827,6.028692958233943,3.791933572602934,-4.518113245472398,-3.178333530338757,8.381391105807918,2.062795621320566,8.173195842764645,5.049860569857383,6.424804447383245,2.192751612141175,-1.972060895526273,-4.827281072815444,-5.732367807355607,-4.444353064986883,0.668252882750448,4.402741253398073,0.226285196417109,-3.232692371387975,-9.156462551533535,-2.090464700198038,2.720561908165900,7.414599883146845,-5.913413067475412,-8.331986958385905,-8.473423262438171,7.586070395810175,-6.710367731747322,-4.479413352225197,-5.410053792298781,5.366944994524975,1.507387541559941,3.824755883971608,-7.457567292567921,-5.759267983343499,-0.409126605475794,-1.830314465847350,-4.882502312668169,-4.307352082628306,-1.571158607610927,-4.141243431897133,-2.142361086310038,8.501740570717292,9.129706783366217,-4.567927801149352,4.657350849462636,-2.414489240176218,8.181977611763362,8.252312509509146,2.699053463101224,-3.344875259551898,9.365171257632959,6.593780926947407,-7.705500257585742,-3.717574005258768,9.528147125761450,-9.349194215130357,3.594967237211289,-5.665096391217103,-6.872882579795833,-9.969507784722394,-3.088424591006813,9.647150372287257,4.497601149995623
6.013576233855716,-8.025668497677930,2.957734738144072,-0.807577505340532,-6.090211116473920,-6.762349328832085,-0.800090157343000,-3.645747667085635,-0.128833930682674,8.818099252871797,-3.712961337386449,1.366247416737096,1.405700275816441,-9.626857034214854,-5.279518888815686,1.257034441446276,1.075852990247967,-9.359117138886770,6.850420253284241,0.276224965661262,-2.604422907368655,5.796036500438266,6.657254340294926,-6.446838785718776,-0.266899992749728,4.736492565529451,-4.834734317544789,2.925593751292235,8.384228777576336,1.321934656789503,1.340519886221951,-5.984210994692834,1.450229465473988,-5.304816933277348,6.294773712041696,8.960070241083709,5.289234222595525,-1.799619190836292,7.273787095097944,-4.354495579900302,7.282223816687821,1.926515916070654,1.715308568162834,8.617943003788675,0.781241434847127,6.197380392405144,1.675973817005278,0.289503808009101,8.850011199533277,-1.998645621858863,-7.967958526698100,4.084490399968246,-6.356840979447931,3.845198456341699,1.465745378917315,0.894351546549840,1.008534116679535,4.134132098044228,-8.323254786090580,3.053509528029332,9.679136582237049,-0.829513658468739,1.977846987324007,-3.430268490417710,9.375967156289889,5.699533964294796,-6.037308482888428,-1.699484464419111,5.753320083288372,-6.965722561826276,1.276413929603930,-2.321673227487027,2.641787741792648,1.332819061851737,4.854751408484873,1.963526232054353,-8.695444469807583,-2.723368694241430,-1.726866967902343,4.669627424587970,7.626491229369876,-8.798611065692993,-3.055238805090765,5.945828360028173,3.733729555146523,6.625081672326022,-5.547546104297798,1.643291355577325,1.699323041543545,7.697110368113947,-2.623437065249592,0.957306055814806,-2.671133777393262,-7.132499132113656,5.952568415181535,-5.728480589552245,-3.422332559509853,-8.799466756406842,-0.729700966292125,-9.636065993044740,-1.526060608125173,-2.709976081680940,-3.233266992947255,-5.307589559722759,-9.226961013763981,-6.211808268310575,-0.538499549382262,-2.186896028307130,4.832236134348296,-9.611348682121200,-9.752851408716641,-7.763344174772929,-8.091891722827221,5.850888296149934,7.814173518279990,7.666435371226246,-4.368316598498572,-9.267439074122542,-9.610691662855881,-3.333295536348815,0.465115964991350,2.411115792158590,-9.464719127346353,-2.939736730465301,7.178549212516781,-2.989468616323132,-3.320176341653451,-6.608091316352938,-1.181670607655043,6.099582963368768,7.217304966713336,-2.716805916690057,6.339329276418081,0.026681643157062,-6.712360666920382,6.955025437399822,-1.525148769128766,-7.634497382512060,7.390642710853999,-8.500980628842969,-6.782175569929048,-8.758372899013603,5.000667774997673,-1.353912185825660,-3.301876297759181,-7.123556275375629,-6.083758720773364,-6.109299729953170,4.721875302640568,5.430359846640279
7.643982962879278,5.904807411071642,5.886448340660177,5.998766104190089,-0.326074577049875,-5.781564092325395,-9.470013807000957,-1.787512212453425,7.969442577407182,-6.493696989035785,1.225294221676148,-2.751775237367764,0.812018096857759,-2.573201964698657,1.151686976735398,1.522185546384753,-5.725689998226599,1.109183194489397,7.020120918244210,4.140570171612589,-9.825731968299520,9.539102307774886,-6.462810561250778,8.048095130219192,-3.704725403087479,-4.733554691164135,2.108456556444860,5.453449729292299,1.465819637919232,-6.067993191279952,4.389006176977110,2.002046597912678,1.164398976258351,7.623575397132555,9.837699362987962,-0.488387048705821,1.710402780112453,-6.539501430245325,7.247233483414153,-2.068731465052823,7.467183136627408,2.202091627249727,-7.036221601734757,3.706299757767578,6.378859427490632,-8.822918104900030,3.812400445518421,1.297411126802535,9.275491290899293,-0.216902046505723,3.211441834492241,-4.338077800889351,1.194229914235640,7.970294290422611,-1.203123568158746,8.634481961446301,-9.614221284419751,-7.930667523860205,-4.820194241659506,-0.831788039616049,-0.201855352182909,-5.105769537547604,-2.322743217522049,5.800084309292330,-4.320538475276141,-9.000688711035533,-5.383428903709544,-3.558491139315567,4.059624719651838,6.283095141490328,-8.175872353036738,-7.298073139144590,-4.281520103943315,9.590211990973113,-5.711867241493676,7.136443743216986,6.401256984163556,7.910621892252962,9.949199575159710,-3.187912770096348,-8.409274304122189,-0.064264608998464,-6.210935739750544,5.591621309941567,0.275557233129962,9.020546422511138,0.035099490159729,-8.488822292107624,-0.836722103561367,-4.316834537048432,3.064417362386717,1.423115338380832,-7.446110614882380,-0.095645188228987,7.974955671897263,1.087213510793719,-8.374839235955614,-6.685737970814206,-0.305984010141183,-0.458299815505887,-7.011703615223173,-8.665154013796780,9.812636286860407,4.092646216143844,-1.951579934903014,-9.292128810780076,5.069453318374745,4.231826508900342,4.797652627684615,1.261498115525745,-5.588991100596211,-3.963851201106728,6.053996241469356,-9.573204425993220,4.888126035676009,3.909178075367734,0.562018503962989,-6.744909499648055,6.400008111448692,6.385094960918394,7.247195713413916,-5.722820146894422,6.152453473912509,-4.764072776187753,7.728480506228152,-7.918209786007053,9.115832993922922,2.409562356427447,-7.066077484535294,8.333831834845881,-0.113206822805553,-5.666823627088931,6.377232764370834,-0.134257357151897,-0.112960111823169,1.834622158618531,4.189911025861059,9.888713599686707,3.809375652630386,1.035036917808029,-9.264162378220547,-5.324401577622746,6.919705460213546,9.052840944289123,0.494318860620549,9.768386533806520,2.816226564549758,-9.817171753407907,-3.178894852319731,0.669322137593181
4.381788545135903,5.426130815629108,1.405309721951394,-5.838042522054653,-3.320415226710656,-7.092539698133235,-8.740869944546263,-0.336119895130357,3.778746621865562,7.309527685451613,7.259100338786929,4.727217750213679,-4.696576261997669,9.410817272010128,-8.015646228452463,1.308305448795030,-6.431138725417654,-4.773982717315912,-8.751108962741602,-9.470020418397452,-8.097257034459258,9.120600403715837,0.588196798474792,4.570085422098325,-9.197146250113766,7.971960449903989,9.886206923416857,9.090818657628770,-4.802014706908180,1.826288300856904,4.282466646454280,-3.381746906040979,-7.842258211693398,7.829041734992831,6.799621649337077,2.325358874530099,5.575061105003519,-4.493577879846580,-3.848435192425066,-9.135951506966570,5.054037338783617,8.279262474384272,7.222862658001453,-6.289155864480247,5.187473851998002,-8.564215179373919,-6.287185911692157,-4.157265606230009,-1.924447049581655,-6.800011061995262,8.588993541746394,9.985102648427180,-5.028865263506958,-4.385250276829858,8.395124518050267,-1.680857981786140,-6.489280554386281,4.765239639318224,2.559497902915238,-3.784268785917155,-6.832850167487765,9.320396045161999,0.078266235695043,-9.180386824187227,-8.166454045816437,-0.719042006636601,-0.423512492148062,6.074343737051780,-1.514456207019608,3.614853985086690,6.494996829895474,1.154840348515702,1.935341607469248,5.714875661975700,-5.852773141504697,-6.764833170652613,-5.893825564413467,-8.969651780654512,2.565302716100890,3.414073593506728,-8.342220945882392,4.353972360869609,7.002852699738654,3.977215857614889,-0.746586470102685,-4.193083550371703,9.130048776298509,0.840318196311681,-6.769849759580076,-0.945178453105207,-3.549837779170320,-8.592336309591786,-5.155320751478887,-3.180986495271831,-9.859887164654015,-0.445080972736134,-7.190585231735684,1.892856466451775,-5.391983415482171,6.714626830551417,-0.733716176858973,4.521307649789854,1.171572353144818,2.213993578795520,4.499163898833558,-4.415231490324798,9.836289725392170,-8.584648837479394,1.590996653915859,-5.672246812560391,0.965692259029174,-9.250491567120388,8.422350385299652,-9.610865757274698,0.131448125241631,-4.771106063355546,6.548078169431314,5.050460456402263,6.561844713366188,6.290226926670265,3.770235790873631,4.610149970992918,-7.602827713503240,-5.551007996964607,2.069521949160846,7.474071078534696,1.870423964016590,0.203355283930208,-5.612940758395435,4.752564843568202,-6.580656249432528,-3.454389326833853,-0.791011003589862,4.645203951400314,5.848799261726437,1.077926109463693,-8.812564766643083,6.872913084945868,-3.235147694715832,-3.363029518447402,2.765650675495424,0.628965885573624,0.427624223054616,8.170343890894443,-3.459069448139211,5.329942932972010,-5.998589368511301,7.539598975543868,5.855528557369817,2.594217726982905
4.965085693752860,-7.056293619748180,8.635430326645142,-2.488915756405243,3.206012456684560,-5.226281101741397,8.397961230637559,2.101769953894152,4.210929334289066,-9.589507067221788,1.745391876985780,1.606106394757488,9.733511264916736,-1.275791674134890,-6.285326274294141,-5.613973065080367,4.110613574328871,-5.053850974984084,2.229321500444017,-9.338161494354845,1.481635806437717,1.570645200605531,3.837531112387786,6.029692636815309,6.173539668333383,-0.904827102107877,9.545184677924436,4.760357014077179,6.782351505886041,-6.966455116574166,-4.825849194452005,-9.648636079032190,-7.862060499199326,-7.395091253048500,8.651786422258045,5.217060110989618,3.338704649323041,-8.623944177252216,1.710377698038153,-2.156773062712021,2.281561113626747,9.398604004021323,-6.455641987479148,-6.384761929614255,3.801579626341976,8.663288760274757,-1.728871086765242,0.456461499380143,1.642416784327176,-3.852193995497397,4.054753770248649,3.392866605127377,-9.732122396587242,2.860854690452664,6.842539705135025,-5.366153881294393,2.508991372387801,-4.854880753331234,5.398477190382119,1.196481004658825,0.918777070450595,3.179148254246428,6.123013679950663,3.291143669914343,9.596375490481478,-2.138563918934569,9.440409100715492,-0.977764039918721,-6.001276905275899,2.307114005765529,8.797238304600430,-4.455389588719278,2.798429774067664,-1.873473679806146,-0.618132953863528,-2.713704385472888,-1.421276507200126,9.033970461059344,-9.170487404697345,-1.614471570471887,1.102656447490970,-3.582288934446924,-3.848253780703370,6.202676132354629,-9.320858442722468,1.025169157139969,-6.157890460345845,-3.016011834903559,3.866914030614922,-3.147437347592357,0.983465404686456,1.272828174353858,-9.224026474229248,1.161836349739362,-4.052430631575912,4.775441978240183,-4.014162749513965,2.590232935515431,-7.803099605242458,-2.694873914183500,4.177374570124609,3.687346783003600,-3.277139181121145,-5.772215858337484,-6.439212247538642,4.692752039771452,-8.644502983279683,-4.546324060129736,6.602017527715994,-0.332636067974610,1.454337550219689,-6.147007036729586,-6.421036606970116,-3.439487498888319,3.105547136549893,4.319234758804328,8.359259197544841,-2.966633584577436,-8.338641856614348,-9.713554728767434,-3.167240345208620,2.017560700247456,0.562574969043553,8.403075148167559,0.614512491948087,-4.480817360740503,4.930989348429431,5.559887162811108,9.284255405497099,0.855085120099336,-2.371286388786247,-4.241084864610567,-1.727133175494401,-6.212212716525052,-5.906660582224285,-8.636625985068642,5.679632882428347,2.702897480629376,-8.295139566351015,-3.720011780008226,-6.226275448272833,1.024361627017187,9.581742301838659,9.962874866603126,4.871291630568484,8.254796068688119,-6.618193276129942,-9.999309800685017,-6.932529278250172,-7.287374572317276
-8.955455267255179,7.797753967112218,-8.628264707180639,-8.710710695165524,8.539735520422937,-1.972015702629060,-1.056609681199754,-3.773271442125477,7.756832995118444,7.704331400904529,3.505920494293473,5.791106538331960,2.922451921488609,-7.443959842197120,4.202870622683388,7.541815650448957,-7.080472767722847,-1.678008097815059,-1.423564268619398,-8.360768567585264,-7.698850847678315,-3.979749113123264,8.021409468600471,1.596991848112765,-2.212104551666609,-8.372059287209169,-0.933383099690708,-1.593405237301070,-4.799632393420870,4.827286049827791,-7.214423357327346,7.377922674518821,2.783613820719808,9.690409272776797,-7.298924941607902,-0.261981005563115,7.421075771076499,3.225978519797037,9.403235888702341,-8.911439958655539,-4.729461094650659,-8.140256842401548,9.589583541919474,5.349906973018141,9.949131820462085,0.715520102564891,-0.756736945284883,8.126790654112995,-4.439074080989743,-4.417282791798687,-7.240441011227984,-3.905851491252679,5.535175232685676,2.474504652080526,-5.256852001430021,-4.109177354660805,1.714847767692937,-6.256574695635139,3.164992486556065,5.384862300172234,-7.465342246813065,-1.063891479394757,6.784096086567985,1.575779023430147,0.554525918721092,-4.482576857942499,6.465876511346245,-7.213997501133818,0.665375136025446,9.760144236373801,6.073288561093200,3.061157260008926,6.312519053324834,8.627566128240488,-3.075057327418342,-3.128685434035116,2.911407315459616,5.026153937877675,8.658900534538311,0.773451361367064,9.670720888077636,-8.744702777944202,1.347309253094233,-8.429521256764033,-4.327536169198803,4.530807026179104,9.230602667608053,-5.216073247461330,7.543026176735211,-6.454591078040304,9.161789060275570,0.124700494961154,6.998896030166769,-6.801775096830052,-8.258197515985561,2.146040949375950,-8.681526052333531,-6.836476775427784,9.768955262184718,6.753074698580704,-9.464594174903191,-5.346676105921349,7.481890381546311,-2.323596439200606,-7.442254951829163,1.596680684791906,-5.311166744199434,9.044248261988784,9.052011006385751,1.669320182555818,5.997703121914046,-4.026538250556564,-1.029022851880235,-3.476014378479881,9.062429313336878,9.841554308354759,-4.116915022473844,0.258299026187848,-5.721811851746410,-9.171258960887357,-0.932137486374929,-8.666677038962307,5.536793977164894,-6.325199703720152,4.071963363135861,-2.951431680324403,-6.934437453793683,-5.718090969486447,-8.612514878197324,-3.054330003454242,8.890570734269993,-4.500849644034897,-5.099380358021069,-3.496949498662671,-5.878969898458523,2.507155997496691,9.977390507011698,-7.187249685301564,-4.809475240296588,-9.123408328876037,-9.246867642906585,-2.992937963163868,-9.645675441447970,-8.799212295927914,-8.632820145503628,1.208568462503605,0.961433750003239,7.849471224355870,9.620889733239583,1.422396161051209
-2.243580586921333,2.024393192157884,7.938315369200367,-6.453176482902556,5.609956067633632,-7.263016124235122,5.363779548307569,-0.192673819798209,-0.128999261775629,0.812605517567944,8.518131347004896,7.504414179272189,-6.958154763922479,-8.740452979086768,-9.067817137977132,2.091330222681229,-3.395351040115746,-3.349110377489746,-2.072335494967952,-1.819120611886669,-9.427600207816129,-0.640096963124000,-8.924221167045246,-7.663083847401593,1.751190582241833,9.183984838033144,-8.644925429444946,-2.477222945177608,-1.316554999997066,6.585509751930804,-2.046751027226432,2.453185066341316,-5.086124238086356,-5.802843780318058,4.340294198848323,-2.331478644599922,-8.710594810155001,2.937151054471965,2.386900562040847,-0.424497692768707,-7.655100910360653,-7.173919502612833,-7.545233707095120,-3.561248967756772,-3.927500434033345,-6.163931115103829,8.614145959032594,7.937757567462484,2.155353123541959,-2.170129632887914,5.959041103919979,4.680996077374331,1.873236248617092,-1.606569484874791,-9.075814250594490,8.447582363230218,9.691648810132030,3.555599011940053,-2.384132541829420,4.371299215492639,6.118740930852024,-9.966147256113423,-1.005215845547189,9.536761735479711,-9.906969942881840,-5.537305199632132,-5.134449862980393,-5.432757854133177,1.410723625633599,7.098065197774648,3.005380503915747,7.002204279428849,6.709007809443165,-5.848988962585244,2.349789981352540,5.588238796760091,-1.447781621381674,-7.397387690004926,-8.755089395544671,-1.023826375787127,3.057925996984721,-0.233776953462726,9.736702564904625,-3.810714797610240,9.012716127870561,6.512738120150388,7.848092289443937,8.666665909998457,2.870615907985012,-2.802342784237311,8.912634691382053,-5.145957996661661,-0.180005268035316,-1.938183949606980,7.391683531600890,1.344667455876802,-4.034128430155130,1.365141748063381,4.953834130096876,7.241719967429908,1.498107425149209,-5.505890535078823,3.034347639093387,-4.849812486321852,-2.606613319849074,-8.832672624455743,-3.827741308930824,9.131251291160801,-9.755796777063942,-8.641054817878668,-0.939171634239592,-1.236596255437485,2.850959525398872,-1.313527960691083,-2.083018516779749,-6.373349629513855,4.297619981537888,-0.287537148086463,-7.911793447850206,8.424889447185578,9.073719797484593,3.548768665814741,-9.997109086058247,0.469346875518326,-0.628134385859234,0.268608416543687,2.802858381884782,-2.273466572706986,-6.029386670240362,-0.224388441169339,0.847650169181142,-1.825803236606337,5.860547543835908,5.099905162649161,5.636321002743443,8.321277161898454,-1.219063133031185,-0.887041466332196,-1.944431714440091,0.736646702195408,0.714951922588792,1.953801814869458,-4.345320563953399,-0.551719598812586,-3.438071927640170,-0.425976131971117,9.602135405095900,-9.534180933910978,-3.202101056520046,-3.724441413427224
6.144148111727471,3.240576071231011,-9.842316191270866,-0.610914631736666,8.997450009341851,3.276381516463875,6.179163970138575,5.617577652853214,-5.122623991759154,-0.973939355591893,-9.901539119502784,1.356308512391184,-7.904473837643531,-5.975373109795104,7.160290340900357,-8.118647054314408,8.368602866582464,-7.539973622938341,2.284502000835486,-9.975563488939567,0.400028866405297,3.900957449994745,-6.112513336856060,3.807921424341174,-3.079249110470695,-1.972915711245895,-9.910694425530686,-4.623777044737036,5.142049027046705,0.146138038279528,0.957369892450405,4.403177671046745,-3.168083255867094,7.150283800129170,-4.544899803995246,-9.233770856273608,-1.979849516185411,-1.715247586149140,-0.050722010966904,7.934107398612216,1.557083573222275,-3.757277848555907,-7.008585849821447,4.031207495454961,5.476214978333296,-3.748976907865645,-2.102956533871136,-4.117988686211720,8.403491469165250,-2.036877347061274,0.956603718210655,3.528580304635797,-1.752643645652645,-4.024497123712488,-7.485854531813332,9.449229913191964,5.985682549049828,0.599747901432565,-7.233067002138274,-4.833352243266660,-9.031785602185899,-7.634718252065480,6.308038286486205,-5.393105384803459,-3.527516475270569,-4.990705067752115,0.389607565361807,7.002468173990735,-8.871890046731501,0.311353907392757,-9.637071956289061,9.510628624947735,-5.065415371828303,-2.835739833994031,6.289257067094653,9.732403710911381,-3.420680589400352,-4.003143467067956,2.911017940756510,9.872630041160203,-1.300200426302984,-0.582919187423020,-2.764518158310940,-9.711839574066111,0.297019968477109,-9.918871520816236,1.597978882447572,-5.515586228209040,-6.267962752658065,-2.432535979823481,-5.258984617568938,1.001962896377190,5.798530057727447,-5.519644219047228,-6.867921309490008,-1.315923427880247,2.392208973870533,8.501724808088881,-1.873857443941830,-4.290290955349681,2.083197209048590,3.205475878367414,5.638663665355839,2.111323343226463,8.665864737921428,-8.615074304604795,-9.406291007064638,-0.222694091779195,-0.268881625105951,-8.465930890469943,-5.831906273011005,3.123238531022160,-3.912807700522480,0.974308872976570,-0.339127187136796,3.749538984155805,0.393769419239753,-1.470166771479853,-7.966095146621834,-3.569648327306918,0.710513613379756,-2.838156649771530,-2.131245279223388,3.593047001986205,-8.476237282755365,-2.117753308444876,-1.065133214718180,0.332377769843236,-9.061113981613953,9.358829697047288,5.204656589992583,-1.987608341612006,0.228515562053481,8.682329345297614,-5.299257945731424,3.502969985690889,8.450640935690611,1.932990151878274,-9.901761480056670,-5.365373969290661,-3.678157205179808,1.484005726912809,2.514380407456379,-6.623018997724925,6.811663410636019,-0.462942959362842,-7.289714606808991,-3.652525942345530,-3.477862272088768,0.570323380261506
-9.833295584329624,-2.642426109647166,-3.043778528264576,4.031949603087057,1.256834221259972,9.413876957767432,0.162686707251961,-3.018379536426825,3.604203183329302,-5.164969661849033,0.708581183148988,-0.289004344788619,-8.528345346552765,-1.650538515391588,6.203315646854534,-6.636721046319827,-1.584175569693613,-6.976162272931903,7.258611114855359,0.281259547679134,-0.039961579246871,-8.364749388365455,-9.232593245329150,2.257960174443316,-0.838374276295980,-2.419309702965002,-2.866641464347963,-5.591476295637139,-8.950127345655904,-7.389355139361831,-1.477918117367983,0.560937343674535,-6.059623038778918,-3.393138162178369,-4.693344789213110,7.654261673458976,-9.396674157271534,4.134054391766739,-2.841518946373727,-3.462292790442136,-9.367231584468016,9.493560348515171,3.932377251440894,4.568621660824554,-9.287727138797857,2.424911056986582,7.895505514645130,2.438366220175357,8.465519116017820,4.060950247638754,-6.875089746531071,5.941194051992776,3.677720235463230,1.052567442770272,5.692883208687112,7.958338898569274,-8.531634009359356,-9.932436486412591,-8.121807612744011,7.571278353816965,9.735981928352267,9.698174980934834,-4.706822902840160,-9.921564942357310,-3.016038050669374,7.637205142847627,0.501635598333618,3.659911700350655,8.119747658734301,7.446624497786953,-5.138754643099444,-4.506269824437627,-3.478176010166636,-6.576990972648032,-8.445247121066593,-4.390424402909092,-6.738734162749256,2.839994967076382,2.255905851260282,-4.560567999113616,-8.837472566206806,0.750883358966819,4.420528623076240,-6.034789464996524,-5.722957978108230,-3.422746993006262,0.409762293212468,-1.894844415602879,5.000875694153155,8.734354089398689,1.793290938320178,-2.049810868632893,3.247944175416379,9.136893157588531,4.830114418155800,-2.771436769639719,2.478619335975647,-3.573354891460962,-1.801156373246789,-0.447652901695271,-5.598573629555772,-2.688025013528534,7.070125611475653,-0.780895637905470,3.215963112194448,-6.154300152973022,3.409417432329287,-6.812297028781673,0.737869687652459,7.118718686726172,7.769932260236018,6.312983991799442,8.196306995219899,0.325295169365631,-6.137083990318370,-1.090636582125095,-0.639915601285338,6.721342943888356,-4.576446626523703,1.467428164540106,7.736158481580805,7.402803316148514,7.862977673447894,8.425437392955430,-9.449459190429204,7.990750805373729,-6.887854472256574,-5.151815615017430,-8.180144072317905,7.678112242106568,3.218570416434083,-3.211056243509729,-8.886389995914969,-9.085191616196271,-6.834119640907954,6.316589966329136,1.741010983166394,-2.194240722752574,3.357356275552224,-2.865168729284211,-9.852002608271107,9.584736930980803,1.668820981713218,3.951679638206160,-0.714315295814497,-1.130821890229001,-9.985925781355894,-1.021316439923963,-0.617904439332193,-9.842730414315440
-3.202088623670356,-6.927984872437680,9.258605281702685,-2.911228062166600,-0.527085161551357,0.801463440852377,-8.217654909856568,1.955779744058654,-3.207529944170718,-9.043461172437633,0.983698609157939,2.592556834174014,-2.495267391802162,-5.537227188339071,8.853480987515013,-3.180547951289350,7.787218853715427,-2.284461551814938,0.833274800380494,4.610270865282553,-5.898158264674247,-1.944530111848824,-0.576847184315961,1.161418523103112,5.918589334147601,7.860485411129432,6.537797785284457,5.993948844365548,0.049436538996172,5.092233590705877,8.931288228560629,-1.741767555344541,7.631457037163678,4.102788192373456,-8.105374865763292,1.828416499888451,-2.954291195788652,6.573206689944897,-5.952968325960852,-1.922764556216979,-6.493445260769475,-1.319614881871747,-8.591883618400775,-4.646409775388609,-8.370567974518796,2.273620755136287,-5.874649698369252,-3.934172575542405,-1.425408446535750,-8.405595937896495,-1.105904227240975,-4.941178766802706,5.685041234034767,2.203474442710975,-6.504072709027822,-6.359011715771821,-8.265883400187903,8.049081846988049,-9.267045341474279,8.820212897047053,-8.780432860538447,-5.440941807159727,6.729644564476921,3.784686461522003,2.078956808632286,4.759373656999520,-8.288030796062280,3.855839278726421,5.535169356522937,-7.534720286347407,-0.338342995539364,-9.264590056545973,-8.851836801800658,-7.650632786999534,-5.328768335908234,4.333865538686858,7.467424070533252,-2.665301981146619,1.766106707191632,-4.875743594412524,8.346320034672821,-8.774013108586898,0.293804621686103,-9.657352418945992,-2.545813968287758,4.758838462355243,-6.045203885651029,0.717967365861211,-2.387259743726595,-1.470235973022385,7.181544829875300,-4.010393250075279,-9.761548185178640,4.291886913193448,1.566087377385252,-8.447919147837968,0.662927039253159,9.548061793210458,-8.569452394970671,8.129451483489905,-3.777708472204360,-1.423458269075478,-2.069551360430928,-7.970255435316524,3.115143148280042,-1.536234697250904,0.517939711867470,0.004097989082714,7.685288938725023,6.155953412742168,4.106400885807757,3.214299827864489,-4.203354033253087,2.410742074280012,-4.233018735271605,8.539241172105577,-5.713897239068395,-4.170293052909953,5.417606444038462,-6.145273127527105,-2.023984323495678,3.742903662783448,7.462815869322974,-4.121220658926403,7.366409546468297,-4.511606124335885,-5.923813715892372,9.380900267169970,2.160958427511448,-1.577362162523372,-6.242528836739892,-8.043617936385736,-1.174160347974414,3.987335230280252,4.197580227449878,4.403774451839293,-7.832919144810004,-6.608717749132054,2.970161059410636,-8.737248056499361,-8.192410234356229,4.565911580461265,-6.089289780761968,-7.190211235677182,-6.778967779881151,6.168972819753737,-7.555160206893841,7.957975767192174,4.009884663043252,-4.977904364339949
-8.721168648058160,1.809012214445467,0.160963642777212,-3.964027131260028,8.487524101104945,2.854001984477954,-9.638756436762666,4.780763742877905,3.614419809650384,-7.109536554260451,4.437543574869551,-7.983515339494136,-2.984899087673414,3.252723047409095,4.157927432524568,-5.952475527996459,6.454957192617346,3.784702475760538,0.607032577903743,4.383277477446018,6.699941824393242,3.401856951126465,-0.288504262166802,2.191685146345421,0.598836859091774,4.218022171650693,-7.261143144652886,9.449256164694678,-0.753444900240970,-8.345858044971500,0.726358825568605,5.488675614491612,-6.639195017447497,-2.514015911368483,9.421864436153232,-4.375221011769659,-1.180604896658172,-9.405723410919018,7.069204383261791,-6.433026643307453,4.792355381431266,-7.514190280802824,8.666026341790463,6.012144793192782,-4.728548742858322,-4.695288067315095,-4.765336785296379,2.758580499923404,8.435477496545314,2.330518839859678,-8.101582379435099,3.972663245572139,-0.651885433675387,-2.903693721293896,3.808071298250589,-3.330249825766454,4.156994181981815,-9.856272329141248,-4.599882354273770,8.283297887966853,-3.575534003622836,8.165592232274651,-4.252766628340352,7.542808893944862,-8.756241985541728,-5.585959198995736,6.758661454851712,-0.700630644236458,-6.732654364230688,-2.833262168911297,-8.900472243948254,5.795595541007581,-4.672402520308454,5.493046829387909,9.689442586568525,-2.884580254782907,-8.304469428172855,-0.972372206151027,6.209261250899988,0.639330998753953,6.814421556399093,8.231387568281903,-5.965305515494464,-5.416298748359106,9.747097543403626,-4.921490327883271,5.458639643488684,5.816659078763477,8.314394404804219,1.580643124889050,9.893575997892690,-4.864577104545937,-4.111760384325562,2.636547953123866,-2.738437222691969,9.088126214776747,-9.715800399344710,-1.624361045402665,3.741597168476430,-7.565345738433306,-4.807558719499765,-9.633123603978998,-4.006956966935009,0.239753225179992,8.665029194423404,4.886992687317546,7.388752374051336,5.209944852931931,6.880418832371685,-0.380372884228780,7.494796869331676,6.882058196437793,5.914093762494449,-2.431485293264219,5.919798705991235,0.161877415390032,7.596251477880870,5.775898217544773,-7.412056323910150,9.326634451939878,3.453609447510278,3.754816640928658,-5.761286134719263,-3.861667761439853,1.750789169744644,-2.340826898458463,4.460428853041584,7.819348775055477,-8.416233703505554,7.110280461364336,-2.071339203338470,-9.301622675637081,-4.072658354205235,8.830756152984801,8.486569537267304,-0.060058276171496,-9.067498515797997,-2.016524257170820,5.173452896892165,5.880091442414665,7.439444609489968,2.460624182846715,-7.717117707065149,-8.795650569854628,-4.997770955920828,6.552426504007677,9.609514385275208,4.431095893106050,0.018736242688881,3.205683834644610
-3.166297696779676,-3.209192458070119,5.197388661366098,-9.929173344792787,-2.971856850416321,7.848913104563419,-1.373692822015244,0.848893606911236,4.689095543971769,5.919723248149859,-4.904162395150397,3.050861850846427,0.505499832621526,6.175950002431037,-6.525192026710869,0.998713943637144,-4.056070530191088,-5.231617722563864,-7.874788692743269,9.642160684118025,3.987782792618548,-3.328253941858856,9.729403234969276,2.031119028611654,5.922361330006751,0.579697278419895,8.630401909481350,-8.779671577996071,-5.297009443343283,4.733502204690520,-5.334193808419181,-9.918803084060615,-9.436649700180585,-5.955370191500498,-3.670329785358792,-0.824066105414353,5.741874963475519,4.833734486269554,-6.763512827266509,3.961044225771900,-6.827574817970959,-0.209705418696316,3.894315301186850,-1.896038256231504,-6.695888641829493,9.547674849832365,-0.341948283008069,-2.090684761723258,5.607678398819916,-4.816156284985467,5.750608624675975,-7.080396566459015,-9.693147094466234,1.377004430966407,3.934121522315348,6.898040557629546,5.629025887630556,5.742575356693500,-3.292203859854455,-4.754373358417901,-5.319331533679326,-0.277482196508112,0.535917859707908,8.700088560435940,-8.633025439745548,4.681105116708402,-0.035926593324685,8.070190724775888,6.217377087148165,-5.312165774782112,7.996955924534987,0.418685878329859,0.134772366448804,-1.638887057811573,-2.242425151026300,-3.260706590762057,8.494553497808322,-2.291186102528282,4.660816072350185,-7.734614946707477,-3.285702514410131,5.663931727653795,-7.764031930157973,7.897107131198645,2.047929788609865,-8.943462912403996,6.959440096041071,-3.145113871452290,9.973827892437601,-4.148203237967174,-7.122792513314355,-7.355297189239245,-9.034960089285152,-0.988114083804081,-9.566166503521643,2.279112167217509,0.865838618003981,-0.895136482426842,-8.649584367106886,6.657291837649058,2.363422575005128,-4.127555037798349,-1.410342587756453,-9.058580482148530,0.056303138016078,4.447845311031312,6.160032219377424,-1.917630024764495,-4.062873524519830,-6.087831627485681,2.347898085093371,-8.344215945084304,0.659852547642267,-8.053362928113186,-7.132930725844409,9.095747619267215,-0.101217675653096,8.755819385899414,2.741118520550250,6.422848107660947,-4.535616539341327,8.130412213103838,9.024485868691361,-3.050782019819280,-9.464014390517153,5.835692146338046,8.453185677521521,7.979130894029581,-7.811981279351272,8.533058089545086,9.779152481574506,-2.029948732338842,-6.947389322248247,9.753236244874646,-6.160754136875832,5.379280750090963,2.071768355841430,1.377995072364380,1.303038149003983,2.470073982017976,-6.425288684508308,-5.387649659679692,7.499734134551556,3.968148405964333,3.602345368354609,3.854002595850881,-4.189208069661527,5.420865868887343,-8.239343768691757,-7.826687349720585
0.944091792564041,6.561800363722735,8.931172379962128,-8.732510217769127,-8.439865174314340,-0.227199720384942,-5.711127847111818,9.348748469036888,2.190372838809138,-4.000795145051126,-6.039784494924458,7.919822493210894,7.239248988484110,6.490041780163033,-9.278079425245751,8.544721618102308,0.955128549003595,2.595676169586591,-9.538242128966514,4.828470802403579,-7.022829886274011,7.030844739537621,-6.432902485320835,0.748563346328663,-5.332756430528869,9.580346634319476,-5.586594382799175,3.186231879168810,-3.897171871226042,-7.107666733744158,2.780767589073028,-3.424607710923748,-5.631325352778487,4.401496691947766,9.335806506070988,2.550057700292616,0.072573679421877,-9.804729208453058,-4.444594252501441,8.875264810349744,2.073751553544847,-1.211285590959692,1.314179548730380,1.390532321061793,-5.241380062169185,-5.200114298640417,6.760770683213465,-3.321955958791996,3.730810769128812,-7.991834897280253,-0.006904075274409,-7.380347821264945,0.908904708697587,3.846583284378051,-7.714124923020647,0.918322846162447,-5.534125625905362,4.985022249697845,9.149648629367807,3.287702013144134,-6.373691429547684,-7.801021220630780,-9.392060326639724,-7.210978689421541,4.094662813617099,0.942528205739620,5.373068574632633,-1.070599484908819,7.764744910561163,-9.619556521332747,-3.281742572312004,3.704911775362550,2.155469688964684,1.769510053882772,-4.251953553559897,9.536571502309354,3.921350938647596,-8.224421860366620,0.534070318585623,-3.891042528952136,7.902339378684026,-0.596291766017211,-4.478446911726330,-5.147323152834700,5.260706137451381,5.133829795129223,-8.893188637521334,-5.554346914093610,-6.765796821698096,-0.493706796469773,-6.553709352484571,2.958306522461955,0.553304022154968,2.198917042840609,5.173145749263046,-1.969189428873005,8.210407414229675,5.297032338879070,-9.074407638661931,-1.207934020769869,-8.412427337197048,-1.831497687935480,-5.375573480858582,0.363101849663687,8.936747222536678,4.980978631086908,4.524670737914231,6.117099732121975,9.588973879082459,-7.325891985883790,7.414292603355591,-2.234370074408039,-5.865231781937958,-7.541332657986568,4.335468401753610,9.212829782468578,-4.230320845969651,-8.392651423745722,-2.176823669371048,-2.452472173450784,3.672204095472956,8.228825776900315,-1.918051297057213,1.675971061784232,1.103646303395978,3.066464508602211,-6.830917120618095,-1.747233216814285,-6.787914149871774,6.521428383790091,-6.055366458840139,9.332542522961884,0.842005065194986,7.883759188539379,-1.552283107930750,-8.395927513559432,3.268585573433395,0.806194149609052,-1.599226844811636,2.786265915017847,-8.511698785610243,-8.155899599793157,-5.714064920895909,-5.012676339903093,-0.167713556133204,-4.081443124614317,2.950874397400060,0.782533105956597,3.642165738236663,-6.750230464700497
-6.635107259758133,-8.619425861486496,-5.851373314266888,2.675734205917440,0.383328124701837,1.666262655987564,9.478985795817575,-3.533614503251579,-0.452423995922842,-2.358633795835658,5.779202882690864,-4.186383365011799,-2.984507861513506,5.346012812413985,-8.338393461289870,-5.703255444522215,7.729465822573765,-8.268484505370433,-0.371754349198415,-6.740214620852401,2.205915605712283,7.237536979051477,-4.956044395570101,-9.229243825995328,2.443754647979734,4.630975392215326,8.711583011125185,1.167392148068364,3.197992463294963,9.549087750992221,-1.755374927292088,-3.627321692242901,-2.461996470562307,-0.907640247844999,3.358381317458347,-9.610551166384871,-2.479628665506375,4.036790237898805,9.079350564515355,0.017837803592197,1.951545272382537,5.161636495023716,-7.565953316421097,-0.230825170150181,9.094717796196775,5.576768165393283,-4.423942522322733,8.665484859043982,-9.691964205431587,7.600080057355033,8.851684050938047,-1.908039154089106,-8.376307126738647,8.682310551580283,-0.912915072553659,-7.531504658549267,0.085245685645454,7.044461338868796,5.333828338235183,6.590024085643662,-3.173045877215901,-6.454732602795225,-1.407022251184388,-6.449438753166758,-3.264024548121276,-9.978816743036642,9.006735533251330,-1.384123619978524,-0.104843022842617,-4.493902206398088,9.734384406816158,-9.110451091306530,6.028190752219473,6.817303597840493,8.427623060868772,8.248012658286662,-3.748622798106491,5.436569156360951,7.234661660836242,-3.207927988003842,2.095636215077239,2.905318184782516,-5.821120078994286,9.124126910166087,0.842432284292062,3.843996700360151,0.874628510977784,7.566128680904889,-8.772230379796186,-9.796797502948039,-7.960879027988492,-4.403767778723775,-0.808793563667827,0.435948568096101,5.677380596529151,-7.333906584515502,9.670841765297258,-2.687868505130336,-2.606025834792794,9.681497900455586,2.513412125193316,-0.751768718479571,9.945441942547518,0.297996030048871,-0.076282368160641,-7.176039082333578,-6.361316058922384,-6.567509662765794,3.923795660488166,3.787069594725768,4.577377923406313,0.819023227707891,-2.325517033374074,-6.991361157134135,-0.320590335265635,-6.511927142969631,8.728518757575884,-1.225574260862828,-1.105654315140942,-9.905181323619132,8.952984091939051,6.824190059793153,-0.627065318301710,6.438120859669308,2.552582414702186,8.163559796837411,-8.288490952655774,-5.836315608532283,4.374430847914304,3.214590334383418,8.478819343734617,-9.872332182946732,-8.253180911115486,-4.047546725972026,4.879923132284926,-1.927907727533016,-1.654130471349687,4.090442686633505,8.456994337553947,-5.087380068345229,1.491406175444673,2.754800391272589,0.122113503395408,-5.396604480271161,-0.211674872591736,-0.098139280334257,9.215817758604935,-6.069213384675328,0.909882099384072,-0.015072155853684
-1.864961873469376,4.498303038238971,-3.065162919284605,-8.550153806330618,5.407995843421807,-4.755159587282096,-4.109514539381722,-7.248025223036008,5.356669668288166,-3.686653443967060,0.171541992925333,2.185488102008918,2.044747295483614,-1.079074358000902,-4.667141758701449,-4.965836378140787,2.077262402185042,-5.698033914071338,-7.374745437135739,-6.215145640990631,-2.231696402996151,-4.311436985231987,-4.102161314067489,-3.132194229125909,-0.452186172695823,-6.912769746985608,-7.059134451075728,8.315572961016603,3.900470634393066,2.281903685280863,-2.238676106135085,3.962885692051971,-7.312233553676006,-8.745913782392027,-8.101718802874096,-5.031965105402318,5.806608314216554,-1.672749668549471,-4.042253832196159,5.255970346990450,7.506509989695001,-5.899261843299620,0.026190432208990,6.962328282872786,7.727917770406616,-1.937612662647140,8.312188461832697,8.614611676840298,4.072142123969373,1.220700844297900,4.507145094538011,9.347123903180268,-2.390664844226274,5.120017850900037,-2.869272904139666,-7.792369805522467,9.118030522547627,-7.764383697410821,-1.518684545935638,0.595879016436305,2.381907270459624,-7.257998193746609,-7.493837382114458,2.674400716474903,-9.595818715402949,-2.321296740305541,1.979107529615527,-2.312598114766146,0.038555557167903,2.783013846350206,-7.995017673814941,-4.944083013677187,-7.847104456513534,-7.381831406295138,-3.651212765680805,4.454518065634863,-2.727486616247765,1.786029205757465,2.027948594959250,-3.706266832331657,9.109926343117657,-3.474615189869663,5.935733610973305,-5.129395018058077,6.412410214719056,-8.115819289353677,2.574872353795044,2.020628824515383,-5.286893927510659,-6.628588365735835,0.388592771055663,-9.610565383524532,2.909242727028190,7.212003969962620,-1.179731997149982,8.889531832951981,7.089292304086136,0.801962583708796,-2.197503276578456,-0.977632206208018,-8.539612987167441,-3.932144136098785,0.812120989708148,8.866894792863569,1.306445579906665,9.704971654857438,1.047287182607736,7.076288048268442,-3.148194109033859,-5.291475201091553,-8.630354238092959,-2.200180183002162,-6.687276667043978,-3.016323014296201,8.959945552180429,4.926475493726002,6.089975093815887,-0.913206609350690,-4.812631134683151,-5.419578256135155,7.339635440489943,6.286242788559665,-6.523983325517837,-1.201753885817389,8.520389012465163,9.863658342236253,-9.801363670013748,8.843182079587958,3.057019358740634,2.066767123623476,-9.535694652811523,9.285668690289967,-0.279855046989852,-0.772855980584222,4.455796997717243,8.002206845381611,-7.438292962584758,5.886174661318588,-6.705104049111428,1.334186720334664,-6.110770728980846,6.059895404415855,-8.083491722541044,-0.573935883042125,-8.445237244191029,8.821828851201644,7.507715035585630,7.998819155618378,4.191854808328316,-5.169942531095487
6.538673816117274,-6.416866726892472,-5.313010554660926,8.758099177111415,9.296440403162844,0.130681258508861,4.173999159490119,-0.261110055832088,-1.180035965473953,4.884954343907905,2.353590322626539,-9.423878262414295,-6.772530920915720,-5.741838865546827,-6.294868888599843,-3.803303123071766,8.186637874380331,-1.771288758842001,-6.001662095955078,1.117107112163749,-2.086483542209747,9.994576665004200,-4.876459425239843,-7.062634125987309,1.807436475497282,-7.524414989176240,-5.379141255543855,-4.928698546519859,-8.587474961041730,-3.491533297255314,-4.661361923605549,5.384210148078255,-6.593879763683161,-5.531114529554770,-0.413571987690846,2.753903628340044,7.586892292689903,6.183824910060437,1.082357320772790,-3.989873783682254,1.698610682234669,9.710448352741846,2.069043945006028,-7.740345037684222,6.421686445140558,7.027699927404861,-6.802797415651107,-3.061746838839534,-7.733432569995557,4.432474772389448,1.508350288089773,-5.695554544838641,7.632108253381965,0.736955669855185,9.391979053006096,4.798771470698851,-7.390532195047026,1.914254380406097,-0.163063397819998,-9.737751141180865,-1.025954331795393,-2.662510861703373,-3.995207333322217,-9.447283599913728,-2.855055593397511,1.296340726469513,1.319581596562394,-4.508579912734493,-7.719821983775845,-7.698901440338859,0.304369726114334,-1.136483046606440,-4.763282244897278,0.321741476024735,7.695812237311653,-6.744191425526882,-7.103847817476359,6.884159745331861,4.859699504290235,2.160560105940512,-4.644076035114857,3.884272002028101,-9.510055580351551,5.936803965253485,-0.479550565208040,-4.719978982752851,-4.031643842932626,-4.475348060686192,-8.006514717519298,9.967413865281213,6.760456719225154,0.098666362674091,-9.671039518924200,3.081598594714629,1.084584843559611,6.067943027692944,-3.832778046940984,-8.676307815711350,2.272020687786991,0.056769729844824,-3.595370510259506,-2.172345533649884,-0.238282054041461,-8.997457604851039,-5.189682644776026,9.814123373102301,5.813096208839506,-5.076375103178994,-0.969864958649342,0.699236465733703,9.646406857751369,2.137433566070886,-3.726932581817639,-0.435566958997473,2.828169834495252,8.643845375291445,-7.857458000266924,3.135595556907806,9.669688731844261,6.521170846825775,-7.494129033838290,-0.218966413083718,-7.895673855014298,-5.932462313517998,9.807876904107729,-2.323578597492255,1.269853087989937,4.212067693025221,-7.384276202242677,-6.090970031718550,4.906937135740899,7.714440994433147,-8.590251107059652,9.444532332928652,-9.911027676120650,2.444683412876323,1.645165904844145,-7.161241139130128,-1.485127633364892,1.567169893798665,7.931892497551644,1.610503482687381,7.115447744970137,-7.969316076470720,3.332404382733925,6.250333052889463,-7.994447851684539,5.803849500702380,0.486996959164676,-0.659306307739172
2.064288669378676,-0.548087863448616,8.978002276633894,-0.824569719988059,3.748614541849859,-4.148278410996813,8.061820748130966,9.200274252482707,-2.559951102314320,8.860245059596135,4.173814568470718,3.902926204665569,0.344243784781748,8.099178208020874,-4.049104497692286,-0.404362517313224,4.383540805618191,-6.292438482522251,9.083340102188430,2.536384701841062,1.022433415612298,-8.456573180242845,4.754799168579225,-7.215432763781129,8.204951983051515,5.680223412639657,-2.889657297134091,-2.328448591289749,-7.540097950956781,7.174395147803516,5.255775972963297,7.848117346881544,-2.163857651255048,-1.781661378078496,-4.934514407748615,1.333814494132204,-1.307063417392369,-8.561786903683803,-7.001759653048398,9.237658335814512,-1.396720788136518,-4.047670623127471,7.498069092883973,2.653602805020030,3.188500086419845,7.773413814625773,0.076583183979137,-0.122214185735249,9.242215194587537,6.628490328188445,-5.254542166328311,-2.584285938144360,-7.371860251720803,-9.719045384728409,-1.955197737087298,9.040823682800692,-5.331661970192760,7.581695233972123,5.323577762172331,2.491900023276440,-8.873018330016823,-7.781565268428558,-5.930521419157493,-8.443835968959043,6.744518287223137,-6.531623752595419,-9.375568509911101,1.591039851174916,7.091314954357397,-9.305424109233851,3.931686686198521,-0.901974730714635,6.476760221551956,9.643974079063714,2.781537279547802,-0.206867005024513,3.843844414726810,7.120960681195488,6.264302583924792,-9.224943108289018,-9.045768400056007,3.619987042303416,9.885859894565801,-2.929523596929746,-3.793993500391877,-0.609049280339045,7.854563018978546,-1.362292762964179,-5.793656526645250,-7.772107778060986,-4.933999437642917,7.282226355931677,0.049300561957192,4.936420067357645,0.544795855340258,-2.843301617304894,-1.318219232578739,-0.718964208392132,-6.752596054156299,-7.040537527113893,1.895483711878040,-9.422719446753904,-6.405759714106198,-0.381043322623263,-3.330460342810094,0.795496972394128,2.189260681483727,-8.193683658137502,-9.569565090231006,6.798305501780892,4.886090109241108,8.225591568933698,0.316848258182027,-8.524586600295024,-3.569420438357877,-4.742642256312846,1.126254337443841,-2.613694019489272,-9.970055722107316,-2.594797025344569,6.278568796036048,-4.834566581313268,7.324655196151017,8.136789865257011,9.518669562532118,0.178195193246049,-6.225635866258701,8.558551580960060,8.880011832796910,5.460042296566058,-1.658451294229494,0.612093519154985,8.638745874068640,1.922554410239204,-0.663279537832155,-2.930601997401041,7.414201481223451,6.722592493942116,4.881936630223766,-9.501382133316802,0.977824006833325,-0.466875135789140,0.020361636751842,5.173673657501087,-1.974101725446422,-7.397971994957011,-3.553147669864922,7.872707235831548,-0.091885260875360,4.099351300400624
1.733056138145916,4.496746003086287,1.832203583684656,0.462668408151144,-5.476426309033073,-5.569621455788334,3.202693736465140,-2.327497588053036,-9.286040902271310,-3.012895401400160,6.516342689414468,2.032117308961860,0.588430067566144,3.974306071017534,2.645639868147834,2.581465341255385,6.744819866232014,-7.132305125164102,5.528863331242263,-6.418559404894408,8.981417408074840,5.472349746456802,-7.600898405468257,6.984849755556613,-6.559065313786812,-0.299505798828177,-5.149204374962897,-8.722012307408914,-2.597069522172363,-2.158330240041240,1.899751716015016,7.704098728403828,8.675749560403151,9.109048505507317,8.082237241835880,-9.274674415924768,7.283303878949159,4.872046308754488,5.658115436151130,6.221489459225584,-6.017799923097114,8.030995247752642,0.567950786602545,-8.593905288302215,3.788072921497127,6.183391230126031,-3.321884503444991,-4.551901347023842,2.535932279992000,-9.693536772804483,-5.714173173772994,-6.882365909212853,6.957449740160190,-9.776742649830490,-2.216466274525937,2.183882605844637,-5.220371294627133,-5.682275724445192,-1.945701557114525,7.180683167454404,1.799966388444826,-0.380386618756205,8.188456189233847,9.210592729602748,-0.593285252180531,8.086485838961060,-8.578871118181162,-6.588537241339891,-9.874619209972185,1.543596062813620,2.966862029737360,0.765232321570702,-5.337427409503304,-2.523321383060915,-9.882107127653452,7.103346447059124,1.843786426340021,-8.080563456318981,-9.511033957052691,-7.950463219165829,-3.795082908443019,1.660643259269364,-0.753342202769137,5.979164518629759,-2.042822388602383,1.259367675758988,-9.362340381429625,0.605639300780194,-7.045520143274286,-1.530568757522595,-3.597504391045804,-8.336795723975284,0.098456029992306,-0.465624371033694,-7.430687550057870,-7.380163503972980,5.279393757475837,5.594005138558568,9.864333901327829,-1.082528213793118,-3.161538078673745,-8.156896729774310,-8.997842487317143,8.314793195646800,2.371693135749421,7.472050104561024,9.662084064461613,9.599588022889417,1.200102921137287,5.363310774812682,-1.782696791824820,-0.879273873620161,-1.812217085048962,7.347342984872700,-2.222953414416304,-0.504064331537426,7.528842060916197,4.801010166122348,-5.161435561402989,-8.352181332095391,6.095152986907920,5.769241433199637,-4.713961449213433,3.686753985635114,3.762392670004914,-6.774813378405957,9.353171579775928,3.091222180918802,0.955750853252685,3.301317102504946,3.897680741426775,-7.086425743215115,-3.849471274336151,2.293636924213178,-3.810895600126902,-3.796504444866242,2.440340438369565,-1.338519825592360,7.952423276088208,-9.076397832940305,4.836819409309046,7.726146908775537,4.797491768559938,-6.388128895673555,0.397454642146176,1.641474309521453,8.234492627837970,-4.899089301635017,7.562958148505849,3.000673716244339
-7.296743361273794,-5.344324108944520,7.071275041030972,7.639331175126749,6.724695658474772,1.023018240791822,9.847410335817035,7.623827430065241,6.763419243375331,-9.179857298053362,1.939493032714644,-0.529819534867668,0.272153047518177,8.762683714853008,-3.576453506187018,6.954629459540037,-4.803374287695643,-7.281006188243461,-0.038571048391523,-1.058686129521478,7.709411337294089,8.558129643823150,-0.614432775404252,-8.161439225902381,-3.775295767668427,-1.623221302778353,-6.902252181575319,-4.316011446821248,1.680378934165530,-0.533699211743365,1.327872642890704,5.639027255154492,9.877037530997580,3.614309241033393,5.250951918198503,-4.062501682981243,1.064951604907268,-9.984906330728391,3.941085872813758,5.679117087127683,2.704222186460610,-6.966962052561609,-7.790435493787684,-0.479739172864964,2.597595021405155,-8.920029826696991,0.056038756452686,8.985849086248891,-0.287854657691163,1.021827783061575,-9.153280762323043,0.920294741105728,3.658186232875767,-8.705635361093428,0.011303687529875,5.351212015036722,2.320776834371962,-2.003695530157694,9.567070424269883,-9.858609887692214,-0.791240295804164,-0.317214191693644,6.602415740654660,4.026046776337047,-9.924802390179089,-9.608477100332601,6.020932248675336,4.546997280786343,2.843746133093273,-3.885005902166845,-8.172845577594732,-9.369145310805859,8.011122099801703,-2.178647583670270,2.267275332693737,7.315093685640832,-9.138645195838906,7.476077800043313,8.451245324205122,-7.767921943810370,0.160347988875671,5.491826117408404,-1.912201646546150,-5.884559298373741,1.505307945782949,-4.576472382210830,2.783721444807838,-4.891767366637298,7.725661691962149,-1.011171709139632,-4.211506081029873,2.260330890598299,0.592174533846734,-7.926051947699047,8.683366301087684,8.745681066258438,-7.926512075988922,-5.940307066830162,3.313964082018430,3.719154948894431,1.944729681249308,1.934870557203542,-1.993770431392072,-2.395766862244118,5.357319920926971,-7.112838204189620,6.158461951938254,4.667233380332362,-4.022397165394603,8.552986959299808,0.678487199790522,-2.115696023523322,5.079658741160948,-2.708248904636150,2.842629185472363,-6.330744740401393,-3.236099442300546,5.297526465306412,-4.660165315657769,-5.139852840921417,6.328120731368376,4.054273605354934,7.669058089724253,4.564781329216633,8.971086735985192,-2.334502715646098,-6.195929918920871,4.302615452883856,-0.922313580814160,-1.528334674924922,-6.765293829663063,2.251902704444609,-4.166213844145348,-3.135549513222717,-3.225445104178708,1.279829665425263,-6.415683461153701,-3.943812865056799,2.007180193076149,-5.928117653355227,-1.728513412462238,-8.056078289710696,0.872296060586175,-9.590763863978173,6.483073028145775,-9.193162658794993,5.038226736493671,7.903898923552937,-2.717293318302032,0.646995200281301
5.969829599416215,-4.243817769148275,5.571721128307816,-4.984418625479039,4.325000570892193,-7.246672482520758,-5.555924950645952,2.951896143183797,0.783908186284208,0.335260365450175,0.240473645391351,-5.489128449002401,3.391572076561415,-5.432226562138531,-4.938054633993665,-8.420869258854619,-7.126629514775306,9.365158004432669,1.205157557023330,1.964657937754097,-5.080689640717219,-3.710969325594336,-4.799221574975912,-1.874309582454963,2.749017263677640,-4.626123019873754,-9.525613186790661,-9.332540988645725,1.461339423017785,1.896177407030141,7.825981289097985,2.654426735328443,3.632339179167923,6.765880575183829,0.062064522626384,1.434971710994397,-4.972583799931174,1.769398230657515,3.775920942557267,0.498257138707761,-8.386979835800751,-2.367947794105334,0.869223834530422,8.985314652846643,8.711239363976535,-5.036493412379301,8.699310960344061,4.885684839567014,-4.793126189752446,-9.533555573244083,-8.297168743912849,-1.537519584656973,-1.657890386901100,-3.963964670825724,2.977717687090109,-3.701960335585892,4.538868614808573,-5.966822789361816,-3.330975511268067,-1.422349244713793,8.130575273422430,-4.430819634374535,1.244507178208686,9.595953061482604,8.196574613563342,6.042087601337467,4.450764048839627,-9.717773286084041,4.298740305428495,6.949923868324429,6.840063777985833,9.610205664870300,9.798609404282150,-5.116576637828323,-3.383164545002495,5.019120326511397,0.965022265406423,7.127470723132866,-8.154666514507589,6.170984120588354,6.699960738951404,4.773507623181828,-8.667288082645701,-7.381051010412634,-4.553026674884135,-6.706533662321135,-0.905565900179093,2.437102620908291,1.321001797938091,-4.167725380154252,7.449834985545010,4.042953970907222,-8.833282067661713,-6.110304523167073,-5.668122356054095,-2.683421107838968,7.847520720852565,0.523783942211525,-9.507430202833689,3.739568901083029,-4.909032289327346,-8.365472559740095,8.700128677129499,2.070097486651928,-7.617823654390574,6.270694873490925,1.454920016140772,-1.892548328371557,-5.087609546822547,8.292545110723072,-8.529767926435456,-4.425671720326645,-8.125168558610468,-0.368433073142164,-7.327210350270672,-5.822300983961890,7.325025822081621,-0.124819892090645,4.012012113152819,1.195612422659311,-1.759200485704142,-5.821953831048614,-2.775560534278876,6.453586836674262,6.842468664581322,4.670548621763864,-7.000354862988216,6.175814376290823,8.582377607946135,1.613055889165242,-3.327951435840744,1.844997072575431,8.102376959028760,6.484141771960640,0.310856151647844,3.277161750945815,-4.331289266069565,4.384300567186127,-0.602861987773656,9.421996504918841,1.782445013555908,4.230388325087407,-4.115741175860144,-8.393304357761833,-1.675358168471483,4.882268916296979,1.999296063015620,5.592508809639492,-2.809911401764477,-3.446306512425698
7.582375208168333,2.570723640811291,4.774863089972410,-5.825613472747531,-0.987998938172321,-1.316946559731138,-5.656288131541444,0.215776546473027,-8.318310062207690,-6.497288374484507,0.037006408950921,-5.317809432895046,-7.478080066033557,-0.542665752332518,0.167345325438202,4.095800578907303,-7.495844591598553,7.695215495058729,0.503995177954197,-4.139942120753581,6.708163585694528,0.727346155806650,8.469218622087130,6.133612124821489,-5.078559149554394,-4.381328474022393,0.152169114137655,-8.920107503409703,6.558562824483175,9.556133344552215,-2.597927568422227,9.275704377034792,-1.593861216392298,2.406884851192348,-4.087243948217179,-4.799215970069945,0.756570042149594,6.860875583982072,-5.525698344422841,-1.363268541271147,-6.697783806884965,9.487209664921469,-8.399846929898398,-3.528543430584548,-5.199284221480898,9.380291297027188,-1.244010746089650,-9.004984630750544,-0.904610426795870,-7.845908744054324,8.690096388331572,8.015544279188894,-8.320445486261832,4.641301435825877,-1.922426259531520,-0.609557448186312,-2.107692074997793,6.996896249187404,4.460667080046122,3.040109885833457,-3.666279814221561,4.850328522137380,6.854635339957152,-0.827002749720602,2.160781528067284,-1.943218478427283,-4.318262544051084,-9.598744322609761,-3.975179562849709,8.233302875305618,3.632021131035765,3.772968575432653,-2.729473530308124,-4.073548310952053,-7.637492235643117,-4.603798620328354,2.168879836469221,5.483239322988766,1.469382529538155,-7.618019884475247,2.166467154350366,-0.006400105173208,-3.893432339394939,-0.694596402748722,-4.508758428352289,-2.498206659892968,-0.000703050160322,-0.044018209653343,-9.766542387909380,-4.837828337624042,-9.530478733591680,5.945334545220595,4.543813422071661,-3.439274250192208,6.971256890108787,0.795520696396819,7.263032904299962,-3.647029501312005,7.085380229065564,-9.430201690912625,0.919590126844303,-7.953504120607189,2.717145186201698,3.477460671709965,8.900121155823214,8.879991201630041,-5.707262179554002,1.280076805022375,5.265385946851334,1.473498599039527,-2.797004489081997,-3.623366566284725,2.622564472224067,4.875380194626803,5.757742847097312,3.322917034779136,3.767250421584906,-8.818712388140311,-6.275124893025163,3.300175010174858,-0.144282133692961,3.717407693384246,9.967039828143449,1.808741985769590,7.405427215651336,-3.399324173461984,-8.492308647768223,-5.443050832898702,9.753134061401980,-9.571200266458124,2.113625183977874,4.070869287680603,8.742274547161308,0.484936397815602,3.328221655048891,-8.025177027986771,6.085889643733818,-1.923519435155040,-0.257337490418086,5.339501823445456,-6.534895965049918,6.274568803290819,7.862541782810812,6.959685989784123,9.963529873378441,-3.579893243210845,4.293211786828198,-3.623171619370211,1.936299399043834,8.269472105091271
-5.336473085156297,7.496854168957420,1.783273062480299,-6.502475490251789,0.529999838745825,6.003027929515689,-1.052314061687255,-0.251190345622494,-0.401401963169885,-4.850111990591534,-6.484615003211214,1.797567717574935,6.936420368887511,-1.014027472919707,-0.044929734547146,7.581873070875513,8.864380862599379,4.476874745977309,0.468801499656983,2.937054044842135,-6.297888625669382,-3.821617441649847,9.074157555423724,9.846383340526618,6.157753475150280,3.022015878545524,-4.743837100836461,6.152954636570307,-7.918609270582298,-3.432432740464981,8.334681673461564,-4.365960046252795,-8.657410651920658,-5.684827743749099,-2.923198942362446,2.564315995151098,-1.830700771447750,-7.736073142348534,-7.079288009041360,-1.992820608004674,1.789003952750539,1.676473832179170,-2.520819046263682,7.833624301563923,9.630322006470873,5.017890893184358,-6.825692500300082,-1.908605430608262,-3.668915602273747,-3.568572530349696,1.146750378454943,-9.179110884838050,2.755088333612161,7.107331554210553,-2.214532609704345,4.954920956610012,-5.476492479347533,-3.216458880142308,9.378969374577871,-4.018917839805985,-1.866339124977651,5.231073709224148,-5.393888209019842,0.012188490746592,-5.016708560498286,6.212197945163954,-7.913482948105511,-7.746287168540508,-5.459160066865707,-9.586133269440957,5.525340964129477,-4.751330346553524,-8.209343224538678,-0.279132995164497,-1.259894052268912,-8.999132349791736,8.938492649073204,0.862417478046897,-6.721459694452145,3.003607519252327,0.870150320870364,-4.919172220039416,7.528884633846481,9.543936454807742,1.474116298506152,3.721863922890556,-0.755938868692711,-6.909840764126396,-0.529670241654978,-1.644305917527326,-7.479787888889216,-3.737838757898471,-2.873037723135676,-3.486739914531807,8.092137531492501,2.630426695338524,-3.702975058111337,7.810702964319884,2.782534711805351,9.324740460227400,8.734572199088255,1.281500145809936,2.519786722722992,2.623428832251369,3.936342357344543,0.790435532544860,-3.877754634412005,3.944610778207377,2.101910260606260,9.180380853420221,4.622044245342627,0.588029524965473,-4.043013878829280,-2.363463620193455,8.529446001861537,6.451919620227685,-5.131065759706606,0.819967129274030,4.135227794043779,-3.723734398870944,-6.185533067148617,-8.023012854242868,-9.648858526567041,8.322712327341065,5.991534688519804,-4.998095513587060,8.777260344443484,-5.828560481552881,-0.445657996183922,-7.088333903972033,-9.507793855615532,-9.800796202530616,-0.209263716901365,7.318309762560393,-8.710050887027927,1.096745883690653,-5.530683147490039,-7.656492781955279,8.740569161618286,3.729744184439564,-0.425736427762452,7.311594748406296,-7.165113829908732,-9.617045283909997,4.500463779262169,1.840541249507710,2.332495793522376,-6.308241313770864,0.350670576208682,-2.199684004632778
0.243671275318576,3.070338685032043,2.765767961465704,-1.968334640019243,-3.054927423240049,7.420893741402864,-6.468307418986803,7.284329093004125,9.689107319609338,7.035167808005774,-2.154892559321149,-7.770656493508065,1.059881212840004,7.769321061093507,1.293529382963756,4.231897782271080,-4.410279439209028,-4.889031701164854,-3.540068122506471,1.407480566997563,7.130961234783587,-5.716168596736648,-0.082911614728051,6.678252748004120,-6.322080292772013,5.361944058761326,8.022482602992500,-4.818501097326193,-0.669354400938476,-5.242071628194449,-6.227068114893473,-4.644841656726239,-3.190205621518971,-0.604339854249599,8.264529217754092,-5.491180155784492,7.774256117794703,7.982977206396871,-6.735210732318335,-9.215863614265352,7.323177270432058,6.342947036265826,7.689191012315547,0.277822767140783,-5.400303549299674,7.832999453683016,-5.374525435431501,7.034314799084452,-3.383478289612610,-0.154600037986032,9.033853208500823,-4.602144365916507,-5.158080742395342,6.515761278504748,-6.643497348734655,-1.241085043469692,9.618129008020201,-5.543511770083935,1.521855467743221,-7.997844900457645,-3.776642899998192,4.678844095340036,9.110403535675133,8.027784818143228,-1.607438485788450,-3.988178419228767,-3.162336027028283,2.445676232935989,-9.551130955224544,1.252836837588307,8.314446962850027,-6.140617037752312,-3.909405038533222,1.333265370335891,5.546453987815433,-2.923972632404679,1.942409025131450,2.814497815134507,0.608313752890226,4.177949798288056,2.990376519587649,-7.831461421847187,3.080977461858330,-0.290963852719276,-1.583545254413750,-5.530217087844218,3.275964136626026,-9.307954384903979,7.330318651656892,5.614401683279969,0.142051226960589,-5.314399455685770,4.598614245582976,0.395666482255832,-6.490585328611076,-2.985094996046529,0.742027519139272,-6.956156648365575,-5.981883892314832,3.249650388339401,0.141937173559107,-9.543833024253857,6.271854362007979,-9.288270821952612,2.256747180009977,-2.776552821689087,-2.469690498799086,-4.397038378862568,-4.482152336946048,4.396118691654404,-0.427528156628014,-7.387617777944251,8.120084183377781,-3.493954897738709,6.621611778233177,-9.140842619414382,1.324142704512997,-3.123050010020303,-1.468356251344884,9.479121636839782,-9.965441570122746,-5.538313649369027,0.412519187444317,-1.953402280971746,3.154386024123863,8.320531759131448,7.963354883636789,-8.764986082412914,6.703948647046481,8.277298669037261,4.195774759554098,-7.670011380227773,1.110326101685038,1.233993707958184,0.314780970013091,4.641965357672820,-6.294105094496496,4.021729523966007,1.562563404046902,7.078325163200120,0.060308279366145,0.544326210678523,5.471590074669866,7.127318843155727,5.793189247022813,2.508762612822997,-7.525980865733111,0.351691757646453,-9.632634740651412,9.815509966470902
5.884661391048391,-2.828329220765442,-9.784613856316174,6.608259810736104,1.716808183784902,6.218847488591550,-3.795985473021767,-1.825861375027634,1.169692770133157,-4.162968676934495,9.990350544849697,-3.616680211269808,-2.845446892567702,3.947851895935594,-3.813344888875354,-9.674313791668499,3.514219545114024,-1.281184197245853,9.869863744621949,1.780884037417408,-3.918485977973241,4.476225927167263,-7.205251796091410,-0.785404059263566,9.032820069874131,7.071479020233731,-9.341367079460820,2.439232626831942,-7.849038161218722,-6.822523450359164,0.683444516024878,8.800802154773720,-8.649865017543650,4.327804506862911,0.410963389292782,5.758035852954304,6.763586752633309,2.424595025789252,9.831620763701597,-8.722751279728147,6.740860473162350,-8.664499912400283,-0.722694374302812,6.113440068543248,3.810639786259660,-0.130275855850394,2.950120775830174,8.444257654024408,4.048031482217699,-6.509545996362252,-6.047613230105124,-7.292703644415621,2.342544886506969,-0.846338683664506,1.240316550524149,6.401064404258602,2.321124446973325,-0.903535623386162,-2.766798401716630,-6.772191605911468,-6.017188239135107,7.753818727820441,-9.079191779141649,2.243658773007496,1.045282303986665,-0.571825503348020,-4.971227948810608,3.211725726731387,3.431899215647141,1.581224729602916,-0.674885444631155,-5.443701142092408,-7.361603294140433,4.960465793505024,-5.864710625642542,7.264571217912724,-5.746014002250894,-4.528350069233509,-8.220512546183352,5.035447938207243,5.322103534925199,8.093171601686173,5.056340599334124,-5.536579142542879,6.777836260582990,2.074765114420376,-7.822814787133581,-5.532544980360068,2.967018883402462,5.970941959467712,-7.935255721828522,-4.323699173215898,7.738712458869241,4.566478443996196,-4.158584659085848,-2.655982098015404,8.626816432810894,6.125313538148070,7.462179904479203,-8.241707714838792,8.340477290506762,-4.360230860163528,9.839052981601267,5.076860416152808,6.632358553740605,1.604116421561482,0.692856190935711,5.708584735835402,-7.848045693423518,-0.556568322877773,-3.556328125469399,8.990894163298854,-2.874278343293851,-4.637792526707749,9.512611197334138,-5.980200442056589,-5.128075142867634,3.529026799836178,-5.507577872185077,-8.154297940224902,3.394584402965268,-2.074344466277429,5.092853483298716,-4.910026642271543,-0.366856081380591,-0.062513275431037,-7.781325224241559,0.700475690005549,-4.352702133849846,8.592509256337401,-2.100148472662726,-6.850988952439348,-0.652730307091844,2.193868943317188,2.556550830352935,-8.084201944860395,6.701170752661234,1.023203760456045,1.162002436140208,8.785718284723266,5.674390919092795,3.163829018459259,1.321587521360675,7.141659139273489,-0.732288790059751,-1.936631754909472,8.357123595420997,-0.477468592686023,-1.345846162958262,7.730439585754148
5.288839727304325,-3.086681620643034,-7.496009874229022,-0.186801919831463,0.473445459621150,-0.395735134475890,-5.941641381967722,-8.829396534565166,1.021150378954585,1.101581179582174,-3.202589371466646,-7.493165805897872,9.756257919605694,6.686936689570015,-8.701726362452554,4.423782162630207,-6.453769483944106,-9.911392029487070,4.426173135580903,2.628925820803618,-8.383527582386787,-5.123983657113900,-3.744968654017993,1.166718174252853,-1.478747637973328,2.161144660543503,8.120273783063922,5.827997749954621,-7.785425142472906,-8.901685140401764,-8.050568579624496,-8.836477866663376,-3.103340459976829,5.052629563623277,6.543995978654483,-8.370115917555607,7.369011544101188,4.456771560313211,1.942209306845143,9.709178675017899,-4.148950887880199,-4.946413286008422,0.596836550367597,7.385451427523691,-3.952427168558994,-0.262221919188434,2.943759289801111,-7.959504757613026,3.047916493008939,1.991516768565626,-6.124358374495216,-7.376797560671877,0.101498034218846,0.615700201260214,-9.978789870498940,-9.148541145883859,-6.101221664856260,0.112326048588702,-0.050098860099574,4.086082979562505,3.705420412317842,-3.103683654479092,-1.749859676622062,8.251845845996520,5.874813970808626,6.523863259398016,0.481773789957042,7.101939206435073,-0.944031164506011,-9.256886971119204,-1.650929412343258,-9.420619170760263,5.448624940938519,-4.930375464246104,-6.669838350075244,-3.744594312517013,2.892179531254229,0.892089015159653,-1.010881335640519,3.007214586139408,1.258231799898324,9.890156251167937,5.507221008406372,7.634415265340920,-1.041338590746060,9.394458975968934,-6.019335576908516,9.255439754126598,1.147761401615430,8.100284120382611,-0.867737245307014,-0.738844558458840,0.971351472799833,-1.285083618730798,2.916160743774928,2.311814179973819,-6.948623498283483,-5.032375302464738,-2.683009202290574,-0.049218458658437,6.125120060951154,2.810989186547880,-1.433951088017317,-6.244755978100631,1.579634490001276,5.931208193826080,-9.595164882735492,3.929961411907701,7.797884106419819,-0.526746688591933,-2.938765562134689,-7.677944939421161,0.168957356605347,-0.725134473103219,-1.638201033109205,0.638441340180414,-3.605879409494666,-0.607419659514170,2.653630472021531,3.082114297136709,-3.224352867028863,-4.626908342161896,-5.333849479054333,-0.768576667433161,0.375597796285398,3.140782348351506,-2.990680388009313,-3.820028760613139,-3.450792532843976,-5.250035488104292,1.010856959616104,-9.373624500259105,-2.241458102680943,7.470530024934384,-9.868249193182546,-2.909568200107624,4.255873817420223,-3.344643725656907,4.036035096460040,-0.157352621728439,9.228969279945630,-1.990311798923427,-5.710092321749416,3.472788078399120,5.830761858161535,7.911312019908443,8.614391658985550,-3.168863346032545,-8.738776954333352,3.828232999918871
4.296410278977605,-5.289431424192261,8.572703003593961,-9.465630836234155,-3.835186523191643,-3.207583255576630,-5.410069968492106,-8.549831021093780,8.893420873703228,-9.942940566635377,-0.277812087918559,5.184542424016003,1.928643304123817,0.959050519858049,6.571107615147692,-8.582989716643755,4.601687998148201,-2.590465571922669,-1.074871462942639,3.129675301950787,-4.763518453587141,6.974944465461000,9.497318938717420,-9.470291244063649,7.123194347988861,7.364831082243207,-2.867133010219877,9.924606571080616,-3.473570357971798,0.418294084641389,-8.109812632129710,-3.652602984781952,4.258526079406783,-2.102063794108780,2.446433572545191,7.356640519378782,8.987274184888776,-8.959504144912330,6.713797523953961,7.463942203257503,7.594596542914083,8.604705905007826,-9.872435866243642,4.630166403708690,-3.517358556487249,5.414804540826053,1.209393812390502,-1.167873952251423,-5.207922831158815,-5.143290913367940,-8.212878563116918,6.258652113536698,9.588592129995629,7.292952162594663,-8.021759665080106,-8.418495351925614,7.319042725546964,-2.927942890023663,8.434109710826935,-3.588718057864993,-0.003460603323946,1.846973640262418,6.340462530197975,-5.335066783991296,8.144176146335834,0.129429164579919,3.750840428985516,7.501794290487659,-6.417272121834157,5.085658007253143,-7.959886780189127,-7.184667804317806,-4.610399865935443,3.514995378230321,1.221527161562177,8.375827238572025,-0.067528679226957,-4.317540087565199,-6.354198065691364,3.515946812945508,-9.782587109352008,5.467804812904532,-3.185289459383203,-7.086825502022791,-4.888988453645360,-3.092378727978926,-0.461128208182654,7.032694150110949,-6.354406091362835,-3.642767958379467,-7.783186094567814,0.196187872131349,3.131806586131798,3.885935604264230,-5.509568684988679,3.604767721632491,0.269755363754093,-2.806881979034690,5.628715182488062,5.739410840671040,-1.704530547240303,1.391691572083836,-3.240964512591249,-5.359531818258636,-2.891092133773068,4.650103377334531,3.231255340747079,-0.924488793707472,2.450773036057370,-3.426944901647868,2.110091011030363,-1.125794922095565,8.258689354418575,-3.593980498225653,4.679123933935260,-5.003221308746992,-3.236676005916248,0.836575649502615,-4.629481560619865,4.086342039816330,-2.193273770057013,2.399894225627786,5.276930625210168,-7.161033002495765,0.728196128616666,6.472101548303833,-7.150379797639241,1.890781273439003,9.747952049927072,4.529659270739037,-6.472993328395143,7.746593126005298,-8.760509442963025,-0.144959852391796,9.099105936038637,-8.434473348203728,8.786960133416237,-0.215883003721393,-7.199438802080962,2.443579680468691,-0.305787968930712,-3.767867620361772,5.226505218386787,3.063430285394640,4.924127624050330,-8.621752527310932,1.148475857768203,7.788020066674289,8.752101852018491,3.870094631023571
-4.216742154186255,-5.961947570356276,-3.068836463337945,-7.137738202593312,7.673800036834436,-9.670535160991530,6.104653949644632,3.468731982999742,-7.521436308623257,2.687319586088488,8.442074310953302,7.415791265201182,-6.413100840820269,7.963413470548918,-0.677522117516896,3.261924541897566,-7.213402880612496,2.377847166946017,-7.244895469200056,-6.578817629314555,1.003154169929116,9.376519338626728,4.721259403821136,-4.340643019018307,-2.346692430541304,2.628959868627007,8.224601418189554,-7.554307167519843,3.714268969309147,2.489007843679715,-1.333340069818869,-4.589764676212491,-7.957010075876141,-7.575557925323169,-3.012525229592178,6.618894440044983,2.921030313329629,-6.097816651603791,0.219979642712861,0.825956612695908,5.717740049329795,-6.356622004834449,5.397732046601352,0.783175733543210,6.804392930072801,-6.701641169278007,-8.448174965350407,-2.078064513390081,-4.479816404460739,0.948312006678975,-6.575712213730867,1.184532155525218,-7.801084884987601,5.871125841331883,-4.143541346900975,-7.703097636891885,6.839948934491812,-1.539822849281078,-0.313289349334962,4.893532130922974,9.387391379771820,1.403515017497622,-0.045940297066503,8.136077110764887,-6.173100652697552,6.726816672222991,-3.141055735566249,-1.963724107050259,-7.326226306920470,1.747341974037791,7.059836064861969,1.153715372133169,6.953673491002906,-7.571454940317195,-4.165984139785852,6.649606040662810,-5.517880226331673,-5.002625290902727,-1.978060825082569,6.976357745558879,-4.441574460606940,5.889461450491266,-2.425305523180730,-3.758790589035752,1.704683566390973,0.019853538672013,-4.849095741174276,2.423669605806660,-7.113527265722093,6.336510515698027,1.422023705244387,-6.287234411243572,-4.105055511260711,-1.732245462670960,3.807440227266632,5.823447812578834,7.633421702000760,1.497638549446004,2.002827471984883,-9.459905363475285,3.195862135946971,-1.010516347128409,-8.212230708703299,3.315700466029041,-2.319195960645432,-1.648055179748551,8.618950625224524,-0.351087501836194,6.662332332826796,6.550817937273912,-8.339989267967736,0.381498768328042,7.227166992218020,5.303057585658820,-6.755366318230545,8.565500374991313,-0.654966996968447,-5.974762812952887,0.939683149427388,-4.203086025305214,-8.008092618202344,8.387607892670747,0.543645985800207,-3.237802499239127,0.246823303431787,6.913067025292456,-3.112966958266634,-2.495500294114292,-7.035661820827990,-2.849569610475566,-2.391198253762960,-0.922943265480399,-1.102581978820560,1.386736835082518,-3.928715112478242,-5.603957270817689,-7.798387521872556,-0.393428342743077,-0.975567012339839,1.237745238714743,-1.641527327004798,-0.494867673176415,1.794293996658684,-0.159011210096915,-1.191629445883146,-2.115767382065068,-6.108771790934404,-1.163621002365778,6.116217608448668,4.192660763269142
-8.473623840564148,6.666710239648708,0.445847405123835,-4.308611111825408,3.842330426740014,8.064497366850983,6.462013540896329,-7.676259836463455,1.083298605271686,-6.622165819312434,-7.452240272657815,5.413129307605493,3.506093469590239,-8.210041545977692,6.243842482963551,4.416300278253125,-3.045237676596850,-1.452085714091533,3.624875853087307,-1.269671182894584,4.097209033200077,-8.888673009754120,6.961619714429201,0.152845805070079,-6.140536594888950,-0.380325985223473,-6.389933680861411,-5.112340173536309,3.252689207478010,-8.090713766358327,8.297967257181654,-9.645378132968744,4.128435333798402,6.924346406733726,9.072567432441684,3.503710260193426,-0.398693257564753,-6.413655001137631,-6.666811291984569,-9.691336654744644,-9.696247260381162,7.580765190839045,-6.445755728094962,-2.733719361227324,-5.253219527214322,5.452595857528344,6.542405267017543,-7.256793405330217,8.181415461144809,9.782544834273516,7.857856821403615,1.396556282523582,5.877074103861098,1.521131062359926,6.462520737191227,-0.466006830669460,9.740253971117792,-6.669237334768598,7.523709695433542,-5.548806823616772,-6.529966662528710,-1.654782120508658,-8.109675429018468,-3.951907687300849,6.867971691853171,7.912812288153809,-1.966065525133240,0.263033154674199,8.601869435821239,9.984692933242066,-9.413734271570393,0.235381916975328,2.442520941506279,-5.562230765852528,5.007740141343369,-3.928442159481551,-1.117544338554190,-5.153875491225337,7.911099701644613,8.455658478933682,-8.410771212153689,3.999218731241580,3.454702097068527,-9.250810083761520,9.830387654759733,-3.772722913901527,-5.953785220951042,1.772530223057217,-8.600100759297449,-1.648918444725249,-7.625527626125603,2.835207672690451,-1.346784704889130,-9.372967407356258,2.350202322171482,-3.847215862595784,4.259012442875605,1.897667449196966,6.243235152051167,9.734380252627307,4.380290719706970,-4.943680913170541,7.284018046779209,8.428678160000274,7.998356497292441,-7.917057165638304,-6.028533790868202,-2.441835921994306,7.589201402367816,7.444571100137150,-1.546381957491864,3.036631108182316,2.566501998437046,0.229067601257352,-3.537238194620864,2.038213966895739,-2.113921655983186,-1.660120523088530,-7.191871489251726,-8.730115421981537,-2.307370132225095,5.744455521240132,-1.827720577437530,1.526940150195122,-4.569990887808646,5.084710341913027,-5.622884894298172,-5.079185328176696,3.420320266142326,-9.378537124087531,-8.991980978962575,-7.165885118269435,6.760792763550366,3.238783473424050,4.251977706490420,-5.090453599628995,3.043138480868969,0.225801947508453,9.949204715427694,-6.331428847081964,-7.000029186170018,8.511643382521193,-4.466283223304755,2.977066527515351,3.956769072597318,-2.092364812521417,-2.247696948491365,-7.201646173163918,-6.100673635286946,4.303776823146761
9.937972581762342,-0.214489126175932,-7.098389644495697,-6.274617403421763,8.653161845452946,6.038431016506269,4.165763417671606,7.005889955483685,3.730831487385800,4.295630956060428,-0.674790663750217,4.954859768387003,7.633377031520279,-1.524470841486336,7.842612651380975,-6.126451801952319,-6.202264277417711,4.918026361002216,-6.342415743945729,-2.327444560712180,-4.165792321441106,-2.496443649391560,-9.240297380570158,-1.317488615949205,0.587861536313188,-7.411512443726888,-9.672507108297953,4.805600923301794,-1.506062424648469,8.403244200951001,8.417442955650653,-8.114115846699960,3.962146627195672,-7.797530866299081,9.490486619966294,-2.258973995345892,-7.471474879074491,8.370334000858627,-7.675397687088292,-1.449266358188359,9.948605819995528,8.592225417191333,-2.301239584458048,-3.744531541195419,-4.110153449766001,-6.510741886193512,0.631234845196079,6.954419532551452,3.030012581432953,6.951761848438242,1.416456360050722,-1.389838308000499,-6.940765786308820,-1.415251118208833,-5.530370400328484,7.869204386231981,1.811720124392961,9.391750421124605,-6.060472298304020,-1.732036768844274,6.885677835365019,7.579677477896848,-6.682213718306443,6.055809114496498,-0.982388144971642,4.793580625685669,2.234553570961051,6.543664730070713,6.797309513636922,-4.557448398883544,2.588517912088427,4.500932208022423,-6.488679157355448,-7.258008331058177,5.502332881232302,9.952513015861459,-3.916141760111415,-6.621763408536257,9.325012207813419,-7.943276654561156,-2.145078196068020,-3.187083025998911,2.881052307847355,-2.608950480604242,0.489465497059447,5.795319712388595,3.271997466942045,-2.762517227181151,-7.970239491700928,3.324251634152526,-2.543119325352057,7.735558915452344,5.821164912924194,8.889435700527116,3.291027610123693,7.537604729248201,-5.993947853779503,7.755653781297724,-4.655385673355736,5.380134293578482,-4.156744911916124,5.135471196806837,-2.601867443318111,9.045753908218316,-3.799908465189832,4.009088962601091,-6.259530242950849,-0.249368144143077,7.711349822500971,1.573300644182831,-3.859619275139932,-3.927721220871883,-6.164925805513663,6.131545417162865,-4.229271938892769,6.724828420417960,1.778870536371970,-4.019397247814702,4.881127172608261,-5.648661294753239,3.860013123142831,-1.947319290856573,-0.919163970014070,4.206497742579934,1.161504332125320,-0.388048853415267,-4.487288527958881,-2.209215018356792,-3.271451444864535,3.621981208702504,7.982121894462175,-5.983040911952273,6.322302930752606,-5.223943441977315,1.018715773564693,2.156249664875514,6.307593640020045,-2.478714506294941,-7.726419661392557,6.911246832695397,-8.671097689248262,-0.773298210881281,6.474129625340353,3.674287593970444,4.342147505705064,-1.058354364504186,-2.530131374872180,-2.531052020898786,9.071846344421729,-3.284658844319090
0.497420267365477,-8.206737050074935,-3.379854873345957,4.777649677777296,-3.615188783668783,6.600592421742938,5.481207434008217,-5.282849903945143,6.402927003802830,-5.083156442955246,2.552644918264191,-9.126656207849578,0.919693276005368,-5.008035331736222,3.503242707473500,-6.559544120669207,6.469607852811293,9.343220980178025,4.324376507544647,7.833714956432392,-2.201845230937214,-0.226828356967481,1.169287207296017,4.378961118917641,3.879547063618677,4.231223219002349,1.632017686172997,-0.323232378277352,-1.870713392584022,-5.309453583890466,5.397705072781163,-6.694546151957623,8.616701766214451,2.205423223218521,4.302216802529520,-9.271433942274559,-8.470662546787775,-9.696555443351009,-5.921001856266537,-8.495255222994313,-0.148285334369486,0.864483957650082,-1.832978050779261,0.522938027035460,-7.035971008443653,1.779852055967874,-5.616284733172709,8.320880401716003,0.802829993231837,-2.793398599908087,8.814488353842389,7.864857786257748,-1.983938379859211,-0.997893478282014,9.999301228885670,9.762329123080914,-3.230349767409725,-8.911278854378111,2.146194425715356,-5.655811176284993,-9.967893493853691,6.930563044918262,-4.381815218697032,-8.060904002697418,-8.421563283889778,-7.250982712896068,8.683415206107604,-0.161122743031880,1.670293657379547,-0.646512218610997,5.000710970842839,8.281610221243671,0.381038938173097,-0.191205989798373,-1.786978748091194,-7.113837743061020,-0.939101507547717,8.230940344410421,-4.145749495560127,-0.945206721350910,-9.934704428354914,-3.967848503751683,5.614006618585577,-5.983270588899801,-8.185241875724961,-5.792144317949301,-0.109397864123748,-2.648797157145255,2.965098876769709,-9.043247672885965,3.314836681469638,-6.432831715972657,2.227731408144315,-4.038400700852412,-5.377872579080735,-5.059421626373140,-3.660044330001315,0.351415148670943,-1.607933312447775,-5.951460736546896,3.122909351272442,-8.855355061195731,3.042759909299541,9.883052216655162,4.717520128208708,7.079163909100853,3.240734785719726,-1.518444634943251,2.515693516013972,-1.682740078209113,-7.738833699533085,3.439958529547217,6.285086539284364,-5.347322225748512,-7.788090421780112,3.968806710755002,9.719982524307394,-6.501778484757303,7.576754748162102,7.058951801909291,5.503167480551689,9.158765473354677,-4.311928593967014,6.095082935703779,5.357196478640480,-2.340982997498733,-1.716347641599164,4.288323840498363,8.451663881571115,-1.444633441879120,-9.519967083524293,1.534743667265296,3.853830989681333,-3.721065105398422,4.175194583013379,-5.977216998686421,6.118724605813295,8.769554296139724,5.918528021944816,-4.860643725229039,-5.193848853702017,-0.893732519240126,8.546695275368240,2.334354999269744,5.053548986303246,-0.333387841390824,2.268956584556218,-2.339961787715401,-3.433697643070388,2.307947233357073
4.313645704825056,7.003641076981747,9.403098513917108,-8.330804670650942,-3.675132982307884,1.878815392137650,7.916002004183113,-5.484265439672362,-4.551857802400397,3.506591805828903,-3.051972702783836,9.512947607762190,5.764794833885244,-0.787082659057763,-8.923634896997024,-0.541754941058290,-7.390262138807264,8.411948540200839,-6.170101758548752,-8.993635136828907,-0.980312736293731,-1.001491099294691,9.655032041695758,-7.020451589535012,2.947092030997101,-9.199682045596466,0.471450956331926,-3.179154479128239,8.166602808760448,6.073061066090851,5.860107186330845,8.374395223894531,-9.538762168400652,-7.038587928440596,-9.805351099914024,9.645843008816815,2.051886814413376,9.913952332833176,7.750385334454268,-8.818431235785816,-2.573062663862991,2.918481637464065,-9.675552887425596,6.845952251542439,-6.601697144275409,-0.685062268790137,-1.087840263818949,5.927947622875573,-7.420905819758645,7.389726268257981,-2.564706251163007,1.103815539853830,0.115649756791498,0.551010187123831,-3.598003527494004,4.763486987435890,-4.614418970706106,0.578896276357590,5.453649182607077,-8.448511816781393,-3.484491390436817,3.805776398526561,-8.832044427115234,6.608202188495827,-2.615633659839531,6.881851558227204,-0.531621371951870,-1.102247609198908,1.198019675641035,-8.626012908577835,6.322961588843665,-9.740055186359582,-5.174639980673037,-2.357578976864163,3.061220043423109,-5.056968532856301,4.196868149557186,-2.074168986619796,5.203416238542850,-0.474039973684395,-6.426819758289463,2.156226561889973,-6.855811648021605,-7.849956895360966,-4.952724672954155,7.156713524332158,9.587702186238019,7.139120159305229,-4.030348960776782,-3.814828402791184,8.444529606040675,3.519098888183951,7.812005007765141,0.894687827157913,-2.772558496111410,8.805601160779702,6.880081394142380,6.414176398036275,2.341618240820189,-3.102218182831720,8.248429475143389,-7.546588405200629,9.829877928596446,-4.722794165590686,-5.208609672480485,2.056531984837623,1.766161345301274,7.396096653043145,-7.783014810084062,7.445032310295396,-7.685624671544558,-5.577401225588514,7.456354690737061,-1.203865987286562,-1.861738170086385,-6.834507842492181,-6.754748813692544,2.860243649458074,4.863046087982013,-7.709815374593254,-6.657430326267422,6.864962666354714,-4.491915069178107,-0.064770284776037,9.439287773416776,3.974505014405526,-3.353685811239348,-9.597052742619374,-3.324017123232899,9.724737377501256,2.865764682810193,2.312162123964505,-5.937214482935822,1.485841407112678,5.390311930099658,0.718102310595867,5.239451558546556,2.546246262536711,9.818802063748883,-1.964843021888340,2.584238464083324,-4.038932405680285,-2.236257053111816,-5.678411055010826,2.574934658396288,9.490634262266411,5.794601044731975,-3.119266291979299,3.666006698300761,-6.536417130396179
2.020459579903818,-1.150278159776022,3.006864238373186,4.152635203445222,7.947557782343193,-4.595645899453902,-2.509947726197121,4.739033563334100,-5.163182568859681,-5.814491249072658,-6.386352750016098,5.578196479495618,-2.280139300957160,1.994463552239941,9.825216344043927,-7.850477115862899,-1.143967745174914,-9.317034470244295,2.941513682539439,3.857706165087862,6.261626101524563,-2.701680818875982,8.381973157484413,-1.544427151612782,-8.254640232926310,2.431900317939451,9.983306448465758,0.315485334214925,-5.866115644877605,-4.952003799878595,8.177749409715659,-1.844548568153520,3.528460122746750,8.778373314404920,6.868827103667595,0.942559169758280,4.054447539327635,4.357510185707190,-0.168711817991545,-3.439014306018571,-8.241712385755180,9.346974443353801,0.386584722861855,2.581270792543739,1.076954975428476,0.300194039841500,-1.320084181636229,5.023465671813167,2.273654486724512,1.801311340134696,6.913342316630352,8.403529054608160,-7.077558715349732,-2.559606956217921,6.846050343065563,-2.806850755922589,-1.864672466248493,8.901939981673976,3.999988049750085,3.550583756399337,-0.176272869293623,8.141872832987392,0.299370059703980,2.620027247335489,8.755327320360486,6.236093182548249,-7.572101663431452,5.022261411299160,-2.894974483797310,8.174472254283653,-0.818864861945428,-9.168779038338769,-4.506583422700619,4.013782184124349,2.108250849546565,-1.082682811701636,-4.130765621501906,-9.253892912606862,3.679774495114129,-9.828616809688667,-0.607033282944631,4.578636120429483,6.063735805044026,-6.110544096373609,0.440901287395617,-8.294409819742155,0.015838297975160,-7.004345895515214,8.505774751767628,-4.073469305740893,-4.478827442865829,-6.771417418994437,8.606262293762754,5.508163213556742,-1.164116562675787,-2.793310024646345,2.989409276370143,9.363128287939801,-7.875483728836448,3.480924134882956,-8.113397203938082,6.238556675494376,0.772132999069047,3.374980191156860,1.904326392227960,-4.104783494337079,-3.160560113701417,1.758329982554979,1.674423857473275,-4.613109422830826,-6.102483443891873,8.941386258269187,-6.492572247862127,-5.448518732824765,-4.500983387072020,8.028587617425007,-1.034325802549789,-6.109128437919691,-3.006756158908994,6.982720712949114,1.583560666621295,1.981812650316661,2.591517405166018,9.585915136710064,-0.034880003960563,4.073730793261962,-8.992126588654170,-8.435915128231946,2.170622250654063,5.079913751736335,9.994809042881293,1.261665233141624,1.022182632734170,-8.314249062064743,-9.906580387929631,7.916088522547565,-3.895481829416052,-7.885038861590330,-1.277999612366216,-9.993608704145094,-5.158399479524903,3.109311218589649,0.936349845708126,4.875490906087748,7.631455436866656,-5.074725214214880,-1.066933984165651,-2.747522010153749,0.446014555346643,-0.522154414871066
-3.870836196579138,-7.120020553275610,-0.843504344306700,1.894550287615921,-5.219194305664654,6.256249617292863,-0.690917809007949,1.628758123803308,2.769294558921356,6.202433742511044,0.468478074597169,-2.521410830927877,0.467862279038689,-2.622907686676319,-5.532077529574739,-8.758480304646250,5.206447465236032,6.802969877406902,2.242224384579671,-0.819266429224756,6.597691512980813,1.080169773342627,1.670399333447673,-1.597368565208200,-7.496543156416465,7.614435844252366,8.631980631993500,-2.260072263440767,-3.403046103695948,3.204142467544237,-8.716284160427033,-3.496566034244322,9.961772691986297,-2.408267144741036,-7.312888604843819,-2.067794777720642,-7.891872194418608,-6.444230023005932,-5.795484394736965,-2.210512082262155,-7.410752004929247,0.000691639192599,7.223971658393463,1.538499473522101,9.821567805775551,2.030331596080526,-1.678983692819781,0.146431646325379,-0.276071367246901,-5.179772528404754,-5.039843672702289,-0.464483061775443,-7.182632155373005,7.321197269607442,6.458173677389524,3.591440533172698,0.208234051647944,-2.367487104158588,3.696067772660456,0.348982760119538,-5.112753056877346,8.577479184162982,-7.984560764850031,6.272278815840679,4.657848163786902,4.498630695182595,-3.655639912435873,-6.519985530857908,3.727642635097881,0.284368420835923,-5.623510529217226,1.575052092591022,1.013976201985411,-7.493785736516807,2.978229434742497,-5.490293153027183,5.426787651822639,-4.992124941346098,-6.143723134434071,-5.464109686562020,-8.538652695341574,0.470304780814683,-2.859976444232344,8.978472745688013,-4.549891340591476,-6.770590449086596,2.516866888954944,-3.178850476630634,6.183642304223003,-5.647001356997238,9.545668088683176,3.644269613801207,7.945454342863250,7.972879777164810,-2.228967221420715,2.509349260771735,3.569139994760025,7.943758206218689,-3.116766684446035,6.924729904518692,-0.610403682957548,3.139656968381439,-9.009040339569500,-7.599816616019048,5.644508964793557,-7.289274284948959,8.876657492692203,-6.896564813627634,7.586954174797320,-3.679342270883526,-2.149202914590775,-2.225123579689572,-1.235340677231251,1.330388809226601,2.200626678139219,-8.959774636127985,-3.525165141386846,-5.911466804309551,-4.117648991173599,-1.069972433799613,6.714299267888862,-5.810766197839770,-1.212498316919842,6.332513862984261,0.561449322231020,-9.144221250058752,5.349221394590675,4.666203108327574,6.538621983995270,-8.906181792706287,9.204843090778262,4.118373165936710,-1.866877513149131,1.851285785674602,-5.495714561293181,-5.170753004278406,-1.779064163338317,5.248457557822640,-9.548252847272519,-9.110850546329253,-0.567018676588962,-8.172591787392459,7.190300867189411,1.984669059088739,8.072658799295723,7.594092682251482,4.998528628685584,-3.622774630165209,-9.222489224966544,-0.467351218805753
0.047114391039164,1.300056596632029,-2.387349856693270,8.346439529027322,8.231130074023188,3.463015279753991,3.356469001762232,-7.657076487095679,8.028915399792766,-1.594947956628602,-9.364541428778582,-5.072065116850368,0.165612853045417,6.645520474354111,-7.427921610815558,-6.484885472038268,-3.654105833810284,8.653306241929151,-5.554350176472951,3.730502925570329,-6.901982685550174,-0.925333155074997,9.053644103501657,9.672934557290368,4.304597248419048,-7.007174501498616,5.196791553659551,-5.697662824330241,-8.359273382422238,1.255071944205877,7.809503192046151,1.531690330172408,-4.541309490381211,2.730091678083724,-1.283060534124669,-9.859074241756066,3.880999574585925,-2.997834698613968,2.439915785077533,-0.602029117133700,-0.151150935566216,5.037388584769815,-9.370936414007216,-5.971260279667019,-9.863971577765238,9.731206892011958,1.217120603086192,-9.167789193590604,6.744912763776970,2.496186674497878,6.453476411429669,9.516688047387991,-5.300257666448056,2.653731308070014,4.511753519606557,4.931550937232650,-0.923825299133584,5.776369503904473,-4.576615061841682,-7.757765620260814,0.173836908525381,5.236651673029698,0.126378986123289,9.654309569562525,9.616254304255776,7.669942668648847,7.916842638675330,9.282653002541245,-7.972964037953170,-9.951946270354007,6.012009405096784,0.403872260509665,9.679536913084576,2.669291981597974,-2.190825271092177,-1.253282954642801,-8.805279558407872,-5.406895720909962,5.412721315825923,7.788931477918823,-4.344761538707818,6.446507257624511,-1.247781707831708,-6.720859828521329,-0.645633027912126,4.067558009749394,6.224255404522761,2.403281047392271,4.707114079405194,2.086843826845026,8.792306597657944,-2.233008450106972,-5.976322216261996,-6.417749057665867,-2.648295142953785,1.455662324705305,-9.408588206277068,-6.475251895178669,9.090967988195718,9.396948335437393,-3.889948931930047,8.949727211591629,-8.938081616751230,-6.889688386831347,4.058859408643736,9.050747412334257,3.987737037443130,6.664543221730522,2.825250507411566,-7.570275004560896,8.296050644598221,8.663737725465900,-6.339335610912197,5.309221635426585,-6.283439404210993,-4.185722509652998,-7.443254094839573,-0.931672197134088,3.914823126282553,-9.773001333550095,2.810184675355272,-2.890051361011146,1.097308911953885,0.042397916109127,6.996377440323151,5.195037428826787,8.765917709689361,7.907564090002452,-9.486483993183485,-0.930363424790471,-7.492314480066309,6.343821987423123,-8.713614072953785,-4.267749579474436,5.327028494336137,8.176191342458981,8.328231784569088,-8.350235456579044,4.625123444411731,9.859270853063340,-3.654687446417371,-7.524685628744050,-2.649051675682936,3.245237924487723,-0.642066550247183,8.310419320750498,-6.847801120305526,9.195956412264426,-3.330143072102681,5.115180637331299
-3.801424184742846,1.179434536445317,7.655593489860152,2.597583274403863,-4.689012394196030,-6.270603845051936,-6.135601129797417,-9.183320002175243,-4.139613692823496,3.672394054407802,-8.168181597359293,7.263148370903345,4.412510854750218,-4.520616885321626,7.750921475555760,0.014486431270896,4.147415327354008,-2.044594790629648,-5.071695597281519,-1.105296596197791,-1.268866456396854,-4.895780341819838,8.526494641782485,-1.377833801243559,6.290717243106901,-5.319929255316318,7.623464334357550,-9.826504096256507,-8.552826885415323,-8.909025894198983,-2.828525749125957,4.259779770156980,0.382453557078877,-7.208504931508399,1.788935420806748,9.137942663649994,7.042947193727752,3.399674676327205,7.546365507117955,-9.288116772824297,3.769056966054819,8.040152032466402,8.593246832643874,-8.014108445732923,-2.559650802977044,-3.031633817328448,-2.790093212873053,-2.696737376410161,-3.940943850194556,-7.897624438384119,0.479468612775392,7.944826511503912,-8.916250819275330,-2.383652665846299,5.997589708788738,4.553072740354738,2.147869067258926,-6.773155233345392,-3.339722137209109,6.261007184239531,-5.934621931264270,-5.923496519770842,1.466730424185585,0.587865567673902,5.625529313517408,-1.447648063448856,-8.885440421763100,-3.341037824433187,-1.676763744660652,2.069917381821950,-5.202607234840004,-0.414111718229133,-4.148767194435877,2.939858138825445,2.235237981952427,-1.436426127466033,-7.944978375192178,-1.737813116112852,5.742947339793282,6.303881572809068,0.444098321657096,8.199827119150619,-7.319637718014834,-4.327837871511413,-7.485216350632243,0.209873587709520,-8.395749995874837,4.406201859215495,-3.930278099116484,3.482601133680189,4.007732361351771,-9.459520978631847,-5.206897335483527,-1.587855671770821,9.561879132597277,5.439766559105990,-0.741327602885921,0.524349088445444,-4.602489105125970,-4.826933971795753,-9.109146198742291,-6.374118000559563,-8.672406134676082,4.244578194098276,-8.113152681771245,-5.666453130022506,5.563431581325657,9.993137293870284,-7.101372247063273,-5.681780755562218,1.105465657134665,4.667437222025724,-7.990578703895263,9.179034876783245,-2.678312330961036,-0.311679292159933,5.134062869352096,3.917367144842537,-3.511810695182072,-5.038244246174381,8.508150142993316,1.221237221213208,5.076018991255056,0.164652859854801,-3.301926098266954,-9.829138695159774,-7.794373169496520,7.098875973813616,0.680219607285078,-5.891170988465111,-6.804690141063605,-6.114170402184236,6.584019018191597,3.486047320334510,-3.486377813221369,3.446360245445995,6.463133160542075,-8.820173437628151,9.407588888893493,-5.440318229818466,-1.204440740389515,9.766952134173184,2.379615004245059,-0.548361578123643,-2.433222949516638,-5.237116770526904,5.059707465453142,-2.978367548845087,1.295398816455570,6.502686616164041
9.899036676296753,-5.280153552588591,-1.964661344127880,3.680124239472383,7.955812049127008,6.384125651266018,0.454457887607839,-6.747375470953159,3.433194084101389,6.466380311955614,4.505099033010056,-1.748389611704846,-7.941585474940043,9.635365510050217,4.274602573740591,0.274827433784299,-1.489438586589941,6.579692204027261,9.351702595651254,-9.589491745258719,-8.638791764410882,-6.288762749747385,7.967497449486611,3.429178735517961,4.629939525072260,9.318280119120203,-3.542763710296512,6.025895209914328,-6.272969861026625,4.368607495339266,-8.500146125109939,5.237360626770769,-8.251553312524067,-7.227333664721771,-5.010621808554189,-5.240261151284262,1.902646811381164,8.422532460890370,9.622999323236744,9.414200856874210,-9.342115774932655,7.880535272453542,5.098310229646438,-2.198517812254705,4.689684652476931,4.868712778252103,2.740531219081648,-4.322272614307829,0.639403609796201,-5.797192169503271,-2.552884532491689,1.280604992395460,4.581613234975411,-9.948509931128326,6.691424283184951,3.728264847740180,4.530477306722664,-9.399004735599569,-0.772123570659520,-8.592067846666891,-3.725337772152626,1.569900526857559,-6.725149277657662,-9.957459198013572,2.569203016011416,0.945422875191188,7.356579729890168,-7.416249979507377,-5.996253763059894,4.119858570743327,-9.661517547945436,5.322544330653212,-1.782126988661259,-2.284085092212607,3.612492894794348,-8.696419961680316,6.915670088198674,3.097260254643757,-4.338829895162628,-2.865643064797123,3.592342961348781,6.102799046338689,9.284737216792852,9.141445877798343,8.302352134917015,9.199162115018808,1.474913693215875,-2.115911556500498,3.591127886607950,-6.958096694195812,6.148534106818072,1.934617551866006,1.325141475540201,-7.265287487073728,-1.976031465919361,-9.192359488123971,-6.101762072856067,4.020775812665448,8.139724023352471,-0.379813133057560,-1.112083661350347,-1.985124790867413,-6.841472023763928,-9.161971032001803,8.150309032378789,-8.276702883766196,-5.988844996952638,0.565327033626133,2.551829186345698,-8.997270439161504,8.667712659854011,4.493061552480238,-1.174150483804437,-3.007644778152523,7.933981978166202,0.195917299238362,-6.119161814039686,6.299889760964003,6.664206644757812,2.910136048141268,9.258868111424970,-4.308731729234760,5.142137808301868,8.647309984747590,5.826969411515613,-3.254685131225219,1.859114230433951,9.909365522940426,-6.294407200623433,-8.316271768246590,-7.014685095733029,-1.806196440224392,7.416497621548139,-0.990674001216442,1.816875109488096,6.213314174542869,3.701711904207759,7.647881728684375,4.708949872587402,-2.993352264906637,-2.585066789185577,-9.208052947145944,1.641188002394379,-4.562914291317033,9.177617946841259,-1.758058600146171,4.953300341544812,1.721527097371238,-1.888828933764140,-0.369665148419770
-0.452988489734432,7.668626358389222,-2.854388139957329,5.973857816072833,4.158394254498054,-8.399957189317167,-2.711162618859349,0.489317344097206,-3.844431035847114,5.373668102062197,1.900011812529511,-4.024682324627071,-7.056588054088953,3.584526967112001,-8.600804591641239,-0.712704600578085,9.040474974225869,-3.006208526011487,-1.745831289183856,-9.857182518766825,-8.275209203687908,-3.227366806233114,-9.580867536154242,2.212214167959194,2.675835412106222,2.128366394253673,-9.069427333218613,-6.971786375346123,3.311744554488135,-1.634655319380023,-1.512374715806102,-9.979541400509046,6.928497397185144,6.184723834522035,-4.494288823718311,9.955856503401716,3.153565519841880,6.465197973899851,-3.019051470181777,2.668698475015180,2.763481920821647,-4.780356791734688,-6.911106379042364,9.375256913885888,-8.832568276160945,8.202420090265615,-6.771923588583335,-9.448352875172709,-8.404068019019224,-8.200304026005259,3.553402885110639,0.863485240741166,-3.605974821145821,-8.096348486954671,-7.676482382709537,6.906150813607383,-6.407575343355749,-2.400438358282921,3.231654939678430,0.690830103563558,1.086322952667082,7.521723802041429,-5.377866840015415,4.229702429638255,-3.690996232547967,3.925743364319922,8.277772370671318,4.250780211997737,-8.924843461462578,-7.752704603336058,6.112415111919447,6.408380550290993,7.993274801591788,0.849883104929940,-3.425578659906670,3.522923370173759,-3.234277747946850,-4.882634495628073,9.201133182492832,-1.609964494298563,-7.226979067657496,-2.495893686047463,-1.894650326079358,-3.337417318099869,0.324461334448030,-7.734956396340946,-7.264743504129159,-2.699489302500995,-2.190127448539958,-2.391102298117291,-8.206619579645016,-6.420342245893094,-6.826832412338795,-0.236937787860889,5.911750399552300,-2.996068431396410,-0.485849118532261,9.847673739748345,-6.489127078595835,-2.138868493436665,-5.776143001703431,0.966406088591590,1.976068063675005,-6.262672216701850,-1.715607127453067,2.156331502972675,-4.719900262931381,-1.025763767004131,1.470504870980045,8.807054964658075,-2.889296954826790,1.624971894005929,0.777574741129571,0.281690304716268,6.199677772861090,8.397917300813276,-4.229444210807712,-2.475940680030986,-8.229227170341487,6.814392590490638,9.155006329734483,0.851767719556999,-8.237730981008491,-3.220465782293243,0.826770376305117,-4.983637969757559,4.161532380125497,8.364925222455767,-1.125682830530463,9.135161889142303,-5.224022774168842,0.143919709372158,6.219401073578481,1.925786986732071,-3.028183805228926,-5.224710094466564,-7.212440627682182,-1.015679121324872,-2.692092174294451,-1.460450516888232,6.074927150796604,3.415094280059837,-4.944771848662983,9.632492703359933,-8.334964097417568,2.748630062166342,3.103310835481468,-1.212838120472226,7.553688921286465,-6.890990332729034
-9.535586663206708,-0.944920758755341,-2.844363944420767,6.118877831649733,1.325027774102697,-9.747627705835937,-9.938267766393293,2.200567912495050,1.726520678760387,-4.772148906507039,-5.471259475031975,-0.863229472218901,-1.637855312338692,3.852540542640554,-7.650747746687010,1.032457904322627,-7.272950513513297,3.674546380863084,-3.416092386323903,7.588012187387651,-8.442942979127467,9.563179120320928,-5.242892933170280,2.020664404143496,-1.598519669747580,0.220398149023758,-5.826031203343332,-3.684081299696304,7.843093129262215,8.407191959420278,8.358837518580916,6.353072602384177,-1.587124638028232,7.876203377924785,-1.052018603127184,-5.451106480349086,-7.203860948936340,-6.926730663471257,-2.058489168310473,-0.123792688592761,-3.515154100559712,3.187310081869711,-7.123837223158979,3.892792416250785,3.953434545332481,2.723846342502343,5.936429715372292,-2.704153722032383,4.511759314156391,-6.687899421607670,6.005222752617769,-8.394196141899686,3.564995135223430,1.937692989426541,8.560579106113725,-4.915701361687304,4.312280867024125,3.344815758357374,-6.608781002040988,8.018937793357193,-6.935058567597519,0.779674162008224,-3.250742453487390,6.683042709249914,6.455745440928045,4.293935649856683,9.369513423833460,-6.686354250349864,6.416605898321585,-5.895337554889393,-5.036279568094033,-1.655452138691187,-3.946358894539303,9.897112336368558,7.615222571969205,7.929698686078869,-3.180678939173225,-9.796528929402752,1.607888684038102,6.755955691770218,-7.727355533705014,-6.039344564540274,5.242981666683441,-8.788792355828365,5.160947381870820,-7.013758022446401,-5.602252863790258,4.129127632340680,-3.186183177555253,-2.604577174187916,-0.799816035284067,-0.483269579369722,0.050501881689664,5.123915664021988,2.848878270642494,1.427023515671568,-6.178349935285564,1.261428102736218,6.653352269969588,-4.711821462612312,5.194049579665663,-1.797174253073718,-9.415066154791191,9.331940936187220,-2.510162197519108,7.827039384147952,-5.377724879921706,2.270574186089982,6.955601913944346,-8.362869560780322,3.137004494245110,7.079828264981032,3.467666207758322,-2.465030179580719,-0.771944469326352,-5.464836575872082,4.681552313517454,-7.545751413016751,-9.062574865385130,4.743104401322171,-0.127484609111484,-4.963000445663281,-5.761886241038128,4.656885037258105,1.086996719018305,6.912862472157354,6.645876839467082,3.441871307474020,-3.861282533718882,6.208125132357669,6.236513521860747,6.472988072244952,7.373794971613449,-5.015133970182606,-5.272170370707738,7.749389001867286,-1.410593770784489,-5.042864572768218,4.482113337683803,1.545275834475813,-4.147707635904814,8.647145639150033,6.727167112489170,9.100527185957372,-9.054642436496270,0.970616590933108,4.916427661970562,-1.614403051354046,-3.354545041040531,1.237970303493833
1.798431416990493,-3.299806146567557,1.393029448087226,1.060130782453591,1.602745862381456,3.241510539908127,-8.215652445072852,-5.623518659744913,-9.933060648579112,0.501191390932245,7.388893696703160,-9.466581259988203,-6.266516315142756,3.514960718929856,1.506927341307518,2.354961351277725,9.506626688509748,-0.738882973034137,6.502555571521388,0.694035851199029,-3.944082922486485,3.557571432861796,1.113312599708024,3.114857318906171,5.485599313941814,5.852572351436436,9.300116972789475,5.448308179819588,6.560592201694163,0.227592122815034,7.242828613609312,5.802527024327333,-3.242687125814074,-9.353028543380464,-4.993684662720224,8.021994833629631,-1.598073377760578,-3.533994944481444,-8.838491346003103,6.519207831202582,-0.749218645458619,8.373440596669319,8.950680715889586,-8.324287087812525,6.856189890739319,-4.295709643454504,-1.138610374914585,-0.837421268280190,-9.430220236534300,-8.013332803194071,-2.541580163021155,2.932409284425274,3.567285468017058,-5.402458818684057,8.903333026286102,-1.753808452811704,7.925446136666604,6.568824086846313,6.680786390153287,0.914686704132562,-6.408432851651707,-5.230447900937825,7.950955325071703,-5.940473390725267,5.032655936447458,1.713759729165421,-0.823553678039314,7.031521967757154,4.638044367335805,6.126717041313107,-5.465202174547632,-8.609013684453457,-5.847292899088710,-6.718290929856730,0.286503779660702,5.118154974946307,-0.435855044117794,6.934897386257539,-6.863087140000710,-0.866990693838755,4.593642202975193,2.790837810605888,5.604431039179513,2.267368287043459,-2.669904909899826,-3.866849090420594,5.322701217613101,-0.346005117268287,-4.401990027788043,-5.545327853818083,-8.566912418249332,7.915298791789034,-3.781526140209781,1.904925650699006,4.241058450493856,-9.076086465650988,-9.184696928162507,6.272465070718582,-7.725509699697788,-7.954130245528881,1.953317998938086,1.888214721125205,7.507481645889420,-4.419832595227433,0.966622481503494,2.386616474794218,-2.154239099173481,-3.653383939649341,8.597949195833678,0.095768290070657,2.333739296063527,0.449832997769626,2.168608028247254,7.724266653974162,-1.275654025486590,5.684448565769751,4.007648487203095,3.429862963980497,-9.109767532991961,-8.821515496175651,2.762978227257920,-0.132369133476393,4.513665876005692,0.749634002040407,-7.680261768238448,8.015670360551859,-4.647315461286105,2.497811211461546,-0.603264987384682,6.344235365426542,-5.286790392771814,7.799992191444641,-7.164500023745656,-8.646058830963410,-0.358000394174390,-9.321745066053630,1.973357023889420,-9.176767326130353,6.862764812043665,1.563570461592221,4.304041760287378,6.071544269209198,7.871618584114998,-3.148091585539912,1.288961318792605,-3.531627644737103,-1.992094372717656,-8.732111297990095,0.447233432999372,9.871275591998099
-9.750731693257178,1.924789007461801,5.171557394968877,0.350227763521385,2.696687107027003,5.546203139538033,2.590319859841966,2.612164825432025,-4.840687823404870,0.575375384649323,-3.979493593162524,9.799065960182489,-6.644741793069384,1.302151150240199,-0.838565973065226,1.715340918647383,8.938589004957230,-9.117092131054052,-4.417736284360481,-2.805034690001649,-1.224685230441846,8.451628435152791,7.390699844594220,7.236392365414442,-3.447677194716777,0.193303181606650,-6.641840830715225,-4.338897202020209,3.492675608398708,-7.606737391237292,0.293875517791820,3.732421188455628,-6.790006012655634,-6.723250069010998,-9.897318036536246,-3.147904136577719,4.317005908030417,7.274957258607124,1.680299700673009,-4.655398984612525,2.889834277162164,0.498561900065670,-1.443021183238024,6.432830143308152,9.413311387546091,-2.682226100816734,9.116238855096555,3.064785291433015,-8.632365102943433,-2.641856781174146,-7.794146962363413,0.681051581959977,-1.499424554326932,-6.983446664758446,-1.464759940462850,5.839664807648084,8.704998412292507,2.623307614763409,2.378268315506574,2.909639660760293,-9.645672842356184,1.847515505808111,-0.995997980218569,5.205494230944012,-9.827304158460080,-1.546985489435430,-3.325117045764225,4.411226246795636,7.311190620111496,-5.923703181485775,-0.821226421915483,-9.782371432099184,3.364613579623157,9.531941659559813,1.739372323414711,-9.648863257657201,-7.599786275040302,-9.969262982226004,8.798059668612556,4.734090645314989,-1.546718769325896,-9.935696692802299,-2.823990589876431,0.301572172285629,8.635764742367840,6.689673198364602,6.585870183451146,7.790683563600311,-7.296344871855263,7.051427995364076,1.382162941005344,-0.947619188580514,-5.170141127117766,-4.854621279989423,-9.616182836473721,-1.506383548554744,9.382271834010613,-1.602457713039918,-8.217718383442412,7.565951797457334,9.732157264606546,-9.362585711216159,-9.179165222798568,-5.802932220623984,3.663767496606091,1.478952746511888,1.432917440265244,5.024719691926446,0.430536456372582,-0.184566364138437,7.488857587677330,-0.069690816764538,6.674898474392524,4.836466268043898,-4.645361125693057,7.039622277025515,-2.007578953079965,-2.277749657055712,-5.635072030614399,2.962076503633694,-6.099016166748024,-0.428794466150498,0.567245304993119,-0.998563136451544,-9.138648314040003,7.818835725894559,-7.315851929492750,-0.967971326730503,-3.917709311856497,-9.861895168136009,-3.162237295408623,3.190033641799443,-9.465589816506714,4.800137140334787,8.338340213229237,-1.874384744461659,-1.270698411836236,3.743558898423320,0.398138119567061,-4.514318609292611,-2.641970639950459,-8.649700016340949,9.090530200226567,9.477857347608552,3.663089159252959,0.179991994880890,2.999159344570536,4.516198779055943,4.281260296026444,-0.013076989235017
-6.817216122230800,3.835758655226797,5.190098110039020,-0.845914843328881,3.152036031581108,-1.589863627259254,-7.642059889290740,-9.136527869512188,0.912599005722477,-2.795070173830747,-4.356867996240783,-0.376038938367431,4.013651329357579,7.627559261308740,0.351651819397611,4.706988119165631,6.172682845628842,-9.231133056827783,-8.532798771158586,-6.626640567967361,7.209570821386304,-1.852844608406915,0.340794428601969,5.963523559749650,-8.344007675883544,5.100795986159346,9.814861641187456,5.111843909112856,6.532705469910837,1.056380460672276,-0.237572238802350,3.142799481139493,9.915154675151388,-3.485085731482613,6.174727379857188,7.892732931424963,7.028019641255689,-8.676859659266540,-0.971362643519253,-6.826460752683474,2.674617955652284,6.456223590600509,-2.537901676309168,1.528157235951644,9.681124133460067,-8.224853408371304,7.814466896285623,-5.322336276504198,-7.201371929889722,9.433734210158043,6.510710174694179,8.281592397135981,-7.137786177329790,-5.389131046278289,-1.574795875091846,9.273945555955667,9.532561284766807,3.699343029603465,-3.791380577362055,6.637283352755464,-5.456920878833353,-8.093263656993376,-6.109793909096233,5.033980332921175,2.905692410870929,-0.127206394763743,9.789712770787993,2.556064917340803,3.731474799988913,-2.810749171656990,8.816758789562904,-8.333223134853505,8.338597062469464,-7.005799683146082,-2.739548574892099,3.806768863186882,-4.125475491970181,5.871983031802863,5.684336649772808,-1.042491391753099,-0.859128908144839,-6.133299985814189,8.758440520861011,-4.722836960220635,2.654970149052126,8.742834975084040,5.334334633520246,3.103029459426798,-3.309401441030082,3.449105632923199,3.866353490584842,-6.780115650795531,1.333541708027656,-6.196424473157050,6.015723033555055,-4.862083324734360,5.218162567316361,9.218305846037275,-7.892282663698942,7.933931376384940,-0.164719828923072,0.433429301540333,-9.898506457523453,-9.523725253882700,3.064692386934000,8.598403135256014,-6.794930512798894,-1.171094774324251,-0.575530102165695,-6.463354661035754,7.587957502693257,-3.210145285181425,8.512107810065718,3.162396253324850,-9.669470303623832,0.028583772663671,-2.858091139092622,-9.503579846284698,-2.000800130807942,0.433604575680388,-3.730159320038329,-7.180436456544081,6.427624339941890,0.709514664427145,-6.144822673919325,7.177159827165234,-6.670863142285778,-0.833927497001607,-9.771352384349058,-5.417914615324390,9.142758736358822,9.384801724459365,7.897733052754145,-8.774882974251987,6.076556586739901,-0.451869074668759,-9.235951076942611,3.927305400014916,-0.717287699234410,4.626849233261163,-2.665597154064578,-6.075847656727891,3.737387031269947,2.962245702226676,4.801767929656290,-7.351440043326399,6.624022065109529,-1.956929193204415,-1.198799376036989,-9.109673940084843
3.463011287313835,-1.184849825037073,-2.599931029793905,-1.323722590057343,-9.480716289688152,-5.458941066053596,-9.879148624002720,1.062734795204863,3.878689756771898,-8.863214518199333,3.740116146213220,-0.475864428310791,9.524071515766540,-8.355054562982929,0.808320967591577,9.834472788925591,-8.012520235748665,-6.559827160928400,7.291506759994061,3.225747218227319,-4.910780791617646,2.032993541487649,-8.643309511317188,7.728847740625373,-0.202878720456688,0.210709489367972,1.058891437694067,0.865913958372719,9.739269078480884,4.532948619030218,-3.215839632658284,8.122173713075053,8.917160705504539,7.487945708847025,-2.156467725351559,-7.286308686554602,-5.923651200234756,-0.429900018465181,6.328692706532809,5.923377563205856,8.276367890861454,-8.251920110687021,-0.113590210587793,-8.512310110435152,-6.757989269299691,-7.019138027879819,-4.460731890478935,-8.813923282365451,-9.815402450494437,-9.983520151894558,-4.150183995494698,2.578667830955455,-8.574200427652540,-2.914757131093029,5.351089394753270,-7.415789625666049,7.673124664219849,3.401170138393269,-4.728163255166795,-3.770916914489886,-4.061285189570971,-4.747371603294037,-1.847149809827561,3.997798250965062,1.536787028832245,-9.016937926152016,6.769171924852074,0.678886897486382,-6.055079090625590,-1.314625819161016,-7.263370135054810,4.391302522229395,7.338189211308514,9.017189626939384,3.777109876818157,5.026294577926013,-8.916195950698768,-1.366193063946678,1.242711912189019,4.868066110342333,-2.481273955674077,-0.883644236151547,-8.153273058304535,7.989759937379372,7.279415242072339,0.202365394629361,-9.174360118964575,-0.548514191297674,1.188732525659464,-3.533628587642800,-6.871849211515397,-7.302702902062334,8.373817279066859,-4.309508961958690,9.445117400509410,6.357951467733802,3.300484691548968,-5.598045669750508,4.667192688513120,-7.451281615022387,-7.495338267600584,1.166948116045681,-8.491733585019078,-3.275316849048315,-2.509439359240819,8.686224442162025,4.562950487257973,-7.933343909994868,1.674888880672221,-1.148992094740676,-4.964808604868256,-8.999533592790565,9.617276604597439,8.413006985759797,-0.805143449455157,-8.025415981355613,5.663671459306512,3.868230988452748,1.020533007397413,-5.363696795973445,-0.119749556930763,3.766093848957885,-5.084222782102530,-4.093252630681253,-9.342649833836973,2.461632544213357,5.700685809488544,-9.445708448276237,4.569005372319662,5.752718283310319,-8.217187710948204,-5.441392118898507,7.041973191673513,-6.209947179330364,-8.050950107087196,-4.766981655458382,-4.908106952575846,6.950523032813511,4.419456551104556,-4.352694035329813,-2.853734302754429,-9.205538269548780,0.996940850003245,4.171037738969064,-4.138910952048667,-3.964864108286199,3.077446132931561,4.721291610827517,-8.124884786102854,-6.573087937786557
8.377413956351397,-5.811810215594939,3.961627342829798,-2.745272268599052,-7.159471905024914,-1.783337726497559,-4.067625717439498,-0.696174361233503,-6.702201671490848,8.780095159936099,-9.486765858307983,7.407516388509563,7.129557618917815,-4.666415762957429,-2.748549920617458,9.517990498263497,-9.744305348507829,7.433623384774979,-2.255312909030245,-2.836431396465978,3.323822142060049,-2.828206303583675,-7.333044424878530,5.539375818104453,-3.311479592620206,-5.652944878081730,8.651585370257628,-7.159089056923527,1.135014476154554,-5.293973378281638,-5.790392137770699,3.713067706990401,7.335859793267122,8.410519039548191,-5.167874755859916,6.738682669622136,-8.310143626135876,-8.396921353829471,9.074758830987406,3.124068934680261,6.435060716673071,-2.198059466655609,0.929170347496379,9.456697691340558,1.899748891485796,1.208343116217227,1.943737725998780,-2.478150032226266,-1.677457265363266,-4.661540679968912,5.101662591684832,7.365158765470849,-9.567559374502981,-9.164229571316813,-5.648936293275186,6.848773987630540,1.766457050689960,0.817576019210943,5.608928133770581,1.633229680723886,-2.356463439577055,5.628484064860270,-8.781930875415959,3.571523988661298,8.742281026526392,-8.358689967773492,8.140537371203809,7.528290625552344,-8.568004591244181,-5.454165892987737,-5.918061833240531,3.850304943432965,0.917621038766192,-5.441054807824202,9.064955322734551,9.456772741341901,5.274529985837455,7.142120872341955,4.045038392495517,-2.306820705497429,0.774513925723145,-5.411242740740381,-4.126057361381243,-2.710149673473470,-7.730102066257183,3.015064133517395,3.446578026761870,-5.936697609602415,-0.553799174768336,-1.118611332319047,-4.634161803205396,0.802385895142715,-8.137305612635439,-0.863821987462716,4.463532773756080,0.317657116474168,6.625913581773663,-2.882931599918845,-9.778577560678485,-9.547376729829413,-5.868976054627644,6.931545792277912,4.781166270539652,3.909155997971778,7.191754169132423,5.811728542377308,-5.572721062355896,-2.841690709054583,5.124640822157707,-2.331265892489849,2.005643688481186,-2.753977433570098,8.687470607492635,9.123068445949293,8.352135400387759,5.460724270915438,8.862300857482111,-9.257289597140847,-0.887516421261580,-0.881359430683592,8.781053635793079,5.867269347104605,5.041170644875448,-1.780354859003923,-6.895126253824988,-3.570846564151163,0.487803188376589,-1.172943305329170,-2.047522163126509,5.939664476367257,-6.466661176443291,-2.851815802673634,-3.567567028372391,-8.302841823039259,3.167936410973958,-6.183757387235018,-0.307906275672272,-5.962753079713304,4.371881173038581,8.399570942705925,-9.639741258751238,-5.023641606395374,7.128027338596642,-6.803136974337701,0.921408604619451,0.925832604271514,9.039789519017710,-8.514490123034911,-2.724411454943412,6.855159694301712
5.412179235855470,4.066715669936269,0.263219002686785,-4.194343509966176,7.312844853243245,7.981426486366928,2.416017576573699,-3.939132696312535,6.985594732779511,7.066569839425572,1.651958816025624,4.544227531967191,4.581062146741882,-2.181814900648367,3.238315216052321,1.174124992257447,-7.667357391261000,4.435731954974749,-8.493519339982372,-7.610051136993370,0.062057044790105,-1.538115576255381,-5.483771377773936,-7.813539885605481,-8.754570743168866,1.450107158836092,-5.794808147801909,6.124911246990251,5.713859083476303,6.775843256367306,1.251341864820832,3.786232705708228,2.820365733278912,5.125919681901207,-8.204581248888072,5.819928519179104,8.182819944848205,-1.933488533725573,5.713145238471473,-5.910050737903920,5.357802567308143,5.523110044752944,-8.104227844577514,-6.500129269637151,-0.291422010217147,7.882066591247213,-3.678771866111203,-4.568258989702867,9.061019209449359,-6.971053708255033,-4.507841271506789,-5.617085305314045,8.702806077425524,4.969097822033412,-1.150787250679524,-7.334086392740033,-1.798133151827958,7.641926639166101,7.805375204858219,7.699844827003911,-9.634750511031442,7.893623003838417,-3.625625565115438,9.087052404973083,4.723823126026055,-3.578354059294650,-1.616793724691723,9.738446975461795,8.624193382182312,-9.714527196931368,8.178201391835344,8.817178499574101,-2.478409692303288,-4.144249547805070,-6.078808185900504,4.477968596802317,3.042843977686552,-1.018178961211724,-9.845496633403499,-0.923792223912832,-0.466218876364337,3.617301747201411,0.146778262381639,2.374577508077476,8.774450484933279,6.512544311491190,-1.829489531112769,2.031879126818644,8.758780075812435,-1.844937377715389,5.229679399288116,-7.341885571583287,5.221634469496824,-6.327782098182637,1.317876696896512,-6.915660241569337,-4.364456337265914,2.374003640184172,1.955266295600786,0.100842328732302,2.486284599251956,6.299161074169980,-4.893410384266767,-8.933634535351572,3.558426511365312,-5.300869619043422,-2.358653801423776,4.991253063361853,-3.045364141673554,-9.641729468980030,-8.570468778554162,-1.172139586641165,-4.356186529429551,-5.578275849332930,-4.584342023063348,-9.679402915435308,-7.402773206382125,9.992475069292034,-1.446965310589077,-5.189523834055172,-1.401209052974533,-0.335403513022843,-0.666574144675014,8.378743823719912,3.689579064646789,4.581483983986068,-6.880581246379290,-0.222995403496910,7.142785377110570,7.688807480109592,-3.300706234966631,-2.781022761521850,-7.861128137018991,6.077502472578630,-6.256532753364887,2.833112531672743,6.144650637891655,-4.398097520101654,2.841080251149862,-9.591158480208886,-6.765735975386549,-2.690126437614864,-8.207806229673778,-8.244181821058135,9.696537834879390,-9.169570600105166,1.565281837146919,2.170905961466696,-4.740995973429836,-8.197489302567984
3.767601677349754,0.580018829179160,2.334758464436513,2.619819678048380,-6.644517805981229,-6.081566307061717,0.031855159231258,-4.677708104171206,4.659272714541363,-3.541803840804922,-6.370899177512658,4.884299858441141,-1.906693630516452,1.494987644204160,-4.184186944720334,7.855615589515025,-1.513565329699446,-3.487209094060752,-4.925575270649148,-5.906273260980393,-5.778469900094239,-6.701186965506938,-3.057626788646035,-9.845980256210872,-3.233897175328919,0.104169435237099,-7.740790874657558,-5.842208978605356,-5.290549645927745,2.174111198451429,9.076021426013273,-9.847382249161507,-2.545583955371176,6.796311091378364,-0.460458152774596,1.020891993564250,4.659247439301238,3.672120623738346,9.019048367605848,-9.229319774270930,-1.781198607234824,3.588246094716197,-0.026030553343510,-7.371636606174259,2.488834861226628,9.153244235156485,0.484390982013183,6.811179886077184,6.591894116447047,4.254356299652837,-2.427623406383446,7.831036152361868,7.942518895952574,-9.908831233893750,9.242807939285445,-9.787897616863916,5.221712542854460,-4.122072383312676,-2.207323053646013,-0.073979364772153,0.929993558233736,3.591045141180532,3.680182597574749,4.627190075925595,2.301410153283804,5.143802578422758,8.112709267392763,-6.001366974499702,3.512058674748406,-6.607147906811875,-3.580394416114063,1.210071793411716,-1.106365963251740,0.495378931990775,-5.931706975467868,-8.447083184161210,-1.582062479335164,1.030227959803131,-0.624592596016234,-9.229771938971874,8.680986700792943,8.930197306320288,3.699876667732378,-2.502638859311137,-3.150015615937547,4.529415458533677,3.850530376305201,0.369403487788203,6.605003556841773,5.779428487187817,-2.027351670785420,9.621658328139304,3.713582642452383,-7.413330897234869,-8.294055138975542,0.182949093325931,8.785553904966633,9.647216937328324,-7.192415672019958,6.666345908497185,-9.966409186568288,-9.125586817641679,1.335785529230478,-8.511236419944995,-0.265754913825440,-3.021477265287356,-1.656060482486108,-6.077063919965136,-5.306355956067557,4.456155657533657,7.618658192087590,0.465515160069563,3.148409790175997,8.675210477641357,8.204297544251872,9.492401884833281,-4.423215615452499,-9.827393910633248,-4.021167126378382,-5.976646725528343,-7.600322479622039,-6.743247275236584,1.824809690266489,5.782187442656301,9.228670826553650,-4.834223062931738,0.661091281389885,5.890064581645689,-4.116389342106384,-0.859325984260746,4.564135633218489,-5.330177734442183,8.770721410334211,-6.657183763474446,5.734934251720778,6.096875196757480,-5.706752459872773,-8.242030816384373,9.693413607706468,-3.111882513385138,9.776020361370303,-6.597823841946675,7.084034600672648,1.577266071797466,3.964895933330805,7.556106728829853,-6.428827424516584,8.717571627746032,-1.629453000167127,7.518432507647731
7.083036988704780,-7.355067254266179,2.671684269154603,-7.658843943682781,-4.298201769247783,5.166678411588926,4.328773506527055,9.895403963185768,0.692743243764568,2.969529085952626,8.881372067576599,-6.573168046227817,1.838796136062157,-5.179393088344771,-6.586727062943640,3.119932210173326,-5.108832118695259,-7.457538007472564,-1.786737725058160,1.244268906330372,-0.672537639770583,9.339621226163434,9.702048583766278,-1.508204409401513,2.950809639498546,8.577468332737602,-1.542888624998966,-6.623911503486600,-8.437597542780100,7.548044845208530,2.132778624243334,-8.231116621234641,5.418766193329500,1.264791931425597,9.212542075592008,-5.069463204241121,1.598691181729130,3.608889410449938,-3.789437564510632,-0.500461535528540,6.850608197008981,-6.542087255750502,-8.737256081403972,-3.807884446558085,4.331870137511533,-1.011746447503466,6.123937966718159,-2.517977569957448,1.991614432014636,-9.354739782743717,-6.830106703804663,6.173691252240936,2.628146324222572,-3.407981254651247,5.569769484533332,-8.131657368747167,-1.962850211223131,-2.023826685532024,-2.429520828920058,-8.561812144084060,-5.643771046324391,-6.134444501150387,-4.986703678751649,-7.009659788965761,-0.792133843668395,5.080222212736203,-1.231964371367628,-8.601419831828757,6.965535855092565,6.137119461429318,-3.954312286906017,6.739949895773854,6.843526923920280,-3.573757579364423,1.849669011446537,3.145831566613072,-4.798193431766975,-8.293504704876991,-3.824077261206160,-2.950088450929931,7.249229481397915,-5.578518384010087,6.771639375737895,-9.832797653310108,5.827262050732410,3.622838691937107,-2.672778271316592,-2.203301919750906,-5.145283487082432,-1.541088247854070,-8.678019708533098,-0.763496388273488,-7.374444008365460,-4.141884675851415,4.409476492352933,-4.916020450620698,-3.874990487278178,-8.865469784112230,7.058070863492564,-7.010556127937344,3.977912985626029,-3.429289455646947,3.474704122348012,-5.788215150361442,-0.082496676847583,2.326062922557110,3.121362767180402,-9.356873019393049,-0.067508772426432,1.717026344747353,-3.661377298959641,8.270193920694908,-4.530110969985341,4.666967271739793,-2.783243158875843,-1.313335855396026,-6.797737813642966,-1.874486733332944,-0.356466963114004,9.161634026109059,-0.674799489240998,-4.522313077985936,-5.268909792081939,-4.471166112994862,-8.690097333606992,-6.465637302815570,1.046719245213954,6.655217893822826,-0.956164565919380,7.160395471646755,3.270052267487255,-2.428156038777056,-7.185629259341577,-8.614989513630826,7.126212959834518,5.197094524084079,-3.329468012160777,-8.920613695055961,1.496391832268998,7.409018446594953,-6.783951993295307,0.537754251988362,3.048685288944800,1.816566703723485,-3.538108709444099,-5.880999722235152,-8.603826074399192,0.729741240464083,0.847593472246013,4.603377934589757
-6.522070841577728,-1.279566996663013,-4.392417356501658,6.457258883541851,-9.980074622002675,3.496534723041369,-8.102214616541461,2.166355196256198,-0.293352926923941,6.246950642635756,-7.301076804922360,3.194597240087164,0.317074665067622,8.308818703362483,4.729842460829463,7.709781780558462,9.315168325377048,6.236603254418075,-0.210321561836292,-5.371917895181642,-0.166697989686318,-2.101027117359344,9.595017145766768,9.976889059532525,-4.964443076833598,-4.342056246976737,4.622815925437996,7.403050812020652,-1.038505624190663,0.675690534879044,6.850720610589139,7.035680388992517,7.061052041559140,4.127340074937816,-1.957375316205583,3.681491704687952,9.438246297479566,-2.028804278715521,-7.436914314529623,9.699047276188843,6.401644165640811,3.946450337646244,-6.017705172445799,-7.041270683433916,8.064737539964643,-9.280885650847431,-4.361985009028569,9.556756073015652,-1.790646266245473,-1.328887028639125,6.664602460249128,9.309180058675338,0.363433764448871,-9.688972985888125,-8.861893427551756,0.415886229316625,3.323659640428097,1.260221642525076,8.584576514462860,8.638451783702358,2.761759449444856,-8.859554047689461,2.793126569814966,2.948510407672080,9.838253153135945,-6.507523758034837,2.862828669481649,4.495868660011501,-0.292111242081141,3.836948668715142,9.585738354690537,9.493082800086270,-8.823248280674170,-7.007268383869382,7.578927314046851,5.067592506273467,9.767249283374074,-0.119490907349146,4.798621927649176,3.613542229098668,4.743185079907764,-4.892124830920150,-7.173569747270784,-9.592064408998723,7.614070655452593,0.449971859205867,-0.026203243327156,-0.762719155263966,-3.492583155721278,4.740512002707399,-1.918403495168876,0.352167804587740,-8.674580054151789,1.471303288160959,-8.913256491077163,2.524482235442449,-6.020765646213208,-4.427451143812402,7.858857551700385,-5.378833173521286,-6.575317732789461,6.074768867245918,5.412946763720633,4.030186900111785,3.548573222242792,3.064390627707397,-6.489613030037116,-3.536884043674045,-3.788558805031093,-7.716780159222680,1.526678925769840,-0.813054629622744,-5.931613082789557,-9.570961866685506,3.553268822663059,-0.778983222355672,-6.850801134748257,1.138923698746201,-9.165849612642397,9.338999673569958,3.373787419827083,6.938113776637877,-9.812400749352417,-4.634476195410140,7.556810565613631,4.698637847490572,4.858523603407336,-9.004311009124606,0.219972130433820,6.451950068474915,6.167925909394882,2.407620586550179,-1.743438667610169,-8.906872960146657,-7.685265102305507,8.933888999390334,-7.704122578700703,-4.216553751471361,9.642832921811358,9.028809371643952,3.997946869216609,-5.671998551605433,-1.244501614799278,-6.514232448507327,9.790456407357034,3.148196448120322,-6.083386940132113,4.801912824219180,3.660953299972711,-9.623601941983191
8.931320220507217,3.786342809427355,1.860996361575221,-6.171247687320609,-3.084479564038796,-8.673714892380817,-8.985826493421056,3.860995135002605,1.137434275826475,9.333895096332490,9.009655524916933,-8.135646286785940,0.891482487046222,-6.499251209748198,8.682703365244159,0.831014785292634,-3.850711974594068,-9.607134179896470,-7.546677375122735,-7.797517016999141,-6.810305428400795,8.608583201135488,3.095596961571713,-5.240476436785785,-2.744792379842655,-0.984517288433560,-9.742913836112519,7.164815003799742,-1.922128164746123,-7.047886101140066,3.002412914406843,6.882496536246883,3.025035911894873,-8.074427795319306,-7.162080243583109,3.010383236767826,-9.968638303929890,-1.045769425405886,3.070471543222888,0.004542115698580,1.589113301310800,-0.140579452335514,-5.578709863851143,0.001784883644099,3.629572535612986,-4.044322564436746,8.907515163716919,-8.694986165445327,1.363323967788215,-1.921798902763472,-4.773207178630705,-4.702299450056375,7.707936377712187,-3.694650798207624,-7.723366578396169,-7.773066576209889,-4.721241080445530,-3.747422075554912,2.226312358077854,-4.906557869575936,0.482214752106643,2.349646557082774,-2.847257744581604,9.094337286798101,0.332752156529994,3.812780331837955,-4.805855338497659,-7.904788256600179,1.587825224457685,-8.608766948648391,2.488228388463188,-2.125137327355282,-4.714087506719244,5.772981587625182,7.966323980510822,6.036660031293653,2.522713108219698,-7.533224094007509,7.207263482308154,-0.078014168943188,-4.827463447258182,-8.508302204844732,7.447131950764764,-0.279382474983784,-3.673884864317342,6.899489167455936,-3.447302550664990,-3.233106592602899,-3.083726223318664,6.215276675697449,3.301690176072329,-5.078694347552430,7.264615638568280,-5.855757407081448,3.082132400388955,6.504324110020576,7.270806884841921,1.093830790881576,-4.598537565877705,-1.745768533828553,4.828410111356689,-8.477137225328011,-2.202356748141058,8.038414415614387,6.494481829255790,0.971299201901392,4.828581098416524,-3.493855079518511,-6.531448691032740,-7.901990877260214,-3.016414013261286,9.423460333166386,-9.273666631307140,-2.887268760886538,-7.162366685924358,4.433240286195609,-3.986453798723451,9.952985300613406,-9.961853485843669,2.984381715977706,-7.909500980324702,-2.119480030823766,3.523712339566249,7.645118129838210,9.115765263573227,3.832738579570865,1.495202985542953,-3.128221840625813,8.165988939073035,0.592647481860435,4.548513887559928,6.981523651337653,-9.405179343792046,1.843777901885783,0.625527504489309,3.409682192301510,5.172488621537997,-8.111027355013078,6.419526893871669,-9.912161915662114,4.469498029174279,5.934682712888812,9.010231468581289,-3.043915944899876,3.018033277216949,6.092149472671277,-7.194114212166067,2.867058292379003,3.897891950026871,-6.545781205164525
6.133484883239827,-9.637797801917580,0.606315231560441,3.557070995261471,7.591401881189729,-5.774204224569295,8.520114752363163,4.660193930856682,1.175900942954421,-7.215011110615612,5.398206611929359,-3.427176880538174,6.719693990697237,0.692477340299916,-0.714463813831854,-6.201034686210942,0.063687877491038,8.799905058115495,1.054076208684982,-2.005722435300095,-3.526849229201392,6.134731442744950,-5.621389176538245,-7.792944252835607,6.423706712756236,-5.843528359041532,-8.198458552134703,-1.735773925735398,-4.383236611607400,-4.036459652909183,9.013012610515688,4.887881222540633,3.984273158969380,5.033522211950922,8.071083614118947,-0.944383218366818,-6.826465568076330,-4.607417498387935,8.629376388999095,7.590937430441173,-2.577959521324340,1.596274327637051,4.188468713573847,5.508769485287175,-5.941224435401735,-9.884833296195847,-5.672120462979295,6.186488255615664,-3.786023251675483,-5.031552249133369,8.081926006771553,6.005646950766540,-5.038747724879307,-2.453359549585543,4.420407624421198,-5.092820985691109,-6.036055628830916,-6.936041718655746,-6.595077991730102,0.020137779077892,-3.866922996798190,3.133239479508472,-7.944901870344045,2.863850763816554,-4.191958304838548,7.617431987922487,6.280968094297471,-1.507852230315157,2.807645950270652,9.524063875321325,8.231241777769689,-6.070670234824782,6.654101533471326,8.836784188310279,-0.988882550667718,-4.108959648310693,8.265588857593585,-4.850162140554925,-9.195134823969894,6.953624642389062,0.770969085988231,5.808714201098153,2.523155530919732,1.349523320809725,-5.497799209016958,1.041170895117794,-0.710220980865250,-1.889522595596487,2.269133484614979,7.676166738176835,-9.813714297499441,0.820308867213813,2.699090137649389,4.016556774390342,8.969694705678219,5.053420330454761,5.993265170132782,5.017305060825713,-0.151365486032756,-9.153241445140097,-2.278239036647705,4.622626965495648,7.599408898057341,9.795602930431933,-0.604061810059179,8.206515614017054,-6.132754989166125,3.336508345232625,5.677301118755221,-0.825848761777641,-2.605684664182677,8.024960294757765,6.253723868997415,-8.827012323219769,7.558978945182766,7.704381089628093,-3.603672034293295,5.067202438139681,-4.067062716519303,6.803809469408431,2.681363862141721,-9.504723735640944,-5.267176097434144,2.467719950629606,1.287360244242489,9.020645597809182,0.452217557010320,0.716043911352347,-3.326564236586680,6.104897849622887,-3.995623268280246,-5.179040345016983,9.432805041993625,4.527557559593134,4.987793344040050,6.843443014437277,-5.671078030562189,9.087335023459808,-3.044888026561622,-9.424350233406162,4.143431342829070,-9.685845483618557,7.178681620325417,7.839539417385208,-1.705576954338087,-0.536430765878153,1.583380894659236,-6.716091487969116,3.115380140590030,6.468313877709232
-3.892921637465189,9.294296420853829,-5.800441203860114,0.077374417672935,6.049597460853043,7.284991797811205,-1.456321148130904,9.856032098869736,7.355731323035105,5.144533354290278,-3.354131942539748,-1.170142485468549,3.077194251936902,-2.262143655983864,7.875642158025631,0.899468513045068,8.805057928674611,-1.181029463032688,4.808951604799107,-9.415415441938066,-4.895051563501376,-8.051723931061828,1.863648117964766,-4.840165181230807,6.004394381500532,-5.565599469559142,3.893474152599383,3.382606155014226,1.814769256474118,-1.342887835749147,-3.743907849071666,0.932892029747387,-6.187480401957384,-5.197530050930683,-5.194442028207269,-8.091068731553811,5.726596570088063,9.170540345501564,-4.486168339250649,-4.507272582096828,0.081499234361138,2.343274200782879,2.901796480524803,3.585769361030344,-1.112109562251444,2.579954280916230,6.188057694089416,6.732504717864973,2.542565248299098,5.376159048027107,-8.890683358004415,6.497244023201119,1.009304821551943,4.654036915988950,-6.076363396306630,-0.883444917919983,-7.453384054791979,4.992042968385192,-4.254939549342131,-7.722955487114418,9.062891599497050,-1.009630348652832,-2.983033296910376,-8.284518934266401,-3.746892780412407,-0.293246606375710,8.508669324600636,0.705830471195290,6.413243695228740,2.780701543951963,-0.379218626990847,0.342626218498967,-7.497647762870201,5.912156152164494,2.664019387627674,-9.128619161504279,6.664844911622254,2.955836611829580,8.726389367468272,2.279616525348549,-7.941150414116834,3.665435957257188,-3.461487324322361,5.277307457018930,-7.187478960950808,-3.962033098415758,-0.136574417699793,0.838345295119368,-7.371082393868496,1.986578275558726,-2.048480504233576,4.809512688220112,-8.050721004591079,-9.541404393453002,-0.737494139721422,2.030819322344568,-6.374339244346832,-2.976683660475277,7.578539022237326,5.844235723314293,7.799535918513417,-6.414182203942245,-1.746540225269166,8.466768432541084,-8.240911223792466,-8.457018924893937,-9.986983242774741,-0.664192510108768,-4.021769270308376,0.940112851398908,-3.196064478234586,3.895003590388644,-7.606675244239827,5.866558088828027,6.685349843241227,0.762099919008307,-7.095449859190790,2.018999556026602,0.709053127293561,6.727552772797022,-1.671238392765330,-2.827180009696040,-3.106498766722692,0.899068559800433,-0.366291512598597,-0.323081080787047,0.785894804940066,8.070665727390910,-8.209244757910735,4.821392354413284,-0.368798216980535,-5.703880321508448,5.791459613059720,-0.204213111630624,9.761731327906716,-7.715283904638950,-6.986342272796035,3.235963331017251,1.499327666404751,-1.400773580101118,5.184309015273298,-0.620198300254110,-9.256496971082091,-4.601169646580148,3.737468379082255,-5.577753403367964,2.684197851483399,-9.340111255917311,-3.617420635698840,-8.011507631156896
8.381938686686425,2.962317234255181,6.699136339723172,1.207850496886973,3.418673515822096,-0.228535584426508,-4.629876499226753,7.261313552752824,9.920220185520964,-2.571896784505451,-4.627436262615799,3.740377214765392,-2.245440808103321,3.757861375764247,5.842910433408619,-5.903553469814124,-1.118208028237419,7.979228813922280,-8.095453042151000,3.728661466161579,-6.122583610804546,-1.140943091074792,-1.678119247797284,0.268694860590537,0.333479431456627,-5.799902563108363,-9.239889078917461,-2.200351266808269,5.022274292679697,9.743506737992625,-1.242219104390035,7.716147146119113,8.113562774376337,6.984754784058754,-7.761097569388755,6.715032072597179,6.775739726841881,-3.670397119011851,-5.121599225834322,-7.092236306138853,6.956354289726384,-7.780760469113826,-3.336174896068618,-8.946983520935456,-5.177355455647095,5.794941999195784,-9.006723018368417,-0.582120942124059,7.702026100544757,8.427958464509143,0.303707682128476,6.516563227141631,7.555248694654860,-0.995104966494422,-4.806355975057935,6.322346886308942,3.599891243082622,7.554096098184427,8.537995930676978,-6.425761536816879,-7.474709126848065,2.092665407174499,2.163237270521751,4.356384988516300,8.608492176412913,-9.005650266409670,-0.058657339478616,-3.111438184242745,1.504137470307391,2.870392033065032,9.365580597439966,-1.919500693129431,-2.707570193034659,4.190165625442607,4.180764615321348,8.443629635208623,9.939824404531908,-0.893437018546210,-3.656992727276702,5.813005066463678,3.216872575974932,-5.197120371356569,2.632822257500713,-3.824233815969517,-8.034188294727837,1.858055399706920,-0.615537847632780,-2.351144986808875,-1.844138207869284,-5.713093506636420,7.474064526275139,-9.824466469700999,1.012671559033047,7.873384275515345,2.375352780338563,4.681584581632190,2.883008369061123,-4.713336644141317,-2.579842911903143,1.693360151554113,1.026338905573748,-8.112940181440555,9.638349537528470,0.198115721006292,-3.536842093038210,-5.199989129332323,7.743978558728262,-9.705317112755321,0.410737716392504,3.546029539043587,9.818092740532506,5.862597478862243,-5.380983192055662,2.640327058701979,5.206347471205046,-3.302403054957574,9.519271658499363,-7.718966474326942,-8.874193923369182,-5.434655185304988,-0.523998293156549,-4.395381125877906,8.732871459750317,-9.584467823340647,-6.408974829484215,0.101993393453313,-3.812355536606670,-0.445356497029685,-8.370578786068750,-2.429866467921427,3.048328185874514,-5.898495929719514,-9.315998885014329,-5.194040593189344,-4.113175858522933,1.534221904353037,5.299807022632368,-0.485096697600111,4.179695267537891,-9.140024763814814,-9.816044706069775,6.584182333163156,-2.149545338898609,-3.812787491530518,8.633948745825325,2.032411330681914,-0.054910048205404,5.905415115448534,-3.664594440722436,9.787687626245290
4.952699906761362,7.337276960862884,8.951299081376142,4.164210845967730,6.814878930340381,4.739816368782497,-3.759452478035261,-0.692257829429380,-3.354662474766408,6.137427453645067,2.265151219547448,8.120808967327811,0.053597406185627,1.516358357138117,1.685601027958821,-2.837153269074570,-6.742209427074579,5.444833837036862,8.495290771843180,-2.782579733653463,-0.352629509423547,5.434760885594869,-6.298911582670055,0.807556742922802,-3.240185233509061,-1.682301668366332,7.756249595630397,-2.045725314408551,3.321462776482292,2.482237039579021,-9.266837962256060,-4.289101435991869,1.298589090197433,8.071592626202264,2.129708977315053,1.518896422425547,3.020578241842840,2.147472600163653,-8.575587350259379,-5.386275228613375,-6.880526255881223,4.826968203137641,1.201695731566222,7.199012216946436,9.844865435364191,4.227476404805330,1.556892362492530,4.329284110168608,8.118112953924431,4.608516827076286,6.519843941891917,9.392150562088538,4.040296806594858,1.847580428894261,-6.388791796032553,-6.384156256214770,3.316743898199537,-6.710342361955486,-6.856833936961753,-0.746791039758424,1.614962927178091,0.360841482159419,-0.710845037401079,4.140201178093454,-2.718986858716843,3.579888448136327,-1.378384123323166,2.488923946019014,-3.256293547450266,-5.689523098862885,-9.564075919032442,-6.564064299803151,4.992993015159454,9.633051393690859,-3.152486253304730,-9.320227633429219,-2.387928104533207,-8.732046754559452,-3.494948590494107,7.239353602320996,0.757044657429859,8.486348594293101,8.058420653607470,-6.767493714691575,-9.888318227727911,9.665230140953675,0.832022084694499,5.937340044970249,-1.487753039777903,6.369247562112946,-2.295753642755127,-0.377726682462194,-8.706655677058727,-7.523263257095412,6.648443831514253,0.981074551785388,-8.948956571771710,0.910460322013023,9.654031249640276,-2.457277877672965,-3.479677389764506,9.007195991875079,9.974213002830105,3.512515077192823,3.903323084642466,-2.884078431662878,1.974772474925279,-7.831505015626878,-3.661960756715485,4.613993199091970,-8.865816821515455,-3.253804192880385,8.982240177071073,-0.732051111206696,9.428385815788985,5.615706667561076,4.675278768709672,9.249247938956394,2.132622123590767,-3.513268390516357,1.387394131047268,9.412186542084985,-1.299979928584937,-2.210850715859902,-4.835719311666137,-2.477034699844582,-5.138529176097837,2.495619080616727,-8.897587547709211,6.810233521270085,-9.960661354391831,-8.018813720955391,-5.953188721125913,8.133819498665268,8.218764287452466,1.268192941710486,6.871516028889708,6.932901744351923,4.771840799130088,-7.728422917565732,9.447290637257659,3.279946242912802,5.744610539069178,-8.297346577396951,-3.858251225223144,-7.100437786108253,-3.801376937711645,-4.914116122051984,-1.213025091606912,2.430848640863069
-0.995055553407845,-5.467867848785922,-7.532110532834002,3.125148369186604,-4.661416607917950,6.898017241873355,5.152180097454870,3.242720437584090,8.438888718004407,-9.456919519315532,6.454777569216507,7.393599254063478,-2.706605530985502,-3.500519017715263,1.998832288476413,-4.941368456660591,3.862569609922952,-0.224626631311507,5.025608871466570,6.792687667762070,5.684938249162661,0.702489988440302,-2.118807679672219,7.903765758489016,-7.206120972591020,8.878051710459150,-2.955314434642888,5.905580775098722,-8.861813464302546,2.397268781176706,2.602871114403300,-7.299663938022829,1.935780971199520,-6.767147945770827,4.093118633082572,-1.387785924575658,-3.846406031743673,-3.580408427386105,-7.283885877231184,9.595522159236996,-3.129170039411253,2.510693037051952,8.736100304291988,-4.683973801571664,-9.985379018399181,-5.188689421646786,3.165926415176141,-5.077773191711287,-1.968437300189985,-7.948778754814610,-8.170152147449315,1.280708804730022,9.367891018687217,-3.242761830526304,1.818820796812064,6.494295620280514,1.847486499914160,-1.542005800755611,4.892086162121171,8.209752779290792,-2.247556588958915,5.801299693714601,-5.190734416303544,3.617889678522278,9.001198766478282,-0.881345630139879,-0.370419555868445,-6.645308195025281,-0.681181755281528,4.017976864320570,6.712440195044980,9.740027120042775,-6.239987691896927,8.466671637405167,-1.111838235927626,-1.820143926902771,6.263853718859899,-7.949664153266609,-5.283408416393089,7.727600291703109,9.048736500091156,9.849999987391552,8.205279540258918,-4.464223268518735,-4.049253368968158,0.235925416455910,0.521943430122089,-6.200571925027536,-4.133592927814012,-4.666640306647669,-8.528147327209176,1.148273197616254,-2.836856453981520,5.533316779676474,8.315676299163798,7.428055570599820,-2.400728207890122,-4.660879697750895,-4.091098965065427,-7.275446417168155,-9.400575977903509,0.984078545848497,9.519258011910310,-9.393292890078362,-1.530797071035195,2.590679364310562,3.944802781802004,2.902417137807912,-1.644667486929132,-0.740689322713454,7.579262015487572,-1.953547602016750,-7.592629394539562,2.381698526511293,-1.930047256759011,1.673887396943602,-1.504185903991006,-3.884952021122703,2.974888023366216,-7.113510078815395,1.007262904120088,3.782879246138624,7.653409245934210,7.463289510103664,9.406713459549803,-7.258454267097081,4.236036842709424,-3.290260368189664,9.416940262406253,-1.251106867762688,-7.247841634011323,5.166577508377571,-9.469980191046668,-8.688637613613398,3.741724828742312,-7.941017382453095,1.512965931485217,7.424681722006319,7.000691821895110,-8.877569016650764,8.715534295219786,-9.140729129087878,-2.284233717490396,-6.256235439725573,-0.424611344604248,-8.327873607673713,-0.245872633942174,8.902984928802347,6.945191249232860,9.603242744780459
8.476819833217586,6.438888123363771,9.761806878602673,4.449500919517552,-9.841744901738696,-2.112094375414946,4.085570670264737,-2.556954698047520,-9.806208751090074,1.753477667144846,2.117919164932589,6.293690812024892,9.335937649552168,4.366862914371598,-6.900706614623811,-7.226357113322246,0.532270658683938,1.291558847291508,1.368314681111125,-9.043252800684556,-1.481114549519924,-4.724738709064726,-7.178430189441105,5.078770344254988,-6.459156646062421,3.604619373127299,-6.249973651111982,-3.016943991074337,-3.965616364874574,4.878756229520738,7.248540145779273,-6.509924016010860,8.326792191266442,-7.482526187318430,0.245260998530872,-5.850912802628283,-3.358067207043741,4.646499324072499,9.553987958976347,9.663696746520106,-7.935805362257713,-8.640007378120796,5.936552924665545,7.920920858324109,8.358753847807073,-4.472746664512752,-6.661197403368952,-8.060888193309957,9.274725611773182,6.298007298907230,-3.667990966394812,7.454685522182043,0.918366128175119,5.170549571756077,-8.278288512174628,-4.551760474695032,-1.628105839935204,0.340390873008566,-6.614392683333364,-9.317344089401661,-5.086047170839956,-4.222970677668931,-0.601389815108238,-9.631531818422586,-4.469596777717266,-0.054983604267992,-2.635902709030294,7.388638698712235,3.044666690147082,3.711522264575308,-0.178289126020443,0.676766439967009,-2.645724025969669,1.435787841791960,-1.425712655962162,-5.116002349869245,0.415241313505859,9.266792270236071,-5.748979799301550,3.596905964208787,-7.255565157780119,2.977942227540362,-0.133203057890782,1.739938056942616,-9.401402773620582,0.144612385952811,-9.217435908794647,-8.428371359116525,7.874484039851914,-2.556152660641104,-2.329020587108824,4.597847985387038,2.889417012604603,0.199221821111903,-4.016464577591041,-3.247855709716900,-9.372862220869216,-7.875481117943828,-5.669531929534564,4.471553437660276,4.767598372286939,-9.570995753752989,9.646806527870694,-0.387790553585576,0.298803011490097,-0.560754536387385,0.171403303003451,4.889834050776097,3.410122014487181,3.021514677921518,7.170883961019882,-8.804573697809063,-9.449802854560147,-6.130392087453003,-4.159842590297105,-4.791057926073011,-7.333044905723705,-1.742760987946779,2.941282300241618,-5.648131917671955,-7.216393085451056,5.989382367824172,-0.121931347231188,5.107690569070710,7.109005047092221,-0.057984014530595,5.786423535530638,-0.690428782025947,2.900605748338458,3.261346036594226,-7.441106327558233,8.619530688574514,-4.308444211076821,-4.183207755205849,4.742971634313498,9.121684464444670,-5.307560566956342,-9.503603188270919,3.195548188254120,2.934522298906419,-9.603419496887520,7.139321246268359,-1.284412089127304,-1.456430201677266,-7.950026759018829,1.595205885947465,0.519653248162173,0.134777747759085,9.015733970318973,-7.486876437495072
9.554651873297416,-7.883736208292178,7.850835269681124,6.965358869678088,-0.378651309038471,2.341838424027500,0.745465105740017,-0.050193317798188,9.346880695495809,7.176068205737142,-9.491858896027184,-2.984984090057137,-9.195684498439631,-9.520709610076350,-2.317711848223569,2.951702046288368,-1.929113587649336,-3.484088337880671,8.525487255888013,-7.889448228477638,4.767092478835991,-8.648236804954280,7.292086011099524,0.735560465170849,8.454935609371997,0.036393025091726,-5.581836089718903,3.186980773452602,7.612586286161005,5.073022142637583,7.067293498132202,-9.809841748287839,-7.427056881129104,9.138483320057532,4.246426984465096,1.154239462775667,7.857568438937840,-3.611192715608209,8.582532735355393,-5.756650056407462,-2.043560925894148,2.845411594303297,-4.306299661354407,4.284301114000948,8.078129834751472,-0.481263789432685,-5.113103597254202,9.010377119000758,-5.795547476045416,-6.588371145732572,2.785799026627988,2.888669424963775,-6.012850377165295,0.597961745324781,1.502765620500883,-3.366702395750904,1.477445498593170,8.712381823098674,5.521535918295633,6.004895740763548,3.239001260048076,-8.231442043739799,6.489382222595861,-4.770205455956935,-1.194456833125441,-1.819939310855201,6.881447124115251,-5.490028931542961,4.384536701682313,-0.293840642351299,5.720231581159718,-3.807428994887132,1.432078036357963,8.153288458224125,6.183707381644474,-3.800532711652829,4.336745827386284,-8.663529243068876,0.643226177302223,1.679203863961298,9.448123577710504,2.518462873340042,-9.201268259012076,-4.970974359839479,2.919053413414172,4.272576797025165,8.581784163228228,9.254827859339937,0.403800308940063,-0.841261919916899,-4.930972740776236,-4.143453537363677,-1.550367053285125,2.579850258015275,-5.582710339284689,8.640312489131425,7.228918824885614,6.003700343626107,8.184066764886843,0.343610220051403,-6.019012298851756,-4.182104299390021,-4.443619077530840,7.867507929941514,9.745021535521708,-1.888970606969922,9.880560708058358,-6.580573158798817,3.713499789543091,-5.536262888387857,-9.441096185526707,2.239065735562718,9.518291946385268,3.491888023634280,-1.227536346635896,6.464325728188381,-1.656317792176491,-7.769389332226250,3.075778310715631,-5.220682233844370,-7.832035500595332,-3.473183827274964,3.102168473563193,3.172447960199777,7.242833615399846,2.746532913991196,-1.668787756643898,1.982047615042880,-1.722249137913979,3.077471454011283,4.918512014728982,2.668279300247345,6.420313327024672,1.351037154841542,2.593333577003067,-7.528498287333130,0.122425913510813,4.533364062674135,-5.741851230414346,8.639694749253305,-3.157307565710294,-6.948461514906157,1.839845635634580,-2.197085110116550,-0.896616856531180,0.903469774902954,7.770168639309176,4.729383152796618,7.120865398589022,-9.417107788942110
9.913466955097118,-4.681942765456373,0.884549945297765,8.808611020577253,-0.609315252345915,3.618576010728505,-1.427319018753909,8.009182896247225,-0.765401510755730,-2.236753783201384,0.396489374671445,4.388747132122129,5.544485998053810,6.172135188412497,3.091466851271591,-3.398531138037681,-6.423958801444256,0.848492208647224,2.561147347649872,3.736508125914071,-3.359118419902416,-0.405074100362015,-9.658814317820044,6.197018438482374,-8.435522552434813,6.973573193993932,-7.190985826748291,-6.325993800001626,8.660556610243933,7.953537772944561,5.829321749403270,-1.550930070620723,-9.271156695749710,-7.318037497446030,2.655947543782506,9.690841226758625,4.212138909459886,-4.078989435239722,1.146490858773115,-6.444483310941333,1.566989840233433,-4.278168705069520,2.552353512024501,2.295087578013742,5.640064907127380,-6.137413718390685,3.673498402783373,6.015018582863810,7.050722366267628,5.922822071680375,-5.683702055305835,-3.695581515470103,-2.230589461110553,-6.543187945825116,-3.899444647995638,-5.616147944954739,9.943429354619138,8.076221438866316,-7.499962280673818,-6.182808064245120,-1.457503389356118,7.893444003181074,-5.332015897152895,-7.472827470145464,-7.640060448472228,2.888799589338831,-4.410525151714248,3.747650684947887,5.479209611357284,4.021955663025960,2.270489645470857,-8.891963952337832,8.508665594863611,-5.698559539680971,-3.415814303008744,8.518936693044857,2.629662153544871,4.937878955957892,-7.190694166983366,5.766854734730774,-7.437577923842000,-3.297422526903084,-2.761004736453783,1.017013155378306,-7.174604463463590,-5.165237936764314,0.999741431226726,-1.099618941628496,-5.760215925654803,-7.095757653624533,2.640400724972530,5.613894099532351,7.053860100450052,3.060326371722734,4.443682545190057,-2.659688228239290,5.452812088241609,4.502624007363396,-5.078145913633197,-0.467802907107810,0.092824226208236,0.120790437037435,-2.170915302147918,-8.266271503033904,-9.382791117198890,9.568440065459967,-6.401606720961981,-6.749014378689271,0.869811968414137,-8.955832580477942,5.977066422757078,-8.446352534811384,0.320059177782110,-7.744576008843862,-7.122550760223825,-2.608027454665782,-5.097604666628170,9.971007605691831,2.398127909450878,2.101821687363836,-2.336076235092763,-8.045470695159073,7.790209276356258,1.841558258498816,1.913766224259188,0.991728978571500,-1.263186573193153,7.759425490540295,-7.536794532339607,0.616643048085820,3.792581147111598,-8.431635698919614,-9.264633012205730,-4.567603471827772,6.511160914131125,-0.552978394674888,-6.444658817348041,7.976211853406120,-5.770634080777817,-7.532675387700076,4.821160254420798,9.503534918280167,4.316605123393920,6.830426553866474,8.092917208048934,-5.717617667717725,3.006613301327420,2.558607983127789,-8.531633916932382,-1.798986536966927
-9.367168268909099,7.585450682577189,-5.788460979739584,5.923462843582261,6.385132617854211,1.163036881463846,-7.774508897330595,1.645160187344041,-4.779985187064241,-9.403631162232692,-0.635074977867484,-7.764494929018369,-4.980723754357719,-5.291940384951818,6.061282243969590,-5.344872817239665,3.245514049304550,-9.462364068773910,-9.886358453229352,9.844855917828031,5.030582433822469,-5.248848738924485,-1.652001441115775,-9.016329135363097,7.031578763949476,-1.511270078228630,-6.117975090990793,0.584493864248312,9.134585045085405,0.028824435003168,9.995736712013517,-3.743613733941158,5.292094630265176,-3.462612447904760,-4.415491018820205,-0.034273895068333,-5.327294408322696,3.116831379308461,6.531114548091328,-8.645369785285892,-1.020216539477698,5.019623019143214,3.391726307602724,-1.934571985756325,-0.389205302341191,-9.791250233978170,-2.124780826233994,6.317897740170714,6.559175824773718,3.808342531074269,-2.119055589679011,-5.375134113965552,-2.146614354156675,-9.607124177970260,-6.304038905451225,7.845305832306224,3.536558169359953,6.985304140030493,9.671586017559996,-3.141409138089475,-5.150680204949067,-7.600054532718657,-1.790651437834329,-3.430477951742946,-3.737084578207270,-6.636106155356174,7.796993937556547,4.120777619535962,-2.239622803001113,-1.183021104765114,7.443204199318181,-8.173893164662422,4.498115791532307,1.155253448470130,-9.648540132235466,-9.938278254832797,2.139795047086908,-3.402665911597582,6.088296881840904,-4.271393785481028,8.662420368671924,1.037228361329234,-7.567351561706719,1.863635430914396,-3.278584474162352,-5.530043507427605,-9.929257996025282,-9.596551641679209,5.129277887651833,-9.880957615162488,6.082732598483066,-3.652092356688687,-3.493754788875423,7.743563795253081,-2.995620265672782,-4.071469595302208,-8.185933133158001,7.120219910811425,-0.879021230115022,-9.561948264447203,1.092107052450192,-2.015791989759870,-3.251093297594155,-2.333609383287523,6.902041191823386,9.983508853713204,2.224886121962264,-1.721064467251480,6.804081345977174,2.708782659295718,-7.862803592873959,-4.120737890974063,-6.233347647307155,4.131696009500764,0.535810684795130,-0.231112154603895,4.748448886966939,-8.705851664100980,-6.827146653811463,-2.515208856760358,-7.462088143473373,3.466146201012108,-3.337681059769498,6.832657892711048,-9.190105522840465,-1.304164815633399,0.302264140087210,7.427118959362474,6.070468637614347,-6.487271729835651,-1.904844146538283,-7.404567406442515,6.175485178831202,1.129158518536773,7.298618427557720,8.563674817588090,-4.416843297170416,-2.615683952905137,2.834782022301832,9.278102004408076,3.184675952858454,-5.338586045532518,-4.288878376706142,9.248276937074849,-8.901410585112581,0.321251437073995,6.755152209764322,3.749792387725954,-2.008024104886337,4.870719146926660
1.447791390067607,7.527964133531491,-4.617346118916950,0.076358042859319,-2.309650672405839,-9.631760821962459,-8.057585288642892,-4.641276013464923,4.432849342087815,-1.766885935850780,-3.072903369484504,-6.819876984976543,-3.584902312189604,-2.532094667925390,-8.017905166812472,-2.720062218527060,3.623917504011382,-5.921067067681143,0.785177982538567,7.410924822196602,9.194569341205675,-2.080113162547690,7.094325235699039,-6.539521677277811,4.197084248292217,2.465533368140155,6.014241273609297,0.005585612163232,4.541171108021869,3.630991577745275,7.714669677705498,-2.309885611400777,-2.096145349479999,-9.767356440880146,2.825291639207713,-2.157341538442088,4.561349461222550,-9.852371736551525,6.754911391074462,5.859936091741842,-6.034748100491372,7.762920166043305,-4.045234410881910,6.309432765967205,4.983391847227223,-6.384847622524510,-9.668617771538662,-8.436854580571538,-7.018440567937243,8.849787380444269,-0.873325510940282,9.948830587095291,1.117815018611498,1.218463113685868,6.391392413127658,3.097231093813569,5.733266391305175,-1.660881933115785,-3.532628767790582,-2.739746753426751,-2.014888792100420,-2.440608306973790,7.659298528360129,9.457693437397332,-3.759124542640584,4.870841954734402,-4.875578904635653,-3.546681346108889,6.066746899964095,-4.961114558043254,-2.715574833513013,4.043131884011864,2.636255649531922,7.325794490039293,0.488496718065283,6.663278721791592,-1.167628470994263,4.585388662380455,-8.663828909855377,-9.965436207319589,9.448324059083088,-2.666767331986517,-0.416396971495240,-8.156233477593076,-3.181315677383616,3.491596575272478,7.020143425973764,-9.482683108253593,8.082380753760866,-2.838025165297424,-3.595862298069061,3.633316299225536,-2.416660145865944,9.940359235314357,6.428871812731551,3.567284012943661,6.175512644117170,1.255717938229012,-0.890820694634506,-9.783450448804548,3.458396252517495,-5.991587108079244,3.434277977567682,1.740502511430332,-4.725210270208793,2.841665425356414,4.284252592224009,-3.792124813974977,5.292498532313587,3.554824302195716,8.995489636459912,-1.612765984799214,-8.381250879143984,3.436625230223560,-4.543891706806726,-4.478521511236934,5.949416494603216,7.730933619660362,1.331670737437348,-7.811902819660562,-2.801908710282126,-7.932164699763115,-8.045238611130763,9.169582936631873,-9.011854292014895,-5.568302391515640,-5.373582261217072,-6.033165987915323,-2.955934733753612,2.009402943515500,-7.948570162984496,-9.655642220859322,1.645671092036809,6.295516769613229,3.617857808287820,7.819644046908106,7.170296347920178,6.485501427151885,-1.072224781186081,0.766528130778541,-9.704110586572297,-6.489827587847047,-1.199235928225310,-2.967516981908568,0.612849729989168,-7.329788636324102,-0.627639193228116,-6.029087776900719,5.566649217479844,-1.760967510708657
5.401981360858681,6.741538403594234,4.806034332060690,-4.782487858915536,-7.235520160056366,1.687907134522275,-8.611926826553509,-7.856335990304453,-3.670640532966956,3.189129853237651,4.283821652160555,-2.181414151039334,-7.248754238776369,-5.373849842592731,0.400760101051741,4.404332068596474,6.048051424495085,2.048856550241677,-1.254795143215448,-0.567142932781543,-9.796359276858276,4.279899903774176,-6.161256093016583,3.763536727819883,9.169134285943706,5.342888891291409,-2.867290030031580,-7.396876614489008,-7.518731798479436,-2.942590550055346,-4.295851501316519,-7.566720135992087,-1.222241701047480,-4.349390793311258,-4.105657249603998,8.930892238207193,9.015986752114131,-7.131360547000407,2.095876562008874,4.025736295120039,9.260302350488839,7.756929436945434,3.924617031714748,-7.311645900657284,3.155060764055204,-0.322515512125229,-7.730671382385365,-6.514008821702085,9.082142760477140,9.827564880872604,-1.112016949739603,-8.496894435851750,3.535580303120142,-0.163626559442612,-2.359833878082833,3.993071944601084,-7.906803825477509,-0.537311695845787,4.424135560464785,-7.381953192612984,0.836246024384344,8.495265510369766,2.461558743097218,4.057231605860636,7.578482055363601,8.820144135840081,-3.499945859999116,5.023230152252715,0.307477209041561,-9.306504415562477,4.051062786451734,-9.320960115402375,-3.746461402913884,8.415660171998795,-7.567971773573179,5.341225223537503,-4.576982216368066,-3.181771829981375,9.513129587698323,-5.352655697162028,9.975684656531701,-6.250117298160351,3.796295252330918,7.207792789040258,3.411498262907049,-7.698240772943992,-7.761396350648269,-2.134265403426974,0.449082351057301,-4.396059374376025,0.378770191808965,1.087823045881713,-7.343603605843832,-2.537627397042601,3.509829016806638,-0.613142379198928,-5.065423349155846,8.146806543724324,9.650293514225776,1.122849653830094,8.052432115635455,-3.692516241610361,9.951424583444499,-3.217047604536867,5.767293734986678,-4.600686693852010,0.916534187210861,4.654975469658424,3.637621202171884,7.936667606525351,9.260931829201745,-1.653036812589043,1.619082066612998,-3.984142626801274,-0.430568000486929,-1.291910232169613,7.019697069002820,1.412063224769769,-1.778690149502967,-3.110206117099789,-5.837115750590447,-7.560161216365968,6.775103272307671,-3.001894783947869,3.939583091777973,3.966710838894690,8.441754522932069,0.012433850179317,-8.480398652003842,2.007669683240858,5.843922764781640,-6.908144355586552,-0.280983413218054,7.732086421510701,7.243279474058149,7.044151938916730,3.531654323627492,2.939561114272713,7.598329793599483,-7.642692803479716,0.507563720087932,-5.208442596539622,-3.380494574019018,3.206548083819388,-4.942868210003645,-1.527565056120908,0.195316433483555,7.029839824446466,-5.805354506959899,-9.528967038938971
9.591768293983382,-7.604075411436968,4.313257166989331,-2.574763877300041,-3.149004199380345,-9.748301483781660,-1.064673932726382,2.149497116462371,-9.676382577487626,-3.194032101169844,1.622674162947098,6.853505442320145,-2.720323377489695,-5.588718642815708,-8.208186233362650,2.515227916859722,-3.267830215576771,5.992367233741165,9.730816731819896,0.302786374373039,3.636194277880413,-3.727725980900338,6.698931273385817,0.266310823786540,-9.156779993488923,8.623363111649319,-0.214143759203990,0.452936409716305,3.138402999646887,-2.220950665680046,2.113587628086741,-7.683296421499890,-2.670105400993982,-0.785495267748857,2.277921344115262,-3.950944618700712,-1.792843285897431,-6.570885084915563,-4.605425897828129,1.566270175726082,0.710492112956352,-8.881432293669089,-4.857431374011176,9.233822916166517,-6.367296819647025,1.360997740667838,-2.132218807797274,-9.874957781604884,1.367440488662782,-6.563893483189380,-4.170627162349529,8.832396759690965,8.035639710758534,7.914990643512947,3.652669787773750,-8.138534192511335,6.904951255499515,-1.484394122068370,0.979655050523000,-3.346178675920299,-2.963900343348788,6.240642941864081,-4.518759924947007,0.448767574228654,-2.813534159210425,5.898768031948931,1.489845248968491,0.248166390485018,-2.951347199904584,-4.610048803587308,8.942163533305031,6.943913996156933,-5.394285380399239,7.559381587503331,-9.286451437109147,4.130317683923860,-8.662571348958714,-7.087752139778145,5.600949666194566,6.447625901105422,4.345557761374611,6.794900514960311,3.424512522650655,4.360363892708950,-9.584251709932206,3.053567926603879,0.977927605361067,-7.759898976173951,1.149857061006884,4.678055644991774,1.996649863656508,3.222191312872283,-4.579946681802387,5.505359501670846,1.300922411114014,1.945018493281303,9.589927451402620,2.397205386730974,-6.783677437429409,-6.984582792408219,6.288175341258295,3.257009804896718,-3.070504249395780,6.139202468686740,-9.894670154603540,3.588212240710673,-5.568608687348517,-8.485010084137780,-1.526065868607070,-0.648393248985785,-1.607129543133063,-6.230774954803689,-8.851700994862444,6.134214041266958,5.466140094973500,7.924128404096077,-7.850284608488169,8.856806730475462,3.569955765919129,-5.094772947767434,1.608077636525998,-0.866751238133281,-3.138836688606137,5.979084130420919,-9.006634688512264,9.532343808262173,-6.668358167349499,-9.210605139509024,1.370226755564692,9.122304254967077,6.680767157037920,5.460266804528789,-8.827616613946379,-8.314204951312444,7.177377929481818,3.713194055193744,3.652071843384419,-6.796444109058070,3.728495210321853,2.351853792836575,-0.044269407487757,-1.990120570319966,-5.355312443217231,-1.217074226334551,-8.998680698394780,4.990505771523381,1.842736174088644,3.788456748867317,-3.808924178270459,5.565725926481695
-0.706617904504752,9.728898653532831,5.703531432417519,8.293814312141109,6.621948368191141,-6.668471604317892,2.351119740141241,-7.863814794840702,-3.921581959890805,0.039256698345962,-3.841234693388214,-4.990134752381563,9.801559385765806,-2.458233092536480,-4.701110781590980,-5.060254966690508,4.379773784662781,-6.001526024476114,-0.130134887764505,-8.055733813917964,-5.661352680552733,-2.414309080566623,9.161188580602797,0.743128220916493,-4.530019104674247,-1.410243502206914,3.115728257272647,-0.008276161784401,9.060943758569074,-3.243819240018365,4.040574934700427,-5.600405979307523,-1.479880037375407,7.483424443724381,2.244866607670366,-9.377532725749704,-2.117720944782242,-3.231514275489518,-3.212973300096557,5.778965502314868,9.619769954066545,7.563441574941756,-4.545121777758359,-2.853153753886629,6.711871928197183,0.611440983739605,9.203341077612961,-8.543039538637544,4.487111677786768,5.849036310486040,-0.577277831256758,5.723859418024698,2.466218524777755,-8.276425688218156,3.582034246004600,-8.332534013660942,7.125119117893000,5.833924810657249,8.153502563323187,-8.819509712560974,3.491898014245598,-3.678764794438516,-2.877722414820370,-6.020202113300408,0.916626767182183,-6.373035811253647,7.231964435872666,1.797651907336714,-2.193257381047189,7.195298601826018,1.618267628043448,-6.832216851100696,2.211172077755652,-1.986324678214896,7.168996576025872,-4.260969745442036,8.471935235503683,-5.498619590187976,5.159781839583754,4.114793001074808,-4.477431167400572,-1.042956145085006,-7.015268661976480,2.029032215818580,-8.129108218906065,-1.588975266281212,3.064649001134743,9.586002985401976,-6.554482907652767,7.699634020281820,3.370419956421653,-3.972343830948590,-7.496019380321595,4.537267897840497,7.135008617187701,-1.178126980917726,-2.805797183609331,1.994451053710755,3.639786112048480,-2.318721720160823,7.166044074205697,6.851491448825698,-5.522946899513029,-1.361739822102827,5.886799849175762,0.280898831545596,8.014963215303446,2.327472653830798,-0.441052010475742,1.949615706138534,6.173696433629871,6.086793434092776,-4.895604388017462,-2.268431365277070,3.644052635690390,9.628188508543673,-4.758027249607903,-7.274108700000097,-4.585608165892250,-5.242790071277215,4.022157091453156,7.791103103935445,8.463943914121153,7.051985564750606,-7.243547348716028,-8.821920287961028,4.283528043565514,2.648534313400461,2.576996155030947,3.184131757053388,5.429386271116552,9.877083100036185,7.814882850252634,-2.217455661698404,-3.917924313578940,-7.709598985355823,9.463244814331055,9.954757649186373,2.076690043796567,6.489376614901683,-9.769491946673785,-6.008159675010933,2.365572739978319,4.736223901015432,3.103416290475478,-6.430264910355858,8.775316491468040,-1.133356465137636,-6.797909187756080,-5.914365765477987
-9.666393183078132,1.519374410189959,5.111425503223906,-1.693982151239840,-0.725408714115954,6.934842816928409,0.786380832535409,3.410603441146801,-9.918693452617619,0.994602346466582,-1.734893710997266,-3.946751956103947,-7.874512916129772,3.984685535726719,6.342576895454798,-2.509846614834606,8.747402541918859,-1.568194684108700,-2.522768417290980,2.194533110393786,-6.722555883979422,9.051141982287135,9.212772496281552,5.949488835436739,-2.774687611950855,5.900865751785512,2.169980006977333,-3.415795706404687,-3.746924476574711,9.036663435576461,9.279081229007616,-0.874315514561646,9.355547759137142,-8.554473061223380,-6.008621368235261,-2.881899402340680,1.588903039944309,4.070159559748367,-4.789422685682734,-2.573848588645687,8.259795784316943,-1.324568421071426,-3.336577238721501,4.044787648487535,-1.099572737981250,4.083300059095977,-6.209112682935407,3.792129918791240,1.246988411951918,2.818470489898477,1.841837376653571,-7.535560081621631,-8.077647244213949,-1.178735822783780,-2.927009756612540,7.491188457172026,-5.068641404337033,0.252116128790247,-2.741243140269951,7.430173355807892,7.367192222770992,8.070762775684077,-6.853208838191154,-8.497886521824631,-9.330411890129469,-0.797784998627778,2.874361062225203,-7.504413931473087,5.123261936588664,9.911010058734156,3.769771829340559,-9.700035034527236,-5.607150606169014,-8.669613055621689,7.901015909548992,7.773495296055330,-8.973538396259466,6.068549532157526,5.139431712274117,-6.896731593742342,0.807366304416938,-8.298128392648090,9.275937830368616,-5.439413867552652,2.358095529378195,2.204928944895062,3.740772576242076,-9.586635349618133,-4.287048241643658,-6.556333131625860,-0.904684341659332,-4.601038898030629,-6.161857658105278,-5.428790906898453,-6.548667601807175,-8.035654783280783,-2.120762191834141,-0.080233668400023,4.522902644781768,-5.241798098520267,-3.670519315279428,-2.019268573839619,4.519686587212206,-4.159858821135614,-7.278966320689988,-3.553499248439486,-8.074152460628941,2.104020500807627,7.526846827152955,-7.062956011482921,-2.278130063697812,-8.480042509733284,-1.392388060353817,0.819430907159465,1.538743968671277,7.428920163672952,2.820027603467430,-2.016164619441945,-2.798688840269488,3.742146649269436,0.021898751301400,3.827162665821005,1.255082867203578,-4.253254002358262,1.668385855383544,6.227980823602110,6.565875777871721,-8.772824482439354,5.748465032255925,-0.307907280912339,6.012066774298908,-0.052421207695685,-4.330702380962856,3.448354658655177,-6.198761470019019,-2.542308103169275,6.802842721538191,-3.935760313877534,9.646223332609139,4.785970247395044,4.781114932794861,7.579339800160135,2.851193309326220,-5.168478036918867,0.071325568471662,-3.280965286507764,-0.977849427539983,8.595768420673807,-3.735618735171933,-1.722989752723938
-1.789090689275168,3.360735938302193,-3.491593089632032,-9.111408062500633,-2.619311459156155,-6.817855260528535,3.591401682620797,2.696714550794209,-0.900070553259427,3.014934094178415,9.833758571520697,-9.230833130917858,9.874254398359120,3.074113767557334,6.943944668266798,1.953268698150442,-8.070897640370372,-8.302070091915951,9.536708532335510,7.948150563535791,-1.986655224509983,-9.367866436383331,-4.883612394437233,7.738281481947471,-9.350985065827844,2.683112429587533,-9.059372306450658,7.122883577920181,1.628978188264227,0.386534932183658,-9.025265583153795,7.281889327343062,-1.436225752648681,0.729648689457958,-9.272394089019018,3.061584007843352,6.017440679645677,6.917414129790942,3.238808089459404,-7.515300054916485,-6.275872803399865,-1.139457024818773,8.102037769309149,-3.122346293119833,3.625184480181094,7.544750436257285,0.423666922791174,-7.902250987443733,2.363372016845570,-6.011187790202142,9.262177056960496,2.756968806373365,-1.131308937274962,-8.481311992310570,6.239997324951929,3.533471383488422,3.216932031729131,-8.873788173648691,7.890812085969170,6.342910721747003,-6.779594330466530,7.550802055188200,-2.298947469509014,7.602139124668227,-6.093450060540670,3.194704765597020,-8.948268994449132,2.747575644659861,-2.165306925353303,-5.370197642802362,8.896209865811098,-2.370078941024354,8.075357576473102,-0.608261809967029,7.033166178439277,-9.456369684837046,-0.645545416921012,9.786940520426704,-3.208153728794516,7.795458235002673,-9.295752352894924,0.877152745841459,2.322829635150189,4.248079184548171,-9.526459369672502,4.899760185522608,8.539546335378180,3.269631237270582,-6.027839513224587,-1.449103901707250,5.169992911303522,2.281155274278476,7.428222365670081,2.740642880914798,5.309869529421158,2.601143983832641,1.541541715042055,-6.939755018512277,2.671677469543010,-3.906621314247749,4.815654559494767,4.609581443728457,3.799969671165259,5.469240189410179,-3.825787599031036,9.147590236562596,-5.875562203740950,-0.901059228858221,-6.197481071454396,0.218370353826430,6.233557167938780,-7.779986602158000,8.671584754647455,-5.792397393959621,8.874951141178151,0.868587726631020,5.664547055113395,5.951047363239768,-3.511336843866477,5.008278417250533,6.532578297877048,-9.935939111914537,-9.053999131905822,6.376215161557205,-7.523128017044122,-8.516186845089518,-7.357797419552705,8.466950864403554,-0.543552571039211,9.045291532940485,7.614272065683817,0.828055972177475,5.010155363479967,5.473763246615110,-6.208855266323088,-4.845992126579793,-2.951297310819534,-6.749883293780985,1.147280961412523,-6.550480830007912,3.034993498358201,5.678033870290085,-2.118351619729594,-2.557685447944418,4.380526034536729,-0.272451647515906,4.960236468409221,0.339508823678798,-2.628272936430404,-1.396379087650752
9.902262260297046,-0.529711720081163,-8.938759765543997,-1.443074026384474,-8.870813826541621,-2.671503109801810,9.517844538832907,-2.551723180006009,7.758427673529049,5.440996362482265,2.430435021959010,7.429372068332999,-3.286979901221945,-6.795230710370623,6.992429393375520,5.766052707444842,-0.948440167007723,5.856621169285606,-4.392586285143278,4.732937020236303,0.288784121517708,-7.348777069655394,0.851120855514893,1.602329127173931,-6.188207168992914,2.813434053020817,-1.353485232688243,5.972226133301950,4.814413226574006,-3.892609469584674,7.731562476553741,-6.628482374252000,6.254701736653999,8.913393187438572,-0.444818813525121,-9.003120023501578,-0.049063662554014,0.622070343488312,8.589110379356743,-0.269005398750480,6.439350576294540,3.384110234544096,-5.660194053723123,0.839210490445426,4.799332627036740,-4.707469424973123,1.976467040921126,-1.004599647389012,-1.101864870869182,-9.761936447549362,9.316345502097576,2.156073581822595,-6.345385526872671,3.482436251300069,-4.086565925490708,6.198803585283436,-7.341656792411784,-1.798960257994597,6.357639318351044,-6.509587779055305,-9.842424252845401,9.014093717179794,-3.081028175933163,-8.857274997852102,6.308897437083910,4.917811916715664,-2.551642398616427,1.587286798504026,-7.096796939263412,-0.837940376375171,5.932765682664677,7.890813751016317,7.054916018389704,1.326310957833538,-9.036482294735046,5.054826925135931,5.948201773269963,-4.604087822148299,1.649026952367654,2.941625928627747,-1.558670559759531,-9.520480247496062,-3.869670107975614,-2.758102107067424,7.806096387527759,-9.466235601851942,-4.283516466531665,1.033091752554775,-3.910700803484368,-3.585976926816638,-2.518010145496358,1.435365816917093,-5.134584597697192,-9.224502772088952,5.417745446009164,-5.959538761473593,7.784300960796603,-4.511884573578686,-3.999792925343684,-0.545123514394916,-6.704394489885788,0.585110466700625,6.079063960366568,-7.369296060335742,-2.597041708610696,-8.090476908730277,1.270935874994956,-7.895038197536013,-7.537592483033566,-9.986460201974818,-0.268069025091048,-1.642214229848825,-9.871050936589686,7.043766371597499,-6.870027025913148,2.531482445509013,8.981661012019181,7.791496138938236,-6.555050158766385,8.492593653220325,-8.807633634842986,-8.505348026604873,7.234910092508994,7.273281766559908,-1.195642276406959,-5.930087407404312,-4.595820988679431,-8.465439124119616,7.257284661833342,2.713163304229623,-5.842590680668609,-2.651792054234898,-7.171929920027198,-7.766891580483470,-7.628266242286981,-8.938119134765079,6.944300928033609,-9.607565831620805,4.483676926729229,-0.106946299743081,2.558021061393852,-2.694425798220051,-6.615878095291667,9.898659156503790,8.121023382984667,3.630523604272549,9.737857986767452,-0.366535851342469,-4.906598169471170,0.700693465521777
2.882083276505467,-4.497046260043589,-3.257023900379446,-0.862628327636363,-2.228191308063339,4.811265391264808,8.716398844773440,3.303588944629251,7.634453226771335,-9.542920047348051,-3.276149900399785,5.638655016896587,-1.171841160195219,3.949612684451406,6.258885802523096,6.575386880447084,3.934416806711491,-8.974932210307880,4.855423756066736,-2.953224042338269,-3.058731522654003,1.757683341454525,1.388648857390715,2.561563277557379,9.156455020002465,1.927798467815109,-7.986119649917994,4.816460025254674,8.891092485384281,8.251546157184407,8.191273344122500,-5.951751457124459,4.795647046752993,-6.456626881066498,-9.737563166119196,-9.493719331472617,-5.688379829001605,9.030639230965981,-7.696701311844995,-9.416243095994208,-7.427767105067538,-9.663106569245272,9.258001268994537,-0.739807749412293,6.661559399473159,8.767441086226764,-9.513668825837616,3.982597448274991,-7.184261814079904,8.805250886159463,-1.320382263307193,3.237138074196789,3.901727015104420,-9.145151639964386,8.779793028797208,3.718304891608140,4.921157025348009,-0.574651332238496,8.483249642582187,-1.549987526089588,5.436281237911885,-9.617420280215772,9.590733134154842,-6.259175745997974,6.608791680475015,-9.708212230423854,0.525573036216095,9.857812826971909,5.289354195140103,-4.970874574689839,-1.039311122725664,-7.576382603893482,-9.010556430745314,8.157794624095715,-7.132772258090984,0.633942762267141,-3.843162847418466,8.643505114086224,1.586207361044359,-0.932754392384314,7.113966482625504,-3.016726643022947,1.404308354068366,-3.398900042140626,-1.778071595299679,-4.297356044894203,2.344361179659716,-8.228269621889474,1.165360853404033,2.164761581038801,-5.488187259876756,-3.699497063058079,-5.380793989520914,8.768808225901736,-7.651425940765206,6.131750387345299,3.837020798661852,5.093845268277367,-8.318863715179729,-0.325330536686998,1.392750881235425,9.192468242381217,-4.619464054499036,8.016996539529725,5.349363789361954,6.383446455640886,-2.064569323542780,4.244891107836818,-7.163436530559699,-0.142025504654605,-0.946113349174302,-3.531360175030615,-2.680557586050927,1.452570468799268,-2.181594688259903,4.156527496064159,3.202844247679266,9.819823724209318,-6.202084092930855,9.200424567107572,1.368831291570418,8.622599939415082,6.455760516648461,8.768696948059201,-0.412483458167445,-9.224706693368351,9.564056617621578,-8.806285793827165,1.611566909377744,-4.478406506974604,-8.686909375920852,-3.646821784098051,-3.029969762394716,7.167817078591639,9.329400091928044,-7.146571600511349,6.663939283727611,-6.947636742607246,-5.825076135211154,9.381197528959607,-6.892197801872806,2.009754992483604,1.304090947408440,-9.378465418347639,3.423695459727053,-5.554561765807589,-3.229742767886581,-7.279119278444737,6.301583006382543,5.731978282754591
-9.320660168026853,-3.291748181627434,3.130832994351859,-8.127684772602205,6.014524351869479,-2.058845595959962,-4.436173286941658,5.766170839882312,5.305607286870465,2.348443463493552,2.918866106155491,-0.708214204931208,-0.435995187595870,-2.556059906446273,6.327099436966076,-3.832012643551359,1.931758721328649,-4.391888851502978,5.952749860905602,-1.090752357742819,2.000690356329574,-9.685344220306076,4.347414325494057,0.568247849988012,4.361796423093347,3.711479113742964,3.182839872756668,-8.119129804687166,-5.860159816361752,-1.618841753585215,7.603707034468375,-6.027980230159242,-0.883810427186560,-6.154131101558537,1.409196570242244,5.340684918394775,-5.439274086081021,7.700194508598003,-6.311368112402582,4.305946579117686,7.727520490463952,-4.135738418483667,-6.020955451197296,-7.243099816548682,-7.225202499529464,-4.658434951578013,-0.205171185828847,-0.485064411450137,2.569260031498334,-6.176908529657150,-4.833375914970541,7.189699887821845,7.725115593854191,3.339992276703994,3.863622231601983,2.420944704383071,-3.266545954206106,6.807060249891698,-8.359530866303814,-6.175185560970140,-9.355328418654643,-4.646261310579929,-3.514401187721711,-5.729188705638744,-1.964564629071370,4.652599535969081,-9.096022906211426,-1.869878119281339,3.455462218686039,-1.124523471135264,-3.942558612464526,-5.428830660549995,-9.681433686662039,-8.064373953492739,1.286635132967152,3.712371871282919,-6.372505819485790,-7.942474958943853,9.137848182916745,-1.540482693094621,-9.953374891861365,4.177739209724296,-9.604652419694599,1.623261772763358,-6.616034411133523,2.842272378227506,-6.184519032607458,6.511558817825321,4.489691248603034,3.973501350037115,6.025161032177454,5.112831884370440,6.196135605969467,-9.930557528653958,0.266619590432576,-9.528672197942408,-6.289400904808882,-3.063372874053368,-1.527743862417656,5.984707188177298,-4.007795171834427,-8.893581262389551,-9.144184812150309,-5.863904094393762,3.769270200525670,0.853993146166713,-1.382137585212252,6.103193697037504,8.071734737948915,5.954841742916489,-6.179404511636339,9.659443863455870,-9.101953616498143,-2.429677499451612,5.234080165122588,4.208963103925758,-7.372602125075929,8.797232151389277,6.840717641961742,3.934912980448209,2.536302203027548,0.854328808529022,-3.959907448427522,-3.022989173663071,2.890685197784947,3.578472683827371,0.132973238188880,6.221527164109965,7.701136280292602,-8.203361084285266,-3.011339490178447,-7.480800617945469,5.842576563480472,-0.938073211729666,-7.723746701334447,-9.196758349823995,4.021748278188845,-9.378371673349520,1.180454629341167,-1.951941053838979,-4.985608003216495,1.275017785391281,1.782097021686431,-4.629527076509261,6.400366823469977,-5.753959399179891,3.695667448266367,3.932467387551007,-7.138809939537413,5.902593579460010
8.779267475809821,-8.565143325640994,8.875048583259719,-7.743107443252422,-2.421209418200529,-6.507552447881668,9.505334376687347,0.924908044916737,1.532054239069538,-8.281255335201639,-8.498325026310869,3.275009941230513,-8.043885020943582,5.816485601415318,-8.363267011724385,-9.015047690358726,1.618055747115253,4.079152797690245,-7.478985625658183,-3.650178409279898,-9.240604821462233,5.648705462465543,-9.542931252195181,2.649951289608248,-2.137544096767126,5.391913053739634,2.008198124990333,-6.166866443638028,1.423184092397536,5.383398547704905,5.168834984834465,3.267263716395110,-3.153567715339531,-2.707641031073025,3.506159216015355,8.466825163315214,-9.804135361110141,-2.497806899282580,-5.619434839208584,8.512464450214598,-6.036521345150543,8.132120691923138,6.839773441557035,-6.783315860415238,-7.765202667792694,-2.266146585446387,-6.898357136783197,9.987426206010163,7.691140209834469,8.089584735387938,-6.425561514902080,9.840319352071717,7.012318839076954,-7.782146518827195,5.969214137936877,1.268659634177776,-7.689483103890360,0.596113834445555,4.075530611283270,-7.952084286250707,-4.190796186788068,-6.412773331772083,-4.507998169119207,6.085884412322709,3.171623897259973,1.624872667627590,-7.177470510888531,-1.047756490870270,-8.457464137979597,0.785960958399796,-3.235764726503449,2.680386075977882,-4.326578858255299,5.948241139685273,5.089548744281412,0.173105382258747,-3.504954879457296,6.817311547258466,7.824364125938693,-5.258969746871767,5.685217746595077,8.122571360526557,4.765466603932797,-2.601580664004870,5.305798459501350,-2.355903994688466,9.301714290798493,-9.251015879227715,-8.146870522707253,-5.331860661124312,-0.605830362238589,-6.515361264161188,3.128970900257011,7.249813739885088,9.418450108809541,-3.643178810007441,-3.606675698416337,-1.761273600098026,-9.450569581237540,9.682363128837107,-4.720812737305435,-4.215269877829330,-4.442376682985407,-7.660494447714948,0.050586144510106,9.731227068605186,-2.281133093939673,9.620961098278165,1.614938660231077,7.493223362997345,2.429860286351344,0.455327719751972,5.769313020084164,2.998044515979604,-9.683646381245826,5.059349481680048,9.509966569989420,-4.161003850264288,-3.558864817463554,-4.673223123961385,7.130158133960446,-2.585728666894394,7.052376970483468,-7.939145658975646,-2.817035692680205,3.873311987183975,-7.252537899981100,8.660645757136912,6.260714236100384,4.456735953147327,-7.467620885394883,8.533891316383333,-2.842345715867398,5.991059905785539,2.804356770303860,-2.458516583613475,-0.355012827893468,-1.370345649715203,5.681646853046336,-4.888621777386481,-6.565695836433695,-6.326126497530032,3.922865860880748,3.918208004001949,7.796044324652854,-6.952787145557265,1.202743246505491,1.480618999072993,4.984715103656111,4.771009631942453
2.075544336239750,-5.788551137543525,-4.271403683169710,-2.293312169882817,-2.523931235144152,-0.773374101043864,8.246774038241060,-5.402618342512369,-5.350175902811458,7.658318592558850,7.898598020588924,8.375768861905119,-4.659687155693661,1.167805412051791,0.107185064985309,0.027080383535017,-4.702057804390762,9.511995097414253,-6.082431710512952,-7.437918012942120,-3.099854476027273,-7.135319919491884,-0.053882147727053,-9.273602798101418,-0.619229435852436,-7.183859955833290,-5.883614510736606,-2.764203617137744,2.198602116655424,-0.592328401962568,6.223037307545056,4.203803234872488,-3.960735762430156,7.140698751232609,5.081128422967625,-6.640300992169048,6.067388086764929,9.102337040070307,0.625866178050600,4.364245063395876,-8.130008483691400,-6.607140809841059,-4.802344665702190,-1.939393551207537,5.597196744314399,9.015761745760781,-8.158430482047542,3.563060951233737,-8.830178148848544,5.842955410580862,2.131305298151890,-1.619965759223415,4.600788338959095,-8.151326852832755,2.825655265775671,-4.226304415856830,-7.060018856568123,6.645588815604984,2.210298634439056,-2.656683491030902,-0.820983183548641,-5.180237951311790,5.218989778579534,-6.704479343522221,7.429988021756280,0.909412130115630,-5.208490717904180,-6.557861016737809,-5.900375604257455,8.901147562941084,9.472376609340401,-7.987882844677654,2.053149487299869,-5.768058839630285,-8.498903233652005,0.199167388096274,-5.741686794533529,-7.002932992945596,9.769611475330798,-3.115683620788790,1.229586690523597,-6.513787970753020,5.438423356263137,-6.285787500530762,-5.922457952873154,4.049279607498757,9.137975493374068,1.985375586267795,5.769336663586852,0.164656158874283,-0.538778808731806,2.991041534328087,7.642926019493224,7.810300944114271,6.093671409667916,2.981894176631513,-6.301778900748074,-5.373858968941018,-2.092610113378537,3.980060022465333,-9.291780398433145,-4.462103949611540,-4.961141422096778,-0.301925463231916,-1.772786849721593,-1.430744307982273,-6.254070589412826,-3.845738183433928,-5.936809473066509,8.957568911485286,-3.482415751131231,6.404766154448655,-2.367209922965143,2.718604464799606,2.998290281755825,4.295541844396801,8.583567491489156,8.528234981566168,2.024221041108195,8.379124254863960,-6.174500740048805,-5.796844418892643,-0.208435538738263,0.432547331247957,6.496069723967828,9.255192775565703,9.991651916741759,0.565821831059461,-8.356570351615961,7.948930458000710,9.954800329053867,2.692603390953884,1.231758615838581,7.859581111356192,1.056208007178139,-6.128098846399574,-8.747087564341298,-7.518684040990582,-5.169140844564593,9.389217413633638,1.884353450996098,-0.416215151742286,-0.008353824494582,-7.679186919787718,-9.377820117910280,-2.198694107927648,-0.535479946788367,-1.378085760437827,-0.219820889848293,-1.633404365700933
4.444631489920541,6.427475510932457,-4.075609453795483,7.091184652941763,-9.092801570089266,3.836405819374750,-5.726659675970809,6.512963299731112,1.489316041106395,-1.189016568989427,5.294646713263248,0.685977908202249,-1.710563751895858,-1.676894908711510,-1.778805232512763,6.401050282235762,-8.417925597115079,-3.194823484183090,-1.870593058830934,-2.678530419256679,0.502808453927514,-4.603874056875719,1.844558384266220,3.047109967864829,-8.700873802197711,-1.968428915364647,4.604995241756045,8.367572510961715,9.115961716961078,-0.744930911195320,-6.996653323693445,-5.610481309387674,-2.336800778205701,5.471535559246167,-6.697483198150436,-3.471170701118989,-9.560272118594447,-3.415355523766717,9.649457311790798,2.993740211783662,1.861896501681779,7.492158059815534,-5.748610089369008,3.612609721074026,-8.773869742645118,-5.331780172416969,-4.077768237318522,1.283779714365156,2.181009725049687,8.906163677974796,0.206535372762014,-5.654484975536970,-9.673886412620483,-7.750884152436422,-2.072900920620738,-7.309437607731653,6.271266225564471,-0.838243084933762,7.124608608094171,-4.711174790962803,-3.868768914824631,-4.043994989095832,-3.385159632604284,1.135626160179646,1.161727785244208,6.423081043482505,5.094747956829364,1.884169893289139,2.745205895318819,9.525690055928948,7.583762275944014,-8.806429775749724,3.303368607296658,-7.930056156601237,-5.828145125365713,1.206268176013976,-2.349166789604837,-2.623991980067004,-1.385178798004421,6.870723102145249,5.347776036344538,3.843170868070274,-8.117425869046045,-2.890393271456455,-3.153961313411243,2.852634214724574,-0.822263993847326,-3.045156507411264,-7.602353932192467,-9.486096630742660,7.103647397886892,1.795314209602953,7.567806462487745,1.830352257876715,6.665515752535590,-7.533333537632910,1.055939170265816,-0.367083636644573,-3.008656165287551,-1.803170364553555,-2.021010287698292,5.072373167344971,-1.173316405629066,9.223695359246864,-5.680485945644998,-2.701722316147135,-1.222046661295868,-0.639972552078735,2.196210172858635,-2.123422465906588,-1.532750817215904,9.170126967291026,-4.159743135078866,6.507120825519948,-3.060845589006562,4.478764096464015,-9.260308696060227,-0.829546031227817,-3.777449109240704,-9.224930773947433,8.386302603989122,-0.540253258705789,-6.896106397215485,4.757763563272640,6.153196831090487,-9.055891412278038,2.244555175222299,-5.535867616821079,-6.982666127243331,-6.406837962383025,3.744472575747331,-1.928079120349873,-7.599617079749068,1.317057524071600,3.733227237926966,-5.241074085051953,3.926028336292624,-1.998443099187412,2.366133656859720,1.523004513174779,3.444371874836229,-3.243718299804672,-3.966785236335846,5.030331932525385,-2.358764827123210,-8.064900422917379,-8.403112875417333,-7.491329021138702,6.451226120818326,-0.790227672932541
-8.403521876072315,-2.731499370802412,-9.968613112655964,-4.960524940496487,4.718997868438626,-8.091375385122442,9.016207453042114,1.425448509045671,6.373516453336318,2.996971289760584,-4.163346536581438,7.939816172001319,7.784190335544508,-9.693504712844812,1.113827338056669,-8.492194110114333,-0.302420025432490,9.002861753664629,9.710213574683774,-2.324801493190072,1.041480326367184,-7.864976365380317,-3.541000436300155,8.049895514703739,-7.846119423424389,5.567254660746560,-1.811755041603131,9.732923707641458,9.935186103471700,-5.409556772287587,-1.144682538058737,-1.345225920654894,9.502952898340816,8.568013789275380,-5.043326274530697,2.220514547051007,-0.750264524893671,1.274374725198994,5.695316481842633,-8.911497789371950,-4.094763119976196,2.164364723332788,2.864945031735164,5.060145523434405,3.071302540944851,8.007900112471646,1.532813689025934,8.668734588055230,-2.227388965333617,-1.734074243522148,-2.920329605583223,5.756244337970928,-7.794171367136324,-2.421683486435109,-8.618762014403558,-5.475611371769975,6.920782138071768,9.845687800003621,-5.493581207522169,-6.348730486077175,0.039813971628863,-9.686441401411511,-1.620985953149292,-8.262888716325897,-1.452395877505046,8.796704740537763,-0.925515257424074,-2.139244132490372,4.040700945112945,-0.732249810942012,9.096992925845864,-0.029464653184023,-4.663403548328750,-3.715212400515391,0.158536295612050,-6.527705567455763,-0.161369978888414,5.898344939856376,-7.816607381627820,8.937604659873038,-3.154578430950917,-1.190045005374740,0.826460130723293,-0.028646519493789,-0.339639889641807,-4.815595014101659,7.918573292025055,6.620366345851700,-5.148972398308822,-2.501042619974760,-9.191118255368027,6.909072701579014,-5.801296248965365,5.247903728440344,4.821006520061037,-0.553281120577250,-5.013410056553866,-8.737662070283982,-5.598235813997443,8.748570256477088,3.259302670722617,-7.394547171623547,3.361114893993761,-7.523218167454273,-9.176096593593845,-8.027778390755113,-9.226419891112219,-7.862034044632892,0.924943261179546,3.671833940495159,-2.959562430731655,0.488656959840576,-5.362355832929049,1.672243653014219,9.860716038715381,0.664291958665789,5.517303305001512,1.276897841586342,0.251042388241096,-7.451748266673919,-7.270885133458808,-7.217789196119762,-4.660881851349908,-7.742551785163738,1.322135656095551,1.853690742225076,-2.608922502507074,-2.779785706884940,-6.375365110806257,0.605084125074661,7.317351249708970,-8.588929843031480,-2.229529601893008,-4.504603508755394,2.926125902985184,3.965034417130182,3.879929270966256,-7.163203785433375,5.026596209139072,9.768434014159983,-5.071490931620208,-0.353931913058844,-9.356316828518530,4.258203997888915,0.492820614465209,2.748615259371030,3.874603246405155,9.823296252182978,-2.775891683186035,-0.735170054219701
7.598063325062860,2.026358060118387,3.338204919069396,-5.993623655625948,7.245926601479248,-0.544160112943768,-1.488931840588762,-5.357936091600946,-4.198088794475607,2.404754881734110,1.223027352636318,2.498292762706228,-7.566976999931754,-8.507813080956659,-9.418867121809043,9.628848540265057,4.215233321674031,-3.778258809964767,5.266764733998080,4.401329842364969,0.366321631373918,3.888922980149141,-2.459275538747201,-9.948496909945721,-4.819158728068464,7.743669429466287,9.185015435160150,-9.535427647394917,-2.189707951090963,9.988618436397697,-8.065495112541379,-8.180716371911911,2.927447398774914,5.782044388256935,2.471456144428441,-1.662515936580382,8.578654012816525,8.961736406606235,0.747821640144778,1.716126124616324,-8.457153886677933,-0.987911105762247,-2.118543676323332,6.378980820046312,-4.471798282141187,-0.319295820231353,7.001285291894600,-6.907654273761867,9.400569510062610,9.542979114354146,-2.291171248243966,8.606749025016377,0.786448166054427,-0.907807283564120,-7.320298409868789,-5.290022253597700,1.332173795945108,7.892464208829825,-9.755459311658225,-7.806868392810000,1.198471237599620,4.761216825597625,-0.926624162774258,0.253580977747754,-0.881106399743508,1.394729168834752,7.706993724917780,7.164367566581582,-4.420655198104102,2.778936672168761,-6.558464228677183,-2.492826436598441,-7.842321342092657,-2.678520890330029,-2.921334489389301,2.721406584577636,-3.299542594030380,6.767819620230568,-8.490402676176561,-2.050163552765756,4.938411467393578,-2.788033879292917,5.066651222028231,-7.656932173294377,-4.791880384237870,-2.170484550696168,-5.447364183940873,6.323504316751883,5.877576560810759,-9.590788057885790,3.312031841813670,-4.061348066829444,4.556628740284554,0.037889860668137,-3.445914137238145,-2.345228472333951,-9.926208493395873,8.791479005688700,2.523613664168284,1.830084806233707,-5.275746332919509,1.914385287584077,-5.696432612603328,-3.003998315337828,1.230937303706929,4.152316767776549,-7.177760562278975,0.908506868080956,-3.540915529457235,-9.792083002907408,-0.628573914365365,-1.759762618120327,-4.703175064227811,6.019852748658248,6.571754706024041,-6.061672584017510,7.122948813688218,9.237566241505025,-0.315365851514764,4.132766719980399,6.560728897382056,-4.747239161967610,-7.151750171197351,4.737274143118084,7.349826398205916,-1.224660181183870,8.310766917477419,3.513757476682484,-2.960672951578451,-6.955232135816183,8.950867904660797,6.477140781857777,-8.332901105453278,6.830921263595286,-2.730188141963030,-8.480510602009591,7.413373470587384,0.779910638928950,-9.105713344570800,-5.598947907497081,6.728297426514157,-2.230673290470544,9.903927659090076,-5.471940467108087,-4.101460461923305,5.674923226213975,-0.964575251213464,-2.897589670839890,-7.316060042757568,6.382963100018426
6.730901226386731,4.085750334797320,-8.103869136497616,-9.927604297336652,-2.465299841800908,-9.163584167173886,2.855946823056874,-9.498593312619359,-2.879548017106832,7.928013117085857,-3.708560926020235,7.266196546782442,0.204480363486821,-2.688140746478823,1.849122063593612,-4.435310839291811,-1.581878158324274,-0.132944693707680,6.962475283470564,5.273190962192722,1.199178158220880,-4.463739683584523,-2.754464363960722,-8.779369156486659,-2.102061472193199,1.428162201878854,-8.714696536511608,3.831987740629526,0.042577760120706,6.679758462145966,-5.556074454495848,-1.903170570061011,5.635912521282062,-5.617597919609761,-7.452986011313016,-0.819031783663140,7.177727551200249,7.057162593200246,-3.425691757560292,-0.257676830035408,7.434920655188758,-7.426180070925308,-5.188991301046779,0.170924357336348,6.352031924661947,-8.190932125407111,-6.394473117092314,1.983346182668008,-7.476869881836075,9.899877791620607,1.659426651058432,-6.408093865150358,3.910511018806194,-1.711899221374733,2.127644058888079,-2.060805185486256,2.899485311400493,-8.578984155159418,-1.048118638956034,7.909343460372526,-4.359998237241552,0.145775012530262,6.512117412257034,-1.072920731976241,4.364031210079322,-3.204965453918078,-9.547070963447341,7.400562646395301,-4.492549223161754,4.772955287826139,2.505290150865456,-5.381736670794717,-7.627008324653008,3.015038118567496,1.008990881637043,5.125085189774426,0.037654930012213,4.302754378184563,-0.017295933032049,9.961043224207202,-3.456636709815042,2.944265586288184,-3.741131104076669,-3.656646443927610,-2.768074693483598,7.220204265970079,5.179155249456697,4.217048843556492,1.230320429735443,-3.750639937698985,2.284458466398661,-0.324407835371790,-5.165352362517465,-9.782617891502557,8.681957361886148,-5.568315492374884,-0.784156938966627,-0.791163201681568,7.458056725766141,1.609343948898063,-4.067925078700821,-3.132983811045098,6.520343913741261,7.314667211805855,0.904959548665564,-9.564316440678946,2.758942643572571,2.668259013777147,9.885446911857372,4.715032635278147,1.773341922528491,-5.613057710984119,-5.722515613613894,8.108408343444516,-4.899938921092140,7.181511851833516,7.865239512572781,-7.526509141706428,-5.265015015985033,8.418833725226563,-2.603244953218329,-0.636622670123121,-8.747779998182848,8.416666818670542,-9.844434283598973,1.368270516695500,-6.806956824192810,3.262746846014879,-6.079853763242991,3.035107653498484,9.213160238262894,0.860940798270954,-8.444473110376151,-0.956191778944135,0.119350652496056,4.332495814125540,3.510368600946050,-7.315544627864239,-2.848190997474540,-6.284599932541037,-8.142053004855434,1.967108510958372,8.484140286260541,7.158467172572379,8.379248546155114,1.376617735500167,3.252362846597910,-5.795854805778027,-1.099665677278882,-7.480811501329834
5.433082968316363,-7.301084574923554,4.822019671035740,-3.458792457632027,-6.764075036648062,-8.292117146220262,7.935542474629983,-7.264355826104860,2.080623082687964,-9.590779181675524,1.959568295927758,-3.915087612720565,-3.388535068466396,3.625201560606913,-7.706248815821837,9.592679364071575,9.981758821216197,-5.252281234552898,5.118628677734003,-9.267094341824631,5.797873992961470,-5.063540732958534,-1.152087481660155,-4.733926883527582,7.167359688142596,5.779313113126754,3.050116963525713,-9.997457002611432,3.504273822732538,5.277143050005872,-5.552502761588509,-8.254475416310527,-3.932720511915715,-5.241088952768111,-4.385105628996997,0.485303702000689,-3.217358783967676,1.387156310776763,-9.125907770882630,0.345857163753747,-7.384491342459296,-9.490513217542865,-0.809102448173194,-2.946266222489355,-8.055176028907834,-5.680284339874547,-5.455339908442422,3.178440008617251,-8.650498265384488,6.121797802724672,-0.825480869564565,-6.646323608931262,6.495055264003192,8.482720988841635,7.326457212244804,-1.009669074491148,4.756677057157468,-6.596455261671331,4.978838893255613,-9.612013689406350,-0.923514207393829,-1.198502227608110,1.546274303115105,2.121252850975093,2.339107292990940,-2.005002356834789,-3.857357592743078,7.714449332752796,2.910842939178064,-5.978557059790434,-2.057426519981398,8.363359759477980,-5.267985776227537,-0.098448164693075,-9.784403837646012,-2.851250431577499,0.396215946227766,-3.535537587117393,-6.392343490873527,7.896697906287272,-8.587728574778236,9.932073245228374,-2.813108444978452,-0.041477552475204,5.492636768008317,0.377516030856055,-1.241849039680689,-2.261600612449626,-8.597797611940273,-0.793333668289943,-2.274843476918451,-0.851034563436041,-9.007060533977576,4.814116891986259,-9.825877427196158,9.244231555735006,5.092878203461563,-5.542037154079993,9.342726033230974,9.379145985755855,0.033962244494450,-5.671571923460821,-8.422968845664789,-8.952849110119574,-6.689284921574703,-0.642848879681925,-9.549579812983662,-1.126151921976319,-8.604573703083833,0.983500912078037,3.018441116822867,-0.961636850727031,-7.098821535936355,-8.189203250239141,-5.429861049516036,-6.075225788296486,8.821297823349074,-1.996705330573716,4.895779141135252,3.010949186203280,-7.096652725303779,-6.436391016614690,7.084456210006152,-2.698475729345078,-2.840730482238760,6.362361500874457,-7.976903863801558,0.527680151811490,-4.714175755311190,5.243306863396526,3.075938002662735,-3.975499178390621,0.305677245756650,-6.052802138037019,6.942028974900431,1.906269985385787,6.086486626114294,3.534013524148810,-6.997498228452097,-6.581884836360645,9.720464035432876,-8.440801751620937,5.961056811546396,8.373069656586512,9.915794173853527,-4.440857777963732,-6.599580289305759,-5.406924736450403,-2.668726259247030,-4.917069125906304
8.631646346853785,-9.970406136510238,9.008327417917730,-9.202822879701781,0.579712954006448,-3.235171692014934,-4.029902683442916,7.475261404831059,-5.292149795586947,4.692407800566018,-6.033757263224016,-7.212588211905848,-7.209325419698644,-7.190517350749570,2.919269516608534,-9.076599426102980,1.847951165707322,-7.876377604410269,-2.185358650491103,-6.010582330152774,-1.136981303005021,-1.489870224718002,-3.813528394375821,-4.973001291262569,-0.979917372997710,-9.336467492139366,-4.166003312425410,3.020649365597938,-5.472556178818291,-9.692549226688513,1.221262426582486,8.965975593627576,-7.676628276982664,5.495497182764870,3.449811427236270,5.000833414098425,-2.126537218579103,-3.636654951942049,-2.983918837263058,7.415122484188590,-5.244064605047623,-7.605444449627459,7.244863803158911,5.500307619821818,5.622042469548722,-4.492070761609320,-7.245775022566228,-3.675513231002960,-7.528506142675759,-4.205292247239719,5.280937943046109,-4.298421537184815,-6.087998821981335,-6.019837916833333,8.318927001955444,-0.791668844862052,-7.436543891499491,-7.720083283905430,9.828076709444822,-2.188304790643971,-5.039075478141908,-3.559972744223803,6.679086881342112,-2.996008872822924,-5.939350588415859,-0.176487922809901,-4.974818966707830,2.740685045564515,6.931008759184795,-8.917430931562526,3.858931065134989,9.752375747612032,8.503802430629573,3.175805831283229,-9.126819865472164,1.351315179013623,7.636915411818904,5.936265165310260,7.357672975664904,-8.773375952451062,-0.749132444885312,-2.284927003895305,-1.892485128569030,-3.863030258476952,-1.445490290217839,-4.664393115693867,-3.167368195359915,5.822950978618364,-8.900587739161008,-4.912299447810719,-9.366791916655338,4.699898173841282,-0.420671971859075,5.907954837958451,7.774251216572740,4.870847969448048,-2.454915679452299,-5.393502117972407,-8.481977918298480,1.058491760844959,-5.551549162658760,0.325692283863736,9.619330679264607,-2.487040685427573,5.487961087561541,-7.036451467193929,-8.506679085683572,0.808449214266524,-4.971928560565724,-6.790392298723140,-9.378172075103413,3.790511562408756,-1.835495217705681,4.351733626032992,9.863152227116657,9.768627577240242,-4.150951831526677,2.271460233408849,9.630531373939434,-6.337747144032456,-8.071990888600631,0.597174541559319,-7.665521990088269,6.759983490173479,7.167351843476787,4.541962699843738,-0.264232175719313,0.110027364171771,8.615654451012109,6.942607915840135,9.624650745068642,1.173003812008746,-6.458137904012342,-4.097361426156770,9.150804468097316,0.378144496350243,-8.866002806520294,-7.966564968900536,0.974030918219260,9.449955047186542,-8.973132975484479,-7.125359653144088,4.404040941209646,-5.748642615685595,-3.080922735002753,-9.517522708903181,3.721031649990056,2.844109717209324,9.916005400055798,-8.738463710719092
-1.940081175053736,-0.555652797065715,-3.391425735905300,-6.947657186582550,-7.927254242359978,-4.636529601944610,6.570796000158396,-7.592723527928351,1.339350717859089,9.541113157652248,-8.603820994177971,-8.691275794657523,4.121727707741679,-2.648663397732058,4.867652769880451,-7.246720763438226,-0.866318467486774,-9.929739615823580,-1.890033353214161,-7.597134802956593,3.774670155282557,-6.718177634841325,-0.207704938191887,-2.540894211123723,-1.775076878024011,-2.717366946114543,6.625246885590890,-9.326819806960385,-4.253839312011376,4.068885765277713,-4.054994667962348,5.839863721020887,-9.319021773548368,-1.912045552137798,-1.036807416824775,5.212636457503692,9.790974940149383,-3.482614876508300,-8.297651040611429,-9.935801074023827,-5.150570688421460,3.671130997778524,4.803625496804628,9.946866805736853,7.291278639136976,-1.435893973894702,9.627526141280534,8.335458029990420,6.815738314931380,0.896238713143848,-3.819361355590678,-2.969653815463391,9.743354436078281,1.441362735994471,5.917151516255339,-5.958589129037772,5.951375548524076,8.420776619691285,2.635032039481676,6.754618282168625,-6.152853834000971,0.993618856487618,-9.932223959547548,1.430894845301275,-5.477977968705234,-8.722770721352806,6.420940952132309,-7.170220108369887,1.922119854281476,5.330596677603094,0.364113238927107,3.603479886753149,-4.621080434673717,3.415540875655838,1.789935074015306,7.322985675223165,0.057530069844205,-4.942886709914481,-9.855263166366035,-4.034646755321356,-5.870390292249208,-3.181413096786347,5.602652766268674,3.766152843156842,-0.815892945614014,-8.335701467708921,-0.955105734248383,-6.996636404177259,-5.342246074289630,1.147791985761181,-2.412261112240587,6.944283656640231,-4.254276276913438,-2.690923373095487,-5.749334198924623,-0.588967890442058,4.983790667079116,5.637493207489584,-0.769334520292549,8.090967190816450,-0.358117191208823,-4.610625593514337,-8.042877728741523,2.028339794814427,-1.487050620422680,5.197515300243087,-6.990254112658894,0.282877613038471,1.269026904664575,1.669702892160823,4.923962223240654,8.486552105395763,-4.577810396437412,5.562844688142848,-7.259565925998981,2.138345777373477,3.646800368427494,-2.625678188074119,2.572406904022484,-7.833641903502009,1.306539208341809,6.298932225748572,6.893060085987585,-4.467760248380650,-6.231590185542329,-4.569632005449533,1.675480033825307,-2.376610265239433,5.713757717471671,-9.775121201575264,9.195687538427745,-5.839384076624857,0.476985009470724,-6.984976957684679,9.480224173813237,-0.351440929680063,8.864366008160832,6.838255172522828,-4.993901822346354,5.289343190188253,-1.186964511598628,9.240155618136278,-7.655823059322165,-1.896809087848062,8.146875905496792,-9.623434755416323,-5.386695887259241,-4.822869074842382,7.197739988130067,-4.177004443720156
1.011813310501031,5.921503227151263,-0.341413495276520,5.174307982766194,-4.560054337824814,-8.158322434645434,5.323001201257149,2.087699966043653,-7.843220646417857,-4.143534455572706,2.662671787822328,5.974379390796036,2.416687856859799,-6.314014382078799,0.208899681351404,9.404736172012782,-6.911214812747679,0.136795721386667,-4.770059717715665,0.523112104006058,8.746105595693237,8.065275097082985,4.203322029010275,9.245882400867949,-8.244978294970114,-0.039519479963349,1.423923738357015,1.835543075017142,-3.474530829908559,9.182766172965636,3.818590348554242,2.258514654188852,0.161336690800249,-5.104237336588035,1.818867623183529,-3.962865587083337,-1.556144587308415,3.653092408691059,-5.560806512040743,-4.308603855299791,-4.557592902121645,-9.763169447443945,-7.606670950770280,-0.166858124489844,4.358177156920206,1.870122339877424,-4.756761894686507,6.505426216395236,-9.452951049673594,4.205335193129132,1.298286789023706,-0.700492313963068,-3.517082645042510,-8.273535449090980,8.178673385416733,5.776043106900859,-7.907591627335901,-7.856910049024995,-4.338601422447150,4.754386148394467,-5.055171036564127,1.290115826551123,7.979471699932351,9.620651021186447,-6.322468641038117,2.691507251788728,0.884875637724461,9.726686934250054,-1.409557126806803,-1.373251460453830,1.771597972033414,5.084040969198638,1.450711119020106,4.168769754413550,-4.923303650653466,8.859404248412780,-0.752331671592696,6.634895444145712,6.768601664763306,7.030982254293512,-3.585670979119746,0.663875260678918,-4.068873846919785,-0.018532341694325,-2.215926582477056,1.459804954727860,-3.889338042959971,1.410398272947294,4.016493323658350,-7.301966771351827,-4.996239390025805,5.114819661827820,-1.292522386130905,-3.064300350027889,-0.144458828302270,-5.343545209837634,-7.292530663379737,4.000882775586337,-5.658305207349972,-2.777191005442344,8.314749099022876,7.236184717470458,8.121888673393009,2.716527794065598,-8.042517024898057,-6.992641409227163,7.829227589034826,0.401846031597358,2.063156617799333,-2.253810124567559,1.833945663203920,-5.987559236235674,3.519267098621246,-0.917788672281134,2.011782116304241,4.273138283758012,-0.426251512546829,9.915302764267278,-2.236773521665462,7.928931173474286,3.053392662317711,-6.933202644299978,3.237521392605522,-1.053736819367646,-5.256983023480775,-2.336864786492643,1.574311899640490,-5.274310597675540,-1.428227983621525,9.147455680888442,-3.781511376653435,-3.725334112995064,7.707077627575234,3.025216218947280,-7.261848553827742,-4.067360048951929,-2.755095347430330,-8.255026140138026,9.459454297226973,5.481885001700732,6.097737966350426,-6.328898587165606,6.002236772195779,7.917433422187770,-3.358254906163309,-0.570356376411736,3.560090889997138,3.949772987205238,-2.028739189118911,-1.719414509187722
4.719563176947634,8.468296482854043,-7.505176556447656,4.024581746366804,4.661821212595946,6.935343695999467,-6.687241601834635,-9.032215159485780,3.301224564652374,9.431974004221836,-2.502730854344096,-4.684095406578976,-5.734664222773573,-2.600600268881932,6.640532641919258,4.560628463213650,-2.441086725757677,-8.810946310644649,-3.187466900672966,-5.855833603236307,-4.326330966290197,-2.603550396470391,-7.974961996186895,6.298352130332578,-5.776612060589272,-4.941881537170021,-4.945494815966203,5.923348447249170,9.275751238459623,5.088240173262159,3.686417766078646,8.947724073808800,8.761856685788302,1.497779529093377,-8.025335361033825,-5.717346663828624,-2.913605500546385,9.555220872475388,-6.253942172841871,-9.854066835735741,4.192234247369962,2.895990096293918,-7.775133119759008,1.973834651617832,-6.988051454256851,-5.726089453044674,-9.938017191551884,9.003381657449697,3.117867101842112,-2.509167446467478,-5.978698487561436,-2.000063736503447,-3.209557234619076,-7.311667294019689,-9.740402463588476,-8.950732342574854,-1.464274991567764,-9.572835747616040,-0.857285310047812,-6.008883021932228,8.655044624322134,3.579423983223650,-2.800908867318858,0.914796151576079,-7.388328682961207,6.228528876298270,-8.237054067242916,-8.452530431808063,-9.961705289285431,4.744387421305616,3.820556877030320,-9.904311450402741,3.734555939958684,-9.663687756239749,5.155668977347672,2.964776447803747,6.410802428686988,5.868400439236385,9.007856244831387,8.648617152044146,3.012571963471537,5.488138568122626,8.613866769192551,-5.184588423859394,4.333907433823043,-6.475398922175934,-8.985732211401306,-6.394481111369512,-7.695009290370738,7.782062522310433,3.530729097070125,-3.440644720649795,9.997239268096788,0.526719715330852,4.554930537914650,8.628057563425880,3.681087144527117,8.889975278594694,-1.143365741585418,-7.774560591882908,8.568527398072170,4.357300281336149,7.564783561674822,3.114248307529406,2.670050208260612,1.151733670599286,-7.286924984386046,-8.247257447987231,4.808039859109430,-3.820956151756604,4.047273650970515,-9.065460259744604,-3.317054088018803,-9.836071485046066,-4.939689746162008,-1.274362171499199,-8.961741801469479,-4.271384109832934,4.701983551724428,1.405740025473248,-7.721017339025171,-1.725327502152059,-2.060296241112405,-5.676329453351421,-7.986214470264219,-7.871491006651152,-3.964488563494482,-2.825336370205649,-6.598411980503334,4.248010337200389,-9.812729563866313,2.305231666920944,-8.033102850152416,6.759319578168867,-7.047566668461558,-8.223959191120656,-4.180458903970809,-6.012052562124968,8.145541889526676,-7.356192613022019,-4.101940907515413,4.746743822905570,1.003496245413151,1.976608995633747,-6.523958928635203,3.603440010001460,6.473075968709065,9.180207407674565,-7.199931123627539,-0.986847772346515
-6.687996684673807,-6.135950524557110,9.696950822952338,-6.120730432760868,6.721172129875804,-9.686505148651021,-9.179328087029191,-4.051342487964577,-6.011702574511427,4.602485649805097,-1.740849871425155,-5.357234354503571,9.933841087449970,1.423831582719195,-7.571209294048911,5.788094863924059,-9.453717111732644,1.577677627131040,4.324187909705977,3.825483977368059,5.089627064927802,1.918811285138755,-9.123618149413939,-9.029982491248072,7.454732824806023,9.790472181904136,8.020254524955433,9.109539895425542,0.284704300527274,1.315883614079102,-5.933364696890835,5.767008652196369,6.426375845966710,-3.708950610378531,-2.100118788678382,9.093946727244990,-1.324190634508586,2.300649620475628,9.972131401469774,0.623612624596086,3.995914018711893,-8.602204803739749,-7.901309643145074,2.649609774821069,-9.422381677088829,-3.744823489680771,-5.416436836404399,-7.893756901178293,-0.030032863868357,2.028003796254652,8.274909657317341,1.442697534793790,-4.361318829977973,9.666846978985802,-6.182857835479501,9.802497713645700,-8.498384537279364,4.342433493043000,4.574746951149670,6.006743963672275,6.135890576177978,2.292527245510744,0.798126662837703,5.601932678330323,-3.312566725449908,0.160329086756022,-0.304341113866595,4.031787127238326,3.819201033804831,-8.373462251207243,6.171965559893678,9.598309578269681,5.718974324846009,-1.251005959377006,3.096282427589061,-9.149749789591064,-1.571163805890276,-6.880278636890491,9.082500680040223,6.865923612779767,-8.108099762143546,5.469644345398772,-7.532396295567980,-8.143445468699611,-3.930740147765290,2.954911724526738,-8.465452821437873,-9.294700076097666,6.918239354326740,4.313188960239088,-0.612207214001700,-9.691728948597829,-7.452733167766807,-3.674337460701373,-9.351132436664392,-3.736995527879849,-2.847952438125576,1.655068517447360,1.492367133316506,-0.432789813456310,7.104357569579971,0.255195443070599,-2.968605884576229,-1.042698159220768,-6.424823070115737,-7.046781720402202,7.411451624150224,2.687597761936136,-2.522082271706923,2.166155827791574,6.979984105148663,-6.777123863856818,1.793907074893097,5.394740056873623,8.296505921386643,-8.480073018014288,-8.692262527285628,1.415147497766336,6.962492076544525,6.861925874486676,-5.913455392292930,-0.709903298171810,2.454361805544671,-0.831855570976000,7.749947377698117,-0.834202048542505,-8.957157362899974,-7.199484064539245,5.046358764806556,5.531778381636336,-2.340410616238174,1.825930737627555,2.075350449129942,3.616955594151340,6.585903288589257,1.184611424658002,-4.249294884228032,-7.715804362064032,2.133706431535572,-5.987357159196871,-3.130300217669284,-0.920269598542005,-7.464289975433111,0.330384731734057,8.406064904089611,9.544211499450622,6.250041018677134,-7.931672705539087,-2.195738315377643,9.189579270180090
-2.184013562320986,9.035616342708941,-2.822142304171262,7.798052658134875,5.943746115055220,5.221664275364692,-9.153049083533700,-7.070783770937823,-7.063294134237252,9.342500631927649,0.073259337955617,0.388762159452064,-8.644239872518773,-8.308043583364658,3.436610293667314,-8.220315912866162,7.932702118103130,-2.167796762667127,-6.687675937049278,2.385309695376847,-2.018164475020294,1.147962653157359,6.310913650674049,8.075360857215280,-2.947451459732438,8.421149390726988,-5.968557579975371,-4.012908246546536,3.251672647655674,-1.006256378102881,-2.064531635819165,0.353477547484143,5.349064743441989,-3.693592477130048,-5.127512685868720,-0.333532747692932,-3.911102128796760,-3.081131111813122,-7.691813797918914,4.166067668687949,5.752794848570236,7.025472637859757,-4.347354102878828,6.801035525523414,7.490415919962178,1.881630040787945,-8.885157558098815,3.277398021001808,-3.168611060035182,-8.745198222637940,8.952340320510729,8.275663545748536,5.203973877873793,-9.934050370172470,3.680963597416632,-8.026951474047486,-4.134628426096453,2.337946032288293,-9.378639513178211,-0.717880973526029,-0.867581812504678,-1.692649334600871,1.211020427222946,3.827492017254153,3.263222026867778,-2.215410310287234,-3.368061537086073,-0.013623839304728,3.098635421302715,9.445663265712060,-9.939592947571036,-9.189530985468950,-0.159882957319724,7.529232838224601,-7.628775157984016,-5.314542786997080,-5.202612799247430,7.750449862641219,-8.031899280706366,7.970575866842484,1.276907158985365,-0.278996431347970,-8.160656464880685,7.933200044617458,2.161368292581408,4.547476759872989,9.176976139337857,7.547857857305974,-4.284370196663589,-0.612779633850609,-8.464340913307339,4.723138622902535,7.477106306523535,4.749364659969842,-8.598812831462382,-8.392750098517116,6.674055642634478,4.557689194279719,-9.953275879609242,0.857512496435056,1.568197866390474,-0.028040240093397,5.156599526303820,6.763682532477841,-9.669244437663062,-3.306206421600645,4.369765207542198,2.664489115497975,8.491249114910890,3.795217011981043,6.065492634787319,9.141182718015159,-7.157533270464480,-0.682285123027375,4.791284781743705,6.833897080659522,3.945055363411992,-1.793508235838690,-5.584564074134402,1.473001307668014,-0.247510050769112,-1.747535490044431,-9.026672114136481,5.770705328176977,5.306237915574778,3.473204805022982,-9.043741944001471,-2.128815700457962,2.799722985943339,-6.566516311266508,9.403194938736121,4.639022340247241,7.804275694175182,-9.695878569570908,2.824836702486504,3.459790789738442,-2.750611241778134,-3.288184010267862,0.974058784586820,7.584286456329199,-6.336965265071024,-6.691844426334679,-0.539243062333243,7.028660585514771,6.985572296910924,3.066424837044819,-3.526655365748477,-0.917156852084283,7.030928205403587,-7.427256792151569
-3.157886440331332,9.122174278299923,4.166441671810819,-1.515338923983315,4.990669642141096,-0.333216977832787,5.941980739935605,-7.977868124100755,7.285982435218177,-8.245713222714876,-7.478668948113487,4.225424409223402,2.338246609287109,-9.776146953591788,9.988122130668390,6.887045068934654,9.860248561984726,-6.761906485231883,2.915703011215511,-1.398510482699391,2.537781586079923,5.250217869371760,4.479531955832712,-1.366681165475335,-3.364911638374553,-3.978718577023579,-4.976848125805027,-4.090947581722557,-5.778605843073183,-9.117438092636727,-6.997399698106950,5.979029543350620,-3.671074774398124,6.569304267368217,6.848839613826755,6.358134290415830,-9.612276672269145,4.231108462494600,-0.699112838459804,-7.813517188892092,-3.896772243870801,5.927117307686780,5.535515601567644,-9.412163163362022,-0.443851885850448,4.514127409678199,8.276998251501603,5.343959978539118,1.986570666643498,6.875776679768236,6.995150717933512,-9.873880413810882,-4.638019954390240,3.616612091698837,-6.871027888758681,5.793009699795888,6.588916151491553,-2.057216626177403,-9.292208991982395,8.555442824995673,-7.125476378804196,-4.188213447026432,4.767842582691477,-3.800257718549640,-1.553869836765148,-3.960331102631203,-0.991370224669406,8.438768143134059,4.313826862349902,-8.460290271566580,9.166858499858971,-5.372784496748302,-1.225804898615952,-7.411853235036570,-8.616677952771024,-3.780188390253669,-7.186706760252239,7.534626149455285,-9.035677830389105,7.317389972554565,-2.453054795483904,5.404505610493501,-0.539708277133030,4.981429853461123,6.874257661737147,-4.910894161914765,5.149152726863047,3.920494997736215,-8.096880698339511,-4.206470115342960,-9.165532624800898,-2.246350984794669,8.128385587682537,9.326687176084231,2.618860169988238,3.256021921946328,-1.379165030043305,1.302363759114089,4.061499987588062,3.634691982903142,-7.250444338690687,-1.357309410925740,-4.293286323216872,-6.916063910831003,-6.863153824514646,-9.977738114660173,-9.064495802553997,6.672646928667735,-8.958461701172570,-2.431721508654913,0.801851639020569,-2.821973180761990,4.993521270253945,6.710642800998059,2.586608335096852,-2.775168512709490,9.808802972226690,6.197575650333608,-9.510961626340730,-6.337149610706332,1.016886986733228,1.318787726892106,8.641361836202826,1.142299340069918,3.637696398206483,-9.410123917860711,8.731687926315917,-5.941561368384276,-3.159744239179851,2.262819179925991,1.853583253295099,6.869707923616531,-0.673088872052571,-6.810092478549052,-0.976287290368054,-2.265036563286486,6.560888012085492,7.498082603083414,0.646047670714395,-1.848858176833483,2.776226137631134,-0.518825319604446,-6.736158512758177,8.177247200405692,-9.709378696508139,-6.675990496321848,-1.420694894771710,6.528521237952834,6.626879007035818,-1.397574510740577
1.448005969086143,3.292018554864654,0.733326574613960,-1.222928814158053,-3.093137240456940,2.723425199366922,8.361556623345152,-4.047154727609124,-1.059305204046714,-5.877315094792248,-4.518497684950575,-9.833217503155318,-8.563980956107597,-1.353556890280366,8.020937587408657,-4.942960964603749,-2.263893673064372,7.118094779991303,6.307098822371636,-6.684959942528435,-4.969561703567098,1.266967662992744,5.777812557675439,-5.929277298995340,3.788317705944470,2.553784944336158,-9.303305930903418,2.214079452432170,-7.237702593000193,4.385202025273870,9.906138979563398,3.927978162930438,-5.565916983404573,1.080892291948441,-9.564486103020904,-3.516647356745186,-0.706474027109291,3.644496103327345,-0.399110921447306,-7.545570955298317,-2.758325305140716,4.948274580929208,-5.654279333985492,9.601480073405909,-5.330303411321573,-5.067916437914248,2.004140418178421,0.444675673064015,0.047685364118559,2.833474156890397,-3.760259019466932,4.534707382225180,-0.963942119061565,4.574503812421053,3.042451451096841,1.566775917067220,-7.599273356313832,3.763991100508326,-6.218484391248698,-1.732842625916655,-0.998020919009139,-5.582399735379178,0.871606731225722,9.741414000536363,-6.519551325843265,-1.465093747558345,-8.578585648113538,4.765504587026872,0.614288178856681,-1.082522942241901,-8.235266353038133,-7.931417156920666,2.312082710261453,7.794183341604136,-6.372944643487719,2.214895469936986,-4.603943759513744,0.418131128435508,-4.282181196072001,-9.043479888015044,-6.092707585217574,-1.177861527444504,-4.993639846492838,-2.086276048969216,-2.342035801704694,7.455078003152067,6.020398179305175,-7.199150804548360,-5.971293943940861,7.665715912680493,9.961117524530493,-8.260831921001476,4.716772119970781,0.398102600084272,-0.886164995435319,8.039226242863077,7.715985738216006,-9.524022341319831,7.202485531066024,-4.488952411172018,8.265140585579950,-9.313890014392772,-5.803621353563813,3.014077249058147,-5.898978747575292,4.511838017828214,-7.621267534536454,-5.771668171820981,6.553915183004502,-2.254181113529976,0.683188780408324,0.108775859922323,-6.956495575331427,-7.020274073913189,-5.463798963552692,5.327900875310423,9.239865343445913,-9.379836200298948,9.236899420547388,3.840663909805066,0.841748687735347,5.241837427995486,-4.408997424540415,8.597508600119856,-0.763351836113685,-5.000013002390114,-8.355227981776228,5.498924361413033,3.515745571510774,9.003634189852910,-6.598802732870528,-6.489029617287625,2.131889015586284,2.301037332635067,9.752158281611432,-0.292853597955439,-6.521352565303234,-2.392563132215704,-5.277918613860846,6.889042182347026,3.994469016006670,8.369809276024647,-1.814324076130303,7.523107506133147,8.435210229070620,2.630591816556702,-0.020990856002985,5.278866307285170,-6.605799626748949,-7.989032347581517
9.084626410996904,-8.601069338622793,1.355451653797331,-0.984292867488721,-0.664995434533333,-7.758411272743815,8.369280355840861,-2.244146193968453,5.926680812239196,7.637899579052601,-5.176394227810617,3.070102480597503,-1.794757522838982,9.277507164217198,-2.517547333665490,1.856026517285379,6.492071747551755,1.012381921490814,4.123280798965645,4.389633888421731,-7.652310807322438,9.533001034118726,4.280810405386701,3.476593649122929,2.434229666840555,-6.458317947301577,-4.024768355695785,-5.231294609777056,-6.873300443033110,-9.719692532356973,-3.440365386838444,0.285521023197754,-8.138764174818686,4.457072995716409,2.890595384541449,1.532239290033301,8.265226843623029,5.774525600865132,7.828525083996091,-3.155541463110687,3.752218151291171,-0.519904567604145,-9.775998991264069,1.607854174036616,-3.735665127178908,-2.639386462500863,7.240505833951111,3.633905181142435,5.456513460694667,-4.903636940193086,-0.941092361274670,-6.408733921002508,0.540046816172756,-6.701899330725778,5.864133603170600,0.137155966612209,-2.621355187085257,1.712601772663591,6.925558210370788,-2.070448946584609,-8.513475657457789,3.303566825667135,-9.666526335286232,-5.020536110833116,-9.599600187357799,4.730925466504630,-7.063908249130364,-8.588905149367893,-7.871379790304447,-8.316747660069266,-7.567156453284212,-1.684437875157093,-5.398447382648093,7.435846229834549,-1.355283159501084,-2.083588044587994,-3.085872487561554,6.542461965131469,-6.273934661433918,7.308713167099825,2.284653443227825,-7.666438838926714,8.914004193768999,1.194573654333674,-4.852510974826478,9.098340580967555,-3.987377055381534,-1.495738012187463,4.046759018343934,-8.383507844273579,-0.206631403343000,-6.888795135216139,0.754524446186522,-6.319057690306709,-9.875400778965133,2.622271866347564,-7.724814855001954,1.055494424786509,0.389573797806522,8.578367652403035,-9.064936036106921,4.782553428222265,-6.649219705896177,2.604558059384935,4.950461187225086,-2.043734986653309,-9.652870836301011,0.535062488617772,-9.795623093283600,3.626301952690440,-8.735534444229531,-6.677510797960641,5.856200268593245,5.965592389758907,1.147238438760809,5.874148894392906,-7.594189418093674,-1.623573590463534,-1.407361571250195,-8.202443576395202,-0.899035954028868,1.684807520552278,-9.123442973908675,-9.944862915259291,3.399053149439320,9.350697804332771,-1.305518777130672,8.359554335417513,1.140020914237319,9.327959469698051,-8.105932548446390,8.695144603575816,-3.048970209348836,-6.043037415381667,2.286740447704720,-1.869805612397171,-6.101354809842392,6.593208334156241,-1.344446870572966,-9.906879973997926,-0.868952442514006,1.147354759323832,-3.560717046784494,4.297686117111439,6.087325266078381,-9.323796686996022,7.014062869324281,-4.173926894959640,-3.314476580045422,-2.698893917916017
-8.032854351525545,6.353588922383842,-0.158754450999037,-0.913962218587985,-0.880186732661976,-7.363027092335979,-6.874841397779139,-0.874914914598708,-5.393499946119480,7.509489589160900,-5.100626927875352,7.299983778586750,0.747885472737842,8.292185823512895,8.790355278788510,-1.024438678612803,6.557983567786639,-6.283861625051010,5.959398705030942,-1.497006997225153,-5.941801877916017,9.040260259482750,-3.084102727212659,-7.305056624347765,4.336077673910721,8.632215518056363,3.381358413901246,3.733788423659341,-7.594795123088131,-4.711472586793106,6.962698974993987,4.550624050601611,0.579413587927727,4.604586744208856,-9.768572615863299,-6.488645262953283,-2.439298766627632,-9.293134285681939,7.157093865374129,-5.265099767784869,-8.147123220750869,-4.234380595868021,9.379564268389544,-1.137168218294725,-0.991180028715659,-3.784666103301380,7.304993393654073,2.033084944608758,1.407237650339432,5.412203707536619,-0.447912939891399,0.246609307631111,-5.881081328798572,6.382992936514103,0.502295197398418,7.180435895197689,4.877690775403567,7.136504187329031,0.958037542168082,0.057171610623193,-3.230733546988056,5.650177760291687,-4.811811198387943,2.142799035863010,0.660839843007011,7.431372460124578,-9.964576142240578,8.325237428561032,2.249532318215156,-9.711591035427665,-4.795808091296754,-3.535043307332694,-8.828232126451987,-0.647897832178126,3.261473593702204,0.297143777155842,6.605885497800813,-1.591469830181968,1.652493167100051,0.183997214564313,5.257766248730695,0.210376668593861,5.707853271779017,0.492541862514928,-7.211658254412914,1.969226689026314,-5.950084162859193,5.812285860225767,-6.947525316902028,3.794212504143138,4.669583401656766,-6.762391836513566,-5.997968950948279,-6.382178645507263,-5.817682947990583,-2.102243640890242,4.969956353340283,0.704756700518910,-2.999322013171377,-2.529005058030487,-0.547935198607536,-1.008675364624104,-2.643629153156509,-1.030904167278283,-7.255418630868339,-8.389788104547240,-9.393397747275893,-4.414726124590372,-2.516642920678242,1.808503290246044,6.931565223561435,0.008318092948391,6.882813082997025,3.400841821503441,6.684362765770636,6.947904833042312,9.791028021817915,9.624332159886688,4.391542020054578,-8.042101504606213,2.953855498931791,8.997665756524778,7.765128991102088,9.492216029153894,-0.498237536644579,-6.725232928135771,-5.046000478005793,-3.934141653123238,5.718065030954296,4.312993419764963,-8.246382333718936,-8.486179135368751,-0.775899386346063,-4.232552096963795,8.623566288943334,3.829851140188840,-0.917658632901365,-6.211671072149092,-9.029299501803505,6.114142599881667,-2.566636524346901,5.841547116813008,9.120772649588154,2.715123381921876,-7.515838621056927,-9.180129483629232,6.979308662742532,-3.566920697841891,-9.532293664456935,5.146457559562652
6.032438655261299,-5.768048512935438,-0.110623988953941,-8.289508084711112,-7.943751963111070,-8.906158599612919,2.527255194952167,8.217179349405768,-0.585067764439790,9.483267541900943,-0.183783024696320,5.917088767251537,-9.839755073396447,-4.789447759673944,9.856764181964184,-8.391252890404960,3.325192088648198,-3.305904182737454,-3.058613580076712,1.185692923411237,6.626263481471476,0.615105958435425,-7.456095061028403,-9.133721233274359,4.052983235934406,8.762875773157063,-9.731960042957127,1.184352984871657,-0.704692695048832,-6.695434806058909,5.908386135664328,3.870405959278692,1.471917835129259,9.326754619630062,1.418529280423737,-0.646182117924369,-3.674414740295733,8.177730628559349,1.905708172186266,-1.509425544909265,-2.424087031057347,3.668675017962125,1.175292947939370,0.470073458902640,0.570485887583480,0.045786593217134,6.984834377090607,7.172123289885715,-3.233760155304159,-9.369524289297450,-0.349036161527177,3.754547659783151,-3.448906441695375,7.351921235812132,4.582251046344300,9.920234837626033,1.848997199671087,-1.671013162224158,6.181773689743224,6.291285947020867,3.234952638905607,5.080627228215500,-2.826026440885356,5.837469554566288,-9.548800425335457,-5.543148952589045,-5.252261265713969,4.828737484700936,-2.497416590429989,1.955425236225409,5.955031877258945,-8.127915490171002,-1.560235675841426,1.039685133979329,6.310910904422837,-9.341243653073615,6.745319494651522,-4.270645775578210,3.555704804615694,1.440085620324098,-9.670025200691493,0.774973908524405,4.707544157030467,-0.577508161912387,7.501063116789254,2.083798586264331,0.668812623035254,-1.258993786072377,6.479304238654851,-1.233808941317204,4.823234639241303,1.039999790618937,-3.560152699707944,-5.041449101939362,9.306254199385350,5.518116015234781,-5.615041408553212,-1.889170852842263,1.627143269819731,4.675383096770275,5.207726238229819,-7.540668784551476,-6.299709311885358,9.122446569891139,1.841020319267860,2.812960914617772,6.408157499862980,-8.868604843066660,5.857272125435124,2.388603243602363,-8.470222585041894,6.715083692042846,4.411586008998080,5.539720622890709,5.097946452176114,-2.139775778658013,0.114221323497885,-0.324537187131364,2.699803096866109,0.731819407856138,-0.988995154753509,-8.502607300394958,-7.380829182363266,6.177273337679658,-4.346955363585812,-0.905398038945002,-5.810746985827208,6.151516304644840,4.221874243780414,-5.260209711642370,8.872813326367236,-6.081010933840587,-8.269396810431974,3.302868527034001,-8.050472317533297,-0.527459810128635,9.227317213453649,0.742574372908766,7.009064119786771,-2.797884140646351,1.629268348285473,-6.449195885552834,-6.055249323735188,0.347744800205641,0.168200153594372,6.200508138097081,8.742564214590651,-4.076670154141697,-4.015295326303816,-1.035758492403309
-3.171609931198464,9.160292598973022,-7.427538198776125,5.866863186144309,4.525326299584107,-0.555766266911959,2.212534650888792,7.151345436636692,2.874952518600418,-2.702342092001857,5.323496028656534,4.711033316923004,-5.734164090223414,9.260457574925717,1.515840743420274,-6.060574222660251,0.089761468617954,1.756597755575562,8.617191612918095,7.105348071988587,-2.985456460099078,0.790895065826971,7.660511993883013,-1.880990731073222,2.562594600594485,6.563285988240484,-6.339858768872427,1.921897738317529,-7.952187788000533,8.140536943519908,-5.335032524105278,-1.008117769116506,-7.203949503724793,-8.868176273738900,1.104234522139278,8.724968423435374,-8.664458324964839,1.833585248982812,-9.196282676905485,0.222296932209964,-4.207636927584208,8.318965947755050,3.229069454974102,4.990180930890883,-1.119978146439141,4.978972222183270,-8.403752199408451,1.953433778177091,4.225787599002494,2.284281402777868,-5.444491446493755,-7.724178618578915,7.970391833975899,2.983163567840377,-3.551924422891258,8.353684372838039,-4.208363540841276,6.499292386054240,-0.039510994315780,2.105603058603652,8.122764120493912,8.300452496430999,-6.761631458798072,-0.099968183576244,0.333868236011925,4.918423446522883,8.315831210267817,0.440716416545257,2.600794968450643,-4.110148564827059,-1.456891503122046,0.554259678164717,0.932180141621231,-9.240417519096802,8.849419039777587,-5.710565331990828,4.980261671264561,5.203905558521098,-4.133810233869994,-9.317581607412379,-2.857033359649366,1.155662178009537,2.628283323826267,4.025694597010359,5.402123108037395,-7.355550428344692,-5.933138557975255,7.047608690567721,-2.778358246235959,-1.613103273256819,-7.824693699146874,3.193897348351825,5.652486431108596,-3.145602349523688,-0.373034039496730,7.059290262532308,-4.849300372241647,0.617664921239928,-7.752268074839314,-1.040603970137649,1.469474224630272,-6.899727874002950,8.338838937292856,-9.728601672107493,1.140059993612530,7.968085084142199,4.260378207486502,-5.729746103476963,-1.635026418952405,0.053735539585517,1.675729494702285,0.573422243560220,4.309126937071348,5.541754924886327,8.291673648569837,3.143073437705402,-3.094403815876234,0.876661697309967,4.953894262575112,-3.746744312551291,-2.057384383520871,1.157558164405392,6.134938783285918,-9.687390230608354,-4.324811903723493,9.082183933227121,4.111092446421701,-0.914677429234679,5.604985548978931,-8.111904441595128,4.167898476233479,-6.937712141468849,4.353228471919142,6.748469222496610,7.478885667113598,-5.597546356535988,-4.551674330290352,-7.233990186199768,1.021394458321090,7.544200395946824,5.501400684008001,-1.165648059804722,-9.152000613868880,3.588503584367055,-7.421972309275622,1.930280757973829,-3.260964774597279,-7.508257506853986,7.114987564155687,0.389765837699212
0.546405148442970,-7.642921194783662,-3.048146598520082,1.171057388605822,-3.584722574210084,7.064574544856171,3.709185975662789,8.406006950501915,-7.715650493337584,-4.102785899029955,-2.568095496389273,1.925402852934212,-7.336265073406880,-7.754170200236656,-8.621641035625462,-6.038391849018407,8.513655523744887,4.905807175267366,9.624478895537656,-7.939209602035138,-2.609399904391562,-2.000244305314631,9.599590043287904,-7.154213997219072,7.452544825688435,2.604335962177958,9.476694277272568,-3.157959391608012,1.866086268657789,6.796387510304335,3.712664639080545,3.017385977042192,3.023900070818520,-8.177092092308300,2.515854123792419,-4.629818445326997,4.522028102590019,-1.571517974068968,-7.211862767201451,0.227726531700515,-0.766832497563314,3.527655066955607,2.716263663259426,-4.216365902385364,3.605210595153743,-6.335665544791356,-1.895852534004927,1.162156461846850,-4.769927088516884,2.864516751084764,5.852777448630320,-8.291622029308758,5.701431329906333,-7.723650567239703,-0.189812749204389,1.929489731566580,-7.135577739641117,-1.484844561459317,6.534705908735091,-0.311807023390537,-2.948353181414083,-3.634712395576283,4.124870233675455,9.223119453993192,7.738367223579413,-3.542732587982583,-6.454587833956822,-8.071888986254743,0.391201900547895,7.305588134525173,-7.146552944170759,-0.284965733882334,7.803001748839097,1.738553005069623,-9.925877610697400,-1.900308382410712,-4.731817479965555,-2.125555663027072,4.577223439081413,-0.518971931999568,5.701336841646080,-7.110489122834657,4.018042556545829,-4.819583651258923,2.972437439101849,-5.857716121011666,-2.027203967964486,1.730436631731964,-8.878112439788982,8.142350475621313,1.238431036533390,-4.947846465280756,-9.760795374979999,5.451845552484739,-0.423924150794765,3.829967376056944,-9.813909129792968,5.933342550046961,8.431195699281410,3.493325244806137,7.106370724666554,-3.302223645801796,-9.135364801324135,7.158116008486655,8.494582935303235,-2.555820382204866,6.150572616406418,7.912835951500142,-4.686090267691771,-5.540352320159441,-6.162806646195522,-5.898006165561018,7.139208251475864,3.317512776814763,-6.150645126412786,-5.869338282552555,-7.027539726407466,1.493837764281718,-6.402880386619463,7.950934396629329,-2.459786849657755,0.906372922653793,2.719997645229387,-5.954957416971542,-6.456153656253054,-4.383455063824386,-5.688175970678961,-8.347241584790918,-9.384623894866511,-1.042541113192225,8.269333648318732,-5.052959966768322,-9.242369915313464,3.092775500820739,4.472018700010306,-5.159175734526194,1.378777933422313,7.280036515927890,-2.017210700892820,4.213411836709023,-5.191646073730471,3.156087156614326,-4.546874368675917,-1.714331536211116,0.002163176532136,1.891506070683933,-3.255263238655715,4.922610684061699,5.983469033666138,6.321416693932225
-1.182169872791899,7.541947905354657,1.559780446544440,4.047116850457202,8.317161793989378,1.940682157151215,-6.296643712111429,3.253222600263344,-1.979527957594780,-7.297303072930401,6.210818563463601,3.834563549678673,-8.418417303122826,8.184747003234932,-8.523323227477155,6.499212041169443,-1.285985261683830,-9.433160736475871,6.590006788698481,-1.730641834601702,-6.608649409071317,5.839195020960856,-0.885217291536030,8.040168314491755,6.187278507088617,8.453080592332618,-0.124614899635729,-2.093280008501042,5.978311108184593,-9.682335465585744,6.436613419393325,5.523236029142351,-5.091878264642926,1.529372822755242,9.144832197566856,-0.660099817270257,-5.069242238863405,-7.233686640313173,-0.492305863485624,9.549400248756392,-8.364254569787358,-0.656536354947532,8.636970296582220,-7.715181258677668,0.893060564070371,-6.484046403731552,-6.363062851572487,5.191019351567324,4.341913837790965,3.417264619736919,1.823209612489528,-8.603689458724118,-2.581124364721187,8.604881842038942,-6.126986981565197,-8.962411759260782,1.367960630252000,-6.490208215543680,-4.579519337039859,7.108247513588715,4.025264635790840,0.549322427984899,-3.311346651316169,1.917505280646843,-9.762263313607518,8.857076380257304,5.180564172074259,2.896699687621620,-5.938977936631307,4.201052990009460,-6.532239605000097,-9.532475493206128,-7.241240024637996,-1.937421327277264,7.054469872194883,6.688625657471420,2.937268189779353,-0.066870483594512,4.285402764874544,-2.956151674304230,6.517231989092313,3.253070299974352,-8.014826288047171,-2.341356781821407,-8.747243028853910,5.306499860594725,5.568737733617668,2.837487911402077,-7.464190457710098,6.660153764438618,-4.287047915688415,0.091372809187133,2.473557460107935,-1.290308018279195,-8.225134868071214,1.592102265030613,2.382156106611193,-5.260668276411630,-5.197530440004552,8.740212292661884,7.791866709830554,8.033095012366843,-3.125319252651176,-9.691717915690665,0.319393192598600,4.890143489749184,-8.224904654138207,-7.841874502678285,8.063265001089079,8.745500998441461,-8.114036216968135,-3.038685734592663,-8.306681944280061,-2.234983906495447,-5.669679362161411,-1.902691120420211,-0.066377040188277,8.185094263709505,9.823371461121219,-9.090274436368510,4.897147640141508,9.621405103073151,-0.756402163994078,0.352596201903992,-4.151166262491759,8.071986651378825,-8.905666757805699,-1.427381693418621,-3.292302775799138,6.387893684148317,7.168625976261801,-2.252626059331373,6.079586630243575,2.145462109616350,-6.051368655792350,-6.719373914979965,-1.533843650576429,5.967298838802513,-2.556561357319936,6.431055557083660,3.721249229855921,-6.297082256772932,-2.056024052980847,-1.664931862426361,8.504411215510334,8.176609112741620,6.368997889523964,-6.415354282400973,-3.064546786959066,-9.467612070836132
7.777416279878111,4.334613546697001,-8.392740536940442,-0.453627168215998,1.088948473049399,3.266303376951878,7.290556621361080,-8.363961581849219,0.421620527854065,6.471658364025309,2.720911160362952,-2.407809834097659,3.879967427331273,1.022277548995419,-3.531152648301356,5.969366824292923,0.736437568086091,-8.338950011247439,-7.901070626754485,-9.152615840063161,6.894213219363280,-3.485640085598005,-0.976076986058247,-0.607516250122512,-0.466453819958900,-9.017327441665939,4.507777266116729,-3.938456383988116,4.504890916621406,0.488140159155986,-0.203376346936619,-0.870562811437987,-4.268583104633572,7.238925669556281,8.368915407880419,-5.488929820416435,-2.264957344284461,3.563347871288649,9.151285907346118,-8.249805087389717,5.650507746205653,-9.588400756616334,0.018606513016422,0.420122288673809,-2.905708084209744,-2.748576562815048,-6.053997208553977,7.654372957876486,-2.876530426140171,-0.476437668563829,-3.486123027360595,0.811606311571190,-4.018620894798033,3.723646044756670,7.936495668169034,8.298370079774323,-7.723474598222970,-6.033911127059623,-8.204563387471140,9.105946295420029,-4.569344053878794,-7.539835993555737,6.792439211949542,-1.936748367567487,-9.733138549467451,8.920114722650542,3.230546600840249,8.546280536440840,3.469576159472519,5.720317973081958,5.987159067959226,2.058698178723100,-0.617585984794996,-9.636082300081663,-6.119398236857174,6.991893879166671,-5.117553758541380,-1.653347528824579,0.667508482981805,-7.548649428731173,2.924837775121699,4.452034721772799,8.583798162378123,4.577211966326553,-8.517215983473571,2.282223867967003,-3.313327447021375,2.638187153339677,-4.803178511974076,-1.299329162166774,-6.062904003459111,4.913920615994858,-8.114618032057558,-7.297260411010170,2.137840532805768,-8.699311953683575,-8.997048888051573,6.630333999570379,5.617653503398463,9.349204643572897,-9.741663557192343,8.383064677689390,-4.270370653532714,-9.641039587402634,3.787561635430624,1.562533130905221,-8.579676305975736,-3.944617468532801,8.664714377650245,-3.404922474369895,1.436388338882891,6.634539698683092,-3.911373343850260,-0.259860301501183,-0.275851780764174,2.737176362863156,-2.524461425501965,2.380909467845900,-8.643004762288047,9.261016443018978,7.465043185680834,-6.983906425811737,-4.298314579067068,7.003498325177887,5.872071850504552,-4.702855790846801,-4.361867898004657,-5.831420580867297,-8.710779456624952,0.480805411537711,3.758750944305758,4.225143127597457,-5.657789101229249,0.424548932080489,-5.542601576152095,-1.974904803133947,-7.852457155349015,-3.706060566201661,-5.427330933729342,9.806556067122937,0.412960745920945,9.121036451876837,1.193729415587676,-6.667149219819395,4.721623039550790,3.937938838210382,6.751240522879854,5.202677951069429,3.374583453914994,0.763324121553504
4.770149603707663,0.265280180506943,7.489477777650379,-4.989714564037562,-1.577137317176408,8.768008764822092,6.846239612656536,1.171240698507937,6.025182093983389,-1.484413830564248,-6.900460800351508,2.569116941944058,9.478910071122318,-1.788205486183577,-1.254410393102674,-8.021966411599026,4.990666511480624,3.488258169782926,-2.940079282855546,4.131524792488630,3.830615337650102,-3.273385431733464,7.967402326572696,0.712056549683343,-2.748834733377043,5.282535389804156,-7.813873870876908,8.199487438450031,2.630732555855355,4.524931876679908,-0.937784902077068,-4.764918444860431,-1.099749166686536,3.467349670177445,9.728033901071534,9.248872070948295,0.163467627274123,6.540382450254690,4.817737169520333,4.881074508444485,-1.900289826464492,0.764712398444182,-8.707296152708334,-6.036006256579096,-4.750680652665354,-8.961888357759111,-0.451220851597441,-8.622043712006242,-7.472771018031754,-2.499894424351982,0.630268639384965,-1.011676551242983,0.140353232505214,-7.458221461627435,5.951089616733050,2.341965417593583,7.803099447268977,-8.301143459618451,4.502978823007449,-4.240587025175902,7.402199757280577,-1.023404266664524,9.628385219779705,0.643478722678521,-2.467654005232123,5.246158234047865,-2.961933097082767,-0.285590621073881,-5.257115144374797,9.203808249302273,4.794768706394134,2.266950966983314,2.692747665947815,-0.622465128462299,1.327309202915322,-0.652046853117305,-0.316615040944175,-9.288033319310163,-2.657837889281264,5.497237401005464,6.082028584704457,3.127577990003207,6.223803111610987,-3.449870438018610,3.747010801050193,4.621371474675989,-3.690796478592484,1.503111979778456,9.107682531212063,4.631019779598777,-6.210561218110624,2.838877073439788,-2.357333906667192,2.410427774403896,7.989823078104610,-9.228765122616764,-3.211358823716004,9.107362663419270,-2.297389813205517,6.020479202400161,-4.033713267093391,-8.845049707377024,-2.312619085042726,4.423554359270687,0.186762428351715,7.685924854950347,4.696197533215445,5.562541149015711,-5.678849806390214,8.042711752203989,2.207710637369908,-6.681438480122859,-0.726749492443691,-9.819898509144407,0.019157701757489,-0.197644080024817,-7.029790195056293,-8.183790127878837,3.095906606825187,4.522253348469008,5.169754803510408,6.717804560673770,0.312071974720286,5.489115896214880,-2.314279632613587,-2.884802497978500,-8.787271768320284,-8.514096808723597,-1.079726256817551,0.732164810283113,-6.003813757803009,8.671211932368934,-8.879326507484091,9.629446073947967,-0.432053991996614,-4.558855582758417,5.982375103939461,3.807221793855453,2.782139912570932,-0.804881956866586,-5.813054379238311,-6.324530602673255,-7.982963617382874,-7.749510108865882,-3.980152872358341,9.668120767916932,7.667778344483203,2.733577223553052,8.373415693367392,1.412791973110243
-2.268563314154077,-3.037195341490828,-5.463017680264222,2.394160335401578,-0.290553527073516,-1.427576370878807,2.613364306370533,-8.225447374024711,5.908614553522957,-6.003008223155046,-1.434087102472517,3.742169318271989,0.347689746673804,-1.107069912783382,-2.230414640884413,-0.779473606381298,-3.282863203758701,1.264822866706641,5.621628432440309,-8.074028818909945,9.992306111099186,-0.277055194317255,8.679042470343528,9.309639450631863,-6.186339385819483,-1.601888753195571,6.040723145059967,7.521522379410918,-6.104566936474880,-4.446394207741797,0.991815083877569,-1.669011248265718,-6.759617883251510,-2.728609509720337,0.772772021833463,9.135414432949513,0.302868055594596,-7.728869435662881,-9.640669326862046,-3.346978142931698,-1.939041351918904,4.235831239565261,3.433247597005153,0.034645771421228,5.656500680395881,-6.332559875174897,-7.778609620180744,2.491141057859414,4.579204470924676,6.175368120676261,-3.823598734127131,4.295270809702878,-2.844254292562931,-0.983430332303133,-0.459805627292734,-6.489263306802022,-1.819016161026742,-5.089043860914623,-1.084202939638931,8.358783631915713,5.144099602444474,-2.863367193580844,0.428107990604151,4.963659832968428,-4.022632175751905,-3.096971654137368,-6.375571264707123,0.357156970892973,3.505209471699267,-6.674483419917565,2.675086589681033,-0.418312651670284,8.134995253141895,1.505732734097547,-9.737968717905485,-8.172785404103376,-0.115595165820450,-7.796862775725559,3.968879517453406,6.287643128702626,8.815414590547626,4.664013975090999,-9.086556988731054,-6.190775387289524,-7.949687306559459,-9.165676795634191,8.003369200217396,2.354258763218237,-2.088584929770525,-3.615752157247798,8.494755059890167,6.438612219449716,-1.999759659680711,5.450652635125000,-2.669983879041395,-0.251921886263933,3.928472620996065,-5.353103653487516,-2.514184573837457,9.524916824543915,0.036591487630908,0.674764434517845,7.568680559785058,3.601241478186555,-4.590330876666857,3.943690476206367,9.342428481149327,-3.464711642886464,-8.122230280810887,5.918542656898635,-0.396967068490506,2.309197430037164,6.512716680733671,1.794410348470553,-9.623563988627147,-3.778495971552946,8.809242747402969,9.629737437987217,0.836888071494835,-7.420412148005426,-9.313667399795376,0.819205934633949,0.720364718526875,-7.001377419577437,4.801245784560935,0.151630102334400,-6.654741251438720,-9.437263134129969,0.847886078188949,-2.010110455855825,1.415598401694083,-3.865638020176161,9.276654971631753,-4.325194233652939,-2.920504286498351,7.299095364699305,-7.593673401157044,7.761512112350104,-4.168827259852675,9.196718464564587,5.423660594121205,7.472250992481989,-9.306542320685482,1.431211065950391,-4.366626174840667,8.033943956312562,0.066497625535494,-3.784245429143072,6.982761409568635,7.892671749518790
-9.779369507968918,2.267862509108056,-3.960435660877928,6.746835606543339,4.059228074632435,2.330739201470081,2.418309452076560,-9.562811153332792,-1.122860557171133,1.879659573600156,7.939227933768098,-2.064497108951109,3.599844024948913,7.694724889008409,0.550785974769010,-0.713322400719999,1.829895287706883,9.801490748514819,2.840922635257208,5.939358113635205,0.171170759225138,-0.410216070017652,-4.320773132386493,3.294717406001944,-4.479079612956561,-8.042457196490773,2.204610829545610,-6.482864445735716,-4.255816813075503,-4.807027414571710,8.361154775805460,4.098579801783659,-0.581487414204497,0.766876561275314,-2.303010201036548,-5.771209182507926,2.378833772466473,1.936437718321528,-2.095268666366826,-1.585428466442767,-6.987494848502740,-3.334691200786237,-0.299574353878558,-4.343603439271417,-6.794134412441637,-3.095527625186129,-7.920247827299804,9.596261933483635,-4.636203167745983,6.052776785727062,-8.273478191446937,1.827472712620438,2.300067737427053,3.924753438925752,-8.049711961907738,-5.231298482828310,7.115602837997727,-2.403690858345615,-5.911080014215222,3.411661963336494,-4.849674742099737,-2.829026883923618,8.217754518657429,-1.263538866898797,-4.762171567107874,-0.236737589783996,-1.966104169015308,7.770669294929117,6.508237829023798,-9.187836918284562,3.165342590975573,-0.839497219407303,1.576715528919202,-5.043259709928347,-3.014901030825554,-3.081448537811853,0.835170638341340,-1.643963111251576,1.514778637341196,-3.210227955444829,-9.539809443126561,6.551101051884210,-6.418512776513918,-8.977814801436757,-2.402694101189926,0.713452839244056,-7.079837907792497,-1.994518066657676,1.799599145579972,-7.632260900213739,7.251986394799125,9.422326811955553,9.904471349241717,-5.286435263480449,-0.979666695971906,-7.194995361316321,5.845691095013164,5.756241512795143,1.818496455883338,0.122530866336731,-8.491132093133009,5.355188026003173,-6.139917683744169,-1.826428303898123,7.442763526567962,-4.542581771702729,0.127184345491782,-2.174726702208122,-9.730258132772228,-7.087801538947804,8.633082267913998,7.370415673684253,-0.119200612438881,8.959021180950067,-9.328958460129124,8.594525355247661,-5.507666864804650,-5.828073958289441,-8.785163089759852,-4.920649861067616,9.770700947208834,7.745298283341633,-4.285030521183478,-1.962426802010313,2.969592869668565,-7.242229661599769,-9.866768004788799,-0.742832239711257,6.111890192222873,-7.018107599466465,-6.070906567236438,9.894794068220868,-8.502733269090346,3.771194163404266,-4.772692557291176,-2.763549724935073,6.657963103792234,-3.189734474625938,-2.451289281799765,-3.709895020310268,-2.631023592974886,-2.099551305907394,3.105876420134642,-1.043116987235031,-8.384350322265853,-2.393954378664642,-2.637298029974138,1.432320657856934,2.361210260710118,3.205031235689020
6.221884135783089,-1.784763228880644,-8.452890199041981,9.264608149965113,-4.806328200250563,9.320327873398639,8.702192770491767,1.129733875232811,-8.586877234143426,9.293112235546332,9.957588295104848,2.058008220312068,8.025819734948406,6.293038519152049,5.500644207293997,5.980537459309748,-0.756852760869677,-8.933415707740412,-0.872970138950055,-7.865140176041763,-6.327587316547945,6.111451874010548,7.545634181321034,-3.625132407407770,0.076414515574697,9.920057273164016,-7.825718498119471,6.464382585670172,4.468412754101905,-4.449222812226806,0.817858617275100,-5.136231921459940,-0.611461228134001,-7.500200176808134,9.445240638966727,-9.764269749262255,-9.826450186465859,7.556770663178185,1.658436692075822,6.115289791346385,0.514766304007136,-2.285235734652344,-0.006943709322528,7.588147957154540,0.124663148385357,-3.635927380648718,9.464922183172746,-0.818616790779105,0.020078336950544,-1.007965160043412,-5.576349402141060,9.061977716575939,-6.049466735295934,9.874571709741240,1.919419611429491,8.709927060389965,-1.741653315755398,-9.318590983389953,-2.561148520803349,9.400170105594533,9.007802623662059,-9.237399711167402,1.668928759149686,-9.438180565076049,8.380769841299880,0.525292492492930,-3.085318173660476,-9.762410618276508,5.930734719781146,-1.797379726105142,9.125428029496970,-2.204762544087475,-2.501004816532442,0.054798777576885,-9.574493256785143,-4.854551248155659,-0.044342741685529,4.005292887427723,-8.067856662152160,-4.305026613697096,-3.889190089423648,-2.907139531538807,-9.100818887189174,-1.683052155383608,9.640847879946001,3.286354949047386,3.514084598389942,-5.585648517380100,7.290855941402064,-9.061316045312191,-5.217219765483653,2.033717869664082,-3.654466069047546,-7.924757067311148,2.215863731990540,3.926925646760902,1.442053146604954,-2.744634819244363,0.080855387928070,6.724378902651203,-2.362964933824201,-3.116236940299004,7.732689949251206,1.509407922154738,8.966831462312868,2.550124642990919,0.423239374965316,5.271569781053024,-2.573309380692097,-3.646795169671551,1.136256298091284,5.518558723288109,5.475483133922090,-0.172645017526712,0.965865756439698,6.525598959845837,2.200297925524628,8.356030395880051,-4.602593520070135,-9.110014951055810,-6.963227647207781,-2.286812568125381,-2.231567227765757,0.937177158544248,6.372815829666397,-5.263984037844911,0.975398851950246,9.392779948109762,-2.891160342400642,-6.808255061847035,-6.324835042140780,-5.504830367243246,-2.616589310171003,8.504737935926997,9.323092381172646,1.202837284780742,0.000312346241644,8.206938021921289,7.254848479365606,-0.536220945036103,-4.289057431965356,-1.961993469378545,3.665743574337878,5.612502525633012,-4.036695994438261,2.503487584596941,1.833633615907376,1.597748470217921,-3.589835470980938,-4.471998509750033
-0.027002420699592,-1.346665498508949,-2.733272690546766,4.525529344681466,7.963870999940365,-0.971537812516960,5.029850899932047,4.708424313615495,5.712612352601695,-3.688649478006292,6.485518157268469,-1.303047125527470,5.569627292810214,-9.143195897693188,-1.378882010324855,-1.880434333420071,3.881670861329813,9.877436944129375,-8.527188292004450,-6.345253712171044,-9.575513429417455,4.910968906270096,-4.133988723692770,-4.428596485784313,-4.385076527108520,-4.472349079190867,0.152944696236171,-6.596668979086755,6.850786454069947,1.920356873832677,4.938929783684491,-0.911467913085332,0.855504628223919,5.628726170059279,4.944980889610502,0.651434157296222,-6.196076823983243,0.293431531632692,-3.338494892599570,-5.476152773590419,-6.860397008416330,-5.012545553621369,3.426316970923731,0.042971372161391,-4.666390238153120,-9.693793527623999,-7.177198583167518,-8.851260874539349,9.911238875057659,-0.063914587360934,-9.087736565086146,-4.922030741694718,-4.020403345644223,-9.868206020645982,1.918035794130425,-8.166170621523523,8.023938111481264,5.240107854954200,0.257873443401067,0.372839130066362,-8.801895745754694,-8.350561744891014,7.107945751890298,5.898226152422668,-8.505622098011401,8.467823069399802,-8.788928944596607,1.390193301533859,-4.638024244292723,7.475453925557044,-2.079026651339650,-9.455983892484749,-6.625611109813514,-3.068973184050902,8.937023076459344,2.046134103123096,-2.627803110235584,-4.584565329816728,-5.696515481875162,-2.172850221366208,7.397294381818845,-4.461718491496005,3.317277367085175,1.471618173716918,8.135561874978666,1.567054451419846,8.983641490523652,-0.231606824528171,3.202977659083693,-2.587358221886038,4.669577347806227,-3.807453782339689,2.932378135064940,5.054663572446454,-2.386110303690092,5.886282391543505,9.560892435423245,1.802517652806028,4.138060909438199,-9.403838358432509,0.733102338804880,-3.623306172875331,0.787968337624665,2.234558117950165,-3.417107486755624,2.194933204530404,1.759552851072360,-4.397657839865852,1.479156626407871,6.955964119043415,-6.820976019330089,-7.963602858829937,3.767383692198095,-0.561001222709976,-5.033835709249342,-2.833340142107337,7.945438382951252,7.361317060239916,-8.224664610152477,-2.973637213818440,-0.542772470163111,-8.318811899584810,1.946595695741568,-1.233594008119210,-5.797830366100156,3.714544565190392,8.329222149425362,-6.171839540061701,-7.500244961596989,7.563185117337405,-5.684403355681416,-4.052701858440160,0.666028518592242,-4.102097289946633,-0.850953509803034,9.797183933145540,-9.821820283239065,6.790918021114052,6.867239786882475,5.510206031001852,6.835047532087685,3.160753086456140,-6.674791437420486,9.350813393558074,-2.932921217705633,9.599905102777630,7.320726223684751,-4.952807058989022,-7.498873638321493,7.904271011388236
3.283260945681391,-4.743068135544426,5.717767469976573,-4.054175737564312,-4.740049645959243,5.169240411116592,8.622625773625096,-0.143771363690636,-8.529265282483429,7.674564526726016,4.135968146350713,-7.658793908608697,-9.620073311577613,-2.605087940050503,-1.197276018539231,-0.688761917327049,2.463308822445553,1.050916633015044,1.488975617837625,5.521734258129090,-1.019473105371196,3.322356595078723,2.832843731996132,-3.909161245676356,0.040128445513169,8.033690836098103,5.705934917518626,-6.532693078243426,-0.076625190364368,-0.964120012400404,2.840952888666177,-0.953684645574844,-4.525950821709380,-1.888417785214894,5.185836416051995,9.177385172871478,9.018429904027677,2.797187645582433,-5.980844458978756,7.374478917709379,-6.403812503989730,-8.280336812057117,-9.723839298466491,3.839595042727764,5.102771092549585,-5.650870478950337,5.188861648854587,2.392238828093200,-9.140943706576078,-8.231346262556514,1.165425771729176,-1.742806915720648,-1.478075751438652,8.822665537467401,9.340937859338254,0.191221083192904,-7.709011000801615,-1.324810045867910,-9.347184872762393,1.097197666139229,-3.117551982494353,-3.895397204803464,-8.743059782174525,-0.327841634487822,-5.157716902471550,-8.448223799934141,5.880179874111535,-4.588144057362564,4.323656709657000,-9.935451085235524,6.918713255181359,1.039319133803698,-3.374148913836263,7.632757279575433,5.838453477442155,-2.202791181797828,-3.451041127856942,-0.011205498618303,-8.218141313860672,5.570588521443582,-9.517756141569402,2.115413555973785,2.991882570204014,0.779898525855732,-3.608255358055175,-1.079219364163169,9.974998570613558,6.544986090861823,2.164222419998678,-4.463394696722515,2.842682218176629,8.145292540594781,-8.100899242416126,4.040241626835538,5.058741511538056,1.583941039456951,0.097452161955506,1.189776294672402,7.292809768000403,2.354217835487217,-8.063137722010405,-6.671066476058307,8.505306814081859,5.333840608020648,-4.571962615039721,6.057416845641825,0.476138226737856,-9.898722641680124,6.619658270183301,-1.745001272842702,-5.613149396121393,-0.617043268603052,4.203686364334985,-6.761134924028132,8.038808867674071,5.192804965564788,-0.230840385569515,-1.255723781325532,-1.675793139793814,-3.808587401334327,6.541350070054836,9.135665236063051,-1.667493370521358,4.190449342612439,8.483357883957659,9.157253520887000,-0.004154816360835,6.898574461107195,8.839490786294625,-6.615687657500933,0.643402324239057,3.598114180528274,1.697800192872636,0.837491732372740,-0.153861285671947,8.231619537882182,-2.881121205930775,2.114755953261946,-7.751143220651267,-2.585317074037636,-4.196061691941968,-9.735022397089676,0.003727780375556,4.415627741348249,-9.327772320972601,0.228257961525530,-2.923028370508609,-8.489346350401911,0.347336161443048,9.424969010461439
-4.095633848654925,-2.000439748428152,-8.120911742568246,0.090859398550169,-0.201555172055482,6.311693801081184,-5.476292891772847,-5.182538527208436,-6.310350043376845,-2.796037282428092,-9.393551471151367,5.664137978272104,-5.968588067374061,-7.071535908940376,-5.477108763803377,-5.944846462519553,2.566446664453647,-6.165023123307199,8.591290338507516,-6.309324774445919,8.015941698445090,-3.245032891981722,-7.178651401115079,-5.593123313870699,-6.822940699703725,1.888844739415285,-2.660797189709694,4.842034241780153,2.110020071050380,7.467978948092927,-7.786291747910495,-1.423522424599117,-8.278359611485540,1.896035550390398,-1.921383990980900,-8.439422823239441,6.467855385958206,-4.269978239076304,-6.445031749353261,4.167149428100114,-1.533117628421394,-7.353544446860115,-6.301892716679491,-5.388865793621904,8.245314560176027,-8.401996936710209,-8.668297764379510,6.726358819421051,1.252320768629930,6.669803848660191,-3.413854851365130,-9.813838353752169,-5.656611671994076,-5.115828731033824,2.396292301173780,4.195550651875466,-7.943028686592237,7.980098211896983,-7.960010223533212,3.193910498779999,-8.582006276590166,8.239341567279908,-8.907778894455710,-2.015958345068521,3.170197711319073,-6.162345805559484,7.262017403083917,-4.588751543048010,-6.778743961956120,8.689654295795396,9.411235906159654,9.439240300326851,-1.412444411312840,6.797049569683885,-9.945536589630644,-2.913885242915654,-6.687853946740927,-7.297133652893266,-8.292422811526734,-1.385486076628817,2.461417232802994,9.289571976273326,-7.461339753428784,-4.151507009973905,3.575972887787970,-4.449876609996959,2.193648634643669,-7.132013636773538,1.017765641611735,2.137403197105172,-6.555161366054902,2.323042031290042,8.976886033551835,-3.076877523286925,7.954459118989103,-7.923882377909786,8.664201830109619,-7.877039944979492,9.563220513974223,1.247272039755575,-4.795489084713072,-4.190711705972905,-4.992216359718070,-9.264180251993736,-2.733653316720385,-9.851363271206896,0.991488676825000,1.280608275686699,-0.217950961966551,0.023663852053414,2.136432602544145,5.316257248762318,-6.155636357272076,7.933276211336405,-0.535922604219737,6.689513031458468,-5.588598941043608,4.980388325127500,5.795077995790713,-6.779951684865608,-7.737305069054794,8.872894762067681,-1.168027344013300,-7.920467038100862,6.170149623775490,5.220156258143033,-1.842727504249019,-5.350279079986667,-0.547856903590771,-5.829825774167833,5.591494221319653,5.603440939118604,3.939275470728546,-2.655034722725011,-5.593623624464909,3.354041534721940,-2.678677143294113,-4.509168913609498,-2.329590131017607,9.092499793137559,-8.708778614407899,5.761628142116654,0.055363720912709,-6.485548380090069,6.298153908751623,-6.737048452926675,7.734613696537675,6.062931643015926,7.430139052253143,5.295435945415592
6.634057414110050,-3.130914170735577,9.592215991302208,-6.350688021388602,2.179786109045679,0.432804049971768,8.633484207308069,-3.080181293486087,-0.729253037991038,-1.674716504210700,9.812289257853685,-0.777956856532525,3.929571235775606,-0.141872473075086,1.084470729343989,1.601011608992732,-6.515985177672508,8.426336254385117,7.727658182319725,-9.138200176493619,-8.223652740481862,-6.361366045338547,8.757195179395634,1.886336133320398,-9.590309543813687,4.674116960942360,9.585833609467862,-9.434409258238379,9.208646377561323,3.064007355428267,1.358274367273475,-3.419574170065333,-7.855765392135490,8.818638079002177,-3.851935629081353,-7.359862126262559,-5.271948272022176,-2.404795341724048,-8.338307023751010,-3.776949068080960,-9.439942185809912,-6.560856892585396,-1.520053992091499,1.320810391015499,9.343431942600997,0.169706871378475,-9.614101931390096,-3.006410549581410,-0.621009548268587,1.084043876703486,4.174506255979640,9.534713103095985,1.976026229644336,-6.062309521869976,6.494293603397633,-2.394296166008701,9.131396462913358,-4.215935051867730,8.873693162065198,9.106713288311809,9.039865220642987,1.285683692334684,1.031333645744798,-3.356314720812952,-9.477394069896487,8.515080803162935,3.610975502508122,0.937879380074229,-1.933550822122239,6.213000316667635,-8.760788907816202,-7.030490903424709,-3.245977629152563,8.167241007730347,-7.496244235202363,4.703180768120877,-6.409400449837483,-1.081759021404775,-7.841546565201806,-3.725799310271882,-6.369721133537216,0.967745542962316,-4.955866649816181,-4.480364187240811,8.082452127392731,-0.709301828756551,-8.143656923948049,-6.489958427240852,4.029914211735775,8.992157359486960,-3.085676232492574,-9.731317581696173,5.055712048971285,-8.261686330887589,1.041366932749106,-2.280980864894062,-7.411588079415159,1.618402616997887,9.486129391480837,8.484773948139473,1.671348092377226,9.350930091734334,3.694311099926066,1.011068307187603,-7.698094885353104,-1.904471986033743,-6.617795383250565,-6.411164768281711,4.404131946465842,9.662843722629621,-8.200251148037133,3.678985871654925,-0.407403064611390,-7.269842343939281,4.506949298802416,-9.806903297270432,-1.401439276002662,6.274803709237464,-5.053309483225785,6.281067443737633,8.487318360688960,2.285565824019272,-0.212533514066664,4.887268299892515,7.465448111355826,0.015367533129522,5.260020816319336,-5.554476058698372,4.691510717440842,8.217302697850858,-8.217209627628693,-1.992285193618631,-3.817429731994615,2.001241821267865,9.053939484499850,-1.379784791662605,3.968512213510863,3.463581744552402,8.300221735291224,0.779764489044579,-8.889679114824707,1.891874726665057,9.214342881308454,6.815430613812957,-0.016210090012336,9.504009733112134,7.448161176759736,-0.884671362120500,-5.057342916300456,-8.557593235542546
5.299693938613967,-6.078267092386904,8.052250784450266,3.630209069250597,8.858267816734699,2.701635178761654,0.903837266677330,-8.444430224659474,3.880097150782383,5.447088059657400,-2.220579912437812,-9.447940214418297,-2.664300751814337,7.105897719551159,5.441763821035169,-2.511639391365346,8.583182019839061,6.015559968749059,8.469823405320422,-8.659943806872851,5.131591158041767,3.732838888491594,-0.973421861728959,-7.476105571126266,-3.832841008705852,0.339704137591641,6.871127813110068,-7.519710498414680,0.603034746427650,2.111587560991053,-0.579141821425385,0.123590902657583,-7.550123133480662,-1.790331332408673,-9.187266845514255,-8.512589441540666,1.109533328170979,-7.544662671848561,-4.353184617410477,3.339323857152580,-3.121576549419549,6.133587865390776,-2.566786014241639,9.549823473805098,-6.905361867375839,6.244352294526585,6.644363984528564,-0.819221057863185,-9.475318218555104,-5.118245234898708,9.749073017044154,4.858920181548951,5.534154469752435,0.343641435600620,9.034277098853551,2.242800567247862,2.500497629616522,0.079270194883026,-1.451404025292129,-4.795397399036039,4.953900416052866,-3.227154010317967,-8.985824238684611,9.638708608075792,4.904971167831373,0.727479901478530,5.548148758694207,-4.715036110961424,8.841369019670530,4.511203529919634,-5.100564154181424,-8.749391036104669,-9.008190929564389,1.894263070972123,9.242111262211033,5.973417733931450,5.905190242736399,-8.150070408358602,-9.693067174709327,8.130227522313490,8.299276974394957,-9.244567382622561,0.558328611295394,-2.270442428402102,3.748018362859895,5.518587960109649,-9.046522362523049,8.600105567246537,4.405588888713140,0.189653757199348,1.344414387664346,-9.039395851627994,-9.108049059053901,3.481392449372336,-0.463129386940277,-9.205684337574326,-6.725590043721343,9.947022461906027,-3.750399389076968,-4.824378799572910,1.107384808622980,-4.527406659706958,4.640099950532999,7.599880886478068,3.440098874950001,2.458233159201891,-9.463777360485885,2.702461166717862,-9.770026083052375,1.026830585503507,-7.626855238998848,-6.364802804980954,6.303548152826444,-6.051825573266189,0.980503943459505,-2.720900479888114,8.006475429949393,3.528922023386622,7.615762202043811,-3.667363244390058,7.959697453113940,6.690655551538455,0.952516987430243,0.595016325289350,2.494426752677965,-8.961223764177477,9.719601031255380,6.050855596970798,9.873920585765418,4.709824487025049,1.524305112093762,2.372551722340170,1.173548262023772,-5.407638996039250,-1.658670601992757,-1.359860711199817,-4.937925541446388,4.625347314297063,6.480333007643090,-9.069162124750676,3.541207184887567,-2.297070491507604,-4.311474016679153,-7.965685570482373,1.706012042103499,0.021106141709526,-2.550166370094851,-1.601382306256946,4.224912108183496,6.662714372649909
-4.509953025058071,-1.525778833407568,-4.925066367112789,-4.059317702268721,5.002517397649605,-2.760668998382727,-3.349604503736854,-8.627084700650869,3.169422208179695,-3.459051693693440,-5.032449661482536,4.377487886722252,-7.223750940279881,7.157641357642429,-8.868967348883551,-1.555222382212891,-5.219638539057437,-9.730264937331352,9.745100404149742,-7.633330828763185,9.549667228529014,-9.804837324411903,8.322121163218210,-0.136004172667992,9.089975543813832,4.059331828914626,7.638013717857763,-3.589199631284565,6.335321784583293,-7.145840172933553,-6.926158030113195,8.916114157836081,-7.823352292122976,-2.816427249644347,-3.662469000806901,-2.098871951264347,-4.333748505793400,5.851031053475669,2.230633335402828,6.715638733721573,6.945313319261228,-0.460989782415959,6.619544682619676,-5.209023626554079,-2.388043436651442,7.983893716974578,3.800532960126052,-7.673703927464683,-0.669237794989064,7.103313214822062,2.834908435462820,-8.937887106285078,5.659330273738172,5.820240858632289,-3.424617949833273,-2.752684499615201,-6.456662534528701,-2.132272275759437,8.465686855701669,-6.428396730087615,-7.508428845377153,6.784841832761224,-8.465104224893658,4.797709840650811,-5.126988745552468,7.746135030854468,-6.086139927870635,-1.446482221463048,6.928574603874281,5.487345154115399,-7.616101591719318,-0.723842353143333,2.121671154933175,-3.678209708518767,-0.395553559984030,5.510578214603758,4.229586797145807,-0.296887468339575,-3.034722874939099,-6.047612226148276,-3.334743836635845,-9.047106426947334,-0.583236550298537,6.951197848845158,5.798976743719972,7.069591501640190,9.024039297824743,-8.501792081243817,2.565528704316156,8.315189954274182,4.979777012395258,-6.607722989405902,8.582698710528238,0.345708389092492,-4.696031487512982,1.461137600810670,-8.127108770763734,-1.332388913046165,-9.878456720394945,6.810916733048728,5.282188155105016,-6.585929481699431,3.382982695263708,5.151921007680221,-2.185588848899824,-5.411595602480266,-6.087793787323523,-6.448786790449843,-8.355103735044281,9.388030008301900,-7.735285391119742,-3.994118894370658,-8.746652112868034,5.163148379584218,7.389080435210115,-9.838322925611600,3.014234645898938,4.265608720051477,8.489777186924499,6.645765720416833,-7.128563495217151,0.910104133356203,2.100721558529079,-5.276459053847891,-1.916856776460969,-1.534404613089384,0.004509053129340,-2.178320990771205,9.901308562026617,-4.535774895087337,-4.617065013202910,-4.842687017722323,-0.908513353314399,-8.314756774416001,-6.314042159486677,2.813143454760688,5.923172410775555,-6.605304639100229,4.515540417184074,-6.955962487360338,-1.839318657651589,-9.959986940287898,7.653158139724702,-4.400566294663921,1.007235210928943,-8.467055933568171,-0.957278375948052,-7.001958323791857,-1.143070629694623,-9.428665779087428
5.052678796843688,1.316787555895857,8.120302700724341,-1.989647861609773,5.988062250160366,2.835530014639286,-9.472564289587009,-7.415138598604685,-6.632955059476682,9.849574823124794,5.601574554257049,-5.557557061473528,-3.060326443376084,-4.990062871430306,2.890890563556393,-0.745925772133976,-8.912334628533314,-2.169972578048858,2.916461575169176,-9.254299887071982,-3.734770900152951,1.070966626048744,2.440216865260652,-3.744252077827355,0.457330743616986,-6.952821482311546,-8.214937232512655,9.036821721503724,-6.990165795712282,-7.610364261883715,-2.200054439068899,3.649558574103898,6.849234124599107,-0.154713149612780,8.785977047970711,-2.523461101320894,3.930212325166609,-6.999066886108372,4.291323554275582,9.168793757541316,-4.941516296156305,-7.089259392545393,-6.644426864344835,4.182257829940410,6.600026224429627,-8.019788486577092,5.744749700160206,9.717018509294157,-8.751496315135279,-1.419880351566160,-8.896694869705449,-4.570887955111756,-5.298508740857697,-4.609531111787735,-0.625959935593565,-4.214415118162435,-2.367413298613609,5.468239618201737,-8.150413736299193,9.981876664377005,4.116398761215700,5.653481757020977,-6.425329653091540,7.866847886640322,2.485333914057184,0.798553497416844,-7.641435682818853,5.673834420602596,-4.768754089724263,0.887594485087481,8.135456767626071,4.374677913078886,-0.956727609349372,-5.354685250963255,-0.958384510404214,-6.378295830967335,-1.716983601932240,8.346994790718604,0.358823861125412,-9.013658213947009,6.151617633916906,1.810555923679050,-9.897777806274366,-6.495123368870339,5.284910717110671,4.957121894392660,-3.221992900039529,8.647023450750027,1.270129669915008,-0.275742160864709,0.527380626387270,-8.577130814372978,5.697228550790847,-1.392922519924182,0.021981203187160,-6.885381144912261,-2.674811642163204,8.099237179801882,4.415146061309144,1.378065065150793,6.238334943733669,7.305162767332455,-7.794752076667224,2.531842205351083,-4.294309078315546,5.816080157497922,-9.703200765800217,7.040352460670110,-5.304227861475361,5.663614879849984,-8.702434647921693,2.529119940137006,3.937898155731945,6.662848225501325,-4.779870972576557,-8.995675660617433,7.926610403938902,9.369097303948010,-0.021002201475930,-5.935827689953383,-0.362631903191641,7.760806864972281,7.054674307983667,5.118732573515935,4.690553591026339,0.107826584900701,9.069559109060769,-3.522386197369398,3.472133850184523,-8.407218891845821,8.020653509525207,7.771804088260893,-3.565781985157985,0.449560667830875,-4.379048996331132,-9.916687395611511,-2.158507850955445,6.448940009952842,4.804723919304454,2.198005992224788,7.609190537132541,-2.251314236782022,1.174332707136507,5.106696153274301,0.883685890441257,3.237813453652144,8.932016668864694,7.724428456403739,1.192391981148337,-3.010305022760122
